seed,policy,frame,psnr,psnr_pre,ssim,depth_l1,opt_time_ms,frame_time_ms,n_gaussians,n_optimized,fraction_optimized,budget_violation,budget_utilization
42,full,1,12.112462520599365,12.107350826263428,0.7917699813842773,1.1868295669555664,551.4986515045166,7489.64786529541,4066,4066,1.0,False,36.76657676696777
42,full,2,10.658643245697021,10.64906120300293,0.7093163728713989,1.198093056678772,445.70064544677734,7642.715215682983,4141,4141,1.0,False,29.71337636311849
42,full,3,9.989362359046936,9.976996183395386,0.6607359647750854,1.2117592096328735,459.1090679168701,7125.560522079468,4212,4212,1.0,False,30.607271194458008
42,full,4,9.608182311058044,9.604709148406982,0.6321272850036621,1.2267011404037476,514.4708156585693,7286.1809730529785,4283,4283,1.0,False,34.29805437723795
42,full,5,9.380324482917786,9.377349615097046,0.6136177778244019,1.2441041469573975,462.09239959716797,7040.980339050293,4360,4360,1.0,False,30.80615997314453
42,full,6,9.068586230278015,9.062060713768005,0.581985354423523,1.2664825916290283,470.700740814209,7426.5923500061035,4430,4430,1.0,False,31.380049387613933
42,full,7,8.488911986351013,8.479880690574646,0.5182230472564697,1.2927361726760864,480.1816940307617,7504.274606704712,4505,4505,1.0,False,32.01211293538412
42,full,8,7.993259429931641,7.984710335731506,0.4602493941783905,1.3173243999481201,486.4048957824707,7701.795339584351,4582,4582,1.0,False,32.42699305216471
42,full,9,7.6443928480148315,7.639079689979553,0.4135299623012543,1.3413559198379517,528.7055969238281,7558.627367019653,4652,4652,1.0,False,35.247039794921875
42,full,10,7.317711710929871,7.316763997077942,0.36701974272727966,1.364081859588623,464.7972583770752,7341.991662979126,4728,4728,1.0,False,30.986483891805012
42,full,11,7.088719606399536,7.086220383644104,0.333136647939682,1.383009910583496,479.27284240722656,7491.255044937134,4803,4803,1.0,False,31.951522827148438
42,full,12,6.880291700363159,6.879158020019531,0.30013495683670044,1.401408314704895,474.69592094421387,7554.648876190186,4878,4878,1.0,False,31.646394729614258
42,full,13,6.681200265884399,6.678690314292908,0.2662617564201355,1.423335075378418,481.7218780517578,7367.12908744812,4950,4950,1.0,False,32.11479187011719
42,full,14,6.452661752700806,6.4443886280059814,0.2274419069290161,1.4390535354614258,479.5801639556885,7806.803941726685,5022,5022,1.0,False,31.97201093037923
42,full,15,6.364929676055908,6.350070238113403,0.20908352732658386,1.445443034172058,556.4641952514648,7933.690547943115,5094,5094,1.0,False,37.09761301676432
42,full,16,6.32600724697113,6.319683194160461,0.19839179515838623,1.448603630065918,487.1487617492676,8056.908845901489,5156,5156,1.0,False,32.476584116617836
42,full,17,6.230735182762146,6.199857592582703,0.17987076938152313,1.446230411529541,471.28915786743164,7646.319627761841,5228,5228,1.0,False,31.41927719116211
42,full,18,6.209954023361206,6.177660226821899,0.17530211806297302,1.4437779188156128,524.6069431304932,8594.520092010498,5298,5298,1.0,False,34.97379620869955
42,full,19,6.248230338096619,6.20000958442688,0.1773519515991211,1.4304105043411255,503.28826904296875,8088.733673095703,5372,5372,1.0,False,33.55255126953125
42,full,20,6.242809891700745,6.200054883956909,0.17006978392601013,1.422119140625,500.5669593811035,7556.845426559448,5446,5446,1.0,False,33.3711306254069
42,full,21,6.207588315010071,6.152104139328003,0.15580862760543823,1.4127949476242065,500.55503845214844,8324.784278869629,5516,5516,1.0,False,33.3703358968099
42,full,22,6.255928874015808,6.188099980354309,0.15494859218597412,1.393338680267334,500.7929801940918,8305.289030075073,5589,5589,1.0,False,33.38619867960612
42,full,23,6.348746418952942,6.297587156295776,0.16448524594306946,1.3829702138900757,478.330135345459,7696.093797683716,5661,5661,1.0,False,31.888675689697266
42,full,24,6.494552493095398,6.4210450649261475,0.18037907779216766,1.3705261945724487,477.4477481842041,7546.159505844116,5736,5736,1.0,False,31.82984987894694
42,full,25,6.616294980049133,6.557865142822266,0.194586381316185,1.354244589805603,519.4995403289795,8419.091701507568,5804,5804,1.0,False,34.63330268859863
42,full,26,6.775503754615784,6.7152029275894165,0.21807071566581726,1.3435733318328857,529.4873714447021,8231.892824172974,5871,5871,1.0,False,35.29915809631348
42,full,27,6.998081803321838,6.932179927825928,0.24340319633483887,1.3610678911209106,540.9526824951172,8058.206796646118,5943,5943,1.0,False,36.06351216634115
42,full,28,7.173757553100586,7.112872004508972,0.26409250497817993,1.358824610710144,459.3677520751953,7848.830938339233,6015,6015,1.0,False,30.62451680501302
42,full,29,7.358805537223816,7.262799143791199,0.29287394881248474,1.3535387516021729,488.7731075286865,8166.114091873169,6088,6088,1.0,False,32.584873835245766
42,full,30,7.473347187042236,7.443822622299194,0.29823386669158936,1.3883167505264282,486.0250949859619,8223.61445426941,6158,6158,1.0,False,32.401672999064125
42,full,31,7.49641478061676,7.438411116600037,0.2988211512565613,1.4075913429260254,497.46179580688477,8171.8621253967285,6231,6231,1.0,False,33.164119720458984
42,full,32,7.495962381362915,7.45400607585907,0.2957470715045929,1.4270647764205933,487.38956451416016,8277.97269821167,6304,6304,1.0,False,32.492637634277344
42,full,33,7.475927472114563,7.399693727493286,0.3004142940044403,1.4421101808547974,490.00096321105957,8438.813209533691,6379,6379,1.0,False,32.666730880737305
42,full,34,7.409907579421997,7.349073886871338,0.2864988148212433,1.4384809732437134,477.8733253479004,8351.624965667725,6453,6453,1.0,False,31.858221689860027
42,full,35,7.315244078636169,7.27592408657074,0.27348679304122925,1.4277493953704834,479.42519187927246,7831.361770629883,6528,6528,1.0,False,31.961679458618164
42,full,36,7.271808981895447,7.225222587585449,0.2666262090206146,1.398898959159851,484.6351146697998,8008.529424667358,6602,6602,1.0,False,32.30900764465332
42,full,37,7.115883827209473,7.086923122406006,0.23524034023284912,1.3787245750427246,490.77773094177246,7951.002597808838,6674,6674,1.0,False,32.718515396118164
42,full,38,6.990389823913574,6.950989365577698,0.21010152995586395,1.366254448890686,503.0481815338135,8305.541038513184,6745,6745,1.0,False,33.53654543558756
42,full,39,6.876306533813477,6.818079948425293,0.18066415190696716,1.3438533544540405,501.6801357269287,8422.738790512085,6817,6817,1.0,False,33.44534238179525
42,full,40,6.7302387952804565,6.642813086509705,0.1378788948059082,1.3178935050964355,530.8971405029297,8545.53484916687,6891,6891,1.0,False,35.39314270019531
42,full,41,6.2956303358078,6.1387646198272705,0.10003319382667542,1.3080415725708008,505.1095485687256,9005.292177200317,6971,6971,1.0,False,33.6739699045817
42,full,42,6.232537031173706,6.118601560592651,0.048617444932460785,1.2925934791564941,483.5939407348633,8473.426103591919,7045,7045,1.0,False,32.23959604899088
42,full,43,5.868330001831055,5.716535449028015,-0.04750745743513107,1.2881077527999878,488.50274085998535,8221.498489379883,7117,7117,1.0,False,32.56684939066569
42,full,44,5.56143045425415,5.438637137413025,-0.12239775061607361,1.2799770832061768,472.6600646972656,8121.041297912598,7191,7191,1.0,False,31.510670979817707
42,full,45,5.4940420389175415,5.33487856388092,-0.1437719315290451,1.2608108520507812,480.9308052062988,8055.390357971191,7264,7264,1.0,False,32.06205368041992
42,full,46,5.400274991989136,5.242253541946411,-0.18989643454551697,1.2338887453079224,477.9031276702881,8394.293069839478,7334,7334,1.0,False,31.86020851135254
42,full,47,5.353609919548035,5.253086686134338,-0.20510518550872803,1.213391900062561,512.4337673187256,8511.456966400146,7411,7411,1.0,False,34.1622511545817
42,full,48,5.46756386756897,5.35365104675293,-0.17905396223068237,1.1922110319137573,506.50858879089355,7806.695938110352,7487,7487,1.0,False,33.767239252726235
42,full,49,5.73089599609375,5.5566442012786865,-0.13461889326572418,1.1779792308807373,511.0206604003906,8363.717317581177,7556,7556,1.0,False,34.06804402669271
42,random,1,12.114864587783813,12.107350826263428,0.7919105291366577,1.1868295669555664,84.92422103881836,6256.66880607605,4067,9,0.0022129333661175315,True,5.661614735921224
42,random,2,10.653947591781616,10.649806261062622,0.7090293765068054,1.198093056678772,71.77853584289551,6637.950897216797,4141,9,0.0021733880705143687,True,4.7852357228597
42,random,3,9.981051087379456,9.975354075431824,0.6602017283439636,1.2117592096328735,77.11338996887207,6192.264080047607,4214,9,0.0021357380161366873,True,5.140892664591472
42,random,4,9.60808277130127,9.600803256034851,0.632078230381012,1.2267011404037476,60.823678970336914,6700.46067237854,4286,9,0.002099860009332711,True,4.054911931355794
42,random,5,9.381524324417114,9.37664270401001,0.6136507987976074,1.2441041469573975,63.82441520690918,6665.505886077881,4359,9,0.0020646937370956643,True,4.254961013793945
42,random,6,9.06541109085083,9.060556888580322,0.5815880298614502,1.2664825916290283,60.555458068847656,6597.573757171631,4432,8,0.0018050541516245488,True,4.037030537923177
42,random,7,8.484949469566345,8.479466438293457,0.5177031755447388,1.2927361726760864,80.43599128723145,6652.642726898193,4507,9,0.0019968937208786333,True,5.362399419148763
42,random,8,7.986056208610535,7.981157302856445,0.4592907130718231,1.3173243999481201,58.29811096191406,6562.044858932495,4579,7,0.0015287180607119458,True,3.886540730794271
42,random,9,7.638835310935974,7.635470628738403,0.41281068325042725,1.3413559198379517,66.85590744018555,6847.83673286438,4652,9,0.001934651762682717,True,4.45706049601237
42,random,10,7.316344976425171,7.314958572387695,0.3668203055858612,1.364081859588623,74.29862022399902,6895.634651184082,4729,9,0.0019031507718333686,True,4.953241348266602
42,random,11,7.094321250915527,7.089713215827942,0.3338904082775116,1.383009910583496,54.91471290588379,7023.714780807495,4799,8,0.0016670139612419254,True,3.6609808603922525
42,random,12,6.88307523727417,6.8825119733810425,0.30050140619277954,1.401408314704895,64.26334381103516,6952.52251625061,4873,8,0.0016416991586291811,True,4.284222920735677
42,random,13,6.681329011917114,6.6797274351119995,0.26620811223983765,1.423335075378418,57.315826416015625,6729.633092880249,4945,8,0.0016177957532861476,True,3.8210550944010415
42,random,14,6.45863950252533,6.448931694030762,0.22833608090877533,1.4390535354614258,56.838035583496094,7105.4723262786865,5017,8,0.0015945784333266893,True,3.7892023722330728
42,random,15,6.37246310710907,6.357058882713318,0.21043357253074646,1.445443034172058,48.22230339050293,7321.4733600616455,5092,8,0.0015710919088766694,True,3.214820226033529
42,random,16,6.352279186248779,6.328266859054565,0.20197883248329163,1.448603630065918,61.89417839050293,7170.8667278289795,5165,9,0.0017424975798644724,True,4.126278559366862
42,random,17,6.244999170303345,6.224343180656433,0.1823529601097107,1.446230411529541,64.21422958374023,7337.374210357666,5233,8,0.0015287597936174278,True,4.280948638916016
42,random,18,6.239573955535889,6.190736889839172,0.180581733584404,1.4437779188156128,58.38179588317871,7378.90362739563,5303,8,0.0015085800490288515,True,3.8921197255452475
42,random,19,6.253687739372253,6.227285265922546,0.17889170348644257,1.4304105043411255,47.97005653381348,7317.72518157959,5371,8,0.0014894805436603984,True,3.1980037689208984
42,random,20,6.226024627685547,6.201582551002502,0.16880755126476288,1.422119140625,48.56228828430176,7404.543399810791,5444,8,0.0014695077149155032,True,3.237485885620117
42,random,21,6.210242509841919,6.139021515846252,0.15681114792823792,1.4127949476242065,57.66463279724121,7370.7990646362305,5514,7,0.0012694958287994198,True,3.844308853149414
42,random,22,6.2741148471832275,6.196322441101074,0.15966418385505676,1.393338680267334,55.695295333862305,7522.529125213623,5582,8,0.0014331780723754925,True,3.713019688924154
42,random,23,6.4083510637283325,6.327773332595825,0.1762685477733612,1.3829702138900757,39.45469856262207,7130.220413208008,5649,6,0.0010621348911311736,True,2.630313237508138
42,random,24,6.557664275169373,6.4928483963012695,0.19239185750484467,1.3705261945724487,41.15414619445801,7606.921911239624,5725,7,0.001222707423580786,True,2.7436097462972007
42,random,25,6.699633002281189,6.6325074434280396,0.2107180655002594,1.354244589805603,59.04221534729004,7555.33504486084,5798,7,0.0012073128665056915,True,3.936147689819336
42,random,26,6.875314116477966,6.801040768623352,0.23864832520484924,1.3435733318328857,56.5800666809082,7342.407941818237,5875,8,0.0013617021276595745,True,3.7720044453938804
42,random,27,7.081922292709351,7.043972015380859,0.2609136700630188,1.3610678911209106,35.45808792114258,7586.436033248901,5942,7,0.0011780545270952542,True,2.363872528076172
42,random,28,7.273170351982117,7.2264015674591064,0.2847219705581665,1.358824610710144,48.71249198913574,7923.382043838501,6012,6,0.000998003992015968,True,3.247499465942383
42,random,29,7.381972074508667,7.332127690315247,0.3005444407463074,1.3535387516021729,43.61748695373535,7998.560190200806,6082,7,0.0011509371917132521,True,2.907832463582357
42,random,30,7.47296929359436,7.436547875404358,0.30121755599975586,1.3883167505264282,49.91269111633301,7954.34832572937,6151,7,0.0011380263371809462,True,3.327512741088867
42,random,31,7.520698308944702,7.479467988014221,0.3064139485359192,1.4075913429260254,45.18246650695801,7940.568923950195,6219,7,0.0011255828911400547,True,3.0121644337972007
42,random,32,7.538014054298401,7.487965226173401,0.3051586151123047,1.4270647764205933,29.945850372314453,7672.755241394043,6291,6,0.0009537434430138292,True,1.9963900248209636
42,random,33,7.448787093162537,7.38889217376709,0.2974965274333954,1.4421101808547974,58.04181098937988,8010.584831237793,6361,7,0.0011004559031598806,True,3.8694540659586587
42,random,34,7.371202111244202,7.302073836326599,0.2802250385284424,1.4384809732437134,61.704397201538086,8058.253288269043,6431,7,0.0010884776862074327,True,4.113626480102539
42,random,35,7.304840087890625,7.256460189819336,0.27060744166374207,1.4277493953704834,64.85295295715332,8177.493572235107,6509,7,0.0010754340144415425,True,4.323530197143555
42,random,36,7.28304386138916,7.24048376083374,0.26771309971809387,1.398898959159851,50.810813903808594,7866.784572601318,6578,8,0.0012161751292186075,True,3.3873875935872397
42,random,37,7.26207971572876,7.170653939247131,0.2579607367515564,1.3787245750427246,24.501562118530273,8165.4393672943115,6656,6,0.0009014423076923077,True,1.6334374745686848
42,random,38,7.199200391769409,7.104460000991821,0.2418476790189743,1.366254448890686,63.735008239746094,7946.444749832153,6730,8,0.001188707280832095,True,4.249000549316406
42,random,39,7.130135893821716,7.0837461948394775,0.22266297042369843,1.3438533544540405,32.28569030761719,7981.659412384033,6805,6,0.000881704628949302,True,2.152379353841146
42,random,40,6.962507367134094,6.85172975063324,0.17786583304405212,1.3178935050964355,47.31249809265137,7784.812211990356,6880,6,0.0008720930232558139,True,3.1541665395100913
42,random,41,6.377045512199402,6.321172714233398,0.12092270702123642,1.3080415725708008,35.52579879760742,8312.279224395752,6952,7,0.0010069044879171462,True,2.3683865865071616
42,random,42,6.28404438495636,6.1649489402771,0.06561790406703949,1.2925934791564941,39.7491455078125,8389.264822006226,7022,7,0.0009968669894616917,True,2.6499430338541665
42,random,43,5.90526282787323,5.755176544189453,-0.03206278756260872,1.2881077527999878,52.38604545593262,8203.10378074646,7097,7,0.0009863322530646753,True,3.492403030395508
42,random,44,5.554097294807434,5.463292598724365,-0.11369412392377853,1.2799770832061768,28.35702896118164,8505.402326583862,7172,7,0.0009760178471834914,True,1.8904685974121094
42,random,45,5.480527877807617,5.349529385566711,-0.13356181979179382,1.2608108520507812,43.48182678222656,8190.5882358551025,7241,7,0.0009667173042397459,True,2.8987884521484375
42,random,46,5.338734984397888,5.261322855949402,-0.18359339237213135,1.2338887453079224,49.96037483215332,8129.626035690308,7308,8,0.0010946907498631637,True,3.330691655476888
42,random,47,5.348115563392639,5.2149927616119385,-0.18975131213665009,1.213391900062561,28.760671615600586,8309.953689575195,7380,7,0.000948509485094851,True,1.9173781077067058
42,random,48,5.423304438591003,5.347038507461548,-0.17119213938713074,1.1922110319137573,57.975053787231445,8487.402200698853,7451,7,0.0009394712119178633,True,3.8650035858154297
42,random,49,5.659365653991699,5.47512948513031,-0.13877102732658386,1.1779792308807373,34.09910202026367,8629.766702651978,7522,7,0.0009306035628822122,True,2.273273468017578
42,error_only,1,12.110986709594727,12.107350826263428,0.7917383909225464,1.1868295669555664,25.65789222717285,6343.899726867676,4062,9,0.0022156573116691287,True,1.7105261484781902
42,error_only,2,10.652350187301636,10.646579265594482,0.7090121507644653,1.198093056678772,18.384456634521484,6233.2305908203125,4135,9,0.002176541717049577,True,1.2256304423014324
42,error_only,3,9.978452920913696,9.972337484359741,0.6601514220237732,1.2117592096328735,20.00117301940918,6091.252326965332,4211,10,0.0023747328425552127,True,1.3334115346272786
42,error_only,4,9.602852463722229,9.598894119262695,0.6318759918212891,1.2267011404037476,19.391775131225586,6134.6142292022705,4284,10,0.002334267040149393,True,1.2927850087483723
42,error_only,5,9.38098430633545,9.371944665908813,0.6136824488639832,1.2441041469573975,20.802021026611328,6437.854528427124,4359,10,0.0022941041523285156,True,1.3868014017740886
42,error_only,6,9.068780541419983,9.064806699752808,0.5820094347000122,1.2664825916290283,21.92974090576172,6783.006906509399,4432,10,0.002256317689530686,True,1.4619827270507812
42,error_only,7,8.489989638328552,8.484048843383789,0.5184868574142456,1.2927361726760864,28.136014938354492,6705.629110336304,4504,9,0.0019982238010657193,True,1.8757343292236328
42,error_only,8,7.995476126670837,7.987666726112366,0.4607575833797455,1.3173243999481201,19.987821578979492,6671.890020370483,4572,9,0.001968503937007874,True,1.3325214385986328
42,error_only,9,7.64668881893158,7.6377272605896,0.41410574316978455,1.3413559198379517,15.07115364074707,6484.24220085144,4644,9,0.001937984496124031,True,1.0047435760498047
42,error_only,10,7.315594553947449,7.313274145126343,0.36693328619003296,1.364081859588623,11.097192764282227,6586.22407913208,4717,8,0.0016959932160271359,False,0.7398128509521484
42,error_only,11,7.082781195640564,7.082045674324036,0.3324863910675049,1.383009910583496,13.520002365112305,6860.9254360198975,4792,8,0.001669449081803005,False,0.9013334910074869
42,error_only,12,6.872053742408752,6.870049238204956,0.299016535282135,1.401408314704895,18.682003021240234,7060.366630554199,4865,8,0.001644398766700925,True,1.2454668680826824
42,error_only,13,6.674691438674927,6.671608090400696,0.26540982723236084,1.423335075378418,15.153646469116211,7134.383678436279,4938,7,0.0014175779667881733,True,1.0102430979410808
42,error_only,14,6.446604132652283,6.44341766834259,0.22679749131202698,1.4390535354614258,12.534141540527344,7008.321285247803,5009,7,0.0013974845278498702,False,0.8356094360351562
42,error_only,15,6.357174515724182,6.345720887184143,0.20900003612041473,1.445443034172058,20.66779136657715,6876.9378662109375,5080,7,0.0013779527559055118,True,1.3778527577718098
42,error_only,16,6.323317289352417,6.306056976318359,0.1985800862312317,1.448603630065918,26.90744400024414,7171.231985092163,5151,7,0.0013589594253543,True,1.7938296000162761
42,error_only,17,6.22896671295166,6.192467212677002,0.18068371713161469,1.446230411529541,21.097421646118164,7301.135778427124,5223,6,0.0011487650775416428,True,1.4064947764078777
42,error_only,18,6.201575398445129,6.176444888114929,0.17597155272960663,1.4437779188156128,21.0421085357666,8114.630222320557,5296,6,0.0011329305135951663,True,1.4028072357177734
42,error_only,19,6.243679523468018,6.193139553070068,0.17816123366355896,1.4304105043411255,25.012731552124023,6892.178773880005,5374,6,0.0011164867882396724,True,1.6675154368082683
42,error_only,20,6.233091950416565,6.195138096809387,0.17065177857875824,1.422119140625,31.862974166870117,7110.774993896484,5446,6,0.0011017260374586854,True,2.1241982777913413
42,error_only,21,6.206845641136169,6.150043606758118,0.1589684933423996,1.4127949476242065,25.704145431518555,7505.561113357544,5519,6,0.0010871534698314912,True,1.7136096954345703
42,error_only,22,6.236667037010193,6.196745038032532,0.1567225307226181,1.393338680267334,17.23194122314453,7328.904151916504,5588,6,0.0010737294201861132,True,1.1487960815429688
42,error_only,23,6.38112485408783,6.288516521453857,0.17189918458461761,1.3829702138900757,31.81147575378418,7327.817440032959,5664,6,0.001059322033898305,True,2.120765050252279
42,error_only,24,6.516966223716736,6.459880471229553,0.1855965256690979,1.3705261945724487,31.3413143157959,7581.7272663116455,5735,6,0.001046207497820401,True,2.089420954386393
42,error_only,25,6.640702486038208,6.590249538421631,0.20009416341781616,1.354244589805603,31.998634338378906,7229.219436645508,5808,6,0.0010330578512396695,True,2.1332422892252603
42,error_only,26,6.774525046348572,6.73534095287323,0.22124521434307098,1.3435733318328857,34.20448303222656,7997.220277786255,5878,6,0.0010207553589656345,True,2.280298868815104
42,error_only,27,6.977100372314453,6.931494474411011,0.24317805469036102,1.3610678911209106,18.832683563232422,7436.007261276245,5949,5,0.0008404773911581779,True,1.2555122375488281
42,error_only,28,7.164391875267029,7.120271921157837,0.2652837932109833,1.358824610710144,18.602371215820312,7744.700908660889,6023,5,0.0008301510874979246,True,1.2401580810546875
42,error_only,29,7.31550395488739,7.247405052185059,0.28768467903137207,1.3535387516021729,31.278610229492188,7699.848413467407,6094,5,0.0008204791598293403,True,2.085240681966146
42,error_only,30,7.457406520843506,7.3996275663375854,0.29690223932266235,1.3883167505264282,26.163578033447266,7750.54669380188,6165,5,0.0008110300081103001,True,1.7442385355631511
42,error_only,31,7.51306414604187,7.457134127616882,0.3035529851913452,1.4075913429260254,25.450468063354492,7821.835994720459,6241,5,0.000801153661272232,True,1.6966978708902996
42,error_only,32,7.532942891120911,7.460114359855652,0.3028160333633423,1.4270647764205933,31.416654586791992,7685.870170593262,6313,5,0.000792016473942658,True,2.0944436391194663
42,error_only,33,7.426369786262512,7.3616790771484375,0.2926734685897827,1.4421101808547974,36.05389595031738,7725.051164627075,6383,5,0.0007833307222309259,True,2.403593063354492
42,error_only,34,7.388286590576172,7.343398928642273,0.283835768699646,1.4384809732437134,15.21921157836914,7575.195550918579,6453,4,0.0006198667286533395,True,1.0146141052246094
42,error_only,35,7.353010177612305,7.318466305732727,0.28158292174339294,1.4277493953704834,14.098405838012695,7977.928638458252,6525,4,0.0006130268199233716,False,0.9398937225341797
42,error_only,36,7.349209189414978,7.276536822319031,0.2809138298034668,1.398898959159851,20.98560333251953,7973.315000534058,6602,4,0.0006058770069675856,True,1.3990402221679688
42,error_only,37,7.250275015830994,7.2050052881240845,0.25917571783065796,1.3787245750427246,15.235185623168945,7985.40735244751,6677,4,0.0005990714392691329,True,1.0156790415445964
42,error_only,38,7.186206579208374,7.107086181640625,0.24473834037780762,1.366254448890686,13.202190399169922,8036.863327026367,6751,4,0.0005925048141016146,False,0.8801460266113281
42,error_only,39,7.161762118339539,7.018702030181885,0.22656714916229248,1.3438533544540405,25.599956512451172,7949.370622634888,6822,4,0.0005863383172090296,True,1.7066637674967449
42,error_only,40,6.955755949020386,6.898729205131531,0.17760780453681946,1.3178935050964355,16.892194747924805,8092.3662185668945,6898,4,0.0005798782255726297,True,1.1261463165283203
42,error_only,41,6.3719481229782104,6.302390694618225,0.11899131536483765,1.3080415725708008,21.96788787841797,8121.240854263306,6968,4,0.000574052812858783,True,1.464525858561198
42,error_only,42,6.259217858314514,6.151091456413269,0.058725327253341675,1.2925934791564941,19.82903480529785,8401.169538497925,7040,4,0.0005681818181818182,True,1.3219356536865234
42,error_only,43,5.871370434761047,5.741659998893738,-0.038809265941381454,1.2881077527999878,14.51253890991211,8442.674398422241,7113,4,0.000562350625615071,False,0.9675025939941406
42,error_only,44,5.60136616230011,5.453014969825745,-0.10583680868148804,1.2799770832061768,16.55292510986328,8004.410743713379,7188,4,0.0005564830272676684,True,1.103528340657552
42,error_only,45,5.510796904563904,5.377086400985718,-0.12861217558383942,1.2608108520507812,15.795707702636719,8011.936902999878,7263,4,0.0005507366102161641,True,1.0530471801757812
42,error_only,46,5.3752464056015015,5.267209410667419,-0.18027232587337494,1.2338887453079224,23.630380630493164,8026.03554725647,7335,5,0.0006816632583503749,True,1.5753587086995442
42,error_only,47,5.419003367424011,5.258001685142517,-0.18112485110759735,1.213391900062561,18.422842025756836,7885.200500488281,7408,5,0.0006749460043196544,True,1.228189468383789
42,error_only,48,5.533539056777954,5.397700071334839,-0.1613263487815857,1.1922110319137573,29.659748077392578,7982.848644256592,7483,5,0.0006681812107443538,True,1.9773165384928386
42,error_only,49,5.699129700660706,5.570114850997925,-0.14093740284442902,1.1779792308807373,17.342090606689453,8196.104526519775,7553,4,0.0005295908910366742,True,1.1561393737792969
42,ours,1,12.112761735916138,12.107350826263428,0.7917746305465698,1.1868295669555664,38.51962089538574,6142.883539199829,4065,8,0.0019680196801968018,True,2.5679747263590493
42,ours,2,10.65386176109314,10.64691424369812,0.7090134620666504,1.198093056678772,43.86329650878906,6503.274440765381,4139,7,0.0016912297656438754,True,2.924219767252604
42,ours,3,9.98290240764618,9.973422884941101,0.6602892279624939,1.2117592096328735,38.68532180786133,6346.928119659424,4213,7,0.001661523854735343,True,2.579021453857422
42,ours,4,9.612725377082825,9.60243046283722,0.6324791312217712,1.2267011404037476,33.12110900878906,6485.897064208984,4287,5,0.001166316771635176,True,2.208073933919271
42,ours,5,9.393200874328613,9.382467865943909,0.6144818067550659,1.2441041469573975,31.402111053466797,6655.669927597046,4358,4,0.0009178522257916476,True,2.0934740702311196
42,ours,6,9.083513617515564,9.074567556381226,0.5829748511314392,1.2664825916290283,35.659074783325195,6668.966054916382,4426,4,0.0009037505648441031,True,2.3772716522216797
42,ours,7,8.49432110786438,8.49203109741211,0.5185340642929077,1.2927361726760864,35.70246696472168,6609.794616699219,4498,5,0.0011116051578479323,True,2.380164464314779
42,ours,8,7.99648642539978,7.992869019508362,0.4604148268699646,1.3173243999481201,40.091753005981445,6869.874000549316,4574,6,0.0013117621337997377,True,2.672783533732096
42,ours,9,7.648791670799255,7.645840048789978,0.4139883518218994,1.3413559198379517,48.162221908569336,6851.521015167236,4649,7,0.001505700150570015,True,3.2108147939046225
42,ours,10,7.321501970291138,7.320144176483154,0.36739397048950195,1.364081859588623,41.16249084472656,6801.590204238892,4722,7,0.0014824227022448115,True,2.744166056315104
42,ours,11,7.089661359786987,7.087178826332092,0.3330439329147339,1.383009910583496,45.60279846191406,6836.22145652771,4796,8,0.0016680567139282735,True,3.040186564127604
42,ours,12,6.8782103061676025,6.877543926239014,0.29956528544425964,1.401408314704895,31.939983367919922,6707.783222198486,4873,7,0.0014364867638005335,True,2.1293322245279946
42,ours,13,6.682954430580139,6.6791605949401855,0.26635438203811646,1.423335075378418,42.26398468017578,6582.275152206421,4948,7,0.0014147130153597412,True,2.8175989786783853
42,ours,14,6.454160213470459,6.452023983001709,0.22771738469600677,1.4390535354614258,46.5395450592041,6727.627277374268,5018,8,0.0015942606616181746,True,3.1026363372802734
42,ours,15,6.373664736747742,6.347091794013977,0.21065042912960052,1.445443034172058,42.86909103393555,6982.704401016235,5087,9,0.0017692156477295065,True,2.8579394022623696
42,ours,16,6.36042594909668,6.324155926704407,0.20285950601100922,1.448603630065918,36.3006591796875,7226.0582447052,5159,9,0.001744524132583834,True,2.4200439453125
42,ours,17,6.251732110977173,6.231666803359985,0.1834275722503662,1.446230411529541,35.889387130737305,7253.614664077759,5229,9,0.0017211703958691911,True,2.3926258087158203
42,ours,18,6.214602589607239,6.199784874916077,0.1776108592748642,1.4437779188156128,31.7533016204834,6963.075876235962,5300,9,0.0016981132075471698,True,2.116886774698893
42,ours,19,6.240681409835815,6.2040650844573975,0.17751801013946533,1.4304105043411255,35.34102439880371,7353.062391281128,5368,8,0.0014903129657228018,True,2.3560682932535806
42,ours,20,6.234068274497986,6.19301438331604,0.17150932550430298,1.422119140625,33.83374214172363,7752.507925033569,5441,9,0.001654107700790296,True,2.255582809448242
42,ours,21,6.177605390548706,6.152577996253967,0.15532247722148895,1.4127949476242065,23.900508880615234,7209.390163421631,5512,10,0.00181422351233672,True,1.5933672587076824
42,ours,22,6.238093972206116,6.168738603591919,0.15745607018470764,1.393338680267334,22.91083335876465,7290.801763534546,5578,10,0.0017927572606669057,True,1.5273888905843098
42,ours,23,6.348437666893005,6.292994022369385,0.16998408734798431,1.3829702138900757,24.125337600708008,7366.902828216553,5648,10,0.0017705382436260624,True,1.6083558400472004
42,ours,24,6.490007042884827,6.4280277490615845,0.18586507439613342,1.3705261945724487,20.773887634277344,7556.087255477905,5719,10,0.0017485574401119076,True,1.3849258422851562
42,ours,25,6.626457571983337,6.5640789270401,0.2044367492198944,1.354244589805603,20.413875579833984,7185.312032699585,5786,9,0.0015554787417905289,True,1.3609250386555989
42,ours,26,6.779913306236267,6.73249363899231,0.22911593317985535,1.3435733318328857,24.687528610229492,7906.9483280181885,5857,9,0.001536622844459621,True,1.645835240681966
42,ours,27,6.98659360408783,6.952912211418152,0.25154560804367065,1.3610678911209106,25.677204132080078,7428.494215011597,5928,10,0.0016869095816464238,True,1.7118136088053386
42,ours,28,7.182338833808899,7.123661041259766,0.2756902873516083,1.358824610710144,25.539636611938477,7337.014675140381,5999,9,0.0015002500416736123,True,1.7026424407958984
42,ours,29,7.314314246177673,7.268483638763428,0.2958207130432129,1.3535387516021729,39.22128677368164,7621.567249298096,6071,10,0.001647175094712568,True,2.614752451578776
42,ours,30,7.445605397224426,7.392284870147705,0.3030519485473633,1.3883167505264282,38.700103759765625,7310.6184005737305,6143,9,0.001465082207390526,True,2.5800069173177085
42,ours,31,7.442002892494202,7.40747332572937,0.30034327507019043,1.4075913429260254,35.22133827209473,7976.798057556152,6208,9,0.0014497422680412372,True,2.3480892181396484
42,ours,32,7.455547451972961,7.4010491371154785,0.29898709058761597,1.4270647764205933,40.872812271118164,7892.170667648315,6272,9,0.0014349489795918368,True,2.7248541514078775
42,ours,33,7.429160475730896,7.353852987289429,0.3004465699195862,1.4421101808547974,34.26361083984375,8065.50145149231,6345,9,0.0014184397163120568,True,2.28424072265625
42,ours,34,7.379834055900574,7.3232340812683105,0.2883799076080322,1.4384809732437134,42.337894439697266,7677.848100662231,6418,9,0.0014023060143346837,True,2.822526295979818
42,ours,35,7.313351631164551,7.26859450340271,0.278677761554718,1.4277493953704834,39.647579193115234,7790.190696716309,6485,9,0.0013878180416345412,True,2.643171946207682
42,ours,36,7.28676438331604,7.237328886985779,0.274516224861145,1.398898959159851,36.508798599243164,8070.045948028564,6560,9,0.001371951219512195,True,2.433919906616211
42,ours,37,7.167405486106873,7.108963131904602,0.24796032905578613,1.3787245750427246,34.517765045166016,8181.70428276062,6637,9,0.0013560343528702728,True,2.301184336344401
42,ours,38,7.083648443222046,7.015535831451416,0.22997447848320007,1.366254448890686,34.74712371826172,8186.452627182007,6711,9,0.0013410818059901655,True,2.3164749145507812
42,ours,39,7.0099276304244995,6.9428569078445435,0.20714804530143738,1.3438533544540405,30.72643280029297,7838.886976242065,6786,9,0.001326259946949602,True,2.0484288533528647
42,ours,40,6.810469627380371,6.745685338973999,0.15785455703735352,1.3178935050964355,35.08472442626953,7833.138942718506,6859,9,0.0013121446274967196,True,2.3389816284179688
42,ours,41,6.285904049873352,6.170549392700195,0.10755782574415207,1.3080415725708008,32.96208381652832,8432.700872421265,6933,9,0.0012981393336218088,True,2.197472254435221
42,ours,42,6.249755024909973,6.118534207344055,0.06271082162857056,1.2925934791564941,36.787986755371094,8001.52850151062,7006,9,0.001284613188695404,True,2.4525324503580728
42,ours,43,5.862440466880798,5.731971859931946,-0.03286126255989075,1.2881077527999878,50.47297477722168,8334.060907363892,7076,9,0.001271905031091012,True,3.364864985148112
42,ours,44,5.5821579694747925,5.416072607040405,-0.10415851324796677,1.2799770832061768,49.425601959228516,8577.3446559906,7154,9,0.0012580374615599665,True,3.2950401306152344
42,ours,45,5.493282675743103,5.343131422996521,-0.12598636746406555,1.2608108520507812,38.649797439575195,7901.454925537109,7228,9,0.0012451577199778638,True,2.576653162638346
42,ours,46,5.372062921524048,5.251836180686951,-0.17376630008220673,1.2338887453079224,50.786495208740234,8326.393604278564,7302,9,0.0012325390304026294,True,3.385766347249349
42,ours,47,5.3537410497665405,5.2483320236206055,-0.1824338138103485,1.213391900062561,33.69617462158203,8209.746837615967,7375,8,0.0010847457627118644,True,2.2464116414388022
42,ours,48,5.492870211601257,5.3349679708480835,-0.15737766027450562,1.1922110319137573,33.31756591796875,8102.277755737305,7447,9,0.0012085403518195246,True,2.2211710611979165
42,ours,49,5.647104382514954,5.540217161178589,-0.13635480403900146,1.1779792308807373,43.508291244506836,8099.882364273071,7519,9,0.0011969676818725894,True,2.900552749633789
43,full,1,12.112027406692505,12.107350826263428,0.7917995452880859,1.1868295669555664,472.36180305480957,6718.654155731201,4069,4069,1.0,False,31.490786870320637
43,full,2,10.651596784591675,10.646711587905884,0.7089245319366455,1.198093056678772,446.7623233795166,6519.304990768433,4142,4142,1.0,False,29.784154891967773
43,full,3,9.981313943862915,9.972383379936218,0.6602963805198669,1.2117592096328735,405.3030014038086,6204.910755157471,4214,4214,1.0,False,27.02020009358724
43,full,4,9.604002833366394,9.59912121295929,0.6318395137786865,1.2267011404037476,461.11106872558594,6270.5700397491455,4291,4291,1.0,False,30.740737915039062
43,full,5,9.37932014465332,9.372808933258057,0.6134788990020752,1.2441041469573975,408.25486183166504,6302.924871444702,4361,4361,1.0,False,27.216990788777668
43,full,6,9.068053960800171,9.062929153442383,0.5819019079208374,1.2664825916290283,413.79237174987793,6496.027946472168,4433,4433,1.0,False,27.586158116658527
43,full,7,8.488783836364746,8.48459243774414,0.5183358788490295,1.2927361726760864,423.9788055419922,6626.713037490845,4505,4505,1.0,False,28.26525370279948
43,full,8,7.994608283042908,7.988563776016235,0.46066009998321533,1.3173243999481201,423.74539375305176,6718.892812728882,4573,4573,1.0,False,28.249692916870117
43,full,9,7.6462942361831665,7.640494108200073,0.41392284631729126,1.3413559198379517,444.171667098999,6822.499513626099,4647,4647,1.0,False,29.6114444732666
43,full,10,7.321772575378418,7.319771647453308,0.36778533458709717,1.364081859588623,441.47777557373047,7007.734537124634,4719,4719,1.0,False,29.431851704915363
43,full,11,7.089183330535889,7.0872962474823,0.3333302438259125,1.383009910583496,451.1692523956299,7203.491449356079,4794,4794,1.0,False,30.07795015970866
43,full,12,6.888036727905273,6.886461973190308,0.30148494243621826,1.401408314704895,435.06526947021484,6846.06671333313,4861,4861,1.0,False,29.004351298014324
43,full,13,6.68231725692749,6.680527329444885,0.2665875554084778,1.423335075378418,447.5414752960205,6819.350719451904,4932,4932,1.0,False,29.836098353068035
43,full,14,6.444479823112488,6.441274881362915,0.22634945809841156,1.4390535354614258,440.7341480255127,6836.727857589722,5004,5004,1.0,False,29.38227653503418
43,full,15,6.342247724533081,6.341486573219299,0.20666973292827606,1.445443034172058,491.2080764770508,7363.197326660156,5079,5079,1.0,False,32.747205098470054
43,full,16,6.317952275276184,6.297318935394287,0.19742190837860107,1.448603630065918,459.33055877685547,7418.825387954712,5148,5148,1.0,False,30.622037251790363
43,full,17,6.229650974273682,6.19124710559845,0.18035948276519775,1.446230411529541,442.2760009765625,6999.898672103882,5222,5222,1.0,False,29.485066731770832
43,full,18,6.217933893203735,6.174525618553162,0.17659209668636322,1.4437779188156128,456.94947242736816,7454.211473464966,5294,5294,1.0,False,30.463298161824543
43,full,19,6.262638568878174,6.20525062084198,0.17821002006530762,1.4304105043411255,451.07316970825195,7085.843563079834,5369,5369,1.0,False,30.071544647216797
43,full,20,6.26803994178772,6.20935320854187,0.17264042794704437,1.422119140625,482.27643966674805,7706.5064907073975,5444,5444,1.0,False,32.15176264444987
43,full,21,6.227790713310242,6.178157925605774,0.15805630385875702,1.4127949476242065,445.14942169189453,7624.982118606567,5519,5519,1.0,False,29.67662811279297
43,full,22,6.250949501991272,6.209069490432739,0.1536785215139389,1.393338680267334,471.4243412017822,7626.56831741333,5596,5596,1.0,False,31.42828941345215
43,full,23,6.345731019973755,6.297280192375183,0.1622198224067688,1.3829702138900757,459.05375480651855,7306.008338928223,5668,5668,1.0,False,30.603583653767902
43,full,24,6.463414430618286,6.407339572906494,0.17320996522903442,1.3705261945724487,479.0925979614258,7709.916353225708,5739,5739,1.0,False,31.93950653076172
43,full,25,6.566649675369263,6.527761220932007,0.18517827987670898,1.354244589805603,523.1287479400635,8071.96044921875,5811,5811,1.0,False,34.8752498626709
43,full,26,6.750251054763794,6.659536361694336,0.21277984976768494,1.3435733318328857,464.9381637573242,8043.032884597778,5883,5883,1.0,False,30.995877583821613
43,full,27,6.959483623504639,6.897401809692383,0.23577284812927246,1.3610678911209106,504.59742546081543,7929.252862930298,5951,5951,1.0,False,33.63982836405436
43,full,28,7.136726975440979,7.086371183395386,0.25718939304351807,1.358824610710144,479.67052459716797,7884.445667266846,6026,6026,1.0,False,31.97803497314453
43,full,29,7.275412678718567,7.218162417411804,0.27897030115127563,1.3535387516021729,486.2656593322754,8295.673608779907,6098,6098,1.0,False,32.417710622151695
43,full,30,7.400848865509033,7.351572513580322,0.28609365224838257,1.3883167505264282,471.84038162231445,8010.311603546143,6168,6168,1.0,False,31.45602544148763
43,full,31,7.452278137207031,7.417025566101074,0.2923727333545685,1.4075913429260254,455.83415031433105,7878.162622451782,6241,6241,1.0,False,30.388943354288738
43,full,32,7.4956440925598145,7.426172494888306,0.29495295882225037,1.4270647764205933,475.79193115234375,8015.9430503845215,6311,6311,1.0,False,31.719462076822918
43,full,33,7.402469515800476,7.3456645011901855,0.28697669506073,1.4421101808547974,475.0845432281494,7822.936058044434,6384,6384,1.0,False,31.67230288187663
43,full,34,7.379703521728516,7.303116321563721,0.27829766273498535,1.4384809732437134,460.174560546875,7748.638868331909,6459,6459,1.0,False,30.678304036458332
43,full,35,7.341295480728149,7.290560007095337,0.2741968631744385,1.4277493953704834,465.9161567687988,7796.755790710449,6531,6531,1.0,False,31.061077117919922
43,full,36,7.32549250125885,7.290621399879456,0.2732945382595062,1.398898959159851,491.47486686706543,8696.571588516235,6602,6602,1.0,False,32.76499112447103
43,full,37,7.2366636991500854,7.174846529960632,0.25251471996307373,1.3787245750427246,504.4543743133545,8502.90060043335,6679,6679,1.0,False,33.6302916208903
43,full,38,7.17324435710907,7.081010341644287,0.23730717599391937,1.366254448890686,504.34041023254395,8524.612426757812,6749,6749,1.0,False,33.62269401550293
43,full,39,7.093434929847717,7.021247148513794,0.21447128057479858,1.3438533544540405,497.26176261901855,8577.115535736084,6817,6817,1.0,False,33.150784174601235
43,full,40,6.912553906440735,6.792665719985962,0.16533342003822327,1.3178935050964355,497.1597194671631,8522.857427597046,6891,6891,1.0,False,33.143981297810875
43,full,41,6.366872787475586,6.269383430480957,0.11277244985103607,1.3080415725708008,486.3431453704834,8503.105163574219,6965,6965,1.0,False,32.42287635803223
43,full,42,6.309489011764526,6.178151369094849,0.062189020216464996,1.2925934791564941,501.56235694885254,8312.146425247192,7036,7036,1.0,False,33.437490463256836
43,full,43,5.918320417404175,5.769540071487427,-0.03729034215211868,1.2881077527999878,503.4492015838623,8390.571117401123,7110,7110,1.0,False,33.56328010559082
43,full,44,5.573200583457947,5.477694869041443,-0.11637113988399506,1.2799770832061768,504.6248435974121,8636.264324188232,7184,7184,1.0,False,33.641656239827476
43,full,45,5.441277623176575,5.327389240264893,-0.14735832810401917,1.2608108520507812,485.2766990661621,8246.973752975464,7256,7256,1.0,False,32.35177993774414
43,full,46,5.382004380226135,5.228585600852966,-0.18686437606811523,1.2338887453079224,510.2717876434326,8539.247035980225,7322,7322,1.0,False,34.01811917622884
43,full,47,5.413577556610107,5.288652777671814,-0.18645314872264862,1.213391900062561,489.80236053466797,8375.113487243652,7396,7396,1.0,False,32.653490702311196
43,full,48,5.51348090171814,5.408113598823547,-0.1664596050977707,1.1922110319137573,496.1099624633789,8169.051170349121,7471,7471,1.0,False,33.073997497558594
43,full,49,5.728548169136047,5.5746376514434814,-0.1355910301208496,1.1779792308807373,502.0101070404053,8268.440008163452,7542,7542,1.0,False,33.46734046936035
43,random,1,12.114096879959106,12.107350826263428,0.7919076681137085,1.1868295669555664,57.80148506164551,6407.557725906372,4067,9,0.0022129333661175315,True,3.8534323374430337
43,random,2,10.658342838287354,10.648137331008911,0.7093353271484375,1.198093056678772,64.8953914642334,6523.218154907227,4142,9,0.0021728633510381457,True,4.3263594309488935
43,random,3,9.983205795288086,9.977355599403381,0.6604070663452148,1.2117592096328735,66.64156913757324,6452.452182769775,4215,9,0.002135231316725979,True,4.442771275838216
43,random,4,9.622551798820496,9.602206349372864,0.6331865191459656,1.2267011404037476,62.402963638305664,6746.228456497192,4285,9,0.0021003500583430573,True,4.160197575887044
43,random,5,9.391606450080872,9.389373064041138,0.6143920421600342,1.2441041469573975,68.38083267211914,6901.421546936035,4359,9,0.0020646937370956643,True,4.558722178141276
43,random,6,9.077345728874207,9.071383476257324,0.5825509428977966,1.2664825916290283,58.73608589172363,6867.877244949341,4430,8,0.0018058690744920992,True,3.915739059448242
43,random,7,8.512403964996338,8.4921133518219,0.5202713012695312,1.2927361726760864,65.16218185424805,6879.810810089111,4504,8,0.0017761989342806395,True,4.34414545694987
43,random,8,8.012398481369019,8.007802963256836,0.4620702266693115,1.3173243999481201,56.57219886779785,6881.819009780884,4579,9,0.0019654946494867876,True,3.771479924519857
43,random,9,7.660064101219177,7.658606767654419,0.4151509404182434,1.3413559198379517,61.19513511657715,6846.156597137451,4653,9,0.0019342359767891683,True,4.079675674438477
43,random,10,7.3299819231033325,7.328724265098572,0.3682158887386322,1.364081859588623,72.05367088317871,7330.467224121094,4726,9,0.0019043588658484976,True,4.803578058878581
43,random,11,7.093446850776672,7.089212536811829,0.33308595418930054,1.383009910583496,81.39371871948242,7366.904735565186,4802,8,0.001665972511453561,True,5.426247914632161
43,random,12,6.88257098197937,6.8806153535842896,0.299582839012146,1.401408314704895,90.65794944763184,7248.319149017334,4874,10,0.002051702913418137,True,6.043863296508789
43,random,13,6.685391068458557,6.681922674179077,0.266057550907135,1.423335075378418,65.04154205322266,7280.609130859375,4947,8,0.0016171417020416413,True,4.336102803548177
43,random,14,6.461796760559082,6.452779173851013,0.2280757874250412,1.4390535354614258,68.7108039855957,7021.706104278564,5025,9,0.001791044776119403,True,4.58072026570638
43,random,15,6.385824680328369,6.357192397117615,0.21202361583709717,1.445443034172058,57.65223503112793,7288.032054901123,5096,8,0.0015698587127158557,True,3.843482335408529
43,random,16,6.356640458106995,6.335734128952026,0.2015959918498993,1.448603630065918,72.22676277160645,7384.696483612061,5168,9,0.001741486068111455,True,4.815117518107097
43,random,17,6.250699162483215,6.228318810462952,0.1819969117641449,1.446230411529541,38.89775276184082,7457.63635635376,5240,8,0.0015267175572519084,True,2.5931835174560547
43,random,18,6.263517141342163,6.200425028800964,0.18167811632156372,1.4437779188156128,43.198347091674805,7219.480752944946,5312,7,0.0013177710843373493,True,2.879889806111654
43,random,19,6.3080549240112305,6.254851818084717,0.18468426167964935,1.4304105043411255,60.044050216674805,7320.622682571411,5385,8,0.0014856081708449396,True,4.002936681111653
43,random,20,6.3100409507751465,6.259559392929077,0.1787966787815094,1.422119140625,51.12457275390625,7219.02060508728,5454,8,0.0014668133480014668,True,3.4083048502604165
43,random,21,6.285464763641357,6.227253675460815,0.16758444905281067,1.4127949476242065,50.351619720458984,7303.860187530518,5527,8,0.0014474398407816175,True,3.356774648030599
43,random,22,6.307169795036316,6.274790167808533,0.16419024765491486,1.393338680267334,55.14049530029297,7673.46715927124,5595,8,0.0014298480786416443,True,3.6760330200195312
43,random,23,6.433207988739014,6.359168291091919,0.17849919199943542,1.3829702138900757,52.94394493103027,7747.796535491943,5667,8,0.0014116816657843657,True,3.5295963287353516
43,random,24,6.549881100654602,6.499629020690918,0.18945686519145966,1.3705261945724487,64.9266242980957,7813.274145126343,5741,8,0.0013934854554955582,True,4.328441619873047
43,random,25,6.662075519561768,6.616030335426331,0.2027566283941269,1.354244589805603,56.89096450805664,7724.299192428589,5812,9,0.0015485203028217482,True,3.792730967203776
43,random,26,6.834807395935059,6.766259670257568,0.2298012673854828,1.3435733318328857,40.42625427246094,7848.092555999756,5883,7,0.0011898691143974163,True,2.6950836181640625
43,random,27,7.049654722213745,7.0084720849990845,0.25375765562057495,1.3610678911209106,49.501657485961914,7976.751327514648,5955,8,0.001343408900083963,True,3.3001104990641275
43,random,28,7.2202688455581665,7.180993556976318,0.27335408329963684,1.358824610710144,47.63150215148926,7815.896511077881,6030,7,0.0011608623548922056,True,3.1754334767659507
43,random,29,7.299244999885559,7.275912761688232,0.2849268615245819,1.3535387516021729,58.21943283081055,8151.454210281372,6098,7,0.0011479173499508036,True,3.8812955220540366
43,random,30,7.403615713119507,7.347959280014038,0.28826045989990234,1.3883167505264282,51.154375076293945,7907.017469406128,6168,7,0.0011348897535667965,True,3.4102916717529297
43,random,31,7.454426288604736,7.393892407417297,0.295045405626297,1.4075913429260254,44.67272758483887,8235.432147979736,6236,7,0.0011225144323284157,True,2.978181838989258
43,random,32,7.5005316734313965,7.449745535850525,0.29904603958129883,1.4270647764205933,42.189598083496094,8402.092695236206,6306,6,0.0009514747859181732,True,2.8126398722330728
43,random,33,7.459115982055664,7.380588054656982,0.2991481423377991,1.4421101808547974,58.3188533782959,8220.139026641846,6383,8,0.0012533291555694814,True,3.88792355855306
43,random,34,7.339203357696533,7.2934287786483765,0.2761991322040558,1.4384809732437134,49.94940757751465,8415.009260177612,6460,7,0.00108359133126935,True,3.329960505167643
43,random,35,7.29988157749176,7.251128554344177,0.2718963325023651,1.4277493953704834,43.901681900024414,8301.510095596313,6533,8,0.001224552273075157,True,2.926778793334961
43,random,36,7.278709411621094,7.208151817321777,0.2682366967201233,1.398898959159851,53.81655693054199,8440.986156463623,6605,7,0.0010598031794095382,True,3.587770462036133
43,random,37,7.221985459327698,7.124879956245422,0.24948053061962128,1.3787245750427246,52.25563049316406,8488.35301399231,6680,7,0.0010479041916167664,True,3.483708699544271
43,random,38,7.127470374107361,7.089981436729431,0.22976355254650116,1.366254448890686,48.331499099731445,8473.946332931519,6756,7,0.0010361160449970396,True,3.222099939982096
43,random,39,7.060600519180298,6.968554854393005,0.20668339729309082,1.3438533544540405,34.999847412109375,8374.817371368408,6825,6,0.0008791208791208791,True,2.3333231608072915
43,random,40,6.884410977363586,6.797340512275696,0.15978088974952698,1.3178935050964355,46.2946891784668,8274.648666381836,6902,5,0.0007244277021153289,True,3.0863126118977866
43,random,41,6.335573196411133,6.255092024803162,0.10847505182027817,1.3080415725708008,55.68671226501465,8311.264038085938,6975,8,0.0011469534050179211,True,3.71244748433431
43,random,42,6.264471411705017,6.142598986625671,0.055215030908584595,1.2925934791564941,49.686431884765625,8507.596015930176,7046,7,0.0009934714731762702,True,3.3124287923177085
43,random,43,5.855078101158142,5.73762059211731,-0.04776378720998764,1.2881077527999878,53.66039276123047,8478.3353805542,7119,7,0.0009832841691248771,True,3.5773595174153647
43,random,44,5.535644292831421,5.4251450300216675,-0.1250385195016861,1.2799770832061768,44.43693161010742,8421.740770339966,7194,7,0.0009730330831248262,True,2.9624621073404946
43,random,45,5.437990427017212,5.297293066978455,-0.15083183348178864,1.2608108520507812,52.59346961975098,8326.449632644653,7264,7,0.0009636563876651982,True,3.5062313079833984
43,random,46,5.323854684829712,5.21881639957428,-0.1972305029630661,1.2338887453079224,43.738365173339844,8263.34834098816,7337,7,0.000954068420335287,True,2.9158910115559897
43,random,47,5.338152050971985,5.209528207778931,-0.2014453411102295,1.213391900062561,38.82002830505371,8324.671983718872,7409,7,0.0009447968686732353,True,2.5880018870035806
43,random,48,5.524250864982605,5.348039865493774,-0.16336719691753387,1.1922110319137573,37.038326263427734,8443.021774291992,7483,6,0.0008018174528932247,True,2.469221750895182
43,random,49,5.770699381828308,5.580334663391113,-0.1276419460773468,1.1779792308807373,33.684730529785156,8666.569471359253,7557,6,0.0007939658594680428,True,2.2456487019856772
43,error_only,1,12.11177110671997,12.107350826263428,0.7917728424072266,1.1868295669555664,23.15998077392578,6897.6733684539795,4066,9,0.0022134776192818495,True,1.5439987182617188
43,error_only,2,10.655908584594727,10.647308826446533,0.7091431617736816,1.198093056678772,19.370317459106445,6591.890811920166,4139,9,0.002174438270113554,True,1.291354497273763
43,error_only,3,9.983293414115906,9.974889755249023,0.6603696346282959,1.2117592096328735,20.71380615234375,6516.594171524048,4214,10,0.0023730422401518746,True,1.38092041015625
43,error_only,4,9.607475996017456,9.599704146385193,0.6321313381195068,1.2267011404037476,20.502805709838867,6335.709810256958,4285,10,0.002333722287047841,True,1.3668537139892578
43,error_only,5,9.383466243743896,9.374183416366577,0.6138233542442322,1.2441041469573975,24.804353713989258,6771.891355514526,4358,10,0.002294630564479119,True,1.6536235809326172
43,error_only,6,9.073246717453003,9.065687656402588,0.5823646783828735,1.2664825916290283,22.913694381713867,6666.4488315582275,4425,10,0.0022598870056497176,True,1.527579625447591
43,error_only,7,8.489682078361511,8.483468890190125,0.5182964205741882,1.2927361726760864,20.191431045532227,6738.836050033569,4501,9,0.0019995556542990447,True,1.3460954030354817
43,error_only,8,7.991297245025635,7.986620664596558,0.4600066542625427,1.3173243999481201,21.10576629638672,6671.303033828735,4574,9,0.0019676432006996065,True,1.4070510864257812
43,error_only,9,7.646552920341492,7.638315558433533,0.41364336013793945,1.3413559198379517,16.17741584777832,6526.3352394104,4648,9,0.00193631669535284,True,1.078494389851888
43,error_only,10,7.31930136680603,7.316114902496338,0.36695975065231323,1.364081859588623,14.429330825805664,6606.940507888794,4723,8,0.0016938386618674571,False,0.9619553883870443
43,error_only,11,7.094742655754089,7.091344594955444,0.3337467610836029,1.383009910583496,16.24584197998047,6664.817810058594,4795,8,0.0016684045881126173,True,1.083056131998698
43,error_only,12,6.8935829401016235,6.892219185829163,0.30194801092147827,1.401408314704895,23.91672134399414,6829.1192054748535,4863,8,0.001645075056549455,True,1.5944480895996094
43,error_only,13,6.686846017837524,6.685805320739746,0.2669530510902405,1.423335075378418,11.888504028320312,6604.430198669434,4939,7,0.0014172909495849362,False,0.7925669352213541
43,error_only,14,6.4493328332901,6.4455097913742065,0.226732075214386,1.4390535354614258,17.301559448242188,6995.649814605713,5011,7,0.0013969267611255239,True,1.1534372965494792
43,error_only,15,6.361983418464661,6.350168585777283,0.2093052864074707,1.445443034172058,21.697998046875,6767.688512802124,5083,7,0.0013771394845563643,True,1.446533203125
43,error_only,16,6.328703165054321,6.31883442401886,0.19946590065956116,1.448603630065918,28.0914306640625,7523.8282680511475,5159,7,0.0013568521031207597,True,1.8727620442708333
43,error_only,17,6.222588419914246,6.20316743850708,0.18006423115730286,1.446230411529541,21.84319496154785,7232.275009155273,5231,6,0.0011470082202255784,True,1.4562129974365234
43,error_only,18,6.2147074937820435,6.166419982910156,0.17742715775966644,1.4437779188156128,21.572351455688477,7184.916257858276,5305,6,0.0011310084825636192,True,1.4381567637125652
43,error_only,19,6.272062063217163,6.204703450202942,0.18085289001464844,1.4304105043411255,26.133060455322266,7534.266233444214,5375,6,0.0011162790697674418,True,1.7422040303548176
43,error_only,20,6.279221773147583,6.22023344039917,0.17635604739189148,1.422119140625,37.27221488952637,7626.697540283203,5448,6,0.0011013215859030838,True,2.4848143259684243
43,error_only,21,6.256204843521118,6.197683811187744,0.16502487659454346,1.4127949476242065,26.444673538208008,7676.957845687866,5518,6,0.0010873504893077202,True,1.762978235880534
43,error_only,22,6.32179319858551,6.2381356954574585,0.16809910535812378,1.393338680267334,19.45781707763672,7878.3605098724365,5592,6,0.001072961373390558,True,1.2971878051757812
43,error_only,23,6.43646776676178,6.375679969787598,0.18094027042388916,1.3829702138900757,27.599811553955078,7672.653436660767,5656,6,0.0010608203677510608,True,1.8399874369303386
43,error_only,24,6.596786379814148,6.524864435195923,0.19935110211372375,1.3705261945724487,26.92866325378418,7661.568641662598,5727,6,0.0010476689366160294,True,1.7952442169189453
43,error_only,25,6.752872467041016,6.6747260093688965,0.2190682590007782,1.354244589805603,30.56049346923828,7907.28759765625,5799,6,0.0010346611484738748,True,2.0373662312825522
43,error_only,26,6.90448522567749,6.847418546676636,0.24256587028503418,1.3435733318328857,24.138927459716797,8054.596424102783,5868,6,0.0010224948875255625,True,1.6092618306477864
43,error_only,27,7.133572101593018,7.051868438720703,0.2675076425075531,1.3610678911209106,22.02582359313965,8030.74049949646,5941,5,0.000841609156707625,True,1.4683882395426433
43,error_only,28,7.320438623428345,7.253116965293884,0.2898368537425995,1.358824610710144,29.567241668701172,7838.141202926636,6011,5,0.0008318083513558476,True,1.9711494445800781
43,error_only,29,7.454013824462891,7.401283383369446,0.3110121488571167,1.3535387516021729,29.84619140625,8044.690132141113,6079,5,0.0008225037012666557,True,1.98974609375
43,error_only,30,7.598438262939453,7.522110342979431,0.3189782500267029,1.3883167505264282,29.941797256469727,7857.872247695923,6150,5,0.0008130081300813008,True,1.9961198170979817
43,error_only,31,7.630270719528198,7.588481903076172,0.32188278436660767,1.4075913429260254,28.015613555908203,8244.797706604004,6221,5,0.0008037293039704227,True,1.8677075703938801
43,error_only,32,7.617774605751038,7.568487524986267,0.3156638741493225,1.4270647764205933,25.971412658691406,8408.59842300415,6291,5,0.0007947862025115244,True,1.731427510579427
43,error_only,33,7.454633712768555,7.413874864578247,0.29702237248420715,1.4421101808547974,27.97245979309082,8142.714500427246,6365,4,0.0006284367635506677,True,1.8648306528727214
43,error_only,34,7.319074869155884,7.272664308547974,0.2698849141597748,1.4384809732437134,21.424293518066406,8063.905954360962,6436,5,0.0007768800497203232,True,1.4282862345377605
43,error_only,35,7.216169238090515,7.17041552066803,0.25397273898124695,1.4277493953704834,12.41612434387207,8328.976392745972,6511,4,0.0006143449546920596,False,0.8277416229248047
43,error_only,36,7.195433974266052,7.1209728717803955,0.2503945231437683,1.398898959159851,14.048337936401367,8456.840753555298,6580,4,0.0006079027355623101,False,0.9365558624267578
43,error_only,37,7.124641537666321,7.070114612579346,0.23253123462200165,1.3787245750427246,14.797449111938477,8504.40001487732,6653,4,0.0006012325266796934,False,0.9864966074625651
43,error_only,38,7.0441752672195435,6.985757350921631,0.21461020410060883,1.366254448890686,16.245126724243164,8386.485815048218,6724,4,0.000594883997620464,True,1.0830084482828777
43,error_only,39,6.991244554519653,6.916258931159973,0.19414356350898743,1.3438533544540405,17.069101333618164,8481.503248214722,6799,4,0.0005883218120311811,True,1.1379400889078777
43,error_only,40,6.805312633514404,6.744661927223206,0.14591823518276215,1.3178935050964355,23.2241153717041,8593.635320663452,6868,4,0.0005824111822947001,True,1.5482743581136067
43,error_only,41,6.282374858856201,6.2014240026474,0.09691154956817627,1.3080415725708008,17.702579498291016,8755.020380020142,6942,4,0.0005762028233938346,True,1.1801719665527344
43,error_only,42,6.194831132888794,6.100502014160156,0.04065849259495735,1.2925934791564941,17.34018325805664,8923.1436252594,7018,4,0.0005699629524080935,True,1.1560122172037761
43,error_only,43,5.77201783657074,5.678183436393738,-0.06377659738063812,1.2881077527999878,14.307737350463867,8393.673658370972,7093,4,0.0005639362752009023,False,0.9538491566975912
43,error_only,44,5.471286773681641,5.351166129112244,-0.13920602202415466,1.2799770832061768,13.463735580444336,8493.148565292358,7164,4,0.0005583472920156337,False,0.8975823720296224
43,error_only,45,5.415497422218323,5.255962014198303,-0.15582183003425598,1.2608108520507812,14.267921447753906,8423.218250274658,7239,4,0.0005525625086337892,False,0.9511947631835938
43,error_only,46,5.335649847984314,5.194575786590576,-0.19939886033535004,1.2338887453079224,21.736860275268555,8402.771472930908,7312,5,0.0006838074398249453,True,1.449124018351237
43,error_only,47,5.339506268501282,5.214938521385193,-0.2074708789587021,1.213391900062561,17.354965209960938,8547.652244567871,7385,5,0.0006770480704129993,True,1.1569976806640625
43,error_only,48,5.444814562797546,5.331007242202759,-0.18444016575813293,1.1922110319137573,20.264387130737305,8507.294416427612,7455,4,0.0005365526492287056,True,1.3509591420491536
43,error_only,49,5.668715238571167,5.5554115772247314,-0.14681771397590637,1.1779792308807373,34.15727615356445,8379.568338394165,7528,5,0.0006641870350690755,True,2.2771517435709634
43,ours,1,12.11105227470398,12.107350826263428,0.7917432188987732,1.1868295669555664,39.3986701965332,6704.685926437378,4067,8,0.001967051880993361,True,2.6265780131022134
43,ours,2,10.6508207321167,10.645996332168579,0.7088713049888611,1.198093056678772,39.258718490600586,6743.05534362793,4140,7,0.0016908212560386474,True,2.6172478993733725
43,ours,3,9.977651238441467,9.971274137496948,0.6600559949874878,1.2117592096328735,56.69856071472168,6723.238706588745,4215,7,0.00166073546856465,True,3.779904047648112
43,ours,4,9.602915644645691,9.595907926559448,0.6317967772483826,1.2267011404037476,47.37663269042969,6556.842803955078,4285,7,0.001633605600933489,True,3.158442179361979
43,ours,5,9.37895655632019,9.372223019599915,0.6134836077690125,1.2441041469573975,44.23213005065918,6630.7408809661865,4358,7,0.0016062413951353832,True,2.9488086700439453
43,ours,6,9.070708751678467,9.06208336353302,0.5821195244789124,1.2664825916290283,35.98332405090332,6936.447381973267,4430,7,0.001580135440180587,True,2.398888270060221
43,ours,7,8.496683239936829,8.484031558036804,0.518843412399292,1.2927361726760864,41.21732711791992,7000.372648239136,4505,7,0.0015538290788013318,True,2.747821807861328
43,ours,8,7.995264530181885,7.991238832473755,0.46038299798965454,1.3173243999481201,37.75382041931152,7114.140748977661,4577,9,0.0019663535066637536,True,2.516921361287435
43,ours,9,7.639219164848328,7.637429237365723,0.4127863645553589,1.3413559198379517,44.063568115234375,6922.446966171265,4648,9,0.00193631669535284,True,2.9375712076822915
43,ours,10,7.31320321559906,7.309141159057617,0.36620280146598816,1.364081859588623,53.09009552001953,7084.477663040161,4718,9,0.0019075879610004239,True,3.5393397013346353
43,ours,11,7.083633542060852,7.082688212394714,0.33230534195899963,1.383009910583496,64.17417526245117,7268.736362457275,4793,8,0.001669100771959107,True,4.278278350830078
43,ours,12,6.873742938041687,6.872931718826294,0.2990628480911255,1.401408314704895,54.98862266540527,7317.758321762085,4866,8,0.0016440608302507192,True,3.665908177693685
43,ours,13,6.679636240005493,6.676955223083496,0.26597902178764343,1.423335075378418,48.77328872680664,7285.296201705933,4942,8,0.0016187778227438284,True,3.2515525817871094
43,ours,14,6.4541590213775635,6.4503782987594604,0.2278819978237152,1.4390535354614258,44.61669921875,7365.2825355529785,5013,8,0.0015958507879513266,True,2.9744466145833335
43,ours,15,6.351100206375122,6.3488757610321045,0.2079450786113739,1.445443034172058,39.26849365234375,7367.304563522339,5087,7,0.0013760566149007274,True,2.6178995768229165
43,ours,16,6.3073402643203735,6.299045085906982,0.19604426622390747,1.448603630065918,56.777000427246094,7391.338348388672,5159,8,0.0015506881178522969,True,3.7851333618164062
43,ours,17,6.217629313468933,6.181412935256958,0.17827004194259644,1.446230411529541,38.84410858154297,7474.69425201416,5229,7,0.0013386880856760374,True,2.5896072387695312
43,ours,18,6.202757358551025,6.167423129081726,0.17504873871803284,1.4437779188156128,35.157203674316406,7224.390268325806,5301,7,0.0013205055649877383,True,2.3438135782877603
43,ours,19,6.245630979537964,6.19417130947113,0.17645511031150818,1.4304105043411255,32.10616111755371,7522.2978591918945,5375,6,0.0011162790697674418,True,2.1404107411702475
43,ours,20,6.248872876167297,6.196801662445068,0.1709396094083786,1.422119140625,22.477149963378906,7492.2356605529785,5448,3,0.0005506607929515419,True,1.4984766642252605
43,ours,21,6.227722764015198,6.15983784198761,0.15919172763824463,1.4127949476242065,25.649547576904297,7629.511594772339,5517,3,0.000543773790103317,True,1.7099698384602864
43,ours,22,6.244186162948608,6.203945875167847,0.153921440243721,1.393338680267334,17.69089698791504,7612.483024597168,5584,3,0.0005372492836676218,True,1.1793931325276692
43,ours,23,6.351453065872192,6.298748254776001,0.16552361845970154,1.3829702138900757,36.12375259399414,7575.045824050903,5654,3,0.0005305978068623983,True,2.408250172932943
43,ours,24,6.509948968887329,6.432314515113831,0.18283478915691376,1.3705261945724487,28.516769409179688,7659.510612487793,5729,3,0.0005236515971373713,True,1.9011179606119792
43,ours,25,6.638850569725037,6.57861053943634,0.19813530147075653,1.354244589805603,30.950307846069336,7741.846799850464,5803,3,0.0005169739789763915,True,2.0633538564046225
43,ours,26,6.798790693283081,6.725952625274658,0.22333702445030212,1.3435733318328857,39.42465782165527,7771.634340286255,5875,3,0.0005106382978723404,True,2.628310521443685
43,ours,27,7.02630341053009,6.957230567932129,0.248740553855896,1.3610678911209106,28.36441993713379,8101.022005081177,5943,3,0.0005047955577990914,True,1.8909613291422527
43,ours,28,7.198853492736816,7.15506911277771,0.2691640853881836,1.358824610710144,26.43108367919922,8012.057304382324,6013,3,0.0004989190088142358,True,1.762072245279948
43,ours,29,7.308076024055481,7.2555965185165405,0.285101056098938,1.3535387516021729,25.475502014160156,8350.559949874878,6083,2,0.0003287851389117212,True,1.6983668009440105
43,ours,30,7.441750168800354,7.4039387702941895,0.2934000492095947,1.3883167505264282,17.24410057067871,8273.819208145142,6157,3,0.00048725028422933245,True,1.149606704711914
43,ours,31,7.510565519332886,7.450724244117737,0.3024226427078247,1.4075913429260254,16.752243041992188,8243.126392364502,6232,3,0.00048138639281129655,True,1.1168162027994792
43,ours,32,7.533015012741089,7.48041570186615,0.30290189385414124,1.4270647764205933,19.0279483795166,8383.52918624878,6303,3,0.00047596382674916705,True,1.2685298919677734
43,ours,33,7.427087426185608,7.385997772216797,0.2931467294692993,1.4421101808547974,16.148805618286133,8590.100526809692,6374,3,0.0004706620646375902,True,1.0765870412190754
43,ours,34,7.373790740966797,7.334871888160706,0.2815426290035248,1.4384809732437134,17.426013946533203,8541.486024856567,6445,3,0.00046547711404189296,True,1.1617342631022136
43,ours,35,7.333009243011475,7.289237976074219,0.2774145305156708,1.4277493953704834,22.756099700927734,8386.582612991333,6520,2,0.00030674846625766873,True,1.5170733133951824
43,ours,36,7.314355373382568,7.275279760360718,0.27489498257637024,1.398898959159851,26.93772315979004,8355.521440505981,6590,2,0.00030349013657056146,True,1.7958482106526692
43,ours,37,7.205656170845032,7.184320092201233,0.2531132698059082,1.3787245750427246,27.136564254760742,8518.833637237549,6658,2,0.00030039050765995795,True,1.809104283650716
43,ours,38,7.092312574386597,7.053508162498474,0.2313375324010849,1.366254448890686,27.24146842956543,8186.582803726196,6725,2,0.00029739776951672863,True,1.816097895304362
43,ours,39,7.007179856300354,6.968724727630615,0.20948925614356995,1.3438533544540405,19.81973648071289,8413.774490356445,6795,2,0.00029433406916850625,True,1.3213157653808594
43,ours,40,6.78816556930542,6.748327016830444,0.15759600698947906,1.3178935050964355,29.81400489807129,8580.686330795288,6867,2,0.000291247997670016,True,1.987600326538086
43,ours,41,6.225563287734985,6.162950396537781,0.10228350758552551,1.3080415725708008,29.593706130981445,8380.292892456055,6935,2,0.00028839221341023794,True,1.9729137420654297
43,ours,42,6.209067702293396,6.0592591762542725,0.05879071354866028,1.2925934791564941,31.229257583618164,8628.746747970581,7011,2,0.0002852660105548424,True,2.0819505055745444
43,ours,43,5.834299921989441,5.687543153762817,-0.03881574794650078,1.2881077527999878,22.02916145324707,8617.690801620483,7078,2,0.00028256569652444194,True,1.4686107635498047
43,ours,44,5.530405640602112,5.420857667922974,-0.11303707212209702,1.2799770832061768,24.928569793701172,8200.112104415894,7146,2,0.000279876854184159,True,1.6619046529134114
43,ours,45,5.437902212142944,5.305284857749939,-0.13689367473125458,1.2608108520507812,19.41061019897461,8644.674301147461,7221,2,0.0002769699487605595,True,1.2940406799316406
43,ours,46,5.298286080360413,5.222572684288025,-0.18726277351379395,1.2338887453079224,22.958040237426758,8546.096086502075,7292,2,0.00027427317608337906,True,1.5305360158284504
43,ours,47,5.2976393699646,5.173422694206238,-0.19396501779556274,1.213391900062561,18.48459243774414,8486.531019210815,7362,2,0.00027166530834012495,True,1.2323061625162761
43,ours,48,5.396522283554077,5.28464138507843,-0.17339754104614258,1.1922110319137573,19.013643264770508,8224.722385406494,7436,2,0.00026896180742334586,True,1.2675762176513672
43,ours,49,5.545138716697693,5.430467128753662,-0.15525932610034943,1.1779792308807373,20.6449031829834,8380.356788635254,7509,2,0.00026634705020641894,True,1.3763268788655598
44,full,1,12.111966609954834,12.107350826263428,0.7917884588241577,1.1868295669555664,424.3032932281494,6504.684209823608,4066,4066,1.0,False,28.28688621520996
44,full,2,10.651805400848389,10.646860599517822,0.708934485912323,1.198093056678772,429.7938346862793,6636.320352554321,4140,4140,1.0,False,28.65292231241862
44,full,3,9.98073935508728,9.972990155220032,0.6601890921592712,1.2117592096328735,420.9115505218506,6662.728548049927,4215,4215,1.0,False,28.06077003479004
44,full,4,9.616814255714417,9.602435231208801,0.6327870488166809,1.2267011404037476,445.0869560241699,6734.998464584351,4292,4292,1.0,False,29.67246373494466
44,full,5,9.39871072769165,9.386374354362488,0.6149574518203735,1.2441041469573975,440.30141830444336,7146.490812301636,4365,4365,1.0,False,29.35342788696289
44,full,6,9.081149101257324,9.075244665145874,0.5828108191490173,1.2664825916290283,445.4152584075928,6881.1798095703125,4436,4436,1.0,False,29.694350560506184
44,full,7,8.494424223899841,8.492074012756348,0.5185222029685974,1.2927361726760864,436.48409843444824,7214.68448638916,4508,4508,1.0,False,29.098939895629883
44,full,8,8.00321102142334,7.992317080497742,0.46102380752563477,1.3173243999481201,454.9248218536377,7560.37712097168,4586,4586,1.0,False,30.32832145690918
44,full,9,7.647616267204285,7.646618485450745,0.41358432173728943,1.3413559198379517,459.5184326171875,7463.664770126343,4662,4662,1.0,False,30.634562174479168
44,full,10,7.312763333320618,7.309663891792297,0.3657831847667694,1.364081859588623,439.82672691345215,7255.992889404297,4736,4736,1.0,False,29.321781794230144
44,full,11,7.0823997259140015,7.079553008079529,0.33147895336151123,1.383009910583496,440.6545162200928,7347.924709320068,4811,4811,1.0,False,29.376967748006184
44,full,12,6.8810588121414185,6.8776363134384155,0.2994837164878845,1.401408314704895,439.37182426452637,7440.462350845337,4885,4885,1.0,False,29.291454950968426
44,full,13,6.686130166053772,6.684900522232056,0.2664092183113098,1.423335075378418,442.842960357666,7190.964460372925,4952,4952,1.0,False,29.522864023844402
44,full,14,6.446419358253479,6.445550322532654,0.2259030044078827,1.4390535354614258,465.8651351928711,7680.492639541626,5023,5023,1.0,False,31.05767567952474
44,full,15,6.354523301124573,6.341915726661682,0.2073381245136261,1.445443034172058,455.98411560058594,7585.284471511841,5097,5097,1.0,False,30.398941040039062
44,full,16,6.341298222541809,6.312655806541443,0.20009391009807587,1.448603630065918,464.94221687316895,7695.168495178223,5167,5167,1.0,False,30.996147791544598
44,full,17,6.241183876991272,6.213982701301575,0.1812632977962494,1.446230411529541,459.7945213317871,7838.587522506714,5235,5235,1.0,False,30.65296808878581
44,full,18,6.226632595062256,6.185095310211182,0.17785458266735077,1.4437779188156128,519.5655822753906,7771.118402481079,5310,5310,1.0,False,34.63770548502604
44,full,19,6.223742961883545,6.215274333953857,0.17390303313732147,1.4304105043411255,444.78678703308105,7621.7498779296875,5378,5378,1.0,False,29.65245246887207
44,full,20,6.202142238616943,6.172953248023987,0.16438719630241394,1.422119140625,468.7645435333252,7791.742563247681,5456,5456,1.0,False,31.250969568888348
44,full,21,6.167064309120178,6.121500730514526,0.1508101224899292,1.4127949476242065,471.9421863555908,7958.419322967529,5523,5523,1.0,False,31.462812423706055
44,full,22,6.196946501731873,6.150506138801575,0.1487087458372116,1.393338680267334,457.7658176422119,7654.060125350952,5591,5591,1.0,False,30.51772117614746
44,full,23,6.335653066635132,6.249985694885254,0.1648685485124588,1.3829702138900757,481.4615249633789,7846.741199493408,5661,5661,1.0,False,32.097434997558594
44,full,24,6.443003416061401,6.408807039260864,0.17468976974487305,1.3705261945724487,492.42281913757324,8051.252841949463,5736,5736,1.0,False,32.82818794250488
44,full,25,6.577797532081604,6.509631872177124,0.19179539382457733,1.354244589805603,492.51770973205566,8083.785057067871,5808,5808,1.0,False,32.83451398213705
44,full,26,6.758295297622681,6.678882837295532,0.22042465209960938,1.3435733318328857,482.8639030456543,8331.201791763306,5879,5879,1.0,False,32.19092686971029
44,full,27,6.968244314193726,6.927880644798279,0.24399754405021667,1.3610678911209106,476.56917572021484,8179.218530654907,5950,5950,1.0,False,31.771278381347656
44,full,28,7.141970992088318,7.11774468421936,0.26567304134368896,1.358824610710144,478.04737091064453,8212.158918380737,6022,6022,1.0,False,31.8698247273763
44,full,29,7.286571264266968,7.218310832977295,0.2871825695037842,1.3535387516021729,489.35484886169434,8314.500093460083,6096,6096,1.0,False,32.623656590779625
44,full,30,7.408202886581421,7.350630760192871,0.2932814955711365,1.3883167505264282,490.9663200378418,8351.863145828247,6166,6166,1.0,False,32.73108800252279
44,full,31,7.487920522689819,7.418780326843262,0.30307161808013916,1.4075913429260254,487.25008964538574,8556.588411331177,6239,6239,1.0,False,32.48333930969238
44,full,32,7.526178956031799,7.506737112998962,0.30598074197769165,1.4270647764205933,500.5643367767334,8604.039669036865,6310,6310,1.0,False,33.37095578511556
44,full,33,7.477368116378784,7.387809157371521,0.30396056175231934,1.4421101808547974,484.70354080200195,8561.063051223755,6384,6384,1.0,False,32.31356938680013
44,full,34,7.445407509803772,7.373026609420776,0.2938290536403656,1.4384809732437134,498.6879825592041,8659.993171691895,6454,6454,1.0,False,33.24586550394694
44,full,35,7.359859347343445,7.321068644523621,0.2825395464897156,1.4277493953704834,491.66345596313477,8685.713768005371,6524,6524,1.0,False,32.77756373087565
44,full,36,7.325716018676758,7.266829013824463,0.277217298746109,1.398898959159851,496.6418743133545,8733.52074623108,6597,6597,1.0,False,33.10945828755697
44,full,37,7.254137992858887,7.148215174674988,0.256584495306015,1.3787245750427246,502.93612480163574,8786.31329536438,6675,6675,1.0,False,33.52907498677572
44,full,38,7.144666314125061,7.10212767124176,0.23529259860515594,1.366254448890686,506.2375068664551,8867.932558059692,6747,6747,1.0,False,33.749167124430336
44,full,39,7.078381776809692,7.005135416984558,0.21486084163188934,1.3438533544540405,512.3209953308105,8674.865245819092,6815,6815,1.0,False,34.15473302205404
44,full,40,6.911553740501404,6.820236444473267,0.1709541529417038,1.3178935050964355,588.5858535766602,8876.68514251709,6887,6887,1.0,False,39.23905690511068
44,full,41,6.372913122177124,6.27572774887085,0.12053948640823364,1.3080415725708008,504.0152072906494,8794.858694076538,6961,6961,1.0,False,33.601013819376625
44,full,42,6.3088226318359375,6.178467273712158,0.06811796128749847,1.2925934791564941,506.76679611206055,8624.193906784058,7036,7036,1.0,False,33.78445307413737
44,full,43,5.887947082519531,5.790928602218628,-0.03492923080921173,1.2881077527999878,506.9994926452637,8779.473543167114,7109,7109,1.0,False,33.799966176350914
44,full,44,5.568060874938965,5.447150468826294,-0.11114716529846191,1.2799770832061768,526.2813568115234,8899.668455123901,7179,7179,1.0,False,35.0854237874349
44,full,45,5.469530820846558,5.344353914260864,-0.13347816467285156,1.2608108520507812,545.7584857940674,9034.563541412354,7251,7251,1.0,False,36.38389905293783
44,full,46,5.377298593521118,5.2337729930877686,-0.17778901755809784,1.2338887453079224,502.00891494750977,8819.031715393066,7327,7327,1.0,False,33.46726099650065
44,full,47,5.366557836532593,5.252336263656616,-0.1875697374343872,1.213391900062561,504.8871040344238,8799.102544784546,7397,7397,1.0,False,33.659140268961586
44,full,48,5.528002381324768,5.34209132194519,-0.16181758046150208,1.1922110319137573,507.7071189880371,8630.05542755127,7470,7470,1.0,False,33.84714126586914
44,full,49,5.696914792060852,5.592892169952393,-0.13741157948970795,1.1779792308807373,517.5056457519531,8609.10964012146,7542,7542,1.0,False,34.50037638346354
44,random,1,12.114126682281494,12.107350826263428,0.7918574213981628,1.1868295669555664,67.36445426940918,6798.915863037109,4064,9,0.0022145669291338582,True,4.490963617960612
44,random,2,10.651848316192627,10.646922588348389,0.7088479995727539,1.198093056678772,64.95237350463867,6683.247804641724,4138,9,0.0021749637506041568,True,4.330158233642578
44,random,3,9.981555938720703,9.971359372138977,0.6602293848991394,1.2117592096328735,72.87287712097168,6948.778867721558,4216,9,0.0021347248576850096,True,4.858191808064778
44,random,4,9.605355262756348,9.60102379322052,0.6319258213043213,1.2267011404037476,68.6485767364502,6722.351312637329,4289,9,0.002098391233387736,True,4.576571782430013
44,random,5,9.379626512527466,9.374157190322876,0.6135572195053101,1.2441041469573975,78.57751846313477,7001.932144165039,4362,9,0.0020632737276478678,True,5.238501230875651
44,random,6,9.065924882888794,9.060614109039307,0.5816302299499512,1.2664825916290283,67.34275817871094,7107.740640640259,4436,9,0.0020288548241659153,True,4.4895172119140625
44,random,7,8.4884113073349,8.479565382003784,0.5180661678314209,1.2927361726760864,58.81690979003906,6962.133169174194,4511,8,0.0017734426956328973,True,3.9211273193359375
44,random,8,7.991247177124023,7.987409830093384,0.46007442474365234,1.3173243999481201,62.60418891906738,7000.897645950317,4586,9,0.0019624945486262538,True,4.173612594604492
44,random,9,7.637114524841309,7.635643482208252,0.4127042889595032,1.3413559198379517,66.83087348937988,7015.945672988892,4659,9,0.0019317450096587251,True,4.455391565958659
44,random,10,7.310738563537598,7.30904221534729,0.3663763999938965,1.364081859588623,50.905466079711914,7333.420515060425,4735,8,0.001689545934530095,True,3.393697738647461
44,random,11,7.083250284194946,7.0824843645095825,0.33279794454574585,1.383009910583496,49.897193908691406,7264.631032943726,4810,8,0.0016632016632016633,True,3.3264795939127603
44,random,12,6.878204345703125,6.875669360160828,0.30026185512542725,1.401408314704895,63.971757888793945,7235.049724578857,4884,8,0.001638001638001638,True,4.26478385925293
44,random,13,6.676226854324341,6.67428195476532,0.2659435272216797,1.423335075378418,64.46290016174316,7350.855588912964,4953,9,0.0018170805572380376,True,4.297526677449544
44,random,14,6.443043351173401,6.441860198974609,0.2266085147857666,1.4390535354614258,66.20383262634277,7219.956398010254,5024,9,0.0017914012738853504,True,4.413588841756185
44,random,15,6.34817361831665,6.342880129814148,0.2080782651901245,1.445443034172058,59.335947036743164,7112.4420166015625,5102,8,0.0015680125441003528,True,3.9557298024495444
44,random,16,6.31834089756012,6.303253769874573,0.19809037446975708,1.448603630065918,66.03384017944336,7403.4059047698975,5171,8,0.0015470895378070005,True,4.402256011962891
44,random,17,6.212459206581116,6.192878484725952,0.17861804366111755,1.446230411529541,58.55393409729004,7755.117416381836,5246,8,0.0015249714067861228,True,3.9035956064860025
44,random,18,6.187747120857239,6.159834265708923,0.17388466000556946,1.4437779188156128,48.64239692687988,7496.136665344238,5317,8,0.0015046078615760768,True,3.242826461791992
44,random,19,6.20724081993103,6.177757978439331,0.17300407588481903,1.4304105043411255,54.525136947631836,7616.456031799316,5386,7,0.0012996658002228,True,3.6350091298421225
44,random,20,6.197400093078613,6.160234212875366,0.16571742296218872,1.422119140625,54.20684814453125,7628.779411315918,5460,8,0.0014652014652014652,True,3.6137898763020835
44,random,21,6.143848896026611,6.11097514629364,0.14947521686553955,1.4127949476242065,53.8177490234375,7693.812608718872,5526,7,0.0012667390517553383,True,3.5878499348958335
44,random,22,6.193854808807373,6.127029061317444,0.14929303526878357,1.393338680267334,36.81635856628418,7874.509334564209,5598,6,0.0010718113612004287,True,2.4544239044189453
44,random,23,6.297623515129089,6.243457794189453,0.1603604555130005,1.3829702138900757,56.48517608642578,7890.786409378052,5665,8,0.001412180052956752,True,3.7656784057617188
44,random,24,6.41304612159729,6.371161937713623,0.17117957770824432,1.3705261945724487,64.28647041320801,7747.747898101807,5739,8,0.0013939710751001916,True,4.285764694213867
44,random,25,6.536183953285217,6.479954123497009,0.185499370098114,1.354244589805603,26.808500289916992,7855.400085449219,5807,6,0.0010332357499569485,True,1.7872333526611328
44,random,26,6.708706021308899,6.632401943206787,0.21302032470703125,1.3435733318328857,45.82333564758301,7814.434051513672,5879,7,0.0011906786868515053,True,3.0548890431722007
44,random,27,6.9351524114608765,6.866814494132996,0.23878854513168335,1.3610678911209106,60.06455421447754,7769.192695617676,5954,8,0.0013436345314074571,True,4.004303614298503
44,random,28,7.114173173904419,7.06633448600769,0.26019418239593506,1.358824610710144,48.42257499694824,8124.20129776001,6024,7,0.0011620185922974768,True,3.2281716664632163
44,random,29,7.286998629570007,7.1918803453445435,0.28641340136528015,1.3535387516021729,45.578956604003906,8086.729288101196,6097,7,0.001148105625717566,True,3.0385971069335938
44,random,30,7.442516088485718,7.395254969596863,0.29783570766448975,1.3883167505264282,58.19272994995117,8237.723588943481,6172,8,0.0012961762799740765,True,3.8795153299967446
44,random,31,7.4975258111953735,7.44965672492981,0.3047303557395935,1.4075913429260254,51.20062828063965,8375.437498092651,6243,7,0.0011212558065032837,True,3.41337521870931
44,random,32,7.48934805393219,7.458685040473938,0.30041295289993286,1.4270647764205933,58.46285820007324,8236.762762069702,6310,8,0.0012678288431061807,True,3.897523880004883
44,random,33,7.394058704376221,7.353419065475464,0.29266104102134705,1.4421101808547974,40.11416435241699,8378.005981445312,6380,6,0.0009404388714733542,True,2.6742776234944663
44,random,34,7.3365092277526855,7.297716736793518,0.27942782640457153,1.4384809732437134,47.2261905670166,8364.10927772522,6449,7,0.0010854396030392309,True,3.1484127044677734
44,random,35,7.254533767700195,7.220128178596497,0.2687799334526062,1.4277493953704834,41.837215423583984,8253.74174118042,6527,7,0.001072468208978091,True,2.789147694905599
44,random,36,7.224358916282654,7.189140319824219,0.265539288520813,1.398898959159851,51.22852325439453,8881.452083587646,6602,7,0.0010602847621932747,True,3.4152348836263022
44,random,37,7.185434103012085,7.0940715074539185,0.2512108087539673,1.3787245750427246,57.40189552307129,8639.766454696655,6674,8,0.001198681450404555,True,3.8267930348714194
44,random,38,7.118050456047058,7.0672667026519775,0.23714540898799896,1.366254448890686,59.77511405944824,8353.495836257935,6745,7,0.0010378057820607859,True,3.9850076039632163
44,random,39,7.058064937591553,7.0074546337127686,0.21940378844738007,1.3438533544540405,48.12479019165039,8604.352235794067,6819,6,0.0008798944126704796,True,3.208319346110026
44,random,40,6.856004595756531,6.8007272481918335,0.1711674928665161,1.3178935050964355,48.81715774536133,8493.837356567383,6893,8,0.0011605977078195271,True,3.2544771830240884
44,random,41,6.281081438064575,6.191887259483337,0.11345931142568588,1.3080415725708008,29.326200485229492,8172.381401062012,6970,7,0.0010043041606886656,True,1.9550800323486328
44,random,42,6.143330931663513,6.064063906669617,0.04846251755952835,1.2925934791564941,34.10148620605469,8468.994140625,7048,7,0.0009931895573212259,True,2.273432413736979
44,random,43,5.816175937652588,5.651463866233826,-0.04073667526245117,1.2881077527999878,38.96784782409668,8121.479272842407,7120,6,0.0008426966292134832,True,2.5978565216064453
44,random,44,5.541450381278992,5.387755632400513,-0.11171000450849533,1.2799770832061768,42.21487045288086,8407.801151275635,7192,7,0.0009733036707452725,True,2.814324696858724
44,random,45,5.42073667049408,5.325157046318054,-0.1380387842655182,1.2608108520507812,43.74194145202637,8153.088808059692,7267,7,0.0009632585661208202,True,2.9161294301350913
44,random,46,5.341487526893616,5.187456011772156,-0.18117885291576385,1.2338887453079224,32.64808654785156,8212.454557418823,7340,7,0.0009536784741144414,True,2.176539103190104
44,random,47,5.373489260673523,5.229681730270386,-0.18258574604988098,1.213391900062561,43.14875602722168,8525.718212127686,7410,6,0.0008097165991902834,True,2.876583735148112
44,random,48,5.5471402406692505,5.368826389312744,-0.15166154503822327,1.1922110319137573,55.620670318603516,8131.79874420166,7488,7,0.0009348290598290599,True,3.708044687906901
44,random,49,5.743275880813599,5.6175172328948975,-0.12229663133621216,1.1779792308807373,57.12175369262695,8532.90581703186,7561,7,0.0009258034651501124,True,3.808116912841797
44,error_only,1,12.1116042137146,12.107350826263428,0.7917594313621521,1.1868295669555664,24.761438369750977,6676.7542362213135,4066,9,0.0022134776192818495,True,1.6507625579833984
44,error_only,2,10.656144618988037,10.646047592163086,0.7091748118400574,1.198093056678772,21.304607391357422,6650.840759277344,4140,9,0.002173913043478261,True,1.4203071594238281
44,error_only,3,9.980853199958801,9.975280165672302,0.6601983904838562,1.2117592096328735,21.396398544311523,6861.369848251343,4208,10,0.002376425855513308,True,1.4264265696207683
44,error_only,4,9.606598019599915,9.599451422691345,0.632034420967102,1.2267011404037476,22.990942001342773,7073.525428771973,4281,10,0.00233590282644242,True,1.5327294667561848
44,error_only,5,9.377884864807129,9.374752640724182,0.6133963465690613,1.2441041469573975,20.864248275756836,6995.374917984009,4353,10,0.002297266253158741,True,1.3909498850504558
44,error_only,6,9.068853855133057,9.05882477760315,0.5819467902183533,1.2664825916290283,20.86186408996582,6841.656446456909,4425,10,0.0022598870056497176,True,1.3907909393310547
44,error_only,7,8.48612904548645,8.480911254882812,0.5178773403167725,1.2927361726760864,21.266698837280273,7070.950746536255,4498,9,0.0020008892841262785,True,1.4177799224853516
44,error_only,8,7.990391850471497,7.982020974159241,0.4598127603530884,1.3173243999481201,23.828744888305664,7047.183990478516,4570,9,0.0019693654266958426,True,1.588582992553711
44,error_only,9,7.6417624950408936,7.634856104850769,0.413025826215744,1.3413559198379517,19.014596939086914,6805.027008056641,4640,9,0.001939655172413793,True,1.2676397959391277
44,error_only,10,7.312907576560974,7.308298945426941,0.36590325832366943,1.364081859588623,11.838674545288086,7218.0516719818115,4712,8,0.001697792869269949,False,0.7892449696858724
44,error_only,11,7.081632018089294,7.078719735145569,0.3315473794937134,1.383009910583496,10.945320129394531,7346.40908241272,4783,8,0.00167259042441982,False,0.7296880086263021
44,error_only,12,6.877809762954712,6.876944303512573,0.29926997423171997,1.401408314704895,19.145727157592773,7273.51975440979,4857,8,0.0016471072678608193,True,1.2763818105061848
44,error_only,13,6.682300567626953,6.68165922164917,0.26610082387924194,1.423335075378418,18.0356502532959,7322.640657424927,4932,7,0.001419302514193025,True,1.2023766835530598
44,error_only,14,6.45584762096405,6.450161933898926,0.22776095569133759,1.4390535354614258,12.666940689086914,7255.004167556763,5006,7,0.0013983220135836995,False,0.8444627126057943
44,error_only,15,6.364215016365051,6.352996826171875,0.20944726467132568,1.445443034172058,23.12445640563965,7419.509172439575,5075,7,0.001379310344827586,True,1.5416304270426433
44,error_only,16,6.3375067710876465,6.314906477928162,0.1998075246810913,1.448603630065918,28.36322784423828,7524.147033691406,5147,7,0.0013600155430347775,True,1.890881856282552
44,error_only,17,6.2497031688690186,6.21057391166687,0.18289463222026825,1.446230411529541,22.203445434570312,7787.2443199157715,5217,6,0.0011500862564692352,True,1.4802296956380208
44,error_only,18,6.244804263114929,6.195821166038513,0.18060509860515594,1.4437779188156128,22.290468215942383,7455.013751983643,5286,6,0.0011350737797956867,True,1.486031214396159
44,error_only,19,6.302709579467773,6.233683824539185,0.18479947745800018,1.4304105043411255,26.576757431030273,7563.289403915405,5353,6,0.0011208668036614981,True,1.7717838287353516
44,error_only,20,6.31144106388092,6.254512667655945,0.1792784184217453,1.422119140625,34.21473503112793,7335.241317749023,5420,6,0.001107011070110701,True,2.280982335408529
44,error_only,21,6.285019516944885,6.223032474517822,0.16673842072486877,1.4127949476242065,25.016069412231445,7589.55454826355,5490,6,0.001092896174863388,True,1.6677379608154297
44,error_only,22,6.2996697425842285,6.265468597412109,0.16246962547302246,1.393338680267334,15.846729278564453,7879.660844802856,5558,6,0.0010795250089960418,True,1.0564486185709636
44,error_only,23,6.42762303352356,6.346381902694702,0.17763976752758026,1.3829702138900757,26.54743194580078,7654.290437698364,5627,6,0.0010662875422072153,True,1.7698287963867188
44,error_only,24,6.564229130744934,6.494154334068298,0.19225482642650604,1.3705261945724487,28.72323989868164,8026.479244232178,5697,6,0.00105318588730911,True,1.9148826599121094
44,error_only,25,6.66830837726593,6.624724864959717,0.20436279475688934,1.354244589805603,35.83025932312012,7911.389112472534,5767,6,0.0010404022888850356,True,2.3886839548746743
44,error_only,26,6.81080162525177,6.758638024330139,0.2262275069952011,1.3435733318328857,26.078462600708008,7971.40097618103,5834,6,0.0010284538909838875,True,1.738564173380534
44,error_only,27,7.055177092552185,6.985257863998413,0.2549014389514923,1.3610678911209106,23.793935775756836,8705.502033233643,5904,5,0.0008468834688346884,True,1.5862623850504558
44,error_only,28,7.286930084228516,7.201053500175476,0.2844700217247009,1.358824610710144,27.42481231689453,8611.531257629395,5974,5,0.0008369601606963508,True,1.828320821126302
44,error_only,29,7.427475452423096,7.360587120056152,0.30459779500961304,1.3535387516021729,31.19373321533203,8429.266691207886,6042,5,0.0008275405494869249,True,2.0795822143554688
44,error_only,30,7.572376728057861,7.499861717224121,0.3132728934288025,1.3883167505264282,28.7017822265625,8324.235916137695,6111,5,0.0008181966944853543,True,1.9134521484375
44,error_only,31,7.619848251342773,7.5582075119018555,0.318252295255661,1.4075913429260254,26.245832443237305,8348.98567199707,6178,5,0.0008093234056328909,True,1.749722162882487
44,error_only,32,7.613114714622498,7.547725439071655,0.3125399351119995,1.4270647764205933,25.860309600830078,8139.905214309692,6252,5,0.000799744081893794,True,1.7240206400553386
44,error_only,33,7.5155675411224365,7.455970048904419,0.30359989404678345,1.4421101808547974,26.372432708740234,8215.198040008545,6325,5,0.0007905138339920949,True,1.7581621805826824
44,error_only,34,7.412357330322266,7.3644256591796875,0.2818729877471924,1.4384809732437134,15.858888626098633,8534.118175506592,6394,4,0.0006255864873318737,True,1.057259241739909
44,error_only,35,7.285140156745911,7.254354953765869,0.2637443542480469,1.4277493953704834,22.368907928466797,8427.67596244812,6463,4,0.0006189076280365155,True,1.4912605285644531
44,error_only,36,7.220976948738098,7.164744734764099,0.2523711621761322,1.398898959159851,24.076461791992188,8548.675537109375,6533,4,0.0006122761365375785,True,1.6050974527994792
44,error_only,37,7.094184160232544,7.031891345977783,0.22331075370311737,1.3787245750427246,20.688772201538086,8795.389652252197,6603,4,0.0006057852491291837,True,1.379251480102539
44,error_only,38,7.0097315311431885,6.923922896385193,0.2019948661327362,1.366254448890686,14.978647232055664,8691.999673843384,6679,4,0.0005988920497080402,False,0.9985764821370443
44,error_only,39,6.909509897232056,6.851990222930908,0.1735052466392517,1.3438533544540405,17.448902130126953,8703.983783721924,6753,4,0.0005923293351103214,True,1.1632601420084636
44,error_only,40,6.751720905303955,6.687265634536743,0.13106504082679749,1.3178935050964355,17.838239669799805,8711.033344268799,6827,4,0.0005859088911674235,True,1.1892159779866536
44,error_only,41,6.2320476770401,6.14460825920105,0.08573354780673981,1.3080415725708008,18.35489273071289,8556.6565990448,6903,4,0.0005794582065768506,True,1.2236595153808594
44,error_only,42,6.169282793998718,6.056497097015381,0.03384656831622124,1.2925934791564941,18.624067306518555,8452.1963596344,6977,4,0.0005733123118818977,True,1.241604487101237
44,error_only,43,5.838965177536011,5.681824088096619,-0.054326217621564865,1.2881077527999878,14.349937438964844,8499.39751625061,7049,4,0.0005674563767910342,False,0.9566624959309896
44,error_only,44,5.512636303901672,5.429205894470215,-0.12899337708950043,1.2799770832061768,14.558792114257812,8145.100355148315,7122,4,0.0005616399887672002,False,0.9705861409505209
44,error_only,45,5.444886684417725,5.310991406440735,-0.14682677388191223,1.2608108520507812,20.23458480834961,8534.059286117554,7189,4,0.0005564056196967589,True,1.3489723205566406
44,error_only,46,5.327526330947876,5.230498909950256,-0.19278621673583984,1.2338887453079224,24.83844757080078,8920.775651931763,7259,5,0.0006888001102080177,True,1.655896504720052
44,error_only,47,5.3421372175216675,5.206388831138611,-0.20014581084251404,1.213391900062561,17.533540725708008,8884.863138198853,7332,5,0.0006819421713038735,True,1.1689027150472004
44,error_only,48,5.493674874305725,5.335051417350769,-0.17128732800483704,1.1922110319137573,30.33733367919922,8672.778129577637,7403,5,0.000675401864109145,True,2.0224889119466147
44,error_only,49,5.676950812339783,5.58117151260376,-0.14102905988693237,1.1779792308807373,27.384281158447266,8721.931457519531,7471,5,0.0006692544505420961,True,1.8256187438964844
44,ours,1,12.11297869682312,12.107350826263428,0.7918288111686707,1.1868295669555664,44.62838172912598,7038.284063339233,4067,5,0.0012294074256208507,True,2.9752254486083984
44,ours,2,10.656659603118896,10.64764142036438,0.7092177271842957,1.198093056678772,46.594858169555664,7119.874000549316,4140,5,0.0012077294685990338,True,3.1063238779703775
44,ours,3,9.981186389923096,9.976732730865479,0.6602901220321655,1.2117592096328735,42.52934455871582,7004.471778869629,4213,5,0.0011868027533823878,True,2.835289637247721
44,ours,4,9.6097332239151,9.59817886352539,0.6322391033172607,1.2267011404037476,36.4992618560791,7176.464080810547,4282,4,0.0009341429238673517,True,2.433284123738607
44,ours,5,9.380348324775696,9.378393292427063,0.6135701537132263,1.2441041469573975,30.628204345703125,7179.300308227539,4356,3,0.0006887052341597796,True,2.0418802897135415
44,ours,6,9.064531922340393,9.061567783355713,0.5816270112991333,1.2664825916290283,39.629459381103516,7286.8332862854,4429,3,0.0006773538044705351,True,2.6419639587402344
44,ours,7,8.487727642059326,8.478994965553284,0.5181348323822021,1.2927361726760864,42.41299629211426,7333.193302154541,4505,4,0.0008879023307436182,True,2.8275330861409507
44,ours,8,7.988944053649902,7.9879069328308105,0.4599083364009857,1.3173243999481201,33.93149375915527,7468.77121925354,4577,3,0.0006554511688879179,True,2.262099583943685
44,ours,9,7.6356542110443115,7.633232474327087,0.41256460547447205,1.3413559198379517,37.77480125427246,7472.891330718994,4655,3,0.0006444683136412459,True,2.518320083618164
44,ours,10,7.308284044265747,7.307444214820862,0.36585959792137146,1.364081859588623,28.28216552734375,7481.148242950439,4728,3,0.0006345177664974619,True,1.8854777018229167
44,ours,11,7.082543969154358,7.079207897186279,0.3323971927165985,1.383009910583496,39.32952880859375,7460.25538444519,4796,3,0.0006255212677231026,True,2.6219685872395835
44,ours,12,6.877632141113281,6.875723600387573,0.2998487949371338,1.401408314704895,30.991554260253906,7590.609788894653,4871,2,0.0004105933073290905,True,2.0661036173502603
44,ours,13,6.677156090736389,6.675374507904053,0.26572489738464355,1.423335075378418,33.42080116271973,7739.753723144531,4943,2,0.00040461258345134534,True,2.228053410847982
44,ours,14,6.450463533401489,6.447102427482605,0.22742824256420135,1.4390535354614258,32.973289489746094,7652.50301361084,5013,2,0.00039896269698783165,True,2.1982192993164062
44,ours,15,6.360107064247131,6.347641348838806,0.20924346148967743,1.445443034172058,35.840511322021484,7631.985664367676,5082,2,0.0003935458480913026,True,2.389367421468099
44,ours,16,6.330663561820984,6.311796307563782,0.1994665265083313,1.448603630065918,49.16715621948242,8352.726221084595,5153,2,0.00038812342324859306,True,3.2778104146321616
44,ours,17,6.229521036148071,6.205508708953857,0.1800878643989563,1.446230411529541,31.115293502807617,8789.952278137207,5227,2,0.0003826286588865506,True,2.0743529001871743
44,ours,18,6.221035122871399,6.176345944404602,0.17726990580558777,1.4437779188156128,31.7690372467041,7902.084112167358,5296,2,0.00037764350453172205,True,2.11793581644694
44,ours,19,6.256580352783203,6.2098681926727295,0.17859196662902832,1.4304105043411255,19.17433738708496,7962.5303745269775,5368,2,0.00037257824143070045,True,1.2782891591389973
44,ours,20,6.247878670692444,6.2057483196258545,0.17158445715904236,1.422119140625,25.687456130981445,7930.33242225647,5438,2,0.0003677822728944465,True,1.712497075398763
44,ours,21,6.211385726928711,6.161259412765503,0.15730462968349457,1.4127949476242065,43.79534721374512,7936.070442199707,5512,2,0.000362844702467344,True,2.9196898142496743
44,ours,22,6.2442851066589355,6.199755072593689,0.1554722934961319,1.393338680267334,28.402090072631836,7893.604040145874,5585,2,0.00035810205908683976,True,1.893472671508789
44,ours,23,6.362248659133911,6.301320195198059,0.16900870203971863,1.3829702138900757,21.71921730041504,8181.910276412964,5658,2,0.0003534817956875221,True,1.4479478200276692
44,ours,24,6.537981033325195,6.442390084266663,0.190016508102417,1.3705261945724487,26.909828186035156,8351.492404937744,5723,2,0.00034946706272933774,True,1.793988545735677
44,ours,25,6.640918254852295,6.605398058891296,0.20220458507537842,1.354244589805603,28.568029403686523,8246.281147003174,5792,2,0.0003453038674033149,True,1.9045352935791016
44,ours,26,6.802975535392761,6.7383188009262085,0.22691302001476288,1.3435733318328857,32.08017349243164,8488.179206848145,5859,2,0.0003413551800648575,True,2.138678232828776
44,ours,27,7.002875804901123,6.9589656591415405,0.24923735857009888,1.3610678911209106,23.940563201904297,8530.767679214478,5933,2,0.0003370975897522333,True,1.5960375467936199
44,ours,28,7.213929891586304,7.136483192443848,0.2752431035041809,1.358824610710144,24.16706085205078,8516.013860702515,6003,2,0.0003331667499583542,True,1.6111373901367188
44,ours,29,7.3413801193237305,7.298495173454285,0.2943049669265747,1.3535387516021729,23.735523223876953,8603.52635383606,6072,2,0.00032938076416337287,True,1.5823682149251301
44,ours,30,7.4573469161987305,7.404817342758179,0.2988741099834442,1.3883167505264282,29.39891815185547,8595.953226089478,6144,2,0.0003255208333333333,True,1.9599278767903645
44,ours,31,7.4689781665802,7.427983283996582,0.29888248443603516,1.4075913429260254,28.280258178710938,8715.660095214844,6216,2,0.00032175032175032174,True,1.8853505452473958
44,ours,32,7.494304776191711,7.418040037155151,0.29908862709999084,1.4270647764205933,27.049779891967773,8706.653833389282,6291,2,0.00031791448100460976,True,1.8033186594645183
44,ours,33,7.390343546867371,7.317524552345276,0.28888237476348877,1.4421101808547974,25.903701782226562,8849.485874176025,6366,2,0.00031416902293433867,True,1.7269134521484375
44,ours,34,7.309030890464783,7.267298102378845,0.27171415090560913,1.4384809732437134,29.958486557006836,8756.17265701294,6441,2,0.0003105107902499612,True,1.997232437133789
44,ours,35,7.249704599380493,7.220211029052734,0.26497748494148254,1.4277493953704834,22.031545639038086,8850.353240966797,6512,1,0.00015356265356265356,True,1.4687697092692058
44,ours,36,7.279329895973206,7.177550792694092,0.2690669894218445,1.398898959159851,23.845911026000977,8891.285419464111,6584,1,0.00015188335358444713,True,1.5897274017333984
44,ours,37,7.208454608917236,7.146778702735901,0.2504958510398865,1.3787245750427246,20.685911178588867,8763.831615447998,6657,1,0.0001502178158329578,True,1.3790607452392578
44,ours,38,7.140423059463501,7.0955705642700195,0.23546068370342255,1.366254448890686,21.48914337158203,8972.672462463379,6728,1,0.00014863258026159333,True,1.4326095581054688
44,ours,39,7.069337964057922,7.009939551353455,0.2139282524585724,1.3438533544540405,21.129369735717773,8935.156106948853,6804,1,0.00014697236919459142,True,1.4086246490478516
44,ours,40,6.853972673416138,6.795488595962524,0.16303621232509613,1.3178935050964355,21.939516067504883,9033.119201660156,6872,1,0.00014551804423748544,True,1.4626344045003254
44,ours,41,6.27501904964447,6.2121158838272095,0.10470233857631683,1.3080415725708008,22.6900577545166,8867.397546768188,6942,1,0.00014405070584845865,True,1.5126705169677734
44,ours,42,6.207107901573181,6.098724603652954,0.053434111177921295,1.2925934791564941,22.864103317260742,8881.19912147522,7016,1,0.00014253135689851768,True,1.5242735544840496
44,ours,43,5.802932977676392,5.684174299240112,-0.04700911045074463,1.2881077527999878,24.18684959411621,8965.821981430054,7087,1,0.00014110342881332017,True,1.6124566396077473
44,ours,44,5.497382283210754,5.373247265815735,-0.12267374992370605,1.2799770832061768,22.897958755493164,8992.286205291748,7157,1,0.0001397233477714126,True,1.5265305836995442
44,ours,45,5.413225889205933,5.291248559951782,-0.14429570734500885,1.2608108520507812,24.88112449645996,9798.853635787964,7221,1,0.00013848497438027975,True,1.6587416330973308
44,ours,46,5.244165658950806,5.17020583152771,-0.20240312814712524,1.2338887453079224,27.34851837158203,10102.757453918457,7290,1,0.00013717421124828533,True,1.8232345581054688
44,ours,47,5.295934081077576,5.130714178085327,-0.201955184340477,1.213391900062561,28.497934341430664,9713.867664337158,7366,1,0.00013575889220743959,True,1.899862289428711
44,ours,48,5.4642075300216675,5.288083553314209,-0.17207670211791992,1.1922110319137573,19.766807556152344,9773.789644241333,7440,1,0.00013440860215053763,True,1.3177871704101562
44,ours,49,5.670230388641357,5.532647371292114,-0.1408827304840088,1.1779792308807373,29.33502197265625,10023.63133430481,7514,1,0.00013308490817141337,True,1.9556681315104167
45,full,1,12.112350463867188,12.107350826263428,0.7918096780776978,1.1868295669555664,537.6768112182617,8054.906129837036,4064,4064,1.0,False,35.84512074788412
45,full,2,10.661804676055908,10.646092891693115,0.7094601392745972,1.198093056678772,508.98146629333496,8005.202770233154,4138,4138,1.0,False,33.932097752889
45,full,3,9.981963038444519,9.977725148200989,0.660211980342865,1.2117592096328735,449.43952560424805,7515.0158405303955,4210,4210,1.0,False,29.962635040283203
45,full,4,9.608248472213745,9.596061110496521,0.6320000886917114,1.2267011404037476,456.2666416168213,7270.718097686768,4287,4287,1.0,False,30.417776107788086
45,full,5,9.379443526268005,9.377907514572144,0.6133601069450378,1.2441041469573975,467.8370952606201,7365.480661392212,4360,4360,1.0,False,31.18913968404134
45,full,6,9.067841172218323,9.06076192855835,0.5817135572433472,1.2664825916290283,464.9312496185303,7409.787178039551,4438,4438,1.0,False,30.99541664123535
45,full,7,8.486867547035217,8.481401205062866,0.5179431438446045,1.2927361726760864,469.027042388916,7302.336692810059,4510,4510,1.0,False,31.268469492594402
45,full,8,7.99699604511261,7.9872459173202515,0.4605591893196106,1.3173243999481201,458.6138725280762,7505.484819412231,4582,4582,1.0,False,30.57425816853841
45,full,9,7.637406587600708,7.636987566947937,0.4125247895717621,1.3413559198379517,469.071626663208,7593.173503875732,4652,4652,1.0,False,31.2714417775472
45,full,10,7.3111748695373535,7.307973504066467,0.36593446135520935,1.364081859588623,479.2954921722412,7762.676477432251,4730,4730,1.0,False,31.953032811482746
45,full,11,7.080749273300171,7.078434228897095,0.3317248821258545,1.383009910583496,456.4838409423828,7477.8125286102295,4804,4804,1.0,False,30.43225606282552
45,full,12,6.874896287918091,6.87299370765686,0.2989735007286072,1.401408314704895,469.30670738220215,7551.077842712402,4877,4877,1.0,False,31.287113825480144
45,full,13,6.683257818222046,6.679936051368713,0.2663620412349701,1.423335075378418,475.2340316772461,7896.453142166138,4949,4949,1.0,False,31.682268778483074
45,full,14,6.462769508361816,6.449675559997559,0.22861608862876892,1.4390535354614258,476.9155979156494,7537.131071090698,5016,5016,1.0,False,31.79437319437663
45,full,15,6.383516788482666,6.359500288963318,0.21175670623779297,1.445443034172058,477.76341438293457,7706.862688064575,5090,5090,1.0,False,31.850894292195637
45,full,16,6.359463930130005,6.3389140367507935,0.2028617262840271,1.448603630065918,466.14742279052734,7669.402599334717,5165,5165,1.0,False,31.076494852701824
45,full,17,6.265897750854492,6.231310963630676,0.18562136590480804,1.446230411529541,483.2618236541748,7878.722429275513,5238,5238,1.0,False,32.21745491027832
45,full,18,6.235132813453674,6.211754679679871,0.18018029630184174,1.4437779188156128,477.5686264038086,7964.795112609863,5310,5310,1.0,False,31.837908426920574
45,full,19,6.2538743019104,6.226269602775574,0.17854271829128265,1.4304105043411255,472.7144241333008,7789.137601852417,5378,5378,1.0,False,31.51429494222005
45,full,20,6.2539297342300415,6.2049800157547,0.17248210310935974,1.422119140625,474.2569923400879,7681.960105895996,5447,5447,1.0,False,31.617132822672527
45,full,21,6.227846145629883,6.171388626098633,0.16115260124206543,1.4127949476242065,454.00166511535645,7487.226963043213,5515,5515,1.0,False,30.266777674357098
45,full,22,6.2753283977508545,6.209814548492432,0.16121764481067657,1.393338680267334,502.99668312072754,8097.9437828063965,5590,5590,1.0,False,33.5331122080485
45,full,23,6.389392018318176,6.337295174598694,0.17453518509864807,1.3829702138900757,501.56116485595703,8180.4821491241455,5656,5656,1.0,False,33.43741099039713
45,full,24,6.522981524467468,6.474553942680359,0.18917112052440643,1.3705261945724487,489.87722396850586,8256.583213806152,5725,5725,1.0,False,32.65848159790039
45,full,25,6.633325815200806,6.5848976373672485,0.2022140473127365,1.354244589805603,483.7019443511963,8183.206081390381,5797,5797,1.0,False,32.24679629007975
45,full,26,6.775649785995483,6.722658276557922,0.22352395951747894,1.3435733318328857,504.8205852508545,8175.269603729248,5873,5873,1.0,False,33.6547056833903
45,full,27,6.975375413894653,6.9345623254776,0.24535489082336426,1.3610678911209106,498.82054328918457,8433.745622634888,5944,5944,1.0,False,33.25470288594564
45,full,28,7.181288003921509,7.107882499694824,0.2718063294887543,1.358824610710144,501.41429901123047,8396.818399429321,6012,6012,1.0,False,33.42761993408203
45,full,29,7.352063059806824,7.2846561670303345,0.2981821298599243,1.3535387516021729,490.56553840637207,8438.699960708618,6084,6084,1.0,False,32.70436922709147
45,full,30,7.506970167160034,7.452765107154846,0.30904698371887207,1.3883167505264282,477.3550033569336,8288.008451461792,6152,6152,1.0,False,31.82366689046224
45,full,31,7.53183901309967,7.487976551055908,0.31068235635757446,1.4075913429260254,494.586706161499,8655.653715133667,6217,6217,1.0,False,32.972447077433266
45,full,32,7.5398606061935425,7.489221096038818,0.30823183059692383,1.4270647764205933,476.6736030578613,8193.090915679932,6288,6288,1.0,False,31.778240203857422
45,full,33,7.419734001159668,7.365983724594116,0.2959457039833069,1.4421101808547974,511.89160346984863,8514.934539794922,6362,6362,1.0,False,34.12610689798991
45,full,34,7.307470440864563,7.2749751806259155,0.27422910928726196,1.4384809732437134,501.39546394348145,8684.41128730774,6436,6436,1.0,False,33.426364262898765
45,full,35,7.284289002418518,7.214605808258057,0.2724297046661377,1.4277493953704834,526.4158248901367,8867.261171340942,6510,6510,1.0,False,35.09438832600912
45,full,36,7.2571611404418945,7.214810848236084,0.26852893829345703,1.398898959159851,579.0660381317139,9041.404008865356,6581,6581,1.0,False,38.60440254211426
45,full,37,7.19151496887207,7.121361494064331,0.2517596185207367,1.3787245750427246,522.9966640472412,9061.222314834595,6657,6657,1.0,False,34.86644426981608
45,full,38,7.110934853553772,7.045748829841614,0.23363971710205078,1.366254448890686,530.8756828308105,9024.508953094482,6732,6732,1.0,False,35.3917121887207
45,full,39,6.990652084350586,6.931254863739014,0.20358632504940033,1.3438533544540405,522.6526260375977,8949.981689453125,6803,6803,1.0,False,34.84350840250651
45,full,40,6.854017972946167,6.781755685806274,0.1655765175819397,1.3178935050964355,594.2630767822266,9682.636976242065,6882,6882,1.0,False,39.61753845214844
45,full,41,6.3372886180877686,6.21993362903595,0.11810903251171112,1.3080415725708008,529.1166305541992,9805.270195007324,6954,6954,1.0,False,35.27444203694662
45,full,42,6.239998936653137,6.124699711799622,0.06087321788072586,1.2925934791564941,533.8242053985596,9125.88357925415,7026,7026,1.0,False,35.58828035990397
45,full,43,5.834940671920776,5.713840126991272,-0.039964091032743454,1.2881077527999878,521.2202072143555,8956.849813461304,7097,7097,1.0,False,34.74801381429037
45,full,44,5.537542104721069,5.407302379608154,-0.11067982017993927,1.2799770832061768,532.489538192749,9039.743661880493,7169,7169,1.0,False,35.499302546183266
45,full,45,5.473150610923767,5.317429900169373,-0.12962070107460022,1.2608108520507812,522.6714611053467,8789.513111114502,7245,7245,1.0,False,34.84476407368978
45,full,46,5.306330919265747,5.229470729827881,-0.18612870573997498,1.2338887453079224,534.970760345459,9040.59624671936,7315,7315,1.0,False,35.66471735636393
45,full,47,5.275731086730957,5.194730162620544,-0.1958250254392624,1.213391900062561,520.5163955688477,9026.93486213684,7384,7384,1.0,False,34.70109303792318
45,full,48,5.3812384605407715,5.256099104881287,-0.17512917518615723,1.1922110319137573,520.909309387207,8914.636850357056,7457,7457,1.0,False,34.72728729248047
45,full,49,5.584912896156311,5.459307432174683,-0.1449487805366516,1.1779792308807373,497.025728225708,8866.167783737183,7527,7527,1.0,False,33.13504854838053
45,random,1,12.112739086151123,12.107350826263428,0.791801393032074,1.1868295669555664,70.91736793518066,6978.308916091919,4065,8,0.0019680196801968018,True,4.727824529012044
45,random,2,10.664103031158447,10.64873218536377,0.7096421718597412,1.198093056678772,66.0548210144043,7078.107833862305,4134,9,0.0021770682148040637,True,4.40365473429362
45,random,3,9.986360669136047,9.981276392936707,0.6605534553527832,1.2117592096328735,77.0113468170166,7041.081666946411,4207,9,0.0021392916567625386,True,5.1340897878011065
45,random,4,9.613562226295471,9.60215449333191,0.6324042081832886,1.2267011404037476,77.69012451171875,7055.047035217285,4281,8,0.001868722261153936,True,5.179341634114583
45,random,5,9.385620951652527,9.382195472717285,0.6139294505119324,1.2441041469573975,85.45112609863281,7159.741401672363,4355,9,0.0020665901262916187,True,5.6967417399088545
45,random,6,9.080471992492676,9.068154096603394,0.5827864408493042,1.2664825916290283,70.39570808410645,7193.9191818237305,4429,9,0.0020320614134116052,True,4.693047205607097
45,random,7,8.496865034103394,8.49191129207611,0.5187617540359497,1.2927361726760864,73.02737236022949,7272.589445114136,4506,8,0.001775410563692854,True,4.868491490681966
45,random,8,7.999959588050842,7.992253303527832,0.46073096990585327,1.3173243999481201,69.22221183776855,7380.226135253906,4578,9,0.001965923984272608,True,4.614814122517903
45,random,9,7.648305892944336,7.646040916442871,0.4136587977409363,1.3413559198379517,77.24833488464355,7454.212665557861,4653,9,0.0019342359767891683,True,5.14988899230957
45,random,10,7.322587966918945,7.321499586105347,0.36732277274131775,1.364081859588623,67.99077987670898,7543.40386390686,4728,9,0.0019035532994923859,True,4.532718658447266
45,random,11,7.093273997306824,7.090657949447632,0.3334169089794159,1.383009910583496,69.04840469360352,7767.992258071899,4803,9,0.0018738288569643974,True,4.603226979573567
45,random,12,6.8884724378585815,6.882898211479187,0.3007699251174927,1.401408314704895,43.500661849975586,7456.566572189331,4879,8,0.001639680262348842,True,2.9000441233317056
45,random,13,6.68813943862915,6.68487012386322,0.2667866349220276,1.423335075378418,69.63348388671875,7463.095664978027,4950,9,0.0018181818181818182,True,4.642232259114583
45,random,14,6.451178193092346,6.44832968711853,0.22671082615852356,1.4390535354614258,61.1727237701416,7583.679914474487,5021,8,0.001593308105954989,True,4.0781815846761065
45,random,15,6.371511220932007,6.351708769798279,0.21001598238945007,1.445443034172058,58.95233154296875,7584.150552749634,5092,8,0.0015710919088766694,True,3.9301554361979165
45,random,16,6.354016065597534,6.327924132347107,0.20196953415870667,1.448603630065918,53.63178253173828,7748.481512069702,5160,8,0.0015503875968992248,True,3.5754521687825522
45,random,17,6.251248121261597,6.225160360336304,0.1835729330778122,1.446230411529541,49.178361892700195,7667.980909347534,5234,8,0.0015284677111196026,True,3.278557459513346
45,random,18,6.245671510696411,6.1980074644088745,0.1815604418516159,1.4437779188156128,53.78460884094238,7895.031452178955,5307,8,0.0015074429998115696,True,3.5856405893961587
45,random,19,6.298527717590332,6.23624324798584,0.18533644080162048,1.4304105043411255,59.9055290222168,8068.721294403076,5382,8,0.0014864362690449647,True,3.993701934814453
45,random,20,6.285147666931152,6.250801682472229,0.17769309878349304,1.422119140625,63.71355056762695,7987.104654312134,5448,8,0.0014684287812041115,True,4.247570037841797
45,random,21,6.232278943061829,6.196267604827881,0.16126710176467896,1.4127949476242065,36.19551658630371,7920.232534408569,5520,7,0.0012681159420289854,True,2.413034439086914
45,random,22,6.249189972877502,6.217098832130432,0.15775863826274872,1.393338680267334,53.4205436706543,7901.40175819397,5590,8,0.0014311270125223613,True,3.5613695780436196
45,random,23,6.354995965957642,6.301555037498474,0.16913458704948425,1.3829702138900757,60.623884201049805,8217.47374534607,5659,8,0.0014136773281498499,True,4.041592280069987
45,random,24,6.507769823074341,6.434553265571594,0.18551641702651978,1.3705261945724487,67.08335876464844,8064.319133758545,5731,8,0.001395916942941895,True,4.4722239176432295
45,random,25,6.642933487892151,6.576462984085083,0.2020893543958664,1.354244589805603,43.092966079711914,8262.131929397583,5801,7,0.0012066885019824168,True,2.8728644053141275
45,random,26,6.802811026573181,6.737568974494934,0.22714482247829437,1.3435733318328857,71.88177108764648,8399.1539478302,5874,8,0.001361933946203609,True,4.792118072509766
45,random,27,7.034081220626831,6.967872381210327,0.2539283335208893,1.3610678911209106,43.813467025756836,8287.749528884888,5945,8,0.001345668629100084,True,2.9208978017171225
45,random,28,7.255234122276306,7.174302935600281,0.28282496333122253,1.358824610710144,63.69471549987793,8271.523237228394,6016,7,0.001163563829787234,True,4.246314366658528
45,random,29,7.409839034080505,7.372100353240967,0.3068399429321289,1.3535387516021729,58.548927307128906,8986.125946044922,6087,7,0.0011499917857729588,True,3.9032618204752603
45,random,30,7.581790089607239,7.509370446205139,0.3207862079143524,1.3883167505264282,54.63004112243652,9705.568313598633,6155,7,0.0011372867587327376,True,3.642002741495768
45,random,31,7.596459984779358,7.562770843505859,0.32043907046318054,1.4075913429260254,83.56738090515137,8570.597887039185,6224,7,0.0011246786632390746,True,5.571158727010091
45,random,32,7.617778182029724,7.540075182914734,0.318520724773407,1.4270647764205933,40.43698310852051,8649.803161621094,6293,6,0.0009534403305259812,True,2.695798873901367
45,random,33,7.470028400421143,7.427805066108704,0.3018593192100525,1.4421101808547974,110.78596115112305,8853.543996810913,6361,7,0.0011004559031598806,True,7.385730743408203
45,random,34,7.373278737068176,7.328605651855469,0.28174856305122375,1.4384809732437134,51.68032646179199,8839.38217163086,6435,7,0.0010878010878010878,True,3.4453550974527993
45,random,35,7.319010496139526,7.255908250808716,0.27379119396209717,1.4277493953704834,49.23534393310547,8818.573951721191,6511,6,0.0009215174320380894,True,3.2823562622070312
45,random,36,7.2755736112594604,7.230557203292847,0.266649454832077,1.398898959159851,49.18265342712402,8754.541397094727,6583,7,0.0010633449794926325,True,3.278843561808268
45,random,37,7.19423234462738,7.134081125259399,0.24582988023757935,1.3787245750427246,37.575721740722656,8813.390731811523,6655,7,0.0010518407212622089,True,2.5050481160481772
45,random,38,7.112027406692505,7.06457257270813,0.22718974947929382,1.366254448890686,43.83730888366699,8779.083728790283,6728,7,0.0010404280618311534,True,2.922487258911133
45,random,39,7.040179371833801,6.980138421058655,0.2054058015346527,1.3438533544540405,34.798383712768555,8846.318244934082,6802,7,0.0010291090855630697,True,2.319892247517904
45,random,40,6.868793964385986,6.780836582183838,0.15901067852973938,1.3178935050964355,64.78500366210938,8925.956010818481,6877,8,0.0011632979496873637,True,4.319000244140625
45,random,41,6.370869278907776,6.255265474319458,0.1140270084142685,1.3080415725708008,40.43388366699219,8897.363185882568,6950,6,0.0008633093525179857,True,2.695592244466146
45,random,42,6.249904632568359,6.1661577224731445,0.05502861738204956,1.2925934791564941,55.635929107666016,8896.734476089478,7027,7,0.000996157677529529,True,3.709061940511068
45,random,43,5.900055170059204,5.726707577705383,-0.036204993724823,1.2881077527999878,38.57588768005371,8886.347532272339,7104,7,0.0009853603603603603,True,2.571725845336914
45,random,44,5.5568379163742065,5.441385507583618,-0.11544303596019745,1.2799770832061768,68.2530403137207,8926.117181777954,7176,7,0.0009754738015607581,True,4.55020268758138
45,random,45,5.415598154067993,5.326290726661682,-0.14484693109989166,1.2608108520507812,53.11274528503418,8866.88780784607,7250,7,0.0009655172413793104,True,3.5408496856689453
45,random,46,5.331315994262695,5.200408101081848,-0.18626293540000916,1.2338887453079224,40.42792320251465,8897.334098815918,7320,6,0.000819672131147541,True,2.695194880167643
45,random,47,5.309465527534485,5.184805393218994,-0.20077449083328247,1.213391900062561,49.04675483703613,8789.592027664185,7391,8,0.0010823975104857259,True,3.2697836558024087
45,random,48,5.451083183288574,5.296288728713989,-0.17450492084026337,1.1922110319137573,37.08314895629883,8940.210342407227,7464,6,0.0008038585209003215,True,2.472209930419922
45,random,49,5.688642263412476,5.552414655685425,-0.1342684030532837,1.1779792308807373,34.417152404785156,8843.257665634155,7538,7,0.0009286282833642876,True,2.2944768269856772
45,error_only,1,12.120105028152466,12.107350826263428,0.7921289205551147,1.1868295669555664,24.79410171508789,6852.047443389893,4066,9,0.0022134776192818495,True,1.6529401143391926
45,error_only,2,10.660111904144287,10.654098987579346,0.7093566656112671,1.198093056678772,19.947052001953125,6891.76869392395,4135,9,0.002176541717049577,True,1.329803466796875
45,error_only,3,9.994360208511353,9.981403946876526,0.6610333919525146,1.2117592096328735,26.918888092041016,6895.853519439697,4204,10,0.002378686964795433,True,1.7945925394694011
45,error_only,4,9.619614481925964,9.613268375396729,0.6328701972961426,1.2267011404037476,22.780179977416992,7130.253076553345,4277,10,0.002338087444470423,True,1.5186786651611328
45,error_only,5,9.394361972808838,9.390673637390137,0.6145594120025635,1.2441041469573975,21.5299129486084,7214.526176452637,4354,10,0.0022967386311437757,True,1.4353275299072266
45,error_only,6,9.08003568649292,9.076844453811646,0.5827889442443848,1.2664825916290283,23.193359375,7188.495635986328,4425,10,0.0022598870056497176,True,1.5462239583333333
45,error_only,7,8.501688838005066,8.492284417152405,0.5193219184875488,1.2927361726760864,22.846460342407227,7236.214876174927,4495,9,0.0020022246941045607,True,1.5230973561604817
45,error_only,8,8.001519441604614,7.995922565460205,0.46087178587913513,1.3173243999481201,26.72410011291504,7283.904552459717,4570,9,0.0019693654266958426,True,1.781606674194336
45,error_only,9,7.657856345176697,7.648589015007019,0.41465938091278076,1.3413559198379517,17.904043197631836,7331.539869308472,4641,9,0.0019392372333548805,True,1.1936028798421223
45,error_only,10,7.329411506652832,7.328243255615234,0.3679109513759613,1.364081859588623,16.953706741333008,7418.400049209595,4717,8,0.0016959932160271359,True,1.1302471160888672
45,error_only,11,7.096157073974609,7.095395922660828,0.3334200382232666,1.383009910583496,17.32015609741211,7473.888874053955,4789,8,0.0016704948841094174,True,1.1546770731608074
45,error_only,12,6.887217164039612,6.884636878967285,0.3002307415008545,1.401408314704895,21.979570388793945,7639.230728149414,4867,8,0.0016437230326689953,True,1.465304692586263
45,error_only,13,6.686184406280518,6.681396961212158,0.26596206426620483,1.423335075378418,14.48678970336914,7541.609287261963,4940,7,0.001417004048582996,False,0.9657859802246094
45,error_only,14,6.463582515716553,6.452763080596924,0.22805482149124146,1.4390535354614258,17.539262771606445,7742.7098751068115,5011,7,0.0013969267611255239,True,1.169284184773763
45,error_only,15,6.3668763637542725,6.364940404891968,0.20935696363449097,1.445443034172058,24.806976318359375,7605.935573577881,5084,7,0.0013768686073957514,True,1.6537984212239583
45,error_only,16,6.334654688835144,6.319025158882141,0.19948497414588928,1.448603630065918,26.3974666595459,7740.228652954102,5159,7,0.0013568521031207597,True,1.7598311106363933
45,error_only,17,6.241149306297302,6.204463839530945,0.1811041682958603,1.446230411529541,24.34372901916504,7845.635414123535,5228,6,0.0011476664116296864,True,1.622915267944336
45,error_only,18,6.207213401794434,6.186615228652954,0.17505615949630737,1.4437779188156128,33.88190269470215,8437.384605407715,5302,6,0.001131648434552999,True,2.258793512980143
45,error_only,19,6.248328685760498,6.199138760566711,0.17712822556495667,1.4304105043411255,28.988122940063477,8586.16590499878,5378,6,0.0011156563778356265,True,1.9325415293375652
45,error_only,20,6.228728890419006,6.202048063278198,0.1689559519290924,1.422119140625,32.74893760681152,7785.411357879639,5449,6,0.0011011194714626537,True,2.183262507120768
45,error_only,21,6.193411946296692,6.148536801338196,0.15563303232192993,1.4127949476242065,27.045249938964844,7995.5384731292725,5517,6,0.001087547580206634,True,1.8030166625976562
45,error_only,22,6.2324559688568115,6.17891788482666,0.15438055992126465,1.393338680267334,19.62900161743164,7955.779552459717,5587,6,0.0010739216037229282,True,1.3086001078287761
45,error_only,23,6.342805027961731,6.285727024078369,0.16504992544651031,1.3829702138900757,33.15305709838867,8102.027893066406,5656,6,0.0010608203677510608,True,2.2102038065592446
45,error_only,24,6.495948433876038,6.422434449195862,0.1824321448802948,1.3705261945724487,37.33372688293457,8176.6345500946045,5726,6,0.001047851903597625,True,2.488915125528971
45,error_only,25,6.6297900676727295,6.564338207244873,0.19905570149421692,1.354244589805603,35.834550857543945,8066.061735153198,5793,6,0.0010357327809425167,True,2.388970057169596
45,error_only,26,6.7799705266952515,6.7251938581466675,0.22185710072517395,1.3435733318328857,30.81512451171875,8169.8808670043945,5866,6,0.0010228435049437436,True,2.0543416341145835
45,error_only,27,6.9880324602127075,6.933569312095642,0.24516022205352783,1.3610678911209106,23.2083797454834,8330.535173416138,5938,5,0.000842034355001684,True,1.5472253163655598
45,error_only,28,7.189098000526428,7.1203166246414185,0.2704627513885498,1.358824610710144,29.35171127319336,8509.132146835327,6006,5,0.0008325008325008325,True,1.9567807515462239
45,error_only,29,7.308379411697388,7.254974842071533,0.28819942474365234,1.3535387516021729,29.1593074798584,8295.825481414795,6071,5,0.000823587547356284,True,1.9439538319905598
45,error_only,30,7.435923218727112,7.376318573951721,0.2941175699234009,1.3883167505264282,26.99565887451172,8005.74803352356,6141,5,0.0008141996417521576,True,1.7997105916341145
45,error_only,31,7.492167949676514,7.426465749740601,0.30071061849594116,1.4075913429260254,28.26237678527832,8328.53651046753,6210,5,0.0008051529790660225,True,1.884158452351888
45,error_only,32,7.506582736968994,7.457852363586426,0.2994336187839508,1.4270647764205933,33.612728118896484,8397.773027420044,6279,5,0.0007963051441312311,True,2.2408485412597656
45,error_only,33,7.436525225639343,7.387791872024536,0.2956489622592926,1.4421101808547974,31.733036041259766,8403.172731399536,6348,5,0.0007876496534341525,True,2.1155357360839844
45,error_only,34,7.369146943092346,7.330239415168762,0.2816407382488251,1.4384809732437134,19.10233497619629,8040.649890899658,6421,4,0.0006229559258682448,True,1.273488998413086
45,error_only,35,7.329704165458679,7.252957820892334,0.2764850854873657,1.4277493953704834,18.280029296875,8265.357255935669,6495,4,0.0006158583525789069,True,1.2186686197916667
45,error_only,36,7.297672629356384,7.2565895318984985,0.2715151011943817,1.398898959159851,24.323225021362305,8593.109846115112,6562,4,0.0006095702529716549,True,1.621548334757487
45,error_only,37,7.229349613189697,7.145850658416748,0.2536123991012573,1.3787245750427246,19.522666931152344,8943.591117858887,6631,4,0.0006032272658724174,True,1.3015111287434895
45,error_only,38,7.161091566085815,7.089948654174805,0.23784670233726501,1.366254448890686,22.423505783081055,8746.447324752808,6704,4,0.0005966587112171838,True,1.494900385538737
45,error_only,39,7.086156606674194,7.034878134727478,0.2172141969203949,1.3438533544540405,17.624616622924805,8743.483066558838,6777,4,0.0005902316659288771,True,1.1749744415283203
45,error_only,40,6.93692147731781,6.838399767875671,0.1765829622745514,1.3178935050964355,21.660327911376953,8277.289628982544,6848,4,0.0005841121495327102,True,1.4440218607584636
45,error_only,41,6.379619836807251,6.279053092002869,0.12165581434965134,1.3080415725708008,18.672466278076172,8404.123783111572,6920,4,0.0005780346820809249,True,1.2448310852050781
45,error_only,42,6.30797803401947,6.15284264087677,0.06897356361150742,1.2925934791564941,19.317150115966797,8377.370834350586,6991,4,0.0005721642111285939,True,1.2878100077311199
45,error_only,43,5.8960676193237305,5.782426595687866,-0.03232802078127861,1.2881077527999878,15.419483184814453,8666.32890701294,7065,4,0.0005661712668082095,True,1.0279655456542969
45,error_only,44,5.5925750732421875,5.468993782997131,-0.10467200726270676,1.2799770832061768,15.113115310668945,8524.186134338379,7140,4,0.0005602240896358543,True,1.007541020711263
45,error_only,45,5.52434504032135,5.380295515060425,-0.12213020026683807,1.2608108520507812,18.905162811279297,8481.617450714111,7208,4,0.0005549389567147614,True,1.2603441874186199
45,error_only,46,5.425706505775452,5.2842795848846436,-0.1679774522781372,1.2338887453079224,17.42243766784668,8653.01489830017,7277,5,0.000687096330905593,True,1.161495844523112
45,error_only,47,5.366787910461426,5.277981162071228,-0.1874818056821823,1.213391900062561,20.294189453125,8643.55444908142,7346,5,0.0006806425265450585,True,1.3529459635416667
45,error_only,48,5.439162850379944,5.340980887413025,-0.17097818851470947,1.1922110319137573,27.220487594604492,8836.647987365723,7418,5,0.0006740361283364788,True,1.8146991729736328
45,error_only,49,5.649917125701904,5.514410138130188,-0.13608524203300476,1.1779792308807373,20.678997039794922,8841.170310974121,7492,4,0.0005339028296849973,True,1.3785998026529949
45,ours,1,12.112494707107544,12.107350826263428,0.7917751669883728,1.1868295669555664,45.22991180419922,6920.740842819214,4065,5,0.0012300123001230013,True,3.0153274536132812
45,ours,2,10.653151273727417,10.64818024635315,0.7089712023735046,1.198093056678772,46.42295837402344,6697.077035903931,4137,5,0.001208605269518975,True,3.0948638916015625
45,ours,3,9.980270862579346,9.972270131111145,0.6600967645645142,1.2117592096328735,46.866416931152344,6487.4536991119385,4212,6,0.0014245014245014246,True,3.1244277954101562
45,ours,4,9.60664451122284,9.59981381893158,0.6319544315338135,1.2267011404037476,43.699026107788086,6842.187404632568,4288,6,0.0013992537313432835,True,2.9132684071858725
45,ours,5,9.38310444355011,9.375960230827332,0.6136597394943237,1.2441041469573975,54.46171760559082,7253.217458724976,4363,6,0.0013752005500802201,True,3.6307811737060547
45,ours,6,9.072014093399048,9.065991044044495,0.5819952487945557,1.2664825916290283,52.544593811035156,7146.903038024902,4437,6,0.001352265043948614,True,3.5029729207356772
45,ours,7,8.48937213420868,8.485005497932434,0.5180480480194092,1.2927361726760864,62.83164024353027,7587.082147598267,4511,5,0.0011084016847705607,True,4.188776016235352
45,ours,8,7.989741563796997,7.988482713699341,0.4596790075302124,1.3173243999481201,37.15229034423828,8080.880641937256,4583,5,0.0010909884355225835,True,2.4768193562825522
45,ours,9,7.641795873641968,7.638674378395081,0.4131269156932831,1.3413559198379517,35.79568862915039,7368.679046630859,4658,5,0.00107342206955775,True,2.3863792419433594
45,ours,10,7.321159839630127,7.317522168159485,0.3674464821815491,1.364081859588623,48.83432388305664,7222.127914428711,4733,6,0.001267694908092119,True,3.255621592203776
45,ours,11,7.094545364379883,7.091662287712097,0.3338788151741028,1.383009910583496,65.54627418518066,7444.222450256348,4805,5,0.001040582726326743,True,4.369751612345378
45,ours,12,6.887345910072327,6.886085867881775,0.3011660575866699,1.401408314704895,58.23874473571777,7531.841278076172,4876,5,0.001025430680885972,True,3.882582982381185
45,ours,13,6.683216094970703,6.6819775104522705,0.26652881503105164,1.423335075378418,49.971580505371094,7312.809944152832,4950,5,0.00101010101010101,True,3.3314387003580728
45,ours,14,6.453908681869507,6.44812285900116,0.2276781052350998,1.4390535354614258,43.31183433532715,7556.378602981567,5021,5,0.0009958175662218682,True,2.887455622355143
45,ours,15,6.359663009643555,6.353625059127808,0.20884136855602264,1.445443034172058,37.3380184173584,7661.685943603516,5092,5,0.0009819324430479183,True,2.489201227823893
45,ours,16,6.338256001472473,6.315355896949768,0.20004896819591522,1.448603630065918,39.942264556884766,7455.85298538208,5162,5,0.0009686168151879117,True,2.662817637125651
45,ours,17,6.237837076187134,6.214149594306946,0.18207120895385742,1.446230411529541,34.757375717163086,7458.890199661255,5239,5,0.000954380606986066,True,2.3171583811442056
45,ours,18,6.2199318408966064,6.185680031776428,0.17806296050548553,1.4437779188156128,46.45895957946777,7595.7372188568115,5314,5,0.000940910801656003,True,3.097263971964518
45,ours,19,6.242288947105408,6.209273338317871,0.17722003161907196,1.4304105043411255,45.8071231842041,7402.1897315979,5386,5,0.000928332714444857,True,3.0538082122802734
45,ours,20,6.250168681144714,6.194950342178345,0.17178069055080414,1.422119140625,33.43319892883301,7821.244716644287,5456,5,0.0009164222873900294,True,2.228879928588867
45,ours,21,6.2039607763290405,6.170429587364197,0.15740394592285156,1.4127949476242065,16.78752899169922,7806.756496429443,5527,5,0.0009046499004885109,True,1.1191685994466145
45,ours,22,6.2613362073898315,6.189973950386047,0.15834718942642212,1.393338680267334,22.560834884643555,7795.045614242554,5595,5,0.0008936550491510277,True,1.504055658976237
45,ours,23,6.348267197608948,6.303642988204956,0.16566279530525208,1.3829702138900757,29.262781143188477,7833.28652381897,5664,5,0.0008827683615819209,True,1.9508520762125652
45,ours,24,6.468875408172607,6.423077583312988,0.177826926112175,1.3705261945724487,26.801586151123047,8084.18083190918,5734,5,0.0008719916288803627,True,1.7867724100748699
45,ours,25,6.56946063041687,6.536354422569275,0.18954019248485565,1.354244589805603,27.818679809570312,7809.561967849731,5807,5,0.0008610297916307905,True,1.8545786539713542
45,ours,26,6.730108857154846,6.662880778312683,0.2137589454650879,1.3435733318328857,19.690990447998047,7905.264854431152,5882,4,0.0006800408024481469,True,1.3127326965332031
45,ours,27,6.932104229927063,6.890074014663696,0.23500220477581024,1.3610678911209106,32.1040153503418,8235.665082931519,5950,5,0.0008403361344537816,True,2.1402676900227866
45,ours,28,7.1193528175354,7.06163227558136,0.2575690746307373,1.358824610710144,28.84650230407715,8306.965589523315,6024,5,0.0008300132802124834,True,1.9231001536051433
45,ours,29,7.275149822235107,7.204573750495911,0.2805330157279968,1.3535387516021729,42.26112365722656,8233.014822006226,6097,5,0.0008200754469411186,True,2.817408243815104
45,ours,30,7.434056997299194,7.359867691993713,0.2921641767024994,1.3883167505264282,27.864456176757812,8499.90963935852,6173,4,0.0006479831524380366,True,1.8576304117838542
45,ours,31,7.476993799209595,7.418879866600037,0.29578885436058044,1.4075913429260254,27.097702026367188,8363.797903060913,6241,4,0.0006409229290177856,True,1.8065134684244792
45,ours,32,7.5162917375564575,7.451080679893494,0.29810044169425964,1.4270647764205933,15.152931213378906,8113.360166549683,6308,4,0.0006341154090044388,True,1.0101954142252605
45,ours,33,7.441551089286804,7.409111857414246,0.29374587535858154,1.4421101808547974,31.43453598022461,8549.734354019165,6379,4,0.0006270575325286095,True,2.095635732014974
45,ours,34,7.362571954727173,7.335156798362732,0.27858248353004456,1.4384809732437134,34.52014923095703,8576.823711395264,6453,5,0.0007748334108166745,True,2.3013432820638022
45,ours,35,7.291756272315979,7.247908711433411,0.2699834704399109,1.4277493953704834,17.716646194458008,8415.923118591309,6530,4,0.0006125574272588055,True,1.1811097462972004
45,ours,36,7.248418927192688,7.198255658149719,0.263977587223053,1.398898959159851,17.812013626098633,8591.748237609863,6603,4,0.0006057852491291837,True,1.1874675750732422
45,ours,37,7.207632064819336,7.13083028793335,0.25016772747039795,1.3787245750427246,26.352643966674805,8731.15086555481,6676,4,0.0005991611743559018,True,1.7568429311116536
45,ours,38,7.146204710006714,7.087427973747253,0.23588471114635468,1.366254448890686,17.651081085205078,8434.195280075073,6745,4,0.0005930318754633062,True,1.1767387390136719
45,ours,39,7.071244716644287,7.019752860069275,0.2144469916820526,1.3438533544540405,17.485380172729492,8335.346698760986,6820,4,0.0005865102639296188,True,1.1656920115152996
45,ours,40,6.891889572143555,6.824866533279419,0.16931848227977753,1.3178935050964355,17.928600311279297,8706.713676452637,6882,4,0.0005812263876780006,True,1.1952400207519531
45,ours,41,6.46740198135376,6.274513602256775,0.13144221901893616,1.3080415725708008,48.619985580444336,8517.406463623047,6958,5,0.0007185972980741593,True,3.2413323720296225
45,ours,42,6.3143956661224365,6.22455894947052,0.06667410582304001,1.2925934791564941,33.6453914642334,8819.75793838501,7033,5,0.0007109341674960899,True,2.24302609761556
45,ours,43,5.867756009101868,5.78112006187439,-0.03964507579803467,1.2881077527999878,32.7143669128418,8824.997425079346,7105,5,0.0007037297677691766,True,2.180957794189453
45,ours,44,5.562229752540588,5.425410270690918,-0.11406975239515305,1.2799770832061768,30.858278274536133,8459.80715751648,7178,5,0.0006965728615213151,True,2.057218551635742
45,ours,45,5.497384071350098,5.336975455284119,-0.13304026424884796,1.2608108520507812,33.71739387512207,8765.183210372925,7249,5,0.0006897503103876397,True,2.247826258341471
45,ours,46,5.413448810577393,5.260106325149536,-0.17733609676361084,1.2338887453079224,36.46659851074219,9377.04586982727,7319,5,0.0006831534362617844,True,2.4311065673828125
45,ours,47,5.426139831542969,5.272355675697327,-0.18754802644252777,1.213391900062561,26.691436767578125,9520.02477645874,7386,5,0.0006769564040075819,True,1.7794291178385417
45,ours,48,5.545235276222229,5.428522229194641,-0.16258874535560608,1.1922110319137573,29.836654663085938,8681.67495727539,7458,5,0.0006704210244033253,True,1.9891103108723958
45,ours,49,5.726386308670044,5.602320432662964,-0.1371774524450302,1.1779792308807373,33.060312271118164,8768.475532531738,7529,5,0.0006640988179041042,True,2.2040208180745444
46,full,1,12.113037109375,12.107350826263428,0.7918517589569092,1.1868295669555664,447.57986068725586,7065.458059310913,4062,4062,1.0,False,29.83865737915039
46,full,2,10.656092166900635,10.646727085113525,0.7091461420059204,1.198093056678772,430.9496879577637,7123.873472213745,4132,4132,1.0,False,28.729979197184246
46,full,3,9.97848927974701,9.974965453147888,0.6599940061569214,1.2117592096328735,451.5194892883301,7119.714736938477,4203,4203,1.0,False,30.101299285888672
46,full,4,9.598313570022583,9.595977067947388,0.631390392780304,1.2267011404037476,433.9919090270996,7155.319690704346,4277,4277,1.0,False,28.932793935139973
46,full,5,9.3763929605484,9.369478225708008,0.6132780313491821,1.2441041469573975,428.325891494751,6878.87978553772,4349,4349,1.0,False,28.5550594329834
46,full,6,9.064432978630066,9.060627818107605,0.581580638885498,1.2664825916290283,459.918737411499,7436.996221542358,4422,4422,1.0,False,30.6612491607666
46,full,7,8.49192500114441,8.481009602546692,0.5185667276382446,1.2927361726760864,464.2910957336426,7349.681615829468,4493,4493,1.0,False,30.952739715576172
46,full,8,7.9986631870269775,7.98806369304657,0.4607712924480438,1.3173243999481201,450.7617950439453,7508.41760635376,4565,4565,1.0,False,30.05078633626302
46,full,9,7.640541195869446,7.638306617736816,0.4129211902618408,1.3413559198379517,442.81625747680664,7221.729516983032,4635,4635,1.0,False,29.52108383178711
46,full,10,7.316979765892029,7.3159486055374146,0.3668578267097473,1.364081859588623,478.96361351013184,7301.528692245483,4710,4710,1.0,False,31.93090756734212
46,full,11,7.090417146682739,7.088969349861145,0.3333422541618347,1.383009910583496,440.84787368774414,7425.891399383545,4788,4788,1.0,False,29.38985824584961
46,full,12,6.876891851425171,6.875919699668884,0.29947301745414734,1.401408314704895,458.30559730529785,7630.439519882202,4858,4858,1.0,False,30.553706487019856
46,full,13,6.6794174909591675,6.6768878698349,0.26588091254234314,1.423335075378418,453.17935943603516,7195.441484451294,4930,4930,1.0,False,30.211957295735676
46,full,14,6.451349854469299,6.447165608406067,0.22730061411857605,1.4390535354614258,547.3716259002686,8158.6644649505615,4998,4998,1.0,False,36.49144172668457
46,full,15,6.370340585708618,6.3486552238464355,0.2102128267288208,1.445443034172058,466.42041206359863,8178.169012069702,5069,5069,1.0,False,31.094694137573242
46,full,16,6.35858952999115,6.323469281196594,0.20311611890792847,1.448603630065918,468.5382843017578,7788.689136505127,5141,5141,1.0,False,31.235885620117188
46,full,17,6.251665949821472,6.229416131973267,0.18353775143623352,1.446230411529541,473.1595516204834,7909.505367279053,5214,5214,1.0,False,31.543970108032227
46,full,18,6.245760917663574,6.199463605880737,0.18069039285182953,1.4437779188156128,470.7791805267334,8169.64316368103,5288,5288,1.0,False,31.385278701782227
46,full,19,6.26710832118988,6.233784556388855,0.1797734498977661,1.4304105043411255,496.4468479156494,8299.363374710083,5358,5358,1.0,False,33.09645652770996
46,full,20,6.2648069858551025,6.215393543243408,0.1731860637664795,1.422119140625,503.56578826904297,8177.931070327759,5430,5430,1.0,False,33.57105255126953
46,full,21,6.205063462257385,6.1750829219818115,0.15640561282634735,1.4127949476242065,512.8078460693359,8420.29094696045,5498,5498,1.0,False,34.18718973795573
46,full,22,6.26211404800415,6.187957525253296,0.15818312764167786,1.393338680267334,517.9498195648193,8238.38210105896,5573,5573,1.0,False,34.52998797098795
46,full,23,6.383159756660461,6.315865516662598,0.17179368436336517,1.3829702138900757,489.64810371398926,8227.7193069458,5639,5639,1.0,False,32.64320691426595
46,full,24,6.534892916679382,6.45967423915863,0.18764832615852356,1.3705261945724487,507.49659538269043,8398.99206161499,5713,5713,1.0,False,33.83310635884603
46,full,25,6.62660539150238,6.5968918800354,0.19745498895645142,1.354244589805603,521.3615894317627,8418.972969055176,5779,5779,1.0,False,34.757439295450844
46,full,26,6.802962422370911,6.7210447788238525,0.2247590869665146,1.3435733318328857,513.3569240570068,8382.318019866943,5851,5851,1.0,False,34.22379493713379
46,full,27,7.035585045814514,6.961286664009094,0.2510029077529907,1.3610678911209106,494.02737617492676,8492.135047912598,5921,5921,1.0,False,32.93515841166178
46,full,28,7.197139859199524,7.154893279075623,0.26969143748283386,1.358824610710144,507.98773765563965,8496.400356292725,5993,5993,1.0,False,33.86584917704264
46,full,29,7.306510806083679,7.258555889129639,0.286672443151474,1.3535387516021729,521.1629867553711,8703.866958618164,6060,6060,1.0,False,34.74419911702474
46,full,30,7.473386526107788,7.379027009010315,0.29999709129333496,1.3883167505264282,511.25240325927734,8782.386541366577,6134,6134,1.0,False,34.08349355061849
46,full,31,7.514351010322571,7.476022243499756,0.30427974462509155,1.4075913429260254,585.3002071380615,9165.869235992432,6201,6201,1.0,False,39.0200138092041
46,full,32,7.563013434410095,7.498088479042053,0.3083769977092743,1.4270647764205933,509.92274284362793,9338.791131973267,6269,6269,1.0,False,33.99484952290853
46,full,33,7.466385364532471,7.39840030670166,0.29949086904525757,1.4421101808547974,523.5023498535156,9268.487453460693,6344,6344,1.0,False,34.90015665690104
46,full,34,7.337956428527832,7.30803906917572,0.27447137236595154,1.4384809732437134,523.0412483215332,9164.75224494934,6419,6419,1.0,False,34.86941655476888
46,full,35,7.236725091934204,7.193842530250549,0.25958019495010376,1.4277493953704834,547.5659370422363,8925.221920013428,6490,6490,1.0,False,36.50439580281576
46,full,36,7.212048172950745,7.143950462341309,0.25502264499664307,1.398898959159851,525.2435207366943,9068.510055541992,6562,6562,1.0,False,35.016234715779625
46,full,37,7.133973240852356,7.075297832489014,0.23632347583770752,1.3787245750427246,530.3366184234619,8907.215118408203,6633,6633,1.0,False,35.355774561564125
46,full,38,7.088069319725037,7.021356225013733,0.22391347587108612,1.366254448890686,523.4718322753906,8883.801937103271,6712,6712,1.0,False,34.89812215169271
46,full,39,7.044855952262878,6.935803294181824,0.2039966583251953,1.3438533544540405,507.4954032897949,8717.737436294556,6786,6786,1.0,False,33.83302688598633
46,full,40,6.8540143966674805,6.788199543952942,0.15611740946769714,1.3178935050964355,528.6033153533936,9089.394330978394,6860,6860,1.0,False,35.24022102355957
46,full,41,6.28780722618103,6.197608709335327,0.10023914277553558,1.3080415725708008,516.6196823120117,9097.35369682312,6935,6935,1.0,False,34.44131215413412
46,full,42,6.193865537643433,6.107493042945862,0.04632185399532318,1.2925934791564941,541.3479804992676,9257.384300231934,7012,7012,1.0,False,36.089865366617836
46,full,43,5.805602669715881,5.68109929561615,-0.05117299407720566,1.2881077527999878,528.5971164703369,9160.081624984741,7085,7085,1.0,False,35.239807764689125
46,full,44,5.48799455165863,5.357550382614136,-0.1288503259420395,1.2799770832061768,538.0713939666748,9093.050956726074,7159,7159,1.0,False,35.871426264444985
46,full,45,5.416530966758728,5.252199172973633,-0.1519213169813156,1.2608108520507812,536.94748878479,8914.503812789917,7236,7236,1.0,False,35.796499252319336
46,full,46,5.294870138168335,5.187502503395081,-0.20130369067192078,1.2338887453079224,553.6494255065918,9068.366050720215,7305,7305,1.0,False,36.90996170043945
46,full,47,5.291659235954285,5.183666348457336,-0.20826244354248047,1.213391900062561,540.644645690918,9225.460052490234,7377,7377,1.0,False,36.04297637939453
46,full,48,5.408633351325989,5.300835371017456,-0.1814599335193634,1.1922110319137573,536.583423614502,9067.027807235718,7445,7445,1.0,False,35.7722282409668
46,full,49,5.5824291706085205,5.476276874542236,-0.1533908247947693,1.1779792308807373,626.2218952178955,10093.228340148926,7517,7517,1.0,False,41.7481263478597
46,random,1,12.114204168319702,12.107350826263428,0.7918436527252197,1.1868295669555664,131.50310516357422,8616.838216781616,4062,9,0.0022156573116691287,True,8.766873677571615
46,random,2,10.658634901046753,10.650330781936646,0.7092947363853455,1.198093056678772,82.21912384033203,7194.164514541626,4135,9,0.002176541717049577,True,5.481274922688802
46,random,3,9.98239278793335,9.976837635040283,0.6602156162261963,1.2117592096328735,86.13133430480957,7133.047103881836,4210,9,0.0021377672209026127,True,5.742088953653972
46,random,4,9.60812509059906,9.599835276603699,0.6320909857749939,1.2267011404037476,87.15152740478516,7504.873991012573,4285,9,0.0021003500583430573,True,5.810101826985677
46,random,5,9.38664972782135,9.37706708908081,0.6139156818389893,1.2441041469573975,56.02908134460449,7131.170272827148,4362,8,0.0018340210912425492,True,3.7352720896402993
46,random,6,9.076306223869324,9.069201946258545,0.5823503136634827,1.2664825916290283,72.69120216369629,7367.699146270752,4437,9,0.002028397565922921,True,4.846080144246419
46,random,7,8.494710326194763,8.492407202720642,0.5186358690261841,1.2927361726760864,65.1390552520752,7303.186416625977,4509,9,0.001996007984031936,True,4.34260368347168
46,random,8,8.001652359962463,7.991839051246643,0.461027592420578,1.3173243999481201,91.56203269958496,7576.1542320251465,4580,9,0.001965065502183406,True,6.104135513305664
46,random,9,7.643712759017944,7.642321586608887,0.41327160596847534,1.3413559198379517,50.57859420776367,7333.9033126831055,4649,8,0.0017208001720800173,True,3.371906280517578
46,random,10,7.317184805870056,7.31445848941803,0.3666365146636963,1.364081859588623,80.73067665100098,7703.385591506958,4723,9,0.0019055684946008892,True,5.3820451100667315
46,random,11,7.086970806121826,7.086073160171509,0.3326183259487152,1.383009910583496,76.98202133178711,7827.233076095581,4797,9,0.001876172607879925,True,5.132134755452474
46,random,12,6.883423924446106,6.882724761962891,0.30039137601852417,1.401408314704895,64.51964378356934,7603.103160858154,4865,9,0.0018499486125385406,True,4.301309585571289
46,random,13,6.678097248077393,6.676886677742004,0.26554787158966064,1.423335075378418,58.22181701660156,7774.876356124878,4938,9,0.0018226002430133657,True,3.8814544677734375
46,random,14,6.45090639591217,6.446160674095154,0.22702746093273163,1.4390535354614258,56.63609504699707,7923.256635665894,5012,9,0.0017956903431763766,True,3.7757396697998047
46,random,15,6.366016268730164,6.350102424621582,0.2099277377128601,1.445443034172058,76.08199119567871,7634.420871734619,5082,9,0.0017709563164108619,True,5.072132746378581
46,random,16,6.344855427742004,6.317903399467468,0.20169603824615479,1.448603630065918,51.96714401245117,7799.861431121826,5149,8,0.001553699747523791,True,3.4644762674967446
46,random,17,6.229851245880127,6.215299963951111,0.1810380071401596,1.446230411529541,45.68958282470703,8131.813287734985,5224,7,0.001339969372128637,True,3.0459721883138022
46,random,18,6.204977631568909,6.177304983139038,0.17603163421154022,1.4437779188156128,56.10537528991699,8045.188665390015,5293,7,0.001322501416965804,True,3.740358352661133
46,random,19,6.245912313461304,6.196737289428711,0.178081676363945,1.4304105043411255,59.94129180908203,8116.716623306274,5363,8,0.0014917024053701287,True,3.9960861206054688
46,random,20,6.255028247833252,6.199600696563721,0.17288601398468018,1.422119140625,46.335697174072266,8090.609073638916,5432,7,0.001288659793814433,True,3.0890464782714844
46,random,21,6.21704638004303,6.170629858970642,0.15842849016189575,1.4127949476242065,53.88522148132324,8107.943058013916,5502,7,0.001272264631043257,True,3.592348098754883
46,random,22,6.266205906867981,6.196922063827515,0.1577935814857483,1.393338680267334,46.96917533874512,8121.285200119019,5570,7,0.0012567324955116697,True,3.1312783559163413
46,random,23,6.361228823661804,6.3199567794799805,0.16815650463104248,1.3829702138900757,49.50308799743652,8098.520040512085,5642,7,0.0012406947890818859,True,3.300205866495768
46,random,24,6.4887189865112305,6.446288824081421,0.1807592809200287,1.3705261945724487,83.29606056213379,8568.461656570435,5713,8,0.0014003150708909505,True,5.553070704142253
46,random,25,6.6365015506744385,6.558047533035278,0.200042724609375,1.354244589805603,86.6248607635498,8790.674686431885,5785,8,0.001382886776145203,True,5.774990717569987
46,random,26,6.792546510696411,6.743448376655579,0.22440490126609802,1.3435733318328857,55.863142013549805,8080.757141113281,5852,8,0.001367053998632946,True,3.724209467569987
46,random,27,7.045572400093079,6.952032446861267,0.25308799743652344,1.3610678911209106,46.80514335632324,7576.417922973633,5925,7,0.001181434599156118,True,3.1203428904215493
46,random,28,7.238225340843201,7.171925902366638,0.2765805721282959,1.358824610710144,66.7123794555664,7445.939540863037,5996,8,0.00133422281521014,True,4.447491963704427
46,random,29,7.361776828765869,7.309104800224304,0.29492196440696716,1.3535387516021729,64.5296573638916,7821.015119552612,6064,8,0.0013192612137203166,True,4.301977157592773
46,random,30,7.494770288467407,7.423107028007507,0.30308839678764343,1.3883167505264282,44.895172119140625,7975.018501281738,6139,7,0.0011402508551881414,True,2.993011474609375
46,random,31,7.518537640571594,7.46887743473053,0.3044279217720032,1.4075913429260254,50.7352352142334,7592.749357223511,6210,6,0.000966183574879227,True,3.3823490142822266
46,random,32,7.525545358657837,7.485416531562805,0.301630437374115,1.4270647764205933,55.64141273498535,8075.944185256958,6280,7,0.0011146496815286624,True,3.70942751566569
46,random,33,7.443438172340393,7.39457368850708,0.2955772280693054,1.4421101808547974,40.439605712890625,7968.710660934448,6351,6,0.000944733112895607,True,2.6959737141927085
46,random,34,7.366113662719727,7.3207688331604,0.2787773013114929,1.4384809732437134,45.949459075927734,7645.16019821167,6419,7,0.0010905125408942203,True,3.0632972717285156
46,random,35,7.353447079658508,7.271512746810913,0.277082622051239,1.4277493953704834,50.159454345703125,8207.205057144165,6493,8,0.0012320961034960726,True,3.343963623046875
46,random,36,7.372167110443115,7.322208285331726,0.2806316614151001,1.398898959159851,59.410810470581055,8239.530563354492,6566,8,0.0012183978068839476,True,3.960720698038737
46,random,37,7.270083427429199,7.195485830307007,0.2577786445617676,1.3787245750427246,43.03383827209473,8284.812927246094,6640,7,0.0010542168674698795,True,2.868922551472982
46,random,38,7.174965143203735,7.127666473388672,0.23908744752407074,1.366254448890686,35.53271293640137,7887.284755706787,6717,6,0.0008932559178204555,True,2.3688475290934243
46,random,39,7.057673335075378,7.020900249481201,0.2120046615600586,1.3438533544540405,50.63581466674805,8441.84136390686,6789,7,0.0010310796877301518,True,3.375720977783203
46,random,40,6.937217116355896,6.80786669254303,0.1743181198835373,1.3178935050964355,62.9420280456543,8290.122747421265,6861,8,0.0011660107855997668,True,4.19613520304362
46,random,41,6.398046612739563,6.294065713882446,0.12210935354232788,1.3080415725708008,45.835018157958984,8243.521690368652,6933,6,0.0008654262224145391,True,3.0556678771972656
46,random,42,6.262893080711365,6.178549528121948,0.06072583794593811,1.2925934791564941,46.75459861755371,8094.460010528564,7006,6,0.0008564087924636027,True,3.1169732411702475
46,random,43,5.8297669887542725,5.747289657592773,-0.043443240225315094,1.2881077527999878,57.15036392211914,8101.951599121094,7079,7,0.00098884023167114,True,3.8100242614746094
46,random,44,5.5433571338653564,5.386456251144409,-0.11641623824834824,1.2799770832061768,42.74177551269531,8318.086385726929,7154,7,0.0009784735812133072,True,2.849451700846354
46,random,45,5.458508133888245,5.324598550796509,-0.13865159451961517,1.2608108520507812,37.405967712402344,7950.288534164429,7223,6,0.0008306797729475288,True,2.4937311808268228
46,random,46,5.380403399467468,5.243858098983765,-0.1821259707212448,1.2338887453079224,37.420034408569336,7860.025644302368,7290,6,0.0008230452674897119,True,2.494668960571289
46,random,47,5.3428661823272705,5.239667892456055,-0.19784390926361084,1.213391900062561,58.36892127990723,8248.260974884033,7367,7,0.0009501832496267137,True,3.891261418660482
46,random,48,5.496078133583069,5.341894030570984,-0.16848641633987427,1.1922110319137573,27.632951736450195,8047.102212905884,7439,7,0.0009409866917596451,True,1.842196782430013
46,random,49,5.661067962646484,5.556133985519409,-0.14305411279201508,1.1779792308807373,36.33546829223633,8040.872097015381,7506,6,0.0007993605115907274,True,2.4223645528157554
46,error_only,1,12.115092277526855,12.107350826263428,0.7919459342956543,1.1868295669555664,36.06557846069336,7217.699289321899,4067,9,0.0022129333661175315,True,2.404371897379557
46,error_only,2,10.661307573318481,10.649431943893433,0.709490954875946,1.198093056678772,20.982027053833008,6871.567249298096,4141,9,0.0021733880705143687,True,1.3988018035888672
46,error_only,3,9.988011121749878,9.977003335952759,0.6607166528701782,1.2117592096328735,25.15101432800293,6858.74605178833,4215,10,0.002372479240806643,True,1.6767342885335286
46,error_only,4,9.61203157901764,9.603927731513977,0.6323986053466797,1.2267011404037476,19.918441772460938,6782.923936843872,4289,10,0.0023315458148752623,True,1.3278961181640625
46,error_only,5,9.38812255859375,9.380121231079102,0.6140555143356323,1.2441041469573975,24.38068389892578,6600.122451782227,4363,10,0.0022920009168003667,True,1.625378926595052
46,error_only,6,9.072816967964172,9.069586992263794,0.5821208953857422,1.2664825916290283,23.380517959594727,6773.478031158447,4433,10,0.0022558087074216106,True,1.5587011973063152
46,error_only,7,8.489447832107544,8.484076857566833,0.5180339217185974,1.2927361726760864,21.579265594482422,6729.015588760376,4503,9,0.001998667554963358,True,1.4386177062988281
46,error_only,8,7.9976677894592285,7.9885852336883545,0.46056506037712097,1.3173243999481201,21.928787231445312,6643.241882324219,4579,9,0.0019654946494867876,True,1.4619191487630208
46,error_only,9,7.648452520370483,7.645827531814575,0.4139001965522766,1.3413559198379517,15.88749885559082,6557.451963424683,4652,9,0.001934651762682717,True,1.0591665903727214
46,error_only,10,7.325876355171204,7.319670915603638,0.3678285777568817,1.364081859588623,10.999441146850586,6802.17981338501,4729,8,0.0016916895749629942,False,0.7332960764567057
46,error_only,11,7.095675468444824,7.089285254478455,0.3335416316986084,1.383009910583496,12.617826461791992,6632.044076919556,4803,8,0.0016656256506350198,False,0.8411884307861328
46,error_only,12,6.889755725860596,6.88858687877655,0.3010368347167969,1.401408314704895,18.372297286987305,6827.825307846069,4876,8,0.0016406890894175555,True,1.224819819132487
46,error_only,13,6.6901808977127075,6.6883063316345215,0.2672404944896698,1.423335075378418,19.314050674438477,7202.833414077759,4949,7,0.0014144271570014145,True,1.2876033782958984
46,error_only,14,6.454030871391296,6.452948451042175,0.2274060845375061,1.4390535354614258,15.105962753295898,7232.285022735596,5021,7,0.0013941445927106153,True,1.0070641835530598
46,error_only,15,6.37523353099823,6.3493746519088745,0.21071887016296387,1.445443034172058,19.221067428588867,7259.07039642334,5092,7,0.0013747054202670856,True,1.2814044952392578
46,error_only,16,6.362774968147278,6.323716044425964,0.20279233157634735,1.448603630065918,31.623363494873047,7098.83451461792,5161,7,0.0013563262933540012,True,2.1082242329915366
46,error_only,17,6.25485360622406,6.2341225147247314,0.1829693764448166,1.446230411529541,22.05514907836914,7212.485074996948,5230,6,0.001147227533460803,True,1.4703432718912761
46,error_only,18,6.260161995887756,6.202806234359741,0.18165890872478485,1.4437779188156128,22.290945053100586,7218.879699707031,5304,6,0.0011312217194570137,True,1.486063003540039
46,error_only,19,6.2762850522994995,6.250745058059692,0.1804690808057785,1.4304105043411255,27.73141860961914,7256.361722946167,5379,6,0.0011154489682097045,True,1.8487612406412761
46,error_only,20,6.288134455680847,6.225626468658447,0.1756935566663742,1.422119140625,31.493186950683594,7037.408113479614,5450,6,0.0011009174311926607,True,2.0995457967122397
46,error_only,21,6.241708993911743,6.200858950614929,0.1604546159505844,1.4127949476242065,24.201631546020508,7227.887868881226,5514,6,0.001088139281828074,True,1.613442103068034
46,error_only,22,6.256256103515625,6.222033500671387,0.15489718317985535,1.393338680267334,18.431425094604492,7739.954948425293,5582,6,0.0010748835542816195,True,1.2287616729736328
46,error_only,23,6.359671354293823,6.306363344192505,0.16492637991905212,1.3829702138900757,33.50996971130371,7814.608097076416,5654,6,0.0010611956137247967,True,2.2339979807535806
46,error_only,24,6.517419815063477,6.429501175880432,0.18122480809688568,1.3705261945724487,30.325889587402344,7851.1364459991455,5725,6,0.0010480349344978166,True,2.0217259724934897
46,error_only,25,6.669200658798218,6.587300896644592,0.20127415657043457,1.354244589805603,27.503013610839844,7829.315185546875,5798,6,0.0010348395998620215,True,1.8335342407226562
46,error_only,26,6.845109462738037,6.773717403411865,0.2279926985502243,1.3435733318328857,34.58714485168457,7510.577440261841,5872,6,0.0010217983651226157,True,2.305809656778971
46,error_only,27,7.054040431976318,7.0133668184280396,0.2506210505962372,1.3610678911209106,21.698713302612305,8138.830900192261,5943,5,0.0008413259296651522,True,1.4465808868408203
46,error_only,28,7.262834310531616,7.201933264732361,0.27744221687316895,1.358824610710144,21.557331085205078,7903.012752532959,6016,5,0.0008311170212765958,True,1.4371554056803386
46,error_only,29,7.395850419998169,7.351860404014587,0.29793238639831543,1.3535387516021729,30.288219451904297,8158.804178237915,6082,5,0.0008220979940808945,True,2.019214630126953
46,error_only,30,7.534430623054504,7.475520372390747,0.3059169054031372,1.3883167505264282,28.721094131469727,7801.697015762329,6149,5,0.0008131403480240689,True,1.9147396087646484
46,error_only,31,7.569862008094788,7.511534690856934,0.30888253450393677,1.4075913429260254,27.01592445373535,8192.676067352295,6217,5,0.0008042464211034261,True,1.8010616302490234
46,error_only,32,7.557415962219238,7.512473464012146,0.3030950129032135,1.4270647764205933,32.46426582336426,8122.687816619873,6295,5,0.0007942811755361397,True,2.1642843882242837
46,error_only,33,7.439823150634766,7.400621175765991,0.29137086868286133,1.4421101808547974,26.157855987548828,7725.8734703063965,6368,4,0.000628140703517588,True,1.7438570658365886
46,error_only,34,7.357190847396851,7.3019057512283325,0.27426567673683167,1.4384809732437134,26.34143829345703,7851.081609725952,6442,5,0.000776156473144986,True,1.7560958862304688
46,error_only,35,7.297872304916382,7.247886061668396,0.2669501006603241,1.4277493953704834,16.4029598236084,8016.4477825164795,6517,4,0.0006137793463249962,True,1.0935306549072266
46,error_only,36,7.243980169296265,7.211428284645081,0.2588200569152832,1.398898959159851,13.890504837036133,7860.428094863892,6595,4,0.0006065200909780137,False,0.9260336558024088
46,error_only,37,7.140291929244995,7.086462378501892,0.23532430827617645,1.3787245750427246,16.25680923461914,7825.037240982056,6668,4,0.0005998800239952009,True,1.0837872823079426
46,error_only,38,7.088244557380676,7.017752528190613,0.22286711633205414,1.366254448890686,15.748023986816406,7763.999223709106,6737,4,0.0005937360843105239,True,1.0498682657877605
46,error_only,39,7.096354961395264,6.997551918029785,0.21309694647789001,1.3438533544540405,18.492698669433594,7527.678489685059,6807,4,0.0005876303804906713,True,1.2328465779622395
46,error_only,40,6.932386159896851,6.8501198291778564,0.168857604265213,1.3178935050964355,16.491413116455078,7825.746536254883,6878,4,0.0005815644082582146,True,1.0994275410970051
46,error_only,41,6.356349587440491,6.289477348327637,0.1097920760512352,1.3080415725708008,20.118236541748047,8032.432317733765,6951,4,0.0005754567688102431,True,1.3412157694498699
46,error_only,42,6.256930828094482,6.160905957221985,0.05391053482890129,1.2925934791564941,16.617536544799805,7884.751558303833,7025,4,0.0005693950177935943,True,1.1078357696533203
46,error_only,43,5.860336422920227,5.7468390464782715,-0.0440516397356987,1.2881077527999878,13.638496398925781,7799.8411655426025,7099,4,0.0005634596422031273,False,0.9092330932617188
46,error_only,44,5.543351769447327,5.426639914512634,-0.12092404067516327,1.2799770832061768,16.369104385375977,8012.259244918823,7170,4,0.0005578800557880056,True,1.0912736256917317
46,error_only,45,5.4665422439575195,5.3237903118133545,-0.14086036384105682,1.2608108520507812,16.717195510864258,7576.968431472778,7244,4,0.0005521811154058532,True,1.114479700724284
46,error_only,46,5.41784942150116,5.247948169708252,-0.17783477902412415,1.2338887453079224,22.005558013916016,7840.156316757202,7311,5,0.000683900971139379,True,1.4670372009277344
46,error_only,47,5.404112339019775,5.283052325248718,-0.1877937614917755,1.213391900062561,19.089937210083008,7765.614986419678,7382,5,0.000677323218639935,True,1.2726624806722004
46,error_only,48,5.526146292686462,5.369482636451721,-0.165562242269516,1.1922110319137573,28.248071670532227,7845.880031585693,7458,5,0.0006704210244033253,True,1.8832047780354817
46,error_only,49,5.736138224601746,5.590340495109558,-0.13407477736473083,1.1779792308807373,16.5250301361084,7607.195854187012,7529,5,0.0006640988179041042,True,1.1016686757405598
46,ours,1,12.112873792648315,12.107350826263428,0.7918102145195007,1.1868295669555664,33.81919860839844,5868.8805103302,4068,3,0.0007374631268436578,True,2.254613240559896
46,ours,2,10.653226375579834,10.647485256195068,0.7089961767196655,1.198093056678772,27.41098403930664,6294.026613235474,4138,2,0.0004833252779120348,True,1.8273989359537761
46,ours,3,9.979444742202759,9.973803758621216,0.6601399779319763,1.2117592096328735,24.557113647460938,6210.27684211731,4206,2,0.00047551117451260106,True,1.6371409098307292
46,ours,4,9.601767659187317,9.599518775939941,0.6317464113235474,1.2267011404037476,24.206876754760742,6159.008979797363,4281,2,0.000467180565288484,True,1.613791783650716
46,ours,5,9.376215934753418,9.370352029800415,0.613310694694519,1.2441041469573975,24.202585220336914,6096.660614013672,4353,2,0.00045945325063174823,True,1.6135056813557942
46,ours,6,9.069114923477173,9.058765769004822,0.5819188952445984,1.2664825916290283,25.002479553222656,6378.4801959991455,4426,2,0.00045187528242205153,True,1.6668319702148438
46,ours,7,8.489663004875183,8.48564624786377,0.5182532668113708,1.2927361726760864,20.355224609375,6500.482559204102,4500,2,0.00044444444444444447,True,1.3570149739583333
46,ours,8,7.998008131980896,7.989972829818726,0.4607313275337219,1.3173243999481201,20.18451690673828,6541.001558303833,4574,2,0.00043725404459991256,True,1.3456344604492188
46,ours,9,7.650171518325806,7.644556164741516,0.41416311264038086,1.3413559198379517,16.639232635498047,6603.7750244140625,4647,2,0.00043038519474930065,True,1.1092821756998699
46,ours,10,7.325353622436523,7.319244146347046,0.3679799735546112,1.364081859588623,15.838384628295898,6543.331861495972,4721,2,0.00042363905952128787,True,1.0558923085530598
46,ours,11,7.0938122272491455,7.091173529624939,0.33379650115966797,1.383009910583496,16.437053680419922,6672.314405441284,4792,2,0.00041736227045075126,True,1.0958035786946614
46,ours,12,6.889949440956116,6.887717247009277,0.3015175759792328,1.401408314704895,24.073362350463867,6580.161809921265,4862,2,0.00041135335252982314,True,1.6048908233642578
46,ours,13,6.685617566108704,6.685027480125427,0.26692017912864685,1.423335075378418,23.549318313598633,6655.330657958984,4938,2,0.0004050222762251924,True,1.569954554239909
46,ours,14,6.458151936531067,6.449921727180481,0.22826126217842102,1.4390535354614258,15.879154205322266,6564.571380615234,5014,2,0.00039888312724371757,True,1.0586102803548176
46,ours,15,6.374794244766235,6.356302499771118,0.21095901727676392,1.445443034172058,20.67732810974121,6506.175994873047,5084,2,0.0003933910306845004,True,1.378488540649414
46,ours,16,6.3515061140060425,6.326655149459839,0.20232513546943665,1.448603630065918,20.4620361328125,6608.5920333862305,5158,2,0.00038774718883288094,True,1.3641357421875
46,ours,17,6.253803372383118,6.22261643409729,0.18413138389587402,1.446230411529541,30.072927474975586,6954.551696777344,5234,2,0.00038211692777990065,True,2.004861831665039
46,ours,18,6.229313015937805,6.201072335243225,0.1791105717420578,1.4437779188156128,27.382612228393555,6868.89910697937,5307,2,0.0003768607499528924,True,1.8255074818929036
46,ours,19,6.270672678947449,6.221762299537659,0.1810591220855713,1.4304105043411255,25.86078643798828,6915.0230884552,5380,2,0.0003717472118959108,True,1.7240524291992188
46,ours,20,6.268696188926697,6.2242138385772705,0.17631733417510986,1.422119140625,20.489215850830078,7033.924341201782,5455,2,0.00036663611365719525,True,1.3659477233886719
46,ours,21,6.240934729576111,6.186468005180359,0.16415360569953918,1.4127949476242065,19.82712745666504,7112.209796905518,5527,2,0.0003618599601954044,True,1.3218084971110027
46,ours,22,6.270196437835693,6.227600574493408,0.16242192685604095,1.393338680267334,15.950202941894531,7121.177196502686,5592,2,0.000357653791130186,True,1.0633468627929688
46,ours,23,6.401899456977844,6.330599784851074,0.17852699756622314,1.3829702138900757,20.50924301147461,6978.754997253418,5665,2,0.000353045013239188,True,1.3672828674316406
46,ours,24,6.5610939264297485,6.478263735771179,0.19598114490509033,1.3705261945724487,21.006345748901367,6946.545839309692,5740,2,0.0003484320557491289,True,1.4004230499267578
46,ours,25,6.653913855552673,6.632586717605591,0.20652735233306885,1.354244589805603,21.963834762573242,7325.98090171814,5813,2,0.0003440564252537416,True,1.464255650838216
46,ours,26,6.799486875534058,6.756981611251831,0.22901499271392822,1.3435733318328857,21.424055099487305,7224.977254867554,5888,2,0.00033967391304347825,True,1.4282703399658203
46,ours,27,7.024772763252258,6.963343024253845,0.25466978549957275,1.3610678911209106,20.545005798339844,7357.565641403198,5962,2,0.0003354579000335458,True,1.3696670532226562
46,ours,28,7.203129529953003,7.154258489608765,0.2765507102012634,1.358824610710144,23.255586624145508,7242.26188659668,6035,2,0.00033140016570008286,True,1.5503724416097004
46,ours,29,7.307845950126648,7.285755276679993,0.29256629943847656,1.3535387516021729,23.403406143188477,7258.350849151611,6104,2,0.000327653997378768,True,1.5602270762125652
46,ours,30,7.4586838483810425,7.385023236274719,0.3027307391166687,1.3883167505264282,26.54576301574707,7497.8508949279785,6175,2,0.00032388663967611336,True,1.769717534383138
46,ours,31,7.491811513900757,7.455666661262512,0.3051299750804901,1.4075913429260254,19.90342140197754,7458.594799041748,6246,2,0.0003202049311559398,True,1.326894760131836
46,ours,32,7.571318745613098,7.496950626373291,0.3138885200023651,1.4270647764205933,23.4222412109375,7432.852268218994,6317,2,0.00031660598385309483,True,1.5614827473958333
46,ours,33,7.4614644050598145,7.416331171989441,0.30241453647613525,1.4421101808547974,19.460439682006836,7669.0850257873535,6388,2,0.00031308703819661864,True,1.2973626454671223
46,ours,34,7.354502081871033,7.3111677169799805,0.2816564440727234,1.4384809732437134,22.558212280273438,7695.636034011841,6460,2,0.00030959752321981426,True,1.5038808186848958
46,ours,35,7.295461297035217,7.2411322593688965,0.2737748622894287,1.4277493953704834,24.544239044189453,7833.801031112671,6530,2,0.00030627871362940275,True,1.6362826029459636
46,ours,36,7.284595370292664,7.199984192848206,0.26988738775253296,1.398898959159851,24.50847625732422,7891.117572784424,6604,2,0.0003028467595396729,True,1.633898417154948
46,ours,37,7.1955180168151855,7.106295228004456,0.24706652760505676,1.3787245750427246,19.196271896362305,7801.704168319702,6676,1,0.00014979029358897544,True,1.279751459757487
46,ours,38,7.113315463066101,7.072371244430542,0.23041324317455292,1.366254448890686,19.12713050842285,7945.075988769531,6749,1,0.0001481700992739665,True,1.2751420338948567
46,ours,39,7.005253434181213,6.950972080230713,0.2022521197795868,1.3438533544540405,20.660400390625,7940.767049789429,6820,1,0.0001466275659824047,True,1.3773600260416667
46,ours,40,6.790283918380737,6.741194725036621,0.14979645609855652,1.3178935050964355,25.952577590942383,7921.381950378418,6891,2,0.0002902336380786533,True,1.730171839396159
46,ours,41,6.280577778816223,6.17463231086731,0.10338368266820908,1.3080415725708008,18.961429595947266,7953.66096496582,6967,1,0.00014353380221042057,True,1.2640953063964844
46,ours,42,6.228676438331604,6.094973683357239,0.054596759378910065,1.2925934791564941,18.799543380737305,7908.13136100769,7037,1,0.00014210601108426886,True,1.2533028920491536
46,ours,43,5.803820490837097,5.697522759437561,-0.05153091996908188,1.2881077527999878,19.055843353271484,7776.904582977295,7107,1,0.0001407063458561981,True,1.2703895568847656
46,ours,44,5.543809533119202,5.3831547498703,-0.11841155588626862,1.2799770832061768,20.47109603881836,7729.892730712891,7182,1,0.0001392369813422445,True,1.3647397359212239
46,ours,45,5.440969467163086,5.317603945732117,-0.14323268830776215,1.2608108520507812,23.495197296142578,7950.102806091309,7254,1,0.00013785497656465398,True,1.5663464864095051
46,ours,46,5.305055379867554,5.205358266830444,-0.19475731253623962,1.2338887453079224,20.255565643310547,8175.13108253479,7327,1,0.0001364815067558346,True,1.3503710428873699
46,ours,47,5.299217104911804,5.17805278301239,-0.20474497973918915,1.213391900062561,19.797325134277344,7544.401168823242,7403,1,0.00013508037282182898,True,1.3198216756184895
46,ours,48,5.367484092712402,5.271680951118469,-0.19202713668346405,1.1922110319137573,15.48004150390625,7822.20458984375,7471,1,0.0001338508901084192,True,1.0320027669270833
46,ours,49,5.588948130607605,5.450734496116638,-0.15632562339305878,1.1779792308807373,20.107746124267578,7822.231769561768,7539,1,0.00013264358668258389,True,1.3405164082845051
