frame,config,policy,seed,densification_enabled,N_before,N_new,N_after,N_visible,N_optimized,PSNR,SSIM,depth_L1,coverage,opt_time_ms,frame_time_ms,delta_psnr_step,delta_psnr_cumul,has_nan_inf
1,new_init_new_dense,no_op,42,True,14073,294,14367,14073,0,20.961694717407227,0.6329941749572754,0.1917351633310318,0.8081510663032532,0.0,593.0598740087589,-1.3777732849121094,-1.3777732849121094,False
2,new_init_new_dense,no_op,42,True,14367,322,14689,14366,0,17.617253065109253,0.5727579593658447,0.16753339767456055,0.8143619894981384,0.0,488.40799400932156,-3.3444416522979736,-4.722214937210083,False
3,new_init_new_dense,no_op,42,True,14689,428,15117,14687,0,16.16884469985962,0.5287315845489502,0.1754477322101593,0.8207682371139526,0.0,496.7370749945985,-1.4484083652496338,-6.170623302459717,False
4,new_init_new_dense,no_op,42,True,15117,487,15604,15104,0,15.299063920974731,0.49320241808891296,0.1680750697851181,0.8293880224227905,0.0,506.5215909999097,-0.8697807788848877,-7.0404040813446045,False
5,new_init_new_dense,no_op,42,True,15604,567,16171,15568,0,15.49244999885559,0.4981507658958435,0.17725378274917603,0.8405469059944153,0.0,511.89761799469125,0.19338607788085938,-6.847018003463745,False
6,new_init_new_dense,no_op,42,True,16171,439,16610,16079,0,15.82221269607544,0.508983850479126,0.152990460395813,0.8438281416893005,0.0,529.4166259991471,0.32976269721984863,-6.5172553062438965,False
7,new_init_new_dense,no_op,42,True,16610,393,17003,16416,0,16.204833984375,0.5267316102981567,0.15633784234523773,0.8495573401451111,0.0,536.6330109973205,0.38262128829956055,-6.134634017944336,False
8,new_init_new_dense,no_op,42,True,17003,402,17405,16710,0,16.296051740646362,0.5318848490715027,0.14955152571201324,0.8530339002609253,0.0,547.7149319922319,0.0912177562713623,-6.043416261672974,False
9,new_init_new_dense,no_op,42,True,17405,436,17841,17009,0,15.837492942810059,0.5114907026290894,0.14542347192764282,0.8549609780311584,0.0,563.4203039953718,-0.4585587978363037,-6.501975059509277,False
10,new_init_new_dense,no_op,42,True,17841,426,18267,17331,0,15.77513337135315,0.5086514949798584,0.14591972529888153,0.8560547232627869,0.0,575.4517659952398,-0.06235957145690918,-6.5643346309661865,False
11,new_init_new_dense,no_op,42,True,18267,406,18673,17616,0,16.004072427749634,0.5128569602966309,0.1442066878080368,0.8571484684944153,0.0,598.4638200025074,0.22893905639648438,-6.335395574569702,False
12,new_init_new_dense,no_op,42,True,18673,439,19112,17855,0,16.177068948745728,0.5139392614364624,0.15848051011562347,0.8575911521911621,0.0,600.9920219948981,0.17299652099609375,-6.162399053573608,False
13,new_init_new_dense,no_op,42,True,19112,450,19562,18075,0,16.314417123794556,0.5095651149749756,0.16892178356647491,0.8568620085716248,0.0,622.5938740099082,0.13734817504882812,-6.02505087852478,False
14,new_init_new_dense,no_op,42,True,19562,453,20015,18309,0,16.316394805908203,0.5017681121826172,0.17203663289546967,0.8586588501930237,0.0,616.4870110078482,0.001977682113647461,-6.023073196411133,False
15,new_init_new_dense,no_op,42,True,20015,463,20478,18467,0,15.98384141921997,0.47749727964401245,0.18413609266281128,0.8573958277702332,0.0,629.1862929938361,-0.3325533866882324,-6.355626583099365,False
16,new_init_new_dense,no_op,42,True,20478,498,20976,18658,0,15.7546865940094,0.4595019817352295,0.1962195634841919,0.8565365076065063,0.0,638.5122979991138,-0.2291548252105713,-6.5847814083099365,False
17,new_init_new_dense,no_op,42,True,20976,541,21517,18828,0,15.786983966827393,0.4554916024208069,0.20866219699382782,0.857617199420929,0.0,663.184454999282,0.032297372817993164,-6.552484035491943,False
18,new_init_new_dense,no_op,42,True,21517,535,22052,18938,0,15.310029983520508,0.4240797460079193,0.21558712422847748,0.8567838668823242,0.0,663.9787099993555,-0.47695398330688477,-7.029438018798828,False
19,new_init_new_dense,no_op,42,True,22052,618,22670,19192,0,15.124810934066772,0.41170018911361694,0.23562492430210114,0.8563151359558105,0.0,696.2694059911883,-0.18521904945373535,-7.2146570682525635,False
20,new_init_new_dense,no_op,42,True,22670,629,23299,19435,0,15.119493007659912,0.4046575427055359,0.23068557679653168,0.8558984398841858,0.0,707.6580180000747,-0.0053179264068603516,-7.219974994659424,False
21,new_init_new_dense,no_op,42,True,23299,632,23931,19671,0,14.561609029769897,0.3728913962841034,0.2405550628900528,0.8589062690734863,0.0,722.2890590055613,-0.5578839778900146,-7.7778589725494385,False
22,new_init_new_dense,no_op,42,True,23931,649,24580,19949,0,14.855269193649292,0.3912601172924042,0.24365369975566864,0.86384117603302,0.0,768.0668199900538,0.29366016387939453,-7.484198808670044,False
23,new_init_new_dense,no_op,42,True,24580,631,25211,20096,0,15.114039182662964,0.399844765663147,0.23430918157100677,0.864244818687439,0.0,755.2340560068842,0.2587699890136719,-7.225428819656372,False
24,new_init_new_dense,no_op,42,True,25211,576,25787,20130,0,15.134304761886597,0.40764331817626953,0.226319819688797,0.8669140934944153,0.0,784.1806590004126,0.020265579223632812,-7.205163240432739,False
25,new_init_new_dense,no_op,42,True,25787,651,26438,20089,0,14.994447231292725,0.4166676700115204,0.24470725655555725,0.8709896206855774,0.0,794.8158229992259,-0.13985753059387207,-7.345020771026611,False
26,new_init_new_dense,no_op,42,True,26438,677,27115,19994,0,14.842212200164795,0.4186713695526123,0.2533147931098938,0.8756250143051147,0.0,804.188621987123,-0.1522350311279297,-7.497255802154541,False
27,new_init_new_dense,no_op,42,True,27115,694,27809,19972,0,14.88438367843628,0.44201207160949707,0.2611241936683655,0.8804948329925537,0.0,814.2125839949585,0.042171478271484375,-7.455084323883057,False
28,new_init_new_dense,no_op,42,True,27809,683,28492,20056,0,15.160293579101562,0.467320054769516,0.2612534165382385,0.8822916746139526,0.0,826.9850240030792,0.2759099006652832,-7.179174423217773,False
29,new_init_new_dense,no_op,42,True,28492,664,29156,20074,0,15.301599502563477,0.4667782783508301,0.24701711535453796,0.8811328411102295,0.0,855.366331001278,0.14130592346191406,-7.037868499755859,False
30,new_init_new_dense,no_op,42,True,29156,614,29770,20056,0,15.326906442642212,0.4666987359523773,0.23144663870334625,0.8797395825386047,0.0,884.7236939909635,0.02530694007873535,-7.012561559677124,False
31,new_init_new_dense,no_op,42,True,29770,584,30354,20110,0,15.446717739105225,0.47363537549972534,0.2435629516839981,0.8793750405311584,0.0,875.433517008787,0.1198112964630127,-6.892750263214111,False
32,new_init_new_dense,no_op,42,True,30354,597,30951,20133,0,15.497703552246094,0.4678483009338379,0.2361142784357071,0.8768880367279053,0.0,888.1363310065353,0.05098581314086914,-6.841764450073242,False
33,new_init_new_dense,no_op,42,True,30951,550,31501,20169,0,15.578619241714478,0.46705135703086853,0.24013279378414154,0.8739323019981384,0.0,902.3848439974245,0.08091568946838379,-6.760848760604858,False
34,new_init_new_dense,no_op,42,True,31501,631,32132,20091,0,15.666693449020386,0.4822313189506531,0.2561282813549042,0.8757942914962769,0.0,940.6914160063025,0.0880742073059082,-6.67277455329895,False
35,new_init_new_dense,no_op,42,True,32132,647,32779,19970,0,15.644124746322632,0.482576459646225,0.2567281424999237,0.8750260472297668,0.0,941.0267999919597,-0.022568702697753906,-6.695343255996704,False
36,new_init_new_dense,no_op,42,True,32779,573,33352,19848,0,15.612595081329346,0.48374390602111816,0.24402715265750885,0.8738541603088379,0.0,975.1632680126932,-0.03152966499328613,-6.72687292098999,False
37,new_init_new_dense,no_op,42,True,33352,609,33961,20000,0,15.798254013061523,0.48501312732696533,0.24794968962669373,0.8708593845367432,0.0,978.7181150022661,0.18565893173217773,-6.5412139892578125,False
38,new_init_new_dense,no_op,42,True,33961,600,34561,20117,0,15.795788764953613,0.4711916148662567,0.24195656180381775,0.8671094179153442,0.0,998.5674530034885,-0.0024652481079101562,-6.543679237365723,False
39,new_init_new_dense,no_op,42,True,34561,554,35115,20273,0,15.61154842376709,0.4533495306968689,0.23252759873867035,0.8632031679153442,0.0,1071.4563749934314,-0.18424034118652344,-6.727919578552246,False
40,new_init_new_dense,no_op,42,True,35115,576,35691,20311,0,15.384241342544556,0.4470314681529999,0.24247631430625916,0.8606510758399963,0.0,1011.8201439909171,-0.22730708122253418,-6.95522665977478,False
41,new_init_new_dense,no_op,42,True,35691,542,36233,20254,0,15.47054648399353,0.4584941565990448,0.22916647791862488,0.8613541722297668,0.0,1049.0525479981443,0.08630514144897461,-6.868921518325806,False
42,new_init_new_dense,no_op,42,True,36233,582,36815,20291,0,15.497660636901855,0.4578491449356079,0.2475864738225937,0.8580599427223206,0.0,1065.2663549990393,0.027114152908325195,-6.8418073654174805,False
43,new_init_new_dense,no_op,42,True,36815,626,37441,20279,0,14.905668497085571,0.4291253983974457,0.24877023696899414,0.8570442795753479,0.0,1081.9311899977038,-0.5919921398162842,-7.433799505233765,False
44,new_init_new_dense,no_op,42,True,37441,646,38087,20392,0,14.905843734741211,0.43301182985305786,0.24903008341789246,0.8573437929153442,0.0,1094.9195479915943,0.00017523765563964844,-7.433624267578125,False
45,new_init_new_dense,no_op,42,True,38087,674,38761,20442,0,14.623762369155884,0.4170255661010742,0.267932653427124,0.8563932776451111,0.0,1113.8550369942095,-0.28208136558532715,-7.715705633163452,False
46,new_init_new_dense,no_op,42,True,38761,641,39402,20436,0,14.577807188034058,0.4199312627315521,0.24450063705444336,0.8557812571525574,0.0,1095.4089599981671,-0.04595518112182617,-7.761660814285278,False
47,new_init_new_dense,no_op,42,True,39402,661,40063,20513,0,14.307317733764648,0.40389543771743774,0.23412731289863586,0.8576692938804626,0.0,1122.710522991838,-0.2704894542694092,-8.032150268554688,False
48,new_init_new_dense,no_op,42,True,40063,663,40726,20667,0,14.191453456878662,0.3942258954048157,0.22469890117645264,0.8581640720367432,0.0,1127.9590379999718,-0.11586427688598633,-8.148014545440674,False
49,new_init_new_dense,no_op,42,True,40726,656,41382,20864,0,14.062097072601318,0.38244566321372986,0.22054523229599,0.8587630391120911,0.0,1186.6169620043365,-0.12935638427734375,-8.277370929718018,False
50,new_init_new_dense,no_op,42,True,41382,693,42075,21051,0,13.928561210632324,0.3753560781478882,0.22036468982696533,0.8615365028381348,0.0,1154.4928660005098,-0.13353586196899414,-8.410906791687012,False
51,new_init_new_dense,no_op,42,True,42075,732,42807,21340,0,13.825603723526001,0.37034711241722107,0.212324321269989,0.8626302480697632,0.0,1163.799198999186,-0.10295748710632324,-8.513864278793335,False
52,new_init_new_dense,no_op,42,True,42807,661,43468,21457,0,13.778423070907593,0.3722110390663147,0.17768315970897675,0.8654167056083679,0.0,1208.935531991301,-0.0471806526184082,-8.561044931411743,False
53,new_init_new_dense,no_op,42,True,43468,731,44199,21609,0,13.591135740280151,0.36205464601516724,0.21604828536510468,0.8667317628860474,0.0,1243.0428140069125,-0.1872873306274414,-8.748332262039185,False
54,new_init_new_dense,no_op,42,True,44199,716,44915,21727,0,13.593040704727173,0.3660053610801697,0.19871313869953156,0.8676692843437195,0.0,1264.6079580008518,0.0019049644470214844,-8.746427297592163,False
55,new_init_new_dense,no_op,42,True,44915,677,45592,21793,0,13.744982481002808,0.38363581895828247,0.1898045390844345,0.8710026144981384,0.0,1310.8880149957258,0.15194177627563477,-8.594485521316528,False
56,new_init_new_dense,no_op,42,True,45592,686,46278,21906,0,13.792613744735718,0.3943259119987488,0.1917453408241272,0.8729296922683716,0.0,1255.2924300107406,0.047631263732910156,-8.546854257583618,False
57,new_init_new_dense,no_op,42,True,46278,698,46976,22057,0,13.599944114685059,0.3768171966075897,0.1946166306734085,0.8731380701065063,0.0,1356.8986580066849,-0.19266963005065918,-8.739523887634277,False
58,new_init_new_dense,no_op,42,True,46976,691,47667,22245,0,13.37540864944458,0.3540136218070984,0.17596018314361572,0.8728775978088379,0.0,1317.311171995243,-0.22453546524047852,-8.964059352874756,False
59,new_init_new_dense,no_op,42,True,47667,711,48378,22367,0,13.240593671798706,0.3400838375091553,0.19058123230934143,0.8728646039962769,0.0,1372.0542049995856,-0.13481497764587402,-9.09887433052063,False
60,new_init_new_dense,no_op,42,True,48378,668,49046,22523,0,13.460358381271362,0.3603897988796234,0.17803360521793365,0.8757031559944153,0.0,1335.7415469945408,0.21976470947265625,-8.879109621047974,False
61,new_init_new_dense,no_op,42,True,49046,706,49752,22558,0,13.610469102859497,0.3747783303260803,0.18108054995536804,0.8767057657241821,0.0,1327.76864200423,0.15011072158813477,-8.728998899459839,False
62,new_init_new_dense,no_op,42,True,49752,712,50464,22558,0,13.910599946975708,0.3689393997192383,0.19314956665039062,0.8744140863418579,0.0,1367.703377007274,0.30013084411621094,-8.428868055343628,False
63,new_init_new_dense,no_op,42,True,50464,738,51202,22597,0,13.63956093788147,0.36220860481262207,0.188971146941185,0.8735286593437195,0.0,1334.2814990028273,-0.2710390090942383,-8.699907064437866,False
64,new_init_new_dense,no_op,42,True,51202,696,51898,22710,0,13.406819105148315,0.36880767345428467,0.185172900557518,0.8748047351837158,0.0,1399.4433949992526,-0.2327418327331543,-8.93264889717102,False
65,new_init_new_dense,no_op,42,True,51898,700,52598,22797,0,13.062825202941895,0.36007389426231384,0.18981719017028809,0.874596357345581,0.0,1383.3116339956177,-0.3439939022064209,-9.276642799377441,False
66,new_init_new_dense,no_op,42,True,52598,733,53331,22818,0,12.64785885810852,0.3495523929595947,0.17603765428066254,0.8763411641120911,0.0,1376.2945100024808,-0.414966344833374,-9.691609144210815,False
67,new_init_new_dense,no_op,42,True,53331,722,54053,22718,0,12.35517144203186,0.3492215871810913,0.1862974613904953,0.8766797184944153,0.0,1415.8703279972542,-0.29268741607666016,-9.984296560287476,False
68,new_init_new_dense,no_op,42,True,54053,780,54833,22801,0,11.803958415985107,0.35346364974975586,0.19399236142635345,0.8792839050292969,0.0,1403.7833320035134,-0.5512130260467529,-10.535509586334229,False
69,new_init_new_dense,no_op,42,True,54833,766,55599,22899,0,11.411426067352295,0.3475123643875122,0.1849248856306076,0.8794401288032532,0.0,1459.2854969960172,-0.3925323486328125,-10.928041934967041,False
70,new_init_new_dense,no_op,42,True,55599,784,56383,22949,0,11.083897352218628,0.3413825035095215,0.17454126477241516,0.8802604675292969,0.0,1436.0967319953488,-0.327528715133667,-11.255570650100708,False
71,new_init_new_dense,no_op,42,True,56383,807,57190,23037,0,10.648326873779297,0.33553385734558105,0.1819712072610855,0.8802734613418579,0.0,1498.0732830008492,-0.43557047843933105,-11.691141128540039,False
72,new_init_new_dense,no_op,42,True,57190,812,58002,23191,0,10.389349460601807,0.33941230177879333,0.18599021434783936,0.8821744918823242,0.0,1535.5573470005766,-0.25897741317749023,-11.95011854171753,False
73,new_init_new_dense,no_op,42,True,58002,793,58795,23389,0,11.075942516326904,0.3575471341609955,0.1759466528892517,0.8829296827316284,0.0,1478.9753639925038,0.6865930557250977,-11.263525485992432,False
74,new_init_new_dense,no_op,42,True,58795,745,59540,23583,0,11.283324956893921,0.36529743671417236,0.16928303241729736,0.8828385472297668,0.0,1593.0241890018806,0.2073824405670166,-11.056143045425415,False
75,new_init_new_dense,no_op,42,True,59540,762,60302,23677,0,11.465308666229248,0.376269668340683,0.179933562874794,0.8836328387260437,0.0,1747.3487480019685,0.18198370933532715,-10.874159336090088,False
76,new_init_new_dense,no_op,42,True,60302,712,61014,23884,0,11.703602075576782,0.39502882957458496,0.16144241392612457,0.8844010829925537,0.0,1653.9534680050565,0.23829340934753418,-10.635865926742554,False
77,new_init_new_dense,no_op,42,True,61014,741,61755,24069,0,11.806917190551758,0.4028487801551819,0.16529226303100586,0.8850911855697632,0.0,1655.9402179991594,0.10331511497497559,-10.532550811767578,False
78,new_init_new_dense,no_op,42,True,61755,690,62445,24278,0,11.973503828048706,0.4138872027397156,0.1619226038455963,0.8863281607627869,0.0,1652.595352003118,0.16658663749694824,-10.36596417427063,False
79,new_init_new_dense,no_op,42,True,62445,654,63099,24362,0,11.986994743347168,0.41176459193229675,0.1606437861919403,0.8856901526451111,0.0,1697.8274550056085,0.013490915298461914,-10.352473258972168,False
80,new_init_new_dense,no_op,42,True,63099,680,63779,24507,0,11.933996677398682,0.40694424510002136,0.16425952315330505,0.8858463764190674,0.0,1679.9374069960322,-0.05299806594848633,-10.405471324920654,False
81,new_init_new_dense,no_op,42,True,63779,702,64481,24655,0,11.972072124481201,0.41711315512657166,0.1668841689825058,0.8891276121139526,0.0,1699.4731040031184,0.03807544708251953,-10.367395877838135,False
82,new_init_new_dense,no_op,42,True,64481,697,65178,24767,0,11.940145492553711,0.4146425127983093,0.1608186513185501,0.89020836353302,0.0,1772.5703830074053,-0.031926631927490234,-10.399322509765625,False
83,new_init_new_dense,no_op,42,True,65178,772,65950,24854,0,11.777220964431763,0.3977712094783783,0.16896560788154602,0.8908984661102295,0.0,1697.830464996514,-0.16292452812194824,-10.562247037887573,False
84,new_init_new_dense,no_op,42,True,65950,751,66701,24912,0,11.823959350585938,0.4035508632659912,0.16479481756687164,0.8930208683013916,0.0,1741.456076997565,0.046738386154174805,-10.515508651733398,False
85,new_init_new_dense,no_op,42,True,66701,735,67436,25041,0,11.80012583732605,0.40221768617630005,0.16153813898563385,0.8942447900772095,0.0,1795.7136920013,-0.023833513259887695,-10.539342164993286,False
86,new_init_new_dense,no_op,42,True,67436,706,68142,24998,0,11.976749897003174,0.41412246227264404,0.16460256278514862,0.8945703506469727,0.0,1804.827348998515,0.17662405967712402,-10.362718105316162,False
87,new_init_new_dense,no_op,42,True,68142,715,68857,25057,0,12.044352293014526,0.41713452339172363,0.16032321751117706,0.8954036831855774,0.0,1829.45311399817,0.06760239601135254,-10.29511570930481,False
88,new_init_new_dense,no_op,42,True,68857,701,69558,25068,0,12.071809768676758,0.4193398356437683,0.1584891974925995,0.8955599069595337,0.0,1846.945365992724,0.027457475662231445,-10.267658233642578,False
89,new_init_new_dense,no_op,42,True,69558,751,70309,25190,0,12.062793970108032,0.4174254834651947,0.17171171307563782,0.8950000405311584,0.0,1820.7747819978977,-0.009015798568725586,-10.276674032211304,False
90,new_init_new_dense,no_op,42,True,70309,717,71026,25356,0,12.11124062538147,0.4206183850765228,0.16077382862567902,0.8953906297683716,0.0,1889.1309979953803,0.0484466552734375,-10.228227376937866,False
91,new_init_new_dense,no_op,42,True,71026,728,71754,25333,0,12.129487991333008,0.41962164640426636,0.16023848950862885,0.894726574420929,0.0,1913.9658750063973,0.018247365951538086,-10.209980010986328,False
92,new_init_new_dense,no_op,42,True,71754,702,72456,25418,0,12.26924180984497,0.4282795786857605,0.1646965593099594,0.8957161903381348,0.0,1892.0454990002327,0.1397538185119629,-10.070226192474365,False
93,new_init_new_dense,no_op,42,True,72456,732,73188,25367,0,12.386927604675293,0.4390660226345062,0.1630847156047821,0.8977734446525574,0.0,1847.0863120019203,0.11768579483032227,-9.952540397644043,False
94,new_init_new_dense,no_op,42,True,73188,728,73916,25377,0,12.30353593826294,0.4290975332260132,0.16814427077770233,0.8966276049613953,0.0,1850.6012489960995,-0.08339166641235352,-10.035932064056396,False
95,new_init_new_dense,no_op,42,True,73916,745,74661,25331,0,12.248578071594238,0.4228053092956543,0.16704657673835754,0.8971875309944153,0.0,1837.4160540115554,-0.05495786666870117,-10.090889930725098,False
96,new_init_new_dense,no_op,42,True,74661,734,75395,25581,0,12.340871095657349,0.43268129229545593,0.15674185752868652,0.8988151550292969,0.0,1873.1547760107787,0.09229302406311035,-9.998596906661987,False
97,new_init_new_dense,no_op,42,True,75395,670,76065,25551,0,12.443249225616455,0.440596342086792,0.1476237177848816,0.8981640934944153,0.0,1869.2895179992775,0.10237812995910645,-9.89621877670288,False
98,new_init_new_dense,no_op,42,True,76065,681,76746,25523,0,12.418230772018433,0.43373775482177734,0.14480067789554596,0.89627605676651,0.0,1917.773383000167,-0.02501845359802246,-9.921237230300903,False
99,new_init_new_dense,no_op,42,True,76746,760,77506,25610,0,12.469803094863892,0.44106197357177734,0.17481465637683868,0.9004036784172058,0.0,1937.7917810052168,0.051572322845458984,-9.869664907455444,False
100,new_init_new_dense,no_op,42,True,77506,0,59765,25631,0,12.585294246673584,0.4487803876399994,0.1507549285888672,0.900390625,0.0,2140.792901001987,0.11549115180969238,-9.754173755645752,False
101,new_init_new_dense,no_op,42,True,59765,707,60472,25630,0,12.572288513183594,0.44341588020324707,0.15127016603946686,0.8978255391120911,0.0,1609.3118190037785,-0.013005733489990234,-9.767179489135742,False
102,new_init_new_dense,no_op,42,True,60472,705,61177,25715,0,12.577853202819824,0.45299458503723145,0.15069226920604706,0.900390625,0.0,1680.5559130007168,0.005564689636230469,-9.761614799499512,False
103,new_init_new_dense,no_op,42,True,61177,702,61879,25852,0,12.395459413528442,0.43183404207229614,0.16229544579982758,0.8973958492279053,0.0,1653.5971780103864,-0.18239378929138184,-9.944008588790894,False
104,new_init_new_dense,no_op,42,True,61879,723,62602,25984,0,12.02805757522583,0.399772584438324,0.15911129117012024,0.8980469107627869,0.0,1632.7914520079503,-0.3674018383026123,-10.311410427093506,False
105,new_init_new_dense,no_op,42,True,62602,778,63380,26223,0,11.8324875831604,0.38561099767684937,0.17146767675876617,0.9009114503860474,0.0,1663.75344399421,-0.1955699920654297,-10.506980419158936,False
106,new_init_new_dense,no_op,42,True,63380,793,64173,26383,0,11.870805025100708,0.39205285906791687,0.17566142976284027,0.9014453291893005,0.0,1724.6328269975493,0.03831744194030762,-10.468662977218628,False
107,new_init_new_dense,no_op,42,True,64173,794,64967,26431,0,12.072811126708984,0.39780110120773315,0.17862769961357117,0.9012370109558105,0.0,1773.7394430005224,0.20200610160827637,-10.266656875610352,False
108,new_init_new_dense,no_op,42,True,64967,739,65706,26436,0,12.116305828094482,0.40120789408683777,0.1686246693134308,0.9029557704925537,0.0,1847.096211000462,0.04349470138549805,-10.223162174224854,False
109,new_init_new_dense,no_op,42,True,65706,758,66464,26394,0,12.229046821594238,0.4153435230255127,0.16240878403186798,0.904296875,0.0,1852.6996309956303,0.11274099349975586,-10.110421180725098,False
110,new_init_new_dense,no_op,42,True,66464,733,67197,26452,0,12.248420715332031,0.41519126296043396,0.15928420424461365,0.9040104150772095,0.0,1796.171840003808,0.01937389373779297,-10.091047286987305,False
111,new_init_new_dense,no_op,42,True,67197,751,67948,26493,0,12.20177412033081,0.4034188389778137,0.16556194424629211,0.9045572876930237,0.0,1856.3334770005895,-0.0466465950012207,-10.137693881988525,False
112,new_init_new_dense,no_op,42,True,67948,767,68715,26578,0,12.10736632347107,0.39960598945617676,0.18010945618152618,0.9067448377609253,0.0,1798.6672779952642,-0.09440779685974121,-10.232101678848267,False
113,new_init_new_dense,no_op,42,True,68715,808,69523,26600,0,12.06715703010559,0.3950367867946625,0.17005427181720734,0.9068620204925537,0.0,1803.1064640090335,-0.040209293365478516,-10.272310972213745,False
114,new_init_new_dense,no_op,42,True,69523,820,70343,26615,0,12.097084522247314,0.3932971954345703,0.17894992232322693,0.9082812666893005,0.0,1845.6737309898017,0.029927492141723633,-10.242383480072021,False
115,new_init_new_dense,no_op,42,True,70343,807,71150,26484,0,12.180418968200684,0.40438753366470337,0.1755273938179016,0.9090364575386047,0.0,1850.763298003585,0.08333444595336914,-10.159049034118652,False
116,new_init_new_dense,no_op,42,True,71150,720,71870,26426,0,12.226444482803345,0.40437430143356323,0.15508313477039337,0.9079166650772095,0.0,1901.236624995363,0.04602551460266113,-10.113023519515991,False
117,new_init_new_dense,no_op,42,True,71870,729,72599,26573,0,12.23763108253479,0.4068719744682312,0.15621605515480042,0.9093359708786011,0.0,1914.4226880016504,0.011186599731445312,-10.101836919784546,False
118,new_init_new_dense,no_op,42,True,72599,826,73425,26601,0,12.080599069595337,0.3957144618034363,0.1709623783826828,0.9100651144981384,0.0,1906.835328991292,-0.15703201293945312,-10.258868932723999,False
119,new_init_new_dense,no_op,42,True,73425,789,74214,26778,0,12.023288011550903,0.3906669616699219,0.1685725748538971,0.9108723998069763,0.0,1976.3840700034052,-0.057311058044433594,-10.316179990768433,False
120,new_init_new_dense,no_op,42,True,74214,857,75071,26811,0,11.938594579696655,0.37946438789367676,0.18294091522693634,0.9120312929153442,0.0,1993.874343999778,-0.08469343185424805,-10.40087342262268,False
121,new_init_new_dense,no_op,42,True,75071,804,75875,26962,0,12.031888961791992,0.39221617579460144,0.17895807325839996,0.913841187953949,0.0,2018.7899690063205,0.09329438209533691,-10.307579040527344,False
122,new_init_new_dense,no_op,42,True,75875,780,76655,26894,0,12.181357145309448,0.40243178606033325,0.1761857271194458,0.9146875143051147,0.0,1959.361192988581,0.14946818351745605,-10.158110857009888,False
123,new_init_new_dense,no_op,42,True,76655,772,77427,26883,0,12.216657400131226,0.4035015106201172,0.16606968641281128,0.9153125286102295,0.0,2005.9303269954398,0.035300254821777344,-10.12281060218811,False
124,new_init_new_dense,no_op,42,True,77427,791,78218,26925,0,12.172735929489136,0.40164682269096375,0.16957855224609375,0.9149218797683716,0.0,1999.5551000029081,-0.043921470642089844,-10.1667320728302,False
125,new_init_new_dense,no_op,42,True,78218,798,79016,26935,0,12.140434980392456,0.40258586406707764,0.16992150247097015,0.9145312905311584,0.0,2114.8514739907114,-0.03230094909667969,-10.19903302192688,False
126,new_init_new_dense,no_op,42,True,79016,813,79829,26995,0,12.004008293151855,0.3882225751876831,0.17539310455322266,0.9153255224227905,0.0,2049.9135389982257,-0.13642668724060059,-10.33545970916748,False
127,new_init_new_dense,no_op,42,True,79829,812,80641,27188,0,11.913832426071167,0.38410305976867676,0.1844159960746765,0.91636723279953,0.0,2110.6972839916125,-0.09017586708068848,-10.425635576248169,False
128,new_init_new_dense,no_op,42,True,80641,814,81455,27227,0,11.901651620864868,0.38614773750305176,0.18226902186870575,0.9170052409172058,0.0,2089.998102004756,-0.012180805206298828,-10.437816381454468,False
129,new_init_new_dense,no_op,42,True,81455,840,82295,27287,0,12.015169858932495,0.3894476294517517,0.19007845222949982,0.9182943105697632,0.0,2131.7536889982875,0.11351823806762695,-10.32429814338684,False
130,new_init_new_dense,no_op,42,True,82295,846,83141,27285,0,12.17175841331482,0.40535616874694824,0.19088903069496155,0.9191536903381348,0.0,2204.560368001694,0.15658855438232422,-10.167709589004517,False
131,new_init_new_dense,no_op,42,True,83141,773,83914,27315,0,12.295249700546265,0.4164472818374634,0.17650161683559418,0.9178646206855774,0.0,2208.7940530036576,0.12349128723144531,-10.044218301773071,False
132,new_init_new_dense,no_op,42,True,83914,792,84706,27368,0,12.299236059188843,0.4093773365020752,0.1786320060491562,0.91755211353302,0.0,2168.870629000594,0.003986358642578125,-10.040231943130493,False
133,new_init_new_dense,no_op,42,True,84706,811,85517,27339,0,12.340381145477295,0.41554877161979675,0.18310992419719696,0.9180208444595337,0.0,2229.3889749998925,0.04114508628845215,-9.999086856842041,False
134,new_init_new_dense,no_op,42,True,85517,778,86295,27257,0,12.533013820648193,0.43075260519981384,0.17175446450710297,0.9186068177223206,0.0,2203.4684480022406,0.19263267517089844,-9.806454181671143,False
135,new_init_new_dense,no_op,42,True,86295,747,87042,27062,0,12.688966989517212,0.4419648349285126,0.1758730560541153,0.9181119799613953,0.0,2227.4087330006296,0.15595316886901855,-9.650501012802124,False
136,new_init_new_dense,no_op,42,True,87042,762,87804,27007,0,12.578204870223999,0.4286152124404907,0.16785071790218353,0.9174479246139526,0.0,2219.3615830037743,-0.11076211929321289,-9.761263132095337,False
137,new_init_new_dense,no_op,42,True,87804,809,88613,27005,0,12.385530471801758,0.41343605518341064,0.18185649812221527,0.9169921875,0.0,2244.188782002311,-0.1926743984222412,-9.953937530517578,False
138,new_init_new_dense,no_op,42,True,88613,799,89412,27054,0,12.124313116073608,0.389897882938385,0.18844324350357056,0.915611982345581,0.0,2267.712148008286,-0.2612173557281494,-10.215154886245728,False
139,new_init_new_dense,no_op,42,True,89412,890,90302,27229,0,11.902827024459839,0.37772655487060547,0.19661669433116913,0.917565107345581,0.0,2321.783791994676,-0.22148609161376953,-10.436640977859497,False
140,new_init_new_dense,no_op,42,True,90302,844,91146,27184,0,11.883013248443604,0.3838117718696594,0.19063833355903625,0.9194531440734863,0.0,2306.475367004168,-0.01981377601623535,-10.456454753875732,False
141,new_init_new_dense,no_op,42,True,91146,879,92025,27212,0,11.892638206481934,0.38742566108703613,0.19713985919952393,0.9207943081855774,0.0,2426.8214290059404,0.009624958038330078,-10.446829795837402,False
142,new_init_new_dense,no_op,42,True,92025,864,92889,27208,0,11.899501085281372,0.38773465156555176,0.18743090331554413,0.92166668176651,0.0,2438.0065590084996,0.0068628787994384766,-10.439966917037964,False
143,new_init_new_dense,no_op,42,True,92889,838,93727,27328,0,11.82361125946045,0.38556039333343506,0.17992770671844482,0.9227864742279053,0.0,2381.6173469967907,-0.07588982582092285,-10.515856742858887,False
144,new_init_new_dense,no_op,42,True,93727,932,94659,27513,0,11.653269529342651,0.37585610151290894,0.20077136158943176,0.923046886920929,0.0,2472.682106003049,-0.17034173011779785,-10.686198472976685,False
145,new_init_new_dense,no_op,42,True,94659,909,95568,27625,0,11.505517959594727,0.3585151135921478,0.19942471385002136,0.9252213835716248,0.0,2436.3320499978727,-0.1477515697479248,-10.83395004272461,False
146,new_init_new_dense,no_op,42,True,95568,943,96511,27687,0,11.399575471878052,0.34803614020347595,0.2055290937423706,0.9266927242279053,0.0,2548.249854997266,-0.1059424877166748,-10.939892530441284,False
147,new_init_new_dense,no_op,42,True,96511,960,97471,27651,0,11.394122838973999,0.34961235523223877,0.2084227055311203,0.9284375309944153,0.0,2562.883059013984,-0.005452632904052734,-10.945345163345337,False
148,new_init_new_dense,no_op,42,True,97471,934,98405,27575,0,11.537542343139648,0.36054283380508423,0.2098764032125473,0.9288021326065063,0.0,2483.278255996993,0.14341950416564941,-10.801925659179688,False
149,new_init_new_dense,no_op,42,True,98405,961,99366,27557,0,11.567550897598267,0.3636465072631836,0.20758824050426483,0.9291536808013916,0.0,2563.5586280113785,0.030008554458618164,-10.77191710472107,False
150,new_init_new_dense,no_op,42,True,99366,904,100270,27453,0,11.544045209884644,0.36214956641197205,0.2003474235534668,0.9288411736488342,0.0,2580.9688809968065,-0.023505687713623047,-10.795422792434692,False
1,new_init_new_dense,error_only,42,True,14073,294,14367,14073,3737,22.431814670562744,0.6465594172477722,0.1917351633310318,0.8119791746139526,206.37965202331543,674.4886059896089,0.0923466682434082,0.0923466682434082,False
2,new_init_new_dense,error_only,42,True,14367,258,14625,14366,3737,19.544914960861206,0.6098900437355042,0.15478676557540894,0.8189713954925537,92.2091007232666,573.6129180004355,-2.886899709701538,-2.79455304145813,False
3,new_init_new_dense,error_only,42,True,14625,385,15010,14623,3737,18.133941888809204,0.5808465480804443,0.1568920761346817,0.8262500166893005,94.06399726867676,597.8706800087821,-1.410973072052002,-4.205526113510132,False
4,new_init_new_dense,error_only,42,True,15010,427,15437,14995,3737,17.355250120162964,0.5581557750701904,0.14704573154449463,0.8339323401451111,93.59908103942871,599.029959004838,-0.7786917686462402,-4.984217882156372,False
5,new_init_new_dense,error_only,42,True,15437,439,15876,15391,3738,17.33019232749939,0.5581941604614258,0.1554403156042099,0.8445572853088379,91.81356430053711,633.7043739913497,-0.02505779266357422,-5.009275674819946,False
6,new_init_new_dense,error_only,42,True,15876,351,16227,15784,3739,17.517236471176147,0.5652061700820923,0.13374502956867218,0.8483723998069763,90.39306640625,649.366646000999,0.1870441436767578,-4.8222315311431885,False
7,new_init_new_dense,error_only,42,True,16227,331,16558,16059,3739,17.882182598114014,0.5801677703857422,0.13801510632038116,0.8530859351158142,91.7806625366211,663.2085710007232,0.3649461269378662,-4.457285404205322,False
8,new_init_new_dense,error_only,42,True,16558,284,16842,16287,3740,18.1244695186615,0.5907274484634399,0.12981745600700378,0.8575000166893005,92.01383590698242,632.5991920020897,0.24228692054748535,-4.214998483657837,False
9,new_init_new_dense,error_only,42,True,16842,316,17158,16501,3740,17.690575122833252,0.5764652490615845,0.12484539300203323,0.8594531416893005,90.1179313659668,654.3421590031357,-0.43389439582824707,-4.648892879486084,False
10,new_init_new_dense,error_only,42,True,17158,375,17533,16743,3740,17.529131174087524,0.5715932846069336,0.12675662338733673,0.8604167103767395,91.12215042114258,679.2551430116873,-0.16144394874572754,-4.8103368282318115,False
11,new_init_new_dense,error_only,42,True,17533,313,17846,16963,3741,17.427101135253906,0.5631076097488403,0.12433711439371109,0.8615104556083679,93.5204029083252,662.1164259995567,-0.10203003883361816,-4.91236686706543,False
12,new_init_new_dense,error_only,42,True,17846,381,18227,17140,3741,17.222933769226074,0.5498291254043579,0.13600465655326843,0.8607291579246521,89.67185020446777,669.1753220075043,-0.20416736602783203,-5.116534233093262,False
13,new_init_new_dense,error_only,42,True,18227,390,18617,17330,3741,17.236545085906982,0.5402061343193054,0.14727655053138733,0.860130250453949,91.8111801147461,695.442151001771,0.013611316680908203,-5.1029229164123535,False
14,new_init_new_dense,error_only,42,True,18617,392,19009,17512,3741,17.264986038208008,0.5316745042800903,0.1502629518508911,0.8627995252609253,90.17634391784668,707.2065530082909,0.02844095230102539,-5.074481964111328,False
15,new_init_new_dense,error_only,42,True,19009,402,19411,17708,3742,16.96332097053528,0.513882040977478,0.15923099219799042,0.8614062666893005,91.95089340209961,710.1583439944079,-0.3016650676727295,-5.376147031784058,False
16,new_init_new_dense,error_only,42,True,19411,452,19863,17868,3742,16.71754240989685,0.4994586408138275,0.17285765707492828,0.8612890839576721,91.6435718536377,708.628783992026,-0.24577856063842773,-5.621925592422485,False
17,new_init_new_dense,error_only,42,True,19863,441,20304,18074,3742,16.883795261383057,0.4994906783103943,0.1816178262233734,0.862291693687439,92.78655052185059,718.6648850038182,0.16625285148620605,-5.455672740936279,False
18,new_init_new_dense,error_only,42,True,20304,449,20753,18201,3742,16.277496814727783,0.469600647687912,0.1882810890674591,0.8623828291893005,91.61043167114258,731.0028390056686,-0.6062984466552734,-6.061971187591553,False
19,new_init_new_dense,error_only,42,True,20753,490,21243,18499,3742,16.224159002304077,0.4648609757423401,0.2000821828842163,0.8627734780311584,91.11189842224121,750.740161005524,-0.053337812423706055,-6.115309000015259,False
20,new_init_new_dense,error_only,42,True,21243,490,21733,18761,3742,16.256093978881836,0.46137353777885437,0.19558553397655487,0.8623437881469727,91.13502502441406,753.7075849977555,0.03193497657775879,-6.0833740234375,False
21,new_init_new_dense,error_only,42,True,21733,527,22260,19067,3742,15.824357271194458,0.44035792350769043,0.20597469806671143,0.8649609684944153,90.45600891113281,767.9236280091573,-0.43173670768737793,-6.515110731124878,False
22,new_init_new_dense,error_only,42,True,22260,554,22814,19291,3742,16.12248182296753,0.45404478907585144,0.20979389548301697,0.8692969083786011,91.64834022521973,785.70125499391,0.2981245517730713,-6.216986179351807,False
23,new_init_new_dense,error_only,42,True,22814,462,23276,19507,3742,16.51042103767395,0.46725472807884216,0.19960537552833557,0.8697526454925537,91.79115295410156,800.1773500000127,0.3879392147064209,-5.829046964645386,False
24,new_init_new_dense,error_only,42,True,23276,478,23754,19574,3742,16.638667583465576,0.4813339412212372,0.193702831864357,0.8730989694595337,91.14742279052734,806.238676988869,0.12824654579162598,-5.70080041885376,False
25,new_init_new_dense,error_only,42,True,23754,521,24275,19610,3742,16.386289596557617,0.4889763593673706,0.20905405282974243,0.8777734637260437,94.85077857971191,877.9073040059302,-0.252377986907959,-5.953178405761719,False
26,new_init_new_dense,error_only,42,True,24275,525,24800,19596,3743,16.098556518554688,0.4879385828971863,0.21422967314720154,0.8818489909172058,97.07498550415039,878.7685999996029,-0.2877330780029297,-6.240911483764648,False
27,new_init_new_dense,error_only,42,True,24800,552,25352,19623,3743,16.013096570968628,0.5066465139389038,0.22326114773750305,0.8865234851837158,91.41349792480469,887.1807260002242,-0.08545994758605957,-6.326371431350708,False
28,new_init_new_dense,error_only,42,True,25352,551,25903,19769,3743,16.21898889541626,0.52510666847229,0.22032952308654785,0.8888802528381348,91.13264083862305,890.1278239936801,0.20589232444763184,-6.120479106903076,False
29,new_init_new_dense,error_only,42,True,25903,505,26408,19808,3743,16.735060214996338,0.5372768640518188,0.20260390639305115,0.8876692652702332,91.90750122070312,885.9928849997232,0.5160713195800781,-5.604407787322998,False
30,new_init_new_dense,error_only,42,True,26408,384,26792,19852,3743,17.100799083709717,0.549938440322876,0.1838901787996292,0.8854166865348816,91.18247032165527,913.079015997937,0.3657388687133789,-5.238668918609619,False
31,new_init_new_dense,error_only,42,True,26792,348,27140,19931,3743,17.40425944328308,0.5643488168716431,0.1858035922050476,0.8851041793823242,91.98284149169922,953.6556340026436,0.30346035957336426,-4.935208559036255,False
32,new_init_new_dense,error_only,42,True,27140,280,27420,20016,3743,17.79844045639038,0.5696445107460022,0.1784847527742386,0.8827474117279053,92.0708179473877,973.2084560091607,0.3941810131072998,-4.541027545928955,False
33,new_init_new_dense,error_only,42,True,27420,283,27703,20030,3743,17.96187162399292,0.5697054862976074,0.1789737194776535,0.8796094059944153,93.16682815551758,951.0681910032872,0.16343116760253906,-4.377596378326416,False
34,new_init_new_dense,error_only,42,True,27703,298,28001,19995,3743,18.384034633636475,0.5936020612716675,0.1831982582807541,0.8810286521911621,90.44075012207031,977.5847460114164,0.4221630096435547,-3.9554333686828613,False
35,new_init_new_dense,error_only,42,True,28001,277,28278,19950,3742,18.649927377700806,0.6024270057678223,0.17868627607822418,0.8803125023841858,91.97545051574707,968.8377549900906,0.26589274406433105,-3.6895406246185303,False
36,new_init_new_dense,error_only,42,True,28278,232,28510,19919,3742,18.6031436920166,0.6038079261779785,0.17744207382202148,0.8784765601158142,90.32082557678223,976.3101070129778,-0.0467836856842041,-3.7363243103027344,False
37,new_init_new_dense,error_only,42,True,28510,216,28726,20035,3742,18.576009273529053,0.5951390266418457,0.17516474425792694,0.87576824426651,93.20211410522461,977.6315650087781,-0.027134418487548828,-3.763458728790283,False
38,new_init_new_dense,error_only,42,True,28726,299,29025,20147,3742,17.952429056167603,0.5649073123931885,0.18155068159103394,0.8719531297683716,92.64302253723145,996.4774069958366,-0.6235802173614502,-4.387038946151733,False
39,new_init_new_dense,error_only,42,True,29025,373,29398,20248,3742,17.41381049156189,0.5366286039352417,0.18233051896095276,0.8682031631469727,93.80483627319336,1014.107890005107,-0.5386185646057129,-4.925657510757446,False
40,new_init_new_dense,error_only,42,True,29398,357,29755,20298,3743,17.136086225509644,0.5276822447776794,0.19133436679840088,0.8657552003860474,90.25907516479492,972.593513011816,-0.2777242660522461,-5.203381776809692,False
41,new_init_new_dense,error_only,42,True,29755,336,30091,20184,3743,17.446765899658203,0.5423257946968079,0.18327932059764862,0.8673958778381348,89.68305587768555,966.290525990189,0.31067967414855957,-4.892702102661133,False
42,new_init_new_dense,error_only,42,True,30091,348,30439,20183,3743,17.524958848953247,0.5421403050422668,0.19462880492210388,0.864661455154419,93.94621849060059,1006.7761499958578,0.07819294929504395,-4.814509153366089,False
43,new_init_new_dense,error_only,42,True,30439,405,30844,20208,3743,16.663551330566406,0.5143929719924927,0.19579696655273438,0.8631250262260437,91.86100959777832,1038.2257200108143,-0.8614075183868408,-5.67591667175293,False
44,new_init_new_dense,error_only,42,True,30844,442,31286,20244,3743,16.47295832633972,0.5091067552566528,0.20132818818092346,0.8630989789962769,91.28832817077637,1047.1312809968367,-0.19059300422668457,-5.866509675979614,False
45,new_init_new_dense,error_only,42,True,31286,552,31838,20340,3743,15.974957942962646,0.4903922975063324,0.22241272032260895,0.8622005581855774,90.13223648071289,1019.3532639968907,-0.4980003833770752,-6.3645100593566895,False
46,new_init_new_dense,error_only,42,True,31838,518,32356,20453,3743,15.776180028915405,0.48615211248397827,0.20466160774230957,0.862500011920929,92.1940803527832,1040.5831730022328,-0.1987779140472412,-6.563287973403931,False
47,new_init_new_dense,error_only,42,True,32356,584,32940,20518,3743,15.42994737625122,0.4703599214553833,0.19471868872642517,0.8641797304153442,90.75736999511719,1072.4634320067707,-0.34623265266418457,-6.909520626068115,False
48,new_init_new_dense,error_only,42,True,32940,573,33513,20687,3743,15.05541443824768,0.4491287171840668,0.1925656646490097,0.8644922375679016,93.49346160888672,1053.2620379963191,-0.37453293800354004,-7.284053564071655,False
49,new_init_new_dense,error_only,42,True,33513,566,34079,20828,3743,14.920015335083008,0.43794068694114685,0.19251444935798645,0.8656640648841858,92.65732765197754,1051.8598339986056,-0.13539910316467285,-7.419452667236328,False
50,new_init_new_dense,error_only,42,True,34079,610,34689,21058,3743,14.905345439910889,0.4373835027217865,0.19336073100566864,0.8677995204925537,92.1926498413086,1061.675267003011,-0.01466989517211914,-7.434122562408447,False
51,new_init_new_dense,error_only,42,True,34689,640,35329,21339,3743,14.931918382644653,0.4374096095561981,0.18451368808746338,0.8694531321525574,92.01431274414062,1079.284272986115,0.02657294273376465,-7.407549619674683,False
52,new_init_new_dense,error_only,42,True,35329,546,35875,21523,3744,14.889287948608398,0.4381619691848755,0.16183587908744812,0.8714714050292969,92.04220771789551,1100.111101011862,-0.04263043403625488,-7.4501800537109375,False
53,new_init_new_dense,error_only,42,True,35875,669,36544,21558,3744,14.833662509918213,0.43355247378349304,0.19237522780895233,0.8731120228767395,91.17960929870605,1110.13278500468,-0.05562543869018555,-7.505805492401123,False
54,new_init_new_dense,error_only,42,True,36544,601,37145,21771,3744,14.891732931137085,0.44019925594329834,0.16847442090511322,0.8742578625679016,92.91577339172363,1137.793778005289,0.05807042121887207,-7.447735071182251,False
55,new_init_new_dense,error_only,42,True,37145,556,37701,21772,3744,15.121805667877197,0.4570934772491455,0.16026844084262848,0.8752864599227905,92.86332130432129,1145.8270550065208,0.2300727367401123,-7.217662334442139,False
56,new_init_new_dense,error_only,42,True,37701,574,38275,21848,3744,15.259578227996826,0.4737381935119629,0.16333121061325073,0.8777734637260437,90.25764465332031,1149.0265850006836,0.1377725601196289,-7.07988977432251,False
57,new_init_new_dense,error_only,42,True,38275,597,38872,22016,3744,15.145647525787354,0.46454566717147827,0.16693826019763947,0.8782682418823242,92.59939193725586,1166.1340309947263,-0.11393070220947266,-7.193820476531982,False
58,new_init_new_dense,error_only,42,True,38872,572,39444,22241,3744,14.928967952728271,0.4477332532405853,0.1529434770345688,0.8792187571525574,91.50099754333496,1212.2527140018065,-0.21667957305908203,-7.4105000495910645,False
59,new_init_new_dense,error_only,42,True,39444,619,40063,22332,3744,14.834177494049072,0.4408498704433441,0.16430088877677917,0.880455732345581,91.22514724731445,1261.9620539917378,-0.09479045867919922,-7.505290508270264,False
60,new_init_new_dense,error_only,42,True,40063,567,40630,22523,3744,15.131549835205078,0.4625089764595032,0.15185777842998505,0.8830208778381348,91.15409851074219,1248.7796530040214,0.29737234115600586,-7.207918167114258,False
61,new_init_new_dense,error_only,42,True,40630,547,41177,22576,3744,15.388650894165039,0.47961491346359253,0.14904086291790009,0.8834765553474426,90.5771255493164,1249.2861350037856,0.25710105895996094,-6.950817108154297,False
62,new_init_new_dense,error_only,42,True,41177,552,41729,22538,3744,15.721501111984253,0.47545671463012695,0.15701822936534882,0.8815364837646484,91.4449691772461,1262.5832500052638,0.33285021781921387,-6.617966890335083,False
63,new_init_new_dense,error_only,42,True,41729,542,42271,22582,3744,15.434740781784058,0.4721256196498871,0.15786170959472656,0.8822135925292969,92.02980995178223,1284.3799260008382,-0.2867603302001953,-6.904727220535278,False
64,new_init_new_dense,error_only,42,True,42271,513,42784,22687,3744,15.287644863128662,0.48443493247032166,0.14782992005348206,0.8832421898841858,91.71628952026367,1298.6431860044831,-0.1470959186553955,-7.051823139190674,False
65,new_init_new_dense,error_only,42,True,42784,544,43328,22766,3744,14.87874150276184,0.47635549306869507,0.15337538719177246,0.8828645944595337,89.19692039489746,1322.2808169957716,-0.4089033603668213,-7.460726499557495,False
66,new_init_new_dense,error_only,42,True,43328,591,43919,22803,3744,14.447212219238281,0.4696621894836426,0.1471506655216217,0.8842708468437195,90.49677848815918,1334.760483005084,-0.43152928352355957,-7.892255783081055,False
67,new_init_new_dense,error_only,42,True,43919,580,44499,22731,3744,14.056396484375,0.4684264063835144,0.15416082739830017,0.8844010829925537,90.40045738220215,1337.243875997956,-0.39081573486328125,-8.283071517944336,False
68,new_init_new_dense,error_only,42,True,44499,619,45118,22706,3744,13.498800992965698,0.47445225715637207,0.15769582986831665,0.8869661688804626,90.55733680725098,1395.449155010283,-0.5575954914093018,-8.840667009353638,False
69,new_init_new_dense,error_only,42,True,45118,601,45719,22724,3743,13.035116195678711,0.46667689085006714,0.15245217084884644,0.8865625262260437,90.30008316040039,1376.0817690053955,-0.4636847972869873,-9.304351806640625,False
70,new_init_new_dense,error_only,42,True,45719,639,46358,22743,3743,12.633696794509888,0.45808953046798706,0.14769412577152252,0.8873047232627869,95.54839134216309,1395.512383998721,-0.40141940116882324,-9.705771207809448,False
71,new_init_new_dense,error_only,42,True,46358,746,47104,22737,3743,12.10255742073059,0.4469977021217346,0.15675650537014008,0.8879687786102295,94.47312355041504,1409.5692279952345,-0.5311393737792969,-10.236910581588745,False
72,new_init_new_dense,error_only,42,True,47104,751,47855,22838,3743,11.887123584747314,0.4522009789943695,0.15767674148082733,0.8892708420753479,91.91703796386719,1430.8175780024612,-0.21543383598327637,-10.452344417572021,False
73,new_init_new_dense,error_only,42,True,47855,684,48539,22948,3743,12.602101564407349,0.46374446153640747,0.14811713993549347,0.8909896016120911,91.91203117370605,1445.1796039938927,0.7149779796600342,-9.737366437911987,False
74,new_init_new_dense,error_only,42,True,48539,631,49170,23115,3744,12.725600004196167,0.46526163816452026,0.1434110701084137,0.8917187452316284,94.0403938293457,1512.3527029936668,0.12349843978881836,-9.613867998123169,False
75,new_init_new_dense,error_only,42,True,49170,621,49791,23248,3744,13.003700971603394,0.4761248826980591,0.14530691504478455,0.8918619751930237,95.12543678283691,1498.5457559960196,0.27810096740722656,-9.335767030715942,False
76,new_init_new_dense,error_only,42,True,49791,561,50352,23367,3744,13.308428525924683,0.4944714307785034,0.12899281084537506,0.8929427266120911,92.03505516052246,1486.040542004048,0.30472755432128906,-9.031039476394653,False
77,new_init_new_dense,error_only,42,True,50352,543,50895,23573,3744,13.497239351272583,0.504800021648407,0.13216087222099304,0.8933854103088379,89.23625946044922,1472.3025980056264,0.1888108253479004,-8.842228651046753,False
78,new_init_new_dense,error_only,42,True,50895,543,51438,23730,3744,13.779081106185913,0.5199021697044373,0.1265777200460434,0.8947526216506958,93.33419799804688,1505.5097089934861,0.2818417549133301,-8.560386896133423,False
79,new_init_new_dense,error_only,42,True,51438,478,51916,23754,3744,13.880068063735962,0.524198055267334,0.12429860234260559,0.8951693177223206,91.77732467651367,1517.9762330080848,0.10098695755004883,-8.459399938583374,False
80,new_init_new_dense,error_only,42,True,51916,484,52400,23882,3743,13.902652263641357,0.524052619934082,0.1272391974925995,0.8953125476837158,94.7725772857666,1557.1526620042278,0.022584199905395508,-8.436815738677979,False
81,new_init_new_dense,error_only,42,True,52400,504,52904,24070,3743,14.045016765594482,0.5365505218505859,0.1289641261100769,0.8974739909172058,90.09170532226562,1550.958937004907,0.142364501953125,-8.294451236724854,False
82,new_init_new_dense,error_only,42,True,52904,494,53398,24194,3743,14.066106081008911,0.5370508432388306,0.12355124205350876,0.8993620276451111,91.97783470153809,1575.5956810025964,0.02108931541442871,-8.273361921310425,False
83,new_init_new_dense,error_only,42,True,53398,541,53939,24369,3743,13.893605470657349,0.5234012007713318,0.1311967819929123,0.9011849164962769,92.13590621948242,1606.2272950075567,-0.1725006103515625,-8.445862531661987,False
84,new_init_new_dense,error_only,42,True,53939,530,54469,24324,3744,13.886656761169434,0.5230688452720642,0.12615427374839783,0.9022396206855774,94.11239624023438,1600.165523996111,-0.006948709487915039,-8.452811241149902,False
85,new_init_new_dense,error_only,42,True,54469,549,55018,24406,3743,13.877058029174805,0.5239160060882568,0.12706847488880157,0.9032812714576721,93.4913158416748,1614.8201830073958,-0.009598731994628906,-8.462409973144531,False
86,new_init_new_dense,error_only,42,True,55018,535,55553,24417,3743,14.071524143218994,0.5340175628662109,0.12939652800559998,0.9056510925292969,93.72711181640625,1638.6393339926144,0.19446611404418945,-8.267943859100342,False
87,new_init_new_dense,error_only,42,True,55553,511,56064,24385,3743,14.097678661346436,0.5351748466491699,0.12487660348415375,0.9069271087646484,92.4382209777832,1613.442642003065,0.026154518127441406,-8.2417893409729,False
88,new_init_new_dense,error_only,42,True,56064,506,56570,24416,3743,14.115556478500366,0.5363997220993042,0.12364961206912994,0.9093359708786011,90.75760841369629,1625.398789998144,0.017877817153930664,-8.22391152381897,False
89,new_init_new_dense,error_only,42,True,56570,583,57153,24397,3743,14.151980876922607,0.5373165607452393,0.13529418408870697,0.9117838740348816,90.01898765563965,1688.328343007015,0.03642439842224121,-8.187487125396729,False
90,new_init_new_dense,error_only,42,True,57153,503,57656,24548,3743,14.24224853515625,0.5441607236862183,0.12740296125411987,0.9141666889190674,89.12491798400879,1681.7660789965885,0.09026765823364258,-8.097219467163086,False
91,new_init_new_dense,error_only,42,True,57656,530,58186,24598,3743,14.230374097824097,0.5444023013114929,0.12667250633239746,0.9169661402702332,90.32201766967773,1682.1526779967826,-0.01187443733215332,-8.10909390449524,False
92,new_init_new_dense,error_only,42,True,58186,500,58686,24580,3743,14.389139413833618,0.5531428456306458,0.12641964852809906,0.9196745157241821,94.69747543334961,1723.7326619942905,0.15876531600952148,-7.950328588485718,False
93,new_init_new_dense,error_only,42,True,58686,476,59162,24577,3743,14.618059396743774,0.5699211359024048,0.12681639194488525,0.9232292175292969,93.17350387573242,1753.0102399905445,0.22891998291015625,-7.7214086055755615,False
94,new_init_new_dense,error_only,42,True,59162,515,59677,24443,3743,14.51106071472168,0.5643054842948914,0.13102634251117706,0.9234375357627869,91.67242050170898,1693.3278540091123,-0.10699868202209473,-7.828407287597656,False
95,new_init_new_dense,error_only,42,True,59677,566,60243,24448,3743,14.40122127532959,0.5583791732788086,0.13427796959877014,0.9260026216506958,93.06120872497559,1729.4019969995134,-0.10983943939208984,-7.938246726989746,False
96,new_init_new_dense,error_only,42,True,60243,497,60740,24585,3743,14.615696668624878,0.5739712715148926,0.12217481434345245,0.9278515577316284,89.96152877807617,1773.2276460010326,0.21447539329528809,-7.723771333694458,False
97,new_init_new_dense,error_only,42,True,60740,454,61194,24628,3743,14.817306995391846,0.5869362354278564,0.11269667744636536,0.9297135472297668,88.4854793548584,1726.7165630037198,0.20161032676696777,-7.52216100692749,False
98,new_init_new_dense,error_only,42,True,61194,426,61620,24504,3742,14.706673622131348,0.5789979696273804,0.11080516129732132,0.9309114813804626,92.38862991333008,1766.7602969886502,-0.11063337326049805,-7.632794380187988,False
99,new_init_new_dense,error_only,42,True,61620,549,62169,24559,3742,14.989755153656006,0.5948208570480347,0.1384311467409134,0.9350520968437195,90.05570411682129,1751.2573519925354,0.2830815315246582,-7.34971284866333,False
100,new_init_new_dense,error_only,42,True,62169,0,52700,24589,3742,15.124170780181885,0.6064934730529785,0.11622438579797745,0.9367448091506958,92.27561950683594,1761.669896004605,0.1344156265258789,-7.215297222137451,False
101,new_init_new_dense,error_only,42,True,52700,427,53127,24623,3742,15.118623971939087,0.6046483516693115,0.11333669722080231,0.9379296898841858,94.31934356689453,1531.0667540034046,-0.0055468082427978516,-7.220844030380249,False
102,new_init_new_dense,error_only,42,True,53127,449,53576,24680,3741,15.291706323623657,0.624514102935791,0.11358682811260223,0.9429948329925537,93.10531616210938,1546.5412009943975,0.1730823516845703,-7.047761678695679,False
103,new_init_new_dense,error_only,42,True,53576,466,54042,24700,3741,15.018084049224854,0.6063580513000488,0.11942094564437866,0.9442578554153442,92.54097938537598,1626.0133040050277,-0.2736222743988037,-7.321383953094482,False
104,new_init_new_dense,error_only,42,True,54042,552,54594,24975,3741,14.706040620803833,0.5854029059410095,0.12451592087745667,0.9475911855697632,91.28284454345703,1618.238601993653,-0.3120434284210205,-7.633427381515503,False
105,new_init_new_dense,error_only,42,True,54594,626,55220,25226,3741,14.495348930358887,0.5744996666908264,0.13516849279403687,0.9515104293823242,92.24271774291992,1597.8967670089332,-0.2106916904449463,-7.844119071960449,False
106,new_init_new_dense,error_only,42,True,55220,627,55847,25334,3741,14.44576621055603,0.5771052837371826,0.13564959168434143,0.9538542032241821,90.48008918762207,1655.7754999957979,-0.049582719802856445,-7.893701791763306,False
107,new_init_new_dense,error_only,42,True,55847,658,56505,25301,3741,14.577901363372803,0.5807509422302246,0.14123521745204926,0.95563805103302,88.81640434265137,1628.9913509972394,0.13213515281677246,-7.761566638946533,False
108,new_init_new_dense,error_only,42,True,56505,606,57111,25316,3741,14.5514976978302,0.5824553370475769,0.13493254780769348,0.9583463668823242,91.99714660644531,1670.1360699953511,-0.02640366554260254,-7.787970304489136,False
109,new_init_new_dense,error_only,42,True,57111,627,57738,25234,3740,14.581809043884277,0.5917701721191406,0.12777398526668549,0.9641276001930237,92.11850166320801,1669.274090003455,0.03031134605407715,-7.757658958435059,False
110,new_init_new_dense,error_only,42,True,57738,590,58328,25156,3740,14.61269736289978,0.5948481559753418,0.12436459958553314,0.96735680103302,102.36644744873047,1665.2344189933501,0.03088831901550293,-7.726770639419556,False
111,new_init_new_dense,error_only,42,True,58328,644,58972,25206,3740,14.491322040557861,0.5873270034790039,0.1305772215127945,0.9713281393051147,90.71111679077148,1704.8845579993213,-0.12137532234191895,-7.848145961761475,False
112,new_init_new_dense,error_only,42,True,58972,730,59702,25175,3743,14.389816522598267,0.5873473882675171,0.1431286334991455,0.9733594059944153,91.20941162109375,1731.0737899970263,-0.10150551795959473,-7.949651479721069,False
113,new_init_new_dense,error_only,42,True,59702,745,60447,25203,3743,14.372347593307495,0.5864052176475525,0.13586078584194183,0.9738541841506958,91.81427955627441,1729.460078990087,-0.017468929290771484,-7.967120409011841,False
114,new_init_new_dense,error_only,42,True,60447,668,61115,25188,3743,14.38234567642212,0.5865261554718018,0.13841675221920013,0.976549506187439,93.1401252746582,1756.9762420025654,0.009998083114624023,-7.957122325897217,False
115,new_init_new_dense,error_only,42,True,61115,713,61828,25039,3743,14.49053168296814,0.5965799689292908,0.14130733907222748,0.9796354174613953,93.02139282226562,1798.611146004987,0.10818600654602051,-7.848936319351196,False
116,new_init_new_dense,error_only,42,True,61828,582,62410,24927,3743,14.525558948516846,0.5987637639045715,0.1191483736038208,0.980664074420929,94.22659873962402,1808.2251430023462,0.035027265548706055,-7.81390905380249,False
117,new_init_new_dense,error_only,42,True,62410,597,63007,24999,3743,14.63572382926941,0.6089131832122803,0.12136558443307877,0.98179692029953,90.68441390991211,1792.9598939954303,0.11016488075256348,-7.703744173049927,False
118,new_init_new_dense,error_only,42,True,63007,674,63681,25027,3742,14.40367341041565,0.5973029136657715,0.1335466057062149,0.98102867603302,90.01445770263672,1802.2673969971947,-0.23205041885375977,-7.9357945919036865,False
119,new_init_new_dense,error_only,42,True,63681,687,64368,25178,3742,14.328968524932861,0.5940189361572266,0.13127291202545166,0.9828385710716248,89.45631980895996,1829.7643200057792,-0.07470488548278809,-8.010499477386475,False
120,new_init_new_dense,error_only,42,True,64368,755,65123,25180,3742,14.211033582687378,0.5858485698699951,0.1502455174922943,0.9838411808013916,92.32878684997559,1909.8805260000518,-0.1179349422454834,-8.128434419631958,False
121,new_init_new_dense,error_only,42,True,65123,703,65826,25215,3742,14.367932081222534,0.6027645468711853,0.14174766838550568,0.9860547184944153,94.80690956115723,1899.2754579958273,0.15689849853515625,-7.971535921096802,False
122,new_init_new_dense,error_only,42,True,65826,685,66511,25158,3742,14.625420570373535,0.6185926795005798,0.14325691759586334,0.9874739646911621,92.11921691894531,1860.1975849887822,0.257488489151001,-7.714047431945801,False
123,new_init_new_dense,error_only,42,True,66511,675,67186,25136,3742,14.702812433242798,0.6275200247764587,0.13457588851451874,0.987708330154419,91.27664566040039,1925.5023839941714,0.0773918628692627,-7.636655569076538,False
124,new_init_new_dense,error_only,42,True,67186,683,67869,25161,3742,14.751064777374268,0.6326403021812439,0.13891078531742096,0.9880859851837158,90.30747413635254,1919.498660005047,0.04825234413146973,-7.588403224945068,False
125,new_init_new_dense,error_only,42,True,67869,669,68538,25197,3742,14.7526216506958,0.63479083776474,0.13492491841316223,0.9885547161102295,99.26223754882812,1963.8716030021897,0.0015568733215332031,-7.586846351623535,False
126,new_init_new_dense,error_only,42,True,68538,718,69256,25181,3742,14.545694589614868,0.6217167377471924,0.13940921425819397,0.9896875023841858,98.24919700622559,1965.0176750001265,-0.20692706108093262,-7.793773412704468,False
127,new_init_new_dense,error_only,42,True,69256,770,70026,25417,3742,14.483513832092285,0.6230713725090027,0.1501268595457077,0.9901953339576721,101.47500038146973,2027.3821160080843,-0.06218075752258301,-7.855954170227051,False
128,new_init_new_dense,error_only,42,True,70026,754,70780,25455,3742,14.494439363479614,0.6256575584411621,0.1491938978433609,0.9919922351837158,98.33431243896484,2008.585388000938,0.010925531387329102,-7.845028638839722,False
129,new_init_new_dense,error_only,42,True,70780,797,71577,25350,3742,14.556823968887329,0.6249312162399292,0.1573389172554016,0.9932942986488342,99.52068328857422,1984.7224140103208,0.062384605407714844,-7.782644033432007,False
130,new_init_new_dense,error_only,42,True,71577,748,72325,25319,3742,14.795883893966675,0.6416106224060059,0.1584678441286087,0.9931771159172058,99.18594360351562,2016.3055680022808,0.2390599250793457,-7.543584108352661,False
131,new_init_new_dense,error_only,42,True,72325,668,72993,25384,3742,15.005933046340942,0.654666006565094,0.1431441307067871,0.9926041960716248,92.50235557556152,2088.98187300656,0.21004915237426758,-7.3335349559783936,False
132,new_init_new_dense,error_only,42,True,72993,720,73713,25395,3742,15.015672445297241,0.6535347700119019,0.1489800065755844,0.9916666746139526,98.27232360839844,2058.4893979976187,0.009739398956298828,-7.323795557022095,False
133,new_init_new_dense,error_only,42,True,73713,695,74408,25382,3742,15.021636486053467,0.6564204692840576,0.15462976694107056,0.9907812476158142,95.74413299560547,2132.781172011164,0.005964040756225586,-7.317831516265869,False
134,new_init_new_dense,error_only,42,True,74408,674,75082,25221,3742,15.344632863998413,0.6735503077507019,0.14572294056415558,0.9907422065734863,96.04287147521973,2131.7089410003973,0.3229963779449463,-6.994835138320923,False
135,new_init_new_dense,error_only,42,True,75082,648,75730,25104,3742,15.579993724822998,0.6831960082054138,0.1479543000459671,0.9907422065734863,97.53108024597168,2119.0579120011535,0.23536086082458496,-6.759474277496338,False
136,new_init_new_dense,error_only,42,True,75730,616,76346,25010,3742,15.46161413192749,0.6735073924064636,0.13349010050296783,0.9903646111488342,93.25838088989258,2105.8036899921717,-0.11837959289550781,-6.877853870391846,False
137,new_init_new_dense,error_only,42,True,76346,697,77043,24950,3742,15.256776809692383,0.6627522706985474,0.14726145565509796,0.9894922375679016,98.5267162322998,2134.360256997752,-0.20483732223510742,-7.082691192626953,False
138,new_init_new_dense,error_only,42,True,77043,737,77780,25040,3742,14.784120321273804,0.6381837725639343,0.15489846467971802,0.9900781512260437,101.04560852050781,2151.6910579957766,-0.4726564884185791,-7.555347681045532,False
139,new_init_new_dense,error_only,42,True,77780,794,78574,25095,3742,14.48678970336914,0.6267807483673096,0.16152973473072052,0.9928776025772095,97.2740650177002,2192.1943979978096,-0.2973306179046631,-7.852678298950195,False
140,new_init_new_dense,error_only,42,True,78574,774,79348,25011,3742,14.491937160491943,0.6301864385604858,0.15889699757099152,0.9949739575386047,98.68383407592773,2234.488853995572,0.005147457122802734,-7.847530841827393,False
141,new_init_new_dense,error_only,42,True,79348,822,80170,25008,3742,14.576753377914429,0.6371199488639832,0.16372476518154144,0.996289074420929,97.20730781555176,2173.839360999409,0.08481621742248535,-7.762714624404907,False
142,new_init_new_dense,error_only,42,True,80170,783,80953,24943,3742,14.63510513305664,0.6435116529464722,0.15664182603359222,0.99686199426651,96.4818000793457,2258.927285001846,0.058351755142211914,-7.704362869262695,False
143,new_init_new_dense,error_only,42,True,80953,744,81697,24921,3742,14.553753137588501,0.6418775320053101,0.14536260068416595,0.9971615076065063,97.20659255981445,2274.0031499997713,-0.08135199546813965,-7.785714864730835,False
144,new_init_new_dense,error_only,42,True,81697,861,82558,25012,3742,14.213958978652954,0.6274236440658569,0.16539840400218964,0.9971354603767395,97.23210334777832,2256.0962429997744,-0.3397941589355469,-8.125509023666382,False
145,new_init_new_dense,error_only,42,True,82558,909,83467,25121,3741,14.025005102157593,0.6128079295158386,0.1700093150138855,0.9975130558013916,98.74653816223145,2359.42467401037,-0.18895387649536133,-8.314462900161743,False
146,new_init_new_dense,error_only,42,True,83467,912,84379,25089,3741,13.802998065948486,0.6039438247680664,0.1730169951915741,0.9982292056083679,97.81551361083984,2296.506391998264,-0.22200703620910645,-8.53646993637085,False
147,new_init_new_dense,error_only,42,True,84379,926,85305,25072,3742,13.761837482452393,0.6046377420425415,0.17682147026062012,0.9984114766120911,99.29680824279785,2367.708006990142,-0.04116058349609375,-8.577630519866943,False
148,new_init_new_dense,error_only,42,True,85305,938,86243,24945,3741,13.90404224395752,0.6166025400161743,0.18110226094722748,0.9985547065734863,95.55959701538086,2425.1262710022274,0.14220476150512695,-8.435425758361816,False
149,new_init_new_dense,error_only,42,True,86243,909,87152,24887,3741,13.997541666030884,0.625219464302063,0.17908300459384918,0.9987630248069763,101.07421875,2371.4953500020783,0.09349942207336426,-8.341926336288452,False
150,new_init_new_dense,error_only,42,True,87152,879,88031,24892,3741,13.965679407119751,0.6240081787109375,0.1706703007221222,0.9987369775772095,96.5278148651123,2411.5601029916434,-0.03186225891113281,-8.373788595199585,False
1,new_init_new_dense,ours,42,True,14073,294,14367,14073,3734,22.361183166503906,0.6509067416191101,0.1917351633310318,0.81424480676651,93.51706504821777,590.7212099991739,0.021715164184570312,0.021715164184570312,False
2,new_init_new_dense,ours,42,True,14367,262,14629,14366,3734,19.531832933425903,0.6182742118835449,0.15545402467250824,0.8229166865348816,93.9629077911377,582.8419869940262,-2.829350233078003,-2.8076350688934326,False
3,new_init_new_dense,ours,42,True,14629,405,15034,14628,3733,18.214436769485474,0.5909310579299927,0.15747246146202087,0.832018256187439,92.20457077026367,609.5107430010103,-1.3173961639404297,-4.125031232833862,False
4,new_init_new_dense,ours,42,True,15034,460,15494,15019,3733,17.52358078956604,0.572320818901062,0.1472107619047165,0.8402994871139526,93.57571601867676,602.7552199957427,-0.6908559799194336,-4.815887212753296,False
5,new_init_new_dense,ours,42,True,15494,430,15924,15447,3732,17.54985809326172,0.5758063197135925,0.15159468352794647,0.8492187857627869,90.53921699523926,618.4261529997457,0.02627730369567871,-4.789609909057617,False
6,new_init_new_dense,ours,42,True,15924,357,16281,15823,3732,17.875133752822876,0.5895890593528748,0.12897104024887085,0.8532031178474426,93.92881393432617,631.0219409933779,0.3252756595611572,-4.46433424949646,False
7,new_init_new_dense,ours,42,True,16281,322,16603,16095,3731,18.396284580230713,0.6107325553894043,0.13211709260940552,0.8591145873069763,91.39013290405273,648.6402129958151,0.5211508274078369,-3.943183422088623,False
8,new_init_new_dense,ours,42,True,16603,285,16888,16346,3730,18.76155376434326,0.625426173210144,0.12289318442344666,0.8634114861488342,92.2689437866211,651.0857739922358,0.36526918411254883,-3.577914237976074,False
9,new_init_new_dense,ours,42,True,16888,314,17202,16555,3730,18.378489017486572,0.6124768853187561,0.11704433709383011,0.8651953339576721,91.65191650390625,664.5008380000945,-0.38306474685668945,-3.9609789848327637,False
10,new_init_new_dense,ours,42,True,17202,363,17565,16797,3730,18.15134882926941,0.6082366704940796,0.11766847968101501,0.8679687976837158,92.5443172454834,670.8263109903783,-0.22714018821716309,-4.188119173049927,False
11,new_init_new_dense,ours,42,True,17565,369,17934,17034,3729,18.02251935005188,0.6017071008682251,0.11453892290592194,0.8710026144981384,92.50569343566895,686.8992459931178,-0.1288294792175293,-4.316948652267456,False
12,new_init_new_dense,ours,42,True,17934,387,18321,17272,3729,17.904077768325806,0.5960817933082581,0.12402469664812088,0.8729166984558105,93.29342842102051,700.3205840010196,-0.11844158172607422,-4.43539023399353,False
13,new_init_new_dense,ours,42,True,18321,384,18705,17451,3728,17.96570897102356,0.5936191082000732,0.13409297168254852,0.8745052218437195,91.74036979675293,704.8392750002677,0.061631202697753906,-4.373759031295776,False
14,new_init_new_dense,ours,42,True,18705,392,19097,17591,3728,17.933956384658813,0.5907191038131714,0.13671168684959412,0.8776041865348816,91.48764610290527,709.7259639995173,-0.031752586364746094,-4.4055116176605225,False
15,new_init_new_dense,ours,42,True,19097,435,19532,17717,3728,17.766963243484497,0.5805626511573792,0.14807547628879547,0.8786067962646484,91.44759178161621,725.2510679973057,-0.1669931411743164,-4.572504758834839,False
16,new_init_new_dense,ours,42,True,19532,405,19937,17862,3727,17.622374296188354,0.5714861750602722,0.1591019630432129,0.879309892654419,91.54653549194336,750.4302690067561,-0.14458894729614258,-4.7170937061309814,False
17,new_init_new_dense,ours,42,True,19937,456,20393,17988,3727,17.919257879257202,0.5819100737571716,0.1692947894334793,0.8818619847297668,93.30153465270996,752.4335670022992,0.29688358306884766,-4.420210123062134,False
18,new_init_new_dense,ours,42,True,20393,492,20885,18070,3727,17.13073968887329,0.5564723014831543,0.1762387752532959,0.8843750357627869,91.4313793182373,752.5325550086563,-0.7885181903839111,-5.208728313446045,False
19,new_init_new_dense,ours,42,True,20885,522,21407,18277,3727,17.10590124130249,0.5564528703689575,0.18992461264133453,0.8874348998069763,91.92991256713867,765.2798700000858,-0.02483844757080078,-5.233566761016846,False
20,new_init_new_dense,ours,42,True,21407,541,21948,18487,3726,17.211203575134277,0.5611598491668701,0.1850128471851349,0.8900390863418579,93.7960147857666,794.8840850003762,0.10530233383178711,-5.128264427185059,False
21,new_init_new_dense,ours,42,True,21948,564,22512,18674,3726,16.67026400566101,0.5418712496757507,0.19492031633853912,0.8931770920753479,91.72940254211426,806.1737529933453,-0.5409395694732666,-5.669203996658325,False
22,new_init_new_dense,ours,42,True,22512,574,23086,18871,3726,17.06456184387207,0.5652095079421997,0.20134969055652618,0.8994140625,94.57588195800781,827.9228769970359,0.39429783821105957,-5.274906158447266,False
23,new_init_new_dense,ours,42,True,23086,560,23646,19012,3726,17.438360452651978,0.5847768187522888,0.19162467122077942,0.9047786593437195,93.51205825805664,851.8046399985906,0.3737986087799072,-4.901107549667358,False
24,new_init_new_dense,ours,42,True,23646,558,24204,18978,3725,17.271642684936523,0.5976812839508057,0.18608279526233673,0.9117838740348816,91.76301956176758,848.9370210008929,-0.1667177677154541,-5.0678253173828125,False
25,new_init_new_dense,ours,42,True,24204,635,24839,18925,3724,16.731196641921997,0.6024341583251953,0.20456258952617645,0.9207682609558105,92.89765357971191,881.038912004442,-0.5404460430145264,-5.608271360397339,False
26,new_init_new_dense,ours,42,True,24839,671,25510,18829,3723,16.385053396224976,0.6072137951850891,0.20929208397865295,0.9272656440734863,93.28722953796387,895.42073100165,-0.3461432456970215,-5.95441460609436,False
27,new_init_new_dense,ours,42,True,25510,734,26244,18762,3723,16.316328048706055,0.6235169768333435,0.21773776412010193,0.9317969083786011,90.30675888061523,906.1821700015571,-0.0687253475189209,-6.023139953613281,False
28,new_init_new_dense,ours,42,True,26244,750,26994,18896,3723,16.607844829559326,0.6467258930206299,0.21477006375789642,0.9367318153381348,94.18129920959473,914.2278349900153,0.2915167808532715,-5.73162317276001,False
29,new_init_new_dense,ours,42,True,26994,686,27680,18898,3722,17.494198083877563,0.6812366843223572,0.19571508467197418,0.9394140839576721,91.77780151367188,933.9999980002176,0.8863532543182373,-4.8452699184417725,False
30,new_init_new_dense,ours,42,True,27680,572,28252,18916,3722,18.213452100753784,0.7094409465789795,0.1791212558746338,0.9412369728088379,89.27321434020996,974.5403120032279,0.7192540168762207,-4.126015901565552,False
31,new_init_new_dense,ours,42,True,28252,547,28799,19023,3721,18.893684148788452,0.7370321750640869,0.18374265730381012,0.9445182681083679,91.44210815429688,969.7150700085331,0.680232048034668,-3.445783853530884,False
32,new_init_new_dense,ours,42,True,28799,523,29322,19043,3721,19.39394235610962,0.7515551447868347,0.17641878128051758,0.9477734565734863,93.52374076843262,977.4829179950757,0.500258207321167,-2.945525646209717,False
33,new_init_new_dense,ours,42,True,29322,526,29848,19082,3720,19.31266188621521,0.7483877539634705,0.17728637158870697,0.9505078196525574,98.30331802368164,998.6427700059721,-0.08128046989440918,-3.026806116104126,False
34,new_init_new_dense,ours,42,True,29848,542,30390,18990,3720,20.243306159973145,0.7799117565155029,0.184403657913208,0.9539843797683716,92.90242195129395,1001.8786020082189,0.9306442737579346,-2.0961618423461914,False
35,new_init_new_dense,ours,42,True,30390,518,30908,18882,3719,20.689854621887207,0.793271541595459,0.17907895147800446,0.9565625190734863,93.63865852355957,1025.096700002905,0.4465484619140625,-1.649613380432129,False
36,new_init_new_dense,ours,42,True,30908,477,31385,18699,3719,20.437684059143066,0.7917579412460327,0.173212930560112,0.9584895968437195,91.17555618286133,1026.1122160009108,-0.2521705627441406,-1.9017839431762695,False
37,new_init_new_dense,ours,42,True,31385,504,31889,18808,3718,20.14195680618286,0.7887675166130066,0.172236368060112,0.9619922041893005,95.86215019226074,1053.4336950076977,-0.2957272529602051,-2.1975111961364746,False
38,new_init_new_dense,ours,42,True,31889,567,32456,18848,3718,19.047847986221313,0.7564517259597778,0.17322663962841034,0.9653646349906921,92.12112426757812,1069.2187439999543,-1.0941088199615479,-3.2916200160980225,False
39,new_init_new_dense,ours,42,True,32456,610,33066,18877,3717,18.295059204101562,0.7209159731864929,0.16874974966049194,0.9675000309944153,91.31407737731934,1115.0639970001066,-0.752788782119751,-4.044408798217773,False
40,new_init_new_dense,ours,42,True,33066,672,33738,18855,3717,17.979190349578857,0.7110847234725952,0.17669731378555298,0.9692968726158142,90.48342704772949,1089.3437339982484,-0.3158688545227051,-4.3602776527404785,False
41,new_init_new_dense,ours,42,True,33738,588,34326,18748,3717,18.551167249679565,0.7424835562705994,0.1656946837902069,0.9725781679153442,91.55488014221191,1122.7142209972953,0.571976900100708,-3.7883007526397705,False
42,new_init_new_dense,ours,42,True,34326,643,34969,18681,3716,18.746556043624878,0.7528246641159058,0.18084940314292908,0.974609375,90.27695655822754,1153.7842499965336,0.1953887939453125,-3.592911958694458,False
43,new_init_new_dense,ours,42,True,34969,691,35660,18588,3716,17.62306809425354,0.7168362140655518,0.17924931645393372,0.9768620133399963,93.4140682220459,1131.2743699963903,-1.123487949371338,-4.716399908065796,False
44,new_init_new_dense,ours,42,True,35660,733,36393,18558,3716,17.453114986419678,0.7218130826950073,0.18401236832141876,0.9788802266120911,95.23940086364746,1175.304464995861,-0.1699531078338623,-4.886353015899658,False
45,new_init_new_dense,ours,42,True,36393,836,37229,18572,3715,16.904126405715942,0.7067345380783081,0.2041332721710205,0.9814062714576721,92.40102767944336,1162.6150200027041,-0.5489885807037354,-5.4353415966033936,False
46,new_init_new_dense,ours,42,True,37229,895,38124,18520,3715,16.714543104171753,0.7142001390457153,0.183347687125206,0.9841927289962769,89.40863609313965,1235.2088790066773,-0.18958330154418945,-5.624924898147583,False
47,new_init_new_dense,ours,42,True,38124,899,39023,18595,3714,16.419901847839355,0.7067405581474304,0.17417369782924652,0.9876692891120911,91.89081192016602,1210.9382750059012,-0.29464125633239746,-5.9195661544799805,False
48,new_init_new_dense,ours,42,True,39023,960,39983,18706,3714,16.078531742095947,0.6933514475822449,0.1718299388885498,0.9903385639190674,91.98427200317383,1235.2053029899253,-0.3413701057434082,-6.260936260223389,False
49,new_init_new_dense,ours,42,True,39983,980,40963,18763,3713,16.019811630249023,0.6898512840270996,0.17155104875564575,0.9924479126930237,90.57283401489258,1249.5622790011112,-0.05872011184692383,-6.3196563720703125,False
50,new_init_new_dense,ours,42,True,40963,1003,41966,18798,3713,16.045024394989014,0.6939176321029663,0.17033150792121887,0.9941536784172058,89.7684097290039,1300.6578739878023,0.025212764739990234,-6.294443607330322,False
51,new_init_new_dense,ours,42,True,41966,1023,42989,18972,3712,16.0850191116333,0.6975688934326172,0.16389992833137512,0.9952734708786011,91.15195274353027,1294.0576050023083,0.03999471664428711,-6.254448890686035,False
52,new_init_new_dense,ours,42,True,42989,1021,44010,19071,3712,16.303527355194092,0.7154176235198975,0.1345493197441101,0.9964062571525574,90.39950370788574,1324.374343996169,0.21850824356079102,-6.035940647125244,False
53,new_init_new_dense,ours,42,True,44010,1126,45136,19036,3712,16.427565813064575,0.7183481454849243,0.1695992350578308,0.9972786903381348,91.24207496643066,1385.0428989971988,0.1240384578704834,-5.911902189254761,False
54,new_init_new_dense,ours,42,True,45136,1127,46263,18992,3711,16.68911576271057,0.741878867149353,0.14993850886821747,0.9977734684944153,91.4604663848877,1379.733280002256,0.2615499496459961,-5.650352239608765,False
55,new_init_new_dense,ours,42,True,46263,1108,47371,18910,3711,17.142139673233032,0.7709193229675293,0.13993093371391296,0.9982292056083679,93.63079071044922,1441.9907039991813,0.45302391052246094,-5.197328329086304,False
56,new_init_new_dense,ours,42,True,47371,1149,48520,18803,3710,17.493133544921875,0.7917226552963257,0.1451101154088974,0.9983203411102295,90.75474739074707,1459.5268220000435,0.3509938716888428,-4.846334457397461,False
57,new_init_new_dense,ours,42,True,48520,1191,49711,18710,3709,17.36620545387268,0.7888018488883972,0.14952586591243744,0.9984375238418579,89.28656578063965,1507.8234839893412,-0.12692809104919434,-4.973262548446655,False
58,new_init_new_dense,ours,42,True,49711,1170,50881,18729,3710,17.21766471862793,0.7821942567825317,0.13208436965942383,0.9985677599906921,90.64698219299316,1559.9492429901147,-0.14854073524475098,-5.121803283691406,False
59,new_init_new_dense,ours,42,True,50881,1190,52071,18677,3709,17.17687487602234,0.7790944576263428,0.14045535027980804,0.9988411664962769,90.74783325195312,1573.8766619906528,-0.04078984260559082,-5.162593126296997,False
60,new_init_new_dense,ours,42,True,52071,1195,53266,18608,3711,17.852599620819092,0.809167742729187,0.12744133174419403,0.9987239837646484,92.1010971069336,1608.3434019965352,0.6757247447967529,-4.486868381500244,False
61,new_init_new_dense,ours,42,True,53266,1194,54460,18479,3710,18.393386602401733,0.8292931914329529,0.1305694729089737,0.99881511926651,91.80331230163574,1585.0763069902314,0.5407869815826416,-3.9460813999176025,False
62,new_init_new_dense,ours,42,True,54460,1212,55672,18159,3711,18.655349016189575,0.8329266905784607,0.14163656532764435,0.999427080154419,91.18294715881348,1651.4490050030872,0.2619624137878418,-3.6841189861297607,False
63,new_init_new_dense,ours,42,True,55672,1231,56903,17949,3710,18.41637134552002,0.8301485776901245,0.14272315800189972,0.9997656345367432,92.44203567504883,1695.8752809878206,-0.23897767066955566,-3.9230966567993164,False
64,new_init_new_dense,ours,42,True,56903,1222,58125,17807,3711,18.60599160194397,0.8452891111373901,0.13605791330337524,0.9998307824134827,89.92385864257812,1676.5846209891606,0.1896202564239502,-3.733476400375366,False
65,new_init_new_dense,ours,42,True,58125,1265,59390,17643,3711,18.326607942581177,0.8445951342582703,0.14462676644325256,0.9999609589576721,93.66798400878906,1767.287397000473,-0.27938365936279297,-4.012860059738159,False
66,new_init_new_dense,ours,42,True,59390,1215,60605,17368,3713,17.775408029556274,0.8343390822410583,0.12829561531543732,1.0,92.57674217224121,1746.5641860035248,-0.5511999130249023,-4.5640599727630615,False
67,new_init_new_dense,ours,42,True,60605,1203,61808,17021,3715,17.32365131378174,0.8277074098587036,0.13955453038215637,1.0,92.17977523803711,1829.5898910000687,-0.45175671577453613,-5.015816688537598,False
68,new_init_new_dense,ours,42,True,61808,1241,63049,16827,3715,16.670410633087158,0.8261877298355103,0.1415865123271942,1.0,88.66047859191895,1804.6730089990888,-0.6532406806945801,-5.669057369232178,False
69,new_init_new_dense,ours,42,True,63049,1217,64266,16641,3717,15.966743230819702,0.8082253932952881,0.14084365963935852,1.0,91.9792652130127,1843.4917139966274,-0.703667402267456,-6.372724771499634,False
70,new_init_new_dense,ours,42,True,64266,1195,65461,16416,3717,15.367416143417358,0.7907487750053406,0.12928736209869385,1.0,88.89293670654297,1887.9681800026447,-0.5993270874023438,-6.9720518589019775,False
71,new_init_new_dense,ours,42,True,65461,1237,66698,16365,3719,14.606094360351562,0.7705138921737671,0.13696330785751343,1.0,93.44363212585449,1957.2634930082131,-0.7613217830657959,-7.733373641967773,False
72,new_init_new_dense,ours,42,True,66698,1166,67864,16162,3721,14.19715166091919,0.7631065249443054,0.14336074888706207,1.0,97.6865291595459,1913.6576740129385,-0.40894269943237305,-8.142316341400146,False
73,new_init_new_dense,ours,42,True,67864,1184,69048,16022,3721,15.025442838668823,0.7715545892715454,0.13368889689445496,1.0,91.95184707641602,1970.6899599987082,0.8282911777496338,-7.314025163650513,False
74,new_init_new_dense,ours,42,True,69048,1176,70224,15896,3723,15.16852617263794,0.7699909210205078,0.13240674138069153,1.0,96.01569175720215,2013.1613480043598,0.1430833339691162,-7.1709418296813965,False
75,new_init_new_dense,ours,42,True,70224,1170,71394,15845,3723,15.520718097686768,0.7817285060882568,0.1399441957473755,1.0,97.5492000579834,2108.790698010125,0.3521919250488281,-6.818749904632568,False
76,new_init_new_dense,ours,42,True,71394,1110,72504,15810,3724,16.029139757156372,0.8025519847869873,0.12721066176891327,1.0,102.00095176696777,2161.3426560070366,0.5084216594696045,-6.310328245162964,False
77,new_init_new_dense,ours,42,True,72504,1102,73606,15866,3726,16.316792964935303,0.8126863241195679,0.13454477488994598,1.0,96.1616039276123,2120.493295995402,0.28765320777893066,-6.022675037384033,False
78,new_init_new_dense,ours,42,True,73606,1128,74734,15899,3727,16.685363054275513,0.8241258859634399,0.13287432491779327,1.0,95.40104866027832,2132.073507003952,0.36857008934020996,-5.654104948043823,False
79,new_init_new_dense,ours,42,True,74734,1089,75823,15889,3728,16.837702989578247,0.8278052806854248,0.1286199688911438,1.0,96.49801254272461,2163.403515005484,0.15233993530273438,-5.501765012741089,False
80,new_init_new_dense,ours,42,True,75823,1121,76944,15800,3728,16.783463954925537,0.8227257132530212,0.13753971457481384,1.0,95.33166885375977,2197.9351559857605,-0.05423903465270996,-5.556004047393799,False
81,new_init_new_dense,ours,42,True,76944,1116,78060,15788,3729,16.9615375995636,0.8264822959899902,0.13901279866695404,1.0,93.25361251831055,2259.709356992971,0.17807364463806152,-5.377930402755737,False
82,new_init_new_dense,ours,42,True,78060,1084,79144,15766,3730,16.793358325958252,0.8175174593925476,0.1360815018415451,1.0,96.65966033935547,2315.5753770115552,-0.16817927360534668,-5.546109676361084,False
83,new_init_new_dense,ours,42,True,79144,1107,80251,15747,3730,16.23751401901245,0.7931885719299316,0.14062730967998505,1.0,89.49661254882812,2290.3508440067526,-0.5558443069458008,-6.101953983306885,False
84,new_init_new_dense,ours,42,True,80251,1114,81365,15664,3731,16.1809241771698,0.7858063578605652,0.1393514722585678,1.0,97.35107421875,2297.069485997781,-0.05658984184265137,-6.158543825149536,False
85,new_init_new_dense,ours,42,True,81365,1099,82464,15637,3731,16.027097702026367,0.7767457962036133,0.1406065821647644,0.999987006187439,97.52416610717773,2323.4493100026157,-0.15382647514343262,-6.312370300292969,False
86,new_init_new_dense,ours,42,True,82464,1087,83551,15568,3732,16.31184220314026,0.7865058779716492,0.14472560584545135,0.999987006187439,91.36962890625,2367.249339004047,0.2847445011138916,-6.027625799179077,False
87,new_init_new_dense,ours,42,True,83551,1028,84579,15402,3732,16.31917119026184,0.7836185693740845,0.14254115521907806,0.999987006187439,99.25365447998047,2414.090918013244,0.007328987121582031,-6.020296812057495,False
88,new_init_new_dense,ours,42,True,84579,1037,85616,15343,3732,16.27792716026306,0.7797285914421082,0.13948866724967957,0.999987006187439,96.63844108581543,2439.923207013635,-0.0412440299987793,-6.061540842056274,False
89,new_init_new_dense,ours,42,True,85616,1077,86693,15384,3733,16.231662034988403,0.7744896411895752,0.15432070195674896,0.999987006187439,94.8178768157959,2472.400083002867,-0.0462651252746582,-6.107805967330933,False
90,new_init_new_dense,ours,42,True,86693,1014,87707,15378,3733,16.287455558776855,0.7773250341415405,0.14538130164146423,0.9999609589576721,91.55154228210449,2470.9538820025045,0.05579352378845215,-6.0520124435424805,False
91,new_init_new_dense,ours,42,True,87707,1018,88725,15410,3733,16.268200874328613,0.7731397151947021,0.14647400379180908,0.9999479651451111,96.48370742797852,2454.911713008187,-0.019254684448242188,-6.071267127990723,False
92,new_init_new_dense,ours,42,True,88725,980,89705,15409,3733,16.59480929374695,0.7820543050765991,0.14880762994289398,0.9999349117279053,90.03758430480957,2505.081463998067,0.32660841941833496,-5.744658708572388,False
93,new_init_new_dense,ours,42,True,89705,1030,90735,15337,3733,16.845898628234863,0.7905576229095459,0.15771502256393433,0.9997526407241821,98.7851619720459,2509.526754001854,0.25108933448791504,-5.493569374084473,False
94,new_init_new_dense,ours,42,True,90735,1004,91739,15179,3734,16.632086038589478,0.781134843826294,0.16355915367603302,0.9998567700386047,94.83814239501953,2621.0603959916625,-0.21381258964538574,-5.707381963729858,False
95,new_init_new_dense,ours,42,True,91739,1040,92779,15163,3734,16.414083242416382,0.7688544988632202,0.15762580931186676,0.9999609589576721,98.4656810760498,2580.5783069954487,-0.2180027961730957,-5.925384759902954,False
96,new_init_new_dense,ours,42,True,92779,973,93752,15178,3734,16.817537546157837,0.7838811874389648,0.1527440994977951,0.9996484518051147,95.85309028625488,2635.067365001305,0.4034543037414551,-5.521930456161499,False
97,new_init_new_dense,ours,42,True,93752,939,94691,15210,3734,17.18235969543457,0.7955052256584167,0.1443522572517395,0.9994791746139526,90.90542793273926,2640.736191009637,0.3648221492767334,-5.157108306884766,False
98,new_init_new_dense,ours,42,True,94691,915,95606,15104,3734,16.983952522277832,0.7846922874450684,0.13928161561489105,0.9997005462646484,96.98748588562012,2723.7573279999197,-0.19840717315673828,-5.355515480041504,False
99,new_init_new_dense,ours,42,True,95606,989,96595,15146,3734,17.43171453475952,0.7965475916862488,0.1699105054140091,0.9994010925292969,95.7174301147461,2663.9136860030703,0.44776201248168945,-4.9077534675598145,False
100,new_init_new_dense,ours,42,True,96595,0,77766,15056,3735,17.62251377105713,0.8025870323181152,0.15125210583209991,0.9992578625679016,99.35832023620605,2728.999077997287,0.19079923629760742,-4.716954231262207,False
101,new_init_new_dense,ours,42,True,77766,922,78688,14975,3722,17.781018018722534,0.8035579919815063,0.1549101620912552,0.9993359446525574,94.50840950012207,2238.4409140067874,0.15850424766540527,-4.558449983596802,False
102,new_init_new_dense,ours,42,True,78688,963,79651,14705,3723,17.79268741607666,0.8096429705619812,0.15382413566112518,0.9988411664962769,92.19002723693848,2249.6208759985166,0.011669397354125977,-4.546780586242676,False
103,new_init_new_dense,ours,42,True,79651,938,80589,14556,3724,17.48221516609192,0.7965533137321472,0.16467128694057465,0.9987369775772095,95.91293334960938,2328.6700890021166,-0.3104722499847412,-4.857252836227417,False
104,new_init_new_dense,ours,42,True,80589,930,81519,14472,3725,16.801433563232422,0.7644718885421753,0.15269415080547333,0.9988802075386047,99.1373062133789,2321.722567998222,-0.6807816028594971,-5.538034439086914,False
105,new_init_new_dense,ours,42,True,81519,974,82493,14608,3726,16.367884874343872,0.7439388036727905,0.16310164332389832,0.9985156655311584,100.09431838989258,2358.763997006463,-0.4335486888885498,-5.971583127975464,False
106,new_init_new_dense,ours,42,True,82493,950,83443,14556,3726,16.289236545562744,0.7392827868461609,0.16939693689346313,0.9983463883399963,93.84012222290039,2344.5546949951677,-0.07864832878112793,-6.050231456756592,False
107,new_init_new_dense,ours,42,True,83443,979,84422,14574,3727,16.51780366897583,0.7425764799118042,0.1798374205827713,0.9983854293823242,92.21410751342773,2397.6297229964985,0.22856712341308594,-5.821664333343506,False
108,new_init_new_dense,ours,42,True,84422,905,85327,14532,3727,16.49254083633423,0.7391828298568726,0.16438202559947968,0.9977995157241821,97.40662574768066,2490.6605549913365,-0.025262832641601562,-5.846927165985107,False
109,new_init_new_dense,ours,42,True,85327,968,86295,14404,3728,16.550967693328857,0.7461821436882019,0.1638326197862625,0.9971874952316284,95.81804275512695,2495.8275520039024,0.058426856994628906,-5.7885003089904785,False
110,new_init_new_dense,ours,42,True,86295,905,87200,14371,3728,16.62685990333557,0.745834231376648,0.16436657309532166,0.9970963597297668,96.5280532836914,2487.288016011007,0.07589221000671387,-5.712608098983765,False
111,new_init_new_dense,ours,42,True,87200,911,88111,14331,3729,16.370264291763306,0.7295974493026733,0.16629788279533386,0.9972786903381348,97.6102352142334,2486.763905006228,-0.2565956115722656,-5.96920371055603,False
112,new_init_new_dense,ours,42,True,88111,990,89101,14294,3729,16.102583408355713,0.7229933738708496,0.18977592885494232,0.9970963597297668,97.28050231933594,2509.7602190071484,-0.2676808834075928,-6.236884593963623,False
113,new_init_new_dense,ours,42,True,89101,952,90053,14319,3729,16.098910570144653,0.7230879068374634,0.1765064299106598,0.9971354603767395,97.65338897705078,2587.849016999826,-0.0036728382110595703,-6.240557432174683,False
114,new_init_new_dense,ours,42,True,90053,932,90985,14231,3730,16.081433296203613,0.7198762893676758,0.17832940816879272,0.9967708587646484,93.93954277038574,2515.3500699962024,-0.01747727394104004,-6.258034706115723,False
115,new_init_new_dense,ours,42,True,90985,953,91938,14195,3730,16.357648372650146,0.7300390005111694,0.1886063814163208,0.9963672161102295,95.93653678894043,2548.780156997964,0.2762150764465332,-5.9818196296691895,False
116,new_init_new_dense,ours,42,True,91938,854,92792,14083,3730,16.47383213043213,0.7295233011245728,0.15859435498714447,0.9963541626930237,92.34905242919922,2655.107817990938,0.11618375778198242,-5.865635871887207,False
117,new_init_new_dense,ours,42,True,92792,869,93661,14069,3731,16.634674072265625,0.7390981912612915,0.16409240663051605,0.9961588978767395,98.04987907409668,2663.4477869956754,0.1608419418334961,-5.704793930053711,False
118,new_init_new_dense,ours,42,True,93661,947,94608,14151,3731,16.2272047996521,0.72615647315979,0.1782878190279007,0.99588543176651,101.25613212585449,2621.81912799133,-0.4074692726135254,-6.112263202667236,False
119,new_init_new_dense,ours,42,True,94608,920,95528,14223,3731,16.07398748397827,0.7208796739578247,0.17372336983680725,0.9960026144981384,93.42002868652344,2686.4485580008477,-0.15321731567382812,-6.2654805183410645,False
120,new_init_new_dense,ours,42,True,95528,979,96507,14215,3732,15.654910802841187,0.7023131251335144,0.19005705416202545,0.9961068034172058,100.04806518554688,2761.4574119943427,-0.41907668113708496,-6.684557199478149,False
121,new_init_new_dense,ours,42,True,96507,967,97474,14209,3732,15.847810506820679,0.7124630808830261,0.1887476146221161,0.9957552552223206,98.43730926513672,2741.7855340027018,0.1928997039794922,-6.491657495498657,False
122,new_init_new_dense,ours,42,True,97474,923,98397,14187,3732,16.110119819641113,0.7219232320785522,0.1813322901725769,0.9961458444595337,102.47015953063965,2758.821846000501,0.26230931282043457,-6.229348182678223,False
123,new_init_new_dense,ours,42,True,98397,893,99290,14169,3732,16.166701316833496,0.7233790159225464,0.17159436643123627,0.9958333373069763,101.55296325683594,2809.7571849939413,0.05658149719238281,-6.17276668548584,False
124,new_init_new_dense,ours,42,True,99290,927,100217,14136,3732,16.22652530670166,0.7247171401977539,0.17739957571029663,0.995690107345581,99.62177276611328,2844.340016003116,0.05982398986816406,-6.112942695617676,False
125,new_init_new_dense,ours,42,True,100217,885,101102,14122,3733,16.159090995788574,0.7242695689201355,0.17075951397418976,0.9955468773841858,97.54300117492676,2813.3027789881453,-0.06743431091308594,-6.180377006530762,False
126,new_init_new_dense,ours,42,True,101102,911,102013,14217,3733,15.71168065071106,0.7045077681541443,0.17331519722938538,0.9955468773841858,92.88716316223145,2835.064846993191,-0.44741034507751465,-6.627787351608276,False
127,new_init_new_dense,ours,42,True,102013,996,103009,14271,3733,15.575871467590332,0.7019541263580322,0.18771851062774658,0.9950651526451111,95.90554237365723,2864.093520998722,-0.13580918312072754,-6.763596534729004,False
128,new_init_new_dense,ours,42,True,103009,964,103973,14305,3733,15.467311143875122,0.6990917921066284,0.183390274643898,0.9949870109558105,93.07384490966797,2941.6094979969785,-0.10856032371520996,-6.872156858444214,False
129,new_init_new_dense,ours,42,True,103973,941,104914,14261,3733,15.399160385131836,0.6926665306091309,0.194771409034729,0.9948698282241821,95.69501876831055,2990.788059993065,-0.06815075874328613,-6.9403076171875,False
130,new_init_new_dense,ours,42,True,104914,946,105860,14313,3734,15.760858058929443,0.7106237411499023,0.20171640813350677,0.9948567748069763,97.32413291931152,2927.126855007373,0.3616976737976074,-6.578609943389893,False
131,new_init_new_dense,ours,42,True,105860,874,106734,14344,3734,15.975712537765503,0.720606803894043,0.1780131459236145,0.9945963621139526,97.98288345336914,2925.8768140134634,0.21485447883605957,-6.363755464553833,False
132,new_init_new_dense,ours,42,True,106734,935,107669,14373,3734,15.891193151473999,0.7146080732345581,0.18841315805912018,0.9941015839576721,91.6285514831543,2974.711283997749,-0.0845193862915039,-6.448274850845337,False
133,new_init_new_dense,ours,42,True,107669,949,108618,14315,3734,15.915483236312866,0.7156739234924316,0.19613222777843475,0.9944531321525574,91.98856353759766,3004.243592993589,0.024290084838867188,-6.42398476600647,False
134,new_init_new_dense,ours,42,True,108618,907,109525,14223,3734,16.341947317123413,0.7321763038635254,0.1861499547958374,0.9948307275772095,97.2285270690918,3050.7274600095116,0.4264640808105469,-5.997520685195923,False
135,new_init_new_dense,ours,42,True,109525,908,110433,14122,3735,16.521527767181396,0.7384335398674011,0.19055502116680145,0.994895875453949,94.05851364135742,3067.580397997517,0.1795804500579834,-5.8179402351379395,False
136,new_init_new_dense,ours,42,True,110433,852,111285,14030,3735,16.40145182609558,0.7303964495658875,0.1711529791355133,0.9945052266120911,98.64687919616699,3109.107074997155,-0.12007594108581543,-5.938016176223755,False
137,new_init_new_dense,ours,42,True,111285,904,112189,14028,3735,15.937868356704712,0.7126018404960632,0.18825386464595795,0.9941015839576721,94.06232833862305,3083.2141879945993,-0.46358346939086914,-6.401599645614624,False
138,new_init_new_dense,ours,42,True,112189,920,113109,14111,3735,15.19601821899414,0.6820793151855469,0.1901325136423111,0.9938672184944153,99.95412826538086,3121.03114000638,-0.7418501377105713,-7.143449783325195,False
139,new_init_new_dense,ours,42,True,113109,951,114060,14183,3736,14.884541034698486,0.6689037084579468,0.19521431624889374,0.9935026168823242,103.3487319946289,3197.176763002062,-0.3114771842956543,-7.45492696762085,False
140,new_init_new_dense,ours,42,True,114060,933,114993,14283,3736,14.949144124984741,0.6751946210861206,0.1918736845254898,0.99351567029953,92.49043464660645,3102.1419829921797,0.06460309028625488,-7.390323877334595,False
141,new_init_new_dense,ours,42,True,114993,936,115929,14301,3736,15.009896755218506,0.6785845160484314,0.19742371141910553,0.993151068687439,97.58162498474121,3125.91782999516,0.06075263023376465,-7.32957124710083,False
142,new_init_new_dense,ours,42,True,115929,963,116892,14296,3736,15.12303352355957,0.684471607208252,0.19115422666072845,0.9933203458786011,98.2053279876709,3198.463717009872,0.11313676834106445,-7.216434478759766,False
143,new_init_new_dense,ours,42,True,116892,929,117821,14364,3736,15.062681436538696,0.6856106519699097,0.1765257567167282,0.9933463931083679,93.05858612060547,3240.7993170054397,-0.06035208702087402,-7.27678656578064,False
144,new_init_new_dense,ours,42,True,117821,1020,118841,14466,3736,14.740517139434814,0.6738018989562988,0.19540438055992126,0.993151068687439,92.89860725402832,3208.5435230110306,-0.32216429710388184,-7.5989508628845215,False
145,new_init_new_dense,ours,42,True,118841,1036,119877,14532,3736,14.472763538360596,0.658659040927887,0.1989060640335083,0.9929948449134827,97.65124320983887,3321.5014840097865,-0.26775360107421875,-7.86670446395874,False
146,new_init_new_dense,ours,42,True,119877,1017,120894,14615,3736,14.224255084991455,0.6476605534553528,0.20136946439743042,0.9926302433013916,94.81310844421387,3241.98027800594,-0.24850845336914062,-8.11521291732788,False
147,new_init_new_dense,ours,42,True,120894,1064,121958,14622,3736,14.250134229660034,0.6508911848068237,0.20111487805843353,0.9924219250679016,97.17035293579102,3332.8309189964784,0.0258791446685791,-8.089333772659302,False
148,new_init_new_dense,ours,42,True,121958,1056,123014,14615,3736,14.399738311767578,0.6607162952423096,0.20914509892463684,0.992382824420929,99.45821762084961,3389.697246006108,0.14960408210754395,-7.939729690551758,False
149,new_init_new_dense,ours,42,True,123014,1034,124048,14631,3736,14.478621482849121,0.66739821434021,0.2074546068906784,0.9918880462646484,94.10738945007324,3293.948302991339,0.07888317108154297,-7.860846519470215,False
150,new_init_new_dense,ours,42,True,124048,1016,125064,14504,3736,14.383080005645752,0.6621580123901367,0.198910653591156,0.9910156726837158,92.89383888244629,3396.0001389932586,-0.09554147720336914,-7.956387996673584,False
1,new_init_new_dense,full,42,True,14073,294,14367,14073,14367,23.9835262298584,0.6634912490844727,0.1917351633310318,0.8167318105697632,48.86198043823242,527.1206690085819,1.6440582275390625,1.6440582275390625,False
2,new_init_new_dense,full,42,True,14367,231,14598,14366,14598,20.817983150482178,0.6422725915908813,0.1391153633594513,0.8283724188804626,47.32370376586914,555.7826480071526,-3.1655430793762207,-1.5214848518371582,False
3,new_init_new_dense,full,42,True,14598,349,14947,14596,14947,19.38875675201416,0.6275233626365662,0.1301226168870926,0.8352994918823242,47.532081604003906,561.6015720006544,-1.4292263984680176,-2.950711250305176,False
4,new_init_new_dense,full,42,True,14947,422,15369,14935,15369,18.70944857597351,0.6189004778862,0.11085587739944458,0.8434505462646484,50.08387565612793,570.504967996385,-0.6793081760406494,-3.630019426345825,False
5,new_init_new_dense,full,42,True,15369,432,15801,15321,15801,18.840463161468506,0.628402829170227,0.11142349988222122,0.8521093726158142,49.619197845458984,561.2178139999742,0.13101458549499512,-3.49900484085083,False
6,new_init_new_dense,full,42,True,15801,318,16119,15693,16119,19.38836693763733,0.6450694799423218,0.08804263174533844,0.8568620085716248,48.74873161315918,608.7637320015347,0.5479037761688232,-2.951101064682007,False
7,new_init_new_dense,full,42,True,16119,305,16424,15907,16424,20.246806144714355,0.6675090193748474,0.08804356306791306,0.8624739646911621,52.44565010070801,607.0916040043812,0.8584392070770264,-2.0926618576049805,False
8,new_init_new_dense,full,42,True,16424,262,16686,16081,16686,20.861868858337402,0.6827281713485718,0.07601601630449295,0.8667578101158142,51.584482192993164,669.5468510006322,0.6150627136230469,-1.4775991439819336,False
9,new_init_new_dense,full,42,True,16686,253,16939,16259,16939,20.144448280334473,0.6659969091415405,0.07150405645370483,0.8683333396911621,52.12879180908203,603.1681879976531,-0.7174205780029297,-2.1950197219848633,False
10,new_init_new_dense,full,42,True,16939,336,17275,16415,17275,19.6077823638916,0.6578671336174011,0.07746808230876923,0.8714583516120911,51.31053924560547,610.7836930023041,-0.5366659164428711,-2.7316856384277344,False
11,new_init_new_dense,full,42,True,17275,327,17602,16593,17602,18.979462385177612,0.6440783739089966,0.07394441217184067,0.8744401335716248,56.82563781738281,620.041564994608,-0.6283199787139893,-3.3600056171417236,False
12,new_init_new_dense,full,42,True,17602,323,17925,16700,17925,18.77954125404358,0.6394668221473694,0.08191433548927307,0.8767969012260437,54.53944206237793,629.9701029929565,-0.1999211311340332,-3.559926748275757,False
13,new_init_new_dense,full,42,True,17925,375,18300,16810,18300,18.93933415412903,0.6413669586181641,0.08861736208200455,0.879101574420929,52.09851264953613,655.4295149981044,0.15979290008544922,-3.4001338481903076,False
14,new_init_new_dense,full,42,True,18300,388,18688,16906,18688,18.882455825805664,0.6414911150932312,0.08966363966464996,0.8820443153381348,53.870439529418945,685.2288359950762,-0.05687832832336426,-3.457012176513672,False
15,new_init_new_dense,full,42,True,18688,396,19084,16951,19084,18.68408441543579,0.6336237788200378,0.09886997193098068,0.8828906416893005,55.07469177246094,676.9313520053402,-0.19837141036987305,-3.655383586883545,False
16,new_init_new_dense,full,42,True,19084,387,19471,17059,19471,18.68145227432251,0.6292376518249512,0.10834435373544693,0.8835286498069763,56.42890930175781,690.8530619984958,-0.00263214111328125,-3.658015727996826,False
17,new_init_new_dense,full,42,True,19471,423,19894,17078,19894,19.254051446914673,0.644265353679657,0.1172538697719574,0.8860417008399963,58.19845199584961,706.8178829940734,0.5725991725921631,-3.085416555404663,False
18,new_init_new_dense,full,42,True,19894,449,20343,17088,20343,18.177483081817627,0.6212171912193298,0.1250666230916977,0.8890495300292969,57.61528015136719,713.9706289890455,-1.076568365097046,-4.161984920501709,False
19,new_init_new_dense,full,42,True,20343,489,20832,17336,20832,18.34628939628601,0.6270233988761902,0.135199174284935,0.8918619751930237,59.37552452087402,727.1104790124809,0.1688063144683838,-3.993178606033325,False
20,new_init_new_dense,full,42,True,20832,459,21291,17474,21291,18.64435911178589,0.6361726522445679,0.13152079284191132,0.8948307633399963,59.39602851867676,725.0409119878896,0.29806971549987793,-3.6951088905334473,False
21,new_init_new_dense,full,42,True,21291,523,21814,17677,21814,17.871358394622803,0.6184151768684387,0.14148417115211487,0.8986849188804626,60.55784225463867,761.144013988087,-0.7730007171630859,-4.468109607696533,False
22,new_init_new_dense,full,42,True,21814,520,22334,17787,22334,18.6081063747406,0.6478673815727234,0.14647771418094635,0.9052343964576721,59.56101417541504,752.6226629997836,0.7367479801177979,-3.7313616275787354,False
23,new_init_new_dense,full,42,True,22334,491,22825,17827,22825,19.18059229850769,0.6687719225883484,0.13569940626621246,0.9110547304153442,61.33246421813965,752.2247099986998,0.5724859237670898,-3.1588757038116455,False
24,new_init_new_dense,full,42,True,22825,482,23307,17731,23307,18.883174657821655,0.6800628900527954,0.13103066384792328,0.9177734851837158,63.19594383239746,757.5343170028646,-0.29741764068603516,-3.4562933444976807,False
25,new_init_new_dense,full,42,True,23307,623,23930,17570,23930,18.00840735435486,0.6798467040061951,0.14883315563201904,0.9269401431083679,64.16463851928711,796.1729209928308,-0.8747673034667969,-4.3310606479644775,False
26,new_init_new_dense,full,42,True,23930,610,24540,17461,24540,17.501609325408936,0.6806048154830933,0.15241792798042297,0.93220055103302,65.7801628112793,827.0430470001884,-0.5067980289459229,-4.8378586769104,False
27,new_init_new_dense,full,42,True,24540,698,25238,17409,25238,17.301775217056274,0.6877483129501343,0.15876518189907074,0.9360417127609253,64.22710418701172,837.978411000222,-0.19983410835266113,-5.0376927852630615,False
28,new_init_new_dense,full,42,True,25238,727,25965,17577,25965,17.44849681854248,0.7012221217155457,0.1578321009874344,0.9409765601158142,68.10784339904785,831.5315670042764,0.14672160148620605,-4.8909711837768555,False
29,new_init_new_dense,full,42,True,25965,615,26580,17556,26580,18.962074518203735,0.7446929812431335,0.1394297331571579,0.9436458349227905,72.62134552001953,898.1373749993509,1.5135776996612549,-3.3773934841156006,False
30,new_init_new_dense,full,42,True,26580,486,27066,17574,27066,20.11357545852661,0.7733980417251587,0.120116226375103,0.9455729126930237,69.79823112487793,911.9289819936967,1.151500940322876,-2.2258925437927246,False
31,new_init_new_dense,full,42,True,27066,440,27506,17650,27506,21.37127161026001,0.8024401664733887,0.12167664617300034,0.9490494728088379,69.27990913391113,927.5120439997409,1.2576961517333984,-0.9681963920593262,False
32,new_init_new_dense,full,42,True,27506,352,27858,17648,27858,22.303831577301025,0.8179498910903931,0.11205064505338669,0.9523568153381348,72.72195816040039,892.7367029973539,0.9325599670410156,-0.03563642501831055,False
33,new_init_new_dense,full,42,True,27858,342,28200,17681,28200,21.535160541534424,0.807335615158081,0.11106643825769424,0.9555599093437195,72.14927673339844,939.2153220105683,-0.7686710357666016,-0.8043074607849121,False
34,new_init_new_dense,full,42,True,28200,371,28571,17624,28571,23.311896324157715,0.8373910784721375,0.11411768943071365,0.9586979150772095,69.92292404174805,974.6153609885368,1.776735782623291,0.9724283218383789,False
35,new_init_new_dense,full,42,True,28571,279,28850,17537,28850,24.25374984741211,0.8503526449203491,0.10841776430606842,0.9612630605697632,71.75016403198242,942.4909409863176,0.9418535232543945,1.9142818450927734,False
36,new_init_new_dense,full,42,True,28850,243,29093,17451,29093,23.14274311065674,0.8435772657394409,0.11039216071367264,0.9636067748069763,73.81319999694824,939.210552998702,-1.111006736755371,0.8032751083374023,False
37,new_init_new_dense,full,42,True,29093,330,29423,17573,29423,21.877024173736572,0.8338567614555359,0.10571186989545822,0.9672656655311584,75.96921920776367,942.4007530033123,-1.265718936920166,-0.46244382858276367,False
38,new_init_new_dense,full,42,True,29423,454,29877,17699,29877,20.026001930236816,0.797285258769989,0.11080054193735123,0.970481812953949,75.09231567382812,997.6524539961247,-1.8510222434997559,-2.3134660720825195,False
39,new_init_new_dense,full,42,True,29877,503,30380,17713,30380,19.00790572166443,0.7597248554229736,0.1094982922077179,0.9726822972297668,75.29544830322266,1009.650268999394,-1.0180962085723877,-3.3315622806549072,False
40,new_init_new_dense,full,42,True,30380,588,30968,17649,30968,18.79896640777588,0.7526744604110718,0.11546530574560165,0.9749739766120911,76.37977600097656,994.1179659945192,-0.2089393138885498,-3.540501594543457,False
41,new_init_new_dense,full,42,True,30968,477,31445,17490,31445,19.837136268615723,0.7896734476089478,0.10907096415758133,0.9782161712646484,75.93250274658203,985.6618379999418,1.0381698608398438,-2.5023317337036133,False
42,new_init_new_dense,full,42,True,31445,513,31958,17515,31958,20.268192291259766,0.8034211993217468,0.11697757244110107,0.9807161688804626,79.70404624938965,989.8281860077986,0.43105602264404297,-2.0712757110595703,False
43,new_init_new_dense,full,42,True,31958,618,32576,17530,32576,18.82513403892517,0.769973874092102,0.11796402186155319,0.9832943081855774,77.5449275970459,1025.2160789968912,-1.4430582523345947,-3.514333963394165,False
44,new_init_new_dense,full,42,True,32576,660,33236,17621,33236,18.6838436126709,0.777859091758728,0.12116996943950653,0.9856510758399963,81.3455581665039,1042.8904270083876,-0.14129042625427246,-3.6556243896484375,False
45,new_init_new_dense,full,42,True,33236,823,34059,17628,34059,18.081390857696533,0.7667335271835327,0.1456064134836197,0.9878255724906921,82.23819732666016,1063.1086009962019,-0.6024527549743652,-4.258077144622803,False
46,new_init_new_dense,full,42,True,34059,811,34870,17572,34870,17.946982383728027,0.7772217988967896,0.13290593028068542,0.9900651574134827,83.9993953704834,1077.4427469877992,-0.13440847396850586,-4.392485618591309,False
47,new_init_new_dense,full,42,True,34870,845,35715,17524,35715,17.667773962020874,0.7751827239990234,0.1267019510269165,0.9924609661102295,83.82701873779297,1119.4405040005222,-0.2792084217071533,-4.671694040298462,False
48,new_init_new_dense,full,42,True,35715,925,36640,17440,36640,17.242906093597412,0.764615535736084,0.12911635637283325,0.9940755367279053,84.63883399963379,1125.6498090078821,-0.4248678684234619,-5.096561908721924,False
49,new_init_new_dense,full,42,True,36640,978,37618,17381,37618,17.363003492355347,0.7704904079437256,0.12926717102527618,0.9958984851837158,89.26057815551758,1148.0514180002501,0.12009739875793457,-4.976464509963989,False
50,new_init_new_dense,full,42,True,37618,987,38605,17292,38605,17.6494300365448,0.7854191064834595,0.12976393103599548,0.9972916841506958,89.12849426269531,1173.943928006338,0.2864265441894531,-4.690037965774536,False
51,new_init_new_dense,full,42,True,38605,1014,39619,17432,39619,17.80999183654785,0.7923123240470886,0.12261548638343811,0.9981901049613953,91.43686294555664,1236.7601550067775,0.16056180000305176,-4.529476165771484,False
52,new_init_new_dense,full,42,True,39619,981,40600,17361,40600,18.134931325912476,0.8100274801254272,0.10473085194826126,0.9989193081855774,95.67880630493164,1277.7059020008892,0.324939489364624,-4.20453667640686,False
53,new_init_new_dense,full,42,True,40600,1107,41707,17331,41707,18.343154191970825,0.8139144778251648,0.1383456140756607,0.999596357345581,98.81711006164551,1297.3376720037777,0.2082228660583496,-3.9963138103485107,False
54,new_init_new_dense,full,42,True,41707,1080,42787,17194,42787,18.780193328857422,0.8373462557792664,0.11559759825468063,0.9998828172683716,101.03702545166016,1379.6829159982735,0.4370391368865967,-3.559274673461914,False
55,new_init_new_dense,full,42,True,42787,1119,43906,17030,43906,19.67237949371338,0.8672444224357605,0.1076836958527565,0.9999739527702332,96.90642356872559,1366.4736799983075,0.892186164855957,-2.667088508605957,False
56,new_init_new_dense,full,42,True,43906,1147,45053,16938,45053,20.23057460784912,0.8853178024291992,0.11190706491470337,1.0,101.86076164245605,1388.3307060023071,0.5581951141357422,-2.108893394470215,False
57,new_init_new_dense,full,42,True,45053,1211,46264,16894,46264,20.134432315826416,0.8874344825744629,0.11510845273733139,1.0,101.89414024353027,1407.5577670009807,-0.09614229202270508,-2.20503568649292,False
58,new_init_new_dense,full,42,True,46264,1247,47511,16848,47511,20.0699520111084,0.8866697549819946,0.10778315365314484,1.0,104.37536239624023,1450.0672220019624,-0.06448030471801758,-2.2695159912109375,False
59,new_init_new_dense,full,42,True,47511,1276,48787,16777,48787,19.78512406349182,0.8793473243713379,0.11367766559123993,1.0,106.3222885131836,1490.095019005821,-0.28482794761657715,-2.5543439388275146,False
60,new_init_new_dense,full,42,True,48787,1264,50051,16782,50051,20.792460441589355,0.9051535129547119,0.09869629889726639,1.0,109.47751998901367,1503.7860040029045,1.0073363780975342,-1.5470075607299805,False
61,new_init_new_dense,full,42,True,50051,1276,51327,16679,51327,21.452021598815918,0.9199392199516296,0.09632589668035507,1.0,112.12158203125,1582.7570120018208,0.6595611572265625,-0.887446403503418,False
62,new_init_new_dense,full,42,True,51327,1319,52646,16380,52646,21.54428720474243,0.9217057228088379,0.10313374549150467,1.0,114.28093910217285,1518.4224659897154,0.09226560592651367,-0.7951807975769043,False
63,new_init_new_dense,full,42,True,52646,1357,54003,16250,54003,21.689975261688232,0.9224663972854614,0.10045910626649857,0.999987006187439,119.9502944946289,1629.8632039979566,0.14568805694580078,-0.6494927406311035,False
64,new_init_new_dense,full,42,True,54003,1335,55338,16228,55338,22.35926866531372,0.9364515542984009,0.09217283874750137,1.0,118.58630180358887,1649.167266994482,0.6692934036254883,0.019800662994384766,False
65,new_init_new_dense,full,42,True,55338,1341,56679,16247,56679,21.81419610977173,0.9329404234886169,0.09682495146989822,1.0,121.98686599731445,1712.3725929995999,-0.5450725555419922,-0.5252718925476074,False
66,new_init_new_dense,full,42,True,56679,1352,58031,16178,58031,21.035265922546387,0.924242377281189,0.09097885340452194,1.0,123.02350997924805,1776.365112993517,-0.7789301872253418,-1.3042020797729492,False
67,new_init_new_dense,full,42,True,58031,1329,59360,16025,59360,20.626258850097656,0.9213992953300476,0.09119530022144318,1.0,125.26535987854004,1802.087025003857,-0.40900707244873047,-1.7132091522216797,False
68,new_init_new_dense,full,42,True,59360,1346,60706,15862,60706,19.679253101348877,0.9184831380844116,0.0889299139380455,1.0,128.22198867797852,1818.5208810027689,-0.9470057487487793,-2.660214900970459,False
69,new_init_new_dense,full,42,True,60706,1365,62071,15603,62071,18.663839101791382,0.9016895294189453,0.09208779036998749,1.0,131.31117820739746,1785.6008039962035,-1.0154139995574951,-3.675628900527954,False
70,new_init_new_dense,full,42,True,62071,1363,63434,15314,63434,17.773770093917847,0.8845610618591309,0.08997654169797897,1.0,132.16471672058105,1899.7738019970711,-0.8900690078735352,-4.565697908401489,False
71,new_init_new_dense,full,42,True,63434,1386,64820,15058,64820,16.814931631088257,0.8649839162826538,0.09564005583524704,1.0,133.7423324584961,1854.3668100028299,-0.9588384628295898,-5.524536371231079,False
72,new_init_new_dense,full,42,True,64820,1385,66205,14921,66205,16.537203788757324,0.8615207672119141,0.09688177704811096,1.0,135.8320713043213,1886.2537840032019,-0.2777278423309326,-5.802264213562012,False
73,new_init_new_dense,full,42,True,66205,1364,67569,14630,67569,17.698373794555664,0.8746054172515869,0.08921126276254654,1.0,140.49363136291504,1952.8643770026974,1.1611700057983398,-4.641094207763672,False
74,new_init_new_dense,full,42,True,67569,1366,68935,14509,68935,18.00939679145813,0.8815462589263916,0.0911603569984436,1.0,148.38075637817383,2064.6421760029625,0.3110229969024658,-4.330071210861206,False
75,new_init_new_dense,full,42,True,68935,1357,70292,14404,70292,18.83471965789795,0.900688648223877,0.09188614785671234,1.0,145.4935073852539,2075.614093002514,0.8253228664398193,-3.5047483444213867,False
76,new_init_new_dense,full,42,True,70292,1350,71642,14299,71642,20.045104026794434,0.9238807559013367,0.07643800228834152,1.0,150.5429744720459,2138.131446990883,1.2103843688964844,-2.2943639755249023,False
77,new_init_new_dense,full,42,True,71642,1360,73002,14397,73002,20.9613299369812,0.9376186728477478,0.0796697661280632,1.0,144.5634365081787,2065.385312991566,0.9162259101867676,-1.3781380653381348,False
78,new_init_new_dense,full,42,True,73002,1348,74350,14484,74350,21.744446754455566,0.947209358215332,0.07736586034297943,1.0,153.71036529541016,2173.234654997941,0.7831168174743652,-0.5950212478637695,False
79,new_init_new_dense,full,42,True,74350,1340,75690,14379,75690,22.229957580566406,0.9522740840911865,0.07149241119623184,1.0,155.9741497039795,2204.110945996945,0.48551082611083984,-0.10951042175292969,False
80,new_init_new_dense,full,42,True,75690,1336,77026,14281,77026,22.34039545059204,0.9530287981033325,0.0708204135298729,1.0,158.4603786468506,2219.3386250000913,0.11043787002563477,0.0009274482727050781,False
81,new_init_new_dense,full,42,True,77026,1325,78351,14224,78351,22.49173879623413,0.9538571834564209,0.07269839197397232,1.0,157.6087474822998,2260.8465170051204,0.15134334564208984,0.15227079391479492,False
82,new_init_new_dense,full,42,True,78351,1294,79645,14181,79645,22.309975624084473,0.9522894620895386,0.06950487196445465,1.0,161.41629219055176,2341.7220570117934,-0.1817631721496582,-0.02949237823486328,False
83,new_init_new_dense,full,42,True,79645,1326,80971,13982,80971,21.304705142974854,0.9421831369400024,0.0722728967666626,1.0,169.50225830078125,2343.500871997094,-1.0052704811096191,-1.0347628593444824,False
84,new_init_new_dense,full,42,True,80971,1298,82269,13748,82269,21.32105827331543,0.9405779242515564,0.06651686131954193,1.0,168.08438301086426,2385.7263039972167,0.016353130340576172,-1.0184097290039062,False
85,new_init_new_dense,full,42,True,82269,1319,83588,13610,83588,21.04935884475708,0.9373025298118591,0.06993405520915985,1.0,170.17793655395508,2444.296898000175,-0.2716994285583496,-1.2901091575622559,False
86,new_init_new_dense,full,42,True,83588,1286,84874,13402,84874,21.66355848312378,0.9448356628417969,0.07046855986118317,1.0,168.6379909515381,2426.6481639933772,0.6141996383666992,-0.6759095191955566,False
87,new_init_new_dense,full,42,True,84874,1306,86180,13235,86180,21.7661190032959,0.9461709856987,0.06649881601333618,1.0,180.62853813171387,2498.45714699768,0.10256052017211914,-0.5733489990234375,False
88,new_init_new_dense,full,42,True,86180,1333,87513,13258,87513,21.638460159301758,0.9456604719161987,0.0663626492023468,1.0,179.79812622070312,2583.6939600121696,-0.12765884399414062,-0.7010078430175781,False
89,new_init_new_dense,full,42,True,87513,1360,88873,13261,88873,21.489953994750977,0.944273829460144,0.07942148298025131,1.0,183.20775032043457,2591.425798003911,-0.14850616455078125,-0.8495140075683594,False
90,new_init_new_dense,full,42,True,88873,1343,90216,13323,90216,21.823742389678955,0.9473209381103516,0.07250742614269257,1.0,182.5110912322998,2612.865198010695,0.3337883949279785,-0.5157256126403809,False
91,new_init_new_dense,full,42,True,90216,1306,91522,13254,91522,21.803629398345947,0.9477895498275757,0.06909088045358658,1.0,184.59033966064453,2640.9874169912655,-0.020112991333007812,-0.5358386039733887,False
92,new_init_new_dense,full,42,True,91522,1290,92812,13299,92812,22.752745151519775,0.9562563896179199,0.068282350897789,1.0,181.1525821685791,2702.1067369933007,0.9491157531738281,0.41327714920043945,False
93,new_init_new_dense,full,42,True,92812,1329,94141,13329,94141,23.03081750869751,0.9584596157073975,0.07135990262031555,1.0,188.1113052368164,2699.2611159948865,0.2780723571777344,0.6913495063781738,False
94,new_init_new_dense,full,42,True,94141,1366,95507,13473,95507,22.837133407592773,0.9577292203903198,0.07404522597789764,1.0,187.03556060791016,2721.2824909947813,-0.19368410110473633,0.4976654052734375,False
95,new_init_new_dense,full,42,True,95507,1343,96850,13499,96850,21.811575889587402,0.9477726817131042,0.07190986722707748,1.0,188.53425979614258,2772.688441007631,-1.025557518005371,-0.5278921127319336,False
96,new_init_new_dense,full,42,True,96850,1343,98193,13572,98193,23.377995491027832,0.9625848531723022,0.06398487091064453,1.0,195.3108310699463,2843.369422000251,1.5664196014404297,1.038527488708496,False
97,new_init_new_dense,full,42,True,98193,1317,99510,13755,99510,24.419291019439697,0.9700419902801514,0.05744379386305809,1.0,192.72804260253906,2932.995908005978,1.0412955284118652,2.0798230171203613,False
98,new_init_new_dense,full,42,True,99510,1346,100856,13864,100856,23.355002403259277,0.9628976583480835,0.05959419533610344,1.0,194.78893280029297,2960.8148999977857,-1.06428861618042,1.0155344009399414,False
99,new_init_new_dense,full,42,True,100856,1349,102205,14049,102205,24.80393409729004,0.9719146490097046,0.07622699439525604,1.0,203.6912441253662,2905.9181539923884,1.4489316940307617,2.464466094970703,False
100,new_init_new_dense,full,42,True,102205,0,86934,14159,103566,24.854154586791992,0.9730286598205566,0.062019918113946915,1.0,198.35424423217773,2962.0320800022455,0.050220489501953125,2.5146865844726562,False
101,new_init_new_dense,full,42,True,86934,1363,88297,14215,88297,24.8014497756958,0.9728182554244995,0.06160931661725044,1.0,175.37331581115723,2573.917531990446,-0.052704811096191406,2.461981773376465,False
102,new_init_new_dense,full,42,True,88297,1342,89639,14483,89639,23.57841730117798,0.9653620719909668,0.06276163458824158,1.0,177.60062217712402,2571.2594439974055,-1.2230324745178223,1.2389492988586426,False
103,new_init_new_dense,full,42,True,89639,1379,91018,14575,91018,23.387184143066406,0.9649832248687744,0.0645284503698349,1.0,178.1613826751709,2611.5617159957765,-0.19123315811157227,1.0477161407470703,False
104,new_init_new_dense,full,42,True,91018,1355,92373,14696,92373,21.123473644256592,0.9405733942985535,0.06701235473155975,1.0,188.10272216796875,2674.8276979924412,-2.2637104988098145,-1.2159943580627441,False
105,new_init_new_dense,full,42,True,92373,1301,93674,14849,93674,20.95853328704834,0.9368358850479126,0.07541421055793762,1.0,184.45897102355957,2702.631088992348,-0.16494035720825195,-1.380934715270996,False
106,new_init_new_dense,full,42,True,93674,1299,94973,14699,94973,21.102008819580078,0.9392327070236206,0.07184602320194244,1.0,187.78443336486816,2747.8770870075095,0.14347553253173828,-1.2374591827392578,False
107,new_init_new_dense,full,42,True,94973,1328,96301,14482,96301,21.428468227386475,0.9429571032524109,0.07692351192235947,1.0,190.7045841217041,2772.8706689958926,0.3264594078063965,-0.9109997749328613,False
108,new_init_new_dense,full,42,True,96301,1285,97586,14147,97586,21.4564847946167,0.9431395530700684,0.07590543478727341,1.0,194.13089752197266,2819.4227479980327,0.02801656723022461,-0.8829832077026367,False
109,new_init_new_dense,full,42,True,97586,1296,98882,14057,98882,21.026318073272705,0.9386110305786133,0.06666051596403122,1.0,200.24466514587402,2935.4017739970004,-0.43016672134399414,-1.3131499290466309,False
110,new_init_new_dense,full,42,True,98882,1305,100187,13954,100187,21.814253330230713,0.9478263258934021,0.06779711693525314,1.0,194.42272186279297,2908.338918001391,0.7879352569580078,-0.525214672088623,False
111,new_init_new_dense,full,42,True,100187,1252,101439,13753,101439,21.363952159881592,0.9393975138664246,0.06575886160135269,1.0,199.4025707244873,2933.9828320080414,-0.4503011703491211,-0.9755158424377441,False
112,new_init_new_dense,full,42,True,101439,1283,102722,13709,102722,20.46093463897705,0.9276554584503174,0.08268271386623383,1.0,202.60310173034668,2944.62417800969,-0.903017520904541,-1.8785333633422852,False
113,new_init_new_dense,full,42,True,102722,1304,104026,13561,104026,20.609352588653564,0.9317194223403931,0.07758999615907669,1.0,205.4750919342041,3008.3118040056434,0.14841794967651367,-1.7301154136657715,False
114,new_init_new_dense,full,42,True,104026,1295,105321,13410,105321,20.759766101837158,0.9299545288085938,0.079316146671772,1.0,201.09081268310547,3137.8224289946957,0.15041351318359375,-1.5797019004821777,False
115,new_init_new_dense,full,42,True,105321,1305,106626,13347,106626,21.384127140045166,0.9384282827377319,0.08580394089221954,1.0,206.70342445373535,3120.1279219967546,0.6243610382080078,-0.9553408622741699,False
116,new_init_new_dense,full,42,True,106626,1222,107848,13284,107848,21.763882637023926,0.9425156116485596,0.06302927434444427,1.0,205.63936233520508,3084.882600000128,0.37975549697875977,-0.5755853652954102,False
117,new_init_new_dense,full,42,True,107848,1242,109090,13400,109090,22.40825653076172,0.9499161243438721,0.06693747639656067,1.0,208.51969718933105,3143.5394430009183,0.644373893737793,0.06878852844238281,False
118,new_init_new_dense,full,42,True,109090,1304,110394,13603,110394,21.6329026222229,0.9435047507286072,0.07774513214826584,1.0,212.93163299560547,3163.279947999399,-0.7753539085388184,-0.7065653800964355,False
119,new_init_new_dense,full,42,True,110394,1314,111708,13616,111708,21.220946311950684,0.9399914145469666,0.07365859299898148,1.0,217.31257438659668,3191.708768004901,-0.4119563102722168,-1.1185216903686523,False
120,new_init_new_dense,full,42,True,111708,1339,113047,13521,113047,19.98730182647705,0.92289799451828,0.09059654176235199,1.0,217.59271621704102,3251.865861006081,-1.2336444854736328,-2.352166175842285,False
121,new_init_new_dense,full,42,True,113047,1283,114330,13430,114330,21.26640558242798,0.9401593208312988,0.07657530903816223,1.0,214.13326263427734,3413.009752999642,1.2791037559509277,-1.0730624198913574,False
122,new_init_new_dense,full,42,True,114330,1262,115592,13390,115592,22.187275886535645,0.950356125831604,0.07805974781513214,1.0,221.86636924743652,3262.734524992993,0.920870304107666,-0.1521921157836914,False
123,new_init_new_dense,full,42,True,115592,1268,116860,13370,116860,22.37163782119751,0.9530361890792847,0.06933135539293289,1.0,223.1898307800293,3414.6111699956236,0.18436193466186523,0.03216981887817383,False
124,new_init_new_dense,full,42,True,116860,1278,118138,13568,118138,22.85351276397705,0.9580658674240112,0.0734650045633316,1.0,222.15652465820312,3341.980623998097,0.481874942779541,0.5140447616577148,False
125,new_init_new_dense,full,42,True,118138,1263,119401,13711,119401,22.966063022613525,0.9599126577377319,0.07020796090364456,1.0,230.8371067047119,3445.4185320064425,0.11255025863647461,0.6265950202941895,False
126,new_init_new_dense,full,42,True,119401,1323,120724,13684,120724,21.525216102600098,0.9482592940330505,0.0715489536523819,1.0,228.1208038330078,3470.151335990522,-1.4408469200134277,-0.8142518997192383,False
127,new_init_new_dense,full,42,True,120724,1303,122027,13650,122027,21.947720050811768,0.9485055208206177,0.07808508723974228,1.0,233.63733291625977,3530.8894670015434,0.4225039482116699,-0.39174795150756836,False
128,new_init_new_dense,full,42,True,122027,1304,123331,13585,123331,21.7667818069458,0.9483077526092529,0.07779239118099213,1.0,232.65576362609863,3481.291484000394,-0.1809382438659668,-0.5726861953735352,False
129,new_init_new_dense,full,42,True,123331,1324,124655,13533,124655,21.243464946746826,0.942196249961853,0.08018964529037476,1.0,234.02047157287598,3606.4488039992284,-0.5233168601989746,-1.0960030555725098,False
130,new_init_new_dense,full,42,True,124655,1320,125975,13593,125975,22.759873867034912,0.9579839706420898,0.08392665535211563,1.0,241.79315567016602,3693.2317900063936,1.516408920288086,0.42040586471557617,False
131,new_init_new_dense,full,42,True,125975,1293,127268,13711,127268,23.735077381134033,0.9669399261474609,0.07077541202306747,1.0,241.15490913391113,3657.5263980048476,0.9752035140991211,1.3956093788146973,False
132,new_init_new_dense,full,42,True,127268,1330,128598,13798,128598,23.329062461853027,0.9628700613975525,0.06641612946987152,1.0,246.67954444885254,3786.698609008454,-0.40601491928100586,0.9895944595336914,False
133,new_init_new_dense,full,42,True,128598,1299,129897,13900,129897,23.34106683731079,0.9602826833724976,0.07140106707811356,1.0,240.38457870483398,3670.5850819998886,0.012004375457763672,1.001598834991455,False
134,new_init_new_dense,full,42,True,129897,1222,131119,13886,131119,24.28403377532959,0.9705001711845398,0.06661028414964676,1.0,242.8886890411377,3805.8823120081797,0.9429669380187988,1.944565773010254,False
135,new_init_new_dense,full,42,True,131119,1311,132430,14034,132430,24.601130485534668,0.9736665487289429,0.06918253004550934,1.0,246.38128280639648,3786.768730991753,0.3170967102050781,2.261662483215332,False
136,new_init_new_dense,full,42,True,132430,1277,133707,14169,133707,23.86895179748535,0.9697524905204773,0.06427907943725586,1.0,247.10988998413086,3801.712870001211,-0.7321786880493164,1.5294837951660156,False
137,new_init_new_dense,full,42,True,133707,1349,135056,14458,135056,21.768901348114014,0.9546436667442322,0.07459326088428497,1.0,256.2525272369385,3865.3690200007986,-2.100050449371338,-0.5705666542053223,False
138,new_init_new_dense,full,42,True,135056,1341,136397,14604,136397,19.91395115852356,0.9292186498641968,0.07967466861009598,1.0,250.50640106201172,3954.8592250066577,-1.854950189590454,-2.4255168437957764,False
139,new_init_new_dense,full,42,True,136397,1345,137742,14576,137742,19.5418918132782,0.9208051562309265,0.08746998012065887,1.0,257.962703704834,3914.6323850000044,-0.37205934524536133,-2.7975761890411377,False
140,new_init_new_dense,full,42,True,137742,1310,139052,14383,139052,20.155205726623535,0.9305197596549988,0.08245611190795898,1.0,261.89160346984863,3985.1022160000866,0.6133139133453369,-2.184262275695801,False
141,new_init_new_dense,full,42,True,139052,1337,140389,14160,140389,20.721287727355957,0.9391967058181763,0.08897671103477478,1.0,255.4788589477539,4095.847415999742,0.5660820007324219,-1.618180274963379,False
142,new_init_new_dense,full,42,True,140389,1352,141741,14035,141741,21.48261785507202,0.9497898817062378,0.08131672441959381,1.0,265.33031463623047,4082.4024059984367,0.7613301277160645,-0.8568501472473145,False
143,new_init_new_dense,full,42,True,141741,1319,143060,14100,143060,21.44376516342163,0.9491433501243591,0.07307581603527069,1.0,258.913516998291,4095.383509993553,-0.038852691650390625,-0.8957028388977051,False
144,new_init_new_dense,full,42,True,143060,1387,144447,14051,144447,20.700743198394775,0.9429293870925903,0.09539666026830673,1.0,264.27531242370605,4207.43704198685,-0.7430219650268555,-1.6387248039245605,False
145,new_init_new_dense,full,42,True,144447,1393,145840,13778,145840,19.85849618911743,0.9308478236198425,0.09046602994203568,1.0,268.25761795043945,4207.297048007604,-0.8422470092773438,-2.4809718132019043,False
146,new_init_new_dense,full,42,True,145840,1402,147242,13542,147242,19.55463409423828,0.926034152507782,0.09524866193532944,1.0,275.00224113464355,4277.612271005637,-0.3038620948791504,-2.7848339080810547,False
147,new_init_new_dense,full,42,True,147242,1397,148639,13246,148639,19.626904726028442,0.9276248216629028,0.10373683273792267,1.0,275.13861656188965,4138.08281099773,0.07227063179016113,-2.7125632762908936,False
148,new_init_new_dense,full,42,True,148639,1256,149895,13047,149895,20.443949699401855,0.9390206336975098,0.10025876015424728,1.0,276.77154541015625,4276.939454008243,0.8170449733734131,-1.8955183029174805,False
149,new_init_new_dense,full,42,True,149895,95,149990,12968,149990,20.63960075378418,0.9421370029449463,0.10003914684057236,1.0,275.01749992370605,4222.732911002822,0.19565105438232422,-1.6998672485351562,False
150,new_init_new_dense,full,42,True,149990,10,150000,12708,150000,20.490601062774658,0.941514253616333,0.09506507962942123,1.0,270.7836627960205,4254.724528000224,-0.14899969100952148,-1.8488669395446777,False
