frame,psnr,ssim,lpips,depth_l1,n_gaussians,n_optimized,frame_time_ms,opt_time_ms,peak_vram_mb
1,25.965988636016846,0.7113763689994812,0.394811749458313,0.053760576993227005,14146,14146,66.88016400221386,45.52578926086426,78.50439453125
2,20.95581293106079,0.6745142936706543,0.41050031781196594,0.038390785455703735,14214,14214,59.799827002279926,45.8524227142334,78.58740234375
3,19.126192331314087,0.6462610960006714,0.44174468517303467,0.05977209657430649,14358,14358,60.0864879997971,45.87912559509277,78.7060546875
4,18.38834285736084,0.6321390867233276,0.47526368498802185,0.07125120609998703,14531,14531,59.78029499965487,44.97385025024414,78.85791015625
5,18.425127267837524,0.6361620426177979,0.5020361542701721,0.08583541214466095,14709,14709,60.9626629993727,45.71533203125,79.00048828125
6,19.112049341201782,0.6512815952301025,0.5103310346603394,0.07509003579616547,14856,14856,69.61786499959999,53.260087966918945,79.16552734375
7,20.074965953826904,0.6753815412521362,0.5100048184394836,0.07553860545158386,14989,14989,64.40352099889424,49.837350845336914,79.302734375
8,20.860493183135986,0.6925919055938721,0.49802449345588684,0.06627892702817917,15114,15114,74.8585789988283,47.68490791320801,79.4189453125
9,20.43649673461914,0.6822187304496765,0.4845329523086548,0.06979989260435104,15233,15233,87.11255299931508,58.50362777709961,79.5380859375
10,19.89391565322876,0.6721663475036621,0.511101245880127,0.07824581116437912,15368,15368,78.79933599906508,59.931039810180664,79.66162109375
11,19.363173246383667,0.6623324751853943,0.534927487373352,0.07514119148254395,15524,15524,74.17771399923367,50.36473274230957,79.78564453125
12,19.220269918441772,0.6599817276000977,0.5541666150093079,0.08469267189502716,15716,15716,76.24513199698413,51.169633865356445,79.9501953125
13,19.535093307495117,0.6658397912979126,0.5577694177627563,0.08880720287561417,15884,15884,74.72441100253491,51.377296447753906,80.12109375
14,19.305434226989746,0.6646405458450317,0.5468448996543884,0.08631710708141327,16062,16062,75.65703400177881,50.6899356842041,80.2783203125
15,18.936851024627686,0.6550488471984863,0.5512727499008179,0.09746848046779633,16246,16246,75.43703600094886,52.22463607788086,80.43359375
16,18.933743238449097,0.6522411108016968,0.5575279593467712,0.10854215174913406,16417,16417,68.0680850018689,49.19624328613281,80.60693359375
17,19.500049352645874,0.6673260927200317,0.5435750484466553,0.11784913390874863,16620,16620,64.4861500004481,50.17590522766113,80.78759765625
18,18.529857397079468,0.6489831209182739,0.53335040807724,0.12326012551784515,16843,16843,71.23892099843943,52.01077461242676,80.9921875
19,18.757662773132324,0.6570817232131958,0.5422195792198181,0.13607053458690643,17075,17075,78.03761200193549,55.70268630981445,81.21142578125
20,19.13901686668396,0.6679131984710693,0.5214280486106873,0.1310768574476242,17277,17277,99.88992199942004,62.174320220947266,81.38916015625
21,18.541009426116943,0.6512088775634766,0.5321093201637268,0.14096181094646454,17522,17522,81.99190400046064,53.49373817443848,81.60693359375
22,19.385169744491577,0.6830662488937378,0.5309574604034424,0.14790646731853485,17751,17751,69.3762169976253,54.64053153991699,81.8408203125
23,20.119080543518066,0.7065319418907166,0.5098419189453125,0.13737346231937408,17959,17959,86.93932999813114,61.681270599365234,82.0380859375
24,19.7089946269989,0.7198512554168701,0.5049138069152832,0.13046219944953918,18194,18194,67.63734799824306,53.34639549255371,82.26513671875
25,18.3393657207489,0.7131098508834839,0.5021320581436157,0.14897149801254272,18477,18477,69.58551500065369,52.39605903625488,82.52001953125
26,17.747795581817627,0.7089042067527771,0.534346342086792,0.15018752217292786,18769,18769,75.40161900033127,53.44867706298828,82.779296875
27,17.439593076705933,0.7100399732589722,0.5421801805496216,0.15799742937088013,19076,19076,73.24732999768457,54.64625358581543,83.07861328125
28,17.586441040039062,0.724496066570282,0.5572649836540222,0.15809909999370575,19388,19388,70.75515799806453,55.75847625732422,83.357421875
29,19.108511209487915,0.7700856924057007,0.5517193078994751,0.1364702731370926,19674,19674,86.2064510001801,54.532766342163086,83.6259765625
30,20.437684059143066,0.8013638854026794,0.5258228182792664,0.11927000433206558,19907,19907,73.16958400042495,56.8699836730957,83.85498046875
31,21.684117317199707,0.8285964727401733,0.4942331314086914,0.12030202895402908,20118,20118,73.1153019987687,57.87539482116699,84.05908203125
32,22.651922702789307,0.8451290130615234,0.467947781085968,0.1107122004032135,20295,20295,76.1274959986622,59.4935417175293,84.232421875
33,21.939923763275146,0.8377866744995117,0.463928759098053,0.10711692273616791,20460,20460,75.18910900034825,59.27753448486328,84.3720703125
34,23.47665309906006,0.8650149703025818,0.439907968044281,0.11065701395273209,20641,20641,76.15678499860223,58.65144729614258,84.54638671875
35,24.317426681518555,0.8788124918937683,0.4196426570415497,0.10554645955562592,20784,20784,89.91735599920503,59.74602699279785,84.6953125
36,23.526911735534668,0.8770266771316528,0.4080018699169159,0.10599960386753082,20920,20920,83.96006700058933,57.943105697631836,84.818359375
37,22.273151874542236,0.8706642389297485,0.40454691648483276,0.10104482620954514,21106,21106,81.6483970011177,60.30678749084473,84.9716796875
38,20.353245735168457,0.8399808406829834,0.43076425790786743,0.1062096655368805,21352,21352,79.97678399988217,58.991193771362305,85.18798828125
39,19.41024422645569,0.8087226748466492,0.4720059931278229,0.10418978333473206,21636,21636,76.5292279975256,60.01091003417969,85.4697265625
40,19.406731128692627,0.8085024356842041,0.46840253472328186,0.11038430780172348,21938,21938,76.83704100054456,60.32824516296387,85.7451171875
41,20.56504726409912,0.8441871404647827,0.4516623020172119,0.10390254110097885,22200,22200,76.64574600130436,59.51261520385742,85.98828125
42,21.257801055908203,0.858670711517334,0.4322434067726135,0.1103769838809967,22477,22477,83.78998999978648,59.49139595031738,86.2412109375
43,19.836888313293457,0.8340699076652527,0.44911548495292664,0.11041887104511261,22816,22816,85.83607699983986,61.00320816040039,86.54345703125
44,19.72963571548462,0.8383845090866089,0.4636850953102112,0.11293689906597137,23141,23141,86.1296620023495,68.26949119567871,86.85205078125
45,19.250856637954712,0.8323466181755066,0.48981213569641113,0.1377689093351364,23553,23553,83.90577799946186,60.5621337890625,87.267578125
46,19.194905757904053,0.8420418500900269,0.5051279067993164,0.12363635003566742,23976,23976,86.47190599731402,63.20643424987793,87.734375
47,18.98435354232788,0.8433129787445068,0.5146156549453735,0.11759603768587112,24414,24414,79.99536699935561,63.072919845581055,88.22509765625
48,18.47442626953125,0.8319050669670105,0.5297571420669556,0.11912548542022705,24867,24867,84.13495399872772,64.87488746643066,88.7421875
49,18.592145442962646,0.83416748046875,0.5403836965560913,0.12077032029628754,25345,25345,95.25718399891048,66.0257339477539,89.30810546875
50,18.812174797058105,0.8423334956169128,0.5345664024353027,0.12240719795227051,25832,25832,87.70731999902637,65.73653221130371,89.845703125
51,19.118854999542236,0.8507992625236511,0.5475860834121704,0.11528909206390381,26326,26326,84.25841300049797,67.28386878967285,90.40283203125
52,19.405596256256104,0.8621304035186768,0.5547823309898376,0.09874168783426285,26807,26807,87.91966100034188,68.70293617248535,90.9521484375
53,19.35361623764038,0.8601399660110474,0.5578978061676025,0.12659701704978943,27320,27320,89.41552100077388,70.8308219909668,91.53173828125
54,19.655518531799316,0.8739048838615417,0.5519855618476868,0.10777448862791061,27831,27831,86.57014600248658,68.46976280212402,92.11181640625
55,20.346100330352783,0.8930236101150513,0.5417817831039429,0.0985734611749649,28352,28352,90.34662299745833,71.4409351348877,92.70263671875
56,20.876827239990234,0.9057446718215942,0.5145883560180664,0.10008667409420013,28865,28865,87.71840400004294,70.25146484375,93.30322265625
57,20.594382286071777,0.902755618095398,0.5086879730224609,0.10250061750411987,29398,29398,91.77350600293721,71.58064842224121,94.595703125
58,20.241239070892334,0.8958844542503357,0.506816029548645,0.09931761026382446,29908,29908,91.82980500190752,71.80404663085938,96.1591796875
59,19.849907159805298,0.886881947517395,0.5172222256660461,0.09985064715147018,30446,30000,167.53431400138652,130.2168369293213,100.560546875
60,20.74845790863037,0.9071275591850281,0.49540168046951294,0.09101671725511551,30975,30000,156.36901600009878,130.68437576293945,100.560546875
61,21.307320594787598,0.9181538820266724,0.48191291093826294,0.09052420407533646,31486,30000,148.5549329991045,129.41360473632812,101.3984375
62,21.529877185821533,0.9221321940422058,0.4571012258529663,0.09133318811655045,31869,30000,148.4964459996263,129.27556037902832,101.3984375
63,21.47465467453003,0.9193781614303589,0.45964083075523376,0.0882285013794899,32269,30000,156.42398400086677,129.06455993652344,102.09716796875
64,22.06350088119507,0.9318296313285828,0.4622829854488373,0.08415111154317856,32702,30000,155.70399499847554,130.68246841430664,102.09716796875
65,21.899006366729736,0.9324624538421631,0.45526841282844543,0.08451654016971588,33163,30000,166.79832199952216,128.39818000793457,102.82470703125
66,21.44113779067993,0.9281272888183594,0.4712657034397125,0.08075031638145447,33587,30000,151.50409399939235,128.45587730407715,102.82470703125
67,21.149375438690186,0.9266898036003113,0.48427706956863403,0.08783850818872452,34006,30000,150.32999899995048,128.26085090637207,103.51953125
68,20.826756954193115,0.9278249740600586,0.4793383479118347,0.08578713238239288,34439,30000,151.6238969998085,131.30569458007812,103.51953125
69,20.013866424560547,0.9168416857719421,0.4778907299041748,0.08430983871221542,34870,30000,150.84375100195757,129.4724941253662,103.51953125
70,19.28175449371338,0.9079133868217468,0.5003032088279724,0.0850687101483345,35317,30000,148.8459430001967,129.95362281799316,103.51953125
71,18.38651180267334,0.8942177295684814,0.5125152468681335,0.09198925644159317,35746,30000,149.87200899849995,129.87709045410156,103.91650390625
72,18.114787340164185,0.8930782079696655,0.5220784544944763,0.09842957556247711,36173,30000,152.26692900250782,131.32834434509277,103.91650390625
73,18.80082607269287,0.9005206823348999,0.5145796537399292,0.08935854583978653,36602,30000,159.44384800241096,127.9146671295166,104.396484375
74,18.845726251602173,0.9019186496734619,0.5188265442848206,0.09355258196592331,37032,30000,160.85937100069714,131.50930404663086,104.96728515625
75,19.459673166275024,0.9137204885482788,0.5175769329071045,0.09356874227523804,37465,30000,151.36552100011613,129.36639785766602,105.31689453125
76,20.384984016418457,0.9292539358139038,0.4908521771430969,0.07848983258008957,37895,30000,149.15240399932372,129.4260025024414,105.68994140625
77,20.92259168624878,0.9372568130493164,0.47638383507728577,0.08411524444818497,38331,30000,150.52843899684376,128.9975643157959,106.033203125
78,21.433887481689453,0.9437922835350037,0.4731018543243408,0.0796223133802414,38759,30000,147.9781109992473,128.18169593811035,106.3798828125
79,21.630337238311768,0.9462437629699707,0.4673610329627991,0.074007049202919,39187,30000,151.54439599791658,130.25498390197754,106.7333984375
80,21.40554666519165,0.9431601762771606,0.46811363101005554,0.07806308567523956,39619,30000,154.93971899923054,130.64122200012207,107.08984375
81,21.41256332397461,0.9429864883422852,0.4623947739601135,0.07820764183998108,40049,30000,162.54561900132103,131.7586898803711,107.421875
82,21.310858726501465,0.9415408968925476,0.45483994483947754,0.07466773688793182,40476,30000,150.71999599967967,129.38547134399414,107.77685546875
83,20.250272750854492,0.9281214475631714,0.47345682978630066,0.07678639143705368,40898,30000,150.7227160000184,131.03675842285156,108.13037109375
84,20.383481979370117,0.9266201853752136,0.4815361499786377,0.07392551749944687,41312,30000,150.86587100086035,131.71815872192383,108.8310546875
85,20.213539600372314,0.9243382811546326,0.48811042308807373,0.07591981440782547,41745,30000,159.20911700231954,131.1168670654297,108.8310546875
86,20.526306629180908,0.9295405149459839,0.4872773289680481,0.07653838396072388,42172,30000,154.9297839992505,130.83195686340332,109.56591796875
87,20.597224235534668,0.931064248085022,0.48317790031433105,0.07326621562242508,42595,30000,154.7182239992253,132.12919235229492,109.56591796875
88,20.505316257476807,0.9309549331665039,0.48602229356765747,0.07197761535644531,43013,30000,148.59343400166836,129.8670768737793,110.2890625
89,20.41656255722046,0.9308915138244629,0.48783078789711,0.08297037333250046,43455,30000,153.25148600095417,129.00900840759277,110.6474609375
90,20.52734613418579,0.932293176651001,0.48660388588905334,0.07689601927995682,43883,30000,148.555949999718,128.13401222229004,110.6474609375
91,20.37808656692505,0.9309321641921997,0.49689236283302307,0.07247806340456009,44318,30000,148.72102300068946,128.40843200683594,111.42529296875
92,20.85993766784668,0.9373929500579834,0.49029481410980225,0.0751037746667862,44747,30000,151.75809300126275,129.7304630279541,112.23779296875
93,21.032583713531494,0.9396778345108032,0.46893632411956787,0.0812167227268219,45180,30000,152.97993300191592,133.99314880371094,112.23779296875
94,20.878148078918457,0.938276469707489,0.4721778333187103,0.08119794726371765,45611,30000,150.84815999944112,130.53560256958008,112.57568359375
95,20.354981422424316,0.929869532585144,0.4719226360321045,0.08198796212673187,46046,30000,170.5986769993615,130.751371383667,112.57568359375
96,21.02694272994995,0.9408838152885437,0.46159231662750244,0.07380879670381546,46486,30000,151.93900400117855,129.30536270141602,112.755859375
97,21.380009651184082,0.9452971816062927,0.45307502150535583,0.0682998076081276,46907,30000,152.8631539986236,130.218505859375,113.61328125
98,21.052558422088623,0.9413804411888123,0.44805505871772766,0.06672637164592743,47342,30000,151.54849700047635,131.24704360961914,113.61328125
99,21.527552604675293,0.9467784762382507,0.44064539670944214,0.0874757319688797,47776,30000,154.2922250009724,129.25195693969727,113.73681640625
100,21.53327703475952,0.9474942088127136,0.4248858094215393,0.07112568616867065,46258,30000,155.0383169997076,129.41956520080566,115.2783203125
101,21.51663303375244,0.9469684362411499,0.4226475954055786,0.07116034626960754,46693,30000,150.4607569986547,129.1637420654297,115.2783203125
102,21.155006885528564,0.9429225921630859,0.4253218472003937,0.07210340350866318,47125,30000,151.04741400136845,129.71043586730957,115.2783203125
103,20.912480354309082,0.9407010078430176,0.40511050820350647,0.07471157610416412,47557,30000,148.5433589987224,128.2944679260254,115.2783203125
104,19.432547092437744,0.9152415990829468,0.4486199915409088,0.07588779926300049,47979,30000,157.92178199990303,132.43627548217773,115.2783203125
105,19.218239784240723,0.909545361995697,0.4612554907798767,0.08533988147974014,48394,30000,169.47664699910092,130.68079948425293,115.2783203125
106,19.302804470062256,0.9115254282951355,0.4821626842021942,0.07908724248409271,48827,30000,156.16588400007458,130.89275360107422,115.2783203125
107,19.4881808757782,0.9142662286758423,0.4821723997592926,0.0857563316822052,49250,30000,174.17322500114096,132.9047679901123,115.2783203125
108,19.85398530960083,0.918793797492981,0.48049962520599365,0.08227842301130295,49659,30000,150.63154100062093,129.79793548583984,115.46044921875
109,19.547834396362305,0.9144670367240906,0.491542249917984,0.07455223798751831,50082,30000,151.0702150008001,128.94558906555176,115.46044921875
110,19.91982936859131,0.9198502898216248,0.4856056571006775,0.0738314688205719,50508,30000,150.6244890006201,128.1907558441162,116.18603515625
111,19.858766794204712,0.9168776273727417,0.47283855080604553,0.07620720565319061,50919,30000,148.4921100018255,128.16262245178223,116.18603515625
112,19.22052502632141,0.9054962992668152,0.5045434832572937,0.0898004099726677,51344,30000,154.378611001448,130.04374504089355,116.8935546875
113,19.203333854675293,0.9074327349662781,0.5080606341362,0.08296146243810654,51777,30000,152.15760099818,130.73205947875977,116.8935546875
114,19.22409415245056,0.9048901796340942,0.5038547515869141,0.08900343626737595,52206,30000,153.36906500306213,128.6032199859619,116.8935546875
115,19.472968578338623,0.9098838567733765,0.49698376655578613,0.09539331495761871,52622,30000,161.44790099860984,129.1496753692627,117.05615234375
116,19.576523303985596,0.9142507314682007,0.49117517471313477,0.0734887421131134,53034,30000,154.54687300007208,129.01735305786133,117.1748046875
117,19.903301000595093,0.9204192161560059,0.48890671133995056,0.07706683874130249,53448,30000,165.3683570002613,131.32214546203613,117.712890625
118,19.46041464805603,0.9122316837310791,0.49605217576026917,0.08716987073421478,53875,30000,150.38973099944997,129.80294227600098,118.26806640625
119,19.198085069656372,0.9098407626152039,0.491290807723999,0.08142288774251938,54296,30000,153.3914100000402,127.23541259765625,118.38916015625
120,18.514866828918457,0.8954932689666748,0.5180007219314575,0.09629488736391068,54734,30000,154.53519299990148,131.67381286621094,118.74462890625
121,19.15588617324829,0.9037289619445801,0.5203570127487183,0.08977857232093811,55151,30000,151.9717289993423,127.19321250915527,119.2763671875
122,19.542925357818604,0.9120560884475708,0.5102468132972717,0.08900816738605499,55572,30000,150.17389899730915,129.58478927612305,119.41162109375
123,19.55486297607422,0.9131841659545898,0.5115677714347839,0.08243140578269958,55984,30000,152.02478599894675,128.14950942993164,119.59716796875
124,19.775384664535522,0.9175823926925659,0.5118620991706848,0.08668284118175507,56413,30000,156.59122199940612,128.91030311584473,120.08349609375
125,19.81155514717102,0.9187919497489929,0.4995826482772827,0.08384871482849121,56837,30000,153.97336699970765,128.75866889953613,120.43212890625
126,19.175662994384766,0.9062442779541016,0.5162791013717651,0.08586262911558151,57265,30000,153.56128599887597,129.1968822479248,120.77783203125
127,19.14476752281189,0.9029825925827026,0.5153722763061523,0.09346676617860794,57686,30000,168.97737800172763,136.98458671569824,121.10498046875
128,18.932312726974487,0.8962662220001221,0.5153272747993469,0.08829992264509201,58098,30000,149.58787800060236,128.62896919250488,121.10498046875
129,18.663783073425293,0.8910915851593018,0.5269240736961365,0.09500182420015335,58512,30000,150.77698500317638,128.30710411071777,121.77490234375
130,19.267045259475708,0.9079763293266296,0.5238844156265259,0.10201846063137054,58946,30000,152.53283999845735,130.1593780517578,121.77490234375
131,19.54472303390503,0.9160761833190918,0.5082769393920898,0.08610548824071884,59371,30000,149.44203999766614,128.83853912353516,122.439453125
132,19.422616958618164,0.9126257300376892,0.5106842517852783,0.08475067466497421,59808,30000,155.36760100076208,129.20856475830078,122.63037109375
133,19.38114643096924,0.9121512770652771,0.5108843445777893,0.09125961363315582,60229,30000,151.39452500079642,127.63214111328125,123.14208984375
134,19.676798582077026,0.9204492568969727,0.5006797313690186,0.08580806106328964,60649,30000,152.78125799886766,129.66322898864746,123.3291015625
135,19.904109239578247,0.9258997440338135,0.4779016971588135,0.0879911482334137,61081,30000,158.80994299732265,133.47697257995605,123.8154296875
136,19.654617309570312,0.92304527759552,0.480988085269928,0.08201914280653,61514,30000,164.55472700181417,140.14267921447754,124.10009765625
137,18.97590398788452,0.9059283137321472,0.48326680064201355,0.09636007994413376,61947,30000,165.88140200110502,139.65702056884766,124.4912109375
138,18.095234632492065,0.8841723203659058,0.5091726779937744,0.09749402105808258,62366,30000,166.31654699813225,134.2310905456543,124.765625
139,17.68323540687561,0.8774694204330444,0.525702178478241,0.10424423217773438,62800,30000,180.39276200215681,144.94824409484863,125.193359375
140,17.88354992866516,0.8836039900779724,0.5325409770011902,0.09884528070688248,63211,30000,165.54714299854822,140.0446891784668,125.47021484375
141,17.955957651138306,0.886075496673584,0.5373938083648682,0.10775048285722733,63654,30000,162.89870100081316,137.06707954406738,125.86767578125
142,18.26631188392639,0.895196795463562,0.5327227115631104,0.0980026125907898,64078,30000,164.24693099907017,136.36493682861328,126.19970703125
143,18.03490400314331,0.8833835124969482,0.5288981199264526,0.0904855951666832,64505,30000,169.01346899976488,137.97760009765625,128.48291015625
144,17.081544399261475,0.8504061698913574,0.5525441765785217,0.10871583223342896,64926,30000,161.03478799777804,135.95318794250488,128.48291015625
145,17.4615216255188,0.8706337213516235,0.5378789901733398,0.10475719720125198,65338,30000,159.84174000186613,136.47174835205078,129.08544921875
146,16.73213243484497,0.840476393699646,0.5639839768409729,0.11151880025863647,65760,30000,187.16742700053146,154.85334396362305,129.08544921875
147,16.936720609664917,0.8501467704772949,0.5793456435203552,0.11363352835178375,66186,30000,166.44674000053783,138.37051391601562,129.6611328125
148,17.119303941726685,0.8580788969993591,0.5686386823654175,0.11733478307723999,66599,30000,165.48615000283462,136.07478141784668,129.6611328125
149,17.197152376174927,0.8604933619499207,0.5692424774169922,0.11701130121946335,67018,30000,163.53742399951443,137.11309432983398,131.19921875
150,17.2575044631958,0.8623479604721069,0.5696706771850586,0.1087174341082573,67445,30000,167.0793869998306,137.3615264892578,131.19921875
151,17.01117515563965,0.8558558821678162,0.5699723958969116,0.12903058528900146,67856,30000,163.36525100268773,138.14663887023926,132.05322265625
152,17.269798517227173,0.8659275770187378,0.5842033624649048,0.11975260078907013,68275,30000,166.22413200093433,135.77532768249512,132.9892578125
153,17.790088653564453,0.8798572421073914,0.5688901543617249,0.12145045399665833,68691,30000,173.3139999996638,137.74538040161133,132.9892578125
154,17.963556051254272,0.8843380212783813,0.5700078010559082,0.12302129715681076,69116,30000,166.39089199816226,141.78848266601562,132.9892578125
155,18.060543537139893,0.8869702816009521,0.5622827410697937,0.12321148812770844,69533,30000,160.80568699908326,133.8508129119873,132.9892578125
156,17.412493228912354,0.8737200498580933,0.5809056758880615,0.13333921134471893,69936,30000,161.84082900144858,135.39481163024902,132.9892578125
157,17.12376117706299,0.8661982417106628,0.5844130516052246,0.13738636672496796,70338,30000,160.35775099953753,134.65046882629395,132.9892578125
158,17.234745025634766,0.8713372945785522,0.6005707383155823,0.1429515779018402,70751,30000,164.06212100264383,137.46190071105957,132.9892578125
159,17.390989065170288,0.8768351078033447,0.5974466800689697,0.1457374095916748,71160,30000,181.17481499939458,143.36752891540527,132.9892578125
160,17.72322416305542,0.8854336738586426,0.6043497323989868,0.14458702504634857,71564,30000,164.53555199768743,137.43281364440918,134.0185546875
161,17.926722764968872,0.8911665678024292,0.6020120978355408,0.1407223492860794,71966,30000,159.75187499861931,134.2763900756836,134.0185546875
162,17.133883237838745,0.8704618215560913,0.6126144528388977,0.15123261511325836,72368,30000,163.66163599741412,140.02609252929688,135.525390625
163,17.014816999435425,0.8661224246025085,0.6072835922241211,0.15517523884773254,72767,30000,164.79655999864917,138.8707160949707,135.525390625
164,16.715755462646484,0.8510486483573914,0.6214169263839722,0.16664618253707886,73162,30000,158.27042299861205,134.0348720550537,136.0595703125
165,16.862902641296387,0.8580687046051025,0.6341441869735718,0.16512395441532135,73543,30000,160.49378999741748,134.69672203063965,136.25048828125
166,17.26808190345764,0.8724879026412964,0.6260570883750916,0.16044622659683228,73924,30000,160.89435300091282,135.68377494812012,136.65234375
167,17.959072589874268,0.8906508684158325,0.5920447111129761,0.1610250473022461,74307,30000,161.66873600013787,136.6403102874756,136.7255859375
168,17.848345041275024,0.8886030912399292,0.5910802483558655,0.15421459078788757,74684,30000,164.21388600065256,136.0948085784912,137.25390625
169,17.816601991653442,0.8841623663902283,0.5994551181793213,0.14810717105865479,75058,30000,161.14929499963182,137.09092140197754,138.7421875
170,17.60546565055847,0.8778997659683228,0.5960437059402466,0.15433858335018158,75421,30000,160.01702500216197,134.81855392456055,138.7421875
171,17.701531648635864,0.8791884183883667,0.5883896946907043,0.14577855169773102,75772,30000,165.11679999894113,138.75699043273926,138.7421875
172,17.887585163116455,0.8865277767181396,0.5790970921516418,0.1482641100883484,76119,30000,164.00927100039553,134.7966194152832,138.7421875
173,17.965255975723267,0.8894209265708923,0.569739580154419,0.1388893574476242,76472,30000,161.56826900260057,136.66439056396484,139.087890625
174,18.092774152755737,0.895687460899353,0.5669885873794556,0.13038161396980286,76820,30000,157.03208800186985,133.15248489379883,139.45166015625
175,18.095849752426147,0.8971408605575562,0.5643150210380554,0.12817706167697906,77171,30000,152.13315099754254,123.05164337158203,139.45166015625
176,18.076809644699097,0.8971744775772095,0.5619199872016907,0.14005497097969055,77517,30000,154.1261630009103,125.86688995361328,139.72314453125
177,17.662346363067627,0.8875257968902588,0.5664819478988647,0.14292564988136292,77859,30000,158.31459699984407,133.12625885009766,140.0849609375
178,17.77092933654785,0.8885130286216736,0.5735337138175964,0.14186103641986847,78197,30000,154.0870239987271,130.5556297302246,141.39892578125
179,17.92291522026062,0.8924035429954529,0.5829734206199646,0.1518794745206833,78536,30000,146.1532730027102,122.30873107910156,141.39892578125
180,18.28121781349182,0.9009529948234558,0.5764693021774292,0.1470203846693039,78874,30000,145.4032260007807,122.45488166809082,141.39892578125
181,18.095141649246216,0.8971753120422363,0.572414219379425,0.14054276049137115,79209,30000,147.8362730013032,122.7409839630127,141.39892578125
182,17.772440910339355,0.8843332529067993,0.5847409963607788,0.14105632901191711,79551,30000,155.2615340006014,124.87220764160156,141.39892578125
183,17.918379306793213,0.8865036964416504,0.5719172358512878,0.14423400163650513,79878,30000,157.07181000107084,127.32696533203125,141.39892578125
184,17.4052631855011,0.8702039122581482,0.5856397151947021,0.15911908447742462,80207,30000,146.42644700143137,122.38883972167969,141.39892578125
185,17.298507690429688,0.865111231803894,0.6037895679473877,0.15630067884922028,80527,30000,145.56302699929802,122.3440170288086,141.39892578125
186,17.303773164749146,0.8640127182006836,0.6065527200698853,0.16416478157043457,80851,30000,147.51482599967858,122.24721908569336,141.39892578125
187,17.395927906036377,0.8687222003936768,0.6060842275619507,0.16480186581611633,81176,30000,143.50683800148545,122.26271629333496,141.9951171875
188,17.45959997177124,0.8725578188896179,0.609955906867981,0.16467852890491486,81497,30000,153.10151599987876,123.84247779846191,141.9951171875
189,17.305240631103516,0.8697044849395752,0.6138278841972351,0.1676667481660843,81824,30000,168.95712499899673,138.3821964263916,142.5361328125
190,17.162519693374634,0.8663969039916992,0.6145505905151367,0.17312905192375183,82148,30000,161.29791699859197,133.71634483337402,142.59619140625
191,17.1535587310791,0.8651765584945679,0.6234195232391357,0.17459888756275177,82468,30000,157.9310710003483,132.43412971496582,142.89599609375
192,17.380460500717163,0.871512770652771,0.6154540777206421,0.16801151633262634,82787,30000,156.86921999804326,132.80749320983887,142.89599609375
193,17.613049745559692,0.8785815238952637,0.6066635251045227,0.16974420845508575,83103,30000,155.69591800158378,132.86852836608887,143.18310546875
194,17.62971520423889,0.8798679709434509,0.6036384105682373,0.17483682930469513,83409,30000,154.6881550020771,132.51852989196777,144.55029296875
195,17.47776508331299,0.8767909407615662,0.6136519908905029,0.17275658249855042,83719,30000,149.48610500141513,126.0366439819336,144.55029296875
196,17.4907124042511,0.8767275214195251,0.6089301705360413,0.18144482374191284,84033,30000,153.55644199735252,123.10266494750977,144.55029296875
197,17.488139867782593,0.8769423365592957,0.600726842880249,0.1760798841714859,84345,30000,148.556648997328,123.21209907531738,145.11572265625
198,17.574836015701294,0.8804259300231934,0.6013607382774353,0.18490397930145264,84654,30000,144.83788199868286,123.0463981628418,145.11572265625
199,17.76163101196289,0.8861981630325317,0.6002041697502136,0.18646414577960968,84965,30000,146.30344600300305,123.16751480102539,145.11572265625
200,17.74226188659668,0.882891833782196,0.5952543616294861,0.1896756887435913,80293,30000,149.0937229973497,122.90644645690918,149.66796875
201,17.496970891952515,0.8610852956771851,0.6123804450035095,0.1827881783246994,80578,30000,271.1849119987164,123.30317497253418,149.66796875
202,17.575711011886597,0.8700178861618042,0.6080199480056763,0.18845222890377045,80872,30000,145.29748699715128,123.14796447753906,149.66796875
203,17.667250633239746,0.8798044919967651,0.604712724685669,0.19029468297958374,81166,30000,144.1734300024109,122.59221076965332,149.66796875
204,17.825326919555664,0.8862365484237671,0.60456782579422,0.18833090364933014,81479,30000,144.4936959996994,122.86090850830078,149.66796875
205,17.97119975090027,0.8896032571792603,0.5850495100021362,0.18071679770946503,81790,30000,150.93400099794962,122.04957008361816,149.66796875
206,18.018285036087036,0.8902267217636108,0.5948058366775513,0.19486574828624725,82100,30000,146.11594699817942,124.22561645507812,149.66796875
207,18.08497905731201,0.8908082842826843,0.5908225178718567,0.18062171339988708,82401,30000,145.456901002035,123.2900619506836,149.66796875
208,18.0119788646698,0.8880233764648438,0.6015248894691467,0.18655002117156982,82706,30000,145.11139699970954,123.20899963378906,149.66796875
209,17.973949909210205,0.8841314315795898,0.6020725965499878,0.20107579231262207,83013,30000,146.8508430007205,123.5499382019043,149.66796875
210,17.828880548477173,0.8796027898788452,0.604233980178833,0.20044247806072235,83326,30000,144.8476980003761,122.56121635437012,149.66796875
211,17.842864990234375,0.8789078593254089,0.6103922724723816,0.20383982360363007,83640,30000,144.17804400000023,121.99568748474121,149.66796875
212,17.684744596481323,0.8736007213592529,0.6077126860618591,0.20870532095432281,83955,30000,142.5816750015656,120.9876537322998,149.66796875
213,17.76968002319336,0.8763123750686646,0.6146829724311829,0.20928038656711578,84267,30000,142.38026699968032,121.26517295837402,149.66796875
214,17.768747806549072,0.8767678141593933,0.6224048733711243,0.2102011889219284,84580,30000,144.2764840030577,121.42419815063477,149.66796875
215,17.83483624458313,0.8807439208030701,0.6055199503898621,0.21503138542175293,84895,30000,152.24048999880324,129.1675567626953,149.66796875
216,18.008663654327393,0.8848599195480347,0.6027677655220032,0.22121348977088928,85214,30000,146.06288200229756,124.30953979492188,149.66796875
217,17.829930782318115,0.8792868852615356,0.5997244119644165,0.21943384408950806,85534,30000,143.16007399975206,121.63782119750977,149.66796875
218,17.799382209777832,0.8798384666442871,0.6048096418380737,0.21655572950839996,85852,30000,143.41971999965608,121.84548377990723,149.66796875
219,17.71732211112976,0.8767977952957153,0.5991442203521729,0.21929244697093964,86172,30000,146.05875800043577,122.85327911376953,149.66796875
220,17.8822922706604,0.8830642700195312,0.6001754999160767,0.21100956201553345,86493,30000,149.9074439998367,125.00834465026855,149.66796875
221,18.17110300064087,0.8915082812309265,0.5931313037872314,0.20715387165546417,86815,30000,148.61495700097294,122.03407287597656,149.66796875
222,18.371224403381348,0.8972437381744385,0.582995593547821,0.21112048625946045,87145,30000,151.37792100358638,122.87592887878418,149.66796875
223,18.567986488342285,0.9019624590873718,0.5696490406990051,0.19939427077770233,87469,30000,144.1359519994876,122.13754653930664,149.66796875
224,18.55167865753174,0.9027541875839233,0.564456045627594,0.2019062340259552,87793,30000,144.68574200145667,122.38669395446777,149.66796875
225,18.498436212539673,0.9011022448539734,0.5657897591590881,0.21422548592090607,88118,30000,144.75054499780526,122.67565727233887,149.66796875
226,18.473316431045532,0.8981999754905701,0.5661801695823669,0.20514164865016937,88445,30000,146.79695799713954,122.33328819274902,149.66796875
227,18.209577798843384,0.8873906135559082,0.5545575618743896,0.21558795869350433,88768,30000,147.65909900233964,123.88229370117188,149.66796875
228,17.86178231239319,0.8798335790634155,0.5623048543930054,0.2050669640302658,89085,30000,147.8133090022311,125.14591217041016,149.66796875
229,17.861571311950684,0.8799335956573486,0.5624134540557861,0.22566191852092743,89411,30000,148.87042599730194,122.79701232910156,149.66796875
230,18.084490299224854,0.8864535093307495,0.5543820858001709,0.217266246676445,89733,30000,144.57583500188775,122.40290641784668,149.66796875
231,18.041958808898926,0.887577474117279,0.5677452087402344,0.20939813554286957,90060,30000,145.52967499912484,122.5883960723877,149.66796875
232,18.344943523406982,0.8927006125450134,0.5619152784347534,0.22551336884498596,90383,30000,144.83119799842825,122.79033660888672,149.66796875
233,18.30836057662964,0.8926638960838318,0.5573733448982239,0.21960778534412384,90715,30000,150.38101999743958,123.89540672302246,149.66796875
234,17.991493940353394,0.8823369741439819,0.5693866610527039,0.22730636596679688,91044,30000,145.84511499924702,123.4433650970459,149.66796875
235,18.02061438560486,0.8838146924972534,0.5767658352851868,0.2387647181749344,91377,30000,147.32477699726587,123.46315383911133,149.66796875
236,17.782127857208252,0.8780843615531921,0.5843155384063721,0.23598308861255646,91702,30000,152.45486200001324,124.3443489074707,149.66796875
237,17.74945378303528,0.8752343654632568,0.5992261171340942,0.2559255361557007,92029,30000,146.3081140027498,123.53968620300293,149.66796875
238,17.723766565322876,0.8756057024002075,0.6106420755386353,0.24449297785758972,92357,30000,144.76167400061968,122.31040000915527,149.66796875
239,17.749024629592896,0.8726851344108582,0.6021482944488525,0.25088736414909363,92691,30000,145.3059410014248,122.38240242004395,149.66796875
240,17.702245712280273,0.8732987642288208,0.6074585914611816,0.2520405948162079,93017,30000,144.31356800196227,122.35713005065918,149.66796875
241,17.80452847480774,0.8753551840782166,0.6138550639152527,0.2559296488761902,93345,30000,147.3583189981582,125.05388259887695,149.66796875
242,17.558916807174683,0.8679773807525635,0.6205570101737976,0.25178536772727966,93681,30000,152.26784700280405,128.81183624267578,149.66796875
243,17.42241859436035,0.8608097434043884,0.6242139339447021,0.26199451088905334,94008,30000,155.6589480023831,132.66706466674805,149.66796875
244,17.571415901184082,0.865149736404419,0.628645658493042,0.26520848274230957,94335,30000,158.79662000224926,128.65233421325684,149.66796875
245,17.738851308822632,0.8691908717155457,0.6340289115905762,0.26917922496795654,94663,30000,155.7895969999663,126.48725509643555,149.66796875
246,18.084908723831177,0.8793289661407471,0.6276560425758362,0.2716989815235138,94999,30000,155.56023699900834,126.2814998626709,149.66796875
247,18.2169508934021,0.8840817809104919,0.6176509857177734,0.26273202896118164,95335,30000,154.23378799823695,127.8989315032959,149.66796875
248,18.257092237472534,0.885578989982605,0.6132727265357971,0.2484666258096695,95673,30000,164.91560800204752,134.22560691833496,149.66796875
249,18.338929414749146,0.888046145439148,0.6121191382408142,0.24817326664924622,96010,30000,150.55608400143683,124.26114082336426,149.66796875
250,18.406580686569214,0.8892764449119568,0.6062833666801453,0.24195554852485657,96341,30000,157.24173600028735,126.72019004821777,149.66796875
251,18.369605541229248,0.8913286924362183,0.5987495183944702,0.2476208359003067,96673,30000,156.39758500037715,123.12436103820801,149.66796875
252,18.247698545455933,0.8871413469314575,0.5951871871948242,0.24048814177513123,97007,30000,146.4265209979203,123.01468849182129,149.66796875
253,18.267741203308105,0.890213668346405,0.5795059204101562,0.23129507899284363,97339,30000,145.01513600043836,121.94585800170898,149.66796875
254,17.334178686141968,0.8670461177825928,0.5637872219085693,0.22233685851097107,97670,30000,145.54491899980349,122.25127220153809,149.66796875
255,16.518731117248535,0.8404604196548462,0.5952470898628235,0.22045908868312836,98007,30000,154.25925599993207,122.8797435760498,149.66796875
256,16.740481853485107,0.8529171943664551,0.5955567359924316,0.21145495772361755,98338,30000,154.65595299974666,127.78329849243164,149.66796875
257,17.59104013442993,0.877324104309082,0.5696247816085815,0.21348601579666138,98676,30000,147.87051299936138,123.5809326171875,149.66796875
258,17.722373008728027,0.8804966807365417,0.5710468292236328,0.21620060503482819,99013,30000,146.71874099803972,123.40855598449707,149.66796875
259,18.071165084838867,0.8880147933959961,0.556978166103363,0.22144268453121185,99348,30000,150.97081099884235,123.46148490905762,149.66796875
260,17.561432123184204,0.872922420501709,0.5708770751953125,0.21305006742477417,99680,30000,148.82874099930632,122.6966381072998,149.66796875
261,16.92657470703125,0.8522295951843262,0.5759075880050659,0.20353591442108154,100013,30000,147.72037899820134,123.12960624694824,149.66796875
262,16.765823364257812,0.847223162651062,0.6007810831069946,0.19631366431713104,100346,30000,155.23620000021765,126.48940086364746,149.66796875
263,17.416404485702515,0.8696640729904175,0.5922368168830872,0.1973346769809723,100677,30000,149.6329540022998,122.42650985717773,149.66796875
264,17.287163734436035,0.8659140467643738,0.5774978995323181,0.20297473669052124,101005,30000,146.85812399693532,122.88451194763184,149.66796875
265,16.443040370941162,0.8342996835708618,0.5880382657051086,0.21842224895954132,101335,30000,147.22772300228826,123.21829795837402,149.66796875
266,16.568957567214966,0.8347593545913696,0.6059843301773071,0.24271686375141144,101666,30000,151.69219100062037,123.41737747192383,149.66796875
267,16.947325468063354,0.8478442430496216,0.6099146008491516,0.23233577609062195,101999,30000,155.84305900119944,122.74622917175293,149.66796875
268,16.797878742218018,0.8459510207176208,0.6036990880966187,0.23790283501148224,102333,30000,168.97113700179034,128.40747833251953,150.013671875
269,16.31164312362671,0.8278933763504028,0.6123679876327515,0.24544976651668549,102667,30000,165.78112299976056,127.90346145629883,150.013671875
270,16.159218549728394,0.8207321166992188,0.6219844222068787,0.25415951013565063,102991,30000,150.99580000241986,124.13287162780762,151.03955078125
271,16.169705390930176,0.8156000971794128,0.639445424079895,0.2721610963344574,103320,30000,145.6004589999793,122.73073196411133,151.03955078125
272,16.177324056625366,0.8133686780929565,0.6427080035209656,0.26846611499786377,103651,30000,147.08964900273713,123.80838394165039,151.03955078125
273,16.349704265594482,0.8211429119110107,0.6381707191467285,0.27543318271636963,103981,30000,150.0222130016482,125.81634521484375,151.03955078125
274,16.305716037750244,0.8176183700561523,0.6362486481666565,0.277765154838562,104310,30000,155.0901310001791,127.06613540649414,151.03955078125
275,15.905117988586426,0.7994827032089233,0.6400390267372131,0.28558096289634705,104640,30000,158.59778499725508,127.1052360534668,151.70458984375
276,16.00603461265564,0.8036162853240967,0.6506611108779907,0.2832239270210266,104972,30000,150.90953099934268,125.23698806762695,151.70458984375
277,16.4265775680542,0.8229867815971375,0.6449772119522095,0.3091917335987091,105303,30000,148.57175499855657,124.29094314575195,152.30126953125
278,16.580005884170532,0.8294627666473389,0.6532149314880371,0.29970210790634155,105634,30000,156.1141329984821,122.57504463195801,153.685546875
279,16.764062643051147,0.8354985117912292,0.6557547450065613,0.3000589907169342,105968,30000,152.81748800043715,123.19040298461914,153.685546875
280,16.91402316093445,0.8431529998779297,0.6576786041259766,0.2972038686275482,106307,30000,151.65803100171615,122.94244766235352,153.685546875
281,16.997824907302856,0.8455295562744141,0.6511821150779724,0.29079848527908325,106649,30000,153.13021499969182,129.77290153503418,153.685546875
282,16.99995756149292,0.8471306562423706,0.6479858160018921,0.29964679479599,106984,30000,148.1960400014941,123.36921691894531,153.685546875
283,16.966629028320312,0.8443664908409119,0.6560187935829163,0.302991658449173,107321,30000,153.2217390013102,125.86307525634766,153.685546875
284,17.362433671951294,0.8588520884513855,0.6561844348907471,0.3032251000404358,107661,30000,150.66033600305673,123.61502647399902,153.96826171875
285,17.513363361358643,0.8638108968734741,0.6420639753341675,0.2975691556930542,108001,30000,147.42538099744706,123.37207794189453,154.642578125
286,17.602380514144897,0.868342399597168,0.6343284249305725,0.2850562632083893,108337,30000,158.06498899837607,123.55256080627441,154.642578125
287,17.508960962295532,0.8652045726776123,0.6289255023002625,0.29055315256118774,108680,30000,148.3678550030163,123.62027168273926,154.642578125
288,17.567957639694214,0.8651880621910095,0.6304927468299866,0.30457842350006104,109023,30000,151.3088819992845,122.94387817382812,154.642578125
289,17.55395531654358,0.8652605414390564,0.6331275105476379,0.2932746410369873,109367,30000,154.458117998729,123.75235557556152,156.31982421875
290,17.834084033966064,0.8737252950668335,0.6303626894950867,0.3021076023578644,109709,30000,158.6710209994635,128.1886100769043,158.35498046875
291,17.513411045074463,0.8669764399528503,0.6252655386924744,0.29232528805732727,110051,30000,154.26503300113836,123.53205680847168,158.35498046875
292,17.092206478118896,0.8512959480285645,0.6226300597190857,0.2783950865268707,110391,30000,147.77914299702388,123.12483787536621,158.35498046875
293,16.874516010284424,0.8446857929229736,0.6206189393997192,0.2704430818557739,110734,30000,148.52601600068738,123.69799613952637,158.35498046875
294,17.093862295150757,0.8537739515304565,0.6199982762336731,0.2668093144893646,111073,30000,148.59589300249354,123.96621704101562,158.35498046875
295,17.415521144866943,0.8650000095367432,0.6176955699920654,0.26556873321533203,111414,30000,151.0618770007568,125.17094612121582,158.35498046875
296,17.50661015510559,0.8686748743057251,0.6107395887374878,0.26400014758110046,111758,30000,157.1377419968485,129.80151176452637,158.35498046875
297,17.35121250152588,0.8631777167320251,0.6088492274284363,0.26002559065818787,112099,30000,157.52663300008862,127.14433670043945,158.35498046875
298,17.153509855270386,0.8587254881858826,0.6194178462028503,0.259074330329895,112435,30000,155.3571769982227,128.22484970092773,158.40771484375
299,17.13852047920227,0.8596682548522949,0.624561607837677,0.25567641854286194,112774,30000,158.54035800293786,129.24885749816895,158.40771484375
300,17.300231456756592,0.8649238348007202,0.6267346143722534,0.25497475266456604,100818,30000,175.18855000162148,132.6289176940918,161.931640625
301,17.262364625930786,0.8609528541564941,0.6266024708747864,0.25381600856781006,101165,30000,159.57993299889495,131.39605522155762,161.931640625
302,17.320384979248047,0.8648697733879089,0.6203004121780396,0.2507040798664093,101506,30000,162.038760001451,131.03175163269043,161.931640625
303,17.28298544883728,0.8652209043502808,0.6217633485794067,0.2516944110393524,101844,30000,173.41220600064844,129.26602363586426,161.931640625
304,17.273355722427368,0.8650621175765991,0.623704731464386,0.255098432302475,102193,30000,157.73871300189057,129.6525001525879,161.931640625
305,17.334715127944946,0.8671283721923828,0.6183971166610718,0.2505824565887451,102540,30000,160.43286200147122,131.40344619750977,161.931640625
306,17.309651374816895,0.8673744201660156,0.6164279580116272,0.25149887800216675,102884,30000,157.73547399658128,130.2964687347412,161.931640625
307,17.359265089035034,0.8690857887268066,0.6143519282341003,0.2513379454612732,103229,30000,158.38026799974614,130.93829154968262,161.931640625
308,17.359919548034668,0.8688103556632996,0.6158837080001831,0.2522945702075958,103572,30000,163.54480199879617,134.73010063171387,161.931640625
309,17.280255556106567,0.8661544322967529,0.6074696779251099,0.25444409251213074,103915,30000,168.41532100079348,132.53164291381836,161.931640625
310,17.3091459274292,0.8679646253585815,0.6027445793151855,0.25797030329704285,104257,30000,175.55807600001572,133.955717086792,161.931640625
311,17.29781985282898,0.8685883283615112,0.6007969975471497,0.2572532892227173,104602,30000,171.28887699800543,133.84771347045898,161.931640625
312,17.26212978363037,0.8667814135551453,0.6019586324691772,0.25833791494369507,104943,30000,173.55905099975644,132.81869888305664,161.931640625
313,17.242168188095093,0.8659588694572449,0.6123805046081543,0.2601192593574524,105293,30000,163.56416000053287,129.7171115875244,161.931640625
314,17.257248163223267,0.867581844329834,0.6096628904342651,0.25988391041755676,105636,30000,148.65579600154888,123.71253967285156,161.931640625
315,17.282633781433105,0.867124080657959,0.6052371859550476,0.2599102556705475,105976,30000,145.73124600065057,121.70791625976562,161.931640625
316,17.209208011627197,0.8663594722747803,0.6043788194656372,0.26347044110298157,106322,30000,145.31622499998775,121.78325653076172,161.931640625
317,17.26998209953308,0.8677164912223816,0.6013713479042053,0.2637673616409302,106665,30000,145.84046399977524,122.04480171203613,161.931640625
318,17.24901795387268,0.8673288822174072,0.5995259881019592,0.26353543996810913,107013,30000,147.47328099838342,123.27361106872559,161.931640625
319,17.34800100326538,0.8691685199737549,0.5999035239219666,0.27179914712905884,107358,30000,148.6880039992684,123.39258193969727,161.931640625
320,17.208678722381592,0.8667474985122681,0.5954943299293518,0.263168603181839,107705,30000,148.797318997822,123.63553047180176,161.931640625
321,17.096225023269653,0.8640426993370056,0.6049907207489014,0.26673316955566406,108046,30000,152.89238200057298,123.97098541259766,161.931640625
322,17.122104167938232,0.8638046979904175,0.607481837272644,0.2692309021949768,108388,30000,153.59362999879522,123.4893798828125,161.931640625
323,17.102469205856323,0.8637433052062988,0.6103452444076538,0.27062851190567017,108736,30000,151.2182539991045,123.97122383117676,161.931640625
324,17.075120210647583,0.8631603717803955,0.60973060131073,0.2733604907989502,109081,30000,159.86581100150943,122.84970283508301,161.931640625
325,17.090160846710205,0.8635889887809753,0.6059569120407104,0.27196362614631653,109425,30000,147.84046500062686,123.60405921936035,161.931640625
326,17.01101779937744,0.8620721697807312,0.6000480651855469,0.2744169533252716,109772,30000,147.09412200318184,122.74837493896484,161.931640625
327,17.071053981781006,0.8636231422424316,0.6061369776725769,0.2722453474998474,110113,30000,149.72363299966673,124.33028221130371,161.931640625
328,17.08998441696167,0.864421546459198,0.602615475654602,0.2645919620990753,110459,30000,149.59908200034988,123.18038940429688,161.931640625
329,17.11283564567566,0.8658453822135925,0.597444474697113,0.2699718475341797,110801,30000,154.87540000322042,123.87943267822266,161.931640625
330,17.005367279052734,0.8627135753631592,0.5944979786872864,0.26779136061668396,111150,30000,147.66764900195994,122.72095680236816,161.931640625
331,16.856000423431396,0.855797290802002,0.5929219126701355,0.264274537563324,111492,30000,154.04656499958946,122.95246124267578,161.931640625
332,16.963818073272705,0.8589202761650085,0.59300297498703,0.2640628516674042,111833,30000,152.33433699904708,122.4205493927002,161.931640625
333,17.020753622055054,0.8611447215080261,0.5987908244132996,0.2699644863605499,112175,30000,149.37921800083132,122.87187576293945,161.931640625
334,17.05753445625305,0.8623174428939819,0.6021761894226074,0.26884230971336365,112521,30000,147.54028800234664,123.35920333862305,161.931640625
335,17.136526107788086,0.8651997447013855,0.586797297000885,0.26350387930870056,112868,30000,151.8001699987508,123.93856048583984,161.931640625
336,17.155027389526367,0.8659722805023193,0.587299108505249,0.2613750994205475,113212,30000,149.1183190009906,122.74694442749023,161.931640625
337,17.166990041732788,0.8658280372619629,0.5912086963653564,0.26997700333595276,113558,30000,147.4784419988282,122.88832664489746,161.931640625
338,17.047771215438843,0.860919177532196,0.5963628888130188,0.2613513171672821,113898,30000,148.23579099902418,123.14224243164062,162.5771484375
339,16.984481811523438,0.8587667346000671,0.6010004878044128,0.2660258412361145,114243,30000,147.498974998598,122.25627899169922,162.5771484375
340,17.10337996482849,0.8628711700439453,0.6040387153625488,0.26860564947128296,114590,30000,146.9633739980054,122.2689151763916,162.5771484375
341,17.134453058242798,0.8627402186393738,0.6066279411315918,0.25838780403137207,114936,30000,148.2611729989003,123.58617782592773,162.5771484375
342,17.091134786605835,0.8616797924041748,0.6054860949516296,0.2626345157623291,115280,30000,146.26128099916968,122.12347984313965,163.61572265625
343,17.05221176147461,0.8598398566246033,0.6082003712654114,0.26838454604148865,115622,30000,147.1152769991022,122.52330780029297,163.61572265625
344,16.922224760055542,0.853692889213562,0.6138258576393127,0.2675981819629669,115963,30000,146.93985399935627,122.29728698730469,163.71728515625
345,17.082862854003906,0.8582319617271423,0.6125084161758423,0.2569426894187927,116310,30000,146.87412100101938,122.17116355895996,163.71728515625
346,17.207847833633423,0.8610643148422241,0.6029889583587646,0.2651331424713135,116655,30000,146.93887599787558,122.18093872070312,163.71728515625
347,17.171305418014526,0.8587223887443542,0.6013681292533875,0.26604849100112915,116999,30000,148.7325439993583,123.02660942077637,163.71728515625
348,17.221027612686157,0.8542845249176025,0.5903589129447937,0.2565675973892212,117338,30000,150.6002999994962,123.77691268920898,163.71728515625
349,17.270162105560303,0.8598146438598633,0.5869131684303284,0.2527506947517395,117678,30000,150.02629499940667,122.78199195861816,163.71728515625
350,17.3855197429657,0.8663021922111511,0.583956778049469,0.2578427493572235,118026,30000,150.21371300099418,123.09670448303223,166.78173828125
351,17.403661012649536,0.8674445152282715,0.5786879062652588,0.2650635540485382,118374,30000,148.88335000068764,122.96223640441895,166.78173828125
352,17.3154354095459,0.8655928373336792,0.5705721378326416,0.25747978687286377,118719,30000,151.58138799961307,123.4586238861084,167.3134765625
353,17.299206256866455,0.8669142723083496,0.5687450170516968,0.24961982667446136,119065,30000,148.95897599853924,123.1088638305664,167.3134765625
354,17.261165380477905,0.8654946684837341,0.5633997917175293,0.25660455226898193,119408,30000,149.15816799839376,123.32534790039062,168.26123046875
355,17.20346450805664,0.8637765645980835,0.5653567910194397,0.2458944469690323,119754,30000,148.74004699959187,123.08287620544434,168.26123046875
356,17.263412475585938,0.861494779586792,0.5665473341941833,0.24514731764793396,120103,30000,148.12395600165473,122.39313125610352,168.4736328125
357,17.30700373649597,0.8644746541976929,0.5692285299301147,0.2469588965177536,120449,30000,157.21367199876113,132.00950622558594,168.650390625
358,17.32426643371582,0.8661131262779236,0.5663126707077026,0.24132584035396576,120792,30000,163.04864799894858,132.74860382080078,168.650390625
359,17.250276803970337,0.863050103187561,0.5725588202476501,0.24627085030078888,121139,30000,162.69662699778564,131.9103240966797,168.650390625
360,17.143101692199707,0.8594264984130859,0.5671970844268799,0.23963873088359833,121486,30000,161.00442199967802,133.40401649475098,168.650390625
361,17.03585386276245,0.8534129858016968,0.5657554268836975,0.23745211958885193,121832,30000,164.69284599952516,134.690523147583,168.650390625
362,16.56293749809265,0.8333703279495239,0.5913969278335571,0.23566117882728577,122177,30000,168.7133300001733,135.85901260375977,169.95068359375
363,16.588128805160522,0.8324258327484131,0.6103289723396301,0.22962750494480133,122524,30000,165.2137400014908,134.79113578796387,169.95068359375
364,16.629923582077026,0.830946683883667,0.6188730001449585,0.22346581518650055,122867,30000,156.14730800007237,127.18629837036133,171.3740234375
365,16.68291211128235,0.8316906690597534,0.6270105242729187,0.21961937844753265,123207,30000,159.82798999903025,130.86318969726562,171.60205078125
366,16.884276866912842,0.8396989703178406,0.6229535341262817,0.21291041374206543,123547,30000,158.88237900071545,128.8430690765381,171.60205078125
367,16.79319977760315,0.8385566473007202,0.6270470023155212,0.2154635637998581,123891,30000,159.39954499845044,130.2652359008789,171.60205078125
368,16.903752088546753,0.8384050726890564,0.6324474811553955,0.21785245835781097,124239,30000,150.6492039989098,123.92687797546387,171.60205078125
369,16.98984980583191,0.8419756889343262,0.6472928524017334,0.22087621688842773,124584,30000,151.5646759980882,123.97003173828125,171.60205078125
370,16.942622661590576,0.8427389860153198,0.6556662917137146,0.21807339787483215,124930,30000,155.51357999720494,125.02026557922363,171.60205078125
371,16.885398626327515,0.8405100703239441,0.6633950471878052,0.21158359944820404,125276,30000,154.20094099681592,123.98600578308105,171.60205078125
372,17.020797729492188,0.847675085067749,0.65971440076828,0.21039143204689026,125623,30000,166.77755899945623,122.90811538696289,171.798828125
373,17.243671417236328,0.8533076047897339,0.6561614871025085,0.20743785798549652,125968,30000,150.82124800028396,124.16958808898926,173.89501953125
374,17.314680814743042,0.8581385016441345,0.6554490923881531,0.2111474722623825,126324,30000,150.0627900022664,123.0471134185791,173.89501953125
375,17.365403175354004,0.8612388372421265,0.6591196060180664,0.2098367065191269,126676,30000,151.30284600309096,123.86250495910645,173.89501953125
376,17.38527774810791,0.8630843162536621,0.6561471819877625,0.20523661375045776,127024,30000,153.7526770007389,123.09002876281738,173.89501953125
377,17.346822023391724,0.862883985042572,0.6543084383010864,0.2046239972114563,127383,30000,154.19708600165904,123.34012985229492,173.9150390625
378,17.296942472457886,0.8632563352584839,0.6570554971694946,0.20054355263710022,127742,30000,155.6082739989506,128.08609008789062,173.9150390625
379,17.242168188095093,0.8606842756271362,0.6516661643981934,0.20480945706367493,128096,30000,150.72787499957485,122.43461608886719,173.9150390625
380,17.24576711654663,0.8613871932029724,0.646340548992157,0.19047726690769196,128446,30000,157.26123200147413,124.6340274810791,174.048828125
381,17.292237281799316,0.8650922775268555,0.6466783285140991,0.18940918147563934,128803,30000,160.50293299849727,131.61730766296387,174.048828125
382,17.36819863319397,0.8661942481994629,0.64143306016922,0.19640636444091797,129168,30000,151.88281999871833,124.57728385925293,178.49072265625
383,17.27522373199463,0.8644396662712097,0.6415679454803467,0.203257218003273,129531,30000,153.897139000037,122.91359901428223,178.49072265625
384,17.39031195640564,0.8684077262878418,0.6426280736923218,0.19400303065776825,129890,30000,150.76128999862703,123.1379508972168,178.49072265625
385,17.22610592842102,0.8636044263839722,0.642906665802002,0.19000868499279022,130246,30000,150.621068001783,123.29769134521484,178.49072265625
386,17.046082019805908,0.858270525932312,0.647134006023407,0.19958563148975372,130604,30000,150.99787099825335,123.66986274719238,178.49072265625
387,17.118089199066162,0.8591965436935425,0.6432257890701294,0.20518991351127625,130963,30000,154.79979300289415,123.8257884979248,179.12255859375
388,16.977568864822388,0.8553953170776367,0.6394585371017456,0.18676669895648956,131324,30000,153.26763399934862,123.14629554748535,185.00830078125
389,16.899162530899048,0.8526854515075684,0.6504138708114624,0.1987839639186859,131689,30000,149.86097500150208,122.47943878173828,188.15478515625
390,16.952366828918457,0.8560478091239929,0.6493088006973267,0.19709494709968567,132051,30000,149.6396199981973,122.8945255279541,188.15478515625
391,16.8528151512146,0.8533474802970886,0.6551448702812195,0.18926800787448883,132415,30000,149.46459000202594,122.5275993347168,190.28466796875
392,16.868613958358765,0.8524492979049683,0.6490315198898315,0.18245084583759308,132777,30000,150.47019999838085,123.75760078430176,190.28466796875
393,16.914485692977905,0.8538264632225037,0.6439002752304077,0.184809610247612,133140,30000,150.84961500178906,123.97646903991699,190.54736328125
394,16.727478504180908,0.8469077944755554,0.6411039233207703,0.1829560399055481,133504,30000,150.17726400037645,123.46220016479492,190.54736328125
395,16.747000217437744,0.8488932847976685,0.6481854319572449,0.17639338970184326,133872,30000,156.3190039996698,124.10569190979004,190.54736328125
396,16.86202645301819,0.8539637923240662,0.6433344483375549,0.18055914342403412,134236,30000,158.59967999858782,124.26018714904785,190.54736328125
397,16.78120732307434,0.8508610725402832,0.6384890675544739,0.18633925914764404,134605,30000,150.68170000085956,123.65889549255371,190.55712890625
398,16.717478036880493,0.8495685458183289,0.6370642185211182,0.17636118829250336,134973,30000,152.9464570012351,123.00968170166016,192.15380859375
399,16.594998836517334,0.8454214930534363,0.6357526779174805,0.1883113831281662,135342,30000,152.43090099829715,123.80385398864746,192.15380859375
400,16.495563983917236,0.8412399291992188,0.638231098651886,0.1743171662092209,133927,30000,154.4728579974617,122.94316291809082,196.0849609375
401,16.508641242980957,0.8401378393173218,0.6418569087982178,0.17933262884616852,134294,30000,158.67059399897698,123.72660636901855,196.0849609375
402,16.46771550178528,0.8415147662162781,0.6376715302467346,0.17921565473079681,134667,30000,159.33560199846397,131.32071495056152,196.0849609375
403,16.36761784553528,0.8364323377609253,0.6410365700721741,0.1855972409248352,135042,30000,161.73977099970216,129.441499710083,196.0849609375
404,16.353135108947754,0.8361493349075317,0.6418284773826599,0.17775964736938477,135408,30000,162.53472699827398,133.22043418884277,196.0849609375
405,16.329233646392822,0.8338717222213745,0.6386627554893494,0.1742447316646576,135781,30000,162.98129799906746,127.00891494750977,196.0849609375
406,16.259338855743408,0.8327183127403259,0.6299757957458496,0.18194085359573364,136158,30000,164.55892100202618,135.23197174072266,196.0849609375
407,16.25181794166565,0.8329733610153198,0.6320256590843201,0.16827531158924103,136530,30000,160.22210599840037,128.0040740966797,196.0849609375
408,16.23236894607544,0.8328781127929688,0.6300949454307556,0.16829806566238403,136904,30000,162.3062500002561,131.81018829345703,196.103515625
409,16.227113008499146,0.8315586447715759,0.6262609362602234,0.1812897026538849,137277,30000,161.68435199870146,132.71379470825195,196.103515625
410,16.22955560684204,0.8324221968650818,0.6239044666290283,0.17157626152038574,137652,30000,166.30974900181172,135.41698455810547,196.29052734375
411,16.192575693130493,0.8308665752410889,0.6202309131622314,0.16695106029510498,138030,30000,169.1721140014124,133.74781608581543,196.3203125
412,16.20685577392578,0.8312146067619324,0.6244217157363892,0.17768096923828125,138404,30000,166.68713800027035,135.5879306793213,196.3203125
413,16.186110973358154,0.8312495946884155,0.6236384510993958,0.18208028376102448,138780,30000,172.2878930013394,136.0623836517334,196.3203125
414,16.024229526519775,0.8239809274673462,0.6144576668739319,0.18146227300167084,139157,30000,182.76916800095933,151.62277221679688,196.63525390625
415,16.052117347717285,0.8250246047973633,0.6245607137680054,0.18471099436283112,139533,30000,160.905319997255,132.83753395080566,196.63525390625
416,16.022579669952393,0.8245760202407837,0.6323711276054382,0.18035456538200378,139913,30000,163.4659549999924,134.69600677490234,197.5390625
417,16.074379682540894,0.8252410292625427,0.6226985454559326,0.18251800537109375,140289,30000,171.83452199969906,136.155366897583,197.83251953125
418,16.139851808547974,0.8287599086761475,0.6145033240318298,0.16854427754878998,140665,30000,158.23302900025737,127.52795219421387,197.83251953125
419,16.15780234336853,0.8300846815109253,0.6108013391494751,0.17778721451759338,141041,30000,165.00959200129728,133.47625732421875,197.83251953125
420,16.079517602920532,0.8281698226928711,0.6020182371139526,0.16329394280910492,141413,30000,172.49735399673227,136.32607460021973,200.1767578125
421,15.710442066192627,0.8132102489471436,0.6012154221534729,0.16841720044612885,141793,30000,164.059154001734,130.33628463745117,200.1767578125
422,15.611182451248169,0.8067578077316284,0.6179401874542236,0.17813195288181305,142176,30000,154.67618800175842,124.6638298034668,200.3212890625
423,15.526130199432373,0.8034477233886719,0.6315895318984985,0.17107166349887848,142557,30000,152.6297419986804,123.98481369018555,200.7001953125
424,15.513767004013062,0.8032013773918152,0.6342184543609619,0.1670755296945572,142932,30000,164.11394199894858,135.38837432861328,200.7001953125
425,15.58032751083374,0.8062564730644226,0.6372539401054382,0.1720590442419052,143312,30000,163.49747099957312,132.43508338928223,200.7001953125
426,15.624409914016724,0.808410108089447,0.6333127021789551,0.16831544041633606,143688,30000,341.30548299799557,135.87355613708496,200.7001953125
427,15.534601211547852,0.802350640296936,0.6340686678886414,0.16903766989707947,144062,30000,171.93214999861084,139.20092582702637,200.7001953125
428,15.527966022491455,0.8011794090270996,0.6379249095916748,0.17258262634277344,144436,30000,172.58006599877262,136.33155822753906,200.7001953125
429,15.59220552444458,0.8040849566459656,0.6380481719970703,0.17553620040416718,144812,30000,177.16648900022847,137.34841346740723,200.7001953125
430,15.474843978881836,0.7996966242790222,0.6383742094039917,0.17120282351970673,145181,30000,169.68178499882924,136.918306350708,201.56640625
431,15.482033491134644,0.7999639511108398,0.6458638906478882,0.16442878544330597,145544,30000,165.77987799973926,132.523775100708,201.56640625
432,15.42475700378418,0.79535311460495,0.6560404300689697,0.17004068195819855,145912,30000,158.68447300090338,127.77042388916016,201.56640625
433,15.406607389450073,0.7954434752464294,0.6480075120925903,0.17028933763504028,146281,30000,167.3172800001339,135.0686550140381,202.03662109375
434,15.460920333862305,0.79754638671875,0.6545060873031616,0.18081456422805786,146648,30000,166.82568300166167,137.97926902770996,202.580078125
435,15.293728113174438,0.7911480665206909,0.6429253816604614,0.17507362365722656,147015,30000,165.8697189996019,134.95922088623047,202.580078125
436,15.257004499435425,0.7887160181999207,0.6482751965522766,0.17607200145721436,147373,30000,158.08631599793443,129.44746017456055,202.580078125
437,15.274409055709839,0.7913278937339783,0.6503682136535645,0.1711258888244629,147731,30000,158.51225199730834,128.1733512878418,202.580078125
438,15.158529281616211,0.784243106842041,0.6443367600440979,0.17154623568058014,148087,30000,163.0529080030101,129.17661666870117,202.580078125
439,15.175598859786987,0.7834750413894653,0.6494815945625305,0.18323791027069092,148443,30000,163.93147000053432,130.39875030517578,204.7314453125
440,15.258749723434448,0.7889494895935059,0.6486484408378601,0.19271087646484375,148794,30000,159.2687010015652,130.38325309753418,205.2958984375
441,15.20728349685669,0.7882236838340759,0.6423667669296265,0.1698911190032959,149137,30000,164.42012799961958,135.8330249786377,207.24365234375
442,15.161535739898682,0.7844433188438416,0.6463500261306763,0.17019398510456085,149477,30000,160.1258679984312,130.98382949829102,207.24365234375
443,15.16913652420044,0.784833550453186,0.6462167501449585,0.18095806241035461,149817,30000,166.9877029999043,135.34832000732422,207.24365234375
444,15.181511640548706,0.7840455770492554,0.6484308242797852,0.1849973350763321,150146,30000,168.65856500226073,136.05380058288574,207.8779296875
445,15.184934139251709,0.7858051061630249,0.6398664712905884,0.19149507582187653,150470,30000,164.65883000273607,134.29784774780273,207.8779296875
446,15.317034721374512,0.7913944721221924,0.6420823335647583,0.17415818572044373,150789,30000,165.5700750015967,134.31310653686523,207.8779296875
447,15.369927883148193,0.7966130971908569,0.6315423250198364,0.16223756968975067,151101,30000,166.62147600072785,135.91527938842773,207.8779296875
448,15.382890701293945,0.7964450716972351,0.6347121596336365,0.17464691400527954,151412,30000,167.05514600107563,136.3203525543213,207.8779296875
449,15.515378713607788,0.8024349212646484,0.6493759155273438,0.17250826954841614,151714,30000,165.91910299757728,135.43152809143066,207.8779296875
450,15.540461540222168,0.8039199709892273,0.6342727541923523,0.1723112165927887,152012,30000,159.6751500001119,124.755859375,208.44482421875
451,15.361934900283813,0.7960710525512695,0.6379737257957458,0.17189069092273712,152297,30000,165.55793000225094,134.82332229614258,214.25732421875
452,15.474022626876831,0.8007059097290039,0.6321605443954468,0.17479518055915833,152582,30000,161.95880200029933,129.39095497131348,214.25732421875
453,15.355894565582275,0.7953046560287476,0.6286867260932922,0.17400579154491425,152873,30000,163.32274900196353,128.18288803100586,214.25732421875
454,15.274624824523926,0.7919216156005859,0.6357860565185547,0.1748608499765396,153155,30000,155.5570769996848,124.23086166381836,214.25732421875
455,15.3038489818573,0.791725754737854,0.651136577129364,0.16542448103427887,153431,30000,152.8690129998722,124.60184097290039,214.25732421875
456,15.243017673492432,0.7903658151626587,0.6437816023826599,0.1700267195701599,153701,30000,153.05615500255954,125.20241737365723,214.25732421875
457,15.109385251998901,0.7813417911529541,0.6554824113845825,0.1940409541130066,153967,30000,153.62778499911656,124.5889663696289,217.076171875
458,15.17244577407837,0.7849833369255066,0.6441697478294373,0.18783433735370636,154229,30000,162.9587999996147,130.23114204406738,217.076171875
459,15.131076574325562,0.7852227091789246,0.647038996219635,0.1860310286283493,154487,30000,170.73976500250865,133.4075927734375,217.076171875
460,15.135694742202759,0.7850431799888611,0.6516286134719849,0.17986878752708435,154743,30000,169.45398399911937,136.32488250732422,217.076171875
461,15.243064165115356,0.7887837290763855,0.653262734413147,0.19310356676578522,154991,30000,167.7672400001029,136.6875171661377,217.076171875
462,15.233861207962036,0.7894763350486755,0.6515251994132996,0.19135624170303345,155235,30000,165.4457660006301,135.0119113922119,217.076171875
463,15.28777003288269,0.7911101579666138,0.6527147889137268,0.20005342364311218,155475,30000,166.4888159975817,134.55891609191895,217.076171875
464,15.371828079223633,0.7940127849578857,0.6352509260177612,0.18291659653186798,155712,30000,168.19951000070432,135.3609561920166,217.076171875
465,15.444555282592773,0.7990957498550415,0.6377718448638916,0.1900465190410614,155945,30000,165.7853789984074,134.6127986907959,217.076171875
466,15.388855934143066,0.7969164848327637,0.6416763067245483,0.1880020797252655,156171,30000,163.8397740025539,134.57107543945312,217.076171875
467,15.445607900619507,0.7975971698760986,0.6252195239067078,0.17791062593460083,156400,30000,167.32195299846353,136.60597801208496,217.076171875
468,15.426970720291138,0.7988119125366211,0.6264815330505371,0.18942978978157043,156622,30000,177.87357400084147,138.1053924560547,217.076171875
469,15.4745614528656,0.80269455909729,0.6284996271133423,0.17228123545646667,156842,30000,209.90608800275368,141.9696807861328,217.076171875
470,15.565298795700073,0.8081442713737488,0.6227657794952393,0.17892247438430786,157061,30000,168.8823769982264,135.27369499206543,217.076171875
471,15.597162246704102,0.810388445854187,0.6152815222740173,0.17943228781223297,157276,30000,167.56305400122073,137.03083992004395,217.076171875
472,15.641262531280518,0.8118550777435303,0.6185319423675537,0.18562430143356323,157486,30000,174.44701099884696,135.61010360717773,217.076171875
473,15.693776607513428,0.8145618438720703,0.6112920045852661,0.1770712435245514,157692,30000,163.724509999156,129.58478927612305,217.076171875
474,15.70753812789917,0.815656304359436,0.6072580218315125,0.17604300379753113,157899,30000,167.27531399737927,137.5439167022705,217.076171875
475,15.70277452468872,0.8147435188293457,0.605888843536377,0.18209552764892578,158103,30000,166.74077900097473,136.28816604614258,217.076171875
476,15.701463222503662,0.8152546286582947,0.5874441266059875,0.17885252833366394,158306,30000,167.25133100044332,135.4825496673584,218.919921875
477,15.489932298660278,0.8073104619979858,0.597100019454956,0.17678645253181458,158506,30000,161.28941599890823,132.63487815856934,218.919921875
478,15.547147989273071,0.8098213076591492,0.5967162847518921,0.17584128677845,158703,30000,156.76773500308627,128.10993194580078,218.919921875
479,15.637726783752441,0.8145765662193298,0.5835356712341309,0.18110185861587524,158901,30000,165.9599859995069,136.08479499816895,218.919921875
480,15.680125951766968,0.8159334659576416,0.5878151655197144,0.18050317466259003,159096,30000,167.82127700207639,136.19542121887207,218.919921875
481,15.601948499679565,0.813271701335907,0.5883162617683411,0.17663948237895966,159290,30000,167.7417120008613,136.86084747314453,218.919921875
482,15.748822689056396,0.8189913034439087,0.5874812602996826,0.18243084847927094,159483,30000,164.5327839978563,134.09066200256348,218.919921875
483,15.665234327316284,0.8170375823974609,0.59076988697052,0.17738035321235657,159674,30000,164.83566100214375,134.31620597839355,218.919921875
484,15.70441484451294,0.8181509971618652,0.5907350182533264,0.16561788320541382,159864,30000,167.39483600031235,136.74044609069824,219.5205078125
485,15.725500583648682,0.8176358938217163,0.5839153528213501,0.18172068893909454,160055,30000,167.93651199986925,136.99817657470703,219.5205078125
486,15.705115795135498,0.8182927370071411,0.5809956192970276,0.18557612597942352,160245,30000,167.38575800263789,133.64315032958984,219.5205078125
487,15.672756433486938,0.8175191879272461,0.5793423652648926,0.17647798359394073,160429,30000,169.52309599946602,135.7266902923584,219.5205078125
488,15.719871520996094,0.8181936740875244,0.5759482383728027,0.1772657334804535,160612,30000,174.03895700044814,138.81444931030273,219.5205078125
489,15.731353759765625,0.8184083700180054,0.5943129062652588,0.1833430826663971,160790,30000,176.90263700205833,138.22174072265625,219.56396484375
490,15.614838600158691,0.8132596015930176,0.5966500639915466,0.17506060004234314,160968,30000,169.86670499682077,135.0874900817871,219.56396484375
491,15.686978101730347,0.8151005506515503,0.5908923149108887,0.1901160478591919,161143,30000,184.39502399996854,142.51136779785156,219.791015625
492,15.6100332736969,0.8107999563217163,0.6042800545692444,0.1893012523651123,161316,30000,203.5944820017903,143.69511604309082,220.326171875
493,15.429359674453735,0.8044600486755371,0.6082015037536621,0.18184927105903625,161491,30000,170.1999800025078,138.1988525390625,222.49755859375
494,15.388219356536865,0.802460789680481,0.5977615714073181,0.19601361453533173,161660,30000,162.30788399843732,130.89442253112793,223.17041015625
495,15.309503078460693,0.7994602918624878,0.6044747829437256,0.19265338778495789,161828,30000,159.81761299917707,132.15112686157227,223.17041015625
496,15.06081223487854,0.7887293696403503,0.6067132949829102,0.189401775598526,161990,30000,163.21570799846086,132.7230930328369,223.17041015625
497,14.966777563095093,0.7829977869987488,0.6207685470581055,0.21340908110141754,162152,30000,166.24577800030238,132.1122646331787,223.17041015625
498,14.973206520080566,0.7829697132110596,0.6085336804389954,0.20488229393959045,162313,30000,159.25155299919425,128.44371795654297,223.17041015625
499,14.83081340789795,0.7769999504089355,0.6263314485549927,0.2250620722770691,162474,30000,168.0735289992299,133.53967666625977,226.82080078125
500,14.624074697494507,0.7666274905204773,0.6424468755722046,0.22892846167087555,161506,30000,170.25192599976435,130.69677352905273,226.82080078125
501,14.514625072479248,0.7616688013076782,0.6402565240859985,0.22073858976364136,161664,30000,167.3842149975826,130.99980354309082,226.82080078125
502,14.553918838500977,0.7645522952079773,0.653239369392395,0.22620153427124023,161815,30000,163.34775899667875,129.67658042907715,226.82080078125
503,14.539811611175537,0.76373690366745,0.6559467911720276,0.23212818801403046,161965,30000,160.68479800014757,131.59489631652832,226.82080078125
504,14.73150372505188,0.7762644290924072,0.6368904113769531,0.2270980328321457,162118,30000,158.9074100011203,130.38015365600586,226.82080078125
505,14.763579368591309,0.7818586230278015,0.6368129253387451,0.21938101947307587,162268,30000,158.70963499764912,129.45318222045898,226.82080078125
506,14.83747124671936,0.7844266891479492,0.6377981901168823,0.22336392104625702,162418,30000,160.84689300259924,130.29885292053223,226.82080078125
507,14.862499237060547,0.7878729104995728,0.6376153230667114,0.20850707590579987,162565,30000,168.33189699900686,135.09535789489746,226.82080078125
508,14.88898515701294,0.7886782884597778,0.6455404758453369,0.21101097762584686,162713,30000,161.92234399932204,130.43737411499023,226.82080078125
509,14.896694421768188,0.7886518239974976,0.6455132365226746,0.20791400969028473,162863,30000,161.99800100002903,131.90579414367676,226.82080078125
510,14.957301616668701,0.7922271490097046,0.6305283308029175,0.20695838332176208,163011,30000,165.3217009989021,129.22120094299316,226.82080078125
511,14.892563819885254,0.7917806506156921,0.6327486038208008,0.2004566341638565,163159,30000,175.51692099732463,135.85996627807617,226.82080078125
512,14.836304187774658,0.790062665939331,0.6257034540176392,0.19663968682289124,163306,30000,164.67750100127887,135.20288467407227,226.82080078125
513,14.842585325241089,0.7897677421569824,0.6192811727523804,0.1989942044019699,163449,30000,162.98188499786193,131.61563873291016,226.82080078125
514,14.75211501121521,0.7866532206535339,0.6203832626342773,0.19657181203365326,163591,30000,160.32361999896239,130.52105903625488,226.82080078125
515,14.726966619491577,0.7840557098388672,0.6177828907966614,0.20405589044094086,163738,30000,157.05264599819202,128.62634658813477,226.82080078125
516,14.713134765625,0.78337162733078,0.6076158285140991,0.2031780183315277,163885,30000,159.3475759982539,131.119966506958,226.82080078125
517,14.726184606552124,0.7847537398338318,0.6085413694381714,0.20307806134223938,164031,30000,160.62284700092277,131.60157203674316,226.82080078125
518,14.656013250350952,0.7773506045341492,0.6245152950286865,0.20681752264499664,164175,30000,156.68539499893086,128.403902053833,226.82080078125
519,14.678421020507812,0.7778568267822266,0.6177557110786438,0.2158437967300415,164318,30000,160.16526900057215,130.25188446044922,226.82080078125
520,14.740777015686035,0.7829959392547607,0.6167030930519104,0.20927922427654266,164462,30000,157.95208800045657,128.14807891845703,226.82080078125
521,14.751043319702148,0.7840023040771484,0.6140941977500916,0.201752707362175,164605,30000,167.09383499983232,131.61659240722656,226.82080078125
522,14.77712869644165,0.785203218460083,0.6108967065811157,0.19582799077033997,164752,30000,163.93071000129567,131.01506233215332,226.82080078125
523,14.769893884658813,0.7853498458862305,0.609483540058136,0.1937524527311325,164896,30000,157.93979599766317,128.92627716064453,226.82080078125
524,14.818190336227417,0.7882084846496582,0.6082234382629395,0.2003868818283081,165041,30000,155.3179699985776,127.8541088104248,226.82080078125
525,14.776557683944702,0.7844944000244141,0.6135475635528564,0.19809924066066742,165186,30000,158.0949730014254,128.93080711364746,226.82080078125
526,14.640365839004517,0.7778777480125427,0.6171088814735413,0.19801679253578186,165329,30000,159.20478199768695,130.88560104370117,227.39013671875
527,14.69095230102539,0.7815642356872559,0.6236655712127686,0.2014237642288208,165473,30000,157.19565500330646,127.74658203125,227.39013671875
528,14.6399986743927,0.7742554545402527,0.6363046169281006,0.21355879306793213,165614,30000,157.15120299864793,129.3644905090332,227.39013671875
529,14.491866827011108,0.7665714621543884,0.6456313729286194,0.21106168627738953,165757,30000,158.77123099926393,128.19409370422363,227.39013671875
530,14.517277479171753,0.769966721534729,0.6524370312690735,0.20445802807807922,165900,30000,168.04537600182812,136.3821029663086,227.39013671875
531,14.471286535263062,0.7673931121826172,0.6533756256103516,0.21557007730007172,166038,30000,162.56000700013828,130.9034824371338,227.39013671875
532,14.363077878952026,0.757233738899231,0.6627269983291626,0.22094722092151642,166180,30000,158.73285300040152,129.52637672424316,227.39013671875
533,14.313734769821167,0.7558860182762146,0.6648480296134949,0.23516425490379333,166318,30000,158.0997299970477,128.99184226989746,227.39013671875
534,14.29082989692688,0.753100574016571,0.6631045341491699,0.23408176004886627,166458,30000,158.13970700037316,130.02657890319824,229.236328125
535,14.27059292793274,0.7501816749572754,0.6647273302078247,0.23681849241256714,166597,30000,157.74502000203938,126.85036659240723,229.236328125
536,14.230737686157227,0.7483983039855957,0.6789079308509827,0.2257162481546402,166734,30000,159.51636799945845,128.9827823638916,229.236328125
537,14.338749647140503,0.7559716105461121,0.6761946678161621,0.24083228409290314,166870,30000,163.6931499997445,130.6009292602539,229.236328125
538,14.368211030960083,0.7586337327957153,0.6802198886871338,0.23155495524406433,167003,30000,164.80633500032127,128.5879611968994,229.236328125
539,14.379088878631592,0.75797438621521,0.6749987602233887,0.23604156076908112,167139,30000,162.87598500275635,129.4715404510498,229.236328125
540,14.359889030456543,0.7562753558158875,0.6795269846916199,0.2458348572254181,167277,30000,158.97728500203812,128.1418800354004,229.236328125
541,14.397685527801514,0.7597239017486572,0.6778433322906494,0.25740960240364075,167415,30000,158.71817000152078,129.35590744018555,229.236328125
542,14.327282905578613,0.7564654350280762,0.6749101877212524,0.23757854104042053,167550,30000,160.079281002254,132.2314739227295,230.73291015625
543,14.414350986480713,0.7603060603141785,0.657907247543335,0.25478726625442505,167687,30000,158.26723099962692,128.34477424621582,230.73291015625
544,14.31480884552002,0.7566337585449219,0.6776739358901978,0.2536170482635498,167825,30000,159.70125700187054,128.9834976196289,230.73291015625
545,14.22473430633545,0.7507517337799072,0.6776452660560608,0.25448328256607056,167961,30000,162.2458239980915,129.46581840515137,230.73291015625
546,14.187252521514893,0.7517147064208984,0.6773763298988342,0.24523411691188812,168096,30000,161.4440179982921,129.24480438232422,230.73291015625
547,14.147489070892334,0.7466477155685425,0.6708969473838806,0.2565498948097229,168231,30000,160.2452600018296,131.17742538452148,230.73291015625
548,13.928751945495605,0.7268366813659668,0.6601890325546265,0.2707846164703369,168365,30000,166.7830199985474,129.52184677124023,230.73291015625
549,13.694028854370117,0.71145099401474,0.6569578647613525,0.2888720631599426,168500,30000,161.20973600118305,131.61826133728027,230.73291015625
550,13.67291808128357,0.7081567049026489,0.6667105555534363,0.29861292243003845,168636,30000,167.77650700169033,134.1843605041504,230.73291015625
551,13.625255823135376,0.6996181011199951,0.6771432757377625,0.3094528019428253,168772,30000,164.06658699997934,132.22336769104004,230.73291015625
552,13.554013967514038,0.6899242401123047,0.6839390993118286,0.34092000126838684,168909,30000,164.43215999970562,130.63812255859375,230.73291015625
553,13.533327579498291,0.6885366439819336,0.696992039680481,0.3524991571903229,169045,30000,159.6665290016972,129.02283668518066,230.73291015625
554,13.51555347442627,0.681624174118042,0.6924951076507568,0.34038975834846497,169182,30000,159.7908549993008,129.39906120300293,230.73291015625
555,13.45954418182373,0.6772145628929138,0.6893942356109619,0.3429875075817108,169317,30000,161.58357599852025,129.17613983154297,230.73291015625
556,13.495638370513916,0.6755071878433228,0.6946970820426941,0.34289467334747314,169454,30000,163.90680800031987,132.51066207885742,230.73291015625
557,13.620215654373169,0.6747055053710938,0.692950963973999,0.3459399342536926,169593,30000,160.03950199956307,128.79657745361328,230.73291015625
558,13.515948057174683,0.6649271249771118,0.6990560293197632,0.35341551899909973,169730,30000,161.00058099982562,129.69064712524414,230.73291015625
559,13.53533148765564,0.6699085235595703,0.6993212699890137,0.35692349076271057,169868,30000,162.04594199734856,128.89719009399414,230.73291015625
560,13.551760911941528,0.6659237742424011,0.7022554874420166,0.36769989132881165,170005,30000,158.33991299950867,128.62610816955566,230.73291015625
561,13.570358753204346,0.6636745929718018,0.7047691345214844,0.357268363237381,170142,30000,159.89444500155514,131.67667388916016,230.73291015625
562,13.6033034324646,0.664661169052124,0.6881442666053772,0.36549532413482666,170281,30000,160.908476998884,128.94964218139648,230.73291015625
563,13.64181637763977,0.6637271642684937,0.6969736814498901,0.3636936545372009,170415,30000,168.2305480026116,130.54537773132324,230.73291015625
564,13.709862232208252,0.661450982093811,0.7027856111526489,0.36751723289489746,170550,30000,161.24381500048912,129.18996810913086,230.73291015625
565,13.772553205490112,0.6684839725494385,0.6964893341064453,0.35364285111427307,170685,30000,161.5429680023226,132.3697566986084,230.73291015625
566,13.829891681671143,0.6754459142684937,0.6965785026550293,0.3606922924518585,170820,30000,160.67970800213516,129.53758239746094,230.73291015625
567,13.878220319747925,0.6765038967132568,0.6985354423522949,0.3582635521888733,170954,30000,166.22316099892487,128.62682342529297,230.73291015625
568,13.944032192230225,0.6822896003723145,0.6979418396949768,0.3423478901386261,171089,30000,161.15862399965408,131.8378448486328,230.73291015625
569,13.99944543838501,0.6845026016235352,0.6884891986846924,0.35982370376586914,171224,30000,158.36424699955387,129.64272499084473,230.73291015625
570,14.082120656967163,0.690295398235321,0.6969746947288513,0.3322276771068573,171361,30000,160.40153500216547,129.5158863067627,230.73291015625
571,14.17373538017273,0.6925413012504578,0.7049747109413147,0.3373834192752838,171497,30000,169.98859200248262,131.91747665405273,233.47900390625
572,14.258179664611816,0.6981825232505798,0.7089958786964417,0.3379227817058563,171635,30000,165.62691199942492,130.6009292602539,233.47900390625
573,14.378533363342285,0.7031252384185791,0.6972991228103638,0.3304979205131531,171770,30000,163.14322799735237,129.22286987304688,233.47900390625
574,14.49312686920166,0.7093498110771179,0.7019307613372803,0.3462618589401245,171908,30000,170.20571900138748,130.45024871826172,233.47900390625
575,14.625415802001953,0.7141357660293579,0.7008238434791565,0.35713088512420654,172049,30000,159.75274000084028,129.12583351135254,233.47900390625
576,14.65633749961853,0.7151843905448914,0.7056028842926025,0.3578857481479645,172188,30000,169.8377199973038,129.86111640930176,233.47900390625
577,14.647337198257446,0.7110955119132996,0.7005376815795898,0.36060038208961487,172329,30000,162.9064129992912,128.49760055541992,233.47900390625
578,14.677531719207764,0.7164615392684937,0.7032281160354614,0.33974841237068176,172467,30000,159.94242200031294,128.59225273132324,233.47900390625
579,14.692270755767822,0.7195273637771606,0.6919941306114197,0.35933494567871094,172608,30000,165.35921700051404,127.52270698547363,233.47900390625
580,14.473574161529541,0.7117959856987,0.70437091588974,0.36042726039886475,172746,30000,157.62650900069275,128.94058227539062,233.47900390625
581,14.58057165145874,0.7203986048698425,0.6974756121635437,0.3681318163871765,172883,30000,165.63773099915124,131.66260719299316,233.47900390625
582,14.594461917877197,0.7242290377616882,0.7030434608459473,0.34443843364715576,173021,30000,166.15954200096894,130.69534301757812,233.47900390625
583,14.63300108909607,0.7272766828536987,0.7087976336479187,0.35953250527381897,173159,30000,162.80753400133108,128.79204750061035,233.47900390625
584,14.71479058265686,0.7327267527580261,0.7025435566902161,0.3504078984260559,173300,30000,172.04637899703812,138.60630989074707,233.47900390625
585,14.787445068359375,0.7366355657577515,0.6897362470626831,0.36308789253234863,173440,30000,160.38560200104257,128.65972518920898,233.47900390625
586,14.813991785049438,0.7365491390228271,0.699792742729187,0.3579756021499634,173579,30000,160.93474599983892,129.9748420715332,233.47900390625
587,14.841495752334595,0.7379698753356934,0.7040651440620422,0.3511195182800293,173709,30000,164.0504079987295,131.03222846984863,233.47900390625
588,14.891301393508911,0.7372514605522156,0.7013372778892517,0.35205069184303284,173846,30000,162.21924899946316,128.70240211486816,233.47900390625
589,14.950538873672485,0.7341741323471069,0.697711169719696,0.3346082270145416,173986,30000,162.23472199999378,128.1580924987793,233.47900390625
590,14.964796304702759,0.733501136302948,0.7063567638397217,0.355194091796875,174128,30000,162.45948999858228,129.3652057647705,233.47900390625
591,15.068669319152832,0.733447253704071,0.6945986151695251,0.3542648255825043,174262,30000,160.44185899954755,129.58335876464844,233.47900390625
592,15.125845670700073,0.7289925813674927,0.6888025999069214,0.36837252974510193,174401,30000,166.86032700090436,133.4390640258789,233.47900390625
593,15.125467777252197,0.7281448245048523,0.705885648727417,0.3606495261192322,174544,30000,161.6086890026054,131.46615028381348,233.47900390625
594,15.241130590438843,0.7365192174911499,0.7058215737342834,0.3580174744129181,174691,30000,159.29316400070093,127.93326377868652,233.47900390625
595,15.270218849182129,0.73773592710495,0.6868939995765686,0.37910905480384827,174840,30000,155.5311480005912,126.97339057922363,233.47900390625
596,15.32822847366333,0.7411651015281677,0.6890148520469666,0.3775123357772827,174986,30000,159.8491920012748,128.36027145385742,233.47900390625
597,15.410252809524536,0.7477896213531494,0.6835001111030579,0.3470725119113922,175129,30000,168.17845799960196,136.11960411071777,233.47900390625
598,15.53181767463684,0.752595067024231,0.6830061674118042,0.3634915053844452,175269,30000,158.95019700110424,127.95686721801758,233.47900390625
599,15.614389181137085,0.752690315246582,0.6850162148475647,0.3292589783668518,175417,30000,159.8857399985718,129.67848777770996,233.47900390625
600,15.597857236862183,0.7534405589103699,0.6888338327407837,0.34059324860572815,165264,30000,167.2522580010991,128.82280349731445,233.47900390625
601,15.712907314300537,0.756178617477417,0.6970921158790588,0.32215261459350586,165425,30000,160.50925599847687,129.83155250549316,233.47900390625
602,15.81214427947998,0.7611559629440308,0.687954306602478,0.33119073510169983,165575,30000,155.26216000216664,125.32973289489746,233.47900390625
603,15.770970582962036,0.7639390826225281,0.6906797289848328,0.3307008743286133,165729,30000,157.62400799940224,127.81953811645508,233.47900390625
604,15.894075632095337,0.7668516039848328,0.6921692490577698,0.3204631805419922,165881,30000,162.2741080027481,131.47687911987305,233.47900390625
605,15.995912551879883,0.7737638354301453,0.681692361831665,0.34426969289779663,166040,30000,158.68805500213057,128.51595878601074,233.47900390625
606,15.968282222747803,0.7757682800292969,0.6768157482147217,0.33250463008880615,166202,30000,156.415585999639,128.18598747253418,233.47900390625
607,15.989402532577515,0.77450031042099,0.6706780195236206,0.3647691607475281,166363,30000,156.17844100052025,126.22261047363281,233.47900390625
608,16.045390367507935,0.7827881574630737,0.6692941188812256,0.33488088846206665,166519,30000,158.70346299925586,128.49831581115723,233.47900390625
609,16.1032772064209,0.7882180213928223,0.6741201281547546,0.3285124897956848,166681,30000,161.6647099981492,129.4407844543457,233.47900390625
610,16.06978178024292,0.7911617755889893,0.6756705045700073,0.31524717807769775,166847,30000,161.36644199650618,128.90291213989258,233.47900390625
611,16.129772663116455,0.7916104793548584,0.6746377944946289,0.32523614168167114,167009,30000,159.27273899797,129.6532154083252,233.47900390625
612,16.09972596168518,0.7884230613708496,0.6756980419158936,0.33586156368255615,167173,30000,158.6924450020888,128.31783294677734,233.47900390625
613,16.198785305023193,0.7919279932975769,0.671259343624115,0.33038535714149475,167342,30000,162.53544600112946,129.28509712219238,233.47900390625
614,16.301770210266113,0.7933847904205322,0.6654829382896423,0.33509624004364014,167506,30000,170.82674500124995,138.66233825683594,233.47900390625
615,16.22413992881775,0.7892296314239502,0.6599156856536865,0.3178645670413971,167674,30000,162.8253560011217,129.95028495788574,233.47900390625
616,16.378920078277588,0.7962989807128906,0.6579699516296387,0.3255612850189209,167842,30000,162.0849110004201,130.4178237915039,233.47900390625
617,16.35330557823181,0.7983819246292114,0.6613530516624451,0.3036108613014221,168011,30000,162.86643399871537,128.66449356079102,233.47900390625
618,16.3652241230011,0.7967516779899597,0.6700148582458496,0.3008732497692108,168177,30000,157.8907929979323,128.59439849853516,233.47900390625
619,16.48647427558899,0.8000299334526062,0.6670800447463989,0.328500360250473,168349,30000,161.0494029991969,127.58374214172363,233.47900390625
620,16.46228790283203,0.8014512062072754,0.6697144508361816,0.31309783458709717,168523,30000,158.46029499880387,128.02767753601074,233.47900390625
621,15.964275598526001,0.7806891202926636,0.672502338886261,0.31592389941215515,168691,30000,159.32913700089557,130.00059127807617,233.47900390625
622,16.117748022079468,0.7862078547477722,0.668594479560852,0.31266912817955017,168862,30000,160.24063999793725,128.41153144836426,233.47900390625
623,16.248037815093994,0.7930662631988525,0.6636733412742615,0.32704487442970276,169031,30000,167.25997300090967,132.4782371520996,233.47900390625
624,16.333792209625244,0.7936078906059265,0.663890540599823,0.3139009177684784,169207,30000,164.11073500057682,132.06243515014648,233.47900390625
625,16.430695056915283,0.7960522174835205,0.6507584452629089,0.3033629357814789,169383,30000,161.7317920026835,130.9032440185547,233.47900390625
626,16.251344680786133,0.7900578379631042,0.6582976579666138,0.30942296981811523,169555,30000,162.17823499755468,131.59823417663574,233.47900390625
627,16.532491445541382,0.7977470755577087,0.6509735584259033,0.31210118532180786,169726,30000,163.25677599888877,127.56919860839844,233.47900390625
628,16.67141079902649,0.8044351935386658,0.6697040796279907,0.30859893560409546,169899,30000,165.54252500282018,134.74464416503906,233.47900390625
629,16.76411747932434,0.8106647729873657,0.6553788185119629,0.3067466616630554,170076,30000,169.04295399945113,136.68394088745117,233.47900390625
630,16.74933433532715,0.8065024614334106,0.6568989157676697,0.3083827793598175,170253,30000,164.935807002621,132.1847438812256,233.47900390625
631,16.942542791366577,0.8123623728752136,0.649443507194519,0.31416836380958557,170423,30000,173.0455439974321,137.47072219848633,233.47900390625
632,17.015831470489502,0.8179248571395874,0.646001398563385,0.30906665325164795,170599,30000,173.84614199909265,135.25938987731934,233.47900390625
633,16.983121633529663,0.8169236183166504,0.6457555294036865,0.30831170082092285,170779,30000,178.4867780006607,138.51022720336914,233.47900390625
634,17.044836282730103,0.818688154220581,0.6507699489593506,0.30723944306373596,170950,30000,172.29509399840026,136.6569995880127,233.47900390625
635,17.03648090362549,0.8222551345825195,0.6599153280258179,0.28784477710723877,171124,30000,171.36764400129323,136.46531105041504,233.47900390625
636,17.18709111213684,0.827506422996521,0.6618956327438354,0.2875900864601135,171301,30000,187.56634300007136,138.93628120422363,233.47900390625
637,17.37024426460266,0.8334687948226929,0.6516172289848328,0.3077669143676758,171482,30000,164.17342100248788,131.1972141265869,233.47900390625
638,17.212437391281128,0.825749397277832,0.6524392366409302,0.2893487513065338,171655,30000,164.8436200011929,133.833646774292,233.47900390625
639,17.314902544021606,0.8292065858840942,0.6568487286567688,0.3085378110408783,171830,30000,167.7701079970575,130.77878952026367,233.47900390625
640,17.428184747695923,0.8358988761901855,0.6441758871078491,0.3001771569252014,171998,30000,167.17036799673224,131.39748573303223,233.47900390625
641,17.4780011177063,0.837660014629364,0.6506080031394958,0.29049959778785706,172172,30000,168.22118900017813,136.7342472076416,233.47900390625
642,17.594380378723145,0.8417571783065796,0.6473013162612915,0.29853588342666626,172347,30000,175.43241999737802,137.58039474487305,233.47900390625
643,17.61555314064026,0.845230758190155,0.6598485112190247,0.2716881036758423,172516,30000,174.35172499972396,137.92967796325684,233.47900390625
644,17.68406629562378,0.8460261225700378,0.6595970392227173,0.27800169587135315,172689,30000,167.19025000202237,133.3482265472412,233.47900390625
645,17.844160795211792,0.8501843810081482,0.6456747055053711,0.29613757133483887,172861,30000,162.25029600173002,130.40542602539062,233.47900390625
646,17.797049283981323,0.8504454493522644,0.6412742137908936,0.2932133972644806,173036,30000,164.94310599955497,134.63449478149414,233.47900390625
647,17.732337713241577,0.8466135859489441,0.6392256021499634,0.2746523320674896,173218,30000,165.17573799865204,133.2414150238037,233.47900390625
648,17.72812843322754,0.8469809293746948,0.6408425569534302,0.2771972715854645,173390,30000,168.96227299730526,130.24067878723145,233.47900390625
649,17.904049158096313,0.8504222631454468,0.6293493509292603,0.284620463848114,173567,30000,170.59325000082026,137.43329048156738,233.47900390625
650,17.83348798751831,0.8465842008590698,0.6318183541297913,0.27512994408607483,173741,30000,175.19656099830172,136.93881034851074,233.47900390625
651,17.759077548980713,0.8426061868667603,0.6374619603157043,0.28047341108322144,173917,30000,166.0799399978714,132.3258876800537,233.47900390625
652,17.82044768333435,0.845149040222168,0.6219954490661621,0.28158676624298096,174094,30000,160.74629700233345,127.25234031677246,233.47900390625
653,17.8062105178833,0.8437254428863525,0.6268163323402405,0.2735418975353241,174263,30000,154.6109549999528,123.91328811645508,233.47900390625
654,17.818424701690674,0.8426127433776855,0.6224175691604614,0.27508339285850525,174438,30000,154.09754400025122,122.84326553344727,233.47900390625
655,17.706804275512695,0.8379332423210144,0.6249232292175293,0.2790951132774353,174613,30000,157.6603180001257,123.92306327819824,233.47900390625
656,17.503156661987305,0.8287527561187744,0.6313962340354919,0.2801205813884735,174778,30000,155.11695199893438,123.14438819885254,233.47900390625
657,17.596330642700195,0.8298189043998718,0.6403981447219849,0.2771707773208618,174950,30000,157.95972499836353,122.83444404602051,233.47900390625
658,17.56065011024475,0.8279556632041931,0.6355125904083252,0.28746363520622253,175127,30000,153.01787399948807,123.74997138977051,233.47900390625
659,17.418330907821655,0.8209061622619629,0.6502469182014465,0.28501373529434204,175296,30000,153.750121997291,123.36874008178711,233.47900390625
660,17.285643815994263,0.8153806924819946,0.6581032276153564,0.2914527356624603,175466,30000,153.26215100139962,123.56257438659668,233.47900390625
661,17.197941541671753,0.8128056526184082,0.6631761789321899,0.27657368779182434,175634,30000,157.94287499738857,123.63958358764648,233.6845703125
662,17.136186361312866,0.8095840215682983,0.6549174189567566,0.28254005312919617,175806,30000,159.5748440013267,121.77443504333496,233.6845703125
663,17.088966369628906,0.8087719678878784,0.6519500017166138,0.28503289818763733,175987,30000,169.2706489993725,132.6453685760498,233.6845703125
664,17.12147831916809,0.8126046061515808,0.6527720093727112,0.2853461503982544,176164,30000,167.76108600242878,132.37476348876953,233.6845703125
665,17.12308168411255,0.8124263286590576,0.6455926895141602,0.2906428277492523,176338,30000,164.74737300086417,132.90166854858398,233.6845703125
666,17.146196365356445,0.8141652345657349,0.6457482576370239,0.2884523272514343,176512,30000,166.29422400001204,132.86328315734863,236.8798828125
667,17.234100103378296,0.8181042671203613,0.655820369720459,0.2984676957130432,176689,30000,166.56844899989665,134.446382522583,236.8798828125
668,17.23836898803711,0.8194999694824219,0.6470113396644592,0.2906447649002075,176864,30000,162.95414100022754,132.18021392822266,236.8798828125
669,17.315776348114014,0.8237485289573669,0.6465265154838562,0.28586339950561523,177036,30000,162.51613500207895,127.86269187927246,236.8798828125
670,17.389901876449585,0.828056812286377,0.6491868495941162,0.2845844626426697,177220,30000,154.35768899988034,123.61764907836914,236.8798828125
671,17.390003204345703,0.828925371170044,0.6425644755363464,0.2809436023235321,177396,30000,152.4222939988249,122.24340438842773,236.8798828125
672,17.56535530090332,0.8358003497123718,0.6374562382698059,0.2718496024608612,177571,30000,154.3802650012367,122.47395515441895,236.8798828125
673,17.60191798210144,0.8398064374923706,0.6397180557250977,0.2685818076133728,177753,30000,155.18555999733508,122.50375747680664,236.8798828125
674,17.75233507156372,0.8435399532318115,0.6367085576057434,0.26607540249824524,177939,30000,153.75872800359502,123.2917308807373,236.8798828125
675,17.787516117095947,0.8470284342765808,0.6253836154937744,0.26955941319465637,178120,30000,152.82376799950725,122.76482582092285,236.8798828125
676,17.704728841781616,0.8477574586868286,0.6369605660438538,0.2695591449737549,178300,30000,152.36690000165254,122.7729320526123,236.8798828125
677,17.87591814994812,0.8521677851676941,0.6284193396568298,0.27029260993003845,178483,30000,153.89123899876722,123.22545051574707,236.8798828125
678,17.898706197738647,0.8542435169219971,0.6194456815719604,0.25642120838165283,178664,30000,158.81139100019936,122.96652793884277,236.8798828125
679,18.035013675689697,0.8594474196434021,0.6323594450950623,0.2656865417957306,178850,30000,153.17492399844923,123.52132797241211,236.8798828125
680,18.058451414108276,0.8616520166397095,0.6350591778755188,0.2653168737888336,179036,30000,153.17018600035226,123.3205795288086,236.8798828125
681,18.278568983078003,0.8678741455078125,0.6262975931167603,0.25568756461143494,179223,30000,158.52999399794498,122.01452255249023,236.8798828125
682,18.29862356185913,0.8697938323020935,0.6214193105697632,0.2557096779346466,179406,30000,153.58549499796936,123.57640266418457,236.8798828125
683,18.364838361740112,0.8725435733795166,0.6197382211685181,0.26049962639808655,179588,30000,156.26210199843626,122.66206741333008,236.8798828125
684,18.544228076934814,0.8785333037376404,0.6160098314285278,0.26297277212142944,179778,30000,159.72048500043456,123.24953079223633,236.8798828125
685,18.623476028442383,0.8795208930969238,0.6092945337295532,0.26655322313308716,179964,30000,158.72089399999822,122.80106544494629,236.8798828125
686,18.437178134918213,0.8776912093162537,0.6078683733940125,0.26652729511260986,180152,30000,152.2130980010843,122.49612808227539,236.8798828125
687,18.61518383026123,0.8839535713195801,0.6048671007156372,0.26279860734939575,180334,30000,162.24963200147613,124.10378456115723,236.8798828125
688,18.477054834365845,0.8818528652191162,0.6007042527198792,0.2621186077594757,180518,30000,151.57012499912526,122.14326858520508,236.8798828125
689,18.373490571975708,0.8811383247375488,0.6120190024375916,0.24738427996635437,180705,30000,152.35833699989598,122.32232093811035,236.8798828125
690,18.616567850112915,0.8876380920410156,0.6093147993087769,0.26765403151512146,180891,30000,152.741303001676,122.69306182861328,236.8798828125
691,18.660225868225098,0.8891268968582153,0.6084929704666138,0.27001750469207764,181079,30000,152.75761100201635,121.94466590881348,236.8798828125
692,18.55899691581726,0.8878778219223022,0.6083613634109497,0.2598412334918976,181266,30000,155.93392599839717,125.45537948608398,239.10107421875
693,18.47347378730774,0.8875088691711426,0.6067355871200562,0.25419843196868896,181456,30000,161.34769400014193,128.06200981140137,239.10107421875
694,18.6348557472229,0.8900620341300964,0.6064092516899109,0.27703526616096497,181646,30000,161.73623300346662,127.02465057373047,239.10107421875
695,18.567309379577637,0.8904099464416504,0.6009892821311951,0.2573834955692291,181833,30000,184.928195001703,134.16075706481934,239.10107421875
696,18.441505432128906,0.8886739611625671,0.598447859287262,0.2668795883655548,182023,30000,173.15362799854483,127.26855278015137,239.10107421875
697,18.683500289916992,0.8919726610183716,0.5955325961112976,0.266561359167099,182208,30000,175.53754900291096,133.77904891967773,239.10107421875
698,18.764623403549194,0.8942145705223083,0.5994618535041809,0.2588217854499817,182400,30000,168.9844840002479,134.52816009521484,239.10107421875
699,18.931450843811035,0.8982069492340088,0.586643397808075,0.2568223476409912,182592,30000,159.70083199863438,126.44052505493164,239.10107421875
700,18.852099180221558,0.895654559135437,0.590814471244812,0.24901509284973145,145897,30000,180.72679699980654,133.42952728271484,239.10107421875
701,18.743849992752075,0.8906347155570984,0.597100019454956,0.2617257535457611,146178,30000,168.1774349999614,135.36381721496582,239.10107421875
702,18.84785771369934,0.8911356925964355,0.5966897010803223,0.2624703347682953,146458,30000,156.11213500233134,125.87118148803711,239.10107421875
703,18.834962844848633,0.8945342898368835,0.5851214528083801,0.271492600440979,146718,30000,156.37238799899933,125.80013275146484,239.10107421875
704,18.844995498657227,0.8963727951049805,0.592162013053894,0.26755422353744507,146968,30000,171.9624949982972,135.60891151428223,239.10107421875
705,18.900578022003174,0.8978111147880554,0.5989654064178467,0.25872817635536194,147226,30000,171.40067299988004,137.02106475830078,239.10107421875
706,18.85156512260437,0.8950656652450562,0.5964961051940918,0.2732287347316742,147490,30000,168.14317099851905,134.59277153015137,239.10107421875
707,18.77081036567688,0.8934426307678223,0.6044010519981384,0.26580649614334106,147758,30000,167.0081010015565,135.42962074279785,239.10107421875
708,18.77619743347168,0.8940037488937378,0.5979468822479248,0.26790449023246765,148031,30000,167.9480290003994,134.965181350708,239.10107421875
709,18.775681257247925,0.8930230140686035,0.6008831262588501,0.26450443267822266,148299,30000,166.69169699889608,134.21893119812012,239.10107421875
710,18.854094743728638,0.8946155309677124,0.603172779083252,0.27732613682746887,148570,30000,157.62516899849288,126.44648551940918,239.10107421875
711,19.00297522544861,0.8992507457733154,0.6054686903953552,0.2617298364639282,148843,30000,151.97474700107705,123.27718734741211,239.10107421875
712,19.084863662719727,0.8983101844787598,0.5974376201629639,0.24515697360038757,149108,30000,153.1454340001801,123.31366539001465,239.10107421875
713,19.0739643573761,0.8991174697875977,0.5961108207702637,0.26068955659866333,149378,30000,150.7166049996158,122.24364280700684,239.10107421875
714,19.126057624816895,0.9017034769058228,0.5956649780273438,0.25751426815986633,149652,30000,152.54247000120813,123.65198135375977,239.10107421875
715,19.267160892486572,0.9031736254692078,0.5866318941116333,0.2610315680503845,149925,30000,159.89142599937622,130.21516799926758,239.10107421875
716,19.320061206817627,0.9057059288024902,0.58713299036026,0.2504226267337799,150198,30000,167.39877299914951,134.3677043914795,239.10107421875
717,19.371978044509888,0.9075881838798523,0.5813486576080322,0.2569374442100525,150466,30000,156.51605899984133,125.16021728515625,239.10107421875
718,19.1916024684906,0.9022843241691589,0.57837975025177,0.24534690380096436,150740,30000,165.72267400260898,135.41412353515625,239.10107421875
719,19.255458116531372,0.9047676920890808,0.5828609466552734,0.2523602247238159,151011,30000,174.87806799908867,135.18333435058594,239.10107421875
720,19.37993884086609,0.9073383212089539,0.5820598602294922,0.2549295723438263,151284,30000,154.70437300245976,124.76873397827148,239.10107421875
721,19.414619207382202,0.9074730277061462,0.5783679485321045,0.2488596886396408,151559,30000,167.63466900010826,134.41753387451172,239.10107421875
722,19.475117921829224,0.9084178805351257,0.5744003057479858,0.25708600878715515,151834,30000,170.18618600195623,134.62185859680176,239.10107421875
723,19.495327472686768,0.9094948768615723,0.5712900161743164,0.25325077772140503,152111,30000,170.66310999871348,136.31463050842285,239.10107421875
724,19.5327365398407,0.9097949266433716,0.5718634128570557,0.25507524609565735,152381,30000,174.99064300136524,133.85987281799316,239.10107421875
725,19.3954598903656,0.9091418981552124,0.5653401613235474,0.23428334295749664,152654,30000,163.81233699939912,132.38167762756348,239.10107421875
726,19.527385234832764,0.9113987684249878,0.5569944381713867,0.23439058661460876,152928,30000,153.58183900025324,124.30381774902344,239.10107421875
727,19.531995058059692,0.9106385111808777,0.5540883541107178,0.24716892838478088,153201,30000,161.3777669990668,128.68928909301758,239.10107421875
728,19.53723669052124,0.9098300337791443,0.5591078400611877,0.23665377497673035,153473,30000,168.16719399866997,134.7341537475586,239.10107421875
729,19.698851108551025,0.9127015471458435,0.5615724325180054,0.24502933025360107,153745,30000,170.62114300279063,132.523775100708,239.10107421875
730,19.68787431716919,0.9131187200546265,0.5614227056503296,0.24791869521141052,154018,30000,161.05649399833055,129.61292266845703,239.10107421875
731,19.55827236175537,0.9117889404296875,0.5562520027160645,0.23511157929897308,154287,30000,164.1932380007347,129.36139106750488,239.10107421875
732,19.68322515487671,0.9139695167541504,0.5529618859291077,0.2348252534866333,154554,30000,165.24009400018258,128.2970905303955,239.10107421875
733,19.59014892578125,0.9123907089233398,0.5418363809585571,0.24352779984474182,154828,30000,166.07033599939314,129.72450256347656,239.10107421875
734,19.509047269821167,0.9118136763572693,0.5417308211326599,0.2375267744064331,155095,30000,158.73192900107824,126.99675559997559,239.10107421875
735,19.657872915267944,0.9139821529388428,0.5356485843658447,0.23076435923576355,155369,30000,158.4660820008139,129.0872097015381,239.10107421875
736,19.785789251327515,0.9158341288566589,0.5308385491371155,0.239768847823143,155641,30000,161.77388799769687,130.9366226196289,239.10107421875
737,19.57303285598755,0.9119516611099243,0.5274162888526917,0.23511706292629242,155912,30000,158.2651069984422,127.6860237121582,239.10107421875
738,19.33464288711548,0.9081950187683105,0.5421773195266724,0.23852363228797913,156177,30000,167.2100469986617,130.04183769226074,239.10107421875
739,19.247533082962036,0.9075601100921631,0.553141713142395,0.2290826290845871,156438,30000,160.24284000013722,127.16197967529297,239.10107421875
740,19.535945653915405,0.91131991147995,0.5523630380630493,0.2318924367427826,156693,30000,157.5737580023997,127.57301330566406,239.10107421875
741,19.60418939590454,0.9129002094268799,0.5469000935554504,0.2339514046907425,156954,30000,157.31627000059234,128.41105461120605,239.10107421875
742,18.759047985076904,0.899026095867157,0.5526847243309021,0.23806551098823547,157209,30000,162.7536499981943,129.50897216796875,239.10107421875
743,18.756409883499146,0.8984300494194031,0.5569771528244019,0.22716569900512695,157468,30000,159.82716199869174,128.49092483520508,239.10107421875
744,19.18946385383606,0.906322181224823,0.5574594736099243,0.22300639748573303,157728,30000,159.11004599911394,127.57515907287598,239.10107421875
745,19.392210245132446,0.9095902442932129,0.5621304512023926,0.2310296595096588,157985,30000,158.51329200086184,128.23104858398438,239.10107421875
746,19.456900358200073,0.9096049666404724,0.5576058626174927,0.22673127055168152,158237,30000,157.82396700160461,128.03339958190918,239.10107421875
747,19.346187114715576,0.9079025983810425,0.5651893615722656,0.23257486522197723,158491,30000,162.27392299697385,129.16207313537598,239.10107421875
748,19.383689165115356,0.9089517593383789,0.5640063285827637,0.22420956194400787,158746,30000,165.42584899798385,128.8752555847168,239.10107421875
749,19.469001293182373,0.9093145132064819,0.5677818059921265,0.2223493903875351,158999,30000,159.56659999937983,128.02386283874512,239.10107421875
750,19.41104292869568,0.9079763889312744,0.5724712610244751,0.23893935978412628,159250,30000,158.70266600177274,128.23820114135742,239.10107421875
751,19.302806854248047,0.9061069488525391,0.5584293603897095,0.2360171526670456,159502,30000,159.55954200035194,129.51087951660156,239.10107421875
752,19.371135234832764,0.9067782163619995,0.557475209236145,0.2366671860218048,159749,30000,161.3488269977097,128.8151741027832,239.10107421875
753,19.220762252807617,0.904204249382019,0.5669459104537964,0.22847111523151398,159996,30000,160.65304999938235,128.35931777954102,239.10107421875
754,19.14051651954651,0.903336226940155,0.5540493726730347,0.21361525356769562,160243,30000,161.00330599874724,129.18329238891602,239.10107421875
755,19.221601486206055,0.9033207893371582,0.5605948567390442,0.21525323390960693,160489,30000,159.02795999863883,128.07965278625488,239.10107421875
756,19.160419702529907,0.9021821022033691,0.5616205334663391,0.23224706947803497,160738,30000,162.8197719983291,131.32262229919434,239.10107421875
757,18.837720155715942,0.8964613676071167,0.5622137784957886,0.21750235557556152,160984,30000,159.65965700161178,128.9825439453125,239.10107421875
758,18.914798498153687,0.8973082304000854,0.5623435974121094,0.2185690850019455,161221,30000,158.76787500019418,128.04126739501953,239.10107421875
759,19.046624898910522,0.8990707397460938,0.5583537220954895,0.2348003089427948,161460,30000,158.99324600104592,126.68752670288086,239.10107421875
760,18.941240310668945,0.8972923755645752,0.5520821809768677,0.22273461520671844,161699,30000,157.97110399944359,127.89487838745117,239.10107421875
761,18.984028100967407,0.8976086378097534,0.5537303686141968,0.21893373131752014,161932,30000,158.22298400235013,128.7684440612793,239.10107421875
762,18.9711332321167,0.8970439434051514,0.558243989944458,0.22749082744121552,162168,30000,158.307263001916,127.8529167175293,239.10107421875
763,18.905121088027954,0.8963261842727661,0.5636536478996277,0.21189311146736145,162397,30000,159.0067290017032,128.03173065185547,239.10107421875
764,18.989068269729614,0.8969156742095947,0.5611346364021301,0.24493682384490967,162630,30000,158.61840799698257,127.96711921691895,239.10107421875
765,19.047096967697144,0.8984233140945435,0.5580105781555176,0.21968726813793182,162860,30000,158.1594250019407,128.52978706359863,239.10107421875
766,18.937466144561768,0.8955349922180176,0.5617681741714478,0.2296341210603714,163089,30000,161.5276279990212,130.62620162963867,239.10107421875
767,18.999955654144287,0.8966962695121765,0.5572022199630737,0.2204345017671585,163316,30000,160.6532519981556,129.62079048156738,239.10107421875
768,19.08232092857361,0.8988087177276611,0.5503705143928528,0.2252667099237442,163541,30000,160.68806199837127,127.86507606506348,239.10107421875
769,19.016358852386475,0.8959409594535828,0.546680212020874,0.21735358238220215,163769,30000,163.24062899730052,130.74040412902832,239.10107421875
770,18.91152858734131,0.8946781158447266,0.5586256980895996,0.2317129373550415,163992,30000,161.60023600241402,128.58319282531738,239.10107421875
771,18.976811170578003,0.8965815901756287,0.5536098480224609,0.22105538845062256,164215,30000,159.97984999921755,130.157470703125,239.10107421875
772,18.907707929611206,0.8939458727836609,0.550038754940033,0.2220962941646576,164435,30000,164.99787899738294,129.29320335388184,239.10107421875
773,18.816847801208496,0.8933379650115967,0.5548892021179199,0.22133201360702515,164648,30000,162.50229499928537,129.45079803466797,239.10107421875
774,18.788702487945557,0.8932754993438721,0.5482602119445801,0.21084482967853546,164863,30000,161.46254499835777,129.4393539428711,239.10107421875
775,18.79785180091858,0.8931125402450562,0.5498924255371094,0.22220061719417572,165076,30000,159.93634999904316,128.50117683410645,239.10107421875
776,18.756190538406372,0.8918524980545044,0.5508943200111389,0.23384162783622742,165289,30000,161.61553299752995,130.52129745483398,239.10107421875
777,18.54615569114685,0.8883771896362305,0.558052659034729,0.22453521192073822,165503,30000,160.22148400224978,129.35972213745117,239.10107421875
778,18.63446354866028,0.8874625563621521,0.559290885925293,0.22038573026657104,165711,30000,160.75322600227082,128.39221954345703,239.10107421875
779,18.450980186462402,0.8854243159294128,0.5627272725105286,0.22958596050739288,165922,30000,164.71511399868177,129.56738471984863,239.10107421875
780,18.576393127441406,0.8869190216064453,0.5685844421386719,0.2192213386297226,166123,30000,162.30746599831036,129.49442863464355,239.10107421875
781,18.472846746444702,0.8837013244628906,0.5670340657234192,0.20284883677959442,166328,30000,162.82718100046623,129.9748420715332,239.10107421875
782,18.541253805160522,0.8843785524368286,0.5665428042411804,0.2287604808807373,166530,30000,160.61634499783395,129.38165664672852,239.10107421875
783,18.486497402191162,0.8837524652481079,0.5670101046562195,0.21728120744228363,166728,30000,161.49661199960974,127.81214714050293,239.10107421875
784,18.39115023612976,0.8816091418266296,0.5640963315963745,0.22918476164340973,166926,30000,162.17656599837937,128.3700466156006,239.10107421875
785,18.417415618896484,0.8829101920127869,0.5683549046516418,0.21543294191360474,167124,30000,166.09905100267497,130.98669052124023,239.10107421875
786,18.231585025787354,0.879102349281311,0.5661051869392395,0.2231021374464035,167318,30000,167.44231199845672,128.65710258483887,239.10107421875
787,18.20725917816162,0.8780107498168945,0.5767005085945129,0.2215195596218109,167512,30000,162.0120199986559,130.73015213012695,239.10107421875
788,18.195520639419556,0.8776034712791443,0.5723251104354858,0.22935466468334198,167709,30000,158.6748699992313,128.16095352172852,239.10107421875
789,18.227070569992065,0.8776311278343201,0.569350004196167,0.21680131554603577,167902,30000,166.7199490002531,135.23340225219727,239.10107421875
790,18.229180574417114,0.8764218091964722,0.5731602907180786,0.24412809312343597,168098,30000,164.1239989985479,128.13305854797363,239.10107421875
791,18.26114535331726,0.8771178126335144,0.5662667751312256,0.22960631549358368,168288,30000,160.74679600205855,128.58915328979492,239.10107421875
792,18.22435975074768,0.8751266002655029,0.5722697377204895,0.23214691877365112,168469,30000,165.5844849992718,128.3869743347168,239.10107421875
793,18.23352575302124,0.8754602670669556,0.5765960216522217,0.2186833620071411,168658,30000,160.9326889993099,129.81271743774414,239.10107421875
794,18.273894786834717,0.877048671245575,0.5774891376495361,0.2186422497034073,168848,30000,166.80701600125758,129.6212673187256,239.10107421875
795,18.247599601745605,0.8760260343551636,0.5878143310546875,0.22446128726005554,169033,30000,160.19505000076606,128.7825107574463,239.10107421875
796,18.206430673599243,0.8745695352554321,0.5890294909477234,0.22238552570343018,169214,30000,164.08891200262588,128.3397674560547,239.10107421875
797,18.242084980010986,0.8743722438812256,0.5912185907363892,0.2236117720603943,169400,30000,163.69294099786202,128.44514846801758,239.10107421875
798,18.211939334869385,0.8744341731071472,0.59097820520401,0.2293606847524643,169584,30000,163.63748099684017,130.62334060668945,239.10107421875
799,18.219999074935913,0.8750325441360474,0.5873388648033142,0.2336495816707611,169768,30000,162.54511199804256,129.8060417175293,239.10107421875
800,18.262263536453247,0.8757256865501404,0.5756223797798157,0.23083412647247314,157022,30000,170.49743999814382,130.03945350646973,239.10107421875
801,18.2099449634552,0.8848039507865906,0.561562180519104,0.2208525836467743,157217,30000,163.32310500001768,129.15897369384766,239.10107421875
802,18.278472423553467,0.8861260414123535,0.5565727353096008,0.23078417778015137,157412,30000,160.89011499934713,129.18663024902344,239.10107421875
803,18.322014808654785,0.8871970176696777,0.5545642375946045,0.22736842930316925,157604,30000,177.76188100106083,146.3320255279541,239.10107421875
804,18.21008563041687,0.8868520259857178,0.5446656942367554,0.23237554728984833,157800,30000,165.39354999986244,130.2797794342041,239.10107421875
805,18.24641704559326,0.8874635696411133,0.5504158139228821,0.23897570371627808,157991,30000,159.3507010002213,128.71956825256348,239.10107421875
806,18.194053173065186,0.8865777850151062,0.5511148571968079,0.2389039397239685,158186,30000,160.66688700084342,129.35662269592285,239.10107421875
807,18.15029740333557,0.8862918615341187,0.548803448677063,0.2205352485179901,158380,30000,166.24869800216402,128.21173667907715,239.10107421875
808,18.238444328308105,0.8883875608444214,0.5474669337272644,0.22992587089538574,158575,30000,157.94856999855256,128.13401222229004,239.10107421875
809,18.201981782913208,0.8865458965301514,0.5531105995178223,0.23932960629463196,158771,30000,159.86942400195403,129.29844856262207,239.10107421875
810,18.203251361846924,0.885919988155365,0.549293041229248,0.2307489514350891,158966,30000,162.36748799929046,130.58137893676758,239.10107421875
811,18.172754049301147,0.8858065009117126,0.5557353496551514,0.22834807634353638,159156,30000,164.9200390020269,128.91101837158203,239.10107421875
812,18.150100708007812,0.8856746554374695,0.5588129162788391,0.23432700335979462,159349,30000,161.50208600083715,128.31830978393555,239.10107421875
813,18.081196546554565,0.8833050727844238,0.5607748031616211,0.240669846534729,159539,30000,159.9473809983465,127.43163108825684,239.10107421875
814,18.089042901992798,0.8844837546348572,0.5581005215644836,0.23194153606891632,159730,30000,166.61380300138262,130.0511360168457,239.10107421875
815,18.052040338516235,0.8830341696739197,0.5515414476394653,0.24374888837337494,159919,30000,163.25434299869812,127.82907485961914,239.10107421875
816,17.97929883003235,0.8810027837753296,0.5471558570861816,0.22903528809547424,160113,30000,162.1400440017169,130.53417205810547,239.10107421875
817,17.958805561065674,0.8816479444503784,0.5514818429946899,0.23436115682125092,160303,30000,159.40741599843022,129.19354438781738,239.10107421875
818,17.919918298721313,0.8796402215957642,0.5450911521911621,0.22525805234909058,160497,30000,160.90030200211913,129.9448013305664,239.10107421875
819,17.90065050125122,0.880086362361908,0.5479464530944824,0.2267482429742813,160687,30000,162.1894189993327,129.1792392730713,239.10107421875
820,17.81466007232666,0.8772544860839844,0.5585875511169434,0.23573733866214752,160877,30000,164.92907000065316,131.5000057220459,239.10107421875
821,17.789692878723145,0.8766371607780457,0.550464928150177,0.23747171461582184,161068,30000,160.06203500000993,127.30932235717773,239.10107421875
822,17.776697874069214,0.8778594732284546,0.5523418188095093,0.23312583565711975,161257,30000,158.40780600046855,128.1900405883789,239.10107421875
823,17.755627632141113,0.8768350481987,0.5492010116577148,0.24093970656394958,161446,30000,157.43857300185482,127.89702415466309,239.10107421875
824,17.638102769851685,0.873875081539154,0.5536065101623535,0.23789837956428528,161636,30000,159.22910500012222,128.16309928894043,239.10107421875
825,17.64047622680664,0.8737840056419373,0.5504699945449829,0.23653748631477356,161824,30000,161.41269099898636,130.0351619720459,239.10107421875
826,17.626967430114746,0.8726722598075867,0.5459722876548767,0.23396036028862,162017,30000,161.09568899992155,128.67403030395508,239.10107421875
827,17.483978271484375,0.8677157759666443,0.5666027665138245,0.2313322126865387,162201,30000,162.79192000001785,127.27522850036621,239.10107421875
828,17.468725442886353,0.8682574033737183,0.5673776268959045,0.22790375351905823,162387,30000,161.22698999970453,127.5942325592041,239.10107421875
829,17.41628885269165,0.8675202131271362,0.5637708306312561,0.22984282672405243,162575,30000,164.36281400092412,128.99208068847656,239.10107421875
830,17.436587810516357,0.8668376803398132,0.5709118843078613,0.23327459394931793,162763,30000,166.75184300038381,128.2784938812256,239.10107421875
831,17.4118971824646,0.8680623769760132,0.5721263885498047,0.22664998471736908,162952,30000,166.1464259996137,129.81629371643066,239.10107421875
832,17.425609827041626,0.8680552244186401,0.5698437690734863,0.22439853847026825,163134,30000,168.73895000026096,128.84855270385742,239.10107421875
833,17.401480674743652,0.8692343235015869,0.5699853897094727,0.23156800866127014,163321,30000,170.77478999999585,129.41408157348633,239.10107421875
834,17.337888479232788,0.865454912185669,0.5823190808296204,0.2267085313796997,163504,30000,162.8892690023349,131.31952285766602,239.10107421875
835,17.29435086250305,0.8642582297325134,0.5835146903991699,0.22206543385982513,163687,30000,160.07058000104735,128.46994400024414,239.10107421875
836,17.021714448928833,0.8540610074996948,0.5840635299682617,0.2218552678823471,163864,30000,161.4766739985498,128.52239608764648,239.10107421875
837,17.080615758895874,0.8569900393486023,0.5869336128234863,0.22692319750785828,164046,30000,160.89898200152675,129.42886352539062,239.10107421875
838,17.020087242126465,0.8563196659088135,0.5793944597244263,0.22343607246875763,164227,30000,165.29454400006216,131.14452362060547,239.10107421875
839,17.31277108192444,0.863351583480835,0.5764448046684265,0.220617413520813,164407,30000,162.02996799984248,127.92420387268066,239.10107421875
840,17.423487901687622,0.8672323226928711,0.574733316898346,0.23726992309093475,164586,30000,164.2969530003029,128.8764476776123,239.10107421875
841,17.338260412216187,0.8649542331695557,0.5786219835281372,0.23412682116031647,164768,30000,159.5908329982194,128.48925590515137,239.10107421875
842,17.353599071502686,0.8652615547180176,0.5857576131820679,0.22556665539741516,164950,30000,164.27412999837543,128.72028350830078,239.10107421875
843,17.360738515853882,0.8659643530845642,0.5919800996780396,0.22525672614574432,165131,30000,166.50812099760515,129.73403930664062,239.10107421875
844,17.237367630004883,0.8621756434440613,0.5897061228752136,0.23059439659118652,165313,30000,164.12390999903437,127.7170181274414,239.10107421875
845,17.38671898841858,0.8670778274536133,0.5918371677398682,0.23612846434116364,165493,30000,162.08562300016638,127.89463996887207,239.10107421875
846,17.432421445846558,0.8680146932601929,0.6009311676025391,0.23354864120483398,165673,30000,160.51359699849854,128.80945205688477,239.10107421875
847,17.462713718414307,0.8695568442344666,0.605437695980072,0.23505961894989014,165852,30000,161.44722999888472,130.04612922668457,239.10107421875
848,17.43119478225708,0.8691660761833191,0.6134164333343506,0.23214474320411682,166035,30000,165.66971499923966,128.60727310180664,239.10107421875
849,17.386901378631592,0.8684091567993164,0.6089436411857605,0.23620018362998962,166217,30000,166.11178500170354,127.11668014526367,239.10107421875
850,17.31447696685791,0.8675591349601746,0.6170655488967896,0.23576967418193817,166394,30000,175.17061800026568,131.5600872039795,239.10107421875
851,17.317668199539185,0.869257926940918,0.6159714460372925,0.2344348281621933,166572,30000,165.46577299959608,127.43639945983887,239.10107421875
852,17.292723655700684,0.869276762008667,0.61849045753479,0.22432057559490204,166753,30000,167.34291199827567,126.18565559387207,239.10107421875
853,17.17668890953064,0.8655800819396973,0.6187487840652466,0.22860662639141083,166930,30000,337.0378309991793,128.54385375976562,239.10107421875
854,17.167433500289917,0.8660520911216736,0.6144459843635559,0.2240246832370758,167109,30000,165.0116849996266,128.8738250732422,239.10107421875
855,17.17809557914734,0.8667742609977722,0.6111297607421875,0.2292582243680954,167288,30000,160.65519000039785,128.7078857421875,239.10107421875
856,17.118159532546997,0.86474609375,0.6162402629852295,0.221919983625412,167468,30000,167.30582900345325,130.1901340484619,239.10107421875
857,17.04241156578064,0.8640506267547607,0.6124187707901001,0.21508647501468658,167646,30000,162.27185399839072,126.38592720031738,239.10107421875
858,17.00043559074402,0.8611946105957031,0.6150474548339844,0.22006648778915405,167818,30000,160.61131799870054,126.89661979675293,239.10107421875
859,16.952650547027588,0.8587324023246765,0.613781750202179,0.21912381052970886,167997,30000,161.36172999904375,129.24599647521973,239.10107421875
860,16.869308948516846,0.8566776514053345,0.6071254014968872,0.22396352887153625,168175,30000,162.36052200110862,127.67505645751953,239.10107421875
861,16.635373830795288,0.847787082195282,0.6147662997245789,0.21140940487384796,168353,30000,164.2890980001539,127.97164916992188,239.10107421875
862,16.80052161216736,0.8505468368530273,0.6200724244117737,0.22135323286056519,168522,30000,160.5771040012769,128.23796272277832,239.10107421875
863,16.823577880859375,0.8508561849594116,0.6161160469055176,0.22461114823818207,168698,30000,160.28189799908432,129.3048858642578,239.10107421875
864,16.83565378189087,0.8504133224487305,0.6129428148269653,0.21212612092494965,168871,30000,159.4576120005513,128.3717155456543,239.10107421875
865,16.86069130897522,0.851292610168457,0.605768084526062,0.21475417912006378,169039,30000,159.680393000599,128.37910652160645,239.10107421875
866,16.895471811294556,0.851512610912323,0.6006900668144226,0.2263498455286026,169214,30000,173.06584999823826,130.21397590637207,239.10107421875
867,16.923809051513672,0.8531519174575806,0.5983651876449585,0.22062581777572632,169390,30000,160.4423129974748,129.08387184143066,239.10107421875
868,16.91746950149536,0.854541003704071,0.5913151502609253,0.22155223786830902,169563,30000,161.51481199995033,128.56268882751465,239.10107421875
869,16.923012733459473,0.8545422554016113,0.5903933048248291,0.21989062428474426,169736,30000,162.08102000018698,129.3182373046875,239.10107421875
870,16.916725635528564,0.8545466661453247,0.5904297828674316,0.22089198231697083,169908,30000,163.00235899689142,129.25171852111816,239.10107421875
871,16.903929710388184,0.8543049097061157,0.5921114087104797,0.22269631922245026,170083,30000,161.16103600143106,128.6008358001709,239.10107421875
872,16.94039225578308,0.8559138178825378,0.5931576490402222,0.22097007930278778,170255,30000,161.12297200015746,130.08737564086914,239.10107421875
873,17.01633930206299,0.8567216396331787,0.5929282903671265,0.21535910665988922,170433,30000,162.11709799972596,127.72130966186523,239.10107421875
874,16.90723180770874,0.8555862307548523,0.5952845811843872,0.2264881730079651,170605,30000,161.86046700022416,129.09460067749023,239.10107421875
875,16.87909483909607,0.8539364337921143,0.5955780744552612,0.22262966632843018,170778,30000,169.33775700090337,135.4660987854004,239.10107421875
876,16.843018531799316,0.853979766368866,0.598590612411499,0.2163386195898056,170951,30000,162.13683300156845,128.00335884094238,239.10107421875
877,16.865050792694092,0.8562805652618408,0.5840721726417542,0.22228720784187317,171127,30000,170.63811799744144,132.01618194580078,239.10107421875
878,16.66136145591736,0.8493525385856628,0.5990074276924133,0.21985046565532684,171305,30000,164.12099399894942,129.11701202392578,239.10107421875
879,16.873613595962524,0.8549915552139282,0.5997147560119629,0.2109859585762024,171481,30000,163.7145970016718,130.63836097717285,239.10107421875
880,16.784921884536743,0.8524177074432373,0.6048705577850342,0.21964408457279205,171654,30000,167.82876100114663,128.9048194885254,239.10107421875
881,16.785273551940918,0.8522831201553345,0.6074104309082031,0.2160731852054596,171826,30000,160.44071999931475,128.95703315734863,239.10107421875
882,16.79823398590088,0.8530727624893188,0.6041249632835388,0.21392416954040527,172000,30000,161.4322519999405,128.62062454223633,239.10107421875
883,16.82338237762451,0.8541303873062134,0.6041345000267029,0.21252134442329407,172178,30000,162.22584600109258,129.29654121398926,239.10107421875
884,16.788220405578613,0.8523473739624023,0.6082030534744263,0.20898333191871643,172356,30000,163.58926899920334,131.14261627197266,239.10107421875
885,16.810858249664307,0.8527377843856812,0.6027523875236511,0.22517888247966766,172532,30000,160.20872199806035,129.2133331298828,239.10107421875
886,16.83929681777954,0.8539811968803406,0.6063932776451111,0.21940654516220093,172708,30000,162.11841300173546,128.8142204284668,239.10107421875
887,16.853530406951904,0.8548771142959595,0.6031448245048523,0.21637476980686188,172883,30000,164.8400580015732,128.41105461120605,239.10107421875
888,16.791435480117798,0.8523270487785339,0.6132633686065674,0.22073736786842346,173057,30000,163.49135400014347,128.98612022399902,239.10107421875
889,16.791399717330933,0.8514400720596313,0.6079244613647461,0.20837321877479553,173234,30000,167.37267700227676,131.15239143371582,239.10107421875
890,16.740894317626953,0.8508562445640564,0.6089838743209839,0.21339595317840576,173408,30000,162.82400199997937,130.04112243652344,239.10107421875
891,16.856249570846558,0.8533892631530762,0.600862979888916,0.21370510756969452,173584,30000,162.36425899842288,129.1177272796631,239.10107421875
892,16.813137531280518,0.8543311953544617,0.6163091659545898,0.19983749091625214,173760,30000,167.10425000201212,129.40359115600586,239.10107421875
893,16.85187816619873,0.856361985206604,0.6192578077316284,0.2037350833415985,173935,30000,162.83814299822552,129.62961196899414,239.10107421875
894,16.89632773399353,0.8565213084220886,0.6243026256561279,0.21113547682762146,174107,30000,164.2527300027723,130.5525302886963,239.10107421875
895,16.842069625854492,0.8551761507987976,0.6241207122802734,0.20246025919914246,174283,30000,161.2423519982258,130.1109790802002,239.10107421875
896,16.953071355819702,0.8569358587265015,0.6209510564804077,0.19943197071552277,174461,30000,162.86024999863002,127.38370895385742,239.10107421875
897,17.005202770233154,0.8575674891471863,0.6274521946907043,0.20645810663700104,174635,30000,164.91451199908624,131.75630569458008,239.10107421875
898,16.741154193878174,0.8500906825065613,0.6277436017990112,0.20333708822727203,174808,30000,166.95289099880029,131.34312629699707,239.10107421875
899,16.81207537651062,0.8521591424942017,0.6389631032943726,0.20045235753059387,174984,30000,166.17149300145684,127.71034240722656,239.10107421875
900,16.80729866027832,0.8534905910491943,0.6325288414955139,0.1948179006576538,171713,30000,170.6593310009339,129.26888465881348,239.10107421875
901,16.756221055984497,0.8535149097442627,0.6348924040794373,0.1895165741443634,171903,30000,164.37153600054444,128.36575508117676,239.10107421875
902,16.69005036354065,0.8501510620117188,0.6299013495445251,0.18506257236003876,172094,30000,165.98947400052566,131.988525390625,239.10107421875
903,16.761070489883423,0.8527411818504333,0.6269524097442627,0.19355390965938568,172287,30000,171.33222600023146,134.5372200012207,239.10107421875
904,16.755510568618774,0.8528764247894287,0.6247456669807434,0.19226418435573578,172474,30000,171.99881100168568,135.24603843688965,239.10107421875
905,16.720154285430908,0.8532835841178894,0.6179701685905457,0.18875570595264435,172663,30000,168.33906800093246,131.8337917327881,239.10107421875
906,16.766715049743652,0.8544461727142334,0.625773549079895,0.19954288005828857,172855,30000,165.06969799957005,128.7379264831543,239.10107421875
907,16.694011688232422,0.8530837893486023,0.6188597679138184,0.196184441447258,173046,30000,161.86812600062694,129.13084030151367,239.10107421875
908,16.683349609375,0.8546697497367859,0.6131033897399902,0.18633927404880524,173235,30000,160.1336200001242,126.92141532897949,239.10107421875
909,16.661810874938965,0.8549129962921143,0.6076578497886658,0.18025368452072144,173423,30000,160.2231769975333,127.9456615447998,239.10107421875
910,16.579666137695312,0.853543221950531,0.6048771739006042,0.1777617484331131,173611,30000,160.64468700278667,128.5078525543213,239.10107421875
911,16.597014665603638,0.8539974689483643,0.6164684891700745,0.1776207536458969,173796,30000,159.8917689989321,127.90250778198242,239.10107421875
912,16.585266590118408,0.855184018611908,0.6087832450866699,0.18007181584835052,173981,30000,160.90509800051223,128.74841690063477,239.10107421875
913,16.566636562347412,0.8555083274841309,0.6136589050292969,0.17590638995170593,174167,30000,162.84069000175805,128.0233860015869,239.10107421875
914,16.68597102165222,0.8588719367980957,0.6169006824493408,0.1676778942346573,174352,30000,159.71764599817107,127.9153823852539,239.10107421875
915,16.734349727630615,0.8617204427719116,0.6127070188522339,0.16234485805034637,174537,30000,158.69582700179308,128.0226707458496,239.10107421875
916,16.840232610702515,0.8630632162094116,0.6073885560035706,0.17109575867652893,174721,30000,162.28177200173377,129.3935775756836,239.10107421875
917,16.832873821258545,0.8655394315719604,0.5988098382949829,0.1667294055223465,174902,30000,160.82719300175086,128.7670135498047,239.10107421875
918,16.871687173843384,0.8650608062744141,0.5934064984321594,0.16222210228443146,175085,30000,161.32823400039342,127.33292579650879,239.10107421875
919,16.90175771713257,0.8666021227836609,0.596755862236023,0.16608446836471558,175266,30000,162.15918899979442,127.47740745544434,239.10107421875
920,16.963284015655518,0.8678736686706543,0.5972737073898315,0.1664084941148758,175445,30000,159.12336600013077,128.40938568115234,239.10107421875
921,16.968926191329956,0.8680822849273682,0.5928959250450134,0.1696806252002716,175619,30000,162.01802299838164,129.98056411743164,239.10107421875
922,17.00540781021118,0.868557333946228,0.5875235795974731,0.1661730706691742,175795,30000,159.44413500255905,128.58223915100098,239.10107421875
923,17.023316621780396,0.8685960173606873,0.5946112275123596,0.16684140264987946,175976,30000,161.6724189989327,128.95774841308594,239.10107421875
924,17.021799087524414,0.8685128688812256,0.5920318365097046,0.16987344622612,176154,30000,162.9609840019839,130.141019821167,239.10107421875
925,17.09006667137146,0.8700425624847412,0.5855094790458679,0.1687496453523636,176331,30000,161.36839799946756,128.19814682006836,239.10107421875
926,17.136491537094116,0.8713855743408203,0.583918035030365,0.16514240205287933,176507,30000,165.0184950012772,130.30242919921875,239.10107421875
927,17.070952653884888,0.8685504794120789,0.5750254392623901,0.17470072209835052,176683,30000,162.69705400191015,128.69644165039062,239.10107421875
928,16.883244514465332,0.8624544143676758,0.591491162776947,0.16906635463237762,176856,30000,162.92972000155714,129.1215419769287,239.892578125
929,16.836888790130615,0.8602020740509033,0.5952480435371399,0.16845333576202393,177032,30000,162.52684299979592,130.02705574035645,239.892578125
930,16.78061008453369,0.8577965497970581,0.5918854475021362,0.17151789367198944,177201,30000,163.5401620005723,130.03134727478027,239.892578125
931,16.4629328250885,0.848014235496521,0.6010509729385376,0.1690353900194168,177374,30000,167.18803199910326,129.29248809814453,239.892578125
932,16.165436506271362,0.8369818925857544,0.6132490634918213,0.1699160933494568,177546,30000,162.17163300098036,128.68237495422363,239.892578125
933,16.16768717765808,0.8351308107376099,0.6247638463973999,0.1674988865852356,177715,30000,166.6771800009883,130.2337646484375,239.892578125
934,16.201199293136597,0.8357860445976257,0.626467227935791,0.16738875210285187,177887,30000,164.64945199913927,130.7692527770996,239.892578125
935,16.22476577758789,0.8379414081573486,0.631675124168396,0.16183383762836456,178060,30000,170.19595400051912,133.48650932312012,239.892578125
936,16.20571494102478,0.8372997641563416,0.6311531662940979,0.16431260108947754,178232,30000,167.47166099958122,129.61816787719727,239.892578125
937,16.31110668182373,0.8411366939544678,0.6297302842140198,0.1579599380493164,178402,30000,167.50890199909918,129.33659553527832,239.892578125
938,16.30877137184143,0.8414441347122192,0.6348987221717834,0.161270409822464,178571,30000,163.27524400185212,130.20944595336914,239.892578125
939,16.37032151222229,0.8436848521232605,0.641421377658844,0.15634684264659882,178739,30000,163.33250100069563,130.20610809326172,239.892578125
940,16.441962718963623,0.8446429967880249,0.636754035949707,0.15993385016918182,178906,30000,166.1567470000591,131.9572925567627,239.892578125
941,16.417793035507202,0.8440989851951599,0.6433518528938293,0.15942871570587158,179076,30000,169.66569700161926,134.67001914978027,239.892578125
942,16.489455699920654,0.8475586771965027,0.6464465260505676,0.15479841828346252,179244,30000,170.89325100096175,136.01183891296387,239.892578125
943,16.55576467514038,0.8509006500244141,0.6435499787330627,0.14735697209835052,179411,30000,164.91313899678062,128.57723236083984,242.0341796875
944,16.571017503738403,0.8517453074455261,0.6296364068984985,0.1487632393836975,179576,30000,165.42289100107155,128.74412536621094,242.0341796875
945,16.663213968276978,0.8547028303146362,0.6298927068710327,0.14174240827560425,179739,30000,169.00162099773297,131.06560707092285,242.0341796875
946,16.662710905075073,0.8543692827224731,0.6340228319168091,0.1457332819700241,179900,30000,165.41312800109154,129.19998168945312,242.0341796875
947,16.784778833389282,0.8593437075614929,0.6350177526473999,0.14033685624599457,180062,30000,167.8955479983415,129.2130947113037,242.0341796875
948,16.853829622268677,0.8621184229850769,0.6356871128082275,0.14584381878376007,180227,30000,165.70262100140098,129.02522087097168,242.0341796875
949,16.9227397441864,0.8633532524108887,0.6284579634666443,0.138486847281456,180392,30000,173.0725640009041,131.53314590454102,242.896484375
950,16.96386218070984,0.8659379482269287,0.6250039935112,0.1390131413936615,180553,30000,166.13941300238366,129.52685356140137,242.896484375
951,16.966739892959595,0.8664506673812866,0.6257808208465576,0.14732560515403748,180718,30000,163.89229999913368,128.36122512817383,242.896484375
952,17.040048837661743,0.8687825202941895,0.6197437047958374,0.1460787057876587,180877,30000,166.7528250000032,129.47702407836914,242.896484375
953,17.056668996810913,0.8704532384872437,0.6110236048698425,0.13557198643684387,181038,30000,163.0812630028231,130.30529022216797,242.896484375
954,17.112603187561035,0.8716102838516235,0.6016578078269958,0.13986587524414062,181196,30000,162.89321799922618,130.0365924835205,242.896484375
955,17.127063274383545,0.8719043135643005,0.6093888878822327,0.13828769326210022,181355,30000,166.3235590021941,129.04810905456543,242.896484375
956,17.21899390220642,0.8752758502960205,0.6002922058105469,0.13360679149627686,181516,30000,161.9577509991359,128.38125228881836,242.896484375
957,17.261130809783936,0.877347469329834,0.594050407409668,0.1373094916343689,181677,30000,160.77410300204065,127.33149528503418,242.99365234375
958,17.267974615097046,0.8773034811019897,0.6000556945800781,0.1371912956237793,181837,30000,161.740830000781,130.35821914672852,242.99365234375
959,17.257875204086304,0.8770098686218262,0.5880983471870422,0.130367249250412,181994,30000,161.64363999996567,128.7217140197754,242.99365234375
960,17.12396740913391,0.8747031092643738,0.592034101486206,0.1323622316122055,182153,30000,160.2147519988648,128.0655860900879,242.99365234375
961,17.200175523757935,0.8759867548942566,0.5956997275352478,0.13359282910823822,182313,30000,162.09510999760823,128.55911254882812,244.8447265625
962,17.335116863250732,0.8786996603012085,0.5891897082328796,0.12806858122348785,182472,30000,166.58404700137908,130.875825881958,244.8447265625
963,17.20487952232361,0.8761569857597351,0.5814247131347656,0.13208284974098206,182632,30000,167.06283099847496,130.85126876831055,244.8447265625
964,16.92952871322632,0.8665494918823242,0.5799974203109741,0.13404318690299988,182790,30000,167.48566000023857,129.81176376342773,244.8447265625
965,17.2286057472229,0.8753384947776794,0.5713690519332886,0.14244133234024048,182946,30000,164.43306099972688,129.75549697875977,244.8447265625
966,17.206724882125854,0.8729555606842041,0.5852130651473999,0.14275747537612915,183102,30000,164.24311199807562,129.88829612731934,244.8447265625
967,16.88752293586731,0.8608871698379517,0.5879071950912476,0.13885809481143951,183258,30000,161.77482700004475,128.04913520812988,244.8447265625
968,16.845808029174805,0.8566126227378845,0.5933804512023926,0.1491680145263672,183409,30000,160.9967600015807,129.00424003601074,244.8447265625
969,16.847339868545532,0.8581588268280029,0.6075446009635925,0.1439794898033142,183564,30000,163.88555400044424,131.58774375915527,246.69287109375
970,16.974565982818604,0.8608540296554565,0.5988650321960449,0.14626991748809814,183716,30000,161.38279600272654,128.50713729858398,248.23095703125
971,17.02283501625061,0.8626505732536316,0.5825013518333435,0.15501661598682404,183864,30000,162.9528699995717,130.16653060913086,251.17529296875
972,16.707489490509033,0.8520399332046509,0.5987541675567627,0.15885502099990845,184013,30000,163.62353499789606,129.5907497406006,251.17529296875
973,16.416144371032715,0.8406500220298767,0.6103627681732178,0.1641712188720703,184164,30000,163.87468199900468,130.33580780029297,251.17529296875
974,16.36591076850891,0.8376133441925049,0.6238672733306885,0.16589981317520142,184314,30000,162.17838499869686,128.5872459411621,251.17529296875
975,16.761921644210815,0.8541099429130554,0.626422107219696,0.14903602004051208,184462,30000,165.67627900076332,129.01711463928223,251.17529296875
976,16.910886764526367,0.8588496446609497,0.6151038408279419,0.1495557427406311,184610,30000,166.49752800003625,130.0492286682129,251.17529296875
977,16.927390098571777,0.8602887392044067,0.6241818070411682,0.15134990215301514,184759,30000,162.29248399758944,128.37648391723633,251.17529296875
978,17.0284366607666,0.8640114665031433,0.6125712394714355,0.14224617183208466,184906,30000,164.29945300114923,128.31902503967285,251.17529296875
979,16.831464767456055,0.8574013710021973,0.6016212701797485,0.14010940492153168,185050,30000,163.9053729995794,129.6405792236328,251.17529296875
980,16.319113969802856,0.840247392654419,0.6050106287002563,0.1452445387840271,185197,30000,164.19299399785814,130.1286220550537,251.17529296875
981,15.829741954803467,0.8237496614456177,0.6184829473495483,0.1434817612171173,185344,30000,161.9646510007442,128.5257339477539,251.17529296875
982,16.151506900787354,0.835840106010437,0.6296741962432861,0.14736966788768768,185490,30000,167.6497480002581,130.28550148010254,251.17529296875
983,16.289623975753784,0.8419897556304932,0.6216222047805786,0.14380493760108948,185634,30000,162.90931000185083,129.20260429382324,251.17529296875
984,16.608625650405884,0.8504503965377808,0.6238746643066406,0.14789612591266632,185778,30000,164.80548400068074,129.4398307800293,251.17529296875
985,16.818983554840088,0.85787034034729,0.6297636032104492,0.14838212728500366,185925,30000,163.8497730018571,128.91149520874023,251.17529296875
986,17.033737897872925,0.8661181926727295,0.6234874129295349,0.1420828253030777,186073,30000,165.9233479986142,129.34207916259766,251.17529296875
987,17.125827074050903,0.8681749701499939,0.6153073310852051,0.1445038914680481,186218,30000,168.89413199896808,130.69915771484375,251.17529296875
988,17.086433172225952,0.8670064806938171,0.6018021106719971,0.1325283795595169,186357,30000,166.94405400266987,130.04422187805176,251.17529296875
989,17.095738649368286,0.8679651021957397,0.6091603636741638,0.12259022146463394,186497,30000,169.0335759994923,129.95171546936035,251.17529296875
990,17.29447364807129,0.8733292818069458,0.6069337129592896,0.12906120717525482,186635,30000,163.48575500160223,129.82463836669922,251.17529296875
991,17.320977449417114,0.8749593496322632,0.6008200645446777,0.1300981044769287,186778,30000,163.92642299979343,129.00543212890625,251.17529296875
992,17.26405620574951,0.8725318908691406,0.594761073589325,0.13225609064102173,186917,30000,165.32143100266694,130.3563117980957,251.17529296875
993,17.24853515625,0.8725113868713379,0.599550724029541,0.13043099641799927,187059,30000,169.38164900057018,132.78532028198242,251.17529296875
994,17.35490322113037,0.8759721517562866,0.5965230464935303,0.13988827168941498,187197,30000,164.67407099844422,130.71489334106445,251.17529296875
995,17.375391721725464,0.8774735331535339,0.5921449661254883,0.12254666537046432,187339,30000,163.72022300129174,130.0060749053955,251.17529296875
996,17.350587844848633,0.8762749433517456,0.5897471904754639,0.13261382281780243,187482,30000,164.5333020023827,129.63581085205078,251.17529296875
997,17.286940813064575,0.8759220838546753,0.5918461680412292,0.12129611521959305,187623,30000,169.2824589990778,129.5177936553955,251.17529296875
998,17.269269227981567,0.8761188387870789,0.5899991989135742,0.12529490888118744,187760,30000,165.2952730000834,129.62913513183594,251.3671875
999,17.349988222122192,0.877558708190918,0.5878654718399048,0.12221792340278625,187897,30000,165.31011500046588,129.55427169799805,251.3671875
1000,17.362064123153687,0.8780461549758911,0.5888469219207764,0.11830543726682663,186355,30000,169.29801999867777,129.36735153198242,251.3671875
1001,17.27736234664917,0.8746697306632996,0.5816061496734619,0.13542716205120087,186497,30000,173.5052160001942,134.5527172088623,251.3671875
1002,17.223986387252808,0.8732029795646667,0.575903594493866,0.12837648391723633,186646,30000,164.91407400098979,130.0816535949707,251.3671875
1003,17.08466410636902,0.8678202629089355,0.5907492637634277,0.1289430558681488,186787,30000,168.52192599981208,131.52170181274414,251.3671875
1004,17.077749967575073,0.866498589515686,0.6022870540618896,0.14447899162769318,186930,30000,167.0934159992612,129.44698333740234,251.3671875
1005,17.04515814781189,0.8666046857833862,0.5982499122619629,0.14322631061077118,187077,30000,167.10066299856408,132.004976272583,251.3671875
1006,17.017632722854614,0.8647669553756714,0.6031002402305603,0.13821983337402344,187226,30000,170.66698000053293,133.10003280639648,251.3671875
1007,17.01770782470703,0.8632389307022095,0.6047068238258362,0.15899591147899628,187371,30000,165.6450760019652,130.2957534790039,251.3671875
1008,16.9829261302948,0.8630511164665222,0.5991129279136658,0.14356432855129242,187518,30000,164.49278499931097,130.59377670288086,251.3671875
1009,16.85009479522705,0.8572914004325867,0.5935336351394653,0.1534545123577118,187663,30000,166.02498999782256,130.25689125061035,251.3671875
1010,16.5532648563385,0.8474164009094238,0.6135016679763794,0.16304287314414978,187808,30000,171.44145800193655,130.57374954223633,251.3671875
1011,16.370967626571655,0.8408517837524414,0.615764856338501,0.17951807379722595,187950,30000,177.10598199846572,130.55777549743652,251.3671875
1012,16.138383150100708,0.8320760726928711,0.6172736883163452,0.18642272055149078,188095,30000,165.5865110005834,130.59711456298828,253.75
1013,16.143518686294556,0.8321622610092163,0.619437038898468,0.19001568853855133,188239,30000,166.00213399942731,132.6000690460205,253.75
1014,16.043633222579956,0.82762211561203,0.6266374588012695,0.21913063526153564,188383,30000,164.89359400293324,130.72967529296875,253.75
1015,15.809326171875,0.8173232078552246,0.6388954520225525,0.21110235154628754,188528,30000,165.73287400024128,131.4253807067871,253.75
1016,15.687191486358643,0.8116518259048462,0.6688141822814941,0.23144355416297913,188674,30000,169.59327900258359,129.45008277893066,253.75
1017,15.643543004989624,0.809650182723999,0.6694957613945007,0.22733986377716064,188815,30000,170.72262600049726,132.0183277130127,253.75
1018,15.515624284744263,0.8029588460922241,0.6746885776519775,0.23723649978637695,188959,30000,169.73621400029515,131.72245025634766,253.75
1019,15.445278882980347,0.7979394793510437,0.6740323901176453,0.26392778754234314,189105,30000,171.0898029996315,135.03789901733398,253.75
1020,15.467212200164795,0.7979258298873901,0.6782633662223816,0.2525247037410736,189246,30000,167.8292779979529,131.11305236816406,253.75
1021,15.436244010925293,0.7936054468154907,0.6728986501693726,0.26233914494514465,189393,30000,167.75010199853568,132.2028636932373,253.75
1022,15.341696739196777,0.788393497467041,0.6771667003631592,0.2794096767902374,189539,30000,172.86291999698733,134.2179775238037,253.75
1023,15.370537042617798,0.7865170836448669,0.6771670579910278,0.28407666087150574,189684,30000,166.47470500174677,131.14690780639648,254.55810546875
1024,15.335406064987183,0.7858608961105347,0.687237560749054,0.2779442369937897,189832,30000,169.3725329969311,132.86876678466797,254.55810546875
1025,15.424336194992065,0.7874507308006287,0.6812129020690918,0.28181731700897217,189980,30000,169.33087600045837,132.48348236083984,254.55810546875
1026,15.389056205749512,0.786141574382782,0.6818481683731079,0.2867127060890198,190124,30000,168.57975999664632,130.71370124816895,254.55810546875
1027,15.407541990280151,0.783406674861908,0.689490556716919,0.308317631483078,190269,30000,164.02413499963586,130.9952735900879,254.55810546875
1028,15.39926290512085,0.7822468280792236,0.685693085193634,0.3102046549320221,190415,30000,167.5119130013627,131.0439109802246,254.55810546875
1029,15.475847721099854,0.7854689359664917,0.6916983127593994,0.2948099374771118,190564,30000,164.82413400080986,128.87215614318848,254.55810546875
1030,15.503339767456055,0.7870546579360962,0.6880223751068115,0.2988380193710327,190710,30000,166.84378499849117,132.16137886047363,254.55810546875
1031,15.676600933074951,0.7971932291984558,0.673922598361969,0.29455995559692383,190858,30000,164.5302860015363,131.1495304107666,254.55810546875
1032,15.698134899139404,0.7973641157150269,0.6712051033973694,0.27968448400497437,191006,30000,172.22053299701656,131.10661506652832,254.55810546875
1033,15.779961347579956,0.8002413511276245,0.669508695602417,0.2916584014892578,191155,30000,168.2396059986786,130.02490997314453,254.55810546875
1034,15.795810222625732,0.8027552366256714,0.6626266837120056,0.30026549100875854,191305,30000,164.57250000166823,129.7135353088379,254.912109375
1035,15.809431076049805,0.8053225874900818,0.6560367941856384,0.28985390067100525,191453,30000,170.10663100154488,130.33604621887207,254.912109375
1036,15.024689435958862,0.7913298606872559,0.6640531420707703,0.2787645757198334,191604,30000,171.51721700065536,131.32047653198242,254.912109375
1037,14.756578207015991,0.7853049039840698,0.6932049989700317,0.30208346247673035,191753,30000,165.23961100028828,129.47750091552734,254.912109375
1038,15.249745845794678,0.8018935918807983,0.6787319183349609,0.2992504835128784,191904,30000,165.82516400012537,129.42910194396973,259.625
1039,15.314526557922363,0.807273805141449,0.6807440519332886,0.2884541451931,192054,30000,165.80889300166746,129.21977043151855,259.625
1040,15.340491533279419,0.8085887432098389,0.6753040552139282,0.2985702455043793,192207,30000,170.3877210020437,131.89005851745605,259.625
1041,15.454496145248413,0.8121640086174011,0.6716647744178772,0.2953537404537201,192359,30000,166.49538800265873,131.28280639648438,259.625
1042,15.51561951637268,0.8117899894714355,0.6663864254951477,0.31264883279800415,192510,30000,166.42418799892766,129.53925132751465,259.625
1043,15.357149839401245,0.8065962791442871,0.6727148294448853,0.3122481107711792,192661,30000,165.09064699857845,129.59742546081543,259.625
1044,15.289558172225952,0.8004829287528992,0.6779160499572754,0.3289977014064789,192812,30000,165.8492499991553,131.13760948181152,259.625
1045,15.283918380737305,0.7957954406738281,0.6824588179588318,0.3209218978881836,192964,30000,166.01659299703897,131.3929557800293,259.625
1046,15.273677110671997,0.7912503480911255,0.6892958879470825,0.3093218505382538,193115,30000,163.57907700148644,129.67753410339355,259.625
1047,15.20998239517212,0.7877053022384644,0.6948319673538208,0.31625106930732727,193265,30000,164.0279310013284,129.04906272888184,259.625
1048,15.2745521068573,0.7894148826599121,0.6864449977874756,0.3243010938167572,193420,30000,165.3091329972085,130.1250457763672,259.625
1049,15.298177003860474,0.7885057330131531,0.6888020634651184,0.34865909814834595,193572,30000,166.3873230027093,130.58757781982422,259.625
1050,15.27106761932373,0.789486289024353,0.6904210448265076,0.3200419843196869,193720,30000,164.39431000253535,129.47320938110352,259.625
1051,15.299172401428223,0.789320170879364,0.6785380840301514,0.32343122363090515,193876,30000,165.08909000185668,130.10573387145996,259.625
1052,15.260885953903198,0.7858664393424988,0.6841082572937012,0.3340793550014496,194031,30000,164.2698110008496,129.83226776123047,259.625
1053,15.134294033050537,0.7806541323661804,0.6810239553451538,0.33623698353767395,194188,30000,172.09126699890476,132.82012939453125,259.625
1054,15.369622707366943,0.7871589064598083,0.681298017501831,0.3274509012699127,194342,30000,165.92958299952443,130.6440830230713,259.625
1055,15.411767959594727,0.7878612279891968,0.6836029291152954,0.3169739842414856,194495,30000,168.30878399923677,130.7220458984375,259.625
1056,15.536788702011108,0.7899212837219238,0.6870050430297852,0.31902438402175903,194652,30000,170.50388399729854,129.0755271911621,259.625
1057,15.517346858978271,0.7878924608230591,0.6832133531570435,0.3252681791782379,194804,30000,162.4582369986456,128.68833541870117,259.625
1058,15.391972064971924,0.7798610925674438,0.6725118160247803,0.3256116509437561,194958,30000,163.63882100267801,129.64844703674316,259.625
1059,15.331873893737793,0.7747722864151001,0.6840875148773193,0.34415319561958313,195108,30000,162.93474600024638,129.06932830810547,259.625
1060,15.45604944229126,0.7801598310470581,0.6832431554794312,0.3397752344608307,195268,30000,165.6305960023019,130.56039810180664,259.625
1061,15.295661687850952,0.7749050855636597,0.6877315044403076,0.3333812952041626,195426,30000,165.30634299851954,129.9443244934082,260.107421875
1062,15.361920595169067,0.7778570055961609,0.6835594177246094,0.35019928216934204,195585,30000,164.7214629992959,129.5640468597412,263.0244140625
1063,15.453472137451172,0.780357837677002,0.6821908950805664,0.3442458510398865,195741,30000,165.73700599838048,130.25379180908203,263.0244140625
1064,15.380574464797974,0.7751943469047546,0.6840189099311829,0.35933050513267517,195902,30000,165.78377400219324,129.5480728149414,265.673828125
1065,15.39362907409668,0.7774352431297302,0.6840977668762207,0.34229373931884766,196060,30000,166.075572000409,130.29170036315918,265.673828125
1066,15.574414730072021,0.7822160720825195,0.6812983751296997,0.33426469564437866,196216,30000,170.15103499943507,132.76934623718262,265.673828125
1067,15.561922788619995,0.7864565849304199,0.6796315312385559,0.33568844199180603,196378,30000,173.98637799851713,136.38758659362793,265.673828125
1068,15.69627046585083,0.7918395400047302,0.6726113557815552,0.3363092541694641,196537,30000,171.7624600023555,134.7360610961914,265.673828125
1069,15.765695571899414,0.792930543422699,0.6710180640220642,0.3447481393814087,196697,30000,171.76070099958451,135.3590488433838,265.673828125
1070,15.805810689926147,0.795871376991272,0.6656696796417236,0.3334943354129791,196857,30000,167.60347700255807,130.36108016967773,265.673828125
1071,15.845999717712402,0.7963756322860718,0.6627520322799683,0.349901020526886,197023,30000,166.56045700074174,130.16128540039062,265.673828125
1072,15.675595998764038,0.7903790473937988,0.6668814420700073,0.3317713737487793,197187,30000,166.24927700104308,128.57341766357422,265.673828125
1073,15.876461267471313,0.799170970916748,0.6575115919113159,0.3526817858219147,197352,30000,166.48199100018246,131.00290298461914,265.673828125
1074,15.878551006317139,0.8011299967765808,0.6536086797714233,0.3555728495121002,197517,30000,165.6023119976453,128.64279747009277,265.673828125
1075,15.897566080093384,0.8030558824539185,0.6526569128036499,0.34726038575172424,197675,30000,171.22552399814595,131.54840469360352,265.673828125
1076,15.940079689025879,0.8041256666183472,0.6527096033096313,0.3456207811832428,197837,30000,171.92625100142322,134.40394401550293,265.673828125
1077,15.903759002685547,0.8047460913658142,0.6452450752258301,0.33474433422088623,197999,30000,167.28576899913605,131.2234401702881,265.673828125
1078,15.970690250396729,0.8064396381378174,0.6418222188949585,0.3346081078052521,198165,30000,168.68678199898568,131.5133571624756,265.673828125
1079,16.07059597969055,0.8105854392051697,0.6364651918411255,0.3363080322742462,198331,30000,170.24724899965804,131.03055953979492,265.673828125
1080,16.073850393295288,0.8137935400009155,0.641277015209198,0.32766303420066833,198498,30000,178.50804800036713,130.25856018066406,265.673828125
1081,16.073505878448486,0.8104178309440613,0.6443500518798828,0.3224116265773773,198667,30000,166.97157399903517,131.9296360015869,265.673828125
1082,16.076802015304565,0.8101644515991211,0.6361903548240662,0.3206804394721985,198833,30000,167.30513999937102,130.9816837310791,265.673828125
1083,16.066153049468994,0.8071993589401245,0.6370716094970703,0.33614781498908997,198997,30000,166.46953300005407,130.7692527770996,265.673828125
1084,16.041231155395508,0.8049050569534302,0.6420272588729858,0.3318115472793579,199164,30000,171.45348000121885,132.28940963745117,265.673828125
1085,15.919878482818604,0.8009504675865173,0.6411806344985962,0.3279387950897217,199329,30000,170.49765699994168,131.46352767944336,265.673828125
1086,15.849370956420898,0.7957823276519775,0.6382416486740112,0.33624038100242615,199489,30000,166.34465600145631,130.2945613861084,265.673828125
1087,16.006741523742676,0.8004850149154663,0.6400418281555176,0.3225197494029999,199651,30000,165.74481300267507,129.52876091003418,265.673828125
1088,15.931321382522583,0.7981519103050232,0.6348780989646912,0.34532979130744934,199818,30000,166.31130099995062,130.14984130859375,265.673828125
1089,15.961108207702637,0.7952580451965332,0.6366313099861145,0.344545841217041,199988,30000,170.15799199725734,132.15017318725586,266.36376953125
1090,15.89599609375,0.7932471036911011,0.6293598413467407,0.35442396998405457,200000,30000,166.5061860003334,129.96912002563477,266.36376953125
1091,15.861272811889648,0.7870523929595947,0.6313507556915283,0.3478570878505707,200000,30000,167.06091599917272,131.16741180419922,266.36376953125
1092,15.868685245513916,0.7861837148666382,0.6359694004058838,0.3430662751197815,200000,30000,164.52901600132463,130.61904907226562,266.36376953125
1093,15.952166318893433,0.788871169090271,0.6270473599433899,0.35302823781967163,200000,30000,164.31011500026216,131.03246688842773,266.36376953125
1094,15.892568826675415,0.7873184680938721,0.6373383402824402,0.3479991853237152,200000,30000,164.8458829986339,132.41314888000488,266.36376953125
1095,15.707249641418457,0.7745726108551025,0.637489914894104,0.377280056476593,200000,30000,165.52069799945457,132.47919082641602,266.36376953125
1096,15.57713508605957,0.7659401893615723,0.6524789929389954,0.35988739132881165,200000,30000,167.17895900001167,131.0579776763916,266.36376953125
1097,15.65863847732544,0.7686562538146973,0.6501226425170898,0.3553667962551117,200000,30000,162.75688499808894,130.06186485290527,266.36376953125
1098,15.708153247833252,0.7682093977928162,0.6436660289764404,0.3799719512462616,200000,30000,166.04574300072272,130.8884620666504,266.36376953125
1099,15.726062059402466,0.7646505832672119,0.653876006603241,0.3713015615940094,200000,30000,167.64562399839633,130.26165962219238,266.36376953125
1100,15.86471676826477,0.773452877998352,0.643765926361084,0.38023027777671814,199757,30000,167.25292199771502,131.12378120422363,266.36376953125
1101,15.941665172576904,0.7774953842163086,0.6398529410362244,0.37721723318099976,199964,30000,168.52911800015136,132.17568397521973,266.36376953125
1102,15.913301706314087,0.7764605283737183,0.6422483325004578,0.38454917073249817,199999,30000,165.76564699789742,130.17797470092773,266.36376953125
1103,16.043293476104736,0.7834371328353882,0.6370269060134888,0.38741740584373474,199999,30000,163.61386700009461,130.84149360656738,266.36376953125
1104,16.166311502456665,0.7890137434005737,0.6313195824623108,0.36241525411605835,200000,30000,165.80787699786015,130.4945945739746,266.36376953125
1105,16.28377079963684,0.7931094169616699,0.6163485050201416,0.3891226351261139,200000,30000,162.5831460005429,130.32865524291992,266.36376953125
1106,16.372601985931396,0.7965741157531738,0.6145801544189453,0.3785785734653473,200000,30000,164.15246700125863,131.04605674743652,266.36376953125
1107,16.31935715675354,0.7968833446502686,0.613512396812439,0.38728782534599304,200000,30000,164.23973600103636,130.62095642089844,266.36376953125
1108,16.420319080352783,0.8008710145950317,0.6095565557479858,0.3621310889720917,200000,30000,165.5186310017598,131.1666965484619,266.36376953125
1109,16.546295881271362,0.8043155670166016,0.6139228343963623,0.3589226305484772,200000,30000,163.43075400072848,129.87351417541504,266.36376953125
1110,16.597431898117065,0.807564914226532,0.6106220483779907,0.36765462160110474,200000,30000,163.84381700117956,130.40924072265625,266.36376953125
1111,16.618828773498535,0.8077090978622437,0.6106829047203064,0.372440904378891,200000,30000,163.7135599994508,130.2502155303955,266.36376953125
1112,15.750961303710938,0.7917332649230957,0.6168873906135559,0.3636147379875183,200000,30000,164.46906700002728,129.45008277893066,266.36376953125
1113,16.18497371673584,0.8003160357475281,0.6152939200401306,0.37325677275657654,200000,30000,166.02037899792776,129.76551055908203,266.36376953125
1114,16.372698545455933,0.8035356402397156,0.617751955986023,0.39553898572921753,200000,30000,170.3429570006847,136.7177963256836,266.36376953125
1115,16.274677515029907,0.7943834066390991,0.6167764663696289,0.4102839529514313,200000,30000,176.54795799899148,137.56990432739258,266.36376953125
1116,16.251564025878906,0.7929559946060181,0.6162195801734924,0.4136814773082733,200000,30000,171.10572999808937,135.87450981140137,266.36376953125
1117,16.178098917007446,0.7895070910453796,0.6153231859207153,0.3934858441352844,200000,30000,166.80315300254733,131.3345432281494,266.36376953125
1118,16.21116876602173,0.7848027944564819,0.6197831630706787,0.40569886565208435,200000,30000,164.27297900008853,130.33342361450195,266.36376953125
1119,16.247315406799316,0.7852271795272827,0.6129770874977112,0.40101057291030884,200000,30000,166.18446199936443,132.23028182983398,266.36376953125
1120,16.26963973045349,0.7845480442047119,0.6087710857391357,0.4186009466648102,200000,30000,164.26604300067993,129.9114227294922,266.36376953125
1121,16.23842716217041,0.7812811136245728,0.6134573221206665,0.41692739725112915,200000,30000,163.69159200257855,129.61530685424805,266.36376953125
1122,16.25060200691223,0.78429114818573,0.6188228130340576,0.42691028118133545,200000,30000,163.70269999970333,130.04589080810547,266.36376953125
1123,16.25513195991516,0.7850812673568726,0.6157525181770325,0.41902992129325867,200000,30000,162.3829599993769,129.05144691467285,266.36376953125
1124,16.364009380340576,0.7865526676177979,0.6113795638084412,0.4319087564945221,200000,30000,171.59486199670937,129.46796417236328,266.36376953125
1125,16.39439582824707,0.7894534468650818,0.6071019768714905,0.4193277955055237,200000,30000,165.98427999997512,129.36782836914062,266.36376953125
1126,16.51686429977417,0.795698881149292,0.6023142337799072,0.40510672330856323,200000,30000,165.41736100043636,129.3022632598877,266.36376953125
1127,16.47416353225708,0.7921137809753418,0.6071996688842773,0.4127225875854492,200000,30000,167.28566299934755,129.52828407287598,266.36376953125
1128,16.532233953475952,0.7945739030838013,0.6046649813652039,0.4390603005886078,200000,30000,165.0158789998386,130.42402267456055,266.36376953125
1129,16.564420461654663,0.7972838878631592,0.599863588809967,0.41833770275115967,200000,30000,164.89455699775135,129.02498245239258,266.36376953125
1130,16.574071645736694,0.7925904989242554,0.5987909436225891,0.4105454981327057,200000,30000,167.33358399869758,131.81161880493164,266.36376953125
1131,16.6599178314209,0.7942215800285339,0.5977095365524292,0.4288354516029358,200000,30000,163.4055040012754,129.6396255493164,266.36376953125
1132,16.47612452507019,0.7884494066238403,0.5959463715553284,0.41869205236434937,200000,30000,166.55933699803427,133.11290740966797,266.36376953125
1133,16.6400408744812,0.7907787561416626,0.5940786600112915,0.4432353675365448,200000,30000,163.64555100153666,129.37545776367188,266.36376953125
1134,16.425315141677856,0.7823838591575623,0.5896029472351074,0.4232492446899414,200000,30000,162.80523800014635,129.59718704223633,266.36376953125
1135,16.580551862716675,0.7890729904174805,0.5884186625480652,0.41237717866897583,200000,30000,164.1720740008168,131.1798095703125,266.36376953125
1136,16.619365215301514,0.7901360988616943,0.5807809233665466,0.4095171093940735,200000,30000,167.46237600091263,129.89497184753418,266.36376953125
1137,16.713898181915283,0.793796956539154,0.574769139289856,0.4308609068393707,200000,30000,164.70947900234023,129.03332710266113,266.36376953125
1138,16.80221199989319,0.7960989475250244,0.5728902816772461,0.4329758286476135,200000,30000,163.65310000037425,129.83107566833496,266.36376953125
1139,16.75541043281555,0.7928193807601929,0.5752426385879517,0.4405674636363983,200000,30000,163.37191299680853,129.8823356628418,266.36376953125
1140,16.7840313911438,0.7945792078971863,0.5823102593421936,0.4555603861808777,200000,30000,162.08362199904514,129.78529930114746,266.36376953125
1141,16.8358314037323,0.7961916923522949,0.5823577046394348,0.4515475928783417,200000,30000,163.59198899954208,129.5757293701172,266.36376953125
1142,16.8645441532135,0.7981755137443542,0.5801210403442383,0.4450923800468445,200000,30000,164.6675129995856,130.18512725830078,266.36376953125
1143,16.768512725830078,0.7938245534896851,0.5853114128112793,0.4342103898525238,200000,30000,168.37265299909632,133.8937282562256,266.36376953125
1144,16.87565565109253,0.7986697554588318,0.5858474969863892,0.4179903268814087,200000,30000,163.41955399911967,129.54449653625488,266.36376953125
1145,16.96411967277527,0.8008174896240234,0.5876221060752869,0.4427911043167114,200000,30000,163.16961100164917,129.23479080200195,266.36376953125
1146,17.118476629257202,0.8047173023223877,0.585662841796875,0.4476509690284729,200000,30000,162.37364699918544,129.06169891357422,266.36376953125
1147,17.171964645385742,0.8064705729484558,0.5800849199295044,0.42864638566970825,200000,30000,164.48971399950096,129.29558753967285,266.36376953125
1148,17.28524088859558,0.8085948824882507,0.5781681537628174,0.4473370909690857,200000,30000,164.43623200029833,130.1107406616211,266.36376953125
1149,17.29870915412903,0.8100175857543945,0.572168231010437,0.432673841714859,200000,30000,167.30338200068218,132.22908973693848,266.36376953125
1150,17.332669496536255,0.8110817670822144,0.5654599070549011,0.4357621371746063,200000,30000,167.21325600155978,132.31825828552246,266.36376953125
1151,17.249529361724854,0.807532787322998,0.5670763254165649,0.4394424855709076,200000,30000,164.92431199731072,130.66387176513672,266.36376953125
1152,17.424873113632202,0.8096957206726074,0.5711829662322998,0.42268669605255127,200000,30000,164.45355899850256,129.8372745513916,266.36376953125
1153,17.284022569656372,0.8083000183105469,0.5653490424156189,0.4153861701488495,200000,30000,163.94189799757442,129.37021255493164,266.36376953125
1154,17.32601284980774,0.8063411712646484,0.5535409450531006,0.4285161793231964,200000,30000,163.59122999710962,130.4633617401123,266.36376953125
1155,17.201790809631348,0.7997750043869019,0.5646021962165833,0.43776270747184753,200000,30000,163.67629500018666,130.31363487243652,266.36376953125
1156,17.143197059631348,0.799634575843811,0.565992534160614,0.4376927316188812,200000,30000,166.41719000108424,131.06870651245117,266.36376953125
1157,17.158056497573853,0.7969741225242615,0.5720958113670349,0.45737504959106445,200000,30000,162.4246259998472,130.2945613861084,266.36376953125
1158,17.04717755317688,0.7928872108459473,0.5761069655418396,0.4572974741458893,200000,30000,168.7984050004161,130.1274299621582,266.36376953125
1159,17.022727727890015,0.7910863757133484,0.5725631713867188,0.43118131160736084,200000,30000,165.47499900116236,130.07450103759766,266.36376953125
1160,17.290523052215576,0.7999838590621948,0.5727099180221558,0.45387908816337585,200000,30000,165.126419000444,129.79817390441895,266.36376953125
1161,17.28483557701111,0.8007720708847046,0.5759938359260559,0.45180514454841614,200000,30000,176.03938799948082,130.15222549438477,266.36376953125
1162,17.312592267990112,0.8034231066703796,0.5728564858436584,0.4764169752597809,200000,30000,187.45499499709695,130.1858425140381,266.36376953125
1163,17.363842725753784,0.8049809336662292,0.5654053092002869,0.43470561504364014,200000,30000,164.1255030008324,129.9126148223877,266.36376953125
1164,17.229726314544678,0.7988325357437134,0.5537736415863037,0.45066407322883606,200000,30000,166.9465590020991,129.7130584716797,266.36376953125
1165,17.24972367286682,0.8008135557174683,0.5559278130531311,0.46050551533699036,200000,30000,166.2270240012731,131.45160675048828,266.36376953125
1166,17.346696853637695,0.8022753596305847,0.5465889573097229,0.4631442725658417,200000,30000,164.34114699950442,128.24773788452148,266.36376953125
1167,17.28918433189392,0.8025972843170166,0.5529302358627319,0.4656985402107239,200000,30000,165.23172500092187,132.10487365722656,266.36376953125
1168,17.44280695915222,0.8078572154045105,0.5541024208068848,0.494981586933136,200000,30000,166.90341400317266,129.10699844360352,266.36376953125
1169,17.530384063720703,0.8105015754699707,0.5500047206878662,0.4851272702217102,200000,30000,170.65190600260394,129.82416152954102,266.36376953125
1170,17.54343867301941,0.81199711561203,0.5552263259887695,0.4625687599182129,200000,30000,169.36180099946796,132.6730251312256,266.36376953125
1171,17.551820278167725,0.8140844106674194,0.5492043495178223,0.46240130066871643,200000,30000,172.1119819994783,134.43636894226074,266.36376953125
1172,17.636191844940186,0.8169970512390137,0.5434653162956238,0.44399136304855347,200000,30000,173.47131399947102,133.96334648132324,266.36376953125
1173,17.43786096572876,0.8116985559463501,0.5425732731819153,0.47489216923713684,200000,30000,168.2341260020621,132.3220729827881,266.36376953125
1174,17.04338312149048,0.7967161536216736,0.5573976039886475,0.4593236744403839,200000,30000,171.57633199894917,131.27636909484863,266.36376953125
1175,17.131940126419067,0.7968232035636902,0.5558080673217773,0.4354925751686096,200000,30000,176.43155200130423,129.87756729125977,266.36376953125
1176,17.30963110923767,0.8044353723526001,0.5565725564956665,0.4181975722312927,200000,30000,166.61905799992383,129.45199012756348,266.36376953125
1177,17.31892704963684,0.8074418902397156,0.5532288551330566,0.4692065715789795,200000,30000,167.94610700162593,128.77583503723145,266.36376953125
1178,17.36503839492798,0.8086186647415161,0.5635204911231995,0.4901161193847656,200000,30000,164.3256930001371,129.06336784362793,266.36376953125
1179,16.60410761833191,0.7952472567558289,0.5728164315223694,0.45001301169395447,200000,30000,166.34847299792455,129.49109077453613,266.36376953125
1180,16.81159496307373,0.7982129454612732,0.5658342242240906,0.43955862522125244,200000,30000,165.76323399931425,130.10692596435547,266.36376953125
1181,17.2637939453125,0.8120340704917908,0.5641776323318481,0.4534100592136383,200000,30000,165.25493700100924,129.78219985961914,266.36376953125
1182,17.312227487564087,0.8157377243041992,0.5661136507987976,0.5019251704216003,200000,30000,166.0558180010412,129.43720817565918,266.36376953125
1183,17.358882427215576,0.8176228404045105,0.5587044954299927,0.4707602858543396,200000,30000,165.71927599943592,128.71980667114258,266.36376953125
1184,17.424471378326416,0.8192033767700195,0.5656076669692993,0.48645782470703125,200000,30000,165.00605200053542,129.05550003051758,266.36376953125
1185,17.579832077026367,0.8229771852493286,0.556833028793335,0.4915827512741089,200000,30000,169.7292800017749,130.48911094665527,266.36376953125
1186,17.56262183189392,0.8235245943069458,0.5564879179000854,0.5279099345207214,200000,30000,165.457442002662,129.4710636138916,266.36376953125
1187,17.451272010803223,0.8221640586853027,0.5624561905860901,0.4774785339832306,200000,30000,166.8314980015566,128.81207466125488,266.36376953125
1188,17.46858239173889,0.8240407705307007,0.5569794774055481,0.4713025689125061,200000,30000,170.04921700208797,132.28607177734375,266.36376953125
1189,17.525906562805176,0.8260289430618286,0.5571100115776062,0.5002108216285706,200000,30000,165.90098199958447,127.35295295715332,266.36376953125
1190,17.414783239364624,0.8243241310119629,0.5653690695762634,0.482576847076416,200000,30000,176.34489799820585,128.29113006591797,266.36376953125
1191,17.519302368164062,0.8276013135910034,0.5538848638534546,0.49872738122940063,200000,30000,164.36027999952785,129.45938110351562,266.36376953125
1192,17.717777490615845,0.8310331106185913,0.5483711361885071,0.49766677618026733,200000,30000,169.69638299997314,130.9828758239746,266.36376953125
1193,17.528828382492065,0.8272029757499695,0.5513330698013306,0.4934278428554535,200000,30000,163.35617500226363,128.2970905303955,266.36376953125
1194,17.581764459609985,0.8299013376235962,0.5447744131088257,0.5088797211647034,200000,30000,163.16685600031633,129.19068336486816,266.36376953125
1195,17.60096788406372,0.831131100654602,0.540361225605011,0.47879818081855774,200000,30000,163.76762700019754,128.66902351379395,266.36376953125
1196,17.733659744262695,0.8346564173698425,0.5372562408447266,0.478800892829895,200000,30000,163.9376210005139,127.35223770141602,266.36376953125
1197,17.81272292137146,0.8369821310043335,0.5331393480300903,0.4834845960140228,200000,30000,170.41564000101062,131.2549114227295,266.36376953125
1198,17.836861610412598,0.8383826017379761,0.5300660729408264,0.4863319993019104,200000,30000,164.8400589983794,128.65829467773438,266.36376953125
1199,17.736140489578247,0.835031270980835,0.5210984349250793,0.47677406668663025,200000,30000,167.0066560000123,127.99429893493652,266.36376953125
1200,18.06970477104187,0.8433205485343933,0.5194800496101379,0.4991703927516937,199571,30000,169.78136400211952,129.01639938354492,266.36376953125
1201,17.778383493423462,0.8255299925804138,0.5311089754104614,0.466166228055954,199986,30000,172.6272699997935,128.0505657196045,266.36376953125
1202,18.131041526794434,0.8384987115859985,0.5359832048416138,0.47174450755119324,199999,30000,168.485600999702,128.64995002746582,266.36376953125
1203,18.24679732322693,0.8456549644470215,0.5236836671829224,0.4382617771625519,200000,30000,170.24006800056668,129.8511028289795,266.36376953125
1204,17.968310117721558,0.8383723497390747,0.5325009822845459,0.4212226867675781,200000,30000,167.12220000044908,128.3278465270996,266.36376953125
1205,17.864785194396973,0.8366326093673706,0.5239433646202087,0.4643539488315582,200000,30000,163.70641400135355,127.39229202270508,266.36376953125
1206,17.409322261810303,0.8313536047935486,0.5289686322212219,0.4481252133846283,200000,30000,164.83777400208055,127.79808044433594,266.36376953125
1207,18.04746985435486,0.8443031311035156,0.5289015173912048,0.4495965540409088,200000,30000,174.96477200256777,133.38518142700195,266.36376953125
1208,17.800161838531494,0.843190610408783,0.5245619416236877,0.46848973631858826,200000,30000,178.66002099981415,134.2184543609619,266.36376953125
1209,18.007265329360962,0.8428191542625427,0.5306700468063354,0.43871942162513733,200000,30000,176.97547499847133,133.03804397583008,266.36376953125
1210,17.747913599014282,0.8387836217880249,0.5165160894393921,0.4319095313549042,200000,30000,167.23685100078,129.87542152404785,266.36376953125
1211,18.05746555328369,0.8476412296295166,0.5215759873390198,0.4195612072944641,200000,30000,165.16996000063955,128.5536289215088,266.36376953125
1212,18.369423151016235,0.8552588224411011,0.5135919451713562,0.4493514597415924,200000,30000,162.38313400026527,128.07583808898926,266.36376953125
1213,18.36809754371643,0.8530848026275635,0.5209245085716248,0.4379584789276123,200000,30000,162.5671420006256,127.67767906188965,266.36376953125
1214,18.63063097000122,0.8608195781707764,0.5077427625656128,0.4130714237689972,200000,30000,164.06213300069794,127.63690948486328,266.36376953125
1215,17.602046728134155,0.8366832733154297,0.49827659130096436,0.4151809811592102,200000,30000,162.19196699967142,128.09228897094727,266.36376953125
1216,18.05201292037964,0.844325065612793,0.5036583542823792,0.41670069098472595,200000,30000,166.47306500090053,130.2182674407959,266.36376953125
1217,18.33156943321228,0.8527171611785889,0.5092882513999939,0.41572096943855286,200000,30000,161.72554100194247,128.02481651306152,266.36376953125
1218,18.24962019920349,0.8512064814567566,0.5008863210678101,0.39185383915901184,200000,30000,163.13945000001695,127.61235237121582,266.36376953125
1219,18.419952392578125,0.8541045188903809,0.49804946780204773,0.3714819550514221,200000,30000,163.2699820002017,128.10611724853516,266.36376953125
1220,18.235509395599365,0.8501619100570679,0.501126229763031,0.3808388411998749,200000,30000,165.23497700109147,128.55148315429688,266.36376953125
1221,18.574280738830566,0.8623127341270447,0.4993453323841095,0.38958290219306946,200000,30000,166.119315999822,129.286527633667,266.36376953125
1222,18.54348063468933,0.8600265383720398,0.49632030725479126,0.41454944014549255,200000,30000,166.39151500203297,128.80492210388184,266.36376953125
1223,18.550914525985718,0.8597630262374878,0.4932648539543152,0.3935603201389313,200000,30000,165.22176500075147,128.84259223937988,266.36376953125
1224,18.565083742141724,0.8603523969650269,0.4985464811325073,0.3958945870399475,200000,30000,162.53949599922635,128.10111045837402,266.36376953125
1225,18.598839044570923,0.8635663986206055,0.49609124660491943,0.4049968421459198,200000,30000,165.02683300132048,129.49728965759277,266.36376953125
1226,18.70648980140686,0.865906834602356,0.49223852157592773,0.38505685329437256,200000,30000,165.26124000301934,131.31260871887207,266.36376953125
1227,18.744661808013916,0.8674709796905518,0.4929460287094116,0.40304043889045715,200000,30000,164.23038299762993,129.4553279876709,266.36376953125
1228,18.773086071014404,0.8675868511199951,0.48830446600914,0.4136577844619751,200000,30000,164.4323529981193,127.15291976928711,266.36376953125
1229,18.620835542678833,0.8589355945587158,0.48882976174354553,0.38797861337661743,200000,30000,163.26882900102646,128.45373153686523,266.36376953125
1230,18.732410669326782,0.8660976886749268,0.48722681403160095,0.3782750964164734,200000,30000,164.71120400092332,128.8008689880371,266.36376953125
1231,18.84431481361389,0.8698123693466187,0.4794447720050812,0.39647772908210754,200000,30000,162.7058530029899,128.0367374420166,266.36376953125
1232,18.740346431732178,0.8655502200126648,0.482259601354599,0.4106077253818512,200000,30000,165.83143699972425,129.1024684906006,266.36376953125
1233,18.594939708709717,0.862019419670105,0.491287499666214,0.37121763825416565,200000,30000,163.72373799822526,129.26626205444336,266.36376953125
1234,18.682957887649536,0.8663870096206665,0.4859948754310608,0.3919563591480255,200000,30000,166.5096340002492,129.91952896118164,266.36376953125
1235,18.78989815711975,0.8673190474510193,0.47907495498657227,0.38604992628097534,200000,30000,163.24986100153183,128.43894958496094,266.36376953125
1236,18.904387950897217,0.8660392761230469,0.4767327606678009,0.4073508381843567,200000,30000,163.41699500117102,128.19814682006836,266.36376953125
1237,18.736425638198853,0.8586225509643555,0.47591716051101685,0.367482990026474,200000,30000,164.57608200289542,127.9299259185791,266.36376953125
1238,18.5274600982666,0.8467194437980652,0.4803757667541504,0.39619219303131104,200000,30000,165.24098300214973,127.93159484863281,266.36376953125
1239,18.7002956867218,0.8538880348205566,0.4933883547782898,0.3790966868400574,200000,30000,167.92763699777424,128.82089614868164,266.36376953125
1240,18.776031732559204,0.8551639318466187,0.49848464131355286,0.386500746011734,200000,30000,166.60951499943621,128.07083129882812,266.36376953125
1241,18.668445348739624,0.8566218614578247,0.503621518611908,0.38680094480514526,200000,30000,163.9507270010654,129.2564868927002,266.36376953125
1242,18.658393621444702,0.8572613596916199,0.4985045790672302,0.3901363015174866,200000,30000,169.25887599791167,132.12966918945312,266.36376953125
1243,18.826676607131958,0.863784909248352,0.5022007822990417,0.3805912435054779,200000,30000,170.3249539968965,133.514404296875,266.36376953125
1244,18.876500129699707,0.8629552721977234,0.505645751953125,0.3947668671607971,200000,30000,173.49855399879743,134.13047790527344,266.36376953125
1245,18.954472541809082,0.8638410568237305,0.5069636702537537,0.41954919695854187,200000,30000,166.9651009979134,129.75144386291504,266.36376953125
1246,18.639525175094604,0.860876739025116,0.4998571276664734,0.40787309408187866,200000,30000,166.35454700008268,128.7252902984619,266.36376953125
1247,18.933614492416382,0.8665902018547058,0.4953978657722473,0.41531437635421753,200000,30000,164.3625550022989,128.87811660766602,266.36376953125
1248,18.899362087249756,0.8638798594474792,0.49574893712997437,0.384036123752594,200000,30000,164.97048100063694,128.22866439819336,266.36376953125
1249,18.736248016357422,0.8643535375595093,0.4894033670425415,0.39480361342430115,200000,30000,168.24824099967373,128.2360553741455,266.36376953125
1250,18.635393381118774,0.8625399470329285,0.48733246326446533,0.35901954770088196,200000,30000,167.55310899679898,128.4637451171875,266.36376953125
1251,19.02112364768982,0.8707324862480164,0.4824873208999634,0.38768652081489563,200000,30000,166.70180700020865,130.2788257598877,266.36376953125
1252,19.139432907104492,0.8731259703636169,0.47269612550735474,0.3740500509738922,200000,30000,166.09585100013646,130.55992126464844,266.36376953125
1253,19.200797080993652,0.8744109869003296,0.4696016013622284,0.39363324642181396,200000,30000,167.67131800224888,129.41551208496094,266.36376953125
1254,19.09850835800171,0.8734641075134277,0.4652877748012543,0.3675523102283478,200000,30000,161.9040629993833,127.36630439758301,266.36376953125
1255,18.922810554504395,0.8640936613082886,0.47335806488990784,0.3916362524032593,200000,30000,164.71364800236188,128.29303741455078,266.36376953125
1256,19.04725670814514,0.863863468170166,0.47037553787231445,0.3956925868988037,200000,30000,170.5966929985152,127.39181518554688,266.36376953125
1257,19.062572717666626,0.8677371740341187,0.46418333053588867,0.3957765996456146,200000,30000,169.42463200030033,130.71727752685547,266.36376953125
1258,18.109294176101685,0.84479820728302,0.48284950852394104,0.3887871205806732,200000,30000,165.1940409974486,129.75478172302246,266.36376953125
1259,18.62652063369751,0.8538559675216675,0.4790346026420593,0.3684554994106293,200000,30000,163.3557679997466,127.99835205078125,266.36376953125
1260,18.967527151107788,0.8622056245803833,0.4744224548339844,0.3567476272583008,200000,30000,163.2425490024616,128.42178344726562,266.36376953125
1261,18.928074836730957,0.8609414100646973,0.47135594487190247,0.40856802463531494,200000,30000,164.7993629994744,128.20911407470703,266.36376953125
1262,18.862074613571167,0.8526372909545898,0.47733986377716064,0.37279582023620605,200000,30000,165.4829350009095,128.9653778076172,266.36376953125
1263,19.157795906066895,0.8555852770805359,0.4758007228374481,0.3678816854953766,200000,30000,171.46258399952785,128.17072868347168,266.36376953125
1264,19.1700279712677,0.858117938041687,0.46888741850852966,0.3663727939128876,200000,30000,164.98010400027852,128.26204299926758,266.36376953125
1265,19.16322946548462,0.8499313592910767,0.4726763367652893,0.36899709701538086,200000,30000,163.22589100309415,128.10039520263672,266.36376953125
1266,18.79877805709839,0.8420833349227905,0.4772912263870239,0.3908149302005768,200000,30000,174.14467699927627,132.51090049743652,266.36376953125
1267,19.185298681259155,0.8511096835136414,0.4751152992248535,0.36127039790153503,200000,30000,171.6203219984891,132.43484497070312,266.36376953125
1268,19.22061562538147,0.8511492013931274,0.4773426651954651,0.3781674802303314,200000,30000,167.9233020004176,133.04758071899414,266.36376953125
1269,19.332176446914673,0.8501462936401367,0.47965022921562195,0.3826790153980255,200000,30000,163.94176799803972,128.30018997192383,266.36376953125
1270,19.181910753250122,0.8506788015365601,0.47444429993629456,0.379275381565094,200000,30000,161.02355000111856,127.37894058227539,266.36376953125
1271,19.199116230010986,0.8528003096580505,0.47348612546920776,0.33964088559150696,200000,30000,164.56973099775496,128.78775596618652,266.36376953125
1272,18.870443105697632,0.8465603590011597,0.47507673501968384,0.35320648550987244,200000,30000,162.22105300039402,127.86626815795898,266.36376953125
1273,18.733220100402832,0.8321586847305298,0.48354560136795044,0.37408873438835144,200000,30000,167.65267599839717,129.7628879547119,266.36376953125
1274,19.24252986907959,0.8446347713470459,0.48520487546920776,0.36157745122909546,200000,30000,166.19234999961918,128.1411647796631,266.36376953125
1275,18.8912034034729,0.840861976146698,0.4855842888355255,0.3805137574672699,200000,30000,165.83203800109914,128.15189361572266,266.36376953125
1276,19.032514095306396,0.8434830904006958,0.48504239320755005,0.36230236291885376,200000,30000,168.53205299776164,128.04532051086426,266.36376953125
1277,19.150023460388184,0.8457314968109131,0.4858991503715515,0.3652949333190918,200000,30000,166.59587700269185,128.50022315979004,266.36376953125
1278,19.21395778656006,0.8408821821212769,0.48921433091163635,0.3517739474773407,200000,30000,166.50850500082015,128.83615493774414,266.36376953125
1279,19.247095584869385,0.8430132865905762,0.48701581358909607,0.38185349106788635,200000,30000,167.4148839992995,127.6247501373291,266.36376953125
1280,19.018148183822632,0.8419402837753296,0.4842025935649872,0.3691360056400299,200000,30000,167.8449630016985,127.32982635498047,266.36376953125
1281,19.08461093902588,0.8438796997070312,0.490913450717926,0.3402482569217682,200000,30000,164.09598400059622,128.74889373779297,266.36376953125
1282,18.911031484603882,0.8382846117019653,0.48228105902671814,0.3747471570968628,200000,30000,169.03152500162832,129.7454833984375,266.36376953125
1283,18.992938995361328,0.8384034037590027,0.49523550271987915,0.3755434453487396,200000,30000,174.31153500001528,128.4923553466797,266.36376953125
1284,19.27206039428711,0.8443334102630615,0.49504005908966064,0.3550216257572174,200000,30000,163.87302499788348,128.3435821533203,266.36376953125
1285,19.290354251861572,0.8446135520935059,0.5005943179130554,0.3863552510738373,200000,30000,167.87410199685837,131.68835639953613,266.36376953125
1286,19.271697998046875,0.8440966606140137,0.4966123700141907,0.37031179666519165,200000,30000,163.59437499704654,128.33738327026367,266.36376953125
1287,19.496504068374634,0.8471870422363281,0.489894837141037,0.3714752793312073,200000,30000,164.86379200068768,128.340482711792,266.36376953125
1288,19.491149187088013,0.8484436869621277,0.48721569776535034,0.3811705708503723,200000,30000,167.61973800021224,129.868745803833,266.36376953125
1289,19.582992792129517,0.8509917259216309,0.4837685525417328,0.3793300986289978,200000,30000,170.56099900219124,128.6025047302246,266.36376953125
1290,19.45098042488098,0.8515519499778748,0.47844961285591125,0.3698318600654602,200000,30000,174.5675799975288,127.8531551361084,266.36376953125
1291,19.1510009765625,0.8389891386032104,0.4709938168525696,0.3541358411312103,200000,30000,167.1332519981661,128.45468521118164,266.36376953125
1292,19.110509157180786,0.838981568813324,0.4804026484489441,0.3296368420124054,200000,30000,167.84305200053495,129.3618679046631,266.36376953125
1293,19.054406881332397,0.843380331993103,0.48138898611068726,0.33588656783103943,200000,30000,163.8529110023228,128.892183303833,266.36376953125
1294,18.79015326499939,0.8442232608795166,0.4751361012458801,0.32157188653945923,200000,30000,165.8181370003149,128.28826904296875,266.36376953125
1295,18.68975043296814,0.8420286178588867,0.4861343502998352,0.33438774943351746,200000,30000,166.04741800256306,128.94797325134277,266.36376953125
1296,18.842668533325195,0.8449649810791016,0.4817783534526825,0.3488710820674896,200000,30000,165.69732900097733,127.40087509155273,266.36376953125
1297,18.686002492904663,0.8420288562774658,0.4930073618888855,0.31297269463539124,200000,30000,163.85031000027084,127.57205963134766,266.36376953125
1298,18.30061435699463,0.8338057398796082,0.49914321303367615,0.3270006775856018,200000,30000,163.77721800017753,127.42090225219727,266.36376953125
1299,18.339767456054688,0.8392648100852966,0.5008329749107361,0.31846338510513306,200000,30000,164.74517900132923,128.52740287780762,266.36376953125
1300,18.297783136367798,0.8397132158279419,0.5112655162811279,0.3174673318862915,192333,30000,170.86180000114837,127.43163108825684,266.36376953125
1301,17.622183561325073,0.8089901804924011,0.5272426009178162,0.2998366355895996,192873,30000,173.19764599960763,128.40867042541504,266.36376953125
1302,17.997642755508423,0.8233410716056824,0.5253292322158813,0.3021042048931122,193426,30000,170.96196900092764,127.5632381439209,266.36376953125
1303,17.951422929763794,0.824953019618988,0.5287397503852844,0.3206932842731476,193799,30000,171.21388300074614,128.8764476776123,266.36376953125
1304,18.3475124835968,0.8391737937927246,0.5142859816551208,0.29911577701568604,194107,30000,171.81618999893544,128.19790840148926,266.36376953125
1305,18.59361171722412,0.8477009534835815,0.5049211382865906,0.29387134313583374,194457,30000,181.79779599813628,128.50594520568848,266.36376953125
1306,18.868448734283447,0.8552780151367188,0.5115381479263306,0.296821653842926,194866,30000,170.20159900130238,128.90958786010742,266.36376953125
1307,18.976712226867676,0.856856107711792,0.5041277408599854,0.2831282615661621,195258,30000,169.58848099966417,128.2658576965332,266.36376953125
1308,18.308130502700806,0.8484402894973755,0.5123493671417236,0.30381348729133606,195628,30000,170.34630999842193,127.40492820739746,266.36376953125
1309,18.316593170166016,0.847794771194458,0.5136893391609192,0.3178122639656067,195989,30000,170.92215299999225,127.21872329711914,266.36376953125
1310,18.374353647232056,0.8482245206832886,0.5160326361656189,0.33158233761787415,196371,30000,168.7419209993095,127.53534317016602,266.36376953125
1311,18.595216274261475,0.8532113432884216,0.5078465342521667,0.3105676472187042,196755,30000,168.4815249973326,127.3188591003418,266.36376953125
1312,18.775529861450195,0.85801100730896,0.5026443600654602,0.3186247646808624,197137,30000,169.44760999831487,129.36115264892578,266.36376953125
1313,18.693093061447144,0.8573287725448608,0.5058437585830688,0.31251537799835205,197513,30000,170.52113600220764,128.51357460021973,266.36376953125
1314,18.812633752822876,0.8606942892074585,0.5025298595428467,0.28500330448150635,197891,30000,169.69860999961384,128.80682945251465,266.36376953125
1315,18.9108145236969,0.8639769554138184,0.4928128719329834,0.30984485149383545,198272,30000,169.6021589996235,127.9759407043457,266.36376953125
1316,18.967264890670776,0.8659383654594421,0.48680904507637024,0.3068506419658661,198650,30000,169.6640310001385,128.71217727661133,266.36376953125
1317,18.99508833885193,0.866917073726654,0.4863013029098511,0.30058741569519043,199024,30000,173.91939600202022,129.60124015808105,266.36376953125
1318,19.04294490814209,0.8678159713745117,0.48957592248916626,0.3022109270095825,199402,30000,172.0887599985872,129.5006275177002,266.36376953125
1319,19.15348172187805,0.8664659261703491,0.4903407692909241,0.29871538281440735,199777,30000,184.8992109989922,138.1070613861084,266.36376953125
1320,19.087592363357544,0.8631848096847534,0.49132847785949707,0.31957337260246277,199986,30000,183.36723500033258,135.97345352172852,266.36376953125
1321,18.887141942977905,0.8640236854553223,0.48932793736457825,0.30885714292526245,199998,30000,182.10797700157855,137.75038719177246,266.36376953125
1322,18.867645263671875,0.8634109497070312,0.48704445362091064,0.3014398217201233,199999,30000,178.09319799926016,137.70318031311035,266.36376953125
1323,18.724219799041748,0.8628637194633484,0.48658743500709534,0.32734814286231995,200000,30000,174.51226599951042,134.72867012023926,266.36376953125
1324,18.351051807403564,0.856894850730896,0.4960138201713562,0.2847355306148529,200000,30000,173.50027300199145,134.58585739135742,266.36376953125
1325,18.741159439086914,0.8649957180023193,0.4935460090637207,0.2834967076778412,200000,30000,204.2387739966216,143.91136169433594,266.36376953125
1326,18.694661855697632,0.8657659292221069,0.4833242893218994,0.29266849160194397,200000,30000,178.130128999328,137.99524307250977,266.36376953125
1327,18.7148654460907,0.8675410747528076,0.48108115792274475,0.3106509745121002,200000,30000,167.7513380018354,130.0957202911377,266.36376953125
1328,18.751771450042725,0.8643391132354736,0.4857407510280609,0.30640074610710144,200000,30000,164.51529899859452,123.98147583007812,266.36376953125
1329,18.61051082611084,0.8604998588562012,0.48334214091300964,0.2940296232700348,200000,30000,180.11526499685715,133.7275505065918,266.36376953125
1330,18.696290254592896,0.8623977899551392,0.4841225743293762,0.2911819815635681,200000,30000,171.05729499962763,134.14740562438965,266.36376953125
1331,18.82056713104248,0.8586584329605103,0.4917767345905304,0.28296807408332825,200000,30000,171.27833899940015,133.76235961914062,266.36376953125
1332,19.011759757995605,0.8648621439933777,0.4906940460205078,0.29655006527900696,200000,30000,179.79915699834237,138.93985748291016,266.36376953125
1333,18.746026754379272,0.8623232841491699,0.4958510398864746,0.3118821978569031,200000,30000,175.72957599986694,138.06486129760742,266.36376953125
1334,19.0372896194458,0.8684511184692383,0.4918891191482544,0.28804144263267517,200000,30000,176.53945699930773,138.5345458984375,266.36376953125
1335,19.030542373657227,0.8690106272697449,0.4853660762310028,0.29049718379974365,200000,30000,169.8819339981128,134.4454288482666,266.36376953125
1336,18.691692352294922,0.861441969871521,0.4856974482536316,0.2769549787044525,200000,30000,171.04148100042948,133.8350772857666,266.36376953125
1337,18.449623584747314,0.856568455696106,0.485941082239151,0.30090561509132385,200000,30000,177.4764559995674,138.91911506652832,266.36376953125
1338,18.798177242279053,0.8648650050163269,0.4857182800769806,0.27567532658576965,200000,30000,172.8510320026544,134.6874237060547,266.36376953125
1339,18.13170075416565,0.8508042097091675,0.4837377965450287,0.2822066843509674,200000,30000,190.6739319965709,147.1843719482422,266.36376953125
1340,17.48286724090576,0.836359977722168,0.49282535910606384,0.29122230410575867,200000,30000,174.07660300159478,134.34171676635742,266.36376953125
1341,17.720777988433838,0.840459942817688,0.5124313831329346,0.2619202435016632,200000,30000,174.3764570019266,134.91320610046387,266.36376953125
1342,17.625486850738525,0.8417550921440125,0.5257729291915894,0.27441123127937317,200000,30000,176.64001599769108,137.969970703125,266.36376953125
1343,17.72217869758606,0.8435587882995605,0.5402085781097412,0.25527727603912354,200000,30000,181.13119500048924,139.75095748901367,266.36376953125
1344,17.951459884643555,0.8513277769088745,0.5356221199035645,0.2741125226020813,200000,30000,168.18580700055463,129.6529769897461,266.36376953125
1345,18.00748109817505,0.8552039861679077,0.5314760208129883,0.2805190086364746,200000,30000,172.8335860025254,135.19859313964844,266.36376953125
1346,18.063255548477173,0.8589812517166138,0.5243496298789978,0.26690393686294556,200000,30000,180.4471570030728,129.90355491638184,266.36376953125
1347,18.238554000854492,0.8611971139907837,0.5170115232467651,0.26448726654052734,200000,30000,167.18589499942027,129.52327728271484,266.36376953125
1348,18.186850547790527,0.8638235926628113,0.5069345831871033,0.26368191838264465,200000,30000,164.33069100094144,128.9200782775879,266.36376953125
1349,18.124186992645264,0.8614181876182556,0.5114456415176392,0.2503109276294708,200000,30000,164.10568699939176,127.97355651855469,266.36376953125
1350,17.926390171051025,0.8581632375717163,0.5123428106307983,0.269638329744339,200000,30000,169.22688500199,129.56643104553223,266.36376953125
1351,17.95654535293579,0.85960853099823,0.5041733980178833,0.24848107993602753,200000,30000,165.50590800034115,131.35623931884766,266.36376953125
1352,17.969059944152832,0.8606588840484619,0.5061434507369995,0.27209073305130005,200000,30000,163.6893799986865,128.07965278625488,266.36376953125
1353,18.004443645477295,0.8626894950866699,0.502699077129364,0.26554277539253235,200000,30000,167.72435899838456,129.57477569580078,266.36376953125
1354,18.21909785270691,0.866838812828064,0.49564820528030396,0.29391083121299744,200000,30000,164.96471800201107,127.6090145111084,266.36376953125
1355,17.6382577419281,0.855343222618103,0.4970695376396179,0.24435506761074066,200000,30000,171.01489400010905,131.26659393310547,266.36376953125
1356,18.137083053588867,0.862309455871582,0.501470685005188,0.25733399391174316,200000,30000,182.39650699979393,132.42220878601074,266.36376953125
1357,18.32557201385498,0.8658671379089355,0.4939940869808197,0.25935885310173035,200000,30000,166.9442060010624,128.9377212524414,266.36376953125
1358,18.266336917877197,0.8673603534698486,0.5060850381851196,0.25136977434158325,200000,30000,168.2930019997002,128.30877304077148,266.36376953125
1359,18.2205331325531,0.8659812808036804,0.5190648436546326,0.25566431879997253,200000,30000,175.68300499988254,136.1682415008545,266.36376953125
1360,18.251675367355347,0.8668198585510254,0.5133103728294373,0.2381182461977005,200000,30000,166.04819300118834,128.2038688659668,266.36376953125
1361,18.423385620117188,0.8721150159835815,0.5071632266044617,0.23752276599407196,200000,30000,167.99880400139955,131.61182403564453,266.36376953125
1362,18.52855682373047,0.8732495307922363,0.5050211548805237,0.255830317735672,200000,30000,166.62211999937426,127.2130012512207,266.36376953125
1363,18.588029146194458,0.8760374784469604,0.49324771761894226,0.23844441771507263,200000,30000,166.12251700280467,128.88550758361816,266.36376953125
1364,18.556276559829712,0.8759376406669617,0.4875414967536926,0.2537776827812195,200000,30000,164.84048700294807,128.72695922851562,266.36376953125
1365,18.534505367279053,0.8757869601249695,0.48153117299079895,0.2601088583469391,200000,30000,164.14198199709062,127.5181770324707,266.36376953125
1366,18.646328449249268,0.8774046897888184,0.48363468050956726,0.25511863827705383,200000,30000,168.08957300236216,130.9058666229248,266.36376953125
1367,18.70369791984558,0.8796968460083008,0.4809255599975586,0.24403434991836548,200000,30000,173.95787200075574,129.88018989562988,266.36376953125
1368,18.7955641746521,0.8804242610931396,0.47501125931739807,0.25357717275619507,200000,30000,164.61105599955772,128.7839412689209,266.36376953125
1369,18.702869415283203,0.8799020051956177,0.4842569828033447,0.23010335862636566,200000,30000,167.2409630009497,127.9599666595459,266.36376953125
1370,18.711256980895996,0.8801788687705994,0.49062782526016235,0.2531897723674774,200000,30000,170.31602800125256,134.55438613891602,266.36376953125
1371,18.829320669174194,0.8820438385009766,0.48614582419395447,0.24276427924633026,200000,30000,161.43674599879887,127.46143341064453,266.36376953125
1372,18.388888835906982,0.8745366334915161,0.486425518989563,0.24985836446285248,200000,30000,165.51564499968663,128.80373001098633,266.36376953125
1373,18.262996673583984,0.8690673112869263,0.5047350525856018,0.23530885577201843,200000,30000,161.7305590007163,127.32672691345215,266.36376953125
1374,18.287633657455444,0.8714668154716492,0.50316321849823,0.2375933825969696,200000,30000,160.88632700120797,126.75046920776367,266.36376953125
1375,18.150756359100342,0.8690969347953796,0.5090103149414062,0.227297842502594,200000,30000,162.4673120022635,128.52764129638672,266.36376953125
1376,18.164585828781128,0.8699185848236084,0.5194945335388184,0.25701913237571716,200000,30000,165.72952600108692,130.1708221435547,266.36376953125
1377,18.22177767753601,0.8714258670806885,0.5151391625404358,0.22075392305850983,200000,30000,167.7200689991878,131.0722827911377,266.36376953125
1378,18.186230659484863,0.872961163520813,0.5155139565467834,0.2074570655822754,200000,30000,168.43997100295383,130.81002235412598,266.36376953125
1379,18.366196155548096,0.8775874972343445,0.5125685334205627,0.21263106167316437,200000,30000,173.81628699877183,130.48601150512695,266.36376953125
1380,18.295271396636963,0.8770138025283813,0.5247828364372253,0.21929192543029785,200000,30000,164.09858800034272,127.59590148925781,266.36376953125
1381,18.29370379447937,0.8776838183403015,0.5219610333442688,0.20894190669059753,200000,30000,162.90592400036985,128.05986404418945,266.36376953125
1382,18.279377222061157,0.8758659362792969,0.5206176042556763,0.20819182693958282,200000,30000,165.28166399803013,128.6454200744629,266.36376953125
1383,18.600724935531616,0.8842086791992188,0.5136056542396545,0.21049170196056366,200000,30000,165.99818299800972,129.47511672973633,266.36376953125
1384,18.632386922836304,0.8843137621879578,0.5065867900848389,0.2195969969034195,200000,30000,163.23645900047268,128.6294460296631,266.36376953125
1385,18.687915802001953,0.8860962390899658,0.5051043629646301,0.21887679398059845,200000,30000,164.62311099894578,127.41851806640625,266.36376953125
1386,18.782838582992554,0.8888354301452637,0.5035154819488525,0.22901584208011627,200000,30000,170.58391500177095,130.13362884521484,266.36376953125
1387,18.893909454345703,0.8919247388839722,0.4945679008960724,0.2493762969970703,200000,30000,164.83412100205896,128.71742248535156,266.36376953125
1388,18.797016143798828,0.8905023336410522,0.4975162446498871,0.22572939097881317,200000,30000,164.75116799847456,127.27189064025879,266.36376953125
1389,18.93761157989502,0.8925029635429382,0.4938493072986603,0.2182971090078354,200000,30000,166.3380630016036,130.1116943359375,266.36376953125
1390,18.64908218383789,0.8888928294181824,0.4886912703514099,0.22547882795333862,200000,30000,166.9107179986895,129.01902198791504,266.36376953125
1391,18.90072464942932,0.8938650488853455,0.4917336106300354,0.22379682958126068,200000,30000,167.05841400107602,130.58924674987793,266.36376953125
1392,18.960962295532227,0.8945977687835693,0.48618051409721375,0.2171083241701126,200000,30000,165.4581370021333,129.4412612915039,266.36376953125
1393,19.016634225845337,0.897340714931488,0.48708784580230713,0.20275026559829712,200000,30000,163.3930549978686,127.43306159973145,266.36376953125
1394,18.459289073944092,0.885558009147644,0.48948708176612854,0.20735259354114532,200000,30000,163.21313099979307,128.01790237426758,266.36376953125
1395,18.973344564437866,0.896458089351654,0.4844908118247986,0.20406095683574677,200000,30000,164.91523099830374,127.39205360412598,266.36376953125
1396,18.949073553085327,0.8950579166412354,0.4859851896762848,0.2098485827445984,200000,30000,165.7837560014741,128.9205551147461,266.36376953125
1397,18.963338136672974,0.8970568180084229,0.4837453365325928,0.19999143481254578,200000,30000,163.42526599692064,127.64573097229004,266.36376953125
1398,18.917449712753296,0.8950008749961853,0.48206591606140137,0.21773093938827515,200000,30000,164.31062099945848,128.7851333618164,266.36376953125
1399,18.996851444244385,0.8970592021942139,0.4825007915496826,0.2193637639284134,200000,30000,168.46589199849404,129.44531440734863,266.36376953125
1400,18.926275968551636,0.8963922262191772,0.48077118396759033,0.21502657234668732,189140,30000,174.74433000097633,129.08196449279785,266.36376953125
1401,19.023696184158325,0.8971364498138428,0.4808322787284851,0.22217604517936707,189722,30000,174.91229499864858,130.07354736328125,266.36376953125
1402,19.220643043518066,0.9009795188903809,0.4784725308418274,0.20443101227283478,190307,30000,170.91563099893392,127.50124931335449,266.36376953125
1403,19.21697735786438,0.9007261991500854,0.47574251890182495,0.22209548950195312,190763,30000,174.63575600049808,127.20894813537598,266.36376953125
1404,19.317420721054077,0.9037058353424072,0.4724474251270294,0.21333375573158264,191097,30000,168.4114359995874,128.51500511169434,266.36376953125
1405,19.277931451797485,0.9034015536308289,0.4714367985725403,0.20034022629261017,191485,30000,168.42297399853123,127.35295295715332,266.36376953125
1406,19.301328659057617,0.903113603591919,0.47050929069519043,0.21448051929473877,191940,30000,172.74623299817904,131.18696212768555,266.36376953125
1407,18.538182973861694,0.8890864253044128,0.48255395889282227,0.20352256298065186,192382,30000,168.12097699948936,127.39253044128418,266.36376953125
1408,18.675098419189453,0.8891280889511108,0.49483174085617065,0.20618119835853577,192791,30000,171.15284600004088,126.65748596191406,266.36376953125
1409,18.663166761398315,0.8893309831619263,0.49366047978401184,0.20099900662899017,193186,30000,171.71050799879595,127.43830680847168,266.36376953125
1410,19.096118211746216,0.8963896632194519,0.48414382338523865,0.20373331010341644,193612,30000,173.2700710017525,130.8879852294922,266.36376953125
1411,18.883458375930786,0.8956358432769775,0.49239468574523926,0.19439741969108582,194037,30000,168.2522320006683,128.61347198486328,266.36376953125
1412,19.084490537643433,0.9000171422958374,0.4809456765651703,0.1888018101453781,194465,30000,173.8174389975029,129.6377182006836,266.36376953125
1413,19.130758047103882,0.9016402959823608,0.47909829020500183,0.1817733347415924,194883,30000,176.03449399757665,131.486177444458,266.36376953125
1414,19.15872573852539,0.9024626612663269,0.47401440143585205,0.20917609333992004,195302,30000,172.84523000125773,128.59177589416504,266.36376953125
1415,18.096237182617188,0.8819357752799988,0.4844662547111511,0.18994325399398804,195721,30000,172.51823900005547,128.88193130493164,266.36376953125
1416,18.121967315673828,0.8816817998886108,0.4997643828392029,0.1956576108932495,196145,30000,169.78451400063932,129.17017936706543,266.36376953125
1417,18.362783193588257,0.8865929841995239,0.505236029624939,0.18674831092357635,196561,30000,170.8654510002816,127.03680992126465,266.36376953125
1418,18.621108531951904,0.8940855860710144,0.5030772089958191,0.1840759515762329,196986,30000,169.51712900117855,126.64008140563965,266.36376953125
1419,18.904858827590942,0.9004669189453125,0.4993031322956085,0.18836911022663116,197409,30000,170.26793199693202,127.39777565002441,266.36376953125
1420,19.060466289520264,0.9044193029403687,0.4892587959766388,0.17282921075820923,197834,30000,172.54519899870502,131.5627098083496,266.36376953125
1421,19.169055223464966,0.906876266002655,0.48212504386901855,0.1784174144268036,198256,30000,177.19808099718648,131.73985481262207,266.36376953125
1422,19.347116947174072,0.9097394347190857,0.47525373101234436,0.16177038848400116,198677,30000,173.2228330001817,129.92358207702637,266.36376953125
1423,19.09744143486023,0.9061193466186523,0.4745333790779114,0.18640995025634766,199101,30000,173.57959099899745,130.77020645141602,266.36376953125
1424,19.437577724456787,0.9093573093414307,0.48207831382751465,0.15428756177425385,199524,30000,171.15195600126754,129.69017028808594,266.36376953125
1425,19.064654111862183,0.9064325094223022,0.4842088222503662,0.1761094331741333,199948,30000,172.45924300004845,128.8149356842041,266.36376953125
1426,18.759061098098755,0.9013873934745789,0.49368971586227417,0.16978658735752106,199997,30000,355.66344899780233,130.8596134185791,266.36376953125
1427,19.403011798858643,0.9104771614074707,0.49051278829574585,0.1828068047761917,200000,30000,174.31457699785824,131.6070556640625,266.36376953125
1428,19.50457215309143,0.9131686687469482,0.49072012305259705,0.1863814890384674,200000,30000,165.99763499834808,128.3721923828125,266.36376953125
1429,19.422852993011475,0.9129106402397156,0.484586238861084,0.16243712604045868,200000,30000,168.72636699918075,130.45954704284668,266.36376953125
1430,19.155641794204712,0.909432053565979,0.4875643253326416,0.1757085621356964,200000,30000,167.78396900190273,130.5079460144043,266.36376953125
1431,19.134740829467773,0.9096596240997314,0.484719455242157,0.16058824956417084,200000,30000,168.15520100135473,129.974365234375,266.36376953125
1432,19.221514463424683,0.909048318862915,0.4883508086204529,0.16186414659023285,200000,30000,165.57206099969335,129.56571578979492,266.36376953125
1433,19.291216135025024,0.9101089239120483,0.47953224182128906,0.16736556589603424,200000,30000,176.09925699798623,133.78095626831055,266.36376953125
1434,18.89147639274597,0.9052197933197021,0.48534896969795227,0.1841707080602646,200000,30000,164.82972299854737,128.76486778259277,266.36376953125
1435,18.948721885681152,0.9058191776275635,0.48658835887908936,0.1643698513507843,200000,30000,163.1354070013913,129.09722328186035,266.36376953125
1436,18.804006576538086,0.903526782989502,0.48541831970214844,0.17330573499202728,200000,30000,168.43754699948477,130.9645175933838,266.36376953125
1437,19.016448259353638,0.9069668054580688,0.47309502959251404,0.1776094287633896,200000,30000,169.80903500007116,129.93907928466797,266.36376953125
1438,18.933610916137695,0.9049229025840759,0.473165363073349,0.18316945433616638,200000,30000,165.97734999959357,128.1135082244873,266.36376953125
1439,19.12582516670227,0.9090015888214111,0.4667401611804962,0.18404032289981842,200000,30000,170.95737899944652,129.95409965515137,266.36376953125
1440,19.031519889831543,0.9008452296257019,0.4741767942905426,0.1921633630990982,200000,30000,164.6155020025617,128.67045402526855,266.36376953125
1441,19.246021509170532,0.9058444499969482,0.46395549178123474,0.18373920023441315,200000,30000,165.00560200074688,128.3435821533203,266.36376953125
1442,18.955191373825073,0.9045376777648926,0.45646214485168457,0.17966939508914948,200000,30000,166.2349920006818,127.99429893493652,266.36376953125
1443,19.137887954711914,0.9083682894706726,0.4626399278640747,0.16465748846530914,200000,30000,163.74758999882033,129.1804313659668,266.36376953125
1444,19.132157564163208,0.9086896777153015,0.46204090118408203,0.16706541180610657,200000,30000,169.2667010029254,129.22239303588867,266.36376953125
1445,19.11691904067993,0.9066459536552429,0.46836644411087036,0.1650451421737671,200000,30000,169.4886570003291,130.52630424499512,266.36376953125
1446,19.008963108062744,0.905593752861023,0.4764387309551239,0.17575933039188385,200000,30000,167.22018299697083,131.72149658203125,266.36376953125
1447,18.888691663742065,0.9019007682800293,0.47687020897865295,0.17732161283493042,200000,30000,163.67105899917078,127.59613990783691,266.36376953125
1448,18.94840955734253,0.9046193957328796,0.47324037551879883,0.17422038316726685,200000,30000,164.6074390009744,128.41796875,266.36376953125
1449,19.09692406654358,0.9079583883285522,0.46846142411231995,0.16927827894687653,200000,30000,166.3782759969763,128.6449432373047,266.36376953125
1450,19.040894508361816,0.9092075228691101,0.4685879349708557,0.1597413569688797,200000,30000,165.2819949995319,128.5097599029541,266.36376953125
1451,18.844958543777466,0.9055619239807129,0.4832557141780853,0.16729143261909485,200000,30000,166.04957200252102,128.4472942352295,266.36376953125
1452,18.827414512634277,0.9044281840324402,0.48429229855537415,0.15368515253067017,200000,30000,162.79935399870737,128.21269035339355,266.36376953125
1453,18.71765971183777,0.9054812788963318,0.48311367630958557,0.1536289006471634,200000,30000,163.56720199837582,129.3191909790039,266.36376953125
1454,18.720202445983887,0.9047458171844482,0.5002685189247131,0.16055500507354736,200000,30000,164.95313999985228,130.49745559692383,266.36376953125
1455,18.83922576904297,0.9074060916900635,0.4971277117729187,0.16121944785118103,200000,30000,168.76927100020112,129.88877296447754,266.36376953125
1456,18.859010934829712,0.9100449085235596,0.4934867024421692,0.15609554946422577,200000,30000,166.68018999916967,130.5086612701416,266.36376953125
1457,18.853144645690918,0.9111336469650269,0.49335652589797974,0.15217895805835724,200000,30000,175.3220210011932,135.4537010192871,266.36376953125
1458,18.736999034881592,0.9094735980033875,0.4987523555755615,0.15644493699073792,200000,30000,171.73853699932806,134.19795036315918,266.36376953125
1459,18.57727289199829,0.9080986380577087,0.4982830584049225,0.14436598122119904,200000,30000,166.21411400046782,128.83520126342773,266.36376953125
1460,18.816063404083252,0.9136673808097839,0.4882396161556244,0.15064431726932526,200000,30000,164.89171499779331,128.19600105285645,266.36376953125
1461,18.852049112319946,0.9147672653198242,0.4835592806339264,0.14387883245944977,200000,30000,164.49333900163765,128.17025184631348,266.36376953125
1462,18.924142122268677,0.9160992503166199,0.4843407869338989,0.15565358102321625,200000,30000,166.29079899939825,129.0881633758545,266.36376953125
1463,18.499469757080078,0.9072692394256592,0.4960917830467224,0.1560821533203125,200000,30000,166.283331996965,128.91030311584473,266.36376953125
1464,18.71798038482666,0.9119490385055542,0.5005108118057251,0.14754264056682587,200000,30000,170.56580399730592,129.48155403137207,266.36376953125
1465,18.68350863456726,0.911400318145752,0.49840494990348816,0.14209812879562378,200000,30000,169.48528899956727,128.64184379577637,266.36376953125
1466,18.778613805770874,0.9140610098838806,0.4854760766029358,0.1332395374774933,200000,30000,164.49167500104522,127.47335433959961,266.36376953125
1467,18.912755250930786,0.9151632785797119,0.49094298481941223,0.14433877170085907,200000,30000,163.9858809976431,127.77328491210938,266.36376953125
1468,18.815009593963623,0.9132713675498962,0.499281644821167,0.14169074594974518,200000,30000,165.19678099939483,127.64477729797363,266.36376953125
1469,18.952053785324097,0.9134389162063599,0.4889761507511139,0.1519215852022171,200000,30000,164.48642300019856,128.92460823059082,266.36376953125
1470,18.828036785125732,0.9079014658927917,0.49207645654678345,0.14580680429935455,200000,30000,165.2128610003274,128.7851333618164,266.36376953125
1471,18.817625045776367,0.9070819616317749,0.5016778111457825,0.14676515758037567,200000,30000,162.8293189969554,128.26871871948242,266.36376953125
1472,18.821473121643066,0.9041867256164551,0.5030728578567505,0.14003130793571472,200000,30000,167.51819899945986,128.05724143981934,266.36376953125
1473,18.647994995117188,0.8981491923332214,0.5029516220092773,0.14213983714580536,200000,30000,168.60529499899712,128.02529335021973,266.36376953125
1474,18.364839553833008,0.8900045156478882,0.5066779255867004,0.1376674920320511,200000,30000,163.23233900038758,128.17859649658203,266.36376953125
1475,18.587675094604492,0.8913888335227966,0.5030704736709595,0.14829978346824646,200000,30000,163.9652070007287,128.2637119293213,266.36376953125
1476,18.60416054725647,0.8897362947463989,0.5063431262969971,0.14551101624965668,200000,30000,164.37135899832356,126.99651718139648,266.36376953125
1477,18.401005268096924,0.8877079486846924,0.5131866335868835,0.13309255242347717,200000,30000,164.05437700086622,127.38347053527832,266.36376953125
1478,18.40316414833069,0.884851336479187,0.519845724105835,0.14173811674118042,200000,30000,162.4410930016893,127.61354446411133,266.36376953125
1479,18.44907283782959,0.8828309774398804,0.5196428298950195,0.1435801386833191,200000,30000,162.62951099997736,127.55513191223145,266.36376953125
1480,18.464773893356323,0.8830908536911011,0.5213714241981506,0.14333191514015198,200000,30000,161.98476100180415,127.03871726989746,266.36376953125
1481,18.289480209350586,0.8769910335540771,0.5248816609382629,0.14696139097213745,200000,30000,163.54655300165177,128.1261444091797,266.36376953125
1482,18.079334497451782,0.8648428320884705,0.5280007719993591,0.13651229441165924,200000,30000,161.25892600030056,126.75952911376953,266.36376953125
1483,17.904858589172363,0.8577326536178589,0.533898651599884,0.1312430500984192,200000,30000,161.07701399960206,126.91450119018555,266.36376953125
1484,18.21812868118286,0.8569518327713013,0.5355230569839478,0.1387435495853424,200000,30000,167.1666340007505,128.75628471374512,266.36376953125
1485,17.765328884124756,0.8515507578849792,0.5443655848503113,0.1542210429906845,200000,30000,162.67623900057515,127.97284126281738,266.36376953125
1486,17.743452787399292,0.851174533367157,0.5422601699829102,0.13987573981285095,200000,30000,164.50335599802202,128.68380546569824,266.36376953125
1487,17.589247226715088,0.8479154109954834,0.5343962907791138,0.13622041046619415,200000,30000,162.62835200177506,127.55084037780762,266.36376953125
1488,17.48739719390869,0.8449549078941345,0.5376578569412231,0.14316684007644653,200000,30000,167.01773299791967,128.26299667358398,266.36376953125
1489,17.33529806137085,0.8448063731193542,0.536491870880127,0.1365661472082138,200000,30000,167.7800910001679,130.2483081817627,266.36376953125
1490,17.119654417037964,0.8402132987976074,0.5384739637374878,0.1450769603252411,200000,30000,166.93868799848133,128.20839881896973,266.36376953125
1491,17.222777605056763,0.8509565591812134,0.537851870059967,0.1537533849477768,200000,30000,167.91280899997219,128.10158729553223,266.36376953125
1492,17.252720594406128,0.857975959777832,0.5384114384651184,0.14973334968090057,200000,30000,165.11583399915253,127.00486183166504,266.36376953125
1493,17.464224100112915,0.870863139629364,0.5382030606269836,0.14533287286758423,200000,30000,162.70345500015537,127.75063514709473,266.36376953125
1494,17.791329622268677,0.8839928507804871,0.5290560126304626,0.1457396298646927,200000,30000,166.70500100008212,126.86824798583984,266.36376953125
1495,14.629882574081421,0.7455844879150391,0.5427602529525757,0.14872874319553375,200000,30000,167.1296460008307,129.3962001800537,266.36376953125
1496,14.528617858886719,0.7412518858909607,0.5525600910186768,0.1466287076473236,200000,30000,166.55316600008518,126.06072425842285,266.36376953125
1497,14.376851320266724,0.7399761080741882,0.5571829080581665,0.15463677048683167,200000,30000,170.41138099739328,130.09929656982422,266.36376953125
1498,14.491441249847412,0.7495088577270508,0.5462215542793274,0.15942060947418213,200000,30000,169.5833779995155,129.46057319641113,266.36376953125
1499,14.693199396133423,0.7650904655456543,0.5396422743797302,0.15093466639518738,200000,30000,164.01954899993143,127.31623649597168,266.36376953125
1500,15.621397495269775,0.8105452060699463,0.5422221422195435,0.16210272908210754,198289,30000,173.00951899960637,127.30097770690918,266.36376953125
1501,14.039874076843262,0.7232736349105835,0.5548288822174072,0.15825040638446808,198826,30000,170.62384099699557,126.09076499938965,266.36376953125
1502,14.30299162864685,0.7360320091247559,0.5571286082267761,0.1640090048313141,199367,30000,173.22631099887076,127.02441215515137,266.36376953125
1503,14.707926511764526,0.755542516708374,0.5532265305519104,0.16586421430110931,199820,30000,169.46007300066412,127.45213508605957,266.36376953125
1504,14.998172521591187,0.7724820375442505,0.5484800934791565,0.15237008035182953,199984,30000,172.24564199932502,132.50422477722168,266.36376953125
1505,15.403090715408325,0.7912410497665405,0.5446526408195496,0.1532159149646759,199998,30000,167.31382899888558,127.45070457458496,266.36376953125
1506,15.92971920967102,0.8125662803649902,0.5330405831336975,0.14908865094184875,200000,30000,166.771009000513,128.0651092529297,266.36376953125
1507,16.35386824607849,0.829568088054657,0.5264050364494324,0.15515168011188507,200000,30000,166.33627099872683,130.28216361999512,266.36376953125
1508,16.812682151794434,0.8458436727523804,0.517659068107605,0.1546402871608734,200000,30000,165.7889480011363,128.08489799499512,266.36376953125
1509,17.123708724975586,0.8563744425773621,0.5204839706420898,0.16293589770793915,200000,30000,166.98214600182837,130.83553314208984,266.36376953125
1510,17.369695901870728,0.8653282523155212,0.5242751240730286,0.16053685545921326,200000,30000,169.21215999900596,130.43880462646484,266.36376953125
1511,17.685598134994507,0.8744303584098816,0.5238001346588135,0.15896862745285034,200000,30000,165.00305100271362,128.1111240386963,266.36376953125
1512,17.836720943450928,0.8820792436599731,0.5177270770072937,0.1589735746383667,200000,30000,164.07922399957897,128.6337375640869,266.36376953125
1513,18.09081792831421,0.8889259696006775,0.516961395740509,0.15722370147705078,200000,30000,162.34578800140298,127.9001235961914,266.36376953125
1514,18.32486629486084,0.895995020866394,0.5142403841018677,0.15748721361160278,200000,30000,163.28464199978043,127.72274017333984,266.36376953125
1515,18.520783185958862,0.9017629623413086,0.5035387873649597,0.15518851578235626,200000,30000,161.8940640000801,127.08830833435059,266.36376953125
1516,18.83701205253601,0.9099227786064148,0.49585363268852234,0.1509883552789688,200000,30000,169.90839100253652,130.84053993225098,266.36376953125
1517,18.912850618362427,0.9135998487472534,0.4879608452320099,0.1447630524635315,200000,30000,166.75656399820582,127.12693214416504,266.36376953125
1518,18.85893940925598,0.9128522872924805,0.4961239695549011,0.15492156147956848,200000,30000,171.0412329994142,130.15151023864746,266.36376953125
1519,18.824212551116943,0.9135414361953735,0.494046688079834,0.15202639997005463,200000,30000,166.40928099877783,129.34350967407227,266.36376953125
1520,18.84219765663147,0.9151288866996765,0.4945537745952606,0.15498770773410797,200000,30000,167.78255399913178,126.98054313659668,266.36376953125
1521,18.843863010406494,0.9131709337234497,0.5034359097480774,0.1606518030166626,200000,30000,164.80367300027865,128.91507148742676,266.36376953125
1522,18.594411611557007,0.9115209579467773,0.4943476915359497,0.15999041497707367,200000,30000,165.96946900244802,130.50103187561035,266.36376953125
1523,18.574540615081787,0.912490725517273,0.507116436958313,0.15126386284828186,200000,30000,165.19109499859042,129.3165683746338,266.36376953125
1524,18.722749948501587,0.9160556793212891,0.5069605112075806,0.15093930065631866,200000,30000,163.79525699812802,127.84218788146973,266.36376953125
1525,18.747092485427856,0.9166707396507263,0.5003489255905151,0.1514534056186676,200000,30000,164.19669300012174,127.78735160827637,266.36376953125
1526,18.686604499816895,0.9169408679008484,0.5062907934188843,0.14923729002475739,200000,30000,168.7078869981633,131.69002532958984,266.36376953125
1527,18.77819538116455,0.919342041015625,0.5115145444869995,0.14691130816936493,200000,30000,164.60331099733594,128.96013259887695,266.36376953125
1528,18.94220471382141,0.9225448966026306,0.5028511881828308,0.15184451639652252,200000,30000,161.95962800338748,128.14784049987793,266.36376953125
1529,18.932360410690308,0.9242860078811646,0.4876726269721985,0.1529887616634369,200000,30000,164.42260000258102,128.8774013519287,266.36376953125
1530,18.610163927078247,0.9175481796264648,0.49493786692619324,0.158812016248703,200000,30000,164.31956500309752,128.88860702514648,266.36376953125
1531,18.611416816711426,0.9174119830131531,0.49759790301322937,0.15559852123260498,200000,30000,163.67409599843086,128.62896919250488,266.36376953125
1532,18.690478801727295,0.920409083366394,0.4957149922847748,0.15014252066612244,200000,30000,163.39674400296644,128.05819511413574,266.36376953125
1533,18.702266216278076,0.9178382754325867,0.5024157762527466,0.16418369114398956,200000,30000,166.30814699965413,128.60751152038574,266.36376953125
1534,18.736250400543213,0.919390857219696,0.5001486539840698,0.16636884212493896,200000,30000,164.8399320001772,128.46827507019043,266.36376953125
1535,18.916900157928467,0.9232932925224304,0.4977430999279022,0.16207195818424225,200000,30000,164.58020100253634,128.42702865600586,266.36376953125
1536,18.866325616836548,0.9219135642051697,0.502307116985321,0.1620328724384308,200000,30000,165.9073669979989,130.8462619781494,266.36376953125
1537,18.817442655563354,0.9192160367965698,0.5092889070510864,0.1658778190612793,200000,30000,164.0260499989381,127.40421295166016,266.36376953125
1538,18.133007287979126,0.9022245407104492,0.5177639722824097,0.15824531018733978,200000,30000,165.684453000722,128.47328186035156,266.36376953125
1539,18.582093715667725,0.912408709526062,0.5037866234779358,0.1701711118221283,200000,30000,175.2430819979054,131.57963752746582,266.36376953125
1540,18.057678937911987,0.9020563960075378,0.5185766220092773,0.16934378445148468,200000,30000,166.14739700162318,128.2196044921875,266.36376953125
1541,18.534210920333862,0.9116288423538208,0.5180974006652832,0.16646766662597656,200000,30000,169.20687700257986,127.11811065673828,266.36376953125
1542,18.694677352905273,0.9161989092826843,0.5220462679862976,0.16800431907176971,200000,30000,164.7084799988079,127.40707397460938,266.36376953125
1543,18.76569390296936,0.9175288081169128,0.5209208130836487,0.16924379765987396,200000,30000,165.82456000105594,129.95314598083496,266.36376953125
1544,18.736060857772827,0.9186838865280151,0.5192282199859619,0.16745112836360931,200000,30000,164.54151799916872,127.39419937133789,266.36376953125
1545,18.83199691772461,0.9217181205749512,0.5048419237136841,0.17210602760314941,200000,30000,165.28663899953244,130.0942897796631,266.36376953125
1546,18.54302406311035,0.9164791107177734,0.5125930309295654,0.17009800672531128,200000,30000,163.8720180017117,127.52270698547363,266.36376953125
1547,18.676074743270874,0.9191834926605225,0.515846312046051,0.16726911067962646,200000,30000,166.8082920004963,128.79180908203125,266.36376953125
1548,18.686264753341675,0.9195642471313477,0.5179634094238281,0.17145676910877228,200000,30000,165.4471250003553,128.54981422424316,266.36376953125
1549,18.555108308792114,0.9176251292228699,0.5152372717857361,0.17281964421272278,200000,30000,164.24233799989452,128.41486930847168,266.36376953125
1550,18.407931327819824,0.9157297015190125,0.5221505165100098,0.17500287294387817,200000,30000,161.88202999910573,126.6183853149414,266.36376953125
1551,17.968463897705078,0.9056527018547058,0.5376763343811035,0.17761735618114471,200000,30000,166.61118299816735,128.92580032348633,266.36376953125
1552,17.95354127883911,0.9054118990898132,0.5145661234855652,0.18384525179862976,200000,30000,167.7331110004161,132.74478912353516,266.36376953125
1553,17.61223077774048,0.8987897634506226,0.5413557887077332,0.175929993391037,200000,30000,165.07374699722277,127.71391868591309,266.36376953125
1554,18.28953266143799,0.9073119163513184,0.5584765076637268,0.1798079013824463,200000,30000,165.25094399912632,130.25307655334473,266.36376953125
1555,17.98249125480652,0.8981468677520752,0.5513715744018555,0.1789332628250122,200000,30000,164.35556700162124,128.32379341125488,266.36376953125
1556,17.98019289970398,0.8978459239006042,0.5718094110488892,0.1793961226940155,200000,30000,164.0593379997881,127.54130363464355,266.36376953125
1557,18.020793199539185,0.8980433344841003,0.5758762955665588,0.17845270037651062,200000,30000,162.39462600060506,126.51896476745605,266.36376953125
1558,17.982102632522583,0.8964645862579346,0.561958372592926,0.17911836504936218,200000,30000,163.17926900228485,126.94954872131348,266.36376953125
1559,17.914469242095947,0.8961359262466431,0.565641462802887,0.1793297827243805,200000,30000,166.26074099986,128.1905174255371,266.36376953125
1560,18.06880831718445,0.8997799158096313,0.5738823413848877,0.17538414895534515,200000,30000,163.36413999670185,127.84385681152344,266.36376953125
1561,18.04859161376953,0.8979357481002808,0.5827838182449341,0.17535795271396637,200000,30000,164.42096600076184,127.35152244567871,266.36376953125
1562,18.118146657943726,0.899764895439148,0.5943163633346558,0.17061425745487213,200000,30000,166.4683540002443,128.12256813049316,266.36376953125
1563,18.302382230758667,0.9040192365646362,0.6012836694717407,0.16591665148735046,200000,30000,170.07754199948977,128.13496589660645,266.36376953125
1564,18.392852544784546,0.9058699011802673,0.5978430509567261,0.1627667099237442,200000,30000,163.32871399936266,128.6633014678955,266.36376953125
1565,18.61139416694641,0.9114625453948975,0.593137800693512,0.15772083401679993,200000,30000,163.59455400015577,128.44538688659668,266.36376953125
1566,18.587318658828735,0.9117844104766846,0.5879485607147217,0.15298418700695038,200000,30000,165.5995580003946,129.29487228393555,266.36376953125
1567,18.691840171813965,0.914751410484314,0.5742629170417786,0.15372171998023987,200000,30000,163.7074179998308,128.10635566711426,266.36376953125
1568,18.726589679718018,0.9139492511749268,0.5713797211647034,0.1473703533411026,200000,30000,164.33854499700828,127.51007080078125,266.36376953125
1569,18.94804835319519,0.9190542101860046,0.5739479064941406,0.14133769273757935,200000,30000,163.65509000024758,126.76453590393066,266.36376953125
1570,18.836971521377563,0.9173314571380615,0.5693062543869019,0.14068904519081116,200000,30000,165.2042790010455,126.66153907775879,266.36376953125
1571,19.040045738220215,0.9205021262168884,0.5666587352752686,0.14055699110031128,200000,30000,167.80089500025497,127.71010398864746,266.36376953125
1572,19.121787548065186,0.9237279891967773,0.5666420459747314,0.13844458758831024,200000,30000,164.00983599669416,125.81419944763184,266.36376953125
1573,18.985848426818848,0.920109748840332,0.5585509538650513,0.14047427475452423,200000,30000,169.59076400235062,130.65028190612793,266.36376953125
1574,19.25732135772705,0.9261164665222168,0.558372437953949,0.13309259712696075,200000,30000,167.8404779995617,128.98921966552734,266.36376953125
1575,19.1406512260437,0.9243394732475281,0.5494654178619385,0.1324557363986969,200000,30000,166.22559199822717,129.83274459838867,266.36376953125
1576,19.40231442451477,0.9286657571792603,0.5487111806869507,0.12613952159881592,200000,30000,163.71014500327874,125.91028213500977,266.36376953125
1577,19.3681538105011,0.928229033946991,0.5424782633781433,0.128449946641922,200000,30000,163.14899699864327,126.41048431396484,266.36376953125
1578,19.443881511688232,0.9286386370658875,0.5554165840148926,0.1287219524383545,200000,30000,162.3592549985915,126.71303749084473,266.36376953125
1579,19.477139711380005,0.9299495220184326,0.5537177324295044,0.12329500913619995,200000,30000,164.79238100146176,128.53670120239258,266.36376953125
1580,19.359288215637207,0.9289296865463257,0.545133650302887,0.12816521525382996,200000,30000,164.72937899743556,126.86920166015625,266.36376953125
1581,19.488927125930786,0.9302268028259277,0.5391740202903748,0.12605565786361694,200000,30000,161.19012100170949,126.48963928222656,266.36376953125
1582,19.609166383743286,0.9319540858268738,0.5459834337234497,0.12193026393651962,200000,30000,167.76034100257675,127.26521492004395,266.36376953125
1583,19.647700786590576,0.9334365725517273,0.5440477728843689,0.12509764730930328,200000,30000,163.5328189986467,128.91793251037598,266.36376953125
1584,19.727808237075806,0.9340720176696777,0.5462242364883423,0.12272946536540985,200000,30000,163.88526599985198,128.65042686462402,266.36376953125
1585,19.66125249862671,0.9339367151260376,0.5498006343841553,0.12691406905651093,200000,30000,161.96039599890355,127.16102600097656,266.36376953125
1586,19.794635772705078,0.9354734420776367,0.5514302253723145,0.1231500655412674,200000,30000,174.95924000104424,137.94231414794922,266.36376953125
1587,19.463086128234863,0.9304198026657104,0.5565978288650513,0.12425050884485245,200000,30000,164.60517299856292,128.27515602111816,266.36376953125
1588,19.43486213684082,0.9301372766494751,0.5607830882072449,0.1225021556019783,200000,30000,164.495775999967,126.64675712585449,266.36376953125
1589,19.469844102859497,0.9314507842063904,0.5516645908355713,0.12111276388168335,200000,30000,165.41604800295318,126.51586532592773,266.36376953125
1590,19.576750993728638,0.932518482208252,0.5446904897689819,0.12260651588439941,200000,30000,172.27622200152837,128.16762924194336,266.36376953125
1591,19.67564344406128,0.9340965151786804,0.5403986573219299,0.12005642056465149,200000,30000,163.61411600155407,125.23913383483887,266.36376953125
1592,19.658069610595703,0.9342786073684692,0.5357264280319214,0.12224964052438736,200000,30000,166.64698000022327,128.5264492034912,266.36376953125
1593,19.68359112739563,0.9342330694198608,0.5399560332298279,0.11866337805986404,200000,30000,170.21028499948443,129.3938159942627,266.36376953125
1594,19.712135791778564,0.9352355003356934,0.5372495651245117,0.11989685148000717,200000,30000,164.6675949996279,125.27060508728027,266.36376953125
1595,19.765148162841797,0.9357547760009766,0.5333592891693115,0.11732427775859833,200000,30000,159.99888999795076,125.42414665222168,266.36376953125
1596,19.753957986831665,0.9352936744689941,0.522680938243866,0.11808858811855316,200000,30000,160.645978001412,126.13034248352051,266.36376953125
1597,19.733439683914185,0.9349148273468018,0.5272818207740784,0.11910583823919296,200000,30000,160.9914780019608,126.36566162109375,266.36376953125
1598,19.72746253013611,0.9351353645324707,0.5316968560218811,0.12033051997423172,200000,30000,161.92006699930062,125.97465515136719,266.36376953125
1599,19.7029709815979,0.9346050024032593,0.5311634540557861,0.12374671548604965,200000,30000,163.54301899991697,126.70516967773438,266.36376953125
1600,19.71108078956604,0.9345271587371826,0.5224698781967163,0.12308354675769806,198666,30000,166.6524770007527,126.24669075012207,266.36376953125
1601,19.67965006828308,0.9334090948104858,0.5442368388175964,0.12684212625026703,199252,30000,179.61657200066838,132.13014602661133,266.36376953125
1602,19.665881395339966,0.9333643317222595,0.5405231714248657,0.12478768080472946,199836,30000,173.64852000173414,125.54597854614258,266.36376953125
1603,19.72427010536194,0.9342445731163025,0.53049236536026,0.1284516155719757,200000,30000,173.40499800047837,127.58946418762207,266.36376953125
1604,19.911214113235474,0.9371313452720642,0.5335112810134888,0.12679781019687653,200000,30000,167.61489599957713,126.55520439147949,266.36376953125
1605,20.00800848007202,0.9384700655937195,0.5231932401657104,0.126937597990036,200000,30000,164.20514700075728,127.11024284362793,266.36376953125
1606,19.936795234680176,0.9372474551200867,0.5180680751800537,0.13062112033367157,200000,30000,167.46899599820608,127.52461433410645,266.36376953125
1607,19.9929678440094,0.9378432035446167,0.527451753616333,0.12944845855236053,200000,30000,165.62295500261826,127.59184837341309,266.36376953125
1608,20.003764629364014,0.9384102821350098,0.5248221755027771,0.129716157913208,200000,30000,167.46940599841764,129.72187995910645,266.36376953125
1609,19.065115451812744,0.928277850151062,0.5258135199546814,0.1294284164905548,200000,30000,169.0905519972148,127.82883644104004,266.36376953125
1610,19.70981240272522,0.9375391006469727,0.5215044021606445,0.1270086020231247,200000,30000,167.01226700024563,126.15203857421875,266.36376953125
1611,20.024168491363525,0.9414687156677246,0.5181460380554199,0.13149979710578918,200000,30000,164.5404269984283,127.30908393859863,266.36376953125
1612,20.000288486480713,0.9412798881530762,0.5255564451217651,0.1292209029197693,200000,30000,164.19523600052344,127.54464149475098,266.36376953125
1613,20.093719959259033,0.9409796595573425,0.5253028869628906,0.1304156482219696,200000,30000,164.8810360020434,126.29818916320801,266.36376953125
1614,20.04965305328369,0.9394018650054932,0.5204730033874512,0.13465265929698944,200000,30000,165.43129699857673,129.43124771118164,266.36376953125
1615,20.174505710601807,0.9401828646659851,0.5269392728805542,0.13234274089336395,200000,30000,165.3610529974685,127.00104713439941,266.36376953125
1616,20.138437747955322,0.9393773078918457,0.5269217491149902,0.1343229115009308,200000,30000,165.24037300041527,127.15816497802734,266.36376953125
1617,20.139262676239014,0.9383525252342224,0.5199442505836487,0.13482579588890076,200000,30000,166.0712720004085,126.52850151062012,266.36376953125
1618,19.84325408935547,0.9346942901611328,0.5289652943611145,0.13491332530975342,200000,30000,163.5288910001691,124.47118759155273,266.36376953125
1619,19.729150533676147,0.9329856634140015,0.5430938601493835,0.13870485126972198,200000,30000,163.76209300142364,126.94954872131348,266.36376953125
1620,19.84050154685974,0.934447169303894,0.5426622033119202,0.13729971647262573,200000,30000,167.26167799788527,126.40810012817383,266.36376953125
1621,19.8989999294281,0.934816300868988,0.5260018110275269,0.13497623801231384,200000,30000,164.6723900012148,128.38125228881836,266.36376953125
1622,19.430277347564697,0.9273030757904053,0.5455506443977356,0.14132437109947205,200000,30000,164.41353899790556,126.90877914428711,266.36376953125
1623,19.445881843566895,0.9266497492790222,0.5490517616271973,0.14452718198299408,200000,30000,166.71313299957546,127.10332870483398,266.36376953125
1624,19.421236515045166,0.9268279075622559,0.5377456545829773,0.13882896304130554,200000,30000,163.0121700000018,126.71256065368652,266.36376953125
1625,19.699114561080933,0.9308481216430664,0.5344083309173584,0.1380903422832489,200000,30000,165.38544499780983,127.85530090332031,266.36376953125
1626,19.63801145553589,0.9297616481781006,0.5302422642707825,0.13877587020397186,200000,30000,165.8809009968536,127.41470336914062,266.36376953125
1627,19.70776677131653,0.9312463998794556,0.5242574214935303,0.13858047127723694,200000,30000,167.95275299955392,130.71703910827637,266.36376953125
1628,19.69649076461792,0.9312922954559326,0.5360214114189148,0.14289021492004395,200000,30000,163.50733100262005,127.22992897033691,266.36376953125
1629,19.60281014442444,0.929721474647522,0.5326931476593018,0.14212143421173096,200000,30000,163.85823900054675,127.6545524597168,266.36376953125
1630,19.708452224731445,0.9312447309494019,0.53326815366745,0.1449897736310959,200000,30000,163.64112100200146,127.1660327911377,266.36376953125
1631,19.422287940979004,0.92629474401474,0.5402244329452515,0.13928373157978058,200000,30000,162.39212100117584,127.05540657043457,266.36376953125
1632,19.652512073516846,0.9306864738464355,0.5378062725067139,0.14181877672672272,200000,30000,162.6555240000016,126.53160095214844,266.36376953125
1633,19.66044306755066,0.9310837984085083,0.5310145616531372,0.14291387796401978,200000,30000,164.295566999499,128.16381454467773,266.36376953125
1634,19.68225598335266,0.9311239123344421,0.5289796590805054,0.14411114156246185,200000,30000,165.1750909986731,128.76152992248535,266.36376953125
1635,19.71182942390442,0.9315662384033203,0.5288066864013672,0.1483914852142334,200000,30000,164.35874099988723,127.47502326965332,266.36376953125
1636,19.666115045547485,0.9304150342941284,0.5252294540405273,0.15074566006660461,200000,30000,163.87099100029445,128.35693359375,266.36376953125
1637,19.507280588150024,0.9282569289207458,0.5110739469528198,0.142312154173851,200000,30000,167.68023499753326,131.85763359069824,266.36376953125
1638,19.556522369384766,0.928804337978363,0.5162283778190613,0.14663709700107574,200000,30000,164.9213509990659,127.92229652404785,266.36376953125
1639,19.548884630203247,0.9289657473564148,0.5170257687568665,0.14521560072898865,200000,30000,169.7648150002351,127.32052803039551,266.36376953125
1640,19.565666913986206,0.9291319847106934,0.5188488960266113,0.14716622233390808,200000,30000,162.04392000145162,126.57809257507324,266.36376953125
1641,19.46455478668213,0.9271621704101562,0.5238799452781677,0.14793546497821808,200000,30000,160.54811399953905,126.4045238494873,266.36376953125
1642,19.574450254440308,0.9283291697502136,0.5252715945243835,0.14971545338630676,200000,30000,164.7852639980556,129.00352478027344,266.36376953125
1643,19.543139934539795,0.9277092814445496,0.5283094644546509,0.14889830350875854,200000,30000,167.2755159997905,131.04510307312012,266.36376953125
1644,19.492223262786865,0.9273514747619629,0.5251100659370422,0.14964759349822998,200000,30000,161.73705600158428,126.71470642089844,266.36376953125
1645,19.521700143814087,0.9276520013809204,0.5165051817893982,0.15173864364624023,200000,30000,168.05314700104645,129.64415550231934,266.36376953125
1646,19.54662561416626,0.9277505874633789,0.5189087390899658,0.1519908905029297,200000,30000,171.62476199882803,129.7616958618164,266.36376953125
1647,19.462233781814575,0.9269065260887146,0.5175131559371948,0.14763252437114716,200000,30000,163.45890700176824,127.17628479003906,266.36376953125
1648,19.57209587097168,0.9289650917053223,0.5140181183815002,0.1480129063129425,200000,30000,171.27099299978,133.48650932312012,266.36376953125
1649,19.560444355010986,0.9284498691558838,0.5121386647224426,0.14674898982048035,200000,30000,165.34298999977182,128.17621231079102,266.36376953125
1650,19.576715230941772,0.9282621145248413,0.5078121423721313,0.14852827787399292,200000,30000,168.13036600069609,131.2084197998047,266.36376953125
1651,19.448310136795044,0.92650306224823,0.5100187063217163,0.14866939187049866,200000,30000,166.02123099801247,131.24680519104004,266.36376953125
1652,19.32107448577881,0.9237920045852661,0.5140823125839233,0.1528550237417221,200000,30000,165.66689200044493,128.96132469177246,266.36376953125
1653,18.96875500679016,0.917386531829834,0.5065834522247314,0.1493140161037445,200000,30000,165.50454100070056,127.03704833984375,266.36376953125
1654,19.03613567352295,0.9178351759910583,0.5115184187889099,0.15429899096488953,200000,30000,165.83083500154316,127.92682647705078,266.36376953125
1655,18.527507781982422,0.9074549078941345,0.5364280939102173,0.1610884815454483,200000,30000,164.62896400116733,129.4076442718506,266.36376953125
1656,18.532075881958008,0.9071648120880127,0.5423746109008789,0.1628066599369049,200000,30000,164.89255299893557,127.69484519958496,266.36376953125
1657,18.593895435333252,0.9087440967559814,0.5427698493003845,0.16250738501548767,200000,30000,165.60965000098804,128.9365291595459,266.36376953125
1658,18.352497816085815,0.9043607115745544,0.5443163514137268,0.1672879457473755,200000,30000,168.4370749972004,130.1562786102295,266.36376953125
1659,18.272705078125,0.9028306007385254,0.5545161366462708,0.16443341970443726,200000,30000,166.17860199767165,127.04253196716309,266.36376953125
1660,18.11501145362854,0.8996939063072205,0.5461721420288086,0.15809018909931183,200000,30000,162.66697199898772,127.54487991333008,266.36376953125
1661,18.287594318389893,0.9021324515342712,0.5400441884994507,0.16142478585243225,200000,30000,162.48673900190624,126.58309936523438,266.36376953125
1662,18.32571506500244,0.903916597366333,0.543997049331665,0.15769147872924805,200000,30000,164.06567600279232,127.61187553405762,266.36376953125
1663,18.363274335861206,0.9055284261703491,0.5527018904685974,0.15296000242233276,200000,30000,164.04583800249384,128.87215614318848,266.36376953125
1664,18.232910633087158,0.901589572429657,0.5700302720069885,0.15735135972499847,200000,30000,171.0044100000232,136.29722595214844,266.36376953125
1665,18.258875608444214,0.9008045196533203,0.5717661380767822,0.15757043659687042,200000,30000,165.66253699784284,129.26459312438965,266.36376953125
1666,18.364988565444946,0.903654932975769,0.5737408995628357,0.15477712452411652,200000,30000,168.19111199947656,128.3407211303711,266.36376953125
1667,18.405611515045166,0.904670000076294,0.5695903301239014,0.15261366963386536,200000,30000,164.6119280012499,127.73466110229492,266.36376953125
1668,18.213523626327515,0.9015876650810242,0.5636082887649536,0.15247943997383118,200000,30000,164.52707899952657,128.10134887695312,266.36376953125
1669,18.320835828781128,0.9028002619743347,0.568638801574707,0.1512569636106491,200000,30000,168.66290899997693,129.11725044250488,266.36376953125
1670,18.252915143966675,0.9007906317710876,0.5718984603881836,0.15423092246055603,200000,30000,163.0522640007257,126.75666809082031,266.36376953125
1671,18.380454778671265,0.9036569595336914,0.5731298327445984,0.1510981172323227,200000,30000,169.11667900058092,127.44998931884766,266.36376953125
1672,18.548663854599,0.9075915217399597,0.5670121908187866,0.15216445922851562,200000,30000,166.6046259997529,128.2639503479004,266.36376953125
1673,18.546265363693237,0.9070695638656616,0.5617260336875916,0.15162429213523865,200000,30000,168.57509800320258,128.0360221862793,266.36376953125
1674,18.566969633102417,0.9087838530540466,0.563021719455719,0.15489204227924347,200000,30000,167.067219997989,128.9377212524414,266.36376953125
1675,18.591623306274414,0.9097641706466675,0.5641664266586304,0.1510690301656723,200000,30000,162.93102499912493,127.26712226867676,266.36376953125
1676,18.535295724868774,0.9092471599578857,0.5518123507499695,0.14517419040203094,200000,30000,164.01965000113705,127.09951400756836,266.36376953125
1677,17.302720546722412,0.890489935874939,0.5485687851905823,0.14901156723499298,200000,30000,162.80502999870805,127.45141983032227,266.36376953125
1678,17.899829149246216,0.9009690284729004,0.5536230802536011,0.1491692215204239,200000,30000,166.93619799843873,130.7852268218994,266.36376953125
1679,18.15265417098999,0.9048699736595154,0.5453734397888184,0.15172353386878967,200000,30000,164.50456299935468,127.34150886535645,266.36376953125
1680,18.205854892730713,0.9058756828308105,0.5584405660629272,0.15352964401245117,200000,30000,162.72983100134297,127.37298011779785,266.36376953125
1681,18.19234013557434,0.9050766229629517,0.5562325716018677,0.15702328085899353,200000,30000,165.16116999991937,128.42416763305664,266.36376953125
1682,18.306182622909546,0.9065263271331787,0.5545981526374817,0.15454764664173126,200000,30000,166.35984599997755,128.3857822418213,266.36376953125
1683,18.405203819274902,0.908875584602356,0.5594396591186523,0.1561984121799469,200000,30000,165.03198799910024,125.89097023010254,266.36376953125
1684,18.418450355529785,0.9084698557853699,0.5634079575538635,0.1538124531507492,200000,30000,167.53798799982178,127.2118091583252,266.36376953125
1685,18.210926055908203,0.9026916027069092,0.5559059977531433,0.15528230369091034,200000,30000,166.6090999970038,127.36630439758301,266.36376953125
1686,18.440102338790894,0.9084446430206299,0.5601691603660583,0.15839819610118866,200000,30000,169.2223030004243,127.38895416259766,266.36376953125
1687,18.433479070663452,0.9082876443862915,0.563425600528717,0.15971986949443817,200000,30000,167.2778770007426,129.1818618774414,266.36376953125
1688,18.49960446357727,0.9076024889945984,0.5604350566864014,0.15642233192920685,200000,30000,165.7985420024488,128.77607345581055,266.36376953125
1689,18.54237675666809,0.9078468084335327,0.5580511689186096,0.1585332751274109,200000,30000,168.046653001511,127.55131721496582,266.36376953125
1690,18.18740487098694,0.9013392925262451,0.5592081546783447,0.15635022521018982,200000,30000,163.51363500143634,126.76882743835449,266.36376953125
1691,18.094799518585205,0.9001398086547852,0.5774170756340027,0.1535361111164093,200000,30000,170.41308500120067,132.0645809173584,266.36376953125
1692,18.347564935684204,0.9036451578140259,0.5822900533676147,0.15647989511489868,200000,30000,163.44388799916487,126.84011459350586,266.36376953125
1693,18.339519500732422,0.9044241905212402,0.5839530229568481,0.15328232944011688,200000,30000,169.1686500016658,127.69293785095215,266.36376953125
1694,18.485087156295776,0.9078978300094604,0.5836107730865479,0.1533985137939453,200000,30000,164.4486010009132,127.10237503051758,266.36376953125
1695,18.53795051574707,0.9094681143760681,0.5817984938621521,0.15663748979568481,200000,30000,168.79182399861747,127.19440460205078,266.36376953125
1696,18.44297170639038,0.9078772068023682,0.5719238519668579,0.15391263365745544,200000,30000,169.87973600043915,128.29303741455078,266.36376953125
1697,18.54496121406555,0.9095959067344666,0.5749334096908569,0.1558757722377777,200000,30000,172.1070889980183,129.241943359375,266.36376953125
1698,18.482030630111694,0.9073861837387085,0.5688486099243164,0.1513703614473343,200000,30000,163.65347800092422,126.72901153564453,266.36376953125
1699,18.382736444473267,0.905839204788208,0.5899312496185303,0.15903118252754211,200000,30000,173.50470200108248,129.55427169799805,266.36376953125
1700,18.40752124786377,0.9071559906005859,0.583345890045166,0.15969187021255493,194131,30000,191.16054400001303,128.19719314575195,266.36376953125
1701,18.621129989624023,0.9107248783111572,0.5805696845054626,0.15119537711143494,194712,30000,169.6719720021065,126.50728225708008,266.36376953125
1702,18.611481189727783,0.9104525446891785,0.5773630142211914,0.15541617572307587,195286,30000,168.42247899694485,126.4500617980957,266.36376953125
1703,18.679572343826294,0.9133472442626953,0.5779424905776978,0.16202247142791748,195789,30000,170.62763400099357,127.8841495513916,266.36376953125
1704,18.71731996536255,0.913347601890564,0.5726525187492371,0.15926799178123474,196144,30000,171.01616299987654,127.42972373962402,266.36376953125
1705,18.751168251037598,0.9141994714736938,0.5628268718719482,0.15637928247451782,196553,30000,168.72363299989956,125.60701370239258,266.36376953125
1706,18.701618909835815,0.9134513139724731,0.5653380751609802,0.1578853577375412,197019,30000,168.68450399852009,127.38943099975586,266.36376953125
1707,18.836534023284912,0.914586067199707,0.5636957883834839,0.15829378366470337,197494,30000,170.3168989988626,128.53002548217773,266.36376953125
1708,18.739532232284546,0.9146053194999695,0.562315046787262,0.15940919518470764,197931,30000,168.13441200065427,126.53827667236328,266.36376953125
1709,18.859353065490723,0.9165722131729126,0.5549382567405701,0.15758270025253296,198358,30000,169.36079999868525,127.90107727050781,266.36376953125
1710,18.822344541549683,0.9161609411239624,0.547935426235199,0.15681619942188263,198797,30000,170.22033499961253,126.94072723388672,266.36376953125
1711,18.905757665634155,0.9179239273071289,0.5477294325828552,0.1561199277639389,199247,30000,173.87018500085105,128.53360176086426,266.36376953125
1712,19.000240564346313,0.9181747436523438,0.5433826446533203,0.15517756342887878,199697,30000,170.64296399985324,127.36630439758301,266.36376953125
1713,18.971006870269775,0.9182412028312683,0.5422995090484619,0.1568116694688797,199995,30000,170.8476560015697,126.17754936218262,266.36376953125
1714,18.984864950180054,0.9178429841995239,0.5468457937240601,0.15684926509857178,200000,30000,166.15606500272406,127.72822380065918,266.36376953125
1715,19.02823567390442,0.9180880784988403,0.5438014268875122,0.15447095036506653,200000,30000,163.33129800113966,127.10237503051758,266.36376953125
1716,18.925338983535767,0.9158996343612671,0.5390877723693848,0.15736334025859833,200000,30000,162.59535000062897,126.02424621582031,266.36376953125
1717,19.065711498260498,0.9179536700248718,0.5362322926521301,0.15229497849941254,200000,30000,167.31885699846316,130.7201385498047,266.36376953125
1718,18.948270082473755,0.9170774221420288,0.5376075506210327,0.15430186688899994,200000,30000,164.19682999912766,128.94058227539062,266.36376953125
1719,19.075167179107666,0.9195472002029419,0.5371389389038086,0.1589636653661728,200000,30000,163.09646099762176,126.12509727478027,266.36376953125
1720,19.10033941268921,0.9197626113891602,0.5257003903388977,0.1575375646352768,200000,30000,161.9036709998909,126.6336441040039,266.36376953125
1721,19.008246660232544,0.9187151789665222,0.5262147784233093,0.15507610142230988,200000,30000,162.75152600064757,126.5265941619873,266.36376953125
1722,18.987966775894165,0.9171311259269714,0.5292768478393555,0.15936852991580963,200000,30000,163.76467800000682,126.38592720031738,266.36376953125
1723,19.006282091140747,0.918536901473999,0.5275217294692993,0.1634417176246643,200000,30000,163.94457500064163,127.03442573547363,266.36376953125
1724,19.09907341003418,0.9194285273551941,0.5295377969741821,0.16060897707939148,200000,30000,161.86887199728517,125.98967552185059,266.36376953125
1725,18.174521923065186,0.9060426950454712,0.540696382522583,0.16340023279190063,200000,30000,163.35585700289812,127.16150283813477,266.36376953125
1726,18.688528537750244,0.9159231185913086,0.5238162279129028,0.16143959760665894,200000,30000,163.23463400112814,126.69563293457031,266.36376953125
1727,18.969656229019165,0.9210488200187683,0.5134880542755127,0.16194100677967072,200000,30000,165.9845129979658,129.37688827514648,266.36376953125
1728,18.966972827911377,0.9200025796890259,0.5278360247612,0.1682499200105667,200000,30000,163.26466799728223,126.13320350646973,266.36376953125
1729,19.041805267333984,0.9202720522880554,0.5384905934333801,0.16826438903808594,200000,30000,170.3557990003901,127.87795066833496,266.36376953125
1730,19.14617419242859,0.9213007688522339,0.5336693525314331,0.16871881484985352,200000,30000,173.16644299717154,128.54313850402832,266.36376953125
1731,19.196577072143555,0.920890212059021,0.5242798328399658,0.17038756608963013,200000,30000,172.38915900088614,127.65336036682129,266.36376953125
1732,19.222220182418823,0.9214915633201599,0.5393021106719971,0.16733576357364655,200000,30000,166.66563400212908,128.21030616760254,266.36376953125
1733,19.215654134750366,0.9210628867149353,0.5368062257766724,0.16853022575378418,200000,30000,172.3479110005428,132.84015655517578,266.36376953125
1734,19.26305651664734,0.9215959906578064,0.5224047303199768,0.16671466827392578,200000,30000,164.91571000005933,129.7898292541504,266.36376953125
1735,19.245012998580933,0.9216315150260925,0.5164998769760132,0.16853779554367065,200000,30000,168.96428200197988,127.5489330291748,266.36376953125
1736,19.279494285583496,0.9223076701164246,0.5143616199493408,0.16655594110488892,200000,30000,162.3128649989667,126.40547752380371,266.36376953125
1737,19.272366762161255,0.9224692583084106,0.5136587619781494,0.1666269153356552,200000,30000,180.2265520018409,142.48943328857422,266.36376953125
1738,19.317833185195923,0.9241875410079956,0.5191985368728638,0.16551604866981506,200000,30000,167.6623439998366,126.36923789978027,266.36376953125
1739,19.38556671142578,0.923835277557373,0.5065582394599915,0.16532060503959656,200000,30000,166.06753500309424,127.14743614196777,266.36376953125
1740,19.431588649749756,0.9247350096702576,0.5077180862426758,0.16702881455421448,200000,30000,165.16446800233098,126.70516967773438,266.36376953125
1741,19.453874826431274,0.9250367879867554,0.5133945345878601,0.16525281965732574,200000,30000,166.16642000008142,127.57706642150879,266.36376953125
1742,19.411463737487793,0.924220085144043,0.5053899884223938,0.16528691351413727,200000,30000,164.2367700005707,127.27212905883789,266.36376953125
1743,19.371508359909058,0.924079179763794,0.5144040584564209,0.1643047034740448,200000,30000,164.84968299846514,128.28850746154785,266.36376953125
1744,19.356645345687866,0.9236654043197632,0.5018876194953918,0.15958380699157715,200000,30000,167.4152759987919,128.51428985595703,266.36376953125
1745,19.252502918243408,0.9219496250152588,0.5007296800613403,0.15577132999897003,200000,30000,165.09526899972116,127.78925895690918,266.36376953125
1746,19.13834810256958,0.9201773405075073,0.4840135872364044,0.15506717562675476,200000,30000,166.52082299697213,127.92849540710449,266.36376953125
1747,19.145643711090088,0.9206416010856628,0.4883462190628052,0.15246257185935974,200000,30000,164.2350490001263,127.50864028930664,266.36376953125
1748,19.1682767868042,0.9206075072288513,0.5091758370399475,0.15583129227161407,200000,30000,166.53578199839103,127.41208076477051,266.36376953125
1749,19.1929030418396,0.9216327667236328,0.5070149302482605,0.1516266167163849,200000,30000,165.74924800079316,128.7851333618164,266.36376953125
1750,19.142197370529175,0.9201828837394714,0.5102011561393738,0.15390489995479584,200000,30000,166.573556001822,128.44347953796387,266.36376953125
1751,19.233925342559814,0.9202806353569031,0.5115982890129089,0.15132302045822144,200000,30000,172.9728519967466,131.0713291168213,266.36376953125
1752,19.233394861221313,0.9213187098503113,0.5062992572784424,0.15276749432086945,200000,30000,171.5052299987292,133.11171531677246,266.36376953125
1753,19.051754474639893,0.9189848899841309,0.4906018078327179,0.15350015461444855,200000,30000,169.02738099815906,130.8574676513672,266.36376953125
1754,19.068135023117065,0.9183413982391357,0.49308228492736816,0.14883626997470856,200000,30000,165.4932320016087,126.75619125366211,266.36376953125
1755,19.197092056274414,0.9212176203727722,0.49891483783721924,0.14457973837852478,200000,30000,164.26162900097552,128.56173515319824,266.36376953125
1756,19.08232808113098,0.9198574423789978,0.49260300397872925,0.14593710005283356,200000,30000,163.76167700218502,127.07042694091797,266.36376953125
1757,19.040391445159912,0.9178893566131592,0.5185371041297913,0.14835409820079803,200000,30000,164.41873599978862,127.79355049133301,266.36376953125
1758,19.08887028694153,0.9197688102722168,0.5212410092353821,0.14162307977676392,200000,30000,166.91306799839367,125.77152252197266,266.36376953125
1759,19.235358238220215,0.922163724899292,0.49152642488479614,0.14305588603019714,200000,30000,165.95910499745514,128.4644603729248,266.36376953125
1760,19.105652570724487,0.9208208918571472,0.5030637979507446,0.1472274512052536,200000,30000,163.10987999895588,126.5876293182373,266.36376953125
1761,19.200156927108765,0.9222660064697266,0.5039422512054443,0.1454717367887497,200000,30000,164.61697399790864,128.5388469696045,266.36376953125
1762,19.194883108139038,0.9229696989059448,0.4921761751174927,0.1396559178829193,200000,30000,170.51301700121257,127.74276733398438,266.36376953125
1763,18.977184295654297,0.9188143014907837,0.49108728766441345,0.13886915147304535,200000,30000,168.28801999872667,127.21014022827148,266.36376953125
1764,18.97594928741455,0.9184848070144653,0.510797381401062,0.1413693130016327,200000,30000,163.51485799896182,127.77471542358398,266.36376953125
1765,18.993643522262573,0.9198775291442871,0.5173084735870361,0.13856321573257446,200000,30000,167.98972099786624,129.0121078491211,266.36376953125
1766,18.902504444122314,0.9183340072631836,0.5018388628959656,0.14057864248752594,200000,30000,164.90834899741458,126.4188289642334,266.36376953125
1767,18.880484104156494,0.9179796576499939,0.511094331741333,0.13809587061405182,200000,30000,165.83912699934444,127.51960754394531,266.36376953125
1768,18.975918292999268,0.9201583862304688,0.5180554986000061,0.13626058399677277,200000,30000,167.88760199779063,128.21149826049805,266.36376953125
1769,19.118127822875977,0.9229692220687866,0.5147697925567627,0.13142119348049164,200000,30000,171.2458960028016,131.22916221618652,266.36376953125
1770,19.036871194839478,0.9205281734466553,0.503756046295166,0.13307616114616394,200000,30000,166.48979800083907,128.46016883850098,266.36376953125
1771,18.99935483932495,0.9201561808586121,0.5111978054046631,0.1341952681541443,200000,30000,170.73135600003297,128.35240364074707,266.36376953125
1772,18.69150400161743,0.9142893552780151,0.49742528796195984,0.13963696360588074,200000,30000,167.36407799908193,127.11215019226074,266.36376953125
1773,18.694803714752197,0.914191722869873,0.5151439905166626,0.13677391409873962,200000,30000,165.3266169996641,127.21443176269531,266.36376953125
1774,18.741300106048584,0.9154375791549683,0.512675940990448,0.13465763628482819,200000,30000,169.6518280004966,129.26459312438965,266.36376953125
1775,18.73500108718872,0.9158386588096619,0.5076106786727905,0.13685838878154755,200000,30000,166.14102899984573,126.47652626037598,266.36376953125
1776,18.775784969329834,0.915970504283905,0.5186589956283569,0.1362111121416092,200000,30000,166.92132299795048,128.25298309326172,266.36376953125
1777,18.81343722343445,0.9172457456588745,0.515740692615509,0.13347172737121582,200000,30000,169.13348299931386,131.82377815246582,266.36376953125
1778,18.833166360855103,0.9180411696434021,0.5086329579353333,0.13011367619037628,200000,30000,166.13091800172697,127.72989273071289,266.36376953125
1779,18.889683485031128,0.9182144403457642,0.5114094018936157,0.13477365672588348,200000,30000,167.16082799757714,126.66058540344238,266.36376953125
1780,18.869647979736328,0.917863130569458,0.5063216090202332,0.1346784383058548,200000,30000,169.18278699813527,128.10707092285156,266.36376953125
1781,18.790370225906372,0.915989875793457,0.5076436400413513,0.13056421279907227,200000,30000,164.00829600024736,127.77829170227051,266.36376953125
1782,18.75590443611145,0.9120106101036072,0.5208482146263123,0.13192963600158691,200000,30000,165.46638599902508,128.07917594909668,266.36376953125
1783,18.81180167198181,0.9095956683158875,0.5306952595710754,0.13255639374256134,200000,30000,165.64775399820064,127.43639945983887,266.36376953125
1784,18.865870237350464,0.9110919237136841,0.5239379405975342,0.13277333974838257,200000,30000,165.29972100033774,127.90346145629883,266.36376953125
1785,18.664231300354004,0.9056975841522217,0.5176118612289429,0.1298629492521286,200000,30000,163.3608420015662,126.7540454864502,266.36376953125
1786,18.56805920600891,0.9019357562065125,0.5214229226112366,0.1344435214996338,200000,30000,168.4840060006536,128.85451316833496,266.36376953125
1787,18.612048625946045,0.9021167755126953,0.5142404437065125,0.13356134295463562,200000,30000,187.8574900001695,136.84463500976562,266.36376953125
1788,18.549299240112305,0.9001647233963013,0.5061456561088562,0.12771272659301758,200000,30000,187.82730199745856,136.6593837738037,266.36376953125
1789,18.48407745361328,0.8937129378318787,0.5250083804130554,0.1298666149377823,200000,30000,187.35286599985557,136.92283630371094,266.36376953125
1790,18.75399112701416,0.8961142301559448,0.5246836543083191,0.12873677909374237,200000,30000,181.49477100087097,135.33711433410645,266.36376953125
1791,18.41857671737671,0.8894813060760498,0.5170093178749084,0.12986275553703308,200000,30000,170.00587999791605,130.66649436950684,266.36376953125
1792,18.35219144821167,0.8899146318435669,0.5271075963973999,0.12607139348983765,200000,30000,165.19146100108628,126.89089775085449,266.36376953125
1793,18.020659685134888,0.8861240148544312,0.5202530026435852,0.12730929255485535,200000,30000,164.7557720025361,128.00192832946777,266.36376953125
1794,18.78735661506653,0.8992036581039429,0.5116060972213745,0.12423040717840195,200000,30000,179.1192950004188,130.28788566589355,266.36376953125
1795,18.89876365661621,0.9008843302726746,0.5128828883171082,0.1289098709821701,200000,30000,176.25756399866077,128.3252239227295,266.36376953125
1796,19.0123450756073,0.9028043746948242,0.5045762062072754,0.12403209507465363,200000,30000,165.62049300046056,127.41327285766602,266.36376953125
1797,18.839191198349,0.899563729763031,0.49906569719314575,0.13255783915519714,200000,30000,172.66165299952263,128.3271312713623,266.36376953125
1798,18.8058602809906,0.8993381857872009,0.508541464805603,0.12501274049282074,200000,30000,173.09748399929958,131.2572956085205,266.36376953125
1799,18.796393871307373,0.8994567394256592,0.5037915706634521,0.12325209379196167,200000,30000,168.2118469980196,127.44832038879395,266.36376953125
1800,18.79584789276123,0.9002617597579956,0.5020751357078552,0.1183081641793251,185589,30000,176.23486799857346,127.20155715942383,266.36376953125
1801,18.8883376121521,0.9010728597640991,0.5169162750244141,0.11755554378032684,186108,30000,171.12080700098886,126.10411643981934,266.36376953125
1802,19.014540910720825,0.9039689302444458,0.5112480521202087,0.11799889802932739,186630,30000,172.51711300195893,130.5546760559082,266.36376953125
1803,19.2782461643219,0.9101940393447876,0.5061177611351013,0.1171693429350853,187147,30000,168.1261719968461,126.44386291503906,266.36376953125
1804,19.346649646759033,0.9125987887382507,0.505713164806366,0.1170615404844284,187485,30000,166.6539770012605,127.1982192993164,266.36376953125
1805,19.456175565719604,0.9143218994140625,0.5036759376525879,0.12638016045093536,187883,30000,167.10429700106033,126.23763084411621,266.36376953125
1806,19.532363414764404,0.914970874786377,0.5056643486022949,0.11606409400701523,188306,30000,172.7519170017331,129.3039321899414,266.36376953125
1807,19.547425508499146,0.9147486090660095,0.5056081414222717,0.11585648357868195,188746,30000,170.64083000150276,129.22191619873047,266.36376953125
1808,19.57990050315857,0.9154297709465027,0.5066927075386047,0.11598267406225204,189154,30000,174.6475100007956,131.8826675415039,266.36376953125
1809,19.70479965209961,0.9178774356842041,0.4948672652244568,0.12021195143461227,189578,30000,172.99626200110652,129.3632984161377,266.36376953125
1810,19.792747497558594,0.918825089931488,0.4893718361854553,0.1098034679889679,189982,30000,171.9372090010438,129.89521026611328,266.36376953125
1811,19.84284996986389,0.9203599691390991,0.48758450150489807,0.11628223210573196,190430,30000,175.8011229976546,129.8987865447998,266.36376953125
1812,19.85747218132019,0.9226786494255066,0.4887664020061493,0.10754525661468506,190837,30000,175.66440899827285,131.71911239624023,266.36376953125
1813,19.856584072113037,0.923191487789154,0.4866821765899658,0.10820966213941574,191268,30000,176.04926700005308,130.68008422851562,266.36376953125
1814,19.82482671737671,0.9232010841369629,0.49827101826667786,0.10739857703447342,191697,30000,174.7460000005958,131.3629150390625,266.36376953125
1815,19.829370975494385,0.9239217638969421,0.4942368268966675,0.11084124445915222,192135,30000,177.45386900060112,130.24616241455078,266.36376953125
1816,19.827744960784912,0.9259282946586609,0.4843248128890991,0.11096049100160599,192562,30000,172.24434500167263,129.1804313659668,266.36376953125
1817,19.832675457000732,0.9263290166854858,0.4956940710544586,0.10974521934986115,192995,30000,172.18512399995234,128.0832290649414,266.36376953125
1818,19.935853481292725,0.9278596639633179,0.4699968695640564,0.10936951637268066,193429,30000,175.1527870001155,131.14142417907715,266.36376953125
1819,19.79318857192993,0.9265178442001343,0.47886133193969727,0.10528680682182312,193867,30000,175.23865700059105,129.71115112304688,266.36376953125
1820,19.770015478134155,0.9256357550621033,0.486061155796051,0.10994509607553482,194305,30000,170.95089799840935,129.67443466186523,266.36376953125
1821,19.67416524887085,0.922087550163269,0.47816506028175354,0.1129884421825409,194725,30000,172.54327599948738,129.65154647827148,266.36376953125
1822,19.906115531921387,0.9257466197013855,0.47183167934417725,0.10914824157953262,195159,30000,173.53433199969004,129.76813316345215,266.36376953125
1823,19.721661806106567,0.9220749735832214,0.469723641872406,0.11846770346164703,195583,30000,178.25946700031636,131.9279670715332,266.36376953125
1824,19.501465559005737,0.9162153005599976,0.4748796224594116,0.118224136531353,196013,30000,175.3610519990616,132.98416137695312,266.36376953125
1825,19.61705207824707,0.9166358709335327,0.4810663163661957,0.11150884628295898,196430,30000,174.28757000016049,131.67238235473633,266.36376953125
1826,19.496926069259644,0.9145914912223816,0.48186275362968445,0.11809397488832474,196864,30000,176.8344869997236,132.39121437072754,266.36376953125
1827,19.5673406124115,0.9143351912498474,0.4840408265590668,0.11199791729450226,197283,30000,180.38671999966027,134.07206535339355,266.36376953125
1828,19.619228839874268,0.9149296283721924,0.4847284257411957,0.1101590245962143,197711,30000,177.481632999843,134.80043411254883,266.36376953125
1829,19.720216989517212,0.9177730083465576,0.4719061851501465,0.11461145430803299,198127,30000,180.77536999771837,132.39407539367676,266.36376953125
1830,19.816462993621826,0.9195825457572937,0.46094226837158203,0.10955726355314255,198548,30000,178.4198989989818,131.9863796234131,266.36376953125
1831,19.909169673919678,0.922490119934082,0.46058958768844604,0.10158377885818481,198977,30000,182.15574600253603,136.80505752563477,266.36376953125
1832,19.945234060287476,0.9239647388458252,0.4625026285648346,0.10831815749406815,199401,30000,179.13053300071624,133.3935260772705,266.36376953125
1833,19.99042510986328,0.9247469305992126,0.4489995539188385,0.11045128852128983,199838,30000,177.14673400041647,133.12244415283203,266.36376953125
1834,20.1285719871521,0.9275049567222595,0.45276597142219543,0.10962696373462677,199991,30000,179.82705800022813,134.5508098602295,266.36376953125
1835,19.969295263290405,0.9250466227531433,0.4627361595630646,0.09567097574472427,199998,30000,177.3905800000648,135.12277603149414,266.36376953125
1836,20.003700256347656,0.92424476146698,0.4592602849006653,0.10719311982393265,200000,30000,179.19710099886288,135.49280166625977,266.36376953125
1837,20.238683223724365,0.9294276237487793,0.44600042700767517,0.10591325908899307,200000,30000,176.20319900015602,133.3475112915039,266.36376953125
1838,20.251858234405518,0.9310173988342285,0.4522669315338135,0.09616672247648239,200000,30000,178.29511899981298,133.24713706970215,266.36376953125
1839,19.60492253303528,0.9195722937583923,0.4514911472797394,0.10633884370326996,200000,30000,179.60968100305763,138.3645534515381,266.36376953125
1840,19.628578424453735,0.9185523390769958,0.4522903859615326,0.09825312346220016,200000,30000,178.99356199995964,136.5947723388672,266.36376953125
1841,20.072002410888672,0.9274266958236694,0.44929319620132446,0.09759869426488876,200000,30000,177.51901399969938,133.37016105651855,266.36376953125
1842,20.033013820648193,0.9265217185020447,0.466739684343338,0.10340192168951035,200000,30000,172.77665400251863,134.6125602722168,266.36376953125
1843,20.07455348968506,0.9267348647117615,0.45226070284843445,0.09851766377687454,200000,30000,173.09482700147782,134.505033493042,266.36376953125
1844,20.0677227973938,0.927230954170227,0.4476392865180969,0.09287507086992264,200000,30000,175.34874500051956,134.37151908874512,266.36376953125
1845,20.160622596740723,0.9283663034439087,0.43837231397628784,0.10305066406726837,200000,30000,172.3272180024651,133.7888240814209,266.36376953125
1846,20.074706077575684,0.9264066219329834,0.427774578332901,0.10593707114458084,200000,30000,173.76136199891334,133.93115997314453,266.36376953125
1847,20.14451026916504,0.9262999892234802,0.42763710021972656,0.10539668798446655,200000,30000,171.3310150007601,134.31978225708008,266.36376953125
1848,20.069704055786133,0.9258413314819336,0.43802258372306824,0.10901089012622833,200000,30000,175.63316300220322,133.47768783569336,266.36376953125
1849,20.137221813201904,0.9267845153808594,0.4453120231628418,0.10843390226364136,200000,30000,178.54108100073063,134.52649116516113,266.36376953125
1850,20.02251386642456,0.9251440763473511,0.43619853258132935,0.10692911595106125,200000,30000,176.722061001783,135.19835472106934,266.36376953125
1851,20.238444805145264,0.928756594657898,0.43255454301834106,0.10698796063661575,200000,30000,172.29042799954186,133.70490074157715,266.36376953125
1852,20.03593683242798,0.9264050722122192,0.44195082783699036,0.1116008386015892,200000,30000,171.73188100059633,133.90398025512695,266.36376953125
1853,20.12629985809326,0.9253572225570679,0.4431948661804199,0.10519035160541534,200000,30000,170.36449100123718,133.1808567047119,266.36376953125
1854,20.274181365966797,0.9279918670654297,0.4372383952140808,0.10438394546508789,200000,30000,170.79382600059034,133.43358039855957,266.36376953125
1855,20.10564088821411,0.9235119223594666,0.44684910774230957,0.09880375862121582,200000,30000,175.190564001241,135.8637809753418,266.36376953125
1856,20.151371955871582,0.9244647026062012,0.44123148918151855,0.10284920781850815,200000,30000,175.84114899727865,134.16147232055664,266.36376953125
1857,20.295262336730957,0.9266140460968018,0.43855196237564087,0.09819528460502625,200000,30000,175.63798800256336,133.65936279296875,266.36376953125
1858,20.092313289642334,0.9223641753196716,0.44508591294288635,0.0992884561419487,200000,30000,185.38434299989603,134.66143608093262,266.36376953125
1859,20.320844650268555,0.9252781271934509,0.44000673294067383,0.09868106245994568,200000,30000,183.04620499839075,139.39452171325684,266.36376953125
1860,20.247597694396973,0.9249884486198425,0.44189271330833435,0.0914054811000824,200000,30000,173.3174520013563,135.28776168823242,266.36376953125
1861,20.271587371826172,0.9259490966796875,0.43255430459976196,0.0979258120059967,200000,30000,178.1554609988234,139.62078094482422,266.36376953125
1862,20.272715091705322,0.9264246225357056,0.4293975532054901,0.095777727663517,200000,30000,177.31709299914655,136.81721687316895,266.36376953125
1863,20.27440071105957,0.9269997477531433,0.44299396872520447,0.09230790287256241,200000,30000,177.223752001737,139.0058994293213,266.36376953125
1864,20.0728440284729,0.9244937896728516,0.43749696016311646,0.10418706387281418,200000,30000,174.44189699745039,135.13636589050293,266.36376953125
1865,20.438435077667236,0.9289402961730957,0.42925819754600525,0.09997909516096115,200000,30000,174.2711219994817,133.72230529785156,266.36376953125
1866,20.412263870239258,0.9301329851150513,0.4226823151111603,0.09557812660932541,200000,30000,174.1817180009093,135.31184196472168,266.36376953125
1867,20.408401489257812,0.9297769069671631,0.42312532663345337,0.10098180919885635,200000,30000,172.3277130004135,134.29641723632812,266.36376953125
1868,20.312981605529785,0.9262938499450684,0.4288155734539032,0.10108251869678497,200000,30000,172.86097399846767,134.2618465423584,266.36376953125
1869,20.554864406585693,0.9309358596801758,0.42212966084480286,0.11109676957130432,200000,30000,182.10201100009726,134.51576232910156,266.36376953125
1870,20.341882705688477,0.9282727241516113,0.42401352524757385,0.10325930267572403,200000,30000,179.93759399905684,135.35141944885254,266.36376953125
1871,19.83865261077881,0.9164023399353027,0.4517210125923157,0.09599944949150085,200000,30000,179.2242850024195,139.36376571655273,266.36376953125
1872,20.01523733139038,0.9196194410324097,0.4471937417984009,0.09850144386291504,200000,30000,175.5762529974163,134.02509689331055,266.36376953125
1873,19.87747073173523,0.9164412021636963,0.452001690864563,0.1110185980796814,200000,30000,174.4391350002843,135.23149490356445,266.36376953125
1874,19.429502487182617,0.9059874415397644,0.4616001546382904,0.10454294085502625,200000,30000,173.92330700022285,135.35261154174805,266.36376953125
1875,19.658374786376953,0.9082422256469727,0.45810478925704956,0.12266478687524796,200000,30000,175.35178599791834,136.8095874786377,266.36376953125
1876,19.683340787887573,0.9110482931137085,0.45507073402404785,0.10322300344705582,200000,30000,179.4912879995536,135.35213470458984,266.36376953125
1877,19.63594079017639,0.9101383090019226,0.45274534821510315,0.10782106965780258,200000,30000,177.82336399977794,135.88333129882812,266.36376953125
1878,20.002732276916504,0.916946530342102,0.43806159496307373,0.10634440183639526,200000,30000,176.81830299989088,135.5764865875244,266.36376953125
1879,19.9492347240448,0.9171266555786133,0.4414806067943573,0.09660538285970688,200000,30000,176.34856200311333,135.650634765625,266.36376953125
1880,19.75993275642395,0.9143352508544922,0.4407358765602112,0.1041371151804924,200000,30000,178.13032299818587,134.39607620239258,266.36376953125
1881,19.896854162216187,0.9164031744003296,0.4377511739730835,0.09429818391799927,200000,30000,177.92565199852106,138.4413242340088,266.36376953125
1882,20.050692558288574,0.9191603660583496,0.43160271644592285,0.11176645755767822,200000,30000,174.23492400121177,133.94594192504883,266.36376953125
1883,19.865896701812744,0.9169648885726929,0.4296957552433014,0.09871667623519897,200000,30000,181.22867599959136,140.14649391174316,266.36376953125
1884,19.75943922996521,0.914101243019104,0.4387728273868561,0.09593693912029266,200000,30000,174.37964100099634,135.55455207824707,266.36376953125
1885,19.983930587768555,0.9188086986541748,0.4278395175933838,0.10298235714435577,200000,30000,171.6082489983819,134.15956497192383,266.36376953125
1886,19.901280403137207,0.9174138903617859,0.4289252758026123,0.10656135529279709,200000,30000,179.39221900087432,136.57212257385254,266.36376953125
1887,19.574813842773438,0.9107507467269897,0.4423829913139343,0.10211872309446335,200000,30000,178.01114699977916,136.25288009643555,266.36376953125
1888,19.8739230632782,0.9165751338005066,0.4382641911506653,0.09930523484945297,200000,30000,173.5665619999054,134.00506973266602,266.36376953125
1889,19.464911222457886,0.9100090861320496,0.44473516941070557,0.10725446045398712,200000,30000,176.0599329973047,136.96742057800293,266.36376953125
1890,19.37008500099182,0.9059423208236694,0.46181201934814453,0.11048156023025513,200000,30000,172.26843200114672,134.60206985473633,266.36376953125
1891,19.53156352043152,0.9074903726577759,0.4575485587120056,0.10517577081918716,200000,30000,172.78399399947375,133.4667205810547,266.36376953125
1892,19.788455963134766,0.911965548992157,0.46751609444618225,0.10592380911111832,200000,30000,172.88010199990822,134.99951362609863,266.36376953125
1893,19.777039289474487,0.910622239112854,0.4644358158111572,0.10961385071277618,200000,30000,175.58946999997715,135.79440116882324,266.36376953125
1894,19.892022609710693,0.9134371280670166,0.45772844552993774,0.08717697858810425,200000,30000,172.1525319990178,133.8658332824707,266.36376953125
1895,19.961864948272705,0.9148442149162292,0.4526316225528717,0.11436185240745544,200000,30000,173.25582600096823,134.810209274292,266.36376953125
1896,19.91830825805664,0.9139291644096375,0.4505919814109802,0.11078128963708878,200000,30000,177.7225699988776,138.7636661529541,266.36376953125
1897,20.004379749298096,0.9161826968193054,0.45050957798957825,0.12827971577644348,200000,30000,171.06635100208223,132.659912109375,266.36376953125
1898,20.19235849380493,0.9189918041229248,0.4451618492603302,0.09061958640813828,200000,30000,173.36190400237683,134.05966758728027,266.36376953125
1899,20.093674659729004,0.9180911779403687,0.4384085237979889,0.10881412774324417,200000,30000,172.85264399833977,135.0269317626953,266.36376953125
1900,19.82784867286682,0.9132935404777527,0.4444499909877777,0.0951358899474144,196308,30000,181.98373199993512,134.58991050720215,266.36376953125
1901,20.29341459274292,0.9215530157089233,0.4370953440666199,0.10476770251989365,196840,30000,183.1409350015747,136.29579544067383,266.36376953125
1902,20.140182971954346,0.9193693995475769,0.43773019313812256,0.10355816036462784,197378,30000,179.2707739987236,134.05442237854004,266.36376953125
1903,20.19003391265869,0.9194775819778442,0.4489800035953522,0.0946732610464096,197872,30000,179.2052880009578,133.3625316619873,266.36376953125
1904,20.388145446777344,0.9224469065666199,0.4430328905582428,0.10406805574893951,198218,30000,184.33102199924178,137.3298168182373,266.36376953125
1905,20.33433198928833,0.9222614765167236,0.4289471507072449,0.0924965962767601,198603,30000,178.0254689983849,133.436918258667,266.36376953125
1906,20.36412000656128,0.9229042530059814,0.4307432770729065,0.09361420571804047,199041,30000,178.88108400074998,133.85820388793945,266.36376953125
1907,20.47708749771118,0.924602210521698,0.42555803060531616,0.09194738417863846,199497,30000,374.31854699752876,133.20589065551758,266.36376953125
1908,20.238659381866455,0.9212483167648315,0.42367440462112427,0.09895960986614227,199921,30000,180.37701999855926,133.18324089050293,266.36376953125
1909,20.058836936950684,0.9174678325653076,0.41999736428260803,0.09429263323545456,199992,30000,185.5783059982059,135.57672500610352,266.36376953125
1910,20.079236030578613,0.917745053768158,0.4275781512260437,0.10104245692491531,200000,30000,178.61372200059122,133.94737243652344,266.36376953125
1911,20.027146339416504,0.915733277797699,0.4279923439025879,0.11187227070331573,200000,30000,178.5722419990634,137.59613037109375,266.36376953125
1912,19.605458974838257,0.9077081084251404,0.435280978679657,0.11813187599182129,200000,30000,174.71823700179812,132.9519748687744,266.36376953125
1913,19.76951003074646,0.9101118445396423,0.4431634545326233,0.09905564039945602,200000,30000,178.22230000092532,133.97860527038574,266.36376953125
1914,19.916229248046875,0.9122516512870789,0.44364064931869507,0.11520269513130188,200000,30000,175.08328899930348,133.28957557678223,266.36376953125
1915,19.972684383392334,0.9126903414726257,0.44272562861442566,0.10272900015115738,200000,30000,173.06434900092427,134.9050998687744,266.36376953125
1916,19.988420009613037,0.9144925475120544,0.4387197196483612,0.11688707023859024,200000,30000,174.9301400013792,133.64124298095703,266.36376953125
1917,20.055899620056152,0.9159365892410278,0.43537241220474243,0.11778402328491211,200000,30000,177.9461589976563,133.42857360839844,266.36376953125
1918,20.094130039215088,0.9153222441673279,0.43723443150520325,0.10528144985437393,200000,30000,173.06826200001524,132.79175758361816,266.36376953125
1919,20.23146390914917,0.9180735945701599,0.4383082389831543,0.09784933179616928,200000,30000,173.37871400013682,133.02278518676758,266.36376953125
1920,20.236427783966064,0.9180654287338257,0.4397776126861572,0.10461760312318802,200000,30000,175.76776800342486,133.81457328796387,266.36376953125
1921,20.153985023498535,0.9167425036430359,0.4382632374763489,0.11329834163188934,200000,30000,174.80871799853048,132.14492797851562,266.36376953125
1922,20.37874460220337,0.9198468923568726,0.4348622262477875,0.10399974882602692,200000,30000,172.3320170021907,132.80129432678223,266.36376953125
1923,20.41611671447754,0.9214361906051636,0.43178415298461914,0.10193275660276413,200000,30000,171.46600900014164,133.18276405334473,266.36376953125
1924,20.455148220062256,0.9224802851676941,0.4285662770271301,0.10573581606149673,200000,30000,172.6037209991773,132.22312927246094,266.36376953125
1925,20.395517349243164,0.9170079231262207,0.4250010550022125,0.10304480791091919,200000,30000,173.23621100149467,132.47346878051758,266.36376953125
1926,20.558152198791504,0.9220055341720581,0.4091678559780121,0.1131916344165802,200000,30000,174.75950199877843,132.85136222839355,266.36376953125
1927,20.56743621826172,0.9217486381530762,0.41471534967422485,0.10148905962705612,200000,30000,174.2966259989771,132.12013244628906,266.36376953125
1928,20.531861782073975,0.9191529750823975,0.412083238363266,0.09353025257587433,200000,30000,174.38819399831118,132.11536407470703,266.36376953125
1929,20.386717319488525,0.9168724417686462,0.4184117317199707,0.10581450164318085,200000,30000,176.71185599829187,133.06045532226562,266.36376953125
1930,20.623011589050293,0.9211935997009277,0.411700963973999,0.10182161629199982,200000,30000,175.49519000021974,133.06283950805664,266.36376953125
1931,20.6886887550354,0.9204065203666687,0.4090540111064911,0.0911681279540062,200000,30000,177.5946820016543,132.93981552124023,266.36376953125
1932,20.494461059570312,0.9216122627258301,0.4209498167037964,0.08918573707342148,200000,30000,173.91198800032726,131.63328170776367,266.36376953125
1933,20.550029277801514,0.9219200611114502,0.41964253783226013,0.08482341468334198,200000,30000,176.31115200128988,133.23354721069336,266.36376953125
1934,20.635015964508057,0.9254698753356934,0.40828290581703186,0.0882207527756691,200000,30000,172.63532700235373,131.5932273864746,266.36376953125
1935,20.6766414642334,0.9267875552177429,0.3992142081260681,0.11352132260799408,200000,30000,170.36116300005233,132.57408142089844,266.36376953125
1936,20.679960250854492,0.9271144270896912,0.3996087312698364,0.10012935847043991,200000,30000,171.49542799961637,130.906343460083,266.36376953125
1937,20.16021490097046,0.9196176528930664,0.3948895037174225,0.11635169386863708,200000,30000,168.40731199772563,130.7666301727295,266.36376953125
1938,19.96669292449951,0.9155782461166382,0.4145912230014801,0.11964961886405945,200000,30000,172.15804300212767,132.43389129638672,266.36376953125
1939,19.96409773826599,0.9156553745269775,0.4108634293079376,0.11075399070978165,200000,30000,185.80650700096157,146.22831344604492,266.36376953125
1940,20.05234956741333,0.9164570569992065,0.41461920738220215,0.10985509306192398,200000,30000,175.9735460000229,132.11989402770996,266.36376953125
1941,20.190954208374023,0.9189361333847046,0.4079288840293884,0.09666753560304642,200000,30000,179.6958140002971,132.5247287750244,266.36376953125
1942,20.362322330474854,0.9207615256309509,0.3994079530239105,0.10275424271821976,200000,30000,174.61287900005118,134.92798805236816,266.36376953125
1943,20.40628671646118,0.9223898649215698,0.4002416133880615,0.11046304553747177,200000,30000,175.2204040021752,133.69274139404297,266.36376953125
1944,20.500776767730713,0.9228043556213379,0.4002842903137207,0.11604412645101547,200000,30000,175.37456699938048,131.49189949035645,266.36376953125
1945,20.50717830657959,0.9232829809188843,0.4009295105934143,0.11399710923433304,200000,30000,172.38342500058934,131.2096118927002,266.36376953125
1946,20.58081865310669,0.9253308176994324,0.40542295575141907,0.09703855961561203,200000,30000,173.47334400255932,131.09493255615234,266.36376953125
1947,20.53286075592041,0.9257379770278931,0.4096081256866455,0.0954410657286644,200000,30000,176.16655800156877,134.6433162689209,266.36376953125
1948,20.587570667266846,0.9266588091850281,0.4070609509944916,0.0925392434000969,200000,30000,173.51463299928582,131.7126750946045,266.36376953125
1949,20.645668506622314,0.9281290769577026,0.396830290555954,0.09158943593502045,200000,30000,173.1584559965995,132.46822357177734,266.36376953125
1950,20.594372749328613,0.9281446933746338,0.392921507358551,0.10998023301362991,200000,30000,170.05713199978345,130.7368278503418,266.36376953125
1951,20.646109580993652,0.9291641116142273,0.3916820287704468,0.11098238825798035,200000,30000,169.52965800010134,129.84180450439453,266.36376953125
1952,20.82414150238037,0.9301822185516357,0.384550541639328,0.09415329992771149,200000,30000,170.88181100189104,131.31976127624512,266.36376953125
1953,20.91878890991211,0.9317387342453003,0.38755175471305847,0.08871474862098694,200000,30000,170.18583200115245,128.85236740112305,266.36376953125
1954,20.850043296813965,0.9316694736480713,0.3764161169528961,0.08903797715902328,200000,30000,172.13520699806395,132.87734985351562,266.36376953125
1955,20.51945447921753,0.9218648672103882,0.39277905225753784,0.10704696178436279,200000,30000,171.75460900034523,131.68597221374512,266.36376953125
1956,20.70251226425171,0.9273402690887451,0.3935108184814453,0.11289558559656143,200000,30000,174.28462499810848,131.46471977233887,266.36376953125
1957,20.75087070465088,0.9264058470726013,0.3897782266139984,0.109825998544693,200000,30000,172.20707899832632,131.19101524353027,266.36376953125
1958,20.786874294281006,0.926388144493103,0.39040282368659973,0.10534614324569702,200000,30000,171.53313599919784,132.39455223083496,266.36376953125
1959,20.667245388031006,0.9254249930381775,0.3860069811344147,0.09850803017616272,200000,30000,173.59396499887225,132.28702545166016,266.36376953125
1960,20.402755737304688,0.9203693270683289,0.40219393372535706,0.09811529517173767,200000,30000,172.06967400124995,130.08856773376465,266.36376953125
1961,20.687072277069092,0.9218174815177917,0.40290457010269165,0.10260981321334839,200000,30000,169.1741370013915,129.6370029449463,266.36376953125
1962,20.605192184448242,0.9207034111022949,0.4068658649921417,0.11371239274740219,200000,30000,169.71085600016522,129.28462028503418,266.36376953125
1963,20.783977508544922,0.9249722361564636,0.4011250436306,0.11688221991062164,200000,30000,170.99900299945148,130.95736503601074,266.36376953125
1964,20.815000534057617,0.9264556169509888,0.4001814126968384,0.10262596607208252,200000,30000,174.24627099899226,133.26549530029297,266.36376953125
1965,20.85911273956299,0.925304114818573,0.4039478003978729,0.11486155539751053,200000,30000,176.86649600000237,132.84707069396973,266.36376953125
1966,20.78788995742798,0.9255706071853638,0.4021035432815552,0.11293915659189224,200000,30000,173.4839450000436,129.6825408935547,266.36376953125
1967,20.942885875701904,0.9280383586883545,0.39891624450683594,0.1111036166548729,200000,30000,178.72412699944107,131.58655166625977,266.36376953125
1968,20.996110439300537,0.9295169115066528,0.38672924041748047,0.09514623880386353,200000,30000,173.76845400212915,131.80875778198242,266.36376953125
1969,21.07125759124756,0.9307529926300049,0.3857389986515045,0.09526379406452179,200000,30000,173.79891500240774,130.89847564697266,266.36376953125
1970,19.08291220664978,0.9174011945724487,0.3831021189689636,0.10689087212085724,200000,30000,177.02679300055024,134.27138328552246,266.36376953125
1971,20.962059497833252,0.9309606552124023,0.38046830892562866,0.08417942374944687,200000,30000,175.2021540014539,129.27484512329102,266.36376953125
1972,20.91151714324951,0.9328780174255371,0.3772503435611725,0.08398284763097763,200000,30000,184.28593000135152,130.90062141418457,266.36376953125
1973,20.901944637298584,0.9331838488578796,0.37930238246917725,0.08888380229473114,200000,30000,175.5899230010982,130.54823875427246,266.36376953125
1974,20.80474615097046,0.93170565366745,0.3817581236362457,0.09065882116556168,200000,30000,171.2224740003876,131.18743896484375,266.36376953125
1975,21.05674982070923,0.9349188208580017,0.3616824448108673,0.09851694852113724,200000,30000,170.7954730009078,131.51884078979492,266.36376953125
1976,20.9609317779541,0.9339107275009155,0.36376798152923584,0.09326671063899994,200000,30000,170.68878400095855,130.33318519592285,266.36376953125
1977,21.037790775299072,0.9344476461410522,0.36235010623931885,0.0892171859741211,200000,30000,179.63717000020551,130.20825386047363,266.36376953125
1978,21.114790439605713,0.9360835552215576,0.3566817343235016,0.08898968249559402,200000,30000,171.54390099676675,131.32929801940918,266.36376953125
1979,20.74260711669922,0.9304301142692566,0.3644935190677643,0.0988033339381218,200000,30000,174.8558489998686,132.58862495422363,266.36376953125
1980,20.83425760269165,0.9313294291496277,0.3784309923648834,0.09997384995222092,200000,30000,170.75457899773028,131.17170333862305,266.36376953125
1981,20.93893051147461,0.9326581954956055,0.3786711096763611,0.09492473304271698,200000,30000,170.17640600170125,130.84840774536133,266.36376953125
1982,20.941262245178223,0.93329256772995,0.37802445888519287,0.09918330609798431,200000,30000,175.8672159994603,135.79416275024414,266.36376953125
1983,20.82181215286255,0.9321359992027283,0.3777161240577698,0.09392324090003967,200000,30000,172.8201750011067,130.67173957824707,266.36376953125
1984,20.693039894104004,0.9305704832077026,0.38838136196136475,0.1114809587597847,200000,30000,167.83887899873662,129.64534759521484,266.36376953125
1985,20.683159828186035,0.9311250448226929,0.38497740030288696,0.09589020907878876,200000,30000,168.71775400068145,130.2661895751953,266.36376953125
1986,20.429704189300537,0.9269750118255615,0.3940356969833374,0.09768225997686386,200000,30000,172.66620600275928,132.34448432922363,266.36376953125
1987,20.40156364440918,0.9259872436523438,0.4024691581726074,0.12951353192329407,200000,30000,171.5496680008073,130.46622276306152,266.36376953125
1988,20.56337833404541,0.928180456161499,0.3963041305541992,0.09603796899318695,200000,30000,172.69468900121865,130.91349601745605,266.36376953125
1989,20.535778999328613,0.9262527227401733,0.3919731378555298,0.10772518068552017,200000,30000,178.38056000255165,130.71489334106445,266.36376953125
1990,20.66598892211914,0.9286051988601685,0.39313262701034546,0.10673364251852036,200000,30000,174.69618000177434,131.59680366516113,266.36376953125
1991,20.74291706085205,0.9305298328399658,0.38192227482795715,0.09593583643436432,200000,30000,169.3787610020081,130.04517555236816,266.36376953125
1992,20.731782913208008,0.9301866888999939,0.38293278217315674,0.0977693721652031,200000,30000,169.17706800086307,130.448579788208,266.36376953125
1993,20.745675563812256,0.9306095838546753,0.3806217312812805,0.1064438670873642,200000,30000,168.61996200168505,129.94384765625,266.36376953125
1994,20.770256519317627,0.9310335516929626,0.3834533095359802,0.09599361568689346,200000,30000,174.04229399835458,131.82377815246582,266.36376953125
1995,20.7686710357666,0.9306203126907349,0.378537118434906,0.09703727066516876,200000,30000,175.57828899953165,131.09993934631348,266.36376953125
1996,20.421442985534668,0.9275945425033569,0.38353121280670166,0.10441934317350388,200000,30000,169.00864000126603,128.41796875,266.36376953125
1997,20.40565013885498,0.9278544187545776,0.3827124834060669,0.09985197335481644,200000,30000,168.71711000203504,129.26268577575684,266.36376953125
1998,20.55389165878296,0.9280672073364258,0.36947059631347656,0.09186138212680817,200000,30000,177.23374200068065,130.60450553894043,266.36376953125
1999,20.213513374328613,0.9213516116142273,0.3918367028236389,0.08921367675065994,200000,30000,177.04880100063747,130.9645175933838,266.36376953125
2000,20.133395195007324,0.9192699193954468,0.3994204103946686,0.0879790410399437,197828,30000,174.49080100050196,129.89521026611328,266.36376953125
2001,20.654296875,0.9268097877502441,0.39538612961769104,0.08786892145872116,198356,30000,176.70375399757177,130.47051429748535,266.36376953125
2002,20.713233947753906,0.9264273047447205,0.40209880471229553,0.08954104781150818,198879,30000,175.0132430024678,130.51939010620117,266.36376953125
2003,20.809826850891113,0.9295100569725037,0.3871265947818756,0.09807376563549042,199409,30000,174.2318670003442,128.36718559265137,266.36376953125
2004,20.932910442352295,0.9320259094238281,0.38221606612205505,0.09705425053834915,199772,30000,176.35891900135903,129.52661514282227,266.36376953125
2005,20.9645676612854,0.9314249753952026,0.38082417845726013,0.0839339941740036,199977,30000,176.85608100146055,131.63328170776367,266.36376953125
2006,21.042582988739014,0.9332159757614136,0.3785843849182129,0.09294045716524124,199999,30000,169.72248100137222,127.60376930236816,267.18701171875
2007,21.19661808013916,0.9352679252624512,0.36875301599502563,0.09497193992137909,200000,30000,169.34870699697058,128.8919448852539,267.18701171875
2008,20.987696647644043,0.9305071830749512,0.36889711022377014,0.09295732527971268,200000,30000,171.63607200200204,131.50382041931152,267.18701171875
2009,20.389549732208252,0.9243809580802917,0.3751979470252991,0.10025862604379654,200000,30000,174.5969529983995,129.35876846313477,267.18701171875
2010,20.883710384368896,0.9297234416007996,0.3803587555885315,0.10176566243171692,200000,30000,179.6319709974341,137.6936435699463,267.18701171875
2011,21.037678718566895,0.9325883388519287,0.3844047486782074,0.08892005681991577,200000,30000,168.05538800326758,129.7605037689209,267.18701171875
2012,20.948102474212646,0.9321242570877075,0.388205349445343,0.08263970911502838,200000,30000,170.372172997304,129.17423248291016,267.18701171875
2013,21.105778217315674,0.9330844879150391,0.3817133903503418,0.08420293778181076,200000,30000,169.39737600114313,128.46755981445312,267.18701171875
2014,21.079342365264893,0.9313259124755859,0.38907068967819214,0.0927618145942688,200000,30000,173.58185999910347,130.57231903076172,267.18701171875
2015,20.984959602355957,0.9312518835067749,0.39566242694854736,0.1041635125875473,200000,30000,168.1779739992635,128.464937210083,267.18701171875
2016,21.10145330429077,0.9323589205741882,0.3966848850250244,0.10423062741756439,200000,30000,172.4411079994752,128.9830207824707,267.18701171875
2017,21.09792709350586,0.9321936368942261,0.39288103580474854,0.10437437891960144,200000,30000,173.5198139977001,129.18400764465332,267.18701171875
2018,20.81150770187378,0.9276812076568604,0.39518922567367554,0.10604870319366455,200000,30000,171.4310370007297,129.7628879547119,267.18701171875
2019,20.903244018554688,0.9291426539421082,0.39460480213165283,0.09869936853647232,200000,30000,170.985834000021,129.50372695922852,267.18701171875
2020,20.952975749969482,0.9316112399101257,0.3885559141635895,0.0974971279501915,200000,30000,169.28705900136265,129.5762062072754,267.18701171875
2021,20.88451385498047,0.9319796562194824,0.3912006914615631,0.09044378995895386,200000,30000,175.20420700020622,130.20849227905273,267.18701171875
2022,20.96836805343628,0.9334133863449097,0.39368900656700134,0.08825496584177017,200000,30000,174.26250999778858,128.28683853149414,267.18701171875
2023,21.00358009338379,0.933651864528656,0.3804869055747986,0.09545738995075226,200000,30000,177.45274900153163,130.3563117980957,267.18701171875
2024,20.802297592163086,0.9327182769775391,0.39166420698165894,0.08858879655599594,200000,30000,167.54531399783446,127.72440910339355,267.18701171875
2025,20.970125198364258,0.9336437582969666,0.386275053024292,0.09114539623260498,200000,30000,167.13410299780662,129.0276050567627,267.18701171875
2026,21.191236972808838,0.9373512268066406,0.3747252821922302,0.09260430932044983,200000,30000,173.72406800132012,129.1055679321289,267.18701171875
2027,20.792148113250732,0.9330933094024658,0.3827860355377197,0.09299051761627197,200000,30000,170.02627100009704,128.06320190429688,267.18701171875
2028,20.822865962982178,0.9336272478103638,0.3798638880252838,0.09667246043682098,200000,30000,165.95883999980288,128.70121002197266,267.18701171875
2029,20.518174171447754,0.9265457987785339,0.3806820511817932,0.07804131507873535,200000,30000,167.95125999851734,128.08847427368164,267.18701171875
2030,20.326061248779297,0.9218077063560486,0.3852654993534088,0.09946022927761078,200000,30000,165.40995999821462,127.55990028381348,267.18701171875
2031,20.619189739227295,0.9288283586502075,0.38668081164360046,0.08943521231412888,200000,30000,166.2991779994627,127.41994857788086,267.18701171875
2032,20.729222297668457,0.9303869605064392,0.38989096879959106,0.08736567199230194,200000,30000,167.52934000032838,127.69246101379395,267.18701171875
2033,20.946803092956543,0.9354205131530762,0.37400010228157043,0.08863208442926407,200000,30000,167.2310190006101,127.26163864135742,267.18701171875
2034,19.494551420211792,0.9102038145065308,0.38845357298851013,0.10590847581624985,200000,30000,168.13895599989337,128.4048557281494,267.18701171875
2035,19.03813362121582,0.9013773798942566,0.4118611514568329,0.09337376058101654,200000,30000,170.28980199756916,130.08570671081543,267.18701171875
2036,19.75868582725525,0.9134155511856079,0.4154406189918518,0.10296737402677536,200000,30000,167.03771299944492,128.07321548461914,267.18701171875
2037,19.98400092124939,0.9180375933647156,0.42031213641166687,0.11383384466171265,200000,30000,172.65522399975453,131.5169334411621,267.18701171875
2038,20.174636840820312,0.9207184314727783,0.4260510802268982,0.09560046344995499,200000,30000,172.36352799955057,131.86931610107422,267.18701171875
2039,19.71877098083496,0.9144134521484375,0.4376939535140991,0.09445201605558395,200000,30000,169.18712999904528,128.12423706054688,267.18701171875
2040,20.18094301223755,0.9230555295944214,0.4404151439666748,0.11458251625299454,200000,30000,170.5907309988106,129.46152687072754,267.18701171875
2041,20.29843807220459,0.9254765510559082,0.4439998269081116,0.09303544461727142,200000,30000,173.32700200131512,128.77368927001953,267.18701171875
2042,20.162456035614014,0.9221943616867065,0.43430882692337036,0.11143913865089417,200000,30000,176.24031900049886,127.87675857543945,267.18701171875
2043,20.383882522583008,0.9263972043991089,0.44821298122406006,0.10179325938224792,200000,30000,168.24709600041388,129.6827793121338,267.18701171875
2044,20.464589595794678,0.9286074638366699,0.4472924470901489,0.09867694228887558,200000,30000,167.7136899998004,128.99112701416016,267.18701171875
2045,20.504939556121826,0.9298109412193298,0.44666996598243713,0.09964141994714737,200000,30000,167.99124500175822,130.2659511566162,267.18701171875
2046,20.495030879974365,0.9304623603820801,0.4357074201107025,0.11188890039920807,200000,30000,166.64593699897523,129.18448448181152,267.18701171875
2047,20.494813919067383,0.9308990240097046,0.43981289863586426,0.0936923399567604,200000,30000,167.69273699901532,127.99596786499023,267.18701171875
2048,20.610568523406982,0.9335905909538269,0.4357369840145111,0.10166783630847931,200000,30000,166.3065770007961,128.4024715423584,267.18701171875
2049,20.504953861236572,0.9326403141021729,0.428663432598114,0.09493044763803482,200000,30000,166.56045600029756,126.14631652832031,267.18701171875
2050,20.60791015625,0.9349574446678162,0.4356079399585724,0.08864496648311615,200000,30000,167.33106200263137,127.62618064880371,267.18701171875
2051,20.386323928833008,0.931179404258728,0.43701356649398804,0.10641030222177505,200000,30000,171.53128100108006,127.46596336364746,267.18701171875
2052,20.868074893951416,0.9382614493370056,0.42249783873558044,0.08764903992414474,200000,30000,166.2260109987983,127.46095657348633,267.18701171875
2053,20.776000022888184,0.9370536208152771,0.4236871898174286,0.09163764864206314,200000,30000,167.10011000031955,127.2435188293457,267.18701171875
2054,20.71887731552124,0.9374281167984009,0.41756671667099,0.09634242951869965,200000,30000,166.32789700088324,126.49917602539062,267.18701171875
2055,20.181775093078613,0.9280018210411072,0.4311554431915283,0.09283340722322464,200000,30000,164.96694199668127,126.31678581237793,267.18701171875
2056,20.292975902557373,0.9297914505004883,0.43174514174461365,0.09954317659139633,200000,30000,164.2478950016084,126.56974792480469,267.18701171875
2057,20.664384365081787,0.9359161853790283,0.4326915144920349,0.09224631637334824,200000,30000,166.31351899923175,127.61783599853516,267.18701171875
2058,20.4254412651062,0.9325575828552246,0.4358518719673157,0.0873519629240036,200000,30000,166.3422659985372,128.28850746154785,267.18701171875
2059,20.733723640441895,0.9362690448760986,0.4303527772426605,0.100468710064888,200000,30000,173.56131599808577,131.3304901123047,267.18701171875
2060,20.520782470703125,0.9347100257873535,0.4267590343952179,0.10035647451877594,200000,30000,167.60848600097233,128.22484970092773,267.18701171875
2061,20.48924207687378,0.9335772395133972,0.4371345043182373,0.08705133944749832,200000,30000,164.92508100054692,127.62784957885742,267.18701171875
2062,20.450146198272705,0.9327634572982788,0.43691444396972656,0.09182426333427429,200000,30000,166.68685200056643,127.66075134277344,267.18701171875
2063,20.535831451416016,0.9337369203567505,0.4355689585208893,0.0899747684597969,200000,30000,168.4990790017764,126.20329856872559,267.18701171875
2064,20.433578491210938,0.9316436052322388,0.4362136125564575,0.10013158619403839,200000,30000,166.22632299913676,127.00843811035156,267.18701171875
2065,20.0569748878479,0.9248229265213013,0.45901361107826233,0.09688694775104523,200000,30000,167.1142269988195,127.56490707397461,267.18701171875
2066,20.17460584640503,0.9255805015563965,0.4628283381462097,0.10007862001657486,200000,30000,168.89023399926373,129.11486625671387,267.18701171875
2067,20.122690200805664,0.9251013994216919,0.4706316292285919,0.09549475461244583,200000,30000,171.7507649991603,133.64529609680176,267.18701171875
2068,19.913456439971924,0.9207767248153687,0.48385027050971985,0.10498996078968048,200000,30000,168.70266800106037,128.85665893554688,267.18701171875
2069,19.93444323539734,0.9215896129608154,0.4842660427093506,0.10371345281600952,200000,30000,168.7001690006582,128.76415252685547,267.18701171875
2070,19.831207990646362,0.9197730422019958,0.4787408113479614,0.105655238032341,200000,30000,165.85960400334443,127.38585472106934,267.18701171875
2071,19.663833379745483,0.9151870608329773,0.48386043310165405,0.10246197879314423,200000,30000,169.5275860001857,128.33905220031738,267.18701171875
2072,19.275591373443604,0.9072016477584839,0.49691042304039,0.10647594928741455,200000,30000,173.99452999961795,133.2554817199707,267.18701171875
2073,19.45691704750061,0.91225665807724,0.4961370825767517,0.10347577184438705,200000,30000,166.75473900249926,129.197359085083,267.18701171875
2074,19.502874612808228,0.9123160243034363,0.49628493189811707,0.11288762092590332,200000,30000,173.3247960000881,130.23877143859863,267.18701171875
2075,19.07233238220215,0.9039632081985474,0.501350462436676,0.11875207722187042,200000,30000,166.31851799684227,127.4712085723877,267.18701171875
2076,19.130319356918335,0.9035069346427917,0.5114777088165283,0.12697678804397583,200000,30000,171.01875799926347,128.62491607666016,267.18701171875
2077,18.9407217502594,0.9013664722442627,0.5112156867980957,0.12349067628383636,200000,30000,165.3009670008032,126.23810768127441,267.18701171875
2078,19.23529028892517,0.9084512591362,0.5092599391937256,0.12478777766227722,200000,30000,169.7139390016673,129.22024726867676,267.18701171875
2079,19.617122411727905,0.9152486324310303,0.4982563257217407,0.11869028955698013,200000,30000,194.92306300162454,130.42974472045898,267.18701171875
2080,19.605073928833008,0.9162840843200684,0.49176791310310364,0.12285132706165314,200000,30000,169.39219100095215,128.09276580810547,267.18701171875
2081,19.581968784332275,0.9169482588768005,0.5006706714630127,0.12009622156620026,200000,30000,176.47002000012435,134.9043846130371,267.18701171875
2082,19.818803071975708,0.9210278391838074,0.4958471655845642,0.11153316497802734,200000,30000,166.96073200000683,127.95305252075195,267.18701171875
2083,19.665361642837524,0.9189161658287048,0.4996151328086853,0.1053171306848526,200000,30000,171.24245999730192,130.51843643188477,267.18701171875
2084,19.775099754333496,0.9205612540245056,0.5012485384941101,0.10916940122842789,200000,30000,168.47915499965893,127.98047065734863,267.18701171875
2085,19.93174433708191,0.9236981272697449,0.4930492341518402,0.10523556917905807,200000,30000,170.1573249993089,127.60543823242188,267.18701171875
2086,19.899879693984985,0.92326420545578,0.4941869378089905,0.09875431656837463,200000,30000,170.74562699781382,127.87079811096191,267.18701171875
2087,19.955143928527832,0.9239909052848816,0.4969034194946289,0.09420165419578552,200000,30000,170.0497109995922,129.23407554626465,267.18701171875
2088,20.174083709716797,0.9274454116821289,0.48754408955574036,0.10115823894739151,200000,30000,172.25516400139895,128.27301025390625,267.18701171875
2089,20.145902633666992,0.9274921417236328,0.49114733934402466,0.10357726365327835,200000,30000,168.32293100014795,128.0965805053711,267.18701171875
2090,19.95925784111023,0.9238532781600952,0.4861186146736145,0.10735063999891281,200000,30000,167.28047500146204,127.34436988830566,267.18701171875
2091,20.09291410446167,0.9265329837799072,0.48575201630592346,0.09503642469644547,200000,30000,165.12517199953436,127.64835357666016,267.18701171875
2092,20.12920379638672,0.9275797605514526,0.4934016466140747,0.08721762150526047,200000,30000,168.72525199869415,127.74491310119629,267.18701171875
2093,20.0791072845459,0.9264201521873474,0.4917261600494385,0.0964721143245697,200000,30000,168.02922299757483,127.05326080322266,267.18701171875
2094,20.151031017303467,0.9275093078613281,0.49335169792175293,0.09075094759464264,200000,30000,173.84269899775973,129.9152374267578,267.18701171875
2095,20.252501964569092,0.9290479421615601,0.49124905467033386,0.0902271494269371,200000,30000,167.1834150001814,127.10905075073242,267.18701171875
2096,20.219385623931885,0.9287473559379578,0.4925590753555298,0.1004958376288414,200000,30000,172.7853779993893,128.72838973999023,267.18701171875
2097,20.28921604156494,0.9298498630523682,0.4910726249217987,0.08755932748317719,200000,30000,171.00979500173707,129.17733192443848,267.18701171875
2098,20.287399291992188,0.9298133850097656,0.4879480004310608,0.0796428769826889,200000,30000,173.20647399901645,130.91564178466797,267.18701171875
2099,19.9743390083313,0.9253010749816895,0.5025418996810913,0.08731549233198166,200000,30000,170.0347630030592,129.66203689575195,267.18701171875
2100,20.145676136016846,0.9275833368301392,0.4930739998817444,0.09575730562210083,197260,30000,174.25667800125666,127.58827209472656,267.18701171875
2101,20.419504642486572,0.930014967918396,0.4730917811393738,0.08549779653549194,197851,30000,176.07245399995008,126.87873840332031,267.18701171875
2102,20.533936023712158,0.9324363470077515,0.4648887515068054,0.09889835119247437,198441,30000,174.79869999806397,129.15968894958496,267.18701171875
2103,20.883572101593018,0.9373685717582703,0.44496819376945496,0.08825785666704178,198942,30000,177.77941999884206,134.06109809875488,267.18701171875
2104,20.99421977996826,0.9388459920883179,0.447662889957428,0.09072670340538025,199292,30000,171.90928099807934,129.5146942138672,267.18701171875
2105,20.881361961364746,0.938420295715332,0.441914439201355,0.08134020119905472,199696,30000,172.81706900030258,129.11128997802734,267.18701171875
2106,21.04827880859375,0.9406114816665649,0.4293622076511383,0.08197854459285736,199989,30000,170.4444959977991,127.95281410217285,267.18701171875
2107,20.975072383880615,0.9397938251495361,0.4280554950237274,0.09378191083669662,200000,30000,169.04957800215925,129.1968822479248,267.18701171875
2108,21.28523349761963,0.9432172775268555,0.42640841007232666,0.08876251429319382,200000,30000,165.54615499990177,128.06177139282227,267.18701171875
2109,21.21609926223755,0.9430062174797058,0.42807310819625854,0.07956822216510773,200000,30000,168.91852900153026,129.26363945007324,267.18701171875
2110,21.23767614364624,0.9429203271865845,0.4302634000778198,0.08611880242824554,200000,30000,173.0893739986641,129.5018196105957,267.18701171875
2111,20.82493782043457,0.9385492205619812,0.43060463666915894,0.08402510732412338,200000,30000,175.055635998433,128.24535369873047,267.18701171875
2112,20.960888862609863,0.9408303499221802,0.42789679765701294,0.07542581856250763,200000,30000,170.94386499957182,128.92484664916992,267.18701171875
2113,20.980453491210938,0.940796971321106,0.4261949062347412,0.07838651537895203,200000,30000,166.0370809986489,127.83646583557129,267.18701171875
2114,21.03886842727661,0.9422575831413269,0.43185120820999146,0.071059450507164,200000,30000,166.8400179987657,127.61640548706055,267.18701171875
2115,21.184284687042236,0.9431673288345337,0.4265383780002594,0.0755683109164238,200000,30000,167.0739200017124,127.00200080871582,267.18701171875
2116,21.388087272644043,0.9458000063896179,0.42378368973731995,0.06885708123445511,200000,30000,169.59685199981323,129.76384162902832,267.18701171875
2117,21.475839614868164,0.9478020071983337,0.41555333137512207,0.0663873553276062,200000,30000,172.0557539993024,130.45859336853027,267.18701171875
2118,21.11595869064331,0.9432779550552368,0.4203741252422333,0.06872069090604782,200000,30000,166.86563300027046,126.62553787231445,267.18701171875
2119,21.29018545150757,0.9454678893089294,0.4111996591091156,0.06305776536464691,200000,30000,166.7990319983801,127.05016136169434,267.18701171875
2120,21.283061504364014,0.9457221031188965,0.4104534983634949,0.06286967545747757,200000,30000,168.81995599760558,126.78670883178711,267.18701171875
2121,21.447584629058838,0.9466171264648438,0.41211438179016113,0.06593704968690872,200000,30000,169.034892001946,130.73325157165527,267.18701171875
2122,20.224201679229736,0.9287004470825195,0.43751534819602966,0.07423181086778641,200000,30000,170.14195499723428,128.14617156982422,267.18701171875
2123,20.124001502990723,0.9259177446365356,0.4490060806274414,0.06969871371984482,200000,30000,170.65999199985527,128.36480140686035,267.18701171875
2124,19.870063066482544,0.9235396385192871,0.46061182022094727,0.07185957580804825,200000,30000,167.97801700158743,126.88755989074707,267.18701171875
2125,19.820414781570435,0.9241489171981812,0.4679286479949951,0.06895860284566879,200000,30000,168.07175600115443,128.0496120452881,267.18701171875
2126,20.7409930229187,0.93536376953125,0.46887001395225525,0.06749153137207031,200000,30000,169.76208399864845,130.9812068939209,267.18701171875
2127,20.855822563171387,0.9387380480766296,0.4474468529224396,0.06462600082159042,200000,30000,167.38018300020485,127.19321250915527,267.18701171875
2128,20.86522102355957,0.938167929649353,0.44951769709587097,0.06441083550453186,200000,30000,168.78142100176774,128.13043594360352,267.18701171875
2129,21.248373985290527,0.9427706599235535,0.44567710161209106,0.06476753205060959,200000,30000,173.6448970004858,128.33094596862793,267.18701171875
2130,21.137561798095703,0.9417948722839355,0.444318562746048,0.06416551023721695,200000,30000,168.43273500126088,128.91006469726562,267.18701171875
2131,21.174521446228027,0.9420351982116699,0.4408637285232544,0.06085674837231636,200000,30000,167.3520530021051,127.62856483459473,267.18701171875
2132,21.371736526489258,0.9444904327392578,0.43706607818603516,0.06267964094877243,200000,30000,168.76394000064465,127.19297409057617,267.18701171875
2133,21.404592990875244,0.9454934597015381,0.4345220625400543,0.0726303979754448,200000,30000,168.6910890020954,127.02679634094238,267.18701171875
2134,21.381094455718994,0.9459268450737,0.4313095808029175,0.06354516744613647,200000,30000,167.6326529996004,127.35486030578613,267.18701171875
2135,21.725995540618896,0.949008584022522,0.4235348105430603,0.06639613956212997,200000,30000,173.67351400025655,132.4477195739746,267.18701171875
2136,21.329593658447266,0.9451903700828552,0.42000672221183777,0.05932682752609253,200000,30000,166.9348089999403,125.70500373840332,267.18701171875
2137,20.516691207885742,0.9346169233322144,0.4342350661754608,0.06869442760944366,200000,30000,174.65460599851212,129.3950080871582,267.18701171875
2138,21.26530647277832,0.9434384107589722,0.43193548917770386,0.062153834849596024,200000,30000,169.22820300169406,127.93517112731934,267.18701171875
2139,21.606640815734863,0.9480306506156921,0.4319639205932617,0.05950133502483368,200000,30000,167.04221200052416,126.13511085510254,267.18701171875
2140,21.790695190429688,0.9493682384490967,0.4275820851325989,0.05623755231499672,200000,30000,167.27087199978996,127.70295143127441,267.18701171875
2141,21.960139274597168,0.9518008232116699,0.4249190092086792,0.056341949850320816,200000,30000,169.85629799819435,131.15620613098145,267.18701171875
2142,21.827878952026367,0.9501240253448486,0.4275689721107483,0.05347154289484024,200000,30000,163.741303000279,125.43416023254395,267.18701171875
2143,22.020037174224854,0.9519602656364441,0.42456233501434326,0.05083663389086723,200000,30000,167.02387500117766,128.04508209228516,267.18701171875
2144,22.12606191635132,0.9537237882614136,0.4171246290206909,0.05663565546274185,200000,30000,166.50469199885265,126.0221004486084,267.18701171875
2145,21.894431114196777,0.9510538578033447,0.423526406288147,0.057069841772317886,200000,30000,167.60091300238855,128.53336334228516,267.18701171875
2146,21.79588556289673,0.9505008459091187,0.4227820932865143,0.05163489282131195,200000,30000,168.36725400207797,127.32648849487305,267.18701171875
2147,22.29253053665161,0.9554729461669922,0.4086366295814514,0.05050521343946457,200000,30000,170.39075800130377,129.37235832214355,267.18701171875
2148,22.02793836593628,0.9533392190933228,0.41357001662254333,0.056751929223537445,200000,30000,168.95251800087863,128.2041072845459,267.18701171875
2149,22.051701545715332,0.9536813497543335,0.4187443256378174,0.05033965781331062,200000,30000,171.31480000170995,126.1594295501709,267.18701171875
2150,22.122302055358887,0.9534955024719238,0.42494094371795654,0.0484381727874279,200000,30000,168.82760000225971,126.54805183410645,267.18701171875
2151,21.6579532623291,0.9486595392227173,0.4324144124984741,0.049052588641643524,200000,30000,166.8289260014717,126.78742408752441,267.18701171875
2152,21.94131374359131,0.9523362517356873,0.43394380807876587,0.0460929349064827,200000,30000,164.87763699842617,126.32393836975098,267.18701171875
2153,22.128994464874268,0.953718900680542,0.42473554611206055,0.04663172736763954,200000,30000,168.50286000044434,127.93231010437012,267.18701171875
2154,22.145521640777588,0.9542328715324402,0.4207412004470825,0.04674183204770088,200000,30000,167.8450569997949,127.33578681945801,267.18701171875
2155,21.904513835906982,0.9515115022659302,0.42157673835754395,0.05323547124862671,200000,30000,165.9966359984537,126.79123878479004,267.18701171875
2156,22.255253791809082,0.955279529094696,0.4265279769897461,0.04752769321203232,200000,30000,167.78340099699562,125.61368942260742,267.18701171875
2157,22.31290340423584,0.9557051658630371,0.4242740273475647,0.04667869582772255,200000,30000,166.87799400096992,127.8996467590332,267.18701171875
2158,22.359986305236816,0.9558281898498535,0.41840577125549316,0.04534756764769554,200000,30000,167.69072199895163,128.50141525268555,267.18701171875
2159,22.235326766967773,0.9554013013839722,0.4169761538505554,0.049822092056274414,200000,30000,168.96289000214892,128.6611557006836,267.18701171875
2160,21.92309856414795,0.9524803161621094,0.4219619333744049,0.053631506860256195,200000,30000,165.53106799983652,126.4333724975586,267.18701171875
2161,22.03481435775757,0.9530601501464844,0.42596814036369324,0.05298007279634476,200000,30000,168.0796479995479,126.75642967224121,267.18701171875
2162,22.23857879638672,0.954688549041748,0.41964998841285706,0.04935852065682411,200000,30000,166.3670429988997,126.28650665283203,267.18701171875
2163,21.81648015975952,0.9508360624313354,0.42260000109672546,0.05102819949388504,200000,30000,169.43839599844068,127.51317024230957,267.18701171875
2164,21.797034740447998,0.9490655660629272,0.4216514229774475,0.06142988055944443,200000,30000,165.78359699997236,128.10468673706055,267.18701171875
2165,21.10668182373047,0.9416140913963318,0.42827510833740234,0.0639144629240036,200000,30000,171.1299329981557,129.73523139953613,267.18701171875
2166,20.889906883239746,0.93797767162323,0.4426511824131012,0.0594710037112236,200000,30000,166.3919109996641,127.05016136169434,267.18701171875
2167,21.36141300201416,0.9442810416221619,0.44932907819747925,0.057673994451761246,200000,30000,166.510011000355,128.03149223327637,267.18701171875
2168,21.04527711868286,0.9400703310966492,0.4525306820869446,0.05950213968753815,200000,30000,162.5018140002794,125.58174133300781,267.18701171875
2169,20.738773345947266,0.9358100295066833,0.45253387093544006,0.05704788118600845,200000,30000,169.5095430004585,127.14791297912598,267.18701171875
2170,21.034140586853027,0.9398965239524841,0.45995524525642395,0.06337419897317886,200000,30000,169.56373100038036,126.68919563293457,267.18701171875
2171,21.231791973114014,0.9413076639175415,0.46312379837036133,0.05900508165359497,200000,30000,175.17093300193665,128.31926345825195,267.18701171875
2172,21.163759231567383,0.9397821426391602,0.4750768840312958,0.06296810507774353,200000,30000,164.3270799977472,126.76858901977539,267.18701171875
2173,21.319539546966553,0.9429880976676941,0.4784882664680481,0.06047780066728592,200000,30000,165.23118699842598,126.6775131225586,267.18701171875
2174,21.40328884124756,0.9429055452346802,0.4854915142059326,0.06684593111276627,200000,30000,171.8151820023195,128.3416748046875,267.18701171875
2175,21.569960117340088,0.9447153806686401,0.4836098849773407,0.05549538508057594,200000,30000,166.48203200020362,127.2590160369873,267.18701171875
2176,21.731383800506592,0.9468116164207458,0.47613203525543213,0.04802336543798447,200000,30000,167.2960290015908,127.48956680297852,267.18701171875
2177,21.454286575317383,0.9444899559020996,0.47708433866500854,0.051864005625247955,200000,30000,166.85865800172905,127.48050689697266,267.18701171875
2178,21.602606773376465,0.9469741582870483,0.4760395586490631,0.05264614149928093,200000,30000,165.07821599952877,126.94454193115234,267.18701171875
2179,21.735291481018066,0.9481542110443115,0.4767454266548157,0.05299210548400879,200000,30000,173.48876699907123,126.26028060913086,267.18701171875
2180,21.755805015563965,0.9487863779067993,0.4726458787918091,0.055376678705215454,200000,30000,172.37319299965748,127.7170181274414,267.18701171875
2181,21.96040630340576,0.9505247473716736,0.45863795280456543,0.05346657335758209,200000,30000,167.56307399919024,129.11415100097656,267.18701171875
2182,21.917333602905273,0.950281023979187,0.45554840564727783,0.06365365535020828,200000,30000,165.0559029985743,126.61385536193848,267.18701171875
2183,21.985652446746826,0.9505513906478882,0.4524676501750946,0.04967943951487541,200000,30000,170.45803799919668,129.96196746826172,267.18701171875
2184,22.050623893737793,0.9512089490890503,0.4431654214859009,0.05393657088279724,200000,30000,166.53835699980846,127.0442008972168,267.18701171875
2185,22.041144371032715,0.95163893699646,0.4431977868080139,0.04815232753753662,200000,30000,166.7407130007632,127.54225730895996,267.18701171875
2186,22.00963020324707,0.9514365196228027,0.44054731726646423,0.053968582302331924,200000,30000,166.91582899875357,127.42352485656738,267.18701171875
2187,22.057359218597412,0.9516751170158386,0.43773573637008667,0.051011376082897186,200000,30000,163.771032999648,127.1975040435791,267.18701171875
2188,21.96120023727417,0.9520637392997742,0.4408043622970581,0.055750202387571335,200000,30000,170.0038589988253,125.14758110046387,267.18701171875
2189,22.09707021713257,0.9531161785125732,0.44157904386520386,0.049348440021276474,200000,30000,170.67050299738185,131.53767585754395,267.18701171875
2190,21.802334785461426,0.9504108428955078,0.4422372579574585,0.05179741233587265,200000,30000,166.14016099993023,126.93405151367188,267.18701171875
2191,21.92709445953369,0.9513204097747803,0.43777593970298767,0.04765207692980766,200000,30000,166.16351599805057,127.00748443603516,267.18701171875
2192,21.87382698059082,0.9512705206871033,0.4442010223865509,0.05221984162926674,200000,30000,168.3479540006374,127.52413749694824,267.18701171875
2193,21.85835599899292,0.951422393321991,0.44893667101860046,0.05351502075791359,200000,30000,177.33320300249034,126.15561485290527,267.18701171875
2194,21.91697359085083,0.9524569511413574,0.44435641169548035,0.0434097982943058,200000,30000,168.0460679999669,127.56180763244629,267.18701171875
2195,22.041337490081787,0.9533872008323669,0.4375014901161194,0.04328051209449768,200000,30000,167.6069009990897,126.73139572143555,267.18701171875
2196,22.016324996948242,0.9539522528648376,0.43766921758651733,0.04981302469968796,200000,30000,177.43538899958367,130.05852699279785,267.18701171875
2197,22.028791904449463,0.953777551651001,0.4375360608100891,0.04961450397968292,200000,30000,171.32414499792503,125.90599060058594,267.18701171875
2198,22.063138484954834,0.9547685384750366,0.4421190619468689,0.041365183889865875,200000,30000,172.40887699881569,129.3487548828125,267.18701171875
2199,22.061610221862793,0.9545950889587402,0.44175755977630615,0.045866020023822784,200000,30000,171.28628099817433,129.34470176696777,267.18701171875
2200,22.000229358673096,0.9542481899261475,0.4461739957332611,0.04769841581583023,188096,30000,176.01586700038752,126.47342681884766,267.18701171875
2201,21.905150413513184,0.9499640464782715,0.4307963252067566,0.055155862122774124,188611,30000,174.0331459986919,126.79028511047363,267.18701171875
2202,22.483723163604736,0.956226110458374,0.42034393548965454,0.05523855984210968,189146,30000,176.56650400022045,127.43496894836426,267.18701171875
2203,22.61908531188965,0.9577915072441101,0.4050215482711792,0.04886405169963837,189659,30000,174.03121800089139,126.49989128112793,267.18701171875
2204,22.724642753601074,0.9591371417045593,0.40306907892227173,0.04749012738466263,189996,30000,175.91350600196165,127.17127799987793,267.18701171875
2205,23.04215908050537,0.9620922803878784,0.4018845856189728,0.044852036982774734,190383,30000,165.49007799767423,124.16219711303711,267.18701171875
2206,22.804341316223145,0.9608755111694336,0.4029881954193115,0.046185821294784546,190830,30000,167.77605999959633,125.48565864562988,267.18701171875
2207,23.077080249786377,0.9627620577812195,0.40216487646102905,0.04526657611131668,191300,30000,173.34611900150776,128.15380096435547,267.18701171875
2208,23.278679847717285,0.9642729163169861,0.39750880002975464,0.04077368974685669,191712,30000,173.14441399867064,128.44562530517578,267.18701171875
2209,23.37120532989502,0.9653060436248779,0.3983854353427887,0.037450991570949554,192102,30000,169.97277200061944,126.00541114807129,267.18701171875
2210,23.452951908111572,0.9658874869346619,0.39405587315559387,0.0376821793615818,192521,30000,169.32622700187494,127.57062911987305,267.18701171875
2211,23.566226959228516,0.9668421745300293,0.39824944734573364,0.03868982568383217,192958,30000,168.52600299898768,126.04618072509766,267.18701171875
2212,23.432457447052002,0.9661027789115906,0.3996284008026123,0.037344641983509064,193386,30000,171.2431750020187,126.04284286499023,267.18701171875
2213,23.738558292388916,0.9682711362838745,0.38718801736831665,0.03615720570087433,193794,30000,367.15786200147704,131.80160522460938,267.18701171875
2214,23.53264331817627,0.9671913981437683,0.3904459476470947,0.03729253634810448,194215,30000,168.92940799880307,126.91879272460938,267.18701171875
2215,23.486177921295166,0.9672934412956238,0.38874316215515137,0.03607367351651192,194644,30000,181.55248499897425,129.5161247253418,267.18701171875
2216,23.588862419128418,0.9678866267204285,0.3867538869380951,0.035658229142427444,195080,30000,176.15057600050932,127.07376480102539,267.18701171875
2217,23.55729103088379,0.9678459167480469,0.3861192464828491,0.031619105488061905,195479,30000,174.78190900146728,129.69231605529785,267.18701171875
2218,23.735568523406982,0.9692789912223816,0.3788505792617798,0.03055802546441555,195877,30000,174.31259300064994,128.88813018798828,267.18701171875
2219,23.839941024780273,0.969596803188324,0.3785524368286133,0.03177880495786667,196299,30000,178.0568409994885,131.0429573059082,267.18701171875
2220,23.613040447235107,0.9683863520622253,0.3793739080429077,0.03254709765315056,196712,30000,172.23099200055003,128.02386283874512,267.18701171875
2221,23.353641033172607,0.9670789241790771,0.39350777864456177,0.03450930863618851,197116,30000,174.3920100016112,129.7903060913086,267.18701171875
2222,22.754995822906494,0.9625357985496521,0.3952600061893463,0.034126944839954376,197521,30000,174.43769999954384,127.68125534057617,267.18701171875
2223,22.970459461212158,0.9639275074005127,0.39563626050949097,0.03566235676407814,197925,30000,176.2306679993344,131.1948299407959,267.18701171875
2224,23.179750442504883,0.9659552574157715,0.386061429977417,0.03767922893166542,198355,30000,174.4139490001544,128.9348602294922,267.18701171875
2225,22.34689474105835,0.9586105346679688,0.40467363595962524,0.03637530282139778,198764,30000,176.77764499967452,128.6022663116455,267.18701171875
2226,22.257907390594482,0.9562888145446777,0.4164063632488251,0.03862476721405983,199154,30000,175.51419899973553,129.95505332946777,267.18701171875
2227,22.68731117248535,0.9597720503807068,0.4189590811729431,0.039786446839571,199541,30000,174.20461599976989,128.7252902984619,267.18701171875
2228,22.861883640289307,0.9615973234176636,0.41457080841064453,0.039746128022670746,199940,30000,175.21336400022847,128.7224292755127,267.18701171875
2229,22.55192756652832,0.959541916847229,0.4135153889656067,0.04069838300347328,199994,30000,173.36494499977562,130.62334060668945,267.18701171875
2230,22.847073078155518,0.962285041809082,0.40517106652259827,0.04005824401974678,200000,30000,169.63981300068554,130.04040718078613,267.18701171875
2231,22.89954900741577,0.9626831412315369,0.4063835144042969,0.03963552415370941,200000,30000,169.14059299961082,129.03976440429688,267.18701171875
2232,22.548418045043945,0.959831953048706,0.4054325520992279,0.03842165321111679,200000,30000,166.81338000125834,129.16946411132812,267.18701171875
2233,22.755320072174072,0.9616069793701172,0.40610378980636597,0.04292525351047516,200000,30000,173.13882199960062,129.03928756713867,267.18701171875
2234,23.016211986541748,0.9636072516441345,0.40958064794540405,0.04010089486837387,200000,30000,174.34603599758702,129.53710556030273,267.18701171875
2235,22.19911813735962,0.9470716714859009,0.42151308059692383,0.04130534082651138,200000,30000,168.64552900005947,128.25989723205566,267.18701171875
2236,22.22989797592163,0.948504626750946,0.43332594633102417,0.039798859506845474,200000,30000,173.00794900074834,129.5323371887207,267.18701171875
2237,22.76336431503296,0.9563905596733093,0.4233241677284241,0.0434008352458477,200000,30000,167.2732620027091,128.86810302734375,267.18701171875
2238,23.010478019714355,0.9604522585868835,0.43797194957733154,0.04066424444317818,200000,30000,166.74552599943127,128.082275390625,267.18701171875
2239,23.176445960998535,0.9625853896141052,0.4327397048473358,0.03916012868285179,200000,30000,168.53858700051205,127.86388397216797,267.18701171875
2240,23.351478576660156,0.9645706415176392,0.42492562532424927,0.040239445865154266,200000,30000,169.76133799835225,131.19101524353027,267.18701171875
2241,23.114633560180664,0.9634526968002319,0.43167415261268616,0.04071605205535889,200000,30000,165.6666220005718,127.08282470703125,267.18701171875
2242,23.420331478118896,0.9659327268600464,0.41518479585647583,0.03802023455500603,200000,30000,164.96567299691378,127.4566650390625,267.18701171875
2243,23.76371145248413,0.9684981107711792,0.3917708098888397,0.037249960005283356,200000,30000,167.59321599965915,128.63492965698242,267.18701171875
2244,23.213186264038086,0.964806079864502,0.3839297294616699,0.036992646753787994,200000,30000,173.47639099898515,128.73482704162598,267.18701171875
2245,23.709993362426758,0.9683326482772827,0.380511999130249,0.03795479238033295,200000,30000,166.29525600001216,127.16960906982422,267.18701171875
2246,23.666152954101562,0.9684438109397888,0.3801763653755188,0.0355302132666111,200000,30000,170.35592599859228,130.38229942321777,267.18701171875
2247,23.739066123962402,0.9691788554191589,0.3843364119529724,0.03648017346858978,200000,30000,169.97420100233285,128.54313850402832,267.18701171875
2248,23.75133752822876,0.9690357446670532,0.38523441553115845,0.03944305703043938,200000,30000,168.63801799991052,126.96075439453125,267.18701171875
2249,23.75802516937256,0.9696583151817322,0.373556524515152,0.036701999604701996,200000,30000,177.6588200009428,136.53922080993652,267.18701171875
2250,24.391839504241943,0.9737080931663513,0.3547486662864685,0.035851385444402695,200000,30000,169.99719199884566,130.58733940124512,267.18701171875
2251,24.023211002349854,0.9716205596923828,0.3628832697868347,0.033715929836034775,200000,30000,168.00147599860793,129.6865940093994,267.18701171875
2252,24.247617721557617,0.9730180501937866,0.3556576669216156,0.03333345055580139,200000,30000,169.49383999963175,129.98270988464355,267.18701171875
2253,23.629860877990723,0.9692507982254028,0.37920501828193665,0.037537869065999985,200000,30000,171.3538870026241,129.58216667175293,267.18701171875
2254,23.022189140319824,0.9658929109573364,0.3777602016925812,0.03138195350766182,200000,30000,167.98612799902912,128.54909896850586,267.18701171875
2255,22.743947505950928,0.9611554145812988,0.3724614679813385,0.036203306168317795,200000,30000,167.48818099949858,128.56101989746094,267.18701171875
2256,23.91343355178833,0.9705321788787842,0.3700224757194519,0.03407413512468338,200000,30000,170.88567099926877,131.54244422912598,267.18701171875
2257,24.06426429748535,0.9716207385063171,0.3677636981010437,0.03356778994202614,200000,30000,169.56148800090887,129.6844482421875,267.18701171875
2258,23.97578001022339,0.9711481928825378,0.37251293659210205,0.029819533228874207,200000,30000,167.74402299779467,128.48186492919922,267.18701171875
2259,24.01688575744629,0.9712445735931396,0.3677486479282379,0.03176317736506462,200000,30000,169.83893399810768,128.27634811401367,267.18701171875
2260,24.216413497924805,0.9734377861022949,0.35482218861579895,0.029128439724445343,200000,30000,168.77829100121744,128.78847122192383,267.18701171875
2261,24.510467052459717,0.9747406840324402,0.35735613107681274,0.029158610850572586,200000,30000,165.4647899995325,128.86524200439453,267.18701171875
2262,24.678547382354736,0.9760755300521851,0.35695213079452515,0.028300883248448372,200000,30000,167.62873199695605,129.06551361083984,267.18701171875
2263,24.445202350616455,0.9745292663574219,0.35563576221466064,0.028286615386605263,200000,30000,173.26023999703466,130.36823272705078,267.18701171875
2264,24.911961555480957,0.9772014021873474,0.3474760353565216,0.027561679482460022,200000,30000,167.8886900008365,128.312349319458,267.18701171875
2265,24.524145126342773,0.9753220081329346,0.3355793356895447,0.026174087077379227,200000,30000,172.62304899850278,134.08994674682617,267.18701171875
2266,25.126442909240723,0.9782029390335083,0.33562761545181274,0.025480026379227638,200000,30000,168.29601100107539,131.0443878173828,267.18701171875
2267,25.070278644561768,0.9780885577201843,0.3402940034866333,0.02506696991622448,200000,30000,168.61735100246733,129.5626163482666,267.18701171875
2268,25.38233995437622,0.979552149772644,0.33389461040496826,0.024423988536000252,200000,30000,169.4490020017838,129.53543663024902,267.18701171875
2269,25.181353092193604,0.9788944125175476,0.325920969247818,0.022895609959959984,200000,30000,169.1635489987675,128.50379943847656,267.18701171875
2270,25.13085126876831,0.9781782627105713,0.3315508961677551,0.021777916699647903,200000,30000,168.03162299765972,128.98874282836914,267.18701171875
2271,24.898066520690918,0.9770681262016296,0.327842652797699,0.022235849872231483,200000,30000,168.16060800192645,129.4093132019043,267.18701171875
2272,24.93779420852661,0.9772061109542847,0.3313676714897156,0.021540625020861626,200000,30000,167.99292599898763,127.41231918334961,267.18701171875
2273,24.966063499450684,0.9776009321212769,0.339041531085968,0.021611018106341362,200000,30000,165.0737609998032,126.71637535095215,267.18701171875
2274,24.75210428237915,0.9763469099998474,0.33565211296081543,0.020787110552191734,200000,30000,165.07583700149553,126.92713737487793,267.18701171875
2275,24.765398502349854,0.9764176607131958,0.3386808931827545,0.021071091294288635,200000,30000,164.7111020029115,126.08051300048828,267.18701171875
2276,24.85739231109619,0.9765923023223877,0.33682096004486084,0.020608345046639442,200000,30000,175.87756699867896,136.1701488494873,267.18701171875
2277,25.049190521240234,0.9774758219718933,0.3259055018424988,0.020522471517324448,200000,30000,164.39994299798855,126.50871276855469,267.18701171875
2278,25.268895626068115,0.9789430499076843,0.3308556079864502,0.019689401611685753,200000,30000,167.94208200008143,127.98285484313965,267.18701171875
2279,25.35388708114624,0.9790215492248535,0.3277639150619507,0.020192604511976242,200000,30000,167.4001799983671,127.23469734191895,267.18701171875
2280,25.30982494354248,0.9786914587020874,0.3327479660511017,0.019939925521612167,200000,30000,163.20020599960117,126.83320045471191,267.18701171875
2281,24.942035675048828,0.9770991206169128,0.3360935151576996,0.02003817819058895,200000,30000,167.80884500258253,129.6226978302002,267.18701171875
2282,24.92527723312378,0.9769636392593384,0.3320254683494568,0.01985761895775795,200000,30000,166.80648799956543,127.73728370666504,267.18701171875
2283,25.186150074005127,0.9781670570373535,0.32112616300582886,0.01844547688961029,200000,30000,164.42604699841468,126.66654586791992,267.18701171875
2284,25.506443977355957,0.979507327079773,0.31949424743652344,0.018865525722503662,200000,30000,165.7461630020407,126.84869766235352,267.18701171875
2285,25.48424243927002,0.9795893430709839,0.3145159184932709,0.019405515864491463,200000,30000,164.20008899876848,127.1066665649414,267.18701171875
2286,25.780301094055176,0.9806603789329529,0.3106125593185425,0.01888289302587509,200000,30000,174.20209600095404,131.72626495361328,267.18701171875
2287,26.07306480407715,0.981738269329071,0.31131550669670105,0.018572404980659485,200000,30000,167.5829560008424,127.37417221069336,267.18701171875
2288,26.203689575195312,0.9825581312179565,0.30506300926208496,0.018199581652879715,200000,30000,166.7722659985884,128.33738327026367,267.18701171875
2289,26.272685527801514,0.9827587008476257,0.3004950284957886,0.01818307675421238,200000,30000,166.47200499937753,127.1207332611084,267.18701171875
2290,26.390433311462402,0.9831328392028809,0.2968881130218506,0.017633190378546715,200000,30000,167.01927200119826,128.9384365081787,267.18701171875
2291,26.29643440246582,0.983025074005127,0.2943571209907532,0.017558922991156578,200000,30000,166.31816999870352,127.75111198425293,267.18701171875
2292,26.16489887237549,0.982448935508728,0.29118433594703674,0.01741892285645008,200000,30000,167.6246919996629,127.5942325592041,267.18701171875
2293,26.363422870635986,0.9834038019180298,0.28726187348365784,0.017536649480462074,200000,30000,165.58132600039244,127.2122859954834,267.18701171875
2294,26.204988956451416,0.9827992916107178,0.284366250038147,0.017705734819173813,200000,30000,168.33468900222215,128.8621425628662,267.18701171875
2295,26.18562936782837,0.9824298620223999,0.2873350977897644,0.019114293158054352,200000,30000,165.42303100140998,126.21712684631348,267.18701171875
2296,26.31868600845337,0.9832479357719421,0.28326380252838135,0.018417565152049065,200000,30000,163.3153070033586,126.86371803283691,267.18701171875
2297,26.161911487579346,0.9825931787490845,0.28170180320739746,0.01881190575659275,200000,30000,164.77123000004212,127.6395320892334,267.18701171875
2298,26.50960683822632,0.9840834140777588,0.27823784947395325,0.01803157478570938,200000,30000,173.30204799873172,128.93104553222656,267.18701171875
2299,26.514334678649902,0.9839133620262146,0.27661794424057007,0.018371935933828354,200000,30000,180.69402300170623,129.4245719909668,267.18701171875
2300,26.05104923248291,0.9823063611984253,0.283949077129364,0.018637225031852722,157539,30000,190.10093100223457,127.37131118774414,267.18701171875
2301,22.617101669311523,0.9613528251647949,0.3892665207386017,0.08320796489715576,158009,30000,168.39021099804086,127.84433364868164,267.18701171875
2302,22.757086753845215,0.9626195430755615,0.3601016700267792,0.07456550747156143,158503,30000,175.41034299938474,127.6698112487793,267.18701171875
2303,22.854816913604736,0.9624036550521851,0.37347519397735596,0.0634118914604187,159029,30000,178.56618899895693,128.11517715454102,267.18701171875
2304,23.816957473754883,0.9686063528060913,0.35288092494010925,0.05643732100725174,159362,30000,173.6832160022459,127.97951698303223,267.18701171875
2305,23.83610963821411,0.9689184427261353,0.3274340033531189,0.04802793636918068,159724,30000,168.37692099943524,126.41596794128418,267.18701171875
2306,23.825032711029053,0.9671182632446289,0.3270058333873749,0.042598649859428406,160103,30000,172.16166599973803,128.6771297454834,267.18701171875
2307,23.80610466003418,0.965502917766571,0.3345247209072113,0.038072820752859116,160436,30000,167.918291001115,127.39968299865723,267.18701171875
2308,23.82344961166382,0.9660940170288086,0.33377140760421753,0.03126686066389084,160781,30000,170.41913000139175,127.8543472290039,267.18701171875
2309,23.62621784210205,0.9644320011138916,0.3402506113052368,0.029088420793414116,161207,30000,172.05994699907023,126.11556053161621,267.18701171875
2310,24.42361354827881,0.969171941280365,0.33236244320869446,0.028041474521160126,161548,30000,171.09708600037266,127.5930404663086,267.18701171875
2311,23.555169105529785,0.9642383456230164,0.34648600220680237,0.02625568024814129,161966,30000,171.75664599926677,127.40063667297363,267.18701171875
2312,24.060637950897217,0.9672321081161499,0.35211610794067383,0.02600589208304882,162329,30000,169.29933699793764,128.1719207763672,267.18701171875
2313,24.594542980194092,0.9700305461883545,0.33359670639038086,0.0245512705296278,162677,30000,168.76792300172383,127.19225883483887,267.18701171875
2314,22.418975830078125,0.9550408124923706,0.36853569746017456,0.02448878064751625,163105,30000,168.64340800020727,127.4569034576416,267.18701171875
2315,21.904966831207275,0.9569830298423767,0.37647080421447754,0.025318650528788567,163512,30000,170.21772900261567,126.88755989074707,267.18701171875
2316,22.4538254737854,0.9601784944534302,0.3721570074558258,0.023961910977959633,163897,30000,173.39514500054065,128.01837921142578,267.18701171875
2317,21.93140983581543,0.957984447479248,0.38743412494659424,0.02729157730937004,164286,30000,171.65908300012234,127.69651412963867,267.18701171875
2318,21.40476703643799,0.9568908214569092,0.3800029754638672,0.03144263103604317,164680,30000,174.69063300086418,128.24773788452148,267.18701171875
2319,20.61004638671875,0.9509131908416748,0.4022552967071533,0.034860000014305115,165095,30000,176.77871100022458,130.79118728637695,267.18701171875
2320,21.175696849822998,0.9540707468986511,0.41026437282562256,0.03637155517935753,165498,30000,177.55699900226318,130.7964324951172,267.18701171875
2321,21.9388484954834,0.9607934355735779,0.399617075920105,0.03679016977548599,165903,30000,172.3570579997613,127.87604331970215,267.18701171875
2322,22.128078937530518,0.9623260498046875,0.3936018943786621,0.035975728183984756,166290,30000,172.75224200056982,128.88264656066895,267.18701171875
2323,22.469048500061035,0.9653428792953491,0.3806220591068268,0.03513876721262932,166690,30000,169.9431109991565,129.63128089904785,267.18701171875
2324,22.353651523590088,0.9648562669754028,0.3894888162612915,0.036850690841674805,167086,30000,177.2691769983794,129.79602813720703,267.18701171875
2325,22.33478546142578,0.9646707773208618,0.38876521587371826,0.036767687648534775,167485,30000,172.19388699959381,130.04255294799805,267.18701171875
2326,21.62952184677124,0.9599730372428894,0.3958049416542053,0.0361739918589592,167915,30000,172.0382969979255,129.46605682373047,267.18701171875
2327,21.70708656311035,0.960335910320282,0.39501702785491943,0.04261929169297218,168340,30000,177.78278900004807,131.80112838745117,267.18701171875
2328,21.95826292037964,0.9613539576530457,0.39501866698265076,0.039061419665813446,168738,30000,175.66486599753262,131.52527809143066,267.18701171875
2329,21.603071689605713,0.9595171809196472,0.39417046308517456,0.03853639215230942,169141,30000,174.5939449974685,132.3099136352539,267.18701171875
2330,21.37915849685669,0.9574515223503113,0.4049391746520996,0.04813769459724426,169572,30000,176.72238000159268,133.3181858062744,267.18701171875
2331,21.19340419769287,0.955852746963501,0.41109657287597656,0.04152882099151611,169986,30000,171.58583699711016,131.0863494873047,267.18701171875
2332,21.223056316375732,0.955848217010498,0.4096563160419464,0.049594417214393616,170407,30000,175.82535600013216,131.8526268005371,267.18701171875
2333,21.021194458007812,0.9538783431053162,0.4194636046886444,0.046811822801828384,170812,30000,175.20251499809092,131.4103603363037,267.18701171875
2334,20.973613262176514,0.9539546370506287,0.4197739064693451,0.04410703107714653,171218,30000,176.78297599923098,132.66324996948242,267.18701171875
2335,20.973803997039795,0.9541672468185425,0.41042304039001465,0.04523710161447525,171633,30000,178.2180039990635,132.8904628753662,267.18701171875
2336,20.655395984649658,0.9513036012649536,0.4166030287742615,0.050394341349601746,172052,30000,176.17550299837603,131.4980983734131,267.18701171875
2337,18.985285758972168,0.9278270602226257,0.42698079347610474,0.046807412058115005,172458,30000,178.19730799965328,132.35998153686523,267.18701171875
2338,19.874866008758545,0.9410104751586914,0.43203210830688477,0.04854612797498703,172856,30000,175.22799300058978,132.48133659362793,267.18701171875
2339,20.149507522583008,0.9448594450950623,0.4395076036453247,0.04574977606534958,173270,30000,181.23221000132617,132.4481964111328,267.18701171875
2340,20.484907627105713,0.948875904083252,0.4436810612678528,0.046246983110904694,173684,30000,175.818222000089,132.2472095489502,267.18701171875
2341,20.811033248901367,0.9528473615646362,0.44064122438430786,0.04907655715942383,174113,30000,178.88352899899473,132.82489776611328,267.18701171875
2342,20.738728046417236,0.9523066282272339,0.44647908210754395,0.045667678117752075,174542,30000,177.463362000708,133.148193359375,267.18701171875
2343,20.548887252807617,0.9499689936637878,0.4514458477497101,0.0457654669880867,174958,30000,180.71068999779527,131.26826286315918,267.18701171875
2344,20.60192346572876,0.951062798500061,0.4465295076370239,0.04736984893679619,175375,30000,177.8844319997006,131.37102127075195,267.18701171875
2345,20.435397624969482,0.9497169256210327,0.4453766345977783,0.047186218202114105,175799,30000,174.53528900296078,130.57708740234375,267.18701171875
2346,20.30423402786255,0.9480704069137573,0.45208975672721863,0.04446444660425186,176216,30000,176.08076500255265,131.55031204223633,267.18701171875
2347,19.70114827156067,0.9406537413597107,0.4700307250022888,0.04907895624637604,176632,30000,176.81779899794492,132.676362991333,267.18701171875
2348,19.917925596237183,0.9428342580795288,0.4706784188747406,0.0460711307823658,177057,30000,174.71480300082476,131.47592544555664,267.18701171875
2349,19.9908185005188,0.9441845417022705,0.4706435799598694,0.04909832030534744,177473,30000,177.7610260032816,132.3692798614502,267.18701171875
2350,19.159607887268066,0.9329285621643066,0.4801653325557709,0.04792170599102974,177903,30000,194.19262500014156,138.0915641784668,267.18701171875
2351,19.693706035614014,0.9399330019950867,0.48057836294174194,0.048454269766807556,178314,30000,178.03248999916832,131.93297386169434,267.18701171875
2352,19.535722732543945,0.9389839172363281,0.4801221787929535,0.05168388783931732,178727,30000,182.1831570014183,134.41228866577148,267.18701171875
2353,19.712107181549072,0.9402400851249695,0.48034611344337463,0.05213720351457596,179133,30000,186.04597300145542,131.83879852294922,267.18701171875
2354,19.56763505935669,0.9389247894287109,0.48676764965057373,0.04943763092160225,179530,30000,186.4131929978612,135.03074645996094,267.18701171875
2355,19.218772649765015,0.9348670840263367,0.48087966442108154,0.05489790067076683,179925,30000,176.49109799822327,132.80820846557617,267.18701171875
2356,19.26228165626526,0.9351986646652222,0.47791969776153564,0.06468574702739716,180336,30000,179.6082260007097,133.41879844665527,267.18701171875
2357,19.198639392852783,0.9342297911643982,0.4904787242412567,0.06514272093772888,180743,30000,177.8227290014911,131.14023208618164,267.18701171875
2358,19.152684211730957,0.9341955184936523,0.4889719486236572,0.0675792321562767,181151,30000,176.36160199981532,133.50844383239746,267.18701171875
2359,19.1421639919281,0.9331905245780945,0.492774099111557,0.0627502053976059,181535,30000,180.43688000034308,131.41345977783203,267.18701171875
2360,19.37944531440735,0.9365078806877136,0.48547643423080444,0.06205166131258011,181928,30000,178.49832600040827,131.70218467712402,267.18701171875
2361,18.804543018341064,0.9301254153251648,0.47860974073410034,0.063766248524189,182317,30000,176.8750209994323,132.40337371826172,267.18701171875
2362,18.686938285827637,0.9274555444717407,0.48075127601623535,0.07748682796955109,182722,30000,183.81416700140107,132.55715370178223,267.18701171875
2363,18.652219772338867,0.9260262250900269,0.4907059669494629,0.07673919945955276,183109,30000,176.48586300128954,131.68787956237793,267.18701171875
2364,17.86385178565979,0.9123325347900391,0.496040403842926,0.08182526379823685,183495,30000,181.25915299970075,132.73024559020996,267.18701171875
2365,17.823011875152588,0.9122444987297058,0.4985582232475281,0.08494995534420013,183885,30000,183.5568599999533,134.06896591186523,267.18701171875
2366,17.91547417640686,0.913227915763855,0.4908597767353058,0.08935044705867767,184277,30000,183.1347609986551,133.80885124206543,267.18701171875
2367,17.781624794006348,0.9114167094230652,0.49576157331466675,0.08604983240365982,184659,30000,177.29486700045527,132.71021842956543,267.18701171875
2368,17.5294029712677,0.9064334630966187,0.4976479411125183,0.09178823232650757,185040,30000,177.30523999853176,133.35156440734863,267.18701171875
2369,17.629088163375854,0.9082999229431152,0.4904317855834961,0.09251220524311066,185416,30000,177.5266449985793,134.1996192932129,267.18701171875
2370,17.288731336593628,0.8997496962547302,0.4942406713962555,0.0902162417769432,185800,30000,178.39961999925436,135.24651527404785,267.18701171875
2371,17.221922874450684,0.8976726531982422,0.5063592195510864,0.0965966284275055,186173,30000,175.93807100274717,133.07785987854004,267.18701171875
2372,17.418848276138306,0.9022881388664246,0.49806416034698486,0.09744751453399658,186551,30000,178.59561200020835,132.49754905700684,267.18701171875
2373,17.46074914932251,0.9030898809432983,0.49858659505844116,0.09489575028419495,186926,30000,184.07147899779375,135.13636589050293,267.18701171875
2374,17.0497465133667,0.8932713866233826,0.5080180168151855,0.09652760624885559,187294,30000,181.22467399734887,133.87823104858398,267.18701171875
2375,16.877506971359253,0.8884749412536621,0.5215779542922974,0.0994194820523262,187658,30000,180.72019500323222,133.05020332336426,267.18701171875
2376,17.302638292312622,0.8974384069442749,0.5311614274978638,0.09519927948713303,188025,30000,178.96747299892013,133.94403457641602,267.18701171875
2377,17.02560305595398,0.891976535320282,0.5303831100463867,0.09806933999061584,188391,30000,183.6640690016793,134.68265533447266,267.18701171875
2378,16.987825632095337,0.8906122446060181,0.5357111692428589,0.09899773448705673,188754,30000,178.580788000545,133.6953639984131,267.18701171875
2379,16.967891454696655,0.8894678354263306,0.5469686985015869,0.10072892159223557,189117,30000,178.71191300218925,133.96644592285156,267.18701171875
2380,16.917694807052612,0.8879296779632568,0.549968421459198,0.09857819974422455,189477,30000,180.44060499960324,134.20772552490234,267.18701171875
2381,17.018173933029175,0.8892496824264526,0.5483644604682922,0.09626314789056778,189839,30000,186.3908730010735,138.5326385498047,267.18701171875
2382,16.9485342502594,0.8874859809875488,0.5483589172363281,0.1001083105802536,190206,30000,178.75593299686443,133.3014965057373,267.18701171875
2383,16.953977346420288,0.8870843648910522,0.5413832664489746,0.09652387350797653,190566,30000,178.3375929990143,133.32247734069824,267.18701171875
2384,16.95296049118042,0.8869571685791016,0.5434180498123169,0.099223792552948,190921,30000,179.21096099962597,132.8592300415039,267.18701171875
2385,16.850790977478027,0.8842753171920776,0.5462421178817749,0.09272275865077972,191269,30000,177.80863200096064,132.92598724365234,267.18701171875
2386,16.867762804031372,0.8842562437057495,0.5462388396263123,0.0951760932803154,191621,30000,180.00910399860004,134.4771385192871,267.18701171875
2387,16.781288385391235,0.8812161684036255,0.5569459199905396,0.09336286783218384,191966,30000,178.80633000095258,134.69195365905762,267.18701171875
2388,16.77631974220276,0.8797690272331238,0.5597899556159973,0.1063779816031456,192316,30000,180.75136299739825,134.56058502197266,267.18701171875
2389,16.65034770965576,0.8778601884841919,0.5647446513175964,0.10299631953239441,192658,30000,178.5371709993342,133.42547416687012,267.18701171875
2390,16.658456325531006,0.8779420852661133,0.5618833899497986,0.10514345020055771,193002,30000,180.48142199768336,133.8179111480713,267.18701171875
2391,16.62247061729431,0.8762335777282715,0.5580675601959229,0.10383926331996918,193343,30000,181.22627599950647,134.90867614746094,267.18701171875
2392,16.531615257263184,0.8749829530715942,0.5530568957328796,0.1115807294845581,193683,30000,182.9454930011707,136.22426986694336,267.18701171875
2393,16.52316451072693,0.8733231425285339,0.5534924864768982,0.10906241089105606,194024,30000,184.4173210010922,135.4694366455078,267.18701171875
2394,16.426154375076294,0.8711797595024109,0.5567389726638794,0.1124899834394455,194363,30000,182.7016419993015,134.60111618041992,267.18701171875
2395,16.487765312194824,0.8702725172042847,0.5543854832649231,0.11586502194404602,194698,30000,178.15286699988064,134.67073440551758,267.18701171875
2396,16.550416946411133,0.8723001480102539,0.5589040517807007,0.11700586974620819,195034,30000,179.58617499971297,135.84566116333008,267.18701171875
2397,16.407769918441772,0.8686259984970093,0.5581258535385132,0.10803445428609848,195366,30000,178.223615999741,134.05990600585938,267.18701171875
2398,16.435184478759766,0.869226336479187,0.5512560606002808,0.11710657179355621,195703,30000,180.29825299890945,134.80186462402344,267.18701171875
2399,16.385358572006226,0.8691829442977905,0.5478630661964417,0.11577114462852478,196029,30000,181.620807001309,134.71150398254395,267.18701171875
2400,16.423650979995728,0.869856059551239,0.5441674590110779,0.11832597106695175,188685,30000,192.34985100047197,136.87491416931152,267.18701171875
2401,16.24395489692688,0.8598935008049011,0.5676132440567017,0.1291775405406952,189008,30000,182.89499599995906,136.49535179138184,267.18701171875
2402,16.235719919204712,0.8635227084159851,0.5494787096977234,0.12124356627464294,189337,30000,181.71946599977673,135.50305366516113,267.18701171875
2403,16.274633407592773,0.8649134635925293,0.5361525416374207,0.11317797005176544,189665,30000,181.86808199970983,134.61685180664062,267.18701171875
2404,16.72739863395691,0.8705222606658936,0.5367936491966248,0.11070507019758224,189987,30000,175.17122899880633,132.4312686920166,267.18701171875
2405,16.630141735076904,0.8666859865188599,0.5435601472854614,0.11991091817617416,190313,30000,178.7310779982363,132.86852836608887,267.18701171875
2406,16.71327829360962,0.8684539198875427,0.5392515063285828,0.11748964339494705,190640,30000,178.64150799869094,133.29362869262695,267.18701171875
2407,16.612436771392822,0.8655244708061218,0.5456458330154419,0.11578920483589172,190968,30000,182.64871499923174,136.56210899353027,267.18701171875
2408,16.705904006958008,0.8672658801078796,0.5404707193374634,0.1134108453989029,191289,30000,179.14295900118304,132.28869438171387,267.18701171875
2409,16.61255717277527,0.8609215617179871,0.5474198460578918,0.11820618063211441,191607,30000,177.99173700041138,133.46242904663086,267.18701171875
2410,16.62453293800354,0.8643370866775513,0.5528448820114136,0.11675353348255157,191920,30000,179.9358879979991,133.2077980041504,267.18701171875
2411,16.619906425476074,0.8654033541679382,0.5500504970550537,0.11611762642860413,192249,30000,181.83927800055244,134.4130039215088,267.18701171875
2412,16.57283306121826,0.8635475039482117,0.5589063167572021,0.13136757910251617,192573,30000,181.02520300089964,132.92193412780762,267.18701171875
2413,16.58468723297119,0.8635175228118896,0.5479263067245483,0.12390924245119095,192898,30000,178.97580700082472,133.8064670562744,267.18701171875
2414,16.54496192932129,0.8620079755783081,0.5553065538406372,0.13332132995128632,193219,30000,181.30117900000187,136.4901065826416,267.18701171875
2415,16.60714864730835,0.863855242729187,0.5503913760185242,0.13091236352920532,193535,30000,175.48139200152946,132.24124908447266,267.18701171875
2416,16.535402536392212,0.8592812418937683,0.5522611141204834,0.13140107691287994,193857,30000,179.4335329977912,133.39996337890625,267.18701171875
2417,16.580857038497925,0.8636740446090698,0.5475037693977356,0.1250704973936081,194172,30000,179.921713002841,133.39519500732422,267.18701171875
2418,16.51917815208435,0.8616945743560791,0.5449704527854919,0.13021060824394226,194487,30000,176.03096699895104,131.55651092529297,267.18701171875
2419,16.427358388900757,0.8594791889190674,0.5470729470252991,0.12967301905155182,194805,30000,179.8341320027248,131.84189796447754,267.18701171875
2420,16.54195785522461,0.8625092506408691,0.5498851537704468,0.12821142375469208,195126,30000,384.2511380025826,130.55992126464844,267.18701171875
2421,16.46751642227173,0.8597645163536072,0.5487263202667236,0.13203008472919464,195438,30000,178.2183460018132,131.80184364318848,267.18701171875
2422,16.46239161491394,0.860395610332489,0.5480015873908997,0.131517693400383,195754,30000,177.5783289995161,132.13324546813965,267.18701171875
2423,16.420776844024658,0.8594977855682373,0.5536977052688599,0.13058103621006012,196079,30000,179.73240799983614,131.9260597229004,267.18701171875
2424,16.420388221740723,0.8589463233947754,0.551655650138855,0.130560040473938,196397,30000,177.2289720029221,131.3924789428711,267.18701171875
2425,16.379865407943726,0.8571165800094604,0.5496872663497925,0.1288047730922699,196712,30000,178.2209929988312,133.91447067260742,267.18701171875
2426,16.362202167510986,0.8563689589500427,0.5517366528511047,0.12447906285524368,197024,30000,178.71726299927104,132.4484348297119,267.18701171875
2427,16.34642243385315,0.8567001223564148,0.5469530820846558,0.12773248553276062,197334,30000,189.3460050014255,138.37122917175293,267.18701171875
2428,16.389349699020386,0.8580901622772217,0.5468509197235107,0.12992039322853088,197651,30000,186.51102399962838,138.11230659484863,267.18701171875
2429,16.332483291625977,0.8552203178405762,0.5472424030303955,0.13050591945648193,197969,30000,186.684652002441,137.01534271240234,267.18701171875
2430,16.32400393486023,0.854881227016449,0.540954053401947,0.12157442420721054,198276,30000,179.62915699899895,132.5836181640625,267.18701171875
2431,16.322941780090332,0.8539406061172485,0.5387739539146423,0.12927184998989105,198586,30000,179.45793599938042,132.09891319274902,267.18701171875
2432,16.27530813217163,0.852026641368866,0.5345315337181091,0.13376867771148682,198901,30000,179.3787259994133,133.1026554107666,267.18701171875
2433,16.381288766860962,0.855977475643158,0.5328369736671448,0.12880010902881622,199216,30000,177.3592429999553,130.6757926940918,267.18701171875
2434,16.293894052505493,0.8533729910850525,0.53122478723526,0.1326209306716919,199528,30000,181.7953550016682,132.45129585266113,267.18701171875
2435,16.277581453323364,0.8514732122421265,0.5301517248153687,0.13167300820350647,199842,30000,178.0300169994007,131.36959075927734,267.18701171875
2436,16.19307518005371,0.8473291397094727,0.5337666273117065,0.134791761636734,199995,30000,177.06086700127344,130.05971908569336,267.18701171875
2437,16.171457767486572,0.8454912900924683,0.5317853093147278,0.13608434796333313,200000,30000,174.9958569998853,130.01012802124023,267.18701171875
2438,16.095887422561646,0.8461320400238037,0.5360069870948792,0.13432924449443817,200000,30000,172.20622600143543,130.33270835876465,267.18701171875
2439,16.076844930648804,0.8453854918479919,0.5457361936569214,0.13539303839206696,200000,30000,175.8047000002989,132.79342651367188,267.18701171875
2440,15.9521484375,0.8357900977134705,0.5464818477630615,0.14378586411476135,200000,30000,174.99432000113302,132.25936889648438,267.18701171875
2441,15.994025468826294,0.8394092321395874,0.5449002981185913,0.1264437437057495,200000,30000,174.5151059985801,129.9762725830078,267.18701171875
2442,15.97560167312622,0.8392478823661804,0.5482950806617737,0.13539117574691772,200000,30000,177.85665300107212,129.9903392791748,267.18701171875
2443,15.964847803115845,0.8373583555221558,0.545457124710083,0.13214249908924103,200000,30000,174.60768000091775,131.52265548706055,267.18701171875
2444,15.913584232330322,0.8381223082542419,0.552751898765564,0.12920179963111877,200000,30000,171.6867100003583,128.8743019104004,267.18701171875
2445,15.973114967346191,0.8401855826377869,0.5530189275741577,0.1287449449300766,200000,30000,173.69584400148597,132.8270435333252,267.18701171875
2446,15.98677396774292,0.8408300876617432,0.5446774959564209,0.12936002016067505,200000,30000,170.12839900053223,130.57780265808105,267.18701171875
2447,16.006340980529785,0.8405588865280151,0.5451434850692749,0.12681815028190613,200000,30000,178.22219600202516,133.37063789367676,267.18701171875
2448,16.03800654411316,0.8406809568405151,0.5399928689002991,0.13020768761634827,200000,30000,171.9590930006234,130.6471824645996,267.18701171875
2449,16.036691665649414,0.8406305313110352,0.537734866142273,0.1268576681613922,200000,30000,170.81872199923964,129.49204444885254,267.18701171875
2450,16.07602834701538,0.8406283855438232,0.5345999002456665,0.13067282736301422,200000,30000,170.21478700189618,128.87096405029297,267.18701171875
2451,16.075648069381714,0.8395618200302124,0.5341686606407166,0.13336560130119324,200000,30000,176.64199900173116,132.13396072387695,267.18701171875
2452,15.961364507675171,0.8355518579483032,0.5414133071899414,0.12777824699878693,200000,30000,170.3506939993531,130.1736831665039,267.18701171875
2453,16.01062536239624,0.8358796834945679,0.5290637016296387,0.13460811972618103,200000,30000,168.7712860002648,128.157377243042,267.18701171875
2454,15.947576761245728,0.8322145342826843,0.5334098935127258,0.14458370208740234,200000,30000,169.51728699859814,128.6609172821045,267.18701171875
2455,15.922285318374634,0.8316530585289001,0.5344630479812622,0.14079654216766357,200000,30000,168.44259899880853,127.94804573059082,267.18701171875
2456,15.95141887664795,0.8337099552154541,0.5327193737030029,0.13193784654140472,200000,30000,173.20919100166066,129.51087951660156,267.18701171875
2457,15.8134126663208,0.8270367980003357,0.519768238067627,0.14051827788352966,200000,30000,179.84445500042057,139.97220993041992,267.18701171875
2458,15.577605962753296,0.8150514364242554,0.5410441756248474,0.14661194384098053,200000,30000,170.02738199880696,128.36384773254395,267.18701171875
2459,15.468193292617798,0.8097607493400574,0.5591304302215576,0.15599629282951355,200000,30000,167.9217239980062,128.6640167236328,267.18701171875
2460,15.624415874481201,0.8165712356567383,0.5553010106086731,0.15059448778629303,200000,30000,175.16185199929168,130.45692443847656,267.18701171875
2461,15.632222890853882,0.8167377710342407,0.5581691861152649,0.15546096861362457,200000,30000,172.0003859991266,128.6942958831787,267.18701171875
2462,15.595335960388184,0.8173191547393799,0.5523296594619751,0.16221067309379578,200000,30000,172.44475400002557,129.69636917114258,267.18701171875
2463,15.526243448257446,0.8161515593528748,0.5617111921310425,0.15597942471504211,200000,30000,171.49693200190086,128.85236740112305,267.18701171875
2464,15.514013767242432,0.8168123960494995,0.5567080974578857,0.14781109988689423,200000,30000,170.31405399757205,128.77392768859863,267.18701171875
2465,15.47942042350769,0.81600421667099,0.5574986338615417,0.16011261940002441,200000,30000,174.72715600160882,128.25465202331543,267.18701171875
2466,15.410376787185669,0.8146953582763672,0.5628613233566284,0.1513899564743042,200000,30000,172.1935809982824,130.20992279052734,267.18701171875
2467,15.40482759475708,0.8141414523124695,0.5572542548179626,0.15247736871242523,200000,30000,171.06755300119403,130.0179958343506,267.18701171875
2468,15.421781539916992,0.8131431937217712,0.5570731163024902,0.16503691673278809,200000,30000,170.14633999860962,129.81343269348145,267.18701171875
2469,15.346300601959229,0.8112205862998962,0.5565788745880127,0.15943653881549835,200000,30000,174.4989170001645,129.2860507965088,267.18701171875
2470,15.226901769638062,0.8085541725158691,0.5585181713104248,0.15231026709079742,200000,30000,171.36837699945318,128.62348556518555,267.18701171875
2471,15.303411483764648,0.8103732466697693,0.5622462630271912,0.168845996260643,200000,30000,170.95073300151853,128.48663330078125,267.18701171875
2472,15.326676368713379,0.8109392523765564,0.5566691160202026,0.1674850732088089,200000,30000,173.2724829998915,129.60171699523926,267.18701171875
2473,15.122997760772705,0.8041813373565674,0.5594203472137451,0.15603560209274292,200000,30000,172.1960049981135,129.61745262145996,267.18701171875
2474,15.137306451797485,0.8042408227920532,0.5663608908653259,0.15786847472190857,200000,30000,171.02906899890513,128.68309020996094,267.18701171875
2475,15.068360567092896,0.8010279536247253,0.569239616394043,0.1672331988811493,200000,30000,170.52783100007218,128.6017894744873,267.18701171875
2476,15.043330192565918,0.8005995750427246,0.5739489197731018,0.14871665835380554,200000,30000,169.86144900147337,127.96926498413086,267.18701171875
2477,15.07840633392334,0.8021978139877319,0.5780861377716064,0.1440632939338684,200000,30000,170.8585430023959,128.5841464996338,267.18701171875
2478,15.097184181213379,0.8028949499130249,0.5865048766136169,0.15653443336486816,200000,30000,170.08538599839085,127.7456283569336,267.18701171875
2479,15.165923833847046,0.807056188583374,0.5767745971679688,0.15952682495117188,200000,30000,174.26230599812698,127.9757022857666,267.18701171875
2480,15.125126838684082,0.806059718132019,0.5813375115394592,0.1625697910785675,200000,30000,170.76581899891607,129.86516952514648,267.18701171875
2481,15.145299434661865,0.8054015636444092,0.573596179485321,0.1701606810092926,200000,30000,172.7415759996802,127.02202796936035,267.18701171875
2482,15.09533405303955,0.800546407699585,0.5732060074806213,0.17299653589725494,200000,30000,169.83527800039155,129.69398498535156,267.18701171875
2483,15.137306451797485,0.8035973310470581,0.5762225389480591,0.15167748928070068,200000,30000,172.15532599948347,128.76605987548828,267.18701171875
2484,15.109723806381226,0.8029715418815613,0.5810289978981018,0.14849506318569183,200000,30000,171.16830600207322,130.0053596496582,267.18701171875
2485,15.212957859039307,0.8054200410842896,0.5865545868873596,0.1501885950565338,200000,30000,175.30369800078915,132.2016716003418,267.18701171875
2486,15.261995792388916,0.8073768019676208,0.583558976650238,0.1404988169670105,200000,30000,172.73599600230227,128.24678421020508,267.18701171875
2487,15.259003639221191,0.8066717386245728,0.5876072645187378,0.1361827552318573,200000,30000,171.3359440000204,130.25617599487305,267.18701171875
2488,15.419090986251831,0.8124793767929077,0.5901344418525696,0.16814860701560974,200000,30000,171.5754590004508,127.77924537658691,267.18701171875
2489,15.477153062820435,0.8127948045730591,0.5802537202835083,0.14390231668949127,200000,30000,170.29058399930364,128.9968490600586,267.18701171875
2490,15.561803579330444,0.8122328519821167,0.5764076709747314,0.16189952194690704,200000,30000,171.05749500115053,128.37576866149902,267.18701171875
2491,15.623478889465332,0.8153022527694702,0.5726181268692017,0.1570887565612793,200000,30000,170.30693200285896,128.3271312713623,267.18701171875
2492,15.605329275131226,0.814415454864502,0.568479597568512,0.13762791454792023,200000,30000,168.74296400055755,128.2510757446289,267.18701171875
2493,15.69327712059021,0.8148729205131531,0.5760234594345093,0.15729597210884094,200000,30000,170.2520299986645,128.403902053833,267.18701171875
2494,15.733742713928223,0.8185235857963562,0.5743737816810608,0.1550489068031311,200000,30000,169.01276000135113,127.48098373413086,267.18701171875
2495,15.766105651855469,0.8197706937789917,0.571662962436676,0.1431160569190979,200000,30000,171.40208300043014,129.47416305541992,267.18701171875
2496,15.762014389038086,0.8179281949996948,0.5700379610061646,0.14487332105636597,200000,30000,167.06904700185987,127.22158432006836,267.18701171875
2497,15.724337100982666,0.8167812824249268,0.5729669332504272,0.1463935226202011,200000,30000,168.15843299991684,126.82271003723145,267.18701171875
2498,15.76449990272522,0.8181279897689819,0.5742157697677612,0.15541504323482513,200000,30000,171.35550000239164,128.26943397521973,267.18701171875
2499,15.713344812393188,0.8177503347396851,0.570641040802002,0.15301990509033203,200000,30000,173.10246900160564,133.3026885986328,267.18701171875
2500,15.718175172805786,0.8170216083526611,0.569287121295929,0.14887841045856476,198439,30000,174.04597999848193,129.01926040649414,267.18701171875
2501,15.838080644607544,0.81955885887146,0.5421984195709229,0.14578600227832794,199014,30000,183.83773599998676,131.6967010498047,267.18701171875
2502,15.918560028076172,0.8224881887435913,0.5373725295066833,0.1536095142364502,199586,30000,181.4170040015597,128.58176231384277,267.18701171875
2503,15.896029472351074,0.8212568759918213,0.534486711025238,0.15373779833316803,199952,30000,178.7727230002929,133.00085067749023,267.18701171875
2504,15.799702405929565,0.8186768293380737,0.5368850827217102,0.142028346657753,199997,30000,178.99311799919815,136.60812377929688,267.18701171875
2505,15.784372091293335,0.820405125617981,0.5380149483680725,0.1418033391237259,200000,30000,175.97071600175695,128.35383415222168,267.18701171875
2506,15.552420616149902,0.8116392493247986,0.5398000478744507,0.15214040875434875,200000,30000,174.05126000085147,129.6823024749756,267.18701171875
2507,15.39945363998413,0.8033977746963501,0.5499392151832581,0.15837135910987854,200000,30000,171.96743300155504,130.2928924560547,267.18701171875
2508,15.583642721176147,0.8117226362228394,0.5496019124984741,0.1656210869550705,200000,30000,174.46804700011853,131.0877799987793,267.18701171875
2509,15.615346431732178,0.8138941526412964,0.5545185804367065,0.15482428669929504,200000,30000,177.54965699714376,129.95672225952148,267.18701171875
2510,15.642797946929932,0.8143800497055054,0.560915470123291,0.18015915155410767,200000,30000,172.62101500091376,128.29065322875977,267.18701171875
2511,15.7317054271698,0.8181836009025574,0.5592710375785828,0.17680872976779938,200000,30000,173.54790399986086,128.07202339172363,267.18701171875
2512,15.754315853118896,0.8204359412193298,0.5526989698410034,0.1598217785358429,200000,30000,172.30281200318132,127.8076171875,267.18701171875
2513,15.391092300415039,0.8027471303939819,0.5563133955001831,0.16332705318927765,200000,30000,172.58720099925995,128.33714485168457,267.18701171875
2514,15.505629777908325,0.8042900562286377,0.5563148856163025,0.18239851295948029,200000,30000,169.03073800131097,128.2792091369629,267.18701171875
2515,15.509403944015503,0.8040837049484253,0.5633953809738159,0.16683495044708252,200000,30000,170.7987680019869,128.68189811706543,267.18701171875
2516,15.666204690933228,0.8111748695373535,0.5525983572006226,0.183176651597023,200000,30000,168.07788499863818,126.78885459899902,267.18701171875
2517,15.607391595840454,0.8069443702697754,0.5512235760688782,0.18122875690460205,200000,30000,167.65981700154953,126.35421752929688,267.18701171875
2518,15.695494413375854,0.8083059191703796,0.5640334486961365,0.18074952065944672,200000,30000,168.565554999077,126.74212455749512,267.18701171875
2519,15.7931387424469,0.8136572241783142,0.5618289113044739,0.17574408650398254,200000,30000,168.88609099987661,126.60956382751465,267.18701171875
2520,15.698540210723877,0.8092658519744873,0.5694933533668518,0.187602236866951,200000,30000,168.67317899959744,127.72393226623535,267.18701171875
2521,15.46401858329773,0.7990814447402954,0.5700534582138062,0.18117734789848328,200000,30000,174.0199610030686,128.52787971496582,267.18701171875
2522,15.090770721435547,0.780985951423645,0.5762503743171692,0.19463026523590088,200000,30000,169.49311999997008,127.74920463562012,267.18701171875
2523,15.166056156158447,0.7835975885391235,0.5695573091506958,0.1947527825832367,200000,30000,179.71003600177937,132.67755508422852,267.18701171875
2524,15.162323713302612,0.7836418151855469,0.5669866800308228,0.19391825795173645,200000,30000,173.7876769984723,131.62755966186523,267.18701171875
2525,15.126330852508545,0.781679093837738,0.562696099281311,0.19635440409183502,200000,30000,169.21682600150234,127.93707847595215,267.18701171875
2526,15.193753242492676,0.7848432064056396,0.5629725456237793,0.17340202629566193,200000,30000,171.22878800000763,128.89719009399414,267.18701171875
2527,15.276288986206055,0.7870012521743774,0.5729652643203735,0.18855653703212738,200000,30000,173.1649799985462,129.52280044555664,267.18701171875
2528,15.345677137374878,0.7913255095481873,0.5776848793029785,0.18284600973129272,200000,30000,171.0922889978974,129.81581687927246,267.18701171875
2529,15.46962022781372,0.7956334948539734,0.5792286992073059,0.1978847086429596,200000,30000,170.7576209992112,129.03523445129395,267.18701171875
2530,15.51676869392395,0.7991644740104675,0.5739732980728149,0.18827304244041443,200000,30000,169.90931700274814,128.0813217163086,267.18701171875
2531,15.609068870544434,0.8003551959991455,0.5727006196975708,0.1879444718360901,200000,30000,173.04965800212813,131.62899017333984,267.18701171875
2532,15.63490629196167,0.8018474578857422,0.5752325654029846,0.1760166585445404,200000,30000,170.75839300014195,127.9747486114502,267.18701171875
2533,15.709681510925293,0.8044766783714294,0.5758227705955505,0.17759352922439575,200000,30000,169.9977639982535,127.7933120727539,267.18701171875
2534,15.78073263168335,0.8071649074554443,0.5757097005844116,0.191274493932724,200000,30000,170.4420450005273,128.0074119567871,267.18701171875
2535,15.829503536224365,0.8104314804077148,0.5778946876525879,0.19283586740493774,200000,30000,169.70534599749953,130.0637722015381,267.18701171875
2536,15.201152563095093,0.8005923628807068,0.5777206420898438,0.21706846356391907,200000,30000,169.94607800006634,129.4112205505371,267.18701171875
2537,15.553727149963379,0.8119581937789917,0.5711401104927063,0.20146311819553375,200000,30000,169.69106599935913,126.95765495300293,267.18701171875
2538,15.58123230934143,0.8157851099967957,0.5680646896362305,0.19077953696250916,200000,30000,177.3653580021346,130.12146949768066,267.18701171875
2539,15.624454021453857,0.8159851431846619,0.5583117008209229,0.19370898604393005,200000,30000,171.94749299960677,127.64310836791992,267.18701171875
2540,15.465989112854004,0.8114891052246094,0.5551509857177734,0.20777803659439087,200000,30000,169.76112900010776,126.2977123260498,267.18701171875
2541,15.538746118545532,0.8145927786827087,0.5623971819877625,0.2015174776315689,200000,30000,170.23155999777373,129.57000732421875,267.18701171875
2542,15.587292909622192,0.8163752555847168,0.5702073574066162,0.20407313108444214,200000,30000,169.8706469978788,129.27961349487305,267.18701171875
2543,15.673720836639404,0.8172512054443359,0.5698058605194092,0.21263684332370758,200000,30000,168.4847020005691,126.78289413452148,267.18701171875
2544,15.52895188331604,0.8090900778770447,0.5690749883651733,0.20308049023151398,200000,30000,170.173957998486,126.31440162658691,267.18701171875
2545,15.581636428833008,0.8148720264434814,0.5648363828659058,0.19675754010677338,200000,30000,169.01575700103422,127.17771530151367,267.18701171875
2546,15.747342109680176,0.8179005980491638,0.5640140175819397,0.20663447678089142,200000,30000,171.23980299948016,129.00757789611816,267.18701171875
2547,15.705715417861938,0.8130940198898315,0.5702658891677856,0.19550293684005737,200000,30000,170.39747200033162,127.66122817993164,267.18701171875
2548,15.688177347183228,0.8123931884765625,0.5767502784729004,0.20207388699054718,200000,30000,169.02537400164874,127.40969657897949,267.18701171875
2549,15.710886716842651,0.8131856918334961,0.5824838876724243,0.18789705634117126,200000,30000,171.5323829994304,128.800630569458,267.18701171875
2550,15.76820969581604,0.8123840093612671,0.5825686454772949,0.22970496118068695,200000,30000,171.8067149995477,130.7663917541504,267.18701171875
2551,15.835838317871094,0.8151377439498901,0.5719151496887207,0.2224542200565338,200000,30000,169.19658500046353,127.57277488708496,267.18701171875
2552,15.79443097114563,0.8145802021026611,0.5665395259857178,0.2101803719997406,200000,30000,167.92530300153885,126.93977355957031,267.18701171875
2553,15.804218053817749,0.8127536177635193,0.5725276470184326,0.21579639613628387,200000,30000,167.9741810003179,125.86188316345215,267.18701171875
2554,15.712072849273682,0.8099278211593628,0.584625780582428,0.2014329433441162,200000,30000,173.56684300102643,129.0609836578369,267.18701171875
2555,15.778007507324219,0.8150569796562195,0.5754231810569763,0.19733327627182007,200000,30000,180.24295899886056,130.33103942871094,267.18701171875
2556,15.837538242340088,0.816565215587616,0.5756545066833496,0.21525566279888153,200000,30000,174.1593010010547,128.33547592163086,267.18701171875
2557,15.857532024383545,0.8143185377120972,0.5711167454719543,0.21061691641807556,200000,30000,171.3912090017402,127.12788581848145,267.18701171875
2558,16.009225845336914,0.8221633434295654,0.572555661201477,0.19162559509277344,200000,30000,172.86499599867966,127.73728370666504,267.18701171875
2559,15.9294593334198,0.822277307510376,0.56263667345047,0.22486262023448944,200000,30000,172.22881199995754,127.58064270019531,267.18701171875
2560,15.816997289657593,0.819098949432373,0.5730153322219849,0.23787586390972137,200000,30000,172.84964400096214,128.12304496765137,267.18701171875
2561,15.996780395507812,0.8260404467582703,0.5685812830924988,0.2329038381576538,200000,30000,172.05492599896388,127.57325172424316,267.18701171875
2562,15.987045764923096,0.8278273940086365,0.5576796531677246,0.23299874365329742,200000,30000,178.7817910008016,128.07703018188477,267.18701171875
2563,15.839968919754028,0.8275548815727234,0.5608291625976562,0.2270992249250412,200000,30000,177.4387490004301,135.14423370361328,267.18701171875
2564,15.940136909484863,0.8302137851715088,0.5720369815826416,0.22181864082813263,200000,30000,175.05542100116145,128.3128261566162,267.18701171875
2565,16.063966751098633,0.8347797393798828,0.5725756287574768,0.223224475979805,200000,30000,169.23447699809913,125.84161758422852,267.18701171875
2566,16.104124784469604,0.8367007970809937,0.5671393871307373,0.22449274361133575,200000,30000,171.29123699851334,127.26640701293945,267.18701171875
2567,16.062357425689697,0.8356325030326843,0.5668335556983948,0.22798952460289001,200000,30000,173.87084599977243,129.40740585327148,267.18701171875
2568,15.993130207061768,0.8327082991600037,0.5687127113342285,0.23059748113155365,200000,30000,175.95974000141723,128.62086296081543,267.18701171875
2569,16.06060028076172,0.8361706733703613,0.5698004961013794,0.2204931527376175,200000,30000,176.61235500054318,127.56848335266113,267.18701171875
2570,16.09481930732727,0.8389942646026611,0.5670377016067505,0.22241093218326569,200000,30000,171.46974099887302,129.00710105895996,267.18701171875
2571,15.99556565284729,0.8318589925765991,0.5720481872558594,0.2278491109609604,200000,30000,170.59200099902228,127.40492820739746,267.18701171875
2572,15.659946203231812,0.8181104063987732,0.583472490310669,0.2497752606868744,200000,30000,176.61847999988822,134.34529304504395,267.18701171875
2573,15.707614421844482,0.8232570886611938,0.5869406461715698,0.21759997308254242,200000,30000,174.30267300005653,128.50546836853027,267.18701171875
2574,15.815869569778442,0.8247330188751221,0.5769762396812439,0.2319057732820511,200000,30000,170.1077969992184,127.51269340515137,267.18701171875
2575,15.653493404388428,0.8156185150146484,0.5886231660842896,0.23002783954143524,200000,30000,171.75707700152998,127.78067588806152,267.18701171875
2576,15.655660629272461,0.8160344958305359,0.5976362824440002,0.2303851693868637,200000,30000,168.52549000032013,126.41286849975586,267.18701171875
2577,15.853283405303955,0.8236090540885925,0.5984452962875366,0.23028604686260223,200000,30000,172.59708200072055,127.78615951538086,267.18701171875
2578,15.925202369689941,0.8282222151756287,0.6005266308784485,0.21771855652332306,200000,30000,171.78220300047542,128.08847427368164,267.18701171875
2579,16.002235412597656,0.8280529975891113,0.6026369333267212,0.22849050164222717,200000,30000,169.5857740014617,127.3186206817627,267.18701171875
2580,15.923832654953003,0.8247999548912048,0.6022223234176636,0.2236967384815216,200000,30000,168.65063599834684,128.27777862548828,267.18701171875
2581,15.808795690536499,0.8187363147735596,0.6170182824134827,0.21858733892440796,200000,30000,169.16615499940235,128.28683853149414,267.18701171875
2582,15.911906957626343,0.8200916647911072,0.6272364258766174,0.25397083163261414,200000,30000,168.37458699956187,127.05159187316895,267.18701171875
2583,16.035351753234863,0.8251643180847168,0.6202000379562378,0.22782301902770996,200000,30000,169.17027800081996,128.10897827148438,267.18701171875
2584,16.12888813018799,0.8296403884887695,0.6149975657463074,0.22431817650794983,200000,30000,172.37314299927675,127.89320945739746,267.18701171875
2585,16.24490976333618,0.8336471915245056,0.6097719669342041,0.23421768844127655,200000,30000,172.56952499883482,128.4801959991455,267.18701171875
2586,16.246228218078613,0.8337821960449219,0.6158013343811035,0.21638762950897217,200000,30000,169.52248500092537,128.4775733947754,267.18701171875
2587,16.293046474456787,0.8315566778182983,0.624411940574646,0.2244902104139328,200000,30000,169.16936800043914,127.6392936706543,267.18701171875
2588,16.304043531417847,0.8326154947280884,0.6171724200248718,0.2169380933046341,200000,30000,169.1901689991937,128.34572792053223,267.18701171875
2589,16.463212966918945,0.8355361223220825,0.6179261207580566,0.21795080602169037,200000,30000,168.58801799753564,126.25408172607422,267.18701171875
2590,16.42579197883606,0.8310849666595459,0.6082128882408142,0.21596132218837738,200000,30000,173.92191199905938,129.4839382171631,267.18701171875
2591,16.486129760742188,0.8322665095329285,0.5962316393852234,0.22791816294193268,200000,30000,172.9747800018231,127.28714942932129,267.18701171875
2592,16.259450912475586,0.8185203075408936,0.6276416778564453,0.23779135942459106,200000,30000,174.36512600033893,127.58922576904297,267.18701171875
2593,16.32978081703186,0.8143321871757507,0.63702791929245,0.2470686286687851,200000,30000,166.55519800042384,125.92315673828125,267.18701171875
2594,16.47011399269104,0.8179494142532349,0.636367917060852,0.22076416015625,200000,30000,172.87519899764447,128.78775596618652,267.18701171875
2595,16.51786208152771,0.8128864169120789,0.6242885589599609,0.25035014748573303,200000,30000,171.15584299972397,128.9541721343994,267.18701171875
2596,16.576554775238037,0.8153669834136963,0.6237045526504517,0.23100362718105316,200000,30000,168.34206900239224,127.44879722595215,267.18701171875
2597,16.549488306045532,0.8167632818222046,0.6316050291061401,0.2293899804353714,200000,30000,169.093630000134,127.26068496704102,267.18701171875
2598,16.58322811126709,0.8251972198486328,0.6175493597984314,0.22500303387641907,200000,30000,175.79988099896582,127.94733047485352,267.18701171875
2599,16.559271812438965,0.8245226740837097,0.6146312952041626,0.2290077656507492,200000,30000,168.80179500003578,126.7545223236084,267.18701171875
2600,16.745245456695557,0.8283903002738953,0.6145095825195312,0.2418595850467682,193273,30000,188.40679799905047,128.2496452331543,267.18701171875
2601,16.86724066734314,0.8361736536026001,0.589322030544281,0.22209544479846954,193833,30000,180.40285900133313,128.7710666656494,267.18701171875
2602,17.09949493408203,0.8424250483512878,0.5981855988502502,0.23401953279972076,194388,30000,177.98641300032614,129.30870056152344,267.18701171875
2603,17.19389319419861,0.8442374467849731,0.5823810696601868,0.22434018552303314,194864,30000,180.51689699859708,129.08005714416504,267.18701171875
2604,17.20903754234314,0.8436583280563354,0.572979211807251,0.23117774724960327,195201,30000,174.4377520008129,127.48479843139648,267.18701171875
2605,17.147120237350464,0.8513333201408386,0.5641282200813293,0.23085342347621918,195588,30000,176.09648800134892,128.8473606109619,267.18701171875
2606,17.126675844192505,0.8491935729980469,0.562603771686554,0.22887592017650604,196035,30000,176.90694100019755,127.56013870239258,267.18701171875
2607,17.06787109375,0.8449541926383972,0.5734221339225769,0.26044800877571106,196496,30000,175.74091899950872,128.16810607910156,267.18701171875
2608,16.876296997070312,0.8431415557861328,0.579709529876709,0.23721614480018616,196915,30000,177.18678600067506,127.00009346008301,267.18701171875
2609,16.870073080062866,0.8422183394432068,0.5844491124153137,0.2322593778371811,197321,30000,179.2162899982941,126.8923282623291,267.18701171875
2610,16.697949171066284,0.8381510972976685,0.5791252851486206,0.22551028430461884,197741,30000,175.22134299724712,126.94382667541504,267.18701171875
2611,16.849193572998047,0.8451982736587524,0.573573112487793,0.23483020067214966,198175,30000,175.70768099903944,127.93278694152832,267.18701171875
2612,16.327179670333862,0.8323051333427429,0.5849695205688477,0.2366272658109665,198605,30000,172.7675170004659,126.04975700378418,267.18701171875
2613,16.32136821746826,0.8303000330924988,0.5818586349487305,0.2294890284538269,199025,30000,177.73359800048638,126.86395645141602,267.18701171875
2614,16.832560300827026,0.8449947834014893,0.5727540850639343,0.20693957805633545,199443,30000,178.84668099941337,128.84211540222168,267.18701171875
2615,16.97550892829895,0.8521108627319336,0.5585193634033203,0.22043254971504211,199874,30000,178.47039000116638,127.75754928588867,267.18701171875
2616,16.96453094482422,0.8507360816001892,0.565604031085968,0.22205789387226105,199994,30000,178.93577399809146,130.74636459350586,267.18701171875
2617,17.062174081802368,0.8551890254020691,0.5699866414070129,0.21026310324668884,200000,30000,174.08848900231533,129.78124618530273,267.18701171875
2618,17.092663049697876,0.8558229804039001,0.5645878314971924,0.21534869074821472,200000,30000,176.84413800088805,134.0956687927246,267.18701171875
2619,16.978225708007812,0.8532408475875854,0.5688945651054382,0.23257771134376526,200000,30000,174.11299499872257,128.86285781860352,267.18701171875
2620,16.869614124298096,0.8491411209106445,0.5722538232803345,0.22664391994476318,200000,30000,169.5879619983316,127.29072570800781,267.18701171875
2621,17.264212369918823,0.8576831221580505,0.5632647275924683,0.21806031465530396,200000,30000,170.68171000209986,126.67083740234375,267.18701171875
2622,17.038153409957886,0.8528992533683777,0.5656871795654297,0.2132517397403717,200000,30000,175.73229899790022,129.7585964202881,267.18701171875
2623,16.803053617477417,0.8458744883537292,0.5664572715759277,0.22751548886299133,200000,30000,170.69852199711022,127.57205963134766,267.18701171875
2624,16.89637303352356,0.8484187126159668,0.5722172856330872,0.21977081894874573,200000,30000,170.16722799962736,126.53040885925293,267.18701171875
2625,17.267407178878784,0.857749342918396,0.5628601908683777,0.21656471490859985,200000,30000,170.49873900032253,128.07083129882812,267.18701171875
2626,17.377465963363647,0.8592283129692078,0.5611456632614136,0.2268516719341278,200000,30000,174.99683200003346,127.63833999633789,267.18701171875
2627,17.353637218475342,0.8574703931808472,0.5571301579475403,0.22987769544124603,200000,30000,176.3906419982959,128.54385375976562,267.18701171875
2628,17.269598245620728,0.8543834090232849,0.5562843680381775,0.22258511185646057,200000,30000,172.56148000160465,128.59010696411133,267.18701171875
2629,17.191072702407837,0.8515204787254333,0.5633842349052429,0.23773013055324554,200000,30000,172.74664399883477,129.67610359191895,267.18701171875
2630,17.391693592071533,0.8548265695571899,0.5666952133178711,0.22707143425941467,200000,30000,173.64368600101443,129.79388236999512,267.18701171875
2631,17.53299355506897,0.8569873571395874,0.5648093819618225,0.22006799280643463,200000,30000,176.25974000111455,131.5310001373291,267.18701171875
2632,17.66891598701477,0.8576690554618835,0.5599763989448547,0.21619999408721924,200000,30000,172.11065700030304,127.64930725097656,267.18701171875
2633,17.49329686164856,0.8557169437408447,0.562381386756897,0.2220531553030014,200000,30000,174.63054499967257,127.23636627197266,267.18701171875
2634,17.60921835899353,0.8562998175621033,0.5534532070159912,0.2227979451417923,200000,30000,176.57322100058082,127.5491714477539,267.18701171875
2635,17.578446865081787,0.8533997535705566,0.5520101189613342,0.22905823588371277,200000,30000,171.9969059995492,129.0576457977295,267.18701171875
2636,17.67941117286682,0.8527284860610962,0.554940938949585,0.24264474213123322,200000,30000,176.21709800005192,130.94568252563477,267.18701171875
2637,17.7534282207489,0.8552858233451843,0.5556367039680481,0.20735006034374237,200000,30000,174.42811699947924,128.7684440612793,267.18701171875
2638,17.769033908843994,0.8595472574234009,0.549580991268158,0.21415658295154572,200000,30000,172.09816399918054,128.34739685058594,267.18701171875
2639,17.716622352600098,0.8619523048400879,0.5412089228630066,0.20947568118572235,200000,30000,176.71071700169705,129.32801246643066,267.18701171875
2640,17.79926300048828,0.8652251958847046,0.5427545309066772,0.23189902305603027,200000,30000,173.83364900160814,129.07671928405762,267.18701171875
2641,17.844446897506714,0.8682603240013123,0.5454716682434082,0.19796933233737946,200000,30000,175.4473250002775,127.73394584655762,267.18701171875
2642,17.943614721298218,0.8675007820129395,0.5417914390563965,0.20889487862586975,200000,30000,170.28016800031764,126.69634819030762,267.18701171875
2643,17.916882038116455,0.8666243553161621,0.5447481274604797,0.20565955340862274,200000,30000,177.2859349985083,132.07435607910156,267.18701171875
2644,18.123077154159546,0.8683896064758301,0.5477226972579956,0.20600338280200958,200000,30000,173.60769899823936,128.2632350921631,267.18701171875
2645,18.123421669006348,0.8687596321105957,0.5424388647079468,0.2136792540550232,200000,30000,172.14468299789587,127.70724296569824,267.18701171875
2646,18.069199323654175,0.8660048246383667,0.5411055088043213,0.24081577360630035,200000,30000,170.61394000120345,127.3961067199707,267.18701171875
2647,17.729103565216064,0.8539320230484009,0.5385362505912781,0.20940236747264862,200000,30000,177.7018440006941,132.1241855621338,267.18701171875
2648,17.318466901779175,0.8371546268463135,0.5533190965652466,0.22121813893318176,200000,30000,178.10991399892373,127.54106521606445,267.18701171875
2649,17.75500774383545,0.84794020652771,0.5521703958511353,0.23853453993797302,200000,30000,174.27329400015878,128.2188892364502,267.18701171875
2650,17.99446940422058,0.8552573919296265,0.5478844046592712,0.21570247411727905,200000,30000,176.01343899877975,128.9973258972168,267.18701171875
2651,17.931489944458008,0.8531455397605896,0.5483479499816895,0.2292998731136322,200000,30000,171.67082400192157,129.0450096130371,267.18701171875
2652,18.1585431098938,0.8603198528289795,0.5461493134498596,0.24109026789665222,200000,30000,180.83793600089848,132.4613094329834,267.18701171875
2653,18.260822296142578,0.8623100519180298,0.5402089357376099,0.22085200250148773,200000,30000,176.52867800279637,129.97150421142578,267.18701171875
2654,18.276125192642212,0.8621580600738525,0.5522251129150391,0.20994649827480316,200000,30000,179.8043439994217,127.91800498962402,267.18701171875
2655,18.09425950050354,0.8564014434814453,0.5446587800979614,0.228590190410614,200000,30000,185.7787240005564,129.32109832763672,267.18701171875
2656,18.096582889556885,0.8564848899841309,0.5420880317687988,0.22879628837108612,200000,30000,169.64148099941667,128.75938415527344,267.18701171875
2657,18.297414779663086,0.8596624135971069,0.540806770324707,0.24072711169719696,200000,30000,181.9501450008829,130.5699348449707,267.18701171875
2658,18.226635456085205,0.8599746227264404,0.541076123714447,0.23572668433189392,200000,30000,172.3320999990392,128.40843200683594,267.18701171875
2659,18.463776111602783,0.8655252456665039,0.5370049476623535,0.24510788917541504,200000,30000,173.5942060004163,128.4794807434082,267.18701171875
2660,18.598053455352783,0.867702841758728,0.5402292609214783,0.22382700443267822,200000,30000,172.42537800120772,131.64258003234863,267.18701171875
2661,18.470338582992554,0.865938663482666,0.5257472991943359,0.252383291721344,200000,30000,170.0938670001051,128.0195713043213,267.18701171875
2662,18.481844663619995,0.865857720375061,0.5240076184272766,0.22887630760669708,200000,30000,172.5399440001638,130.0666332244873,267.18701171875
2663,17.642425298690796,0.8542391657829285,0.5297585725784302,0.2440471053123474,200000,30000,169.86552000162192,127.78997421264648,267.18701171875
2664,17.440723180770874,0.8388621807098389,0.5511407256126404,0.25716671347618103,200000,30000,169.25929700300912,128.49688529968262,267.18701171875
2665,17.64731764793396,0.837561309337616,0.5554618239402771,0.26479288935661316,200000,30000,174.6170139995229,129.84490394592285,267.18701171875
2666,17.6923406124115,0.8379263281822205,0.5695033073425293,0.24074715375900269,200000,30000,178.35908599954564,129.76336479187012,267.18701171875
2667,17.361223697662354,0.8248688578605652,0.5767804384231567,0.2703138589859009,200000,30000,176.5141030009545,132.69639015197754,267.18701171875
2668,17.307051420211792,0.818800151348114,0.5886497497558594,0.2879261374473572,200000,30000,174.14319799718214,130.57971000671387,267.18701171875
2669,17.214280366897583,0.8160845637321472,0.5893772840499878,0.2897893786430359,200000,30000,172.98058799860883,131.4067840576172,267.18701171875
2670,17.313910722732544,0.8193573951721191,0.5902079939842224,0.28130972385406494,200000,30000,181.850189997931,129.8055648803711,267.18701171875
2671,17.34849452972412,0.817823588848114,0.5908153057098389,0.2942337989807129,200000,30000,172.99980400275672,132.20548629760742,267.18701171875
2672,17.149921655654907,0.8085116744041443,0.5988014936447144,0.29766345024108887,200000,30000,174.22861600061879,131.77776336669922,267.18701171875
2673,17.138242721557617,0.807783842086792,0.6128102540969849,0.33370479941368103,200000,30000,173.4198429985554,131.20412826538086,267.18701171875
2674,17.05087900161743,0.8053388595581055,0.6278541088104248,0.31330153346061707,200000,30000,176.71627900199383,131.77943229675293,267.18701171875
2675,17.1709144115448,0.8068783283233643,0.6374162435531616,0.2941630780696869,200000,30000,173.05262199806748,129.2710304260254,267.18701171875
2676,17.178112268447876,0.8126484751701355,0.6322814226150513,0.2813931107521057,200000,30000,170.89748899888946,129.02092933654785,267.18701171875
2677,17.353960275650024,0.8227661848068237,0.6263601779937744,0.2672019600868225,200000,30000,181.3154490009765,136.1391544342041,267.18701171875
2678,17.59820580482483,0.8303846120834351,0.612694501876831,0.2807633578777313,200000,30000,172.99812100100098,127.52628326416016,267.18701171875
2679,17.93330669403076,0.8398736715316772,0.6028702259063721,0.26109227538108826,200000,30000,174.58383600023808,128.68666648864746,267.18701171875
2680,17.947276830673218,0.8441811800003052,0.5919482707977295,0.25231918692588806,200000,30000,173.6845759987773,129.1193962097168,267.18701171875
2681,18.008816242218018,0.8499486446380615,0.5914938449859619,0.289727121591568,200000,30000,172.49736699886853,129.075288772583,267.18701171875
2682,18.03235650062561,0.8486565947532654,0.5997322797775269,0.2850916087627411,200000,30000,173.48638900148217,130.07092475891113,267.18701171875
2683,18.281748294830322,0.8537229895591736,0.5875759124755859,0.2593550384044647,200000,30000,177.875634002703,128.10516357421875,267.18701171875
2684,17.843693494796753,0.8507921099662781,0.586836040019989,0.2667807340621948,200000,30000,174.53684599968255,128.61013412475586,267.18701171875
2685,18.340163230895996,0.858501672744751,0.5851068496704102,0.2605544626712799,200000,30000,175.9034819988301,130.60975074768066,267.18701171875
2686,18.54019522666931,0.8607133626937866,0.5747345089912415,0.26566067337989807,200000,30000,176.8880439994973,129.9440860748291,267.18701171875
2687,18.592973947525024,0.865190863609314,0.5669606924057007,0.23294442892074585,200000,30000,176.26190000009956,129.52566146850586,267.18701171875
2688,18.416876792907715,0.8629821538925171,0.560745358467102,0.2534961998462677,200000,30000,175.03227600172977,131.0744285583496,267.18701171875
2689,18.553117513656616,0.863852858543396,0.5610422492027283,0.25017550587654114,200000,30000,174.17481699885684,129.72402572631836,267.18701171875
2690,18.435769081115723,0.8614348769187927,0.556624174118042,0.25229015946388245,200000,30000,175.46506199869327,130.51414489746094,267.18701171875
2691,18.439888954162598,0.8597912788391113,0.5549964904785156,0.258296400308609,200000,30000,173.62376599703566,130.8302879333496,267.18701171875
2692,18.34051489830017,0.858662486076355,0.5645424127578735,0.24207541346549988,200000,30000,174.4163120019948,129.60028648376465,267.18701171875
2693,18.30341339111328,0.8558820486068726,0.5742872953414917,0.26166412234306335,200000,30000,172.32715399950393,130.09166717529297,267.18701171875
2694,18.314509391784668,0.8536829948425293,0.5777618288993835,0.23653319478034973,200000,30000,178.80445599803352,132.1094036102295,267.18701171875
2695,18.213342428207397,0.8539225459098816,0.5752043724060059,0.24464160203933716,200000,30000,176.96602700016228,130.22732734680176,267.18701171875
2696,18.06461453437805,0.8494735956192017,0.5764926075935364,0.22460028529167175,200000,30000,175.40432000168948,129.2741298675537,267.18701171875
2697,18.179452419281006,0.8509771823883057,0.5744960904121399,0.2517535388469696,200000,30000,176.7087940024794,130.28955459594727,267.18701171875
2698,18.2141375541687,0.8524720072746277,0.5685044527053833,0.22657395899295807,200000,30000,176.6783819984994,129.64797019958496,267.18701171875
2699,18.135653734207153,0.8509855270385742,0.5513057708740234,0.2542487382888794,200000,30000,174.8127150021901,130.88536262512207,267.18701171875
2700,18.225440979003906,0.8523618578910828,0.5567830801010132,0.20285792648792267,193601,30000,178.56546099937987,129.87375259399414,267.18701171875
2701,18.2248854637146,0.8554247617721558,0.537143349647522,0.24313971400260925,194145,30000,182.21577299846103,131.03008270263672,267.18701171875
2702,18.110612630844116,0.8529037237167358,0.5300320386886597,0.2628169059753418,194686,30000,182.3905230012315,130.8157444000244,267.18701171875
2703,18.302558660507202,0.8558348417282104,0.5256470441818237,0.23496727645397186,195160,30000,179.19527100093546,128.91411781311035,267.18701171875
2704,18.318073749542236,0.8578132390975952,0.5279161930084229,0.22693203389644623,195505,30000,180.08816800283967,130.91325759887695,267.18701171875
2705,18.207378387451172,0.8577024936676025,0.5248891711235046,0.22213782370090485,195902,30000,388.169060999644,129.9738883972168,267.18701171875
2706,18.30966591835022,0.860292911529541,0.5155450105667114,0.23060569167137146,196344,30000,174.82798199853278,128.68452072143555,267.18701171875
2707,17.95209288597107,0.850695013999939,0.5189080834388733,0.23895925283432007,196796,30000,184.8521179999807,130.08594512939453,267.18701171875
2708,18.2639217376709,0.858949601650238,0.5197732448577881,0.24627681076526642,197213,30000,181.14885699833394,130.09047508239746,267.18701171875
2709,18.068662881851196,0.8566874861717224,0.5152482390403748,0.24367214739322662,197624,30000,181.0853759998281,130.87868690490723,267.18701171875
2710,17.89039969444275,0.8530254364013672,0.5231247544288635,0.24038828909397125,198029,30000,183.49010800011456,132.01165199279785,267.18701171875
2711,17.99226999282837,0.8508309721946716,0.5179156064987183,0.2463727444410324,198467,30000,179.9924250008189,128.19504737854004,267.18701171875
2712,17.908600568771362,0.8466512560844421,0.5309300422668457,0.25299614667892456,198898,30000,182.50793100014562,129.82726097106934,267.18701171875
2713,17.85319685935974,0.8437094688415527,0.5382871627807617,0.25439709424972534,199316,30000,179.59664099907968,131.93130493164062,267.18701171875
2714,17.63576030731201,0.8356642127037048,0.5524972677230835,0.26401880383491516,199709,30000,178.75766400175053,129.58192825317383,267.18701171875
2715,18.009289503097534,0.8428490161895752,0.5407836437225342,0.24568282067775726,199965,30000,184.21591199876275,131.72674179077148,267.18701171875
2716,17.613507509231567,0.8349164724349976,0.5438821315765381,0.25316399335861206,199997,30000,190.6685890025983,130.99431991577148,267.18701171875
2717,16.849987506866455,0.8125544786453247,0.5568580031394958,0.26066187024116516,199999,30000,185.74683200131403,129.42004203796387,267.18701171875
2718,16.695492267608643,0.8055665493011475,0.5593492984771729,0.26642245054244995,200000,30000,178.82106199976988,131.6068172454834,267.18701171875
2719,16.29888653755188,0.7917742729187012,0.5686195492744446,0.3025673031806946,200000,30000,177.05977399964468,128.96442413330078,267.18701171875
2720,15.88720440864563,0.7709562182426453,0.5947772860527039,0.30933696031570435,200000,30000,173.4272419998888,129.94980812072754,267.18701171875
2721,16.089760065078735,0.7742304801940918,0.5969098210334778,0.29619100689888,200000,30000,173.63339099756558,129.78219985961914,267.18701171875
2722,15.63758373260498,0.7542545199394226,0.5980313420295715,0.3218531608581543,200000,30000,173.54257099941606,128.43561172485352,267.18701171875
2723,15.415366888046265,0.742489755153656,0.6140007972717285,0.30880874395370483,200000,30000,173.79739399984828,128.37767601013184,267.18701171875
2724,15.493615865707397,0.7439162731170654,0.6200085878372192,0.30174368619918823,200000,30000,178.90547900242382,127.5486946105957,267.18701171875
2725,15.598526000976562,0.7450389862060547,0.6284960508346558,0.32888734340667725,200000,30000,170.96064400175237,127.64763832092285,267.18701171875
2726,15.920135974884033,0.7549667358398438,0.628084659576416,0.30983662605285645,200000,30000,171.64997800136916,125.98705291748047,267.18701171875
2727,16.14047646522522,0.7638344764709473,0.6243483424186707,0.28708910942077637,200000,30000,174.27853399931337,128.70335578918457,267.18701171875
2728,16.209757328033447,0.7759650945663452,0.6032121181488037,0.27160054445266724,200000,30000,168.67354799978784,126.32179260253906,267.18701171875
2729,16.32227659225464,0.7812268137931824,0.6021719574928284,0.2423655241727829,200000,30000,170.97355999794672,127.12979316711426,267.18701171875
2730,16.68880581855774,0.7916663885116577,0.6044264435768127,0.26236492395401,200000,30000,176.5142830008699,128.1735897064209,267.18701171875
2731,16.881204843521118,0.798041045665741,0.6106269955635071,0.27588939666748047,200000,30000,178.70820200187154,129.87565994262695,267.18701171875
2732,17.02594518661499,0.8046544790267944,0.6061333417892456,0.28404462337493896,200000,30000,172.08622500038473,128.7853717803955,267.18701171875
2733,17.11975932121277,0.8064324259757996,0.6207168698310852,0.25641757249832153,200000,30000,175.1493779993325,128.5257339477539,267.18701171875
2734,17.274774312973022,0.8056679964065552,0.6108419299125671,0.2671334743499756,200000,30000,173.6191490017518,129.94027137756348,267.18701171875
2735,17.24498152732849,0.8107669353485107,0.60703444480896,0.24951107800006866,200000,30000,173.9396660013881,127.00223922729492,267.18701171875
2736,17.36706852912903,0.8103615641593933,0.599995493888855,0.2737552225589752,200000,30000,174.95918500208063,130.98382949829102,267.18701171875
2737,17.22238302230835,0.8049379587173462,0.6010973453521729,0.2549540102481842,200000,30000,170.5548389982141,126.98698043823242,267.18701171875
2738,17.263898849487305,0.8054026365280151,0.5934873819351196,0.25472399592399597,200000,30000,176.4889719997882,129.36758995056152,267.18701171875
2739,17.4882173538208,0.8116306066513062,0.5844969153404236,0.23585471510887146,200000,30000,179.07577400183072,128.53431701660156,267.18701171875
2740,17.319467067718506,0.8088095188140869,0.5834054946899414,0.24050693213939667,200000,30000,168.50729900033912,126.85227394104004,267.18701171875
2741,17.501178979873657,0.8141202926635742,0.585442066192627,0.23698018491268158,200000,30000,172.24442799852113,126.03640556335449,267.18701171875
2742,17.341517210006714,0.8134872913360596,0.5719307065010071,0.24607408046722412,200000,30000,174.48975599836558,126.5711784362793,267.18701171875
2743,17.265254259109497,0.8160330653190613,0.5804734230041504,0.22958333790302277,200000,30000,170.86882399962633,126.62291526794434,267.18701171875
2744,17.538999319076538,0.8211545348167419,0.5797330141067505,0.22721536457538605,200000,30000,174.91995499949553,130.02800941467285,267.18701171875
2745,17.4955952167511,0.8246409296989441,0.5728785395622253,0.23909345269203186,200000,30000,170.2573239999765,126.76572799682617,267.18701171875
2746,17.666581869125366,0.8283121585845947,0.5840758085250854,0.2352474331855774,200000,30000,170.4379559996596,126.94764137268066,267.18701171875
2747,17.53666043281555,0.8271224498748779,0.580123782157898,0.2154090255498886,200000,30000,172.11010200117016,127.07328796386719,267.18701171875
2748,17.74178147315979,0.8303360939025879,0.5802682638168335,0.22901888191699982,200000,30000,171.3801060031983,127.58946418762207,267.18701171875
2749,17.862976789474487,0.8347713351249695,0.5805872678756714,0.22372594475746155,200000,30000,173.04473500189488,128.27610969543457,267.18701171875
2750,17.800339460372925,0.8369570970535278,0.579277515411377,0.2250867784023285,200000,30000,175.71491900162073,130.75780868530273,267.18701171875
2751,17.944605350494385,0.838915228843689,0.5739666223526001,0.20825336873531342,200000,30000,171.82102799779386,127.45404243469238,267.18701171875
2752,18.10939073562622,0.8408660888671875,0.5690964460372925,0.220576211810112,200000,30000,170.47235499921953,128.01074981689453,267.18701171875
2753,17.988078594207764,0.8374244570732117,0.5698325634002686,0.23079921305179596,200000,30000,171.26663200178882,126.96599960327148,267.18701171875
2754,18.0312979221344,0.8386497497558594,0.5589112043380737,0.21953845024108887,200000,30000,172.13765600172337,128.7097930908203,267.18701171875
2755,17.958325147628784,0.8375169634819031,0.56195068359375,0.20980113744735718,200000,30000,173.64312800054904,127.35629081726074,267.18701171875
2756,17.9469633102417,0.8346346616744995,0.5626311898231506,0.22567029297351837,200000,30000,183.9625149987114,132.1725845336914,267.18701171875
2757,18.0160653591156,0.8373991250991821,0.55818110704422,0.2173374593257904,200000,30000,176.99740099851624,126.85632705688477,267.18701171875
2758,18.02247643470764,0.8369488716125488,0.5517661571502686,0.2123056948184967,200000,30000,181.24980100037646,131.99663162231445,267.18701171875
2759,17.886059284210205,0.8321341276168823,0.5529941320419312,0.2199420928955078,200000,30000,180.20308100312832,130.7663917541504,267.18701171875
2760,17.802687883377075,0.8313900828361511,0.5557475090026855,0.2096593677997589,200000,30000,171.41706499751308,127.4869441986084,267.18701171875
2761,17.433992624282837,0.8226659297943115,0.542544960975647,0.2377868890762329,200000,30000,171.3309759979893,129.08267974853516,267.18701171875
2762,17.380518913269043,0.8206980228424072,0.544784665107727,0.22657039761543274,200000,30000,175.74739799965755,130.1100254058838,267.18701171875
2763,17.325942516326904,0.8152209520339966,0.5571679472923279,0.2110593169927597,200000,30000,170.8938420015329,127.24781036376953,267.18701171875
2764,17.47986674308777,0.8220435380935669,0.552226185798645,0.20949740707874298,200000,30000,169.9309399991762,125.76651573181152,267.18701171875
2765,17.62789487838745,0.8265685439109802,0.5507804155349731,0.20080074667930603,200000,30000,173.70739600301022,126.83439254760742,267.18701171875
2766,17.75404930114746,0.8312585353851318,0.5355255603790283,0.18376119434833527,200000,30000,171.9104689982487,127.10142135620117,267.18701171875
2767,17.476015090942383,0.8271982073783875,0.5372093319892883,0.20934851467609406,200000,30000,170.73762500149314,127.21872329711914,267.18701171875
2768,17.449829578399658,0.8242851495742798,0.5504317283630371,0.1960831880569458,200000,30000,169.86826799984556,126.18494033813477,267.18701171875
2769,17.761529684066772,0.8291594982147217,0.5487145185470581,0.21707792580127716,200000,30000,171.0722799980431,125.89645385742188,267.18701171875
2770,16.859130859375,0.8114781379699707,0.5622747540473938,0.2140229493379593,200000,30000,169.8229870016803,127.1660327911377,267.18701171875
2771,16.29812240600586,0.7948509454727173,0.5644049644470215,0.2127539962530136,200000,30000,172.10843299835688,129.26483154296875,267.18701171875
2772,16.63627028465271,0.8025769591331482,0.5699974894523621,0.2112712562084198,200000,30000,170.66123499898822,126.44600868225098,267.18701171875
2773,16.4065945148468,0.7931222915649414,0.585200846195221,0.231254443526268,200000,30000,172.1784099972865,127.35414505004883,267.18701171875
2774,16.095659732818604,0.7848066687583923,0.588869571685791,0.224537193775177,200000,30000,176.5067310006998,133.78572463989258,267.18701171875
2775,16.095179319381714,0.7786388397216797,0.604115903377533,0.22789356112480164,200000,30000,176.8313329994271,130.72872161865234,267.18701171875
2776,16.316667795181274,0.7836676836013794,0.5910546183586121,0.22497178614139557,200000,30000,170.81172399775824,127.06303596496582,267.18701171875
2777,16.204631328582764,0.7791048884391785,0.604422926902771,0.23247185349464417,200000,30000,171.66341700067278,126.48534774780273,267.18701171875
2778,16.080902814865112,0.7718344926834106,0.6145987510681152,0.25748756527900696,200000,30000,173.3603540014883,129.04977798461914,267.18701171875
2779,15.837132930755615,0.7630758285522461,0.638047993183136,0.2366488128900528,200000,30000,182.0777389984869,135.8191967010498,267.18701171875
2780,15.661284923553467,0.7542442083358765,0.6523460745811462,0.22120776772499084,200000,30000,171.90169199966476,127.30932235717773,267.18701171875
2781,15.804431438446045,0.7569148540496826,0.6362419128417969,0.23308731615543365,200000,30000,171.18991700044717,127.02655792236328,267.18701171875
2782,15.744786262512207,0.7549763917922974,0.6318390965461731,0.2480669617652893,200000,30000,172.17703600181267,129.31537628173828,267.18701171875
2783,15.925188064575195,0.7554921507835388,0.6317687630653381,0.24600517749786377,200000,30000,170.46450699854176,126.58047676086426,267.18701171875
2784,16.029402017593384,0.7584004402160645,0.634919285774231,0.23311109840869904,200000,30000,175.3191310017428,130.16843795776367,267.18701171875
2785,16.18354558944702,0.7606493830680847,0.6356850862503052,0.24371062219142914,200000,30000,172.3234000019147,127.21920013427734,267.18701171875
2786,16.33522868156433,0.7616653442382812,0.6421440839767456,0.24812740087509155,200000,30000,173.19583400239935,128.7405490875244,267.18701171875
2787,16.276562213897705,0.7651628255844116,0.6441454887390137,0.23012566566467285,200000,30000,173.83149300076184,127.74276733398438,267.18701171875
2788,16.23054027557373,0.7609723806381226,0.6505431532859802,0.2418276071548462,200000,30000,171.23481200178503,126.64079666137695,267.18701171875
2789,16.493064165115356,0.7673126459121704,0.6471837759017944,0.23722104728221893,200000,30000,174.68432299938286,128.82137298583984,267.18701171875
2790,16.553555727005005,0.77116858959198,0.6467363834381104,0.23239734768867493,200000,30000,173.5779350019584,128.1416416168213,267.18701171875
2791,16.60523533821106,0.7710311412811279,0.6427298784255981,0.225263774394989,200000,30000,171.3834840011259,126.90258026123047,267.18701171875
2792,16.590582132339478,0.7746176719665527,0.6394482851028442,0.23996064066886902,200000,30000,171.70053199879476,126.09243392944336,267.18701171875
2793,16.635031700134277,0.7767378687858582,0.6416427493095398,0.23040883243083954,200000,30000,172.42788300063694,127.94184684753418,267.18701171875
2794,16.77783489227295,0.7818323373794556,0.6267237663269043,0.23169656097888947,200000,30000,173.30436900010682,128.44157218933105,267.18701171875
2795,16.909818649291992,0.7831718325614929,0.6262262463569641,0.23320931196212769,200000,30000,177.09461499907775,126.33895874023438,267.18701171875
2796,16.84616208076477,0.7840828895568848,0.6251277923583984,0.20948061347007751,200000,30000,176.06946700107073,128.61299514770508,267.18701171875
2797,17.01824188232422,0.7871845960617065,0.6228871941566467,0.2161974161863327,200000,30000,170.81366799902753,126.85918807983398,267.18701171875
2798,17.070728540420532,0.7898526191711426,0.6172105669975281,0.20789694786071777,200000,30000,178.0225309994421,126.8465518951416,267.18701171875
2799,17.120935916900635,0.790827214717865,0.6128987073898315,0.19643498957157135,200000,30000,174.58329600049183,128.09300422668457,267.18701171875
2800,17.190722227096558,0.7920955419540405,0.6128382682800293,0.20185168087482452,175325,30000,188.11492800159613,127.7470588684082,267.18701171875
2801,17.303420305252075,0.7938176393508911,0.5956360697746277,0.216084823012352,175827,30000,176.61246100033168,126.18517875671387,267.18701171875
2802,17.41457223892212,0.7997800707817078,0.582862913608551,0.21659450232982635,176321,30000,173.60672499853536,126.09243392944336,267.18701171875
2803,17.536193132400513,0.8052076101303101,0.5743462443351746,0.22517220675945282,176817,30000,174.8040509992279,127.29620933532715,267.18701171875
2804,17.761011123657227,0.8131694793701172,0.5609142780303955,0.21581025421619415,177148,30000,175.16469999827677,128.8762092590332,267.18701171875
2805,17.969890832901,0.8168739676475525,0.5610990524291992,0.21843069791793823,177533,30000,173.14454000006663,126.19733810424805,267.18701171875
2806,18.260577917099,0.8233352899551392,0.5524733066558838,0.19890695810317993,177945,30000,174.8382660007337,126.0979175567627,267.18701171875
2807,18.353677988052368,0.830260157585144,0.5405371785163879,0.19350381195545197,178376,30000,177.34278900024947,127.28476524353027,267.18701171875
2808,18.101471662521362,0.8275790214538574,0.5616581439971924,0.2055293172597885,178785,30000,177.59493899939116,128.57341766357422,267.18701171875
2809,18.40419888496399,0.832244336605072,0.5479981303215027,0.1915798932313919,179195,30000,176.5545319976809,125.9453296661377,267.18701171875
2810,18.64011287689209,0.8397836089134216,0.5384381413459778,0.19912326335906982,179575,30000,175.50363400005153,126.6934871673584,267.18701171875
2811,18.58090043067932,0.8402292728424072,0.5224818587303162,0.20807179808616638,179985,30000,175.34248100128025,127.67720222473145,267.18701171875
2812,18.595212697982788,0.8399268388748169,0.5341075658798218,0.2179461270570755,180410,30000,175.19586699927459,126.07979774475098,267.18701171875
2813,18.267390727996826,0.8308323621749878,0.5382382869720459,0.20335356891155243,180820,30000,177.4198620005336,128.40580940246582,267.18701171875
2814,17.907898426055908,0.8241434097290039,0.5391719937324524,0.19952145218849182,181222,30000,174.06211399793392,125.76770782470703,267.18701171875
2815,17.817009687423706,0.8231484293937683,0.5499374270439148,0.20950447022914886,181631,30000,175.65230100080953,128.4945011138916,267.18701171875
2816,17.39619493484497,0.8113058805465698,0.5374757647514343,0.21303728222846985,182049,30000,173.9163419988472,125.96321105957031,267.18701171875
2817,16.96945309638977,0.7958801984786987,0.5440275073051453,0.2163649946451187,182456,30000,186.6191789995355,135.67709922790527,267.18701171875
2818,16.59964919090271,0.7907249927520752,0.5579964518547058,0.2168826311826706,182855,30000,177.98034400038887,126.67179107666016,267.18701171875
2819,16.321792602539062,0.7783437967300415,0.5643004775047302,0.2251785546541214,183266,30000,175.52742800035048,128.61013412475586,267.18701171875
2820,16.32926106452942,0.7789753675460815,0.5845859050750732,0.23631508648395538,183696,30000,172.7273910000804,126.79243087768555,267.18701171875
2821,16.591771841049194,0.7841066122055054,0.5775103569030762,0.2326771318912506,184110,30000,174.57121199913672,128.53550910949707,267.18701171875
2822,16.496206521987915,0.7830359935760498,0.5935171842575073,0.24254481494426727,184521,30000,180.94390399710392,126.97839736938477,267.18701171875
2823,16.786245107650757,0.790299117565155,0.5900089740753174,0.26827284693717957,184932,30000,177.88960700272582,126.40833854675293,267.18701171875
2824,16.550995111465454,0.7875536680221558,0.5927913784980774,0.25322332978248596,185349,30000,176.7987980019825,127.15482711791992,267.18701171875
2825,16.598539352416992,0.7878456115722656,0.6044570803642273,0.2631385922431946,185771,30000,181.36920699907932,130.69558143615723,267.18701171875
2826,16.5599262714386,0.7858395576477051,0.6151300668716431,0.26293644309043884,186187,30000,175.89917599980254,127.7921199798584,267.18701171875
2827,16.783957481384277,0.7912063598632812,0.6126660108566284,0.25768306851387024,186601,30000,175.96785099885892,127.52532958984375,267.18701171875
2828,16.952462196350098,0.7972809672355652,0.6159377694129944,0.2440868616104126,187012,30000,176.05722799999057,125.69928169250488,267.18701171875
2829,17.10991859436035,0.7992986440658569,0.6142101883888245,0.26805979013442993,187434,30000,176.8081029986206,127.67839431762695,267.18701171875
2830,17.42516279220581,0.8048900365829468,0.6133261919021606,0.24977277219295502,187837,30000,176.88777500006836,127.73728370666504,267.18701171875
2831,17.865071296691895,0.8193758726119995,0.6079214811325073,0.248646080493927,188257,30000,176.3778580025246,129.1365623474121,267.18701171875
2832,18.28276753425598,0.8286347389221191,0.6020700931549072,0.22096097469329834,188657,30000,175.81782300112536,126.89661979675293,267.18701171875
2833,18.49793553352356,0.8311147689819336,0.6018977165222168,0.21048489212989807,189072,30000,179.52953799976967,128.22771072387695,267.18701171875
2834,19.035518169403076,0.8420190811157227,0.5922112464904785,0.24475504457950592,189486,30000,178.65548500049044,127.60329246520996,267.18701171875
2835,19.209190607070923,0.8469967842102051,0.576076865196228,0.22581112384796143,189887,30000,178.18176299988409,128.31854820251465,267.18701171875
2836,19.46382761001587,0.8486943244934082,0.5656987428665161,0.197736456990242,190292,30000,179.56572900220635,127.72321701049805,267.18701171875
2837,19.394092559814453,0.8512758612632751,0.5594696998596191,0.2148488610982895,190700,30000,175.1873200009868,127.56872177124023,267.18701171875
2838,19.420666694641113,0.8514320254325867,0.556551456451416,0.22531262040138245,191124,30000,181.54160899939598,132.78436660766602,267.18701171875
2839,19.4412899017334,0.8515897989273071,0.5560854077339172,0.21017195284366608,191529,30000,177.97064800106455,128.42464447021484,267.18701171875
2840,19.26113247871399,0.8480076193809509,0.562595546245575,0.21340715885162354,191918,30000,177.29922400030773,127.44975090026855,267.18701171875
2841,19.303340911865234,0.8476411700248718,0.5600296258926392,0.2270406037569046,192333,30000,180.8882840014121,128.79252433776855,267.18701171875
2842,18.620980978012085,0.8377561569213867,0.5606892704963684,0.22725555300712585,192745,30000,174.8685540005681,127.49075889587402,267.18701171875
2843,18.112244606018066,0.8265635967254639,0.561284065246582,0.237879678606987,193175,30000,178.7523630009673,129.49180603027344,267.18701171875
2844,17.46909260749817,0.8074593544006348,0.5832136869430542,0.23069961369037628,193578,30000,176.5000349987531,128.53431701660156,267.18701171875
2845,17.700031995773315,0.8070060014724731,0.5778145790100098,0.24425503611564636,193974,30000,177.19774400029564,128.77964973449707,267.18701171875
2846,16.827434301376343,0.7812723517417908,0.5854079723358154,0.25565671920776367,194387,30000,174.21019300309126,127.30813026428223,267.18701171875
2847,16.79344415664673,0.7690316438674927,0.5891695022583008,0.2767430543899536,194808,30000,177.3595300001034,129.76908683776855,267.18701171875
2848,16.780482530593872,0.7680520415306091,0.5929830074310303,0.26925188302993774,195230,30000,176.89451900150743,129.3041706085205,267.18701171875
2849,16.809844970703125,0.7655335664749146,0.5852497220039368,0.2650711238384247,195617,30000,176.8462260006345,127.8679370880127,267.18701171875
2850,17.135003805160522,0.7676595449447632,0.5866644382476807,0.2944071292877197,196002,30000,178.9822880018619,128.71074676513672,267.18701171875
2851,17.782784700393677,0.7809938192367554,0.5808595418930054,0.28122687339782715,196418,30000,179.75314399882336,130.04279136657715,267.18701171875
2852,17.942925691604614,0.7868008613586426,0.5788275599479675,0.26125848293304443,196823,30000,183.47134299983736,127.60233879089355,267.18701171875
2853,17.818174362182617,0.780961275100708,0.5842452049255371,0.28300607204437256,197228,30000,175.0975369977823,127.83002853393555,267.18701171875
2854,17.712706327438354,0.7785944938659668,0.5882716178894043,0.29008930921554565,197644,30000,177.08031400252366,128.01265716552734,267.18701171875
2855,17.531734704971313,0.7716253995895386,0.5896264910697937,0.26383501291275024,198042,30000,178.57971099874703,126.85251235961914,267.18701171875
2856,17.707315683364868,0.77606201171875,0.593224823474884,0.28151625394821167,198448,30000,180.54749099974288,129.35686111450195,267.18701171875
2857,17.872142791748047,0.7758228182792664,0.6004458665847778,0.2916780114173889,198854,30000,395.08752500114497,128.05867195129395,267.18701171875
2858,18.467453718185425,0.7897955775260925,0.5963951349258423,0.27815160155296326,199245,30000,176.77552199893398,128.47590446472168,267.18701171875
2859,19.03445839881897,0.8014527559280396,0.5913646817207336,0.26444122195243835,199640,30000,180.54433900033473,127.87437438964844,267.18701171875
2860,19.12353754043579,0.8064898252487183,0.5931412577629089,0.24842938780784607,199932,30000,177.0587710016116,128.04460525512695,267.18701171875
2861,19.410873651504517,0.8111190795898438,0.5908480286598206,0.2535257935523987,199991,30000,173.0786040025123,126.19686126708984,267.18701171875
2862,19.17459011077881,0.8138195276260376,0.5927250385284424,0.25811538100242615,199997,30000,180.40435999864712,127.18582153320312,267.18701171875
2863,19.08974289894104,0.8106980323791504,0.587226927280426,0.21276040375232697,200000,30000,179.11147600170807,127.57658958435059,267.18701171875
2864,19.538540840148926,0.8186068534851074,0.5889045596122742,0.23326724767684937,200000,30000,173.8622299999406,129.13036346435547,267.18701171875
2865,19.78682279586792,0.820594072341919,0.5887255668640137,0.22637610137462616,200000,30000,170.46364199995878,127.27212905883789,267.18701171875
2866,19.862191677093506,0.8243606090545654,0.5829384326934814,0.22333693504333496,200000,30000,170.58589199950802,127.7766227722168,267.18701171875
2867,19.968117475509644,0.8249821066856384,0.5762315988540649,0.2286127656698227,200000,30000,175.5299929973262,128.6942958831787,267.18701171875
2868,19.788988828659058,0.8221755027770996,0.5786516666412354,0.22312471270561218,200000,30000,174.8423630015168,131.12974166870117,267.18701171875
2869,19.21400785446167,0.8141344785690308,0.5755147933959961,0.24444793164730072,200000,30000,176.81939099929878,128.74555587768555,267.18701171875
2870,19.219253063201904,0.8120407462120056,0.5762304067611694,0.24055887758731842,200000,30000,172.640525001043,127.32934951782227,267.18701171875
2871,19.193097352981567,0.8122259378433228,0.5695521831512451,0.22070813179016113,200000,30000,172.42973300017184,126.95980072021484,267.18701171875
2872,19.018986225128174,0.8096300363540649,0.5701364278793335,0.22094039618968964,200000,30000,171.9612969973241,127.89392471313477,267.18701171875
2873,18.800289630889893,0.8085099458694458,0.5659945607185364,0.2228163182735443,200000,30000,173.0018320013187,126.98864936828613,267.18701171875
2874,18.862977027893066,0.8084461092948914,0.5648179054260254,0.25147566199302673,200000,30000,174.45871100062504,129.01854515075684,267.18701171875
2875,18.432841300964355,0.8001519441604614,0.5629072785377502,0.24974322319030762,200000,30000,173.49515199748566,128.83400917053223,267.18701171875
2876,18.23672890663147,0.795247495174408,0.5568709373474121,0.22552819550037384,200000,30000,170.94019100113655,128.21435928344727,267.18701171875
2877,18.073792457580566,0.7917158603668213,0.5632596015930176,0.28664952516555786,200000,30000,172.79168800087064,127.20394134521484,267.18701171875
2878,17.527097463607788,0.7782238721847534,0.5599197149276733,0.2721672058105469,200000,30000,170.425255997543,127.0298957824707,267.18701171875
2879,17.102187871932983,0.7628445625305176,0.5836583971977234,0.2647870182991028,200000,30000,173.93799899946316,129.16874885559082,267.18701171875
2880,17.1344256401062,0.7612407207489014,0.5947287082672119,0.27850794792175293,200000,30000,173.65737500222167,128.7388801574707,267.18701171875
2881,17.35310196876526,0.7653712630271912,0.5951768755912781,0.27529847621917725,200000,30000,172.32053499901667,126.73306465148926,267.18701171875
2882,16.975702047348022,0.7517907619476318,0.6013450622558594,0.2858821153640747,200000,30000,174.50074099906487,126.74069404602051,267.18701171875
2883,17.379835844039917,0.7586904764175415,0.6029740571975708,0.2680334448814392,200000,30000,173.3472569976584,127.96401977539062,267.18701171875
2884,17.813866138458252,0.768012285232544,0.6104631423950195,0.2625737190246582,200000,30000,173.36860900104512,127.60329246520996,267.18701171875
2885,17.855782508850098,0.7671401500701904,0.6201056241989136,0.2560701370239258,200000,30000,174.59745400265092,127.99072265625,267.18701171875
2886,18.4272563457489,0.7809101939201355,0.6201691627502441,0.2583039402961731,200000,30000,174.28246100098477,128.54385375976562,267.18701171875
2887,18.72231960296631,0.7878040075302124,0.609533429145813,0.2486719936132431,200000,30000,173.7041729975317,127.71105766296387,267.18701171875
2888,18.504239320755005,0.7823674082756042,0.6063849925994873,0.2465134710073471,200000,30000,168.4555059982813,125.88024139404297,267.18701171875
2889,18.81095051765442,0.7692717909812927,0.6124191284179688,0.22889137268066406,200000,30000,172.662377000961,127.21443176269531,267.18701171875
2890,18.886862993240356,0.7737859487533569,0.6091541051864624,0.24814625084400177,200000,30000,171.09614299988607,127.39086151123047,267.18701171875
2891,19.1018009185791,0.7804379463195801,0.5958088636398315,0.25133800506591797,200000,30000,174.86720200031414,127.44998931884766,267.18701171875
2892,18.93951416015625,0.784187912940979,0.586585521697998,0.237477108836174,200000,30000,170.9869410005922,127.40492820739746,267.18701171875
2893,18.5827898979187,0.7788943648338318,0.5960245132446289,0.2225586175918579,200000,30000,176.3101659998938,130.99980354309082,267.18701171875
2894,18.491618633270264,0.7707990407943726,0.5821123123168945,0.2323082834482193,200000,30000,170.31321600006777,127.82049179077148,267.18701171875
2895,17.573275566101074,0.7438533306121826,0.5644630789756775,0.24331630766391754,200000,30000,169.02289900099277,126.52730941772461,267.18701171875
2896,16.838380098342896,0.7252387404441833,0.574489176273346,0.21844245493412018,200000,30000,173.06914100117865,128.97658348083496,267.18701171875
2897,16.304913759231567,0.721108078956604,0.5789569616317749,0.233886256814003,200000,30000,172.0657059995574,129.67872619628906,267.18701171875
2898,16.521668434143066,0.7270705699920654,0.594189465045929,0.24685043096542358,200000,30000,172.90701499950956,127.77304649353027,267.18701171875
2899,16.60530924797058,0.7338615655899048,0.5945963859558105,0.22803257405757904,200000,30000,184.25657500119996,133.78596305847168,267.18701171875
2900,16.565001010894775,0.7360864877700806,0.5920308828353882,0.24040192365646362,155207,30000,212.57356999922195,138.95392417907715,267.18701171875
2901,17.277255058288574,0.7441308498382568,0.6012017130851746,0.2385130375623703,155643,30000,181.3208540006599,130.9506893157959,267.18701171875
2902,17.891418933868408,0.7692807912826538,0.5894023776054382,0.23045435547828674,156088,30000,178.3550069994817,130.73110580444336,267.18701171875
2903,17.978070974349976,0.7798904776573181,0.5865935683250427,0.2298019826412201,156538,30000,181.72174400024232,130.2471160888672,267.18701171875
2904,17.853480577468872,0.7824096083641052,0.596417248249054,0.23381300270557404,156889,30000,178.34561500058044,130.51295280456543,267.18701171875
2905,18.133162260055542,0.7981195449829102,0.5955122709274292,0.22823432087898254,157262,30000,176.09954699946684,127.6254653930664,267.18701171875
2906,18.60377788543701,0.8081831932067871,0.5843908786773682,0.22455456852912903,157682,30000,176.99645799802965,127.22516059875488,267.18701171875
2907,18.35060477256775,0.8064941167831421,0.5659900903701782,0.20827069878578186,158083,30000,177.1277569969243,130.08761405944824,267.18701171875
2908,17.745198011398315,0.7933144569396973,0.5755730271339417,0.2422047108411789,158485,30000,175.86372000005213,128.04913520812988,267.18701171875
2909,17.47929096221924,0.7847579717636108,0.586505651473999,0.24486513435840607,158883,30000,175.25248299716623,125.20337104797363,267.18701171875
2910,17.757456302642822,0.7920951247215271,0.5828901529312134,0.22225140035152435,159282,30000,175.09227499976987,128.7403106689453,267.18701171875
2911,17.78995394706726,0.796004056930542,0.5676625967025757,0.21722416579723358,159674,30000,174.43401800119318,127.44760513305664,267.18701171875
2912,16.470273733139038,0.7514533400535583,0.5780903100967407,0.2737296521663666,160087,30000,182.71159299911233,131.01816177368164,267.18701171875
2913,16.626030206680298,0.7562860250473022,0.5936661958694458,0.2436864972114563,160473,30000,175.65590300000622,127.84576416015625,267.18701171875
2914,17.393747568130493,0.7840380668640137,0.58610999584198,0.23407286405563354,160878,30000,174.35242899955483,127.72631645202637,267.18701171875
2915,17.52536177635193,0.7901806831359863,0.5824998617172241,0.22171075642108917,161279,30000,178.03720400115708,128.9498805999756,267.18701171875
2916,17.517942190170288,0.7897838354110718,0.5895607471466064,0.2549535632133484,161698,30000,181.02346399973612,128.91554832458496,267.18701171875
2917,17.833001613616943,0.7995161414146423,0.5815674066543579,0.2310914397239685,162086,30000,180.3114380018087,128.22294235229492,267.18701171875
2918,18.116881847381592,0.8107630610466003,0.5755325555801392,0.2085314840078354,162476,30000,179.10459999984596,132.78579711914062,267.18701171875
2919,18.2818603515625,0.8163655996322632,0.5746465921401978,0.22366701066493988,162878,30000,179.13896200116142,127.42924690246582,267.18701171875
2920,18.631190061569214,0.82151859998703,0.5655531287193298,0.22188228368759155,163301,30000,179.30463099764893,129.34255599975586,267.18701171875
2921,18.759561777114868,0.8293240070343018,0.5557541847229004,0.21028009057044983,163706,30000,178.33201499888673,128.36003303527832,267.18701171875
2922,19.020780324935913,0.834979772567749,0.5606895685195923,0.21572086215019226,164125,30000,176.83796300116228,127.43926048278809,267.18701171875
2923,19.124218225479126,0.8362509608268738,0.5499247908592224,0.2096332460641861,164505,30000,179.84283799887635,129.22954559326172,267.18701171875
2924,19.37488317489624,0.843071460723877,0.5434010028839111,0.21789701282978058,164914,30000,184.59556600282667,127.36153602600098,267.18701171875
2925,19.44301128387451,0.8472249507904053,0.550560712814331,0.198031947016716,165313,30000,176.62441300126375,129.9433708190918,267.18701171875
2926,19.413199424743652,0.8501113653182983,0.5471105575561523,0.19821976125240326,165731,30000,174.5033359984518,127.19106674194336,267.18701171875
2927,19.61627960205078,0.8503551483154297,0.5377539396286011,0.20961451530456543,166134,30000,175.8144240011461,127.39777565002441,267.18701171875
2928,19.634857177734375,0.8534221649169922,0.5339698791503906,0.19738717377185822,166547,30000,176.56699900180683,127.99739837646484,267.18701171875
2929,19.28470730781555,0.8485621213912964,0.5359846949577332,0.2005671262741089,166952,30000,181.14093099939055,127.78902053833008,267.18701171875
2930,18.57219934463501,0.8354480266571045,0.5497191548347473,0.2202042043209076,167370,30000,176.4632009981142,129.14443016052246,267.18701171875
2931,18.789268732070923,0.841641902923584,0.5415748357772827,0.2057945877313614,167779,30000,173.5589890013216,126.81746482849121,267.18701171875
2932,17.80391216278076,0.8176957964897156,0.543344259262085,0.22001251578330994,168198,30000,173.25494900069316,127.13432312011719,267.18701171875
2933,17.794193029403687,0.8191431760787964,0.5483156442642212,0.21414566040039062,168588,30000,175.7988600002136,128.7093162536621,267.18701171875
2934,18.013246059417725,0.8264167308807373,0.5444594025611877,0.20134003460407257,168997,30000,178.00099400119507,128.8290023803711,267.18701171875
2935,17.993165254592896,0.8242834806442261,0.5429222583770752,0.20558492839336395,169404,30000,180.91635299788322,128.59439849853516,267.18701171875
2936,18.451095819473267,0.8358601331710815,0.5378573536872864,0.2101743370294571,169821,30000,178.52155400032643,129.01735305786133,267.18701171875
2937,18.46153974533081,0.8372494578361511,0.5259926319122314,0.2218715399503708,170226,30000,177.45876800108817,126.91187858581543,267.18701171875
2938,18.451378345489502,0.8381490111351013,0.5308734178543091,0.21500277519226074,170658,30000,181.62789800044266,130.27167320251465,267.18701171875
2939,18.625251054763794,0.8405091166496277,0.5326880216598511,0.20200951397418976,171070,30000,183.58023799737566,130.51986694335938,267.18701171875
2940,18.694554567337036,0.8424854278564453,0.5284648537635803,0.2041490226984024,171481,30000,178.00987899681786,126.3742446899414,267.18701171875
2941,18.5419499874115,0.8411222696304321,0.532883882522583,0.2191864401102066,171893,30000,176.25123300240375,127.98357009887695,267.18701171875
2942,18.434162139892578,0.8411819934844971,0.5423659086227417,0.21035809814929962,172307,30000,182.46859499777202,128.75962257385254,267.18701171875
2943,18.670257329940796,0.8466100692749023,0.533816933631897,0.2096278965473175,172731,30000,181.17815000005066,130.39016723632812,267.18701171875
2944,18.57583999633789,0.8449565172195435,0.5333223342895508,0.20390966534614563,173131,30000,179.0387319997535,130.40828704833984,267.18701171875
2945,18.68432879447937,0.8469249606132507,0.5337187647819519,0.2194238156080246,173557,30000,190.10693200107198,130.65481185913086,267.18701171875
2946,18.810194730758667,0.8521217703819275,0.5354882478713989,0.20523372292518616,173967,30000,182.3494429991115,131.3164234161377,267.18701171875
2947,18.823158740997314,0.8534896373748779,0.535550057888031,0.20808133482933044,174389,30000,176.38288300076965,127.37393379211426,267.18701171875
2948,18.642319440841675,0.8503293395042419,0.5434383153915405,0.2143646776676178,174802,30000,181.45164899760857,129.11152839660645,267.18701171875
2949,18.57636570930481,0.8508549928665161,0.5382260084152222,0.2103959172964096,175218,30000,190.30906099942513,135.0395679473877,267.18701171875
2950,18.384441137313843,0.8474230766296387,0.5364354848861694,0.21805422008037567,175635,30000,181.63501500021084,129.71067428588867,267.18701171875
2951,18.762118816375732,0.8535283803939819,0.5329391360282898,0.1988791823387146,176056,30000,181.626077999681,127.82406806945801,267.18701171875
2952,18.302881717681885,0.8452354669570923,0.5375236868858337,0.2110728770494461,176470,30000,181.1383089989249,127.97260284423828,267.18701171875
2953,18.046233654022217,0.8399016261100769,0.5528364777565002,0.21771661937236786,176889,30000,182.61070900189225,128.85355949401855,267.18701171875
2954,18.144508600234985,0.8423563838005066,0.544619083404541,0.22283776104450226,177301,30000,177.8914860005898,128.6947727203369,267.18701171875
2955,18.050113916397095,0.8397995829582214,0.5443962812423706,0.207100048661232,177727,30000,176.1992370011285,129.2397975921631,267.18701171875
2956,18.13807249069214,0.8422884345054626,0.5495184659957886,0.20292067527770996,178133,30000,177.93179300133488,129.23622131347656,267.18701171875
2957,18.178342580795288,0.8455973863601685,0.5455223917961121,0.2099180668592453,178550,30000,178.16630900051678,128.21197509765625,267.18701171875
2958,18.03806781768799,0.8419017195701599,0.5432150363922119,0.23693294823169708,178983,30000,176.18322900307248,128.36241722106934,267.18701171875
2959,18.296502828598022,0.848120391368866,0.5328965187072754,0.22069793939590454,179397,30000,177.5097130012,127.87008285522461,267.18701171875
2960,18.18471908569336,0.848021388053894,0.5278516411781311,0.21248814463615417,179820,30000,179.60668799787527,128.53384017944336,267.18701171875
2961,18.15327525138855,0.8463716506958008,0.5283117294311523,0.21907491981983185,180239,30000,186.585658997501,129.05454635620117,267.18701171875
2962,18.00090193748474,0.8442962169647217,0.532162070274353,0.2157156765460968,180657,30000,178.6424799975066,130.59020042419434,267.18701171875
2963,17.716588973999023,0.8385978937149048,0.5286682844161987,0.22818931937217712,181059,30000,178.88340100034839,128.67403030395508,267.18701171875
2964,17.79212236404419,0.8404097557067871,0.5223698019981384,0.23310741782188416,181483,30000,180.43336999835446,128.79180908203125,267.18701171875
2965,17.646286487579346,0.8394829630851746,0.5248125791549683,0.22624102234840393,181905,30000,178.90945799808833,128.387451171875,267.18701171875
2966,17.761359214782715,0.8440164923667908,0.5092501044273376,0.21664147078990936,182328,30000,179.32591900171246,130.00822067260742,267.18701171875
2967,17.556785345077515,0.837405800819397,0.526321530342102,0.2300245612859726,182733,30000,177.84278500039363,130.3098201751709,267.18701171875
2968,17.749849557876587,0.8424097895622253,0.5358068943023682,0.22604413330554962,183153,30000,181.8326140019053,128.01218032836914,267.18701171875
2969,17.12328314781189,0.8275479078292847,0.5278593897819519,0.2149752527475357,183560,30000,181.06534000253305,129.11009788513184,267.18701171875
2970,16.794888973236084,0.8160486221313477,0.5468044281005859,0.2271176129579544,183976,30000,181.01163200117298,131.93821907043457,267.18701171875
2971,16.606227159500122,0.8114334940910339,0.5428926944732666,0.23917540907859802,184381,30000,178.20614599986584,130.02347946166992,267.18701171875
2972,16.69189453125,0.8129300475120544,0.5407605171203613,0.24903354048728943,184792,30000,178.00526799692307,127.9299259185791,267.18701171875
2973,16.598278284072876,0.8116511106491089,0.554813027381897,0.27309662103652954,185208,30000,178.75705500046024,130.13720512390137,267.18701171875
2974,16.79720401763916,0.8152743577957153,0.5653519630432129,0.2536705732345581,185619,30000,174.5178390010551,127.5777816772461,267.18701171875
2975,17.045540809631348,0.8240638971328735,0.5654906034469604,0.2694089710712433,186034,30000,180.7693789996847,130.57947158813477,267.18701171875
2976,16.63615107536316,0.815447211265564,0.5677443742752075,0.27610763907432556,186437,30000,179.45950599823846,128.97419929504395,267.18701171875
2977,16.64934992790222,0.8139497637748718,0.5809338688850403,0.2711733877658844,186833,30000,183.42244499945082,128.4635066986084,267.18701171875
2978,16.958651542663574,0.8220300078392029,0.5755833983421326,0.24707366526126862,187226,30000,185.36035899887793,128.5412311553955,267.18701171875
2979,17.0285165309906,0.823249101638794,0.5832384824752808,0.24951988458633423,187624,30000,181.63190800260054,130.5673122406006,267.18701171875
2980,17.02362895011902,0.8239765167236328,0.5829241275787354,0.25235438346862793,188027,30000,178.6371029993461,128.7693977355957,267.18701171875
2981,17.12564468383789,0.8280267119407654,0.5798588991165161,0.24489031732082367,188412,30000,178.11307399824727,128.31449508666992,267.18701171875
2982,17.528128623962402,0.8347916603088379,0.5818833112716675,0.24394138157367706,188800,30000,177.4232120005763,128.6447048187256,267.18701171875
2983,17.51816987991333,0.8381554484367371,0.5849578976631165,0.23688818514347076,189180,30000,181.32042399884085,128.81803512573242,267.18701171875
2984,17.619415521621704,0.8408671617507935,0.592927098274231,0.23595212399959564,189555,30000,180.5212120016222,129.136323928833,267.18701171875
2985,17.524956464767456,0.8368124961853027,0.6021513938903809,0.2574751675128937,189924,30000,179.70529399826773,130.6142807006836,267.18701171875
2986,17.554091215133667,0.8370663523674011,0.6068701148033142,0.2643558979034424,190308,30000,177.95883399958257,127.02798843383789,267.18701171875
2987,17.339414358139038,0.8331548571586609,0.6049547791481018,0.25065115094184875,190679,30000,182.92792699867277,131.35004043579102,267.18701171875
2988,17.08140730857849,0.8268609046936035,0.6002066135406494,0.2458367645740509,191043,30000,182.6115160001791,131.11019134521484,267.18701171875
2989,16.858125925064087,0.819190502166748,0.6017953753471375,0.25694894790649414,191402,30000,180.34375800198177,128.74746322631836,267.18701171875
2990,16.795209646224976,0.8178354501724243,0.6065633893013,0.25904926657676697,191766,30000,183.01511999743525,129.73618507385254,267.18701171875
2991,16.86685562133789,0.8173357248306274,0.6189184188842773,0.2855856716632843,192139,30000,181.5325200004736,128.86548042297363,267.18701171875
2992,16.989481449127197,0.8214012980461121,0.6115971207618713,0.25351032614707947,192504,30000,176.4348760007124,128.61156463623047,267.18701171875
2993,17.11429476737976,0.8237510919570923,0.6257575750350952,0.25401613116264343,192868,30000,176.52049900061684,127.5019645690918,267.18701171875
2994,17.403374910354614,0.8296109437942505,0.6151847839355469,0.25572192668914795,193219,30000,180.16652400183375,127.21037864685059,267.18701171875
2995,17.479063272476196,0.8343546390533447,0.6066447496414185,0.24211199581623077,193582,30000,182.77725799998734,131.42848014831543,267.18701171875
2996,17.441760301589966,0.8337711691856384,0.6101659536361694,0.24488471448421478,193940,30000,178.40126900046016,127.69627571105957,267.18701171875
2997,17.785998582839966,0.8402757048606873,0.6107155680656433,0.24764809012413025,194304,30000,179.0420110010018,128.2052993774414,267.18701171875
2998,17.803306579589844,0.8427271842956543,0.6013638973236084,0.2583506107330322,194668,30000,180.8693740022136,128.92389297485352,267.18701171875
2999,17.724558115005493,0.8412818908691406,0.6183609962463379,0.2651900053024292,195035,30000,183.6191959991993,130.32770156860352,267.18701171875
3000,17.875804901123047,0.8436257243156433,0.610584557056427,0.22539271414279938,193309,30000,185.2293459996872,129.17470932006836,267.18701171875
3001,18.087886571884155,0.8479088544845581,0.6036902070045471,0.2584156394004822,193664,30000,183.5798079991946,127.0906925201416,267.18701171875
3002,18.131307363510132,0.8511020541191101,0.5986999273300171,0.24265506863594055,194029,30000,181.63410499983002,129.9736499786377,267.18701171875
3003,18.309744596481323,0.8552853465080261,0.5971077680587769,0.25508663058280945,194390,30000,178.24090399881243,127.27022171020508,267.18701171875
3004,18.474055528640747,0.8585880994796753,0.5935072898864746,0.2119947075843811,194744,30000,180.7554609986255,126.31797790527344,267.18701171875
3005,18.52227210998535,0.860088586807251,0.5842788219451904,0.2442353218793869,195094,30000,180.54450400086353,130.27405738830566,267.18701171875
3006,18.506144285202026,0.8609825968742371,0.5792156457901001,0.22578664124011993,195441,30000,177.50936599986744,129.74119186401367,267.18701171875
3007,18.52161407470703,0.8616493940353394,0.5779796838760376,0.23613227903842926,195788,30000,176.62752099931822,129.38475608825684,267.18701171875
3008,18.38700294494629,0.8600209951400757,0.5767819881439209,0.2345947027206421,196136,30000,176.37410099996487,126.63435935974121,267.18701171875
3009,18.393559455871582,0.8594889640808105,0.5745416879653931,0.25345441699028015,196489,30000,410.3383780020522,128.13878059387207,267.18701171875
3010,18.34377884864807,0.8594826459884644,0.5704770684242249,0.22998256981372833,196824,30000,179.34893399797147,128.9827823638916,267.18701171875
3011,18.301299810409546,0.8585535883903503,0.5756476521492004,0.26931843161582947,197181,30000,178.73085900282604,128.75604629516602,267.18701171875
3012,18.090431690216064,0.8553025126457214,0.5778634548187256,0.25650089979171753,197522,30000,185.39830900044763,130.34343719482422,267.18701171875
3013,18.32979917526245,0.8611568808555603,0.5762466788291931,0.23086541891098022,197862,30000,182.7449330012314,130.90014457702637,267.18701171875
3014,17.912709712982178,0.8529691100120544,0.5620879530906677,0.23147904872894287,198203,30000,180.11961500087637,128.6466121673584,267.18701171875
3015,17.581690549850464,0.8446552157402039,0.586068332195282,0.2334006428718567,198540,30000,185.8756000001449,129.1971206665039,267.18701171875
3016,18.130518198013306,0.8575880527496338,0.5740389227867126,0.25759053230285645,198891,30000,179.64942099933978,129.7299861907959,267.18701171875
3017,18.30582857131958,0.8593444228172302,0.570703387260437,0.2308449149131775,199242,30000,177.97416099710972,127.15721130371094,267.18701171875
3018,18.332091569900513,0.8606489896774292,0.5675501227378845,0.2369830459356308,199578,30000,176.7045570013579,125.8397102355957,267.18701171875
3019,18.208976984024048,0.8599991798400879,0.5700198411941528,0.24147233366966248,199904,30000,175.18337100045756,126.46698951721191,267.18701171875
3020,17.964106798171997,0.8547289371490479,0.5723650455474854,0.246092289686203,199990,30000,172.18154199872515,126.07192993164062,267.18701171875
3021,18.257968425750732,0.8622368574142456,0.5710380673408508,0.239262193441391,200000,30000,178.25668300065445,127.4256706237793,267.18701171875
3022,18.005090951919556,0.8586527109146118,0.5624317526817322,0.23908685147762299,200000,30000,176.1315720032144,129.44579124450684,267.18701171875
3023,18.06003212928772,0.8596488237380981,0.5601629018783569,0.24356354773044586,200000,30000,179.27947999851312,128.8456916809082,267.18701171875
3024,18.037283420562744,0.858599066734314,0.5530903935432434,0.24584661424160004,200000,30000,190.05704300070647,127.65669822692871,267.18701171875
3025,18.266292810440063,0.8645013570785522,0.5475336909294128,0.2312595099210739,200000,30000,179.6866559998307,128.40890884399414,267.18701171875
3026,18.361130952835083,0.8671355247497559,0.5434794425964355,0.25421059131622314,200000,30000,171.07797299831873,127.05254554748535,267.18701171875
3027,18.107047080993652,0.8594629168510437,0.5406395196914673,0.2335091233253479,200000,30000,171.95514500053832,127.07376480102539,267.18701171875
3028,18.431549072265625,0.8669213652610779,0.5370436310768127,0.22201818227767944,200000,30000,174.41660099939327,127.54106521606445,267.18701171875
3029,18.230191469192505,0.8645420074462891,0.5322566032409668,0.2548968493938446,200000,30000,174.96298300102353,127.34079360961914,267.18701171875
3030,17.753208875656128,0.8529828786849976,0.5410996079444885,0.2393687665462494,200000,30000,173.4515400021337,127.82573699951172,267.18701171875
3031,17.990853786468506,0.8578181266784668,0.5496842861175537,0.2502995729446411,200000,30000,175.24053099987213,129.38666343688965,267.18701171875
3032,17.987996339797974,0.858318030834198,0.5388484597206116,0.24251826107501984,200000,30000,177.51492600291385,130.3274631500244,267.18701171875
3033,17.95934796333313,0.8597831726074219,0.5419390797615051,0.24519792199134827,200000,30000,175.2586340007838,127.84171104431152,267.18701171875
3034,18.219488859176636,0.8638657331466675,0.5354664325714111,0.24301840364933014,200000,30000,175.00281100001303,129.84514236450195,267.18701171875
3035,18.32568645477295,0.8649100065231323,0.5433850288391113,0.23934361338615417,200000,30000,176.98160899817594,127.78759002685547,267.18701171875
3036,18.620065450668335,0.8718903064727783,0.5331771373748779,0.21682897210121155,200000,30000,174.24027000015485,128.25822830200195,267.18701171875
3037,18.63508105278015,0.8734168410301208,0.5288946032524109,0.21105429530143738,200000,30000,171.86128700268455,127.49838829040527,267.18701171875
3038,18.652424812316895,0.8728336095809937,0.5283700227737427,0.23923459649085999,200000,30000,176.35327900279663,128.93939018249512,267.18701171875
3039,18.71692657470703,0.8762639760971069,0.5351797342300415,0.22063586115837097,200000,30000,178.1376969993289,127.43520736694336,267.18701171875
3040,18.805638551712036,0.8783981204032898,0.531156063079834,0.20847009122371674,200000,30000,179.0884570000344,129.0595531463623,267.18701171875
3041,18.806694746017456,0.8773858547210693,0.5228861570358276,0.19840657711029053,200000,30000,173.87635400154977,127.5475025177002,267.18701171875
3042,18.63922119140625,0.8750340342521667,0.5217514634132385,0.1950545459985733,200000,30000,181.0700479982188,130.62047958374023,267.18701171875
3043,18.872064352035522,0.8804769515991211,0.529712975025177,0.22610865533351898,200000,30000,173.40302700176835,126.38688087463379,267.18701171875
3044,18.942784070968628,0.8823384046554565,0.5192810893058777,0.2257627546787262,200000,30000,175.10190900065936,129.1186809539795,267.18701171875
3045,19.070725440979004,0.8857304453849792,0.519511878490448,0.2214118242263794,200000,30000,177.47869400045602,129.09984588623047,267.18701171875
3046,19.043391942977905,0.8880437612533569,0.503523588180542,0.2074393928050995,200000,30000,176.19596399890725,131.87265396118164,267.18701171875
3047,18.781672716140747,0.8808209300041199,0.5069041848182678,0.237273707985878,200000,30000,176.95939999975963,130.77592849731445,267.18701171875
3048,18.538329601287842,0.8754209280014038,0.5141464471817017,0.24079765379428864,200000,30000,178.21568199724425,129.4541358947754,267.18701171875
3049,18.598716259002686,0.8755115270614624,0.5152619481086731,0.22356580197811127,200000,30000,175.79869400287862,128.5228729248047,267.18701171875
3050,18.364193439483643,0.8693523406982422,0.5125439763069153,0.22985711693763733,200000,30000,181.41832900073496,127.40635871887207,267.18701171875
3051,18.924480676651,0.8814716339111328,0.5078006982803345,0.23645824193954468,200000,30000,177.28551699838135,130.32770156860352,267.18701171875
3052,18.774559497833252,0.8835265636444092,0.5104867815971375,0.22610688209533691,200000,30000,174.33308600084274,127.93803215026855,267.18701171875
3053,18.214353322982788,0.8684905767440796,0.5264941453933716,0.2579174339771271,200000,30000,177.82663800244336,128.9057731628418,267.18701171875
3054,18.58272075653076,0.8758413791656494,0.529584527015686,0.2552846670150757,200000,30000,175.44319900116534,128.43894958496094,267.18701171875
3055,18.472094535827637,0.8764203786849976,0.5283740162849426,0.2389259785413742,200000,30000,185.49138299931656,131.50644302368164,267.18701171875
3056,18.573460578918457,0.8786342144012451,0.5292041301727295,0.23487341403961182,200000,30000,175.83144699892728,128.05700302124023,267.18701171875
3057,18.824151754379272,0.8839272260665894,0.5256415605545044,0.24444188177585602,200000,30000,179.7452049977437,128.83830070495605,267.18701171875
3058,18.749542236328125,0.8834983706474304,0.5259315967559814,0.24499984085559845,200000,30000,176.8461589999788,129.82606887817383,267.18701171875
3059,19.033565521240234,0.890426516532898,0.5252393484115601,0.2484237551689148,200000,30000,183.0830929975491,127.95019149780273,267.18701171875
3060,19.09984588623047,0.8913056254386902,0.5234060287475586,0.2219592034816742,200000,30000,180.3939609999361,128.73148918151855,267.18701171875
3061,19.281597137451172,0.8936249017715454,0.521242082118988,0.1900346726179123,200000,30000,172.49635900225258,128.76152992248535,267.18701171875
3062,19.370590448379517,0.8960884809494019,0.5122515559196472,0.2074502557516098,200000,30000,175.58480400111875,130.96213340759277,267.18701171875
3063,19.465361833572388,0.8977818489074707,0.5053322315216064,0.2257911115884781,200000,30000,174.71771800046554,127.73394584655762,267.18701171875
3064,19.430495500564575,0.8980190753936768,0.5004019141197205,0.19941222667694092,200000,30000,173.53906800053664,128.21173667907715,267.18701171875
3065,19.53415036201477,0.9001888036727905,0.4932171404361725,0.1995825320482254,200000,30000,176.03388400311815,129.47463989257812,267.18701171875
3066,19.65699315071106,0.9024546146392822,0.4932970404624939,0.22405964136123657,200000,30000,174.73409700323828,127.47383117675781,267.18701171875
3067,19.59821105003357,0.9013622999191284,0.49782222509384155,0.22176718711853027,200000,30000,175.25706599917612,129.2285919189453,267.18701171875
3068,19.62279200553894,0.9023483991622925,0.4923359155654907,0.22364819049835205,200000,30000,174.0578530007042,127.35438346862793,267.18701171875
3069,19.235273599624634,0.8956482410430908,0.49081990122795105,0.22723056375980377,200000,30000,179.17198100258247,129.26554679870605,267.18701171875
3070,19.36994194984436,0.897375762462616,0.49104756116867065,0.24197642505168915,200000,30000,177.78476500097895,129.43768501281738,267.18701171875
3071,19.409401416778564,0.9000052213668823,0.48292437195777893,0.24073687195777893,200000,30000,185.72407699684845,129.652738571167,267.18701171875
3072,19.444539546966553,0.901282012462616,0.47344887256622314,0.2107650488615036,200000,30000,177.44712000057916,128.58319282531738,267.18701171875
3073,19.421063661575317,0.9019851088523865,0.4710024893283844,0.21093060076236725,200000,30000,177.6169580007263,130.845308303833,267.18701171875
3074,19.21712636947632,0.8983420133590698,0.4717775583267212,0.2110748291015625,200000,30000,175.77684199932264,128.44586372375488,267.18701171875
3075,19.211794137954712,0.8980215787887573,0.4685465693473816,0.21231725811958313,200000,30000,179.56417499954114,129.4543743133545,267.18701171875
3076,19.253123998641968,0.8964905142784119,0.46119552850723267,0.2329947054386139,200000,30000,179.76746800195542,129.64200973510742,267.18701171875
3077,19.047324657440186,0.8912736773490906,0.4626883268356323,0.23064905405044556,200000,30000,174.13502099952893,129.13775444030762,267.18701171875
3078,18.84743332862854,0.8866872191429138,0.47699645161628723,0.23226819932460785,200000,30000,177.60672099757358,129.38499450683594,267.18701171875
3079,19.142156839370728,0.8938401937484741,0.4831295609474182,0.22756947576999664,200000,30000,176.08847600058652,129.5919418334961,267.18701171875
3080,19.05725598335266,0.8898452520370483,0.4817010164260864,0.22545194625854492,200000,30000,175.12363599962555,129.4882297515869,267.18701171875
3081,18.673954010009766,0.8820664286613464,0.4898099899291992,0.23323340713977814,200000,30000,179.74025800140225,133.01324844360352,267.18701171875
3082,18.964282274246216,0.884326696395874,0.49490976333618164,0.21804384887218475,200000,30000,173.06649700185517,127.3946762084961,267.18701171875
3083,19.134860038757324,0.8884413242340088,0.49315205216407776,0.21693949401378632,200000,30000,170.8848999987822,126.8010139465332,267.18701171875
3084,18.754347562789917,0.8785828948020935,0.49171125888824463,0.2292495220899582,200000,30000,169.85843099973863,125.66208839416504,267.18701171875
3085,19.102553129196167,0.8885177373886108,0.4963773787021637,0.2168949693441391,200000,30000,168.68292300205212,125.97250938415527,267.18701171875
3086,19.32901620864868,0.895103931427002,0.4901335835456848,0.21599054336547852,200000,30000,170.9623399983684,126.94144248962402,267.18701171875
3087,19.421827793121338,0.898361325263977,0.4934486746788025,0.21454715728759766,200000,30000,173.140393999347,128.27658653259277,267.18701171875
3088,19.53575372695923,0.9003273844718933,0.4877129793167114,0.21413937211036682,200000,30000,171.8664180007181,126.62434577941895,267.18701171875
3089,18.993866443634033,0.886756420135498,0.49825578927993774,0.23807784914970398,200000,30000,173.23747199770878,126.21879577636719,267.18701171875
3090,18.647165298461914,0.8766857385635376,0.5082873702049255,0.2419036626815796,200000,30000,174.43113199988147,127.47430801391602,267.18701171875
3091,18.074944019317627,0.8626492023468018,0.5214772820472717,0.24329236149787903,200000,30000,176.0936450009467,127.65097618103027,267.18701171875
3092,17.564709186553955,0.8485978841781616,0.5188156366348267,0.24835379421710968,200000,30000,181.6579959995579,127.51412391662598,267.18701171875
3093,17.15677261352539,0.8331269025802612,0.536197304725647,0.24010153114795685,200000,30000,172.94125099942903,127.4714469909668,267.18701171875
3094,16.524043083190918,0.8139419555664062,0.5450282692909241,0.25215864181518555,200000,30000,173.69278600017424,128.1607151031494,267.18701171875
3095,16.4157772064209,0.807891309261322,0.5613205432891846,0.313014417886734,200000,30000,172.88366199863958,127.93326377868652,267.18701171875
3096,16.358662843704224,0.8086397647857666,0.5676745772361755,0.25434422492980957,200000,30000,175.15773400009493,127.74848937988281,267.18701171875
3097,16.751779317855835,0.8203867673873901,0.5772641897201538,0.2849424481391907,200000,30000,174.44326700206148,127.64191627502441,267.18701171875
3098,16.555376052856445,0.8174718618392944,0.5774434208869934,0.26809927821159363,200000,30000,175.8884560003935,128.1735897064209,267.18701171875
3099,16.07952117919922,0.8007376194000244,0.6078132390975952,0.2870890200138092,200000,30000,174.4423639975139,128.1578540802002,267.18701171875
3100,16.15688681602478,0.7974552512168884,0.6257574558258057,0.30636003613471985,191987,30000,184.26982399978442,127.53748893737793,267.18701171875
3101,16.387064456939697,0.80001300573349,0.6248708963394165,0.3207802474498749,192544,30000,180.13365600199904,126.93238258361816,267.18701171875
3102,16.634223461151123,0.807935893535614,0.609214723110199,0.29168954491615295,193112,30000,180.56873899695347,128.5872459411621,267.18701171875
3103,16.84657335281372,0.8146979808807373,0.5983123183250427,0.2920985519886017,193496,30000,179.05757100015762,128.52120399475098,267.18701171875
3104,16.96325421333313,0.8204881548881531,0.5927934646606445,0.2929264008998871,193798,30000,176.1559299993678,126.77121162414551,267.18701171875
3105,17.31858491897583,0.8346694707870483,0.5933077335357666,0.29029184579849243,194163,30000,177.40070199943148,129.02283668518066,267.18701171875
3106,17.71052360534668,0.8467919826507568,0.5827479362487793,0.2632880210876465,194568,30000,201.8711960008659,145.2653408050537,267.18701171875
3107,17.957504987716675,0.8540171384811401,0.5885664224624634,0.29128172993659973,194971,30000,195.9880799986422,126.71923637390137,267.18701171875
3108,17.915477752685547,0.8569349050521851,0.5881962776184082,0.2687348425388336,195346,30000,180.23534000167274,128.91197204589844,267.18701171875
3109,17.912336587905884,0.857856035232544,0.5850009322166443,0.2546563148498535,195723,30000,178.70474699884653,126.03235244750977,267.18701171875
3110,18.07786226272583,0.8647226691246033,0.5762747526168823,0.24247130751609802,196108,30000,181.90092200165964,130.25164604187012,267.18701171875
3111,18.324103355407715,0.8717309236526489,0.5700611472129822,0.23242641985416412,196493,30000,180.18973099970026,127.5796890258789,267.18701171875
3112,18.609092235565186,0.8774726390838623,0.554757833480835,0.2503319978713989,196877,30000,179.56551700262935,127.25305557250977,267.18701171875
3113,18.50550413131714,0.8769738078117371,0.5661919713020325,0.25244081020355225,197264,30000,180.30829200142762,129.84275817871094,267.18701171875
3114,18.657498359680176,0.8799471259117126,0.5600306391716003,0.2585822343826294,197648,30000,180.70511299811187,128.27682495117188,267.18701171875
3115,18.851001262664795,0.8861536979675293,0.5507909059524536,0.24540776014328003,198032,30000,181.57189500198,128.90267372131348,267.18701171875
3116,18.726688623428345,0.8831284046173096,0.5499352216720581,0.2477731555700302,198421,30000,181.7965730006108,125.58269500732422,267.18701171875
3117,18.63481879234314,0.88041090965271,0.5465143918991089,0.26330333948135376,198796,30000,188.93391999881715,133.23020935058594,267.18701171875
3118,18.34356427192688,0.8740469217300415,0.5625797510147095,0.23125045001506805,199180,30000,188.8791309975204,129.25362586975098,267.18701171875
3119,18.41655969619751,0.8648683428764343,0.5675466656684875,0.273603230714798,199559,30000,187.64577899855794,133.1648826599121,267.18701171875
3120,18.337572813034058,0.8628519773483276,0.5639232993125916,0.26488974690437317,199940,30000,178.7906200006546,127.6407241821289,267.18701171875
3121,18.08513045310974,0.8567296266555786,0.5764617919921875,0.2891852557659149,200000,30000,178.20456399931572,128.5407543182373,267.18701171875
3122,17.73703098297119,0.8491454124450684,0.5751469135284424,0.281781405210495,200000,30000,178.19701700136648,127.63142585754395,267.18701171875
3123,17.236226797103882,0.8363742828369141,0.5950552821159363,0.29142138361930847,200000,30000,172.9994830020587,126.8613338470459,267.18701171875
3124,16.870276927947998,0.8267063498497009,0.611948549747467,0.2921944856643677,200000,30000,172.97273700023652,127.1052360534668,267.18701171875
3125,16.851035356521606,0.8241021633148193,0.6140090823173523,0.29163858294487,200000,30000,174.1199139978562,128.22318077087402,267.18701171875
3126,16.57078266143799,0.8144134283065796,0.6078059673309326,0.3166225850582123,200000,30000,177.42151700076647,128.29971313476562,267.18701171875
3127,16.589595079421997,0.81508469581604,0.6062920689582825,0.30165907740592957,200000,30000,175.40994699811563,128.93939018249512,267.18701171875
3128,16.393263339996338,0.8093492388725281,0.6088568568229675,0.2923745810985565,200000,30000,174.10730499977944,129.65941429138184,267.18701171875
3129,16.50190830230713,0.8100625872612,0.6188532710075378,0.3282049000263214,200000,30000,174.96356400079094,127.63214111328125,267.18701171875
3130,16.523314714431763,0.8124479651451111,0.6155784726142883,0.3002210557460785,200000,30000,178.02269499952672,129.90164756774902,267.18701171875
3131,16.401729583740234,0.8103508353233337,0.6281582713127136,0.31262707710266113,200000,30000,175.99687400070252,127.5491714477539,267.18701171875
3132,16.405036449432373,0.8075959086418152,0.6247282028198242,0.338198721408844,200000,30000,176.16862200156902,130.33318519592285,267.18701171875
3133,16.702758073806763,0.8182425498962402,0.6209130883216858,0.3273714482784271,200000,30000,178.67860199839924,127.8696060180664,267.18701171875
3134,16.715980768203735,0.8227598667144775,0.6299905776977539,0.32599949836730957,200000,30000,174.7549040010199,126.93333625793457,267.18701171875
3135,16.44096612930298,0.8121296167373657,0.6315277814865112,0.3271990120410919,200000,30000,175.15212400030578,129.11081314086914,267.18701171875
3136,16.465996503829956,0.8140667676925659,0.6391931176185608,0.3268154263496399,200000,30000,184.68847699841717,135.45918464660645,267.18701171875
3137,16.767808198928833,0.8224250078201294,0.6363255977630615,0.33746960759162903,200000,30000,175.46326800220413,128.17072868347168,267.18701171875
3138,16.754355430603027,0.8227891325950623,0.6346908807754517,0.33747947216033936,200000,30000,180.24522500127205,132.0786476135254,267.18701171875
3139,16.450724601745605,0.8147351145744324,0.6407244205474854,0.32661014795303345,200000,30000,178.25366699980805,128.10301780700684,267.18701171875
3140,16.533292531967163,0.8157972693443298,0.6370656490325928,0.32159891724586487,200000,30000,177.22779900213936,127.94065475463867,267.18701171875
3141,16.62375569343567,0.8184612989425659,0.6384702324867249,0.34249550104141235,200000,30000,178.93790200105286,132.5700283050537,267.18701171875
3142,16.603200435638428,0.818537712097168,0.6471149921417236,0.324849396944046,200000,30000,178.14723999981652,127.48146057128906,267.18701171875
3143,16.556179523468018,0.8175339698791504,0.6532872915267944,0.3479509651660919,200000,30000,177.3998600001505,128.5688877105713,267.18701171875
3144,16.37226700782776,0.8106054067611694,0.6597685813903809,0.34295403957366943,200000,30000,176.30789000031655,129.23121452331543,267.18701171875
3145,16.14913821220398,0.7989086508750916,0.6619659662246704,0.3483312427997589,200000,30000,185.22537399985595,132.16543197631836,267.18701171875
3146,16.550562381744385,0.8063985705375671,0.6558663249015808,0.3489300310611725,200000,30000,175.3630900020653,127.34007835388184,267.18701171875
3147,16.60803198814392,0.8122148513793945,0.6499558687210083,0.3488338589668274,200000,30000,174.43385799924727,127.56156921386719,267.18701171875
3148,16.405973434448242,0.8055461645126343,0.6516536474227905,0.32859620451927185,200000,30000,176.6753610027081,127.26664543151855,267.18701171875
3149,16.47451877593994,0.804409384727478,0.6636746525764465,0.35171398520469666,200000,30000,176.760958001978,128.89456748962402,267.18701171875
3150,16.68684720993042,0.8122557401657104,0.6540250778198242,0.33554622530937195,200000,30000,174.41558499922394,127.0754337310791,267.18701171875
3151,16.630269289016724,0.8125874996185303,0.6500566005706787,0.3230895400047302,200000,30000,172.36638900067192,125.83541870117188,267.18701171875
3152,16.502896547317505,0.8111752271652222,0.6446834802627563,0.32510536909103394,200000,30000,170.7234999994398,126.31082534790039,267.18701171875
3153,16.64961576461792,0.8139195442199707,0.6417096853256226,0.32073840498924255,200000,30000,177.94603800211917,132.65109062194824,267.18701171875
3154,16.615828275680542,0.8173348903656006,0.6419530510902405,0.3265071511268616,200000,30000,173.38197199933347,128.51834297180176,267.18701171875
3155,16.7055881023407,0.8198121786117554,0.6473031044006348,0.3256787657737732,200000,30000,189.80918600209407,133.37397575378418,267.18701171875
3156,16.66171431541443,0.8207502365112305,0.6432677507400513,0.28927645087242126,200000,30000,173.47774900190416,127.06208229064941,267.18701171875
3157,16.72514796257019,0.8234943151473999,0.6475557088851929,0.29534170031547546,200000,30000,179.19085200264817,126.95908546447754,267.18701171875
3158,16.73038363456726,0.8234245181083679,0.6482949256896973,0.28793472051620483,200000,30000,176.58702100015944,126.87897682189941,267.18701171875
3159,16.806703805923462,0.8254369497299194,0.6489760875701904,0.30093249678611755,200000,30000,179.8830040024768,130.40971755981445,267.18701171875
3160,16.760892868041992,0.8256675004959106,0.6437444090843201,0.301839143037796,200000,30000,182.05476299772272,129.3792724609375,267.18701171875
3161,16.65639042854309,0.823989748954773,0.645012378692627,0.31036919355392456,200000,30000,174.6837879982195,129.18448448181152,267.18701171875
3162,16.597859859466553,0.8243230581283569,0.6414353847503662,0.28542688488960266,200000,30000,179.18059899966465,130.16772270202637,267.18701171875
3163,16.633942127227783,0.8261839747428894,0.6369691491127014,0.28226473927497864,200000,30000,178.2786389994726,129.45222854614258,267.18701171875
3164,16.63543939590454,0.8254444599151611,0.6358858346939087,0.28182554244995117,200000,30000,174.0875209980004,127.53462791442871,267.18701171875
3165,16.488157510757446,0.8227657675743103,0.6329342722892761,0.2629646062850952,200000,30000,180.98322900186758,127.30073928833008,267.18701171875
3166,16.642239093780518,0.8271045088768005,0.6407371163368225,0.2956480383872986,200000,30000,181.78258300031302,129.23026084899902,267.18701171875
3167,16.636953353881836,0.8272459506988525,0.6365888714790344,0.2660028338432312,200000,30000,178.68322499998612,127.68864631652832,267.18701171875
3168,16.536158323287964,0.8249890804290771,0.6393551826477051,0.272403746843338,200000,30000,176.48175099748187,127.80237197875977,267.18701171875
3169,16.51463031768799,0.8234135508537292,0.6405220627784729,0.271633505821228,200000,30000,173.93656200147234,127.28714942932129,267.18701171875
3170,16.571407318115234,0.8258357048034668,0.646541178226471,0.2662740647792816,200000,30000,179.33335099951364,135.1182460784912,267.18701171875
3171,16.51996612548828,0.8247582316398621,0.6379068493843079,0.26295948028564453,200000,30000,172.4869290010247,126.88946723937988,267.18701171875
3172,16.409027576446533,0.8207404017448425,0.6348492503166199,0.2639857530593872,200000,30000,172.34004599959007,127.07853317260742,267.18701171875
3173,16.353341341018677,0.8207135200500488,0.6302894353866577,0.2593632638454437,200000,30000,182.09019800269743,132.83348083496094,267.18701171875
3174,16.393437385559082,0.8223089575767517,0.6339167356491089,0.2651229500770569,200000,30000,188.03982900135452,135.65587997436523,267.18701171875
3175,16.29903793334961,0.8166767954826355,0.6462918519973755,0.26179176568984985,200000,30000,174.5255010027904,128.220796585083,267.18701171875
3176,16.198203563690186,0.8128682971000671,0.648693859577179,0.2578014135360718,200000,30000,177.21331299981102,129.06885147094727,267.18701171875
3177,16.117182970046997,0.8096913695335388,0.648513913154602,0.2376965582370758,200000,30000,174.46050500075216,126.20878219604492,267.18701171875
3178,16.128666400909424,0.8068960905075073,0.655329167842865,0.251021146774292,200000,30000,174.32342100073583,126.60646438598633,267.18701171875
3179,16.001510620117188,0.8021528124809265,0.661413311958313,0.25371572375297546,200000,30000,177.688087002025,126.77288055419922,267.18701171875
3180,16.05534791946411,0.8023550510406494,0.6620302200317383,0.2656894624233246,200000,30000,174.842283999169,128.2203197479248,267.18701171875
3181,16.004173755645752,0.8009144067764282,0.6592430472373962,0.2657884955406189,200000,30000,183.2721320024575,131.20651245117188,267.18701171875
3182,15.99153757095337,0.7982194423675537,0.6662968397140503,0.2587547302246094,200000,30000,178.7104279974301,127.87771224975586,267.18701171875
3183,16.049312353134155,0.8013217449188232,0.6504067182540894,0.2517549693584442,200000,30000,175.5202759995882,126.89566612243652,267.18701171875
3184,16.020925045013428,0.8004245758056641,0.6561100482940674,0.24981065094470978,200000,30000,177.92128500150284,129.56762313842773,267.18701171875
3185,16.079089641571045,0.8008331060409546,0.6569726467132568,0.2456497848033905,200000,30000,175.12513999827206,127.24757194519043,267.18701171875
3186,16.168030500411987,0.804447591304779,0.6542694568634033,0.24387864768505096,200000,30000,176.16296999767656,126.12533569335938,267.18701171875
3187,16.172759532928467,0.804599404335022,0.658608078956604,0.24814051389694214,200000,30000,174.6610519985552,126.6326904296875,267.18701171875
3188,16.18444323539734,0.8084415197372437,0.6535220146179199,0.24009551107883453,200000,30000,177.0235350013536,127.91585922241211,267.18701171875
3189,16.267833709716797,0.812543511390686,0.6519394516944885,0.23142319917678833,200000,30000,182.75283099865192,132.35855102539062,267.18701171875
3190,16.28039240837097,0.8122859001159668,0.6497347950935364,0.23180559277534485,200000,30000,187.4759400016046,129.45222854614258,267.18701171875
3191,16.300840377807617,0.8122676610946655,0.6442850232124329,0.2284059226512909,200000,30000,186.99476799883996,133.50796699523926,267.18701171875
3192,16.35923981666565,0.8152636885643005,0.6521109342575073,0.24245619773864746,200000,30000,208.96808500037878,139.1305923461914,267.18701171875
3193,16.39814257621765,0.8162022829055786,0.6485708355903625,0.25388795137405396,200000,30000,180.3066280008352,132.22599029541016,267.18701171875
3194,16.429373025894165,0.8166415095329285,0.6412897706031799,0.22609484195709229,200000,30000,175.7856010008254,126.99174880981445,267.18701171875
3195,16.435160636901855,0.8187028765678406,0.6451973915100098,0.22257405519485474,200000,30000,174.30050799885066,126.85632705688477,267.18701171875
3196,16.575592756271362,0.8235435485839844,0.630307674407959,0.2391611933708191,200000,30000,173.09517499961657,126.65724754333496,267.18701171875
3197,16.45609736442566,0.8221828937530518,0.6343877911567688,0.2243845909833908,200000,30000,171.1658560016076,125.67734718322754,267.18701171875
3198,16.441991329193115,0.8218954801559448,0.6315523386001587,0.21001550555229187,200000,30000,175.30534400066244,127.69031524658203,267.18701171875
3199,16.616058349609375,0.8271527290344238,0.6246504783630371,0.21147851645946503,200000,30000,171.60664800030645,125.4112720489502,267.18701171875
3200,16.656595468521118,0.8294240832328796,0.6147900819778442,0.21551594138145447,193911,30000,178.12194600264775,125.40984153747559,267.18701171875
3201,16.649513244628906,0.8291784524917603,0.6050984263420105,0.20709861814975739,194495,30000,182.4299299987615,127.27642059326172,267.18701171875
3202,16.904855966567993,0.839928150177002,0.5898870229721069,0.2029271274805069,195077,30000,180.45376500231214,127.21681594848633,267.18701171875
3203,17.083444595336914,0.8471118807792664,0.5832098722457886,0.19371093809604645,195476,30000,179.225978001341,124.90081787109375,267.18701171875
3204,17.180896997451782,0.8518532514572144,0.5743816494941711,0.1850702464580536,195789,30000,177.0981900008337,127.04920768737793,267.18701171875
3205,17.110730409622192,0.8486034274101257,0.56748366355896,0.19352871179580688,196145,30000,175.80312000063714,126.84893608093262,267.18701171875
3206,17.090253829956055,0.849765956401825,0.5678244829177856,0.1921185553073883,196553,30000,175.733523999952,124.5734691619873,267.18701171875
3207,17.086845636367798,0.8485546112060547,0.5704208612442017,0.18470606207847595,196954,30000,183.9545309994719,124.99308586120605,267.18701171875
3208,16.9717538356781,0.8449269533157349,0.5679922103881836,0.19052961468696594,197314,30000,182.57839500074624,127.67291069030762,267.18701171875
3209,17.18546748161316,0.8524783849716187,0.5696843266487122,0.20655499398708344,197674,30000,185.87486399701447,126.78718566894531,267.18701171875
3210,17.339675426483154,0.8592444658279419,0.5510706901550293,0.19242994487285614,198039,30000,175.99654999867198,125.47874450683594,267.18701171875
3211,17.450425624847412,0.8619245886802673,0.5450897812843323,0.1862819641828537,198398,30000,180.03067600147915,127.50411033630371,267.18701171875
3212,17.0954167842865,0.8520776629447937,0.5523979663848877,0.1774376779794693,198749,30000,181.60484400141286,128.20672988891602,267.18701171875
3213,17.487263679504395,0.8632642030715942,0.5554923415184021,0.19301988184452057,199085,30000,178.86248200011323,125.4739761352539,267.18701171875
3214,17.58617401123047,0.8677268028259277,0.5496594309806824,0.17974834144115448,199420,30000,182.53618699964136,128.4170150756836,267.18701171875
3215,17.411094903945923,0.8613853454589844,0.5437201857566833,0.18260307610034943,199744,30000,183.93302999902517,126.53875350952148,267.18701171875
3216,17.381227016448975,0.8602582216262817,0.5531784296035767,0.20181208848953247,199995,30000,406.55277499899967,126.04999542236328,267.18701171875
3217,17.278529405593872,0.8589383959770203,0.5426596999168396,0.21101950109004974,200000,30000,173.5605020003277,124.9997615814209,267.18701171875
3218,17.533971071243286,0.867390513420105,0.5456018447875977,0.1995335966348648,200000,30000,170.6281830010994,124.73130226135254,267.18701171875
3219,17.430683374404907,0.8634158372879028,0.5486478209495544,0.20360583066940308,200000,30000,172.61497800063808,128.60894203186035,267.18701171875
3220,17.11459994316101,0.8542718291282654,0.5468654632568359,0.20292139053344727,200000,30000,174.77133300053538,126.04045867919922,267.18701171875
3221,16.841789484024048,0.8463159799575806,0.5688427090644836,0.19480761885643005,200000,30000,174.02062200198998,127.82526016235352,267.18701171875
3222,16.96139693260193,0.8494124412536621,0.5671778917312622,0.19468049705028534,200000,30000,175.87548599840375,129.5309066772461,267.18701171875
3223,16.691725254058838,0.8394056558609009,0.5752195715904236,0.20344862341880798,200000,30000,175.88318799971603,130.34653663635254,267.18701171875
3224,16.611531972885132,0.8359825015068054,0.5828108191490173,0.2181958705186844,200000,30000,177.5131379981758,127.3190975189209,267.18701171875
3225,16.410057544708252,0.8267609477043152,0.5859259963035583,0.23193399608135223,200000,30000,172.03363600128796,127.38609313964844,267.18701171875
3226,16.20628833770752,0.8179340362548828,0.5879135727882385,0.23081201314926147,200000,30000,175.4019479994895,126.62625312805176,267.18701171875
3227,15.814327001571655,0.7996498942375183,0.6068410873413086,0.24351705610752106,200000,30000,174.24572600066313,126.129150390625,267.18701171875
3228,15.708017349243164,0.7959243059158325,0.6141253113746643,0.25102367997169495,200000,30000,180.13701399831916,125.42271614074707,267.18701171875
3229,15.659129619598389,0.7931501269340515,0.610950767993927,0.2506968677043915,200000,30000,175.24249600319308,125.09632110595703,267.18701171875
3230,15.415959358215332,0.7826840281486511,0.6341273784637451,0.25006985664367676,200000,30000,183.5687519997009,130.29932975769043,267.18701171875
3231,15.604020357131958,0.7893857955932617,0.6287432909011841,0.2629484534263611,200000,30000,174.187267999514,127.68173217773438,267.18701171875
3232,15.827242136001587,0.7968463897705078,0.633697509765625,0.28916826844215393,200000,30000,175.6286749987339,128.60846519470215,267.18701171875
3233,15.788798332214355,0.796173095703125,0.6428097486495972,0.26838329434394836,200000,30000,176.01846499746898,128.16810607910156,267.18701171875
3234,15.807535648345947,0.7967996597290039,0.6549391746520996,0.27762582898139954,200000,30000,174.54216799887945,127.08353996276855,267.18701171875
3235,15.961261987686157,0.80220627784729,0.642551600933075,0.2715630829334259,200000,30000,173.61698999957298,127.5331974029541,267.18701171875
3236,16.05773091316223,0.8034424781799316,0.640023410320282,0.2819298207759857,200000,30000,173.84234400014975,128.40509414672852,267.18701171875
3237,15.925238132476807,0.7936791181564331,0.6501322388648987,0.2824588119983673,200000,30000,176.90724200292607,128.63564491271973,267.18701171875
3238,16.001394987106323,0.7939283847808838,0.6501445770263672,0.31034496426582336,200000,30000,177.7600679997704,128.5254955291748,267.18701171875
3239,16.07339382171631,0.797086238861084,0.6420640349388123,0.29744458198547363,200000,30000,172.62936500264914,127.05302238464355,267.18701171875
3240,15.972031354904175,0.7837950587272644,0.6312552094459534,0.3014852702617645,200000,30000,172.3513390024891,124.22347068786621,267.18701171875
3241,15.622023344039917,0.7608420252799988,0.6395276784896851,0.3216051459312439,200000,30000,177.39774499932537,127.2134780883789,267.18701171875
3242,15.363287925720215,0.7490328550338745,0.6750280261039734,0.32408449053764343,200000,30000,175.5737829989812,126.4033317565918,267.18701171875
3243,15.492477416992188,0.7545629739761353,0.671711802482605,0.3543250560760498,200000,30000,172.9153270025563,128.0076503753662,267.18701171875
3244,15.49903392791748,0.7559191584587097,0.6729565262794495,0.33229130506515503,200000,30000,178.7957689994073,126.80673599243164,267.18701171875
3245,15.478540658950806,0.7510671615600586,0.6832662224769592,0.35290786623954773,200000,30000,176.9986899998912,129.3928623199463,267.18701171875
3246,15.687047243118286,0.7629822492599487,0.6821655035018921,0.3444986343383789,200000,30000,171.7340499999409,125.78463554382324,267.18701171875
3247,15.834540128707886,0.7731298208236694,0.6844366788864136,0.3305851221084595,200000,30000,179.5985409989953,127.46238708496094,267.18701171875
3248,15.81555962562561,0.7698383331298828,0.6731052994728088,0.3160523474216461,200000,30000,173.6101009992126,126.19447708129883,267.18701171875
3249,15.845367908477783,0.763133704662323,0.6814221143722534,0.3347456157207489,200000,30000,177.51731899988954,129.48107719421387,267.18701171875
3250,16.01537823677063,0.7775392532348633,0.6758227348327637,0.34698235988616943,200000,30000,176.69314700106042,126.37710571289062,267.18701171875
3251,16.104321479797363,0.7820717096328735,0.6686311960220337,0.31474143266677856,200000,30000,176.82134899951052,130.22446632385254,267.18701171875
3252,15.956031084060669,0.7678067088127136,0.6734413504600525,0.33679184317588806,200000,30000,174.46030499922927,127.60376930236816,267.18701171875
3253,16.264976263046265,0.7849375605583191,0.655186653137207,0.33852618932724,200000,30000,183.77799999871058,128.24583053588867,267.18701171875
3254,16.225929260253906,0.7928764224052429,0.6785618662834167,0.3043079376220703,200000,30000,177.62100000254577,126.1446475982666,267.18701171875
3255,16.36760115623474,0.7964389324188232,0.6754217743873596,0.3095878064632416,200000,30000,179.17807299818378,126.81126594543457,267.18701171875
3256,16.425732374191284,0.7987240552902222,0.6635127067565918,0.33476999402046204,200000,30000,172.03779299961752,126.43647193908691,267.18701171875
3257,16.541669368743896,0.8061903715133667,0.6649446487426758,0.30651816725730896,200000,30000,178.56234699866036,127.03657150268555,267.18701171875
3258,16.702289581298828,0.8100099563598633,0.6625761985778809,0.3204425275325775,200000,30000,176.56379899926833,128.4928321838379,267.18701171875
3259,16.743243932724,0.8107945919036865,0.6515873670578003,0.2871866226196289,200000,30000,173.24085800282774,126.4348030090332,267.18701171875
3260,16.868062019348145,0.81755131483078,0.6426532864570618,0.30300113558769226,200000,30000,181.97463199976482,132.66944885253906,267.18701171875
3261,16.982372999191284,0.8225328326225281,0.6383834481239319,0.29059627652168274,200000,30000,184.24999800117803,133.1331729888916,267.18701171875
3262,16.933428049087524,0.8213715553283691,0.640675961971283,0.279677152633667,200000,30000,180.23200999959954,127.98905372619629,267.18701171875
3263,17.049431800842285,0.8249527812004089,0.643867015838623,0.2782232463359833,200000,30000,181.321942996874,128.98993492126465,267.18701171875
3264,17.07140326499939,0.8288618922233582,0.6291180849075317,0.2714305818080902,200000,30000,174.27332399893203,126.01709365844727,267.18701171875
3265,17.147868871688843,0.8319019079208374,0.6239119172096252,0.2855050265789032,200000,30000,174.81648800094263,125.26226043701172,267.18701171875
3266,17.14816689491272,0.8346353769302368,0.6311633586883545,0.2523278594017029,200000,30000,178.360045003501,125.88262557983398,267.18701171875
3267,17.334845066070557,0.8415405750274658,0.6084215641021729,0.2801509499549866,200000,30000,180.07910400046967,127.01034545898438,267.18701171875
3268,17.24634885787964,0.8421265482902527,0.6080095767974854,0.24797038733959198,200000,30000,179.10421899796347,129.4252872467041,267.18701171875
3269,17.234408855438232,0.8434082269668579,0.6165847778320312,0.2677794098854065,200000,30000,174.15734400128713,127.25472450256348,267.18701171875
3270,17.195202112197876,0.8426443934440613,0.6188884377479553,0.26064154505729675,200000,30000,173.14795299898833,126.79123878479004,267.18701171875
3271,17.360880374908447,0.8509345054626465,0.6044809818267822,0.26067298650741577,200000,30000,180.3410709981108,129.06670570373535,267.18701171875
3272,17.261322736740112,0.8500174283981323,0.6167632341384888,0.23199617862701416,200000,30000,173.08779200175195,125.97417831420898,267.18701171875
3273,17.422713041305542,0.8555264472961426,0.6124473214149475,0.24032947421073914,200000,30000,173.4632949992374,125.6718635559082,267.18701171875
3274,17.547115087509155,0.8584849238395691,0.6064876317977905,0.2282404899597168,200000,30000,176.51090000072145,126.07717514038086,267.18701171875
3275,17.398961782455444,0.8565496206283569,0.6062976717948914,0.21540053188800812,200000,30000,176.85547900327947,129.10985946655273,267.18701171875
3276,17.579511404037476,0.859981894493103,0.6086819767951965,0.2493445724248886,200000,30000,172.38992099737516,125.96487998962402,267.18701171875
3277,17.65404224395752,0.8638092279434204,0.5942916870117188,0.2148311585187912,200000,30000,170.32289000053424,126.17874145507812,267.18701171875
3278,17.46524453163147,0.8578808307647705,0.5971189141273499,0.23249012231826782,200000,30000,172.68274199886946,124.7563362121582,267.18701171875
3279,17.556153535842896,0.8633809089660645,0.6048532724380493,0.20961955189704895,200000,30000,174.08709099981934,126.62529945373535,267.18701171875
3280,17.561765909194946,0.8633305430412292,0.5989081859588623,0.20268796384334564,200000,30000,175.41435199746047,128.22270393371582,267.18701171875
3281,17.672264575958252,0.8666185140609741,0.5829010009765625,0.21904678642749786,200000,30000,173.45179799667676,126.3895034790039,267.18701171875
3282,17.54045844078064,0.8624728918075562,0.5968931317329407,0.21769525110721588,200000,30000,175.1055439999618,126.14178657531738,267.18701171875
3283,17.347586154937744,0.8571702241897583,0.6031136512756348,0.2137708216905594,200000,30000,174.41946500184713,127.78544425964355,267.18701171875
3284,17.44380474090576,0.8607044219970703,0.5963475704193115,0.21234585344791412,200000,30000,173.50193700258387,126.12247467041016,267.18701171875
3285,17.39711046218872,0.8595184683799744,0.6115409135818481,0.21725685894489288,200000,30000,174.06718699930934,127.83646583557129,267.18701171875
3286,17.43982195854187,0.8610892295837402,0.6145013570785522,0.21360115706920624,200000,30000,174.23701300140237,126.23977661132812,267.18701171875
3287,17.598953247070312,0.8663427829742432,0.5942473411560059,0.21515357494354248,200000,30000,175.25858400040306,127.4714469909668,267.18701171875
3288,17.08951234817505,0.851082444190979,0.6161588430404663,0.22008049488067627,200000,30000,175.25696500160848,128.05533409118652,267.18701171875
3289,17.114508152008057,0.8512508273124695,0.6248682737350464,0.21781857311725616,200000,30000,174.22775600061868,127.2897720336914,267.18701171875
3290,17.20424771308899,0.8542181253433228,0.6204607486724854,0.22416646778583527,200000,30000,174.0873119997559,125.80537796020508,267.18701171875
3291,17.231374979019165,0.8560788631439209,0.6232404112815857,0.21902698278427124,200000,30000,179.79490799916675,133.15939903259277,267.18701171875
3292,17.22650647163391,0.8562375903129578,0.631442666053772,0.22249667346477509,200000,30000,175.71249899992836,128.56554985046387,267.18701171875
3293,17.354151010513306,0.8610455393791199,0.6145965456962585,0.21316106617450714,200000,30000,171.70972900203196,126.59573554992676,267.18701171875
3294,17.19590425491333,0.8567887544631958,0.6224897503852844,0.21017999947071075,200000,30000,179.54493800061755,126.45959854125977,267.18701171875
3295,17.284268140792847,0.8594943284988403,0.6392549872398376,0.2050684094429016,200000,30000,174.88470200260053,125.9148120880127,267.18701171875
3296,17.49833345413208,0.8686800003051758,0.6138776540756226,0.1982434242963791,200000,30000,176.14255999797024,125.53668022155762,267.18701171875
3297,16.96614980697632,0.8535388708114624,0.6309809684753418,0.19257962703704834,200000,30000,180.11199300235603,126.25336647033691,267.18701171875
3298,17.173326015472412,0.8604830503463745,0.6274897456169128,0.19140297174453735,200000,30000,175.8965269982582,125.25439262390137,267.18701171875
3299,17.310612201690674,0.8670120239257812,0.6111815571784973,0.1812853068113327,200000,30000,175.6755679998605,126.04355812072754,267.18701171875
3300,17.167106866836548,0.8621879816055298,0.6245151162147522,0.18902291357517242,196470,30000,178.00257899943972,125.46420097351074,267.18701171875
3301,17.175023555755615,0.8468660116195679,0.6209041476249695,0.18326126039028168,197032,30000,178.7563939979009,127.7320384979248,267.18701171875
3302,17.77503728866577,0.8720269203186035,0.6014643907546997,0.18397261202335358,197617,30000,175.85724700256833,124.87959861755371,267.18701171875
3303,17.83616304397583,0.8769793510437012,0.6035666465759277,0.17484530806541443,197986,30000,175.88431499825674,125.10037422180176,267.18701171875
3304,18.014456033706665,0.8853214979171753,0.6064609885215759,0.16277745366096497,198286,30000,178.84496400074568,126.11985206604004,267.18701171875
3305,18.190438747406006,0.8897604942321777,0.6003016233444214,0.14798662066459656,198630,30000,177.5189270010742,126.05881690979004,267.18701171875
3306,18.553462028503418,0.8952657580375671,0.5958144664764404,0.16353817284107208,199033,30000,180.99045700000715,126.3725757598877,267.18701171875
3307,18.40388059616089,0.893701434135437,0.585271954536438,0.1466144323348999,199429,30000,176.92562299998826,127.17771530151367,267.18701171875
3308,18.48738670349121,0.8978183269500732,0.5812240839004517,0.1406949758529663,199796,30000,183.4385719994316,127.27975845336914,267.18701171875
3309,18.274216651916504,0.8923535346984863,0.5813095569610596,0.14532425999641418,199992,30000,176.61334500007797,126.8148422241211,267.18701171875
3310,18.50082039833069,0.9006567001342773,0.5785103440284729,0.14640429615974426,199999,30000,174.52850999688962,127.46429443359375,267.18701171875
3311,18.550496101379395,0.9016291499137878,0.5731943845748901,0.14510802924633026,200000,30000,176.35026399875642,128.36861610412598,267.18701171875
3312,18.720624446868896,0.9059588313102722,0.5580504536628723,0.1390039324760437,200000,30000,179.23444200278027,130.86247444152832,267.18701171875
3313,18.810958862304688,0.9061111211776733,0.5490105152130127,0.1369381695985794,200000,30000,173.05934199976036,125.96631050109863,267.18701171875
3314,18.90453338623047,0.9087461829185486,0.5556412935256958,0.13072673976421356,200000,30000,176.0590140002023,127.20966339111328,267.18701171875
3315,18.89818787574768,0.9084345698356628,0.5657410025596619,0.12914323806762695,200000,30000,187.00534399977187,137.84456253051758,267.18701171875
3316,18.89767050743103,0.9098974466323853,0.5697363018989563,0.12244506180286407,200000,30000,172.57533199881436,126.61123275756836,267.18701171875
3317,18.61995816230774,0.9057512283325195,0.5763417482376099,0.12183057516813278,200000,30000,176.80210799881024,130.3107738494873,267.18701171875
3318,18.755656480789185,0.9087057113647461,0.5637620091438293,0.11285993456840515,200000,30000,169.8199909988034,124.69959259033203,267.18701171875
3319,18.76699209213257,0.9092020392417908,0.5580765008926392,0.11811739206314087,200000,30000,173.17617899971083,125.40578842163086,267.18701171875
3320,18.731602430343628,0.9100116491317749,0.5711919069290161,0.10501199215650558,200000,30000,173.202524001681,126.35374069213867,267.18701171875
3321,19.000858068466187,0.914116382598877,0.5518388748168945,0.10456573963165283,200000,30000,172.6460100035183,125.88977813720703,267.18701171875
3322,18.686121702194214,0.9098529815673828,0.5646297335624695,0.10726132243871689,200000,30000,170.53031500108773,125.66184997558594,267.18701171875
3323,18.74886989593506,0.912391185760498,0.5703974962234497,0.09748394787311554,200000,30000,179.4826869991084,128.80754470825195,267.18701171875
3324,19.02001142501831,0.9169544577598572,0.5620289444923401,0.09869196265935898,200000,30000,173.7669129979622,125.91886520385742,267.18701171875
3325,18.947994709014893,0.9161313772201538,0.5601725578308105,0.09876735508441925,200000,30000,173.99849100183928,126.2826919555664,267.18701171875
3326,18.829493522644043,0.9156452417373657,0.5661917924880981,0.09220843017101288,200000,30000,173.23614400083898,127.01654434204102,267.18701171875
3327,18.233531713485718,0.906589686870575,0.5701225996017456,0.0887363851070404,200000,30000,172.98637699786923,126.1129379272461,267.18701171875
3328,18.477866649627686,0.9111751914024353,0.5690381526947021,0.08827610313892365,200000,30000,171.77584800083423,125.96297264099121,267.18701171875
3329,18.56844663619995,0.9134151339530945,0.5646508932113647,0.08411725610494614,200000,30000,172.40950300038094,126.65414810180664,267.18701171875
3330,18.748507499694824,0.9166135787963867,0.5578804016113281,0.0831555649638176,200000,30000,170.72700200151303,124.45878982543945,267.18701171875
3331,19.052008390426636,0.9229828715324402,0.5452796220779419,0.08270055055618286,200000,30000,172.24762099795043,124.37772750854492,267.18701171875
3332,19.15053129196167,0.9244382381439209,0.5392053127288818,0.07829589396715164,200000,30000,173.6376709995966,127.05349922180176,267.18701171875
3333,19.230129718780518,0.9262073040008545,0.5277504920959473,0.07776902616024017,200000,30000,172.65183099880232,125.58150291442871,267.18701171875
3334,19.426454305648804,0.9295313358306885,0.524070143699646,0.07916701585054398,200000,30000,175.8932230004575,126.23357772827148,267.18701171875
3335,19.489256143569946,0.9309183955192566,0.5193844437599182,0.0747702568769455,200000,30000,174.58214999714983,127.69651412963867,267.18701171875
3336,19.487943649291992,0.9303178191184998,0.5142136216163635,0.07378730177879333,200000,30000,174.5170699978189,126.53899192810059,267.18701171875
3337,19.553030729293823,0.931999683380127,0.5170890688896179,0.07551674544811249,200000,30000,173.2908679987304,126.06096267700195,267.18701171875
3338,19.679880142211914,0.9334313869476318,0.5067598819732666,0.07402140647172928,200000,30000,174.92773699996178,126.1284351348877,267.18701171875
3339,19.616111516952515,0.9317600131034851,0.5083496570587158,0.07228979468345642,200000,30000,170.59697700096876,126.1911392211914,267.18701171875
3340,19.66677188873291,0.932621955871582,0.5141610503196716,0.07591500878334045,200000,30000,170.49755500192987,125.61583518981934,267.18701171875
3341,19.865365028381348,0.9354770183563232,0.5029095411300659,0.07255128771066666,200000,30000,175.53335400225478,127.77304649353027,267.18701171875
3342,19.848105907440186,0.9344885349273682,0.5049386024475098,0.07249684631824493,200000,30000,174.18206599904806,127.3200511932373,267.18701171875
3343,19.922672510147095,0.9362795352935791,0.5005927681922913,0.07446550577878952,200000,30000,173.6828159992001,125.152587890625,267.18701171875
3344,19.289486408233643,0.9235905408859253,0.5094014406204224,0.07541153579950333,200000,30000,180.0693549994321,127.55608558654785,267.18701171875
3345,19.757708311080933,0.9306827783584595,0.5037100911140442,0.07064000517129898,200000,30000,174.63367199889035,126.85060501098633,267.18701171875
3346,19.74385142326355,0.9304214715957642,0.5073304176330566,0.07420181483030319,200000,30000,182.45638000007602,129.12869453430176,267.18701171875
3347,20.00101089477539,0.9366463422775269,0.5077490210533142,0.0724547877907753,200000,30000,171.90990899689496,126.41763687133789,267.18701171875
3348,19.923148155212402,0.9363770484924316,0.5001035332679749,0.06938488036394119,200000,30000,175.32554599893047,128.36503982543945,267.18701171875
3349,20.057227611541748,0.938217043876648,0.5040940046310425,0.07354215532541275,200000,30000,174.21518899936927,126.02686882019043,267.18701171875
3350,19.922510385513306,0.9377962946891785,0.5023184418678284,0.0730707049369812,200000,30000,176.74771000019973,127.64883041381836,267.18701171875
3351,19.65080738067627,0.9347891211509705,0.49927449226379395,0.06845174729824066,200000,30000,170.73895599969546,125.88787078857422,267.18701171875
3352,19.55932378768921,0.9333531856536865,0.4992109537124634,0.06685121357440948,200000,30000,181.42953799906536,128.06463241577148,267.18701171875
3353,19.803136587142944,0.9372808337211609,0.5011781454086304,0.06755360215902328,200000,30000,179.89739300173824,130.4948329925537,267.18701171875
3354,19.91492748260498,0.9385925531387329,0.49615001678466797,0.06601893901824951,200000,30000,177.8757610009052,128.9052963256836,267.18701171875
3355,20.06028652191162,0.9402610659599304,0.4897846281528473,0.066675566136837,200000,30000,178.61716299739783,129.81772422790527,267.18701171875
3356,19.110167026519775,0.9286131858825684,0.48817145824432373,0.06807290762662888,200000,30000,178.59510899870656,128.4809112548828,267.18701171875
3357,19.147826433181763,0.9297345876693726,0.4839264452457428,0.06739148497581482,200000,30000,179.83611299860058,130.28264045715332,267.18701171875
3358,19.267613887786865,0.9319230914115906,0.48090583086013794,0.0673404112458229,200000,30000,180.490570000984,131.51979446411133,267.18701171875
3359,20.326061248779297,0.9448550939559937,0.47939532995224,0.06809435784816742,200000,30000,189.42816599883372,131.73627853393555,267.18701171875
3360,20.35619020462036,0.9451772570610046,0.47436589002609253,0.06636249274015427,200000,30000,181.7624600007548,131.2570571899414,267.18701171875
3361,20.400333404541016,0.9457356929779053,0.4668036997318268,0.06623276323080063,200000,30000,185.29099700026563,129.0147304534912,267.18701171875
3362,20.115201473236084,0.9422403573989868,0.48711085319519043,0.06978292763233185,200000,30000,178.73580100058462,130.39565086364746,267.18701171875
3363,20.2604079246521,0.9439467191696167,0.48003479838371277,0.07018221169710159,200000,30000,180.30100499890978,127.23922729492188,267.18701171875
3364,19.485526084899902,0.9337155818939209,0.48000603914260864,0.06730645149946213,200000,30000,183.36989599993103,127.73275375366211,267.18701171875
3365,20.255203247070312,0.9438875913619995,0.4817087948322296,0.06862323731184006,200000,30000,176.07173199940007,125.39196014404297,267.18701171875
3366,19.620299339294434,0.9368047118186951,0.4835488498210907,0.06762058287858963,200000,30000,182.0966960003716,126.94191932678223,267.18701171875
3367,19.75536584854126,0.9382470846176147,0.47619175910949707,0.06545156985521317,200000,30000,172.3732039972674,126.53493881225586,267.18701171875
3368,19.87048864364624,0.9398651123046875,0.48270735144615173,0.06851118057966232,200000,30000,176.636641001096,128.85713577270508,267.18701171875
3369,19.80571985244751,0.9390507936477661,0.4772360324859619,0.06812480837106705,200000,30000,175.57341100109625,127.44307518005371,267.18701171875
3370,20.34376859664917,0.9448807239532471,0.46896857023239136,0.06817205250263214,200000,30000,170.09838900048635,125.38027763366699,267.18701171875
3371,20.07347583770752,0.9416384100914001,0.46932265162467957,0.06845123320817947,200000,30000,171.56858800080954,125.51641464233398,267.18701171875
3372,19.951844215393066,0.9386774301528931,0.4577670991420746,0.06517574191093445,200000,30000,179.04570599785075,126.69706344604492,267.18701171875
3373,19.855462312698364,0.9389350414276123,0.47024640440940857,0.06271419674158096,200000,30000,182.05243699776474,125.4587173461914,267.18701171875
3374,20.42874813079834,0.9468955993652344,0.4575033187866211,0.0634407177567482,200000,30000,173.12084100194625,126.09338760375977,267.18701171875
3375,20.427250862121582,0.9470319151878357,0.46420803666114807,0.06153123453259468,200000,30000,174.52834099822212,128.33714485168457,267.18701171875
3376,20.39935827255249,0.9474716186523438,0.46762189269065857,0.05810302495956421,200000,30000,175.31121899810387,128.9987564086914,267.18701171875
3377,20.31191110610962,0.9463722705841064,0.46111470460891724,0.05893734470009804,200000,30000,171.34509699826594,125.34427642822266,267.18701171875
3378,20.480494499206543,0.9487661123275757,0.45738688111305237,0.05912000313401222,200000,30000,168.4853339975234,124.74322319030762,267.18701171875
3379,20.56267499923706,0.9499453902244568,0.45720937848091125,0.05539941415190697,200000,30000,173.65535499993712,125.5500316619873,267.18701171875
3380,20.300931930541992,0.9461988210678101,0.45845678448677063,0.0582987442612648,200000,30000,187.77473899899633,127.68936157226562,267.18701171875
3381,20.535907745361328,0.9495928287506104,0.446338027715683,0.057806916534900665,200000,30000,177.12713700166205,129.78291511535645,267.18701171875
3382,20.2067232131958,0.9423632621765137,0.45051631331443787,0.05979795381426811,200000,30000,174.00052599987248,126.81174278259277,267.18701171875
3383,20.373623371124268,0.9481727480888367,0.4463673233985901,0.059920020401477814,200000,30000,190.7239819993265,140.21730422973633,267.18701171875
3384,20.515265464782715,0.9493229389190674,0.44780004024505615,0.05893360450863838,200000,30000,184.36197099799756,125.98705291748047,267.18701171875
3385,20.219664573669434,0.9457096457481384,0.4569703936576843,0.05934080109000206,200000,30000,170.25820499839028,126.97386741638184,267.18701171875
3386,20.292749404907227,0.9463478922843933,0.4549875855445862,0.06002222001552582,200000,30000,174.65674900086015,129.838228225708,267.18701171875
3387,20.023043155670166,0.9415416121482849,0.45320308208465576,0.06194651499390602,200000,30000,170.5861129994446,125.7333755493164,267.18701171875
3388,20.267770290374756,0.9454227685928345,0.45267993211746216,0.061280179768800735,200000,30000,174.82427999857464,126.72805786132812,267.18701171875
3389,20.409533977508545,0.9477506875991821,0.44558608531951904,0.06149350479245186,200000,30000,177.7220540025155,126.60717964172363,267.18701171875
3390,20.299854278564453,0.9460975527763367,0.4375590980052948,0.06163131818175316,200000,30000,177.20510400249623,128.9989948272705,267.18701171875
3391,19.95293140411377,0.9395195841789246,0.4386172890663147,0.06568209826946259,200000,30000,176.5342540020356,125.79178810119629,267.18701171875
3392,20.076956748962402,0.9426820278167725,0.4452018439769745,0.06584476679563522,200000,30000,179.1355339992151,128.15523147583008,267.18701171875
3393,20.079150199890137,0.942764163017273,0.4471452236175537,0.06551241129636765,200000,30000,177.89803900086554,128.07893753051758,267.18701171875
3394,20.132317543029785,0.9437170028686523,0.444867879152298,0.06731545925140381,200000,30000,176.71799799791188,127.20227241516113,267.18701171875
3395,20.18162965774536,0.9445545673370361,0.4387247562408447,0.06490518897771835,200000,30000,171.24770899681607,125.66375732421875,267.18701171875
3396,20.230154991149902,0.9456882476806641,0.43973609805107117,0.06562963873147964,200000,30000,173.9430870002252,127.28595733642578,267.18701171875
3397,20.23545742034912,0.9457194805145264,0.43549731373786926,0.06720871478319168,200000,30000,174.11209700003383,128.94058227539062,267.18701171875
3398,20.26097059249878,0.9457933902740479,0.44718867540359497,0.06570110470056534,200000,30000,170.45547799716587,125.54144859313965,267.18701171875
3399,20.240473747253418,0.9457869529724121,0.45077842473983765,0.06442523747682571,200000,30000,170.27355900063412,125.54645538330078,267.18701171875
3400,20.361998081207275,0.9478282332420349,0.4445367455482483,0.06469893455505371,188860,30000,185.09255099706934,128.08632850646973,267.18701171875
3401,19.006627798080444,0.9346594214439392,0.4525964856147766,0.13209222257137299,189427,30000,180.2664869974251,126.5716552734375,267.18701171875
3402,19.755595922470093,0.9395920634269714,0.448453426361084,0.12398222088813782,189999,30000,178.70198599848663,125.9000301361084,267.18701171875
3403,19.8601233959198,0.9396744966506958,0.4377400279045105,0.11858227849006653,190425,30000,175.7911040003819,125.86760520935059,267.18701171875
3404,19.886624813079834,0.9396392107009888,0.4253319501876831,0.11190615594387054,190760,30000,175.52003700257046,127.06184387207031,267.18701171875
3405,20.15556573867798,0.9440595507621765,0.41797199845314026,0.10472229868173599,191130,30000,177.018122998561,127.52866744995117,267.18701171875
3406,20.12794256210327,0.9439173936843872,0.4136509895324707,0.09884269535541534,191556,30000,174.2973440013884,123.87728691101074,267.18701171875
3407,19.210190773010254,0.9348360896110535,0.4326770007610321,0.09615755826234818,191982,30000,174.8835180005699,123.68035316467285,267.18701171875
3408,18.712012767791748,0.9279721975326538,0.4431023597717285,0.09090238064527512,192387,30000,175.32910999943851,124.83096122741699,267.18701171875
3409,18.726991415023804,0.9316163063049316,0.4244270920753479,0.08390714228153229,192777,30000,404.9337190008373,125.71525573730469,267.18701171875
3410,18.9932644367218,0.9372571706771851,0.43223080039024353,0.08272865414619446,193191,30000,179.72098699829075,129.16326522827148,267.18701171875
3411,19.158124923706055,0.9395284652709961,0.4348202049732208,0.07690254598855972,193602,30000,176.6855370005942,125.07343292236328,267.18701171875
3412,19.370062351226807,0.943222165107727,0.42847874760627747,0.0706549808382988,194012,30000,175.8918800005631,126.953125,267.18701171875
3413,19.571391344070435,0.9464085102081299,0.423740953207016,0.06915457546710968,194419,30000,181.81488300251658,127.54631042480469,267.18701171875
3414,19.47907567024231,0.9450573325157166,0.427201509475708,0.06585988402366638,194827,30000,178.12134199994034,128.86691093444824,267.18701171875
3415,19.603216648101807,0.9468334913253784,0.42495933175086975,0.06341150403022766,195237,30000,178.10428799930378,126.78647041320801,267.18701171875
3416,19.342955350875854,0.94464111328125,0.43078768253326416,0.062123753130435944,195647,30000,175.81887199776247,125.39529800415039,267.18701171875
3417,19.417812824249268,0.9455873370170593,0.43250662088394165,0.05921877175569534,196053,30000,178.40658800196252,128.18503379821777,267.18701171875
3418,19.57460880279541,0.9478102922439575,0.42683449387550354,0.057345304638147354,196462,30000,178.092418002052,128.0078887939453,267.18701171875
3419,19.503093957901,0.9472662210464478,0.43295347690582275,0.057302456349134445,196871,30000,179.23069699827465,128.7841796875,267.18701171875
3420,19.61091160774231,0.9484809637069702,0.4337736964225769,0.05535176768898964,197280,30000,178.88449000020046,127.7925968170166,267.18701171875
3421,19.687891006469727,0.9496957063674927,0.4242768883705139,0.05574369803071022,197680,30000,178.63964099888108,128.69930267333984,267.18701171875
3422,19.324584007263184,0.9446841478347778,0.42273375391960144,0.058440811932086945,198080,30000,181.41920500056585,128.94678115844727,267.18701171875
3423,19.65938448905945,0.949272096157074,0.4187561273574829,0.056383006274700165,198477,30000,185.98912200104678,131.52050971984863,267.18701171875
3424,19.679733514785767,0.9498199224472046,0.42206820845603943,0.05598639324307442,198870,30000,184.23522599914577,129.8062801361084,267.18701171875
3425,19.68763828277588,0.9492734670639038,0.41220659017562866,0.058212343603372574,199260,30000,182.80682399927173,131.18481636047363,267.18701171875
3426,19.760607481002808,0.9502335786819458,0.41314518451690674,0.05545956268906593,199646,30000,183.33627299944055,130.37109375,267.18701171875
3427,19.55016851425171,0.9476906657218933,0.41936832666397095,0.05330769717693329,199987,30000,187.3950330009393,132.0798397064209,267.18701171875
3428,19.84688401222229,0.9512893557548523,0.3978070318698883,0.05593588203191757,200000,30000,181.0853839997435,130.41377067565918,267.18701171875
3429,19.593149423599243,0.948451042175293,0.4066881537437439,0.053829118609428406,200000,30000,177.78959600036615,129.16064262390137,267.18701171875
3430,19.69697594642639,0.9504783153533936,0.41299760341644287,0.05188198387622833,200000,30000,176.7196690016135,129.3923854827881,267.18701171875
3431,19.882594347000122,0.9525944590568542,0.40514492988586426,0.05365166813135147,200000,30000,179.2116239994357,130.31291961669922,267.18701171875
3432,19.656964540481567,0.9499949812889099,0.4055926203727722,0.050917595624923706,200000,30000,183.57750500217662,130.88440895080566,267.18701171875
3433,19.56840753555298,0.9490972757339478,0.411003053188324,0.04926080256700516,200000,30000,174.91131099814083,128.7825107574463,267.18701171875
3434,19.734456539154053,0.9515146017074585,0.4151011109352112,0.049576617777347565,200000,30000,176.23907099914504,131.1819553375244,267.18701171875
3435,19.795753955841064,0.9522101879119873,0.41543644666671753,0.04752098768949509,200000,30000,177.79332999998587,130.6014060974121,267.18701171875
3436,19.556879997253418,0.9497271776199341,0.40745407342910767,0.04718064144253731,200000,30000,173.9263529998425,129.01687622070312,267.18701171875
3437,19.628626108169556,0.9503768682479858,0.4125692546367645,0.049508288502693176,200000,30000,183.93438899875036,134.99999046325684,267.18701171875
3438,19.485374689102173,0.9482134580612183,0.4110957384109497,0.048724569380283356,200000,30000,178.07431099936366,132.17616081237793,267.18701171875
3439,19.24660086631775,0.9449200630187988,0.4143991768360138,0.0473879836499691,200000,30000,182.56179899981362,130.4006576538086,267.18701171875
3440,19.285752773284912,0.9443807601928711,0.42372530698776245,0.05102233216166496,200000,30000,183.61682699833182,132.53211975097656,267.18701171875
3441,19.35437560081482,0.9451816082000732,0.4284190535545349,0.05058947205543518,200000,30000,177.56776500027627,129.60076332092285,267.18701171875
3442,19.361708164215088,0.9436036944389343,0.4197460114955902,0.049393028020858765,200000,30000,177.15530799978296,129.53758239746094,267.18701171875
3443,19.272812604904175,0.9399716854095459,0.4186626076698303,0.052005961537361145,200000,30000,180.96447800053284,130.45477867126465,267.18701171875
3444,19.385074377059937,0.9418690204620361,0.4147992730140686,0.05262038856744766,200000,30000,180.91956900025252,131.34479522705078,267.18701171875
3445,19.44187045097351,0.9428197741508484,0.40576809644699097,0.05042850598692894,200000,30000,180.79461899833404,130.9378147125244,267.18701171875
3446,19.361016750335693,0.9406929016113281,0.402993381023407,0.05286383628845215,200000,30000,180.59552100021392,130.936861038208,267.18701171875
3447,19.43903923034668,0.9427763819694519,0.3967764973640442,0.05288569629192352,200000,30000,181.1799360002624,130.97906112670898,267.18701171875
3448,19.4233500957489,0.943501353263855,0.39494606852531433,0.05026383325457573,200000,30000,188.42061399845988,130.98716735839844,267.18701171875
3449,19.454009532928467,0.9439600706100464,0.3878542184829712,0.05213579535484314,200000,30000,176.76344600113225,129.23479080200195,267.18701171875
3450,19.590522050857544,0.9463533163070679,0.3846152424812317,0.0512816347181797,200000,30000,176.91157400258817,129.21643257141113,267.18701171875
3451,19.511549472808838,0.9465998411178589,0.3851442337036133,0.04865236207842827,200000,30000,186.86529800106655,134.99855995178223,267.18701171875
3452,19.476393461227417,0.9452527761459351,0.37732845544815063,0.04927186667919159,200000,30000,182.4562279980455,132.27462768554688,267.18701171875
3453,19.632049798965454,0.9478709697723389,0.37440168857574463,0.04980485886335373,200000,30000,180.69767499764566,129.34017181396484,267.18701171875
3454,19.570374488830566,0.9472699165344238,0.3779383897781372,0.04755682498216629,200000,30000,178.90653999711503,129.78601455688477,267.18701171875
3455,19.688236713409424,0.9487217664718628,0.3716447949409485,0.048001255840063095,200000,30000,184.81212400001823,130.19132614135742,267.18701171875
3456,19.599366188049316,0.9488011598587036,0.37682992219924927,0.04796282574534416,200000,30000,178.65880399767775,129.31156158447266,267.18701171875
3457,19.637537002563477,0.9489229917526245,0.3770129978656769,0.04552147537469864,200000,30000,175.3218960002414,129.1813850402832,267.18701171875
3458,19.67450261116028,0.9494571685791016,0.37403732538223267,0.047011762857437134,200000,30000,179.69455999991624,129.22000885009766,267.18701171875
3459,19.753234386444092,0.9505953788757324,0.37107276916503906,0.046600960195064545,200000,30000,180.2540120006597,130.54132461547852,267.18701171875
3460,19.56302285194397,0.9488604068756104,0.3639729619026184,0.046312738209962845,200000,30000,177.19499200029531,129.26125526428223,267.18701171875
3461,19.586392641067505,0.9483460187911987,0.3644915819168091,0.04821106791496277,200000,30000,174.87305899703642,129.17351722717285,267.18701171875
3462,19.6775221824646,0.9497956037521362,0.36070942878723145,0.04819358512759209,200000,30000,175.122675998864,129.6992301940918,267.18701171875
3463,19.45457935333252,0.9467024803161621,0.35003939270973206,0.04851660877466202,200000,30000,174.84666000018478,130.5546760559082,267.18701171875
3464,19.2450749874115,0.942837119102478,0.36829906702041626,0.05391952767968178,200000,30000,176.27727099898038,130.2773952484131,267.18701171875
3465,19.225287437438965,0.9431695342063904,0.3693583607673645,0.05264142155647278,200000,30000,174.0246389999811,129.39119338989258,267.18701171875
3466,19.438176155090332,0.9462766647338867,0.3744054138660431,0.05057790130376816,200000,30000,175.17729200335452,129.46319580078125,267.18701171875
3467,19.488849639892578,0.9468793869018555,0.36392125487327576,0.05291459709405899,200000,30000,179.61491699679755,133.0099105834961,267.18701171875
3468,19.62276816368103,0.9486197829246521,0.3581584095954895,0.05114602670073509,200000,30000,178.8921389997995,131.12688064575195,267.18701171875
3469,19.513938426971436,0.9474831819534302,0.35907092690467834,0.04922742769122124,200000,30000,177.98061000212329,130.59568405151367,267.18701171875
3470,19.66384768486023,0.9489275813102722,0.35060441493988037,0.05052796006202698,200000,30000,176.56892699960736,129.4572353363037,267.18701171875
3471,19.61862802505493,0.9484531283378601,0.3543129563331604,0.04849490150809288,200000,30000,179.40298999747029,130.10764122009277,267.18701171875
3472,19.632457494735718,0.9494492411613464,0.3450939655303955,0.0470319427549839,200000,30000,177.33404899991,129.44340705871582,267.18701171875
3473,19.602806568145752,0.948248565196991,0.3474110960960388,0.04890599474310875,200000,30000,191.68259800062515,129.58216667175293,267.18701171875
3474,19.664909839630127,0.9493286609649658,0.350742369890213,0.04783772677183151,200000,30000,178.9725870003167,131.07657432556152,267.18701171875
3475,19.536921977996826,0.948370099067688,0.3576672673225403,0.04635754972696304,200000,30000,175.77398499997798,129.74858283996582,267.18701171875
3476,19.330410957336426,0.9453047513961792,0.3615528345108032,0.04848959296941757,200000,30000,183.76676600018982,131.2551498413086,267.18701171875
3477,19.34578537940979,0.9451717138290405,0.3707129955291748,0.051964495331048965,200000,30000,179.03013999966788,129.49371337890625,267.18701171875
3478,19.31234121322632,0.9437686204910278,0.3716759979724884,0.05063127353787422,200000,30000,177.14582000189694,129.9912929534912,267.18701171875
3479,18.657225370407104,0.9315084218978882,0.38690564036369324,0.053229477256536484,200000,30000,184.41154299944174,129.98294830322266,267.18701171875
3480,18.714362382888794,0.9321863055229187,0.4027998149394989,0.05994496867060661,200000,30000,178.0173939987435,129.53734397888184,267.18701171875
3481,18.982449769973755,0.9381043910980225,0.4081932306289673,0.053964681923389435,200000,30000,179.69413500031806,129.47773933410645,267.18701171875
3482,19.1228187084198,0.9400525093078613,0.39499425888061523,0.05463944375514984,200000,30000,185.10212100227363,130.37586212158203,267.18701171875
3483,19.090808629989624,0.9395582675933838,0.394281804561615,0.05747723951935768,200000,30000,188.37294100012514,133.6193084716797,267.18701171875
3484,19.289122819900513,0.9421894550323486,0.3918643593788147,0.05619307979941368,200000,30000,177.25870100184693,129.2881965637207,267.18701171875
3485,19.185783863067627,0.9410028457641602,0.3934110999107361,0.05307856947183609,200000,30000,181.2654150016897,130.4779052734375,267.18701171875
3486,18.7668514251709,0.9342193603515625,0.40091174840927124,0.05676467344164848,200000,30000,183.24513999687042,131.44397735595703,267.18701171875
3487,18.842158317565918,0.9347817897796631,0.405762255191803,0.06033146753907204,200000,30000,182.89753499993822,133.3925724029541,267.18701171875
3488,19.016172885894775,0.9383167028427124,0.3977077603340149,0.05829900503158569,200000,30000,184.16023099780432,130.35297393798828,267.18701171875
3489,18.89032483100891,0.9356009364128113,0.40615004301071167,0.05967436358332634,200000,30000,179.66570499993395,129.43482398986816,267.18701171875
3490,19.253528118133545,0.9414080381393433,0.3980702757835388,0.057894203811883926,200000,30000,182.23356700036675,128.88002395629883,267.18701171875
3491,19.349790811538696,0.9429656863212585,0.3833160996437073,0.05478621646761894,200000,30000,177.82556000020122,129.59599494934082,267.18701171875
3492,18.858957290649414,0.93467116355896,0.39892566204071045,0.05381249636411667,200000,30000,178.09132300317287,129.41765785217285,267.18701171875
3493,19.02337908744812,0.9363032579421997,0.41674965620040894,0.05695630609989166,200000,30000,173.50215400074376,129.08577919006348,267.18701171875
3494,19.136050939559937,0.939241886138916,0.40788912773132324,0.053972478955984116,200000,30000,175.36962699887226,128.326416015625,267.18701171875
3495,19.49297308921814,0.9445657134056091,0.40772175788879395,0.05093560367822647,200000,30000,179.20146499818657,133.9097023010254,267.18701171875
3496,19.360443353652954,0.9427398443222046,0.3981688618659973,0.05131716653704643,200000,30000,176.7180909992021,128.1747817993164,267.18701171875
3497,19.73598837852478,0.9472222328186035,0.39381080865859985,0.051427509635686874,200000,30000,180.84987200199976,130.01036643981934,267.18701171875
3498,19.594777822494507,0.946342945098877,0.4004996120929718,0.04849354922771454,200000,30000,179.41181100104586,130.86819648742676,267.18701171875
3499,19.75714087486267,0.9483799934387207,0.39633241295814514,0.04602035507559776,200000,30000,175.45837100260542,128.61275672912598,267.18701171875
3500,19.861513376235962,0.9493186473846436,0.3928065896034241,0.04768279567360878,198779,30000,186.50803600030486,127.26330757141113,267.18701171875
3501,19.586985111236572,0.943159282207489,0.40902402997016907,0.05919870734214783,199312,30000,184.92769400108955,128.41272354125977,267.18701171875
3502,19.731119871139526,0.9470618963241577,0.3960426449775696,0.05553337186574936,199868,30000,181.90227699960815,129.38857078552246,267.18701171875
3503,19.756309986114502,0.9482005834579468,0.39154332876205444,0.05583912134170532,199995,30000,181.57413700100733,132.15327262878418,267.18701171875
3504,19.573756456375122,0.9462896585464478,0.3908426761627197,0.054598916321992874,200000,30000,180.79369599945494,128.68595123291016,267.18701171875
3505,19.728498458862305,0.9485902786254883,0.3820958435535431,0.05102407559752464,200000,30000,179.44199799967464,129.00543212890625,267.18701171875
3506,19.860143661499023,0.9506173133850098,0.38529178500175476,0.05065914988517761,200000,30000,176.61476499779383,128.41439247131348,267.18701171875
3507,19.949891567230225,0.9513108134269714,0.3815871477127075,0.05110790207982063,200000,30000,177.06135800108314,128.48472595214844,267.18701171875
3508,19.89011526107788,0.9502187967300415,0.375335156917572,0.04962867870926857,200000,30000,178.50527499831514,128.69596481323242,267.18701171875
3509,19.890002012252808,0.9491288661956787,0.3751033544540405,0.05077690631151199,200000,30000,177.1405590006907,128.40723991394043,267.18701171875
3510,18.835736513137817,0.9363052845001221,0.3874485492706299,0.05322793871164322,200000,30000,177.3099940000975,129.80961799621582,267.18701171875
3511,19.471547603607178,0.9445821046829224,0.381888210773468,0.05055634304881096,200000,30000,181.26188900350826,129.78148460388184,267.18701171875
3512,19.96448278427124,0.9507957696914673,0.37251102924346924,0.049210723489522934,200000,30000,176.99096299838857,129.71949577331543,267.18701171875
3513,19.87925410270691,0.9495195150375366,0.36825501918792725,0.048655103892087936,200000,30000,182.64896899927408,130.45883178710938,267.18701171875
3514,19.86209511756897,0.9494830965995789,0.3717869222164154,0.04818197339773178,200000,30000,177.81476399977691,128.0512809753418,267.18701171875
3515,19.566004276275635,0.9454097747802734,0.36926838755607605,0.05180320888757706,200000,30000,178.08024199985084,129.00829315185547,267.18701171875
3516,19.91674780845642,0.9497005939483643,0.3741348683834076,0.05233731493353844,200000,30000,176.86359999788692,129.1964054107666,267.18701171875
3517,19.79161024093628,0.9488003253936768,0.3749297857284546,0.04944305121898651,200000,30000,178.17915399791673,128.16882133483887,267.18701171875
3518,20.06229877471924,0.9519528746604919,0.36588168144226074,0.047099217772483826,200000,30000,177.95539000144345,128.90863418579102,267.18701171875
3519,20.203711986541748,0.9536358714103699,0.35917335748672485,0.04935663938522339,200000,30000,178.644097999495,127.45833396911621,267.18701171875
3520,20.178475379943848,0.953548789024353,0.35899579524993896,0.0477590374648571,200000,30000,179.12982699999702,130.5844783782959,267.18701171875
3521,20.051488876342773,0.9529417753219604,0.35762813687324524,0.04570917412638664,200000,30000,175.54840500088176,127.52556800842285,267.18701171875
3522,20.14810800552368,0.9529675245285034,0.35970333218574524,0.04938679188489914,200000,30000,173.9091589988675,126.68848037719727,267.18701171875
3523,19.671955108642578,0.9479510188102722,0.35920450091362,0.049800317734479904,200000,30000,177.3451129993191,129.5645236968994,267.18701171875
3524,19.786107540130615,0.9494244456291199,0.36402374505996704,0.04683098942041397,200000,30000,184.89102899911813,131.6509246826172,267.18701171875
3525,18.35123896598816,0.9267505407333374,0.3719005286693573,0.05010523647069931,200000,30000,184.70567800250137,133.803129196167,267.18701171875
3526,19.205310344696045,0.9387604594230652,0.3739449679851532,0.05372532084584236,200000,30000,179.18785399888293,128.7996768951416,267.18701171875
3527,19.29850697517395,0.9406226873397827,0.3774441182613373,0.05482742190361023,200000,30000,179.46241300160182,128.7527084350586,267.18701171875
3528,19.17160987854004,0.9390654563903809,0.38402998447418213,0.055021584033966064,200000,30000,178.87546100246254,129.5466423034668,267.18701171875
3529,19.292831420898438,0.9412567019462585,0.38867440819740295,0.05751486495137215,200000,30000,179.01377200178104,128.4801959991455,267.18701171875
3530,19.32573914527893,0.9417160749435425,0.3798157274723053,0.05466262623667717,200000,30000,175.8741129997361,130.1109790802002,267.18701171875
3531,18.814746141433716,0.9325916171073914,0.39895835518836975,0.05860346928238869,200000,30000,182.39394999909564,129.56476211547852,267.18701171875
3532,19.142659902572632,0.9371935129165649,0.3937661647796631,0.06363324075937271,200000,30000,177.07724299907568,128.76105308532715,267.18701171875
3533,19.021271467208862,0.9351736903190613,0.3849053978919983,0.05852058157324791,200000,30000,175.9473669990257,126.45840644836426,267.18701171875
3534,19.160152673721313,0.9395894408226013,0.3733597993850708,0.05611850321292877,200000,30000,176.84468799780007,128.48711013793945,267.18701171875
3535,19.29819941520691,0.9388335943222046,0.38218384981155396,0.06138255447149277,200000,30000,180.33289999948465,128.58057022094727,267.18701171875
3536,19.364519119262695,0.9413055181503296,0.378511518239975,0.05841953307390213,200000,30000,176.017811998463,126.80363655090332,267.18701171875
3537,19.47850465774536,0.9429389238357544,0.37236565351486206,0.05589863285422325,200000,30000,176.85448099655332,128.95560264587402,267.18701171875
3538,19.551647901535034,0.943479061126709,0.3685001730918884,0.05824717506766319,200000,30000,176.4818359988567,127.58207321166992,267.18701171875
3539,19.582741260528564,0.9446496963500977,0.35969680547714233,0.057042788714170456,200000,30000,178.5218969998823,128.9815902709961,267.18701171875
3540,19.653209447860718,0.9462180137634277,0.3639063239097595,0.053595270961523056,200000,30000,185.29561900140834,127.29430198669434,267.18701171875
3541,19.511563777923584,0.9441425800323486,0.36149877309799194,0.05428393930196762,200000,30000,178.2807759991556,128.08632850646973,267.18701171875
3542,19.628174304962158,0.9470396041870117,0.3618908226490021,0.05503407493233681,200000,30000,176.23632499817177,128.1754970550537,267.18701171875
3543,19.692529439926147,0.9469407796859741,0.35560598969459534,0.05360255017876625,200000,30000,176.37269599799765,128.71575355529785,267.18701171875
3544,19.771885871887207,0.947974681854248,0.35342901945114136,0.05410270392894745,200000,30000,181.20915399777004,130.30505180358887,267.18701171875
3545,19.539995193481445,0.9451510310173035,0.34784677624702454,0.05630732700228691,200000,30000,177.11462100123754,128.16286087036133,267.18701171875
3546,19.714607000350952,0.9475792646408081,0.3533064126968384,0.05412993207573891,200000,30000,176.8211330017948,127.99859046936035,267.18701171875
3547,19.703794717788696,0.9471920728683472,0.35394901037216187,0.05429796874523163,200000,30000,177.4311269982718,129.90665435791016,267.18701171875
3548,19.77459192276001,0.9485422968864441,0.3451137840747833,0.05448267608880997,200000,30000,174.0292499998759,127.60138511657715,267.18701171875
3549,19.76070284843445,0.9487313032150269,0.34702086448669434,0.05398997664451599,200000,30000,176.96116300066933,129.12964820861816,267.18701171875
3550,19.747482538223267,0.9476010799407959,0.35758525133132935,0.056501761078834534,200000,30000,175.66433699903428,129.08363342285156,267.18701171875
3551,19.722434282302856,0.9471046924591064,0.35349908471107483,0.056554462760686874,200000,30000,179.03982500138227,127.53915786743164,267.18701171875
3552,19.73154306411743,0.9476531744003296,0.35039299726486206,0.056593600660562515,200000,30000,191.6157050000038,131.8669319152832,267.18701171875
3553,19.715980291366577,0.9477250576019287,0.35019269585609436,0.0553264245390892,200000,30000,182.7404050018231,128.11994552612305,267.18701171875
3554,19.74482297897339,0.9481387138366699,0.34587976336479187,0.05591200664639473,200000,30000,176.15763999856426,127.86006927490234,267.18701171875
3555,19.752731323242188,0.948187530040741,0.3398953974246979,0.05424187332391739,200000,30000,176.38857500060112,128.7848949432373,267.18701171875
3556,19.756898880004883,0.9482781291007996,0.33895939588546753,0.05265086516737938,200000,30000,173.76614200111362,127.89630889892578,267.18701171875
3557,18.83643865585327,0.9345957040786743,0.3480096459388733,0.05576862394809723,200000,30000,181.9118060011533,129.00948524475098,267.18701171875
3558,19.10991668701172,0.9378173351287842,0.35918116569519043,0.05789835378527641,200000,30000,175.72007000126177,126.4047622680664,267.18701171875
3559,19.32556390762329,0.9419527053833008,0.35594314336776733,0.05594911798834801,200000,30000,175.5974280022201,127.84481048583984,267.18701171875
3560,19.56615447998047,0.9459406733512878,0.3520350456237793,0.055156223475933075,200000,30000,180.0681809982052,127.15864181518555,267.18701171875
3561,19.592905044555664,0.9462401270866394,0.35588085651397705,0.05576900392770767,200000,30000,182.54682600309025,129.52303886413574,267.18701171875
3562,19.663097858428955,0.9472433924674988,0.3473711311817169,0.05544087663292885,200000,30000,174.13551400022698,128.3743381500244,267.18701171875
3563,19.72070574760437,0.9479746222496033,0.3463873863220215,0.05469585210084915,200000,30000,180.7151180000801,132.1113109588623,267.18701171875
3564,19.634581804275513,0.9465734958648682,0.35509300231933594,0.056045204401016235,200000,30000,177.34264999671723,128.02481651306152,267.18701171875
3565,19.67961549758911,0.9471893310546875,0.3506546914577484,0.056364379823207855,200000,30000,178.2951149980363,127.4251937866211,267.18701171875
3566,19.615737199783325,0.9458796381950378,0.3461906313896179,0.053890783339738846,200000,30000,412.91127399745164,131.3152313232422,267.18701171875
3567,19.56867814064026,0.9449946880340576,0.34382569789886475,0.05335891991853714,200000,30000,176.8601559997478,130.26762008666992,267.18701171875
3568,19.69538688659668,0.9464501142501831,0.3493824601173401,0.054360926151275635,200000,30000,176.78100899865967,127.56013870239258,267.18701171875
3569,19.64476466178894,0.9464393854141235,0.3507230281829834,0.05268063768744469,200000,30000,184.65276599818026,130.82575798034668,267.18701171875
3570,19.743224382400513,0.9481701850891113,0.34905701875686646,0.05113522708415985,200000,30000,178.59435200080043,127.39157676696777,267.18701171875
3571,20.01204252243042,0.9516755938529968,0.33317428827285767,0.05375148728489876,200000,30000,178.1333610015281,128.02863121032715,267.18701171875
3572,19.543254375457764,0.9445596933364868,0.34580978751182556,0.049462128430604935,200000,30000,171.75590799888596,127.20274925231934,267.18701171875
3573,19.644079208374023,0.9475916624069214,0.3418347239494324,0.04719184339046478,200000,30000,176.65915399993537,128.02815437316895,267.18701171875
3574,19.834933280944824,0.9481186866760254,0.34399595856666565,0.051235299557447433,200000,30000,175.98489100055303,127.47073173522949,267.18701171875
3575,19.623981714248657,0.9475198984146118,0.3486000597476959,0.04951491206884384,200000,30000,175.97663899869076,127.92539596557617,267.18701171875
3576,19.7611141204834,0.948513388633728,0.3555443584918976,0.04578852653503418,200000,30000,176.51009900146164,127.25639343261719,267.18701171875
3577,19.795727729797363,0.9491055011749268,0.360675573348999,0.045940060168504715,200000,30000,176.66173600082402,128.79276275634766,267.18701171875
3578,19.70790386199951,0.9479173421859741,0.36282211542129517,0.04405522719025612,200000,30000,177.11130899988348,125.7469654083252,267.18701171875
3579,19.706168174743652,0.9485595226287842,0.36517471075057983,0.04131188243627548,200000,30000,184.26616600117995,126.37805938720703,267.18701171875
3580,19.535473585128784,0.9468070268630981,0.36715370416641235,0.04249678552150726,200000,30000,177.34908599959454,126.81007385253906,267.18701171875
3581,19.745962619781494,0.9498788118362427,0.3657529652118683,0.04244852066040039,200000,30000,176.0311769976397,125.72646141052246,267.18701171875
3582,19.554016590118408,0.9461815357208252,0.3678372800350189,0.039749935269355774,200000,30000,174.2712009981915,125.14901161193848,267.18701171875
3583,19.780887365341187,0.9501019716262817,0.3708146810531616,0.03881428390741348,200000,30000,176.4375700004166,127.25830078125,267.18701171875
3584,19.867500066757202,0.9515365958213806,0.3629804849624634,0.04020228981971741,200000,30000,176.8842669989681,128.4348964691162,267.18701171875
3585,20.09861469268799,0.9538151621818542,0.36062735319137573,0.037666648626327515,200000,30000,177.31386000014027,128.74579429626465,267.18701171875
3586,19.716938734054565,0.9497963786125183,0.34962108731269836,0.03889716789126396,200000,30000,174.593225998251,127.39109992980957,267.18701171875
3587,19.772886037826538,0.9498348236083984,0.3600156903266907,0.0423910953104496,200000,30000,177.14155099747586,127.28214263916016,267.18701171875
3588,19.861773252487183,0.951250433921814,0.35349783301353455,0.040904294699430466,200000,30000,177.49125900081708,126.97458267211914,267.18701171875
3589,20.039973258972168,0.9534372687339783,0.34721899032592773,0.040764279663562775,200000,30000,174.67335800029105,127.85911560058594,267.18701171875
3590,19.902350902557373,0.9517516493797302,0.3434138298034668,0.0425858348608017,200000,30000,178.66661699736142,130.04398345947266,267.18701171875
3591,19.83313798904419,0.9507789611816406,0.35159993171691895,0.04021555557847023,200000,30000,175.32524299895158,128.04079055786133,267.18701171875
3592,20.111794471740723,0.9542345404624939,0.3346399664878845,0.03869372978806496,200000,30000,177.3859810018621,126.86920166015625,267.18701171875
3593,20.32883644104004,0.9565616846084595,0.33619850873947144,0.03931647911667824,200000,30000,172.9429839979275,127.18605995178223,267.18701171875
3594,20.38090229034424,0.9574190378189087,0.3371276259422302,0.03780848905444145,200000,30000,175.2042110019829,127.19011306762695,267.18701171875
3595,20.10230779647827,0.9543862342834473,0.33158329129219055,0.03819950670003891,200000,30000,174.38284599847975,128.79633903503418,267.18701171875
3596,20.2705979347229,0.9565085768699646,0.3257977366447449,0.03957768529653549,200000,30000,172.84105200087652,126.40261650085449,267.18701171875
3597,20.40435791015625,0.9575488567352295,0.3291012644767761,0.037867385894060135,200000,30000,176.4134049990389,126.50370597839355,267.18701171875
3598,20.112435817718506,0.9539396166801453,0.3231167495250702,0.03801991045475006,200000,30000,174.8510060024273,127.10404396057129,267.18701171875
3599,20.40457248687744,0.9569543600082397,0.33018362522125244,0.038783617317676544,200000,30000,174.43473099774565,126.76668167114258,267.18701171875
3600,20.44405460357666,0.9574289321899414,0.32375144958496094,0.03766930103302002,199895,30000,182.62596999920788,130.27548789978027,267.18701171875
3601,19.713751077651978,0.9481672048568726,0.3333360552787781,0.04643261060118675,199996,30000,176.3795110018691,127.61950492858887,267.18701171875
3602,20.39475917816162,0.9564616084098816,0.32721948623657227,0.04673922806978226,200000,30000,179.01238600097713,128.34405899047852,267.18701171875
3603,20.216712951660156,0.9550727605819702,0.325001984834671,0.04366173595190048,200000,30000,181.23627100067097,129.55999374389648,267.18701171875
3604,20.35245418548584,0.9555482864379883,0.32503968477249146,0.04229632019996643,200000,30000,179.1552810027497,129.1220188140869,267.18701171875
3605,20.39689540863037,0.9566759467124939,0.3262695074081421,0.041753508150577545,200000,30000,177.4633349996293,128.46684455871582,267.18701171875
3606,20.378382205963135,0.9566119909286499,0.3266400694847107,0.03928116336464882,200000,30000,177.13970899785636,125.88071823120117,267.18701171875
3607,20.082566738128662,0.9542460441589355,0.3251916766166687,0.038789667189121246,200000,30000,178.377216001536,126.47628784179688,267.18701171875
3608,20.471293926239014,0.9578084349632263,0.3249448537826538,0.041474420577287674,200000,30000,177.04739999680896,126.47747993469238,267.18701171875
3609,20.513367652893066,0.9583894610404968,0.31772664189338684,0.040265824645757675,200000,30000,180.988341999182,127.89130210876465,267.18701171875
3610,20.42685031890869,0.9574958086013794,0.32019078731536865,0.04103447496891022,200000,30000,172.58238900103606,127.56991386413574,267.18701171875
3611,20.50304412841797,0.9582425355911255,0.31798896193504333,0.04214203730225563,200000,30000,172.8420979998191,126.85680389404297,267.18701171875
3612,20.44905185699463,0.9578641653060913,0.31332075595855713,0.041449062526226044,200000,30000,172.64837800030364,125.83446502685547,267.18701171875
3613,18.842411041259766,0.9390987157821655,0.32277506589889526,0.04153722897171974,200000,30000,182.28577400077484,129.84228134155273,267.18701171875
3614,20.297131538391113,0.956956148147583,0.30892956256866455,0.042261529713869095,200000,30000,177.45895500047482,130.7361125946045,267.18701171875
3615,20.514354705810547,0.9590877294540405,0.30607038736343384,0.04296618700027466,200000,30000,175.9132059996773,128.85332107543945,267.18701171875
3616,20.476999282836914,0.9584938883781433,0.303192675113678,0.04189538583159447,200000,30000,179.19852300110506,127.37131118774414,267.18701171875
3617,20.24178981781006,0.955957293510437,0.30984559655189514,0.04407346248626709,200000,30000,188.39746399680735,127.53963470458984,267.18701171875
3618,20.208895206451416,0.9551591277122498,0.315937340259552,0.04464425891637802,200000,30000,182.09594000290963,129.7154426574707,267.18701171875
3619,20.300071239471436,0.9560497999191284,0.30918845534324646,0.043184760957956314,200000,30000,174.9720570005593,128.08537483215332,267.18701171875
3620,19.436129331588745,0.945044994354248,0.31764334440231323,0.04556747153401375,200000,30000,178.93441200067173,128.17645072937012,267.18701171875
3621,19.76021409034729,0.9498447775840759,0.32307636737823486,0.04467454552650452,200000,30000,184.6989370023948,130.12456893920898,267.18701171875
3622,20.019171237945557,0.9534205198287964,0.3180773854255676,0.0437280498445034,200000,30000,177.5507540005492,127.84099578857422,267.18701171875
3623,20.209054946899414,0.9551373720169067,0.3133111298084259,0.04516364634037018,200000,30000,177.44140599825187,126.9228458404541,267.18701171875
3624,20.293099880218506,0.9565719366073608,0.3141094446182251,0.04401868209242821,200000,30000,175.37993799851392,125.89073181152344,267.18701171875
3625,20.210156440734863,0.9559348821640015,0.3132496774196625,0.04436255991458893,200000,30000,181.0273099981714,126.0223388671875,267.18701171875
3626,20.13542652130127,0.9541648626327515,0.32107436656951904,0.04576011374592781,200000,30000,186.8134270007431,128.71599197387695,267.18701171875
3627,20.244948863983154,0.954953670501709,0.3199642598628998,0.045863911509513855,200000,30000,172.1240190017852,126.40166282653809,267.18701171875
3628,20.256636142730713,0.9550890922546387,0.321615070104599,0.04589805752038956,200000,30000,173.1496659995173,126.98650360107422,267.18701171875
3629,20.18251657485962,0.9538519382476807,0.3268728256225586,0.04727723076939583,200000,30000,175.0501569986227,125.32258033752441,267.18701171875
3630,20.36207914352417,0.9553269743919373,0.3194681704044342,0.04790535196661949,200000,30000,184.1156279988354,135.57195663452148,267.18701171875
3631,20.40905475616455,0.9552185535430908,0.321025013923645,0.04677614942193031,200000,30000,182.11047099975985,128.18551063537598,267.18701171875
3632,20.41252374649048,0.9552804231643677,0.32465893030166626,0.047004710882902145,200000,30000,179.77668399907998,129.89401817321777,267.18701171875
3633,20.545971393585205,0.9564506411552429,0.3197278082370758,0.047127656638622284,200000,30000,177.29187599979923,127.6850700378418,267.18701171875
3634,20.49830675125122,0.9564007520675659,0.3202734589576721,0.04613889008760452,200000,30000,177.55085500175483,127.33626365661621,267.18701171875
3635,20.283210277557373,0.9532407522201538,0.33695995807647705,0.05355554074048996,200000,30000,176.17125300239422,129.11224365234375,267.18701171875
3636,20.43056011199951,0.9548822641372681,0.33587902784347534,0.05254998803138733,200000,30000,174.92406299788854,126.61552429199219,267.18701171875
3637,20.49903392791748,0.9557992219924927,0.32956719398498535,0.05020703747868538,200000,30000,176.32397299894365,129.0285587310791,267.18701171875
3638,20.425868034362793,0.954346776008606,0.3203306794166565,0.05407480522990227,200000,30000,180.05124800038175,130.02943992614746,267.18701171875
3639,20.50966501235962,0.9551873207092285,0.32153621315956116,0.05178924277424812,200000,30000,178.44074499953422,128.60679626464844,267.18701171875
3640,20.121886730194092,0.9513856172561646,0.3245820701122284,0.05335027351975441,200000,30000,176.50135200165096,126.91164016723633,267.18701171875
3641,20.079035758972168,0.950523853302002,0.32417938113212585,0.05571865662932396,200000,30000,178.27263700019103,128.21650505065918,267.18701171875
3642,20.204734802246094,0.9519081115722656,0.33317652344703674,0.05149337276816368,200000,30000,177.7899900007469,128.98826599121094,267.18701171875
3643,20.27078151702881,0.9530932307243347,0.3275323510169983,0.04994240030646324,200000,30000,181.0555519987247,129.1205883026123,267.18701171875
3644,20.505523681640625,0.9554492831230164,0.3194218873977661,0.05233708396553993,200000,30000,180.6535249997978,126.31368637084961,267.18701171875
3645,19.286803007125854,0.9417603015899658,0.32597413659095764,0.051621247082948685,200000,30000,176.79239399876678,127.6545524597168,267.18701171875
3646,20.219075679779053,0.9523167014122009,0.3231672942638397,0.05219442769885063,200000,30000,179.5400850023725,128.79276275634766,267.18701171875
3647,20.28169870376587,0.9528076648712158,0.3277530372142792,0.04970914497971535,200000,30000,176.16441399877658,128.79204750061035,267.18701171875
3648,19.408581256866455,0.943274199962616,0.3257960081100464,0.05308431386947632,200000,30000,172.4155960000644,126.23453140258789,267.18701171875
3649,19.969664812088013,0.9500433206558228,0.3301927149295807,0.051331568509340286,200000,30000,176.1858449972351,128.1118392944336,267.18701171875
3650,20.08882999420166,0.9514257311820984,0.32634520530700684,0.04964875057339668,200000,30000,176.5836140002648,127.70223617553711,267.18701171875
3651,20.21677017211914,0.9533817172050476,0.3176524043083191,0.048754993826150894,200000,30000,176.91750100129866,128.3416748046875,267.18701171875
3652,20.2752423286438,0.9541364908218384,0.31339263916015625,0.0483851283788681,200000,30000,174.44159699880402,127.18391418457031,267.18701171875
3653,20.408413410186768,0.9555103778839111,0.30804577469825745,0.0493900366127491,200000,30000,172.34737500257324,127.13336944580078,267.18701171875
3654,20.482072830200195,0.956326961517334,0.30480271577835083,0.047135982662439346,200000,30000,176.906593998865,130.70988655090332,267.18701171875
3655,20.409655570983887,0.9562064409255981,0.30924922227859497,0.04700161889195442,200000,30000,177.00835000141524,130.91516494750977,267.18701171875
3656,20.496597290039062,0.9564752578735352,0.30399447679519653,0.04771055653691292,200000,30000,173.90454099950148,125.02384185791016,267.18701171875
3657,20.554580688476562,0.957300066947937,0.3043863773345947,0.04644725099205971,200000,30000,173.9873760016053,126.26051902770996,267.18701171875
3658,20.608458518981934,0.9573937654495239,0.3021238148212433,0.046786241233348846,200000,30000,174.28018499776954,127.10857391357422,267.18701171875
3659,20.50147533416748,0.9565759897232056,0.30216944217681885,0.04833904281258583,200000,30000,179.17585100076394,127.83002853393555,267.18701171875
3660,20.52419424057007,0.956929087638855,0.30206191539764404,0.04776396602392197,200000,30000,175.70996299764374,127.59542465209961,267.18701171875
3661,20.514893531799316,0.9565579891204834,0.2990524172782898,0.04883614555001259,200000,30000,174.56825399858644,127.00939178466797,267.18701171875
3662,20.543572902679443,0.9566993117332458,0.2979538142681122,0.04800083115696907,200000,30000,214.65203299885616,131.91556930541992,267.18701171875
3663,20.590534210205078,0.9573343992233276,0.3051225543022156,0.046619754284620285,200000,30000,185.31216899646097,127.82025337219238,267.18701171875
3664,20.705602169036865,0.9582347273826599,0.3028632700443268,0.046395719051361084,200000,30000,181.1048089984979,128.36384773254395,267.18701171875
3665,20.76610803604126,0.959091305732727,0.29526567459106445,0.046164918690919876,200000,30000,179.66041000181576,129.33802604675293,267.18701171875
3666,20.63476324081421,0.9582381248474121,0.2921329438686371,0.043708737939596176,200000,30000,203.48666200152365,154.1910171508789,267.18701171875
3667,20.680434703826904,0.9581059217453003,0.28875643014907837,0.04628059267997742,200000,30000,189.61020999995526,126.129150390625,267.18701171875
3668,20.57711124420166,0.9571463465690613,0.29980799555778503,0.046807389706373215,200000,30000,184.70196300040698,126.9228458404541,267.18701171875
