frame,psnr,ssim,lpips,depth_l1,n_gaussians,n_optimized,frame_time_ms,opt_time_ms,peak_vram_mb
1,26.049094200134277,0.7119438052177429,0.3925391435623169,0.053760576993227005,14237,14237,69.90783199944417,47.06549644470215,78.58251953125
2,21.64950132369995,0.6826353073120117,0.4079291522502899,0.036535926163196564,14428,14428,61.475236998376204,45.69363594055176,78.76416015625
3,20.22062063217163,0.6640886664390564,0.44033777713775635,0.05120458826422691,14722,14722,62.915648999478435,46.40078544616699,79.03125
4,19.64217185974121,0.6558506488800049,0.4762820303440094,0.061343301087617874,15091,15000,122.86477900124737,104.54654693603516,82.22802734375
5,19.681366682052612,0.6591915488243103,0.5050588250160217,0.07051723450422287,15432,15000,125.69231299858075,105.40318489074707,82.5107421875
6,20.453307628631592,0.6722509264945984,0.5132706165313721,0.06175149604678154,15715,15000,125.53240100169205,104.70294952392578,82.75390625
7,21.40629529953003,0.6944475173950195,0.5044350624084473,0.06297373026609421,15952,15000,123.69507100083865,104.40731048583984,82.95458984375
8,22.091381549835205,0.7098578214645386,0.4888175129890442,0.055134400725364685,16177,15000,121.55372000052012,104.89225387573242,83.146484375
9,21.416728496551514,0.694922924041748,0.47631412744522095,0.05908658355474472,16391,15000,124.61319799695048,105.1177978515625,83.341796875
10,20.82925319671631,0.6879334449768066,0.5060622692108154,0.06833909451961517,16680,15000,124.73208600204089,102.76508331298828,83.5517578125
11,20.267462730407715,0.6803115606307983,0.5278332233428955,0.06576619297266006,17005,15000,124.61204799910774,104.92253303527832,83.798828125
12,20.16106128692627,0.6791152954101562,0.5424429178237915,0.07334247976541519,17391,15000,124.48872700042557,103.7447452545166,84.0966796875
13,20.26254177093506,0.6818611025810242,0.5323202013969421,0.08271348476409912,17779,15000,125.35154299985152,105.01885414123535,84.4111328125
14,20.098400115966797,0.6826802492141724,0.5324781537055969,0.08243981003761292,18174,15000,127.50155699905008,102.69784927368164,84.72607421875
15,19.75143551826477,0.6749533414840698,0.5358265042304993,0.09493859112262726,18602,15000,130.64477599982638,106.40358924865723,85.08154296875
16,19.666506052017212,0.6699458360671997,0.5400316715240479,0.10626547783613205,19029,15000,125.57831100275507,102.77628898620605,85.43701171875
17,20.289833545684814,0.6835484504699707,0.5228114724159241,0.11505332589149475,19517,15000,123.03819800217752,102.79226303100586,85.81982421875
18,19.189188480377197,0.6675057411193848,0.5132861137390137,0.12064692378044128,20013,15000,127.38538600024185,105.66473007202148,86.23583984375
19,19.37508225440979,0.6733080744743347,0.528612494468689,0.13462315499782562,20555,15000,128.40099999812082,104.8126220703125,86.66943359375
20,19.687681198120117,0.6814607381820679,0.5258285999298096,0.12959560751914978,21069,15000,125.27962499734713,104.95543479919434,87.09033203125
21,19.006118774414062,0.66561359167099,0.554273247718811,0.13970507681369781,21654,15000,127.8759680026269,106.69183731079102,87.55908203125
22,19.702173471450806,0.6937403678894043,0.5628896355628967,0.14423978328704834,22237,15000,121.25321900020936,102.78654098510742,88.03564453125
23,20.238125324249268,0.7117533087730408,0.5465123653411865,0.1347339004278183,22805,15000,122.12398400151869,102.87070274353027,88.50341796875
24,19.726920127868652,0.7205324172973633,0.538737416267395,0.12995083630084991,23346,15000,120.43901400102186,102.91838645935059,88.951171875
25,18.450874090194702,0.7156194448471069,0.5416138172149658,0.1501166969537735,24030,15000,124.0486749993579,104.21371459960938,89.47900390625
26,17.702449560165405,0.7060608863830566,0.5650222301483154,0.15720422565937042,24723,15000,123.71579499813379,103.84941101074219,90.0478515625
27,17.26328730583191,0.7029895782470703,0.5740633010864258,0.16597206890583038,25534,15000,123.3889220020501,103.63912582397461,90.6826171875
28,17.39213466644287,0.7163423895835876,0.5769698619842529,0.16601862013339996,26334,15000,124.7564519981097,104.85172271728516,91.33544921875
29,18.663259744644165,0.758638322353363,0.585220217704773,0.1456226110458374,27076,15000,123.7840950016107,102.79393196105957,91.9560546875
30,19.71048355102539,0.7854893207550049,0.5752143263816833,0.12851665914058685,27676,15000,125.64104400007636,104.63762283325195,92.4765625
31,20.575337409973145,0.8098179697990417,0.561253547668457,0.13309243321418762,28242,15000,127.03307900301297,106.55331611633301,92.9423828125
32,21.32664918899536,0.8258482217788696,0.5396709442138672,0.1247275248169899,28750,15000,127.7337270003045,105.78060150146484,93.36279296875
33,20.95130205154419,0.8195773363113403,0.5485333204269409,0.12472275644540787,29252,15000,126.09707299998263,104.07304763793945,94.6513671875
34,21.70759916305542,0.8417929410934448,0.5473702549934387,0.12987416982650757,29763,15000,129.57849400117993,104.90870475769043,95.1044921875
35,22.06876039505005,0.8521604537963867,0.5449366569519043,0.12540952861309052,30238,15000,126.29813000239665,105.7276725769043,95.533203125
36,21.61649227142334,0.8499277830123901,0.5428721904754639,0.12550528347492218,30665,15000,122.80403399927309,103.31535339355469,95.92236328125
37,21.035101413726807,0.8473345637321472,0.531390905380249,0.12364733964204788,31179,15000,126.28330000006827,104.93326187133789,95.92236328125
38,19.63445544242859,0.8152655363082886,0.5443544387817383,0.12694743275642395,31804,15000,130.53760300317663,105.20744323730469,95.92236328125
39,18.73409867286682,0.7800738215446472,0.5663379430770874,0.12140833586454391,32459,15000,135.30469800025458,106.35709762573242,96.37255859375
40,18.475176095962524,0.7728151082992554,0.5696911811828613,0.12819652259349823,33192,15000,131.54125599976396,106.31990432739258,96.955078125
41,18.954241275787354,0.8009461164474487,0.5730506181716919,0.12245360761880875,33843,15000,134.5344679975824,104.9797534942627,97.5537109375
42,19.10807967185974,0.8093471527099609,0.5534590482711792,0.1364322155714035,34610,15000,134.3522919996758,106.98294639587402,98.2099609375
43,18.08345913887024,0.7788507342338562,0.5614886283874512,0.13492625951766968,35442,15000,132.8189090017986,105.58009147644043,98.92529296875
44,17.79447078704834,0.7751497626304626,0.5732535719871521,0.13900817930698395,36323,15000,134.32533900049748,107.97810554504395,99.63427734375
45,17.130461931228638,0.7557346224784851,0.594805121421814,0.1611301451921463,37392,15000,136.05758699850412,107.93542861938477,100.72998046875
46,16.76543116569519,0.7545997500419617,0.6103187799453735,0.14398738741874695,38442,15000,132.35698199787294,105.73363304138184,101.66015625
47,16.393470764160156,0.7440201044082642,0.6215367317199707,0.13620179891586304,39564,15000,131.67461900229682,106.6594123840332,102.681640625
48,16.01271390914917,0.7279073596000671,0.6314656138420105,0.13536351919174194,40726,15000,133.60918000034872,106.43506050109863,103.7802734375
49,15.899661779403687,0.7198613882064819,0.6488274335861206,0.1350516676902771,41956,15000,132.90772400068818,105.98516464233398,105.1455078125
50,15.831259489059448,0.7177333831787109,0.651495099067688,0.137146458029747,43216,15000,142.20788099919446,113.96980285644531,106.2900390625
51,15.868325233459473,0.7169956564903259,0.6462559103965759,0.1281103938817978,44485,15000,136.38521800021408,107.26451873779297,106.455078125
52,16.036146879196167,0.7284964919090271,0.6543192863464355,0.10764943063259125,45735,15000,135.77410699872416,104.20513153076172,108.30419921875
53,16.066220998764038,0.7250363230705261,0.6630815863609314,0.14261963963508606,47047,15000,134.69487399925129,106.14466667175293,109.73193359375
54,16.215496063232422,0.7402586936950684,0.6669889688491821,0.12186077237129211,48393,15000,135.07445299910614,106.15205764770508,110.40869140625
55,16.51356816291809,0.7583533525466919,0.670311689376831,0.11869210004806519,49771,15000,136.7884259998391,106.61840438842773,111.91650390625
56,16.725057363510132,0.7697967290878296,0.6599433422088623,0.12690667808055878,51162,15000,134.98317300036433,106.27889633178711,112.29736328125
57,16.722655296325684,0.7705520391464233,0.6585004925727844,0.12931576371192932,52566,15000,137.48300800216384,105.78489303588867,114.06494140625
58,16.729179620742798,0.7714630365371704,0.6485799551010132,0.11279326677322388,53959,15000,135.4443349991925,104.95972633361816,115.33251953125
59,16.740671396255493,0.7726726531982422,0.6409597396850586,0.11961790174245834,55369,15000,135.13734599837335,105.14402389526367,115.42529296875
60,16.924132108688354,0.7849111557006836,0.6370779275894165,0.11033866554498672,56780,15000,134.66865500231506,106.17327690124512,117.0166015625
61,17.08612084388733,0.7915706634521484,0.6302961707115173,0.11870208382606506,58200,15000,146.14816099856398,106.99772834777832,117.99267578125
62,17.244378328323364,0.7892701029777527,0.6234535574913025,0.13088494539260864,59629,15000,135.45845999760786,106.24504089355469,118.63330078125
63,16.804431676864624,0.7773438692092896,0.6346189975738525,0.13284538686275482,61063,15000,134.6195659971272,104.72512245178223,121.3173828125
64,16.61319851875305,0.7797383069992065,0.6468373537063599,0.12913164496421814,62492,15000,142.58256899847765,107.90824890136719,122.50634765625
65,16.420741081237793,0.7794075012207031,0.6487900018692017,0.13417558372020721,63919,15000,146.78650299902074,106.47702217102051,124.7236328125
66,16.114317178726196,0.7756583094596863,0.6521305441856384,0.1227254867553711,65343,15000,145.3069509989291,107.43117332458496,124.7236328125
67,15.838775634765625,0.7732634544372559,0.6646332740783691,0.13808120787143707,66750,15000,141.3284689988359,105.6981086730957,128.37109375
68,15.24264931678772,0.7654812335968018,0.6581813097000122,0.13930827379226685,68171,15000,264.0237139967212,108.79158973693848,128.37109375
69,14.803059101104736,0.7516907453536987,0.6689313650131226,0.13388027250766754,69572,15000,140.18437400227413,107.33938217163086,128.37109375
70,14.602445363998413,0.7516392469406128,0.6895407438278198,0.12652775645256042,70979,15000,137.03157400232158,106.64987564086914,128.37109375
71,14.275248050689697,0.7488731741905212,0.6784873604774475,0.13168835639953613,72383,15000,137.94377199883456,106.45532608032227,128.37109375
72,14.017361402511597,0.7483820915222168,0.6849809885025024,0.13643252849578857,73806,15000,137.5683990008838,105.26299476623535,128.37109375
73,14.558800458908081,0.7550721168518066,0.673161506652832,0.13170701265335083,75221,15000,134.8200309985259,105.72981834411621,128.37109375
74,14.57241415977478,0.758028507232666,0.676392674446106,0.12864594161510468,76645,15000,138.57848899715464,106.66418075561523,128.37109375
75,14.587054252624512,0.7609363794326782,0.6879887580871582,0.13693946599960327,78063,15000,137.30790900081047,104.79307174682617,128.37109375
76,14.61039423942566,0.7643010020256042,0.6826163530349731,0.1268637627363205,79489,15000,137.4720990024798,104.8426628112793,128.37109375
77,14.647433757781982,0.767266035079956,0.6783144474029541,0.13120757043361664,80906,15000,139.64246099931188,105.06558418273926,128.37109375
78,14.777482748031616,0.7721840739250183,0.6732892990112305,0.12923765182495117,82331,15000,148.20138299910468,107.20229148864746,129.34375
79,14.812642335891724,0.7733255624771118,0.6625226736068726,0.12502489984035492,83749,15000,143.5693839994201,106.68826103210449,131.5908203125
80,14.739511013031006,0.7698380351066589,0.6578046679496765,0.13005156815052032,85164,15000,150.81369900144637,108.00838470458984,131.5908203125
81,14.821522235870361,0.7721595764160156,0.6475217342376709,0.12944471836090088,86584,15000,137.16542199836113,107.02395439147949,131.5908203125
82,14.840694665908813,0.7723768949508667,0.6494961977005005,0.12392479926347733,87982,15000,139.01263999650837,105.1945686340332,139.08447265625
83,14.804667234420776,0.7696280479431152,0.6522155404090881,0.12326425313949585,89414,15000,139.76814400302828,107.48100280761719,141.4921875
84,14.798728227615356,0.7665853500366211,0.6541846394538879,0.12122125178575516,90797,15000,141.7515920002188,109.31944847106934,144.1748046875
85,14.764138460159302,0.7632578611373901,0.6605852842330933,0.11760270595550537,92197,15000,137.80132700048853,106.89520835876465,144.1748046875
86,14.819505214691162,0.7663439512252808,0.6646202802658081,0.1230175569653511,93604,15000,137.6202059982461,106.3697338104248,146.0615234375
87,14.744822978973389,0.7622493505477905,0.6709461808204651,0.12100979685783386,95010,15000,137.3978289993829,105.79061508178711,147.14599609375
88,14.687180519104004,0.757957935333252,0.669813334941864,0.11791963130235672,96416,15000,144.57692399810185,107.34081268310547,147.14599609375
89,14.712460041046143,0.7601261138916016,0.6712087988853455,0.12911297380924225,97826,15000,146.02400900184875,107.2993278503418,147.14599609375
90,14.774823188781738,0.7692993879318237,0.6653702259063721,0.11763384193181992,99245,15000,147.21597499737982,106.94599151611328,148.251953125
91,14.75071907043457,0.7687007784843445,0.663510799407959,0.11679012328386307,100679,15000,142.455842000345,105.17096519470215,148.251953125
92,14.701093435287476,0.7632686495780945,0.6640127897262573,0.12419670075178146,102112,15000,136.56845699733822,106.3389778137207,148.251953125
93,14.798516035079956,0.7649447321891785,0.6761894822120667,0.13231763243675232,103530,15000,141.1940180005331,107.05804824829102,148.251953125
94,14.757187366485596,0.7627112865447998,0.6700572967529297,0.13677673041820526,104957,15000,138.12130299993441,104.2776107788086,149.6884765625
95,14.668062925338745,0.7584097385406494,0.6747463345527649,0.12963362038135529,106384,15000,139.42934300212073,106.19306564331055,151.42333984375
96,14.65421438217163,0.7601897716522217,0.6706993579864502,0.12605765461921692,107815,15000,140.02606999929412,105.27229309082031,151.42333984375
97,14.710065126419067,0.7663425207138062,0.6677958369255066,0.11871185898780823,109252,15000,140.5330800007505,108.19029808044434,154.078125
98,14.660098552703857,0.762967050075531,0.6599631309509277,0.11517374217510223,110705,15000,142.49977500003297,105.54885864257812,156.7626953125
99,14.708242416381836,0.7606711387634277,0.6704358458518982,0.1478373110294342,112152,15000,143.82866600135458,107.48696327209473,158.33544921875
100,14.691184759140015,0.7625956535339355,0.6659525632858276,0.1278592050075531,112617,15000,143.12655500179972,106.1403751373291,167.94287109375
101,14.636026620864868,0.7584067583084106,0.6759705543518066,0.1283901482820511,114055,15000,138.4601110003132,106.15134239196777,167.94287109375
102,14.67252492904663,0.7606201171875,0.6725054383277893,0.12911821901798248,115490,15000,139.55173100112006,105.7138442993164,167.94287109375
103,14.725397825241089,0.7647978067398071,0.6570308208465576,0.1355869174003601,116919,15000,146.34085400030017,110.0456714630127,167.94287109375
104,14.801474809646606,0.7664064168930054,0.6569088101387024,0.12126701325178146,118359,15000,142.4792530015111,108.0484390258789,167.94287109375
105,14.975918531417847,0.7730538249015808,0.6587903499603271,0.1269255429506302,119770,15000,141.86003200302366,107.76329040527344,167.94287109375
106,15.071295499801636,0.7791352272033691,0.6519984006881714,0.12871620059013367,121189,15000,135.82529300038004,104.74658012390137,167.94287109375
107,15.14723539352417,0.7804361581802368,0.6517013907432556,0.13868485391139984,122617,15000,137.29864199922304,105.39841651916504,167.94287109375
108,15.010409355163574,0.772086501121521,0.6487908363342285,0.13013771176338196,124032,15000,139.02370700088795,105.26919364929199,169.68603515625
109,14.932938814163208,0.7662805318832397,0.6642758846282959,0.1279287338256836,125456,15000,143.20274900092045,109.11130905151367,172.8466796875
110,15.028244256973267,0.7698253989219666,0.6673620939254761,0.12208110839128494,126859,15000,143.18472900049528,108.30545425415039,172.8466796875
111,14.920464754104614,0.757110595703125,0.6591418981552124,0.1284116506576538,128263,15000,144.29693300189683,107.10763931274414,172.8466796875
112,14.746040105819702,0.7433888912200928,0.6706171035766602,0.14401179552078247,129637,15000,140.12571900093462,105.89957237243652,172.8466796875
113,14.757401943206787,0.7462190389633179,0.6615983247756958,0.12934112548828125,131035,15000,142.0009850007773,107.30266571044922,176.55859375
114,14.695460796356201,0.7388922572135925,0.6504409909248352,0.13749200105667114,132417,15000,146.82151200031512,110.23783683776855,183.287109375
115,14.658149480819702,0.7366356253623962,0.6547306180000305,0.14690037071704865,133814,15000,141.03640300163534,106.86540603637695,189.52490234375
116,14.555939435958862,0.734054446220398,0.661850094795227,0.12114328145980835,135177,15000,140.61600700006238,106.45365715026855,190.134765625
117,14.556437730789185,0.7336874008178711,0.6574238538742065,0.12791098654270172,136564,15000,144.51900900166947,106.13751411437988,193.380859375
118,14.492813348770142,0.7298571467399597,0.6641581654548645,0.13638563454151154,137959,15000,142.7977000021201,108.28042030334473,193.380859375
119,14.474011659622192,0.7273569107055664,0.6518351435661316,0.12924334406852722,139344,15000,143.6649600000237,106.39762878417969,193.380859375
120,14.413305521011353,0.7211061716079712,0.6628850698471069,0.14158344268798828,140750,15000,142.64903599905665,107.03158378601074,193.380859375
121,14.26429271697998,0.7111483812332153,0.6723072528839111,0.13759121298789978,142150,15000,140.4432250019454,107.32769966125488,193.9111328125
122,14.428318738937378,0.7203199863433838,0.6675014495849609,0.13582412898540497,143526,15000,138.76741099738865,105.11207580566406,193.9111328125
123,14.334508180618286,0.7145268321037292,0.6728132367134094,0.1304229348897934,144889,15000,277.73042999979225,105.6663990020752,195.03173828125
124,14.303520917892456,0.7139849662780762,0.6758081316947937,0.13500896096229553,146264,15000,138.0348189995857,104.32744026184082,197.6865234375
125,14.373871088027954,0.7185189723968506,0.6645282506942749,0.13111326098442078,147627,15000,144.8065980002866,105.2408218383789,199.4072265625
126,14.300488233566284,0.711414098739624,0.6669663190841675,0.1312830150127411,149022,15000,145.87441500043496,110.77117919921875,199.4072265625
127,14.214335680007935,0.7038943767547607,0.6773123145103455,0.13934704661369324,149925,15000,138.05390700144926,106.61101341247559,199.50390625
128,14.206407070159912,0.7048159837722778,0.6723542213439941,0.13373488187789917,149992,15000,137.60246299716528,108.5515022277832,202.216796875
129,14.090088605880737,0.6965368986129761,0.6839388608932495,0.14556998014450073,150000,15000,137.49514800292673,107.83624649047852,202.216796875
130,13.989816904067993,0.6952506899833679,0.6853294372558594,0.15344750881195068,150000,15000,130.13978399976622,106.96101188659668,202.216796875
131,14.005825519561768,0.7000981569290161,0.6723793745040894,0.13501104712486267,150000,15000,129.47586600057548,106.59217834472656,202.46875
132,13.937433958053589,0.6912461519241333,0.6686114072799683,0.14134322106838226,150000,15000,130.18211300004623,106.61602020263672,202.46875
133,13.78156065940857,0.683764636516571,0.6713228225708008,0.1506441831588745,150000,15000,130.69318199995905,106.91285133361816,202.46875
134,13.788210153579712,0.6823668479919434,0.6742000579833984,0.145376056432724,150000,15000,133.48363699697074,106.25791549682617,202.46875
135,13.87165904045105,0.6907172203063965,0.6616336107254028,0.15037724375724792,150000,15000,129.71216900041327,105.49139976501465,202.46875
136,13.646676540374756,0.6756963133811951,0.6685891151428223,0.14255878329277039,150000,15000,138.67704500080436,108.63518714904785,202.46875
137,13.52596402168274,0.658999502658844,0.664848268032074,0.15287531912326813,150000,15000,131.14461100121844,108.67571830749512,202.46875
138,13.513758182525635,0.6555317640304565,0.6683891415596008,0.14891012012958527,150000,15000,132.29458699788665,109.76600646972656,202.46875
139,13.427830934524536,0.6498724818229675,0.6794944405555725,0.1523353010416031,150000,15000,138.67422200200963,106.97555541992188,202.46875
140,13.352603912353516,0.6470881700515747,0.6768600940704346,0.14881440997123718,150000,15000,129.89584400202148,107.12885856628418,202.46875
141,13.34910273551941,0.6477664709091187,0.6743403673171997,0.15602587163448334,150000,15000,128.97234599950025,106.78219795227051,202.46875
142,13.346343040466309,0.6479600667953491,0.6795218586921692,0.14826476573944092,150000,15000,129.04259800052387,106.96697235107422,202.46875
143,13.338323831558228,0.6458846926689148,0.6718772649765015,0.1393086314201355,150000,15000,130.9317919985915,106.07600212097168,202.46875
144,13.3549964427948,0.6501874327659607,0.6820685863494873,0.15007346868515015,150000,15000,131.17056799819693,106.59956932067871,202.46875
145,13.479101657867432,0.6574984788894653,0.6739758849143982,0.14706538617610931,150000,15000,130.4881159994693,107.83529281616211,202.46875
146,13.415720462799072,0.6547088027000427,0.6727534532546997,0.15277855098247528,150000,15000,130.18430300144246,106.109619140625,202.46875
147,13.53764533996582,0.6659194231033325,0.6800094246864319,0.15163442492485046,150000,15000,129.7315929987235,107.61165618896484,202.46875
148,13.59025239944458,0.6731767058372498,0.676531195640564,0.15794384479522705,150000,15000,131.17233900266,109.24053192138672,202.46875
149,13.493733406066895,0.6675982475280762,0.6754371523857117,0.1585989147424698,150000,15000,131.6562829997565,106.89043998718262,202.46875
150,13.570681810379028,0.6726441383361816,0.6787701845169067,0.1510182023048401,150000,15000,137.49774499956402,106.84633255004883,202.46875
151,13.73281478881836,0.6813745498657227,0.677031397819519,0.16698279976844788,150000,15000,144.11995299815317,107.14912414550781,202.46875
152,13.403888940811157,0.6653364896774292,0.6834802627563477,0.16002267599105835,150000,15000,134.48548599990318,109.65681076049805,202.46875
153,13.483117818832397,0.6714013814926147,0.6845242977142334,0.1615070253610611,150000,15000,135.88487800006988,109.45773124694824,202.46875
154,13.613806962966919,0.678237795829773,0.6825288534164429,0.15970246493816376,150000,15000,130.38570600110688,108.18028450012207,202.46875
155,13.658583164215088,0.6825635433197021,0.6775368452072144,0.16082188487052917,150000,15000,133.7098000003607,109.80963706970215,202.46875
156,13.741034269332886,0.6879851222038269,0.6704155802726746,0.16314592957496643,150000,15000,133.56827099778457,106.37235641479492,202.46875
157,13.87662649154663,0.6937140822410583,0.6676062345504761,0.1655956655740738,150000,15000,130.13832900105626,106.57024383544922,202.46875
158,13.939883708953857,0.6984505653381348,0.6738767623901367,0.16967527568340302,150000,15000,130.60611699984292,106.9033145904541,202.46875
159,13.999273777008057,0.706527590751648,0.6635940074920654,0.1724105179309845,150000,15000,130.79656999980216,106.11391067504883,202.46875
160,13.962626457214355,0.7051968574523926,0.663860559463501,0.17268811166286469,150000,15000,130.30584000080125,106.62317276000977,202.46875
161,14.007551670074463,0.710077702999115,0.67281174659729,0.16805027425289154,150000,15000,129.20700600079726,107.20562934875488,202.46875
162,14.007740020751953,0.7112349271774292,0.6719357371330261,0.1758183240890503,150000,15000,133.2299409987172,106.08577728271484,202.46875
163,14.224786758422852,0.7215864062309265,0.6670849323272705,0.17523397505283356,150000,15000,131.8645870014734,105.63826560974121,202.75244140625
164,14.317014217376709,0.7241483926773071,0.6780368685722351,0.18509259819984436,150000,15000,133.60885200017947,109.5578670501709,202.75244140625
165,14.349819421768188,0.7263876795768738,0.6875380277633667,0.1839015632867813,150000,15000,134.061548000318,107.30528831481934,202.75244140625
166,14.417299032211304,0.7341901659965515,0.6752784252166748,0.17990700900554657,150000,15000,138.47192699904554,108.89196395874023,202.75244140625
167,14.632006883621216,0.7438437938690186,0.6643394231796265,0.18396958708763123,150000,15000,130.6997860010597,106.62388801574707,202.75244140625
168,14.624756574630737,0.7459282279014587,0.6727747917175293,0.17835870385169983,150000,15000,130.2966200019,105.9575080871582,202.75244140625
169,14.727696180343628,0.7508822679519653,0.673039436340332,0.17582643032073975,150000,15000,142.34922700052266,110.1071834564209,202.75244140625
170,14.635200500488281,0.7425419092178345,0.6684873700141907,0.18331463634967804,150000,15000,131.42179299757117,107.35440254211426,202.75244140625
171,14.680845737457275,0.74408358335495,0.6713573336601257,0.17677077651023865,150000,15000,138.90901500053587,107.46455192565918,202.75244140625
172,14.707427024841309,0.7478379011154175,0.672357439994812,0.17840388417243958,150000,15000,128.94577399856644,104.95972633361816,202.75244140625
173,14.80436086654663,0.7529117465019226,0.6670588850975037,0.17321529984474182,150000,15000,133.92602800013265,108.67428779602051,202.86328125
174,14.818317890167236,0.7523622512817383,0.6689143180847168,0.16597536206245422,150000,15000,131.31593399884878,107.28812217712402,202.86328125
175,14.694327116012573,0.7501327991485596,0.6663421392440796,0.16357672214508057,150000,15000,138.95807299923035,108.4132194519043,202.86328125
176,14.78422999382019,0.7572207450866699,0.6598913669586182,0.17238369584083557,150000,15000,142.42528099930496,108.39128494262695,202.86328125
177,14.834123849868774,0.7579050064086914,0.6627880930900574,0.174887016415596,150000,15000,152.0634920016164,115.76294898986816,202.86328125
178,14.850078821182251,0.7586040496826172,0.6607869863510132,0.17421334981918335,150000,15000,144.36920400112285,114.54439163208008,202.86328125
179,14.809335470199585,0.7580461502075195,0.6639459729194641,0.1836215704679489,150000,15000,153.84114199696342,125.50640106201172,202.86328125
180,14.721733331680298,0.746961236000061,0.6617973446846008,0.1801498681306839,150000,15000,140.66598700082977,114.37582969665527,202.86328125
181,14.671953916549683,0.7442154288291931,0.6645265817642212,0.1746639758348465,150000,15000,131.97970100009115,108.31975936889648,202.86328125
182,14.817047119140625,0.7582337260246277,0.6514297723770142,0.17429731786251068,150000,15000,129.07954800175503,106.77623748779297,202.86328125
183,14.927228689193726,0.7620493173599243,0.6389040350914001,0.1777593195438385,150000,15000,140.9953710026457,108.05392265319824,202.86328125
184,14.827678203582764,0.7536418437957764,0.6526249647140503,0.18784162402153015,150000,15000,137.57168000302045,105.51977157592773,202.86328125
185,14.966124296188354,0.7615933418273926,0.6523733735084534,0.18685117363929749,150000,15000,131.007028001477,106.0171127319336,202.86328125
186,14.939765930175781,0.7604028582572937,0.6475865840911865,0.19259943068027496,150000,15000,128.81783999910112,106.52565956115723,202.86328125
187,15.079230070114136,0.7698752284049988,0.6404222249984741,0.1943909078836441,150000,15000,129.38597300308174,106.30226135253906,202.86328125
188,15.058828592300415,0.7678099870681763,0.6411172747612,0.19380182027816772,150000,15000,130.31392199991387,107.70106315612793,202.86328125
189,15.10830283164978,0.7728104591369629,0.6467552185058594,0.19301588833332062,150000,15000,145.54339599999366,112.06531524658203,202.86328125
190,15.183478593826294,0.776469886302948,0.6472162008285522,0.19744423031806946,150000,15000,128.1774580020283,104.29930686950684,202.86328125
191,15.106277465820312,0.771783709526062,0.6498490571975708,0.19992537796497345,150000,15000,133.99460799701046,106.58597946166992,202.86328125
192,15.163168907165527,0.7771379947662354,0.6424709558486938,0.1969624161720276,150000,15000,126.53123299969593,104.16865348815918,202.86328125
193,15.329519510269165,0.7869493961334229,0.6337782144546509,0.1973080039024353,150000,15000,128.08181599757518,104.56109046936035,202.86328125
194,15.310660600662231,0.7831262946128845,0.6360573768615723,0.20201946794986725,150000,15000,130.04606799950125,105.2250862121582,202.86328125
195,15.150916576385498,0.774854838848114,0.6440810561180115,0.19734983146190643,150000,15000,134.14981499954592,109.89546775817871,202.86328125
196,15.357396602630615,0.7863460779190063,0.6403417587280273,0.2065778225660324,150000,15000,134.12751500072773,105.61966896057129,202.86328125
197,15.368696451187134,0.7873963117599487,0.6519492268562317,0.20251880586147308,150000,15000,135.02320600309758,107.54251480102539,202.86328125
198,15.426456928253174,0.7892199754714966,0.6574850082397461,0.21156233549118042,150000,15000,135.23177499882877,104.81929779052734,202.86328125
199,15.510753393173218,0.7943701148033142,0.6532476544380188,0.21387188136577606,150000,15000,133.61149200136424,108.26849937438965,202.86328125
200,15.5488920211792,0.793856143951416,0.6520708799362183,0.21758629381656647,144176,15000,141.5639730003022,106.69851303100586,202.86328125
201,16.220823526382446,0.8267205953598022,0.6189233064651489,0.2094823718070984,145611,15000,150.34057599768857,105.12328147888184,202.86328125
202,16.504881381988525,0.8354942202568054,0.6084564924240112,0.21539898216724396,147040,15000,144.17877800224232,104.34937477111816,202.86328125
203,16.53123378753662,0.8343591690063477,0.5992024540901184,0.21778155863285065,148491,15000,151.16869200210203,106.12082481384277,202.86328125
204,16.675153970718384,0.8407341837882996,0.6002383232116699,0.21327956020832062,149924,15000,155.94809299727785,108.44922065734863,202.86328125
205,16.50182604789734,0.8335970640182495,0.5886276364326477,0.20877569913864136,149998,15000,132.1091179997893,106.3697338104248,203.12841796875
206,16.091138124465942,0.8161308765411377,0.6005293130874634,0.22328320145606995,150000,15000,130.56383100047242,104.98166084289551,203.12841796875
207,16.18440270423889,0.8213760256767273,0.5979158282279968,0.21092474460601807,150000,15000,130.5236000007426,106.54377937316895,203.12841796875
208,16.35632038116455,0.8350462317466736,0.5995750427246094,0.21806694567203522,150000,15000,129.0800089991535,106.43911361694336,203.12841796875
209,15.986864566802979,0.8165857195854187,0.6103239059448242,0.23393577337265015,150000,15000,130.11318599819788,106.86612129211426,203.12841796875
210,15.905349254608154,0.8116049766540527,0.6189845204353333,0.2302943766117096,150000,15000,142.16886600115686,107.14912414550781,203.12841796875
211,15.900709629058838,0.8147557973861694,0.6244240999221802,0.23576495051383972,150000,15000,136.15930500236573,106.87112808227539,203.12841796875
212,15.942773818969727,0.8187972903251648,0.6212290525436401,0.24191400408744812,150000,15000,137.84561099964776,106.27460479736328,203.12841796875
213,15.953904390335083,0.8213371634483337,0.6286802291870117,0.2440718412399292,150000,15000,131.21505699746194,107.30409622192383,203.12841796875
214,15.973541736602783,0.8217043280601501,0.6298503875732422,0.24593861401081085,150000,15000,129.5673499989789,106.69875144958496,203.12841796875
215,15.980668067932129,0.822605550289154,0.6247626543045044,0.25199881196022034,150000,15000,133.9261289977003,106.34756088256836,203.12841796875
216,16.0306978225708,0.8254434466362,0.6193585395812988,0.26021137833595276,150000,15000,134.70394400064833,106.09936714172363,203.12841796875
217,16.078301668167114,0.8267760276794434,0.6171622276306152,0.25732553005218506,150000,15000,129.63028100057272,106.97531700134277,203.12841796875
218,16.071521043777466,0.8285216689109802,0.6229215860366821,0.2569388151168823,150000,15000,133.04101700123283,106.6579818725586,203.12841796875
219,16.113966703414917,0.8284218311309814,0.6246956586837769,0.26084384322166443,150000,15000,131.3481729994237,106.72545433044434,203.12841796875
220,16.178829669952393,0.8312718272209167,0.6248502135276794,0.2544404864311218,150000,15000,131.10174300163635,106.76240921020508,203.12841796875
221,15.785294771194458,0.8173615336418152,0.6266798377037048,0.2524140179157257,150000,15000,132.9818049998721,105.91244697570801,203.12841796875
222,15.909769535064697,0.8202526569366455,0.6256820559501648,0.2618798017501831,150000,15000,143.79260699934093,111.65666580200195,203.12841796875
223,16.052837371826172,0.8269276022911072,0.6232818365097046,0.2441440224647522,150000,15000,128.25621299998602,106.17733001708984,203.12841796875
224,16.134142875671387,0.8302813768386841,0.6235377788543701,0.24840997159481049,150000,15000,129.7765499984962,107.70106315612793,203.12841796875
225,16.140379905700684,0.8326229453086853,0.6254927515983582,0.2637505531311035,150000,15000,138.29780199739616,110.16416549682617,203.12841796875
226,16.1457359790802,0.8317245244979858,0.6298331022262573,0.26038721203804016,150000,15000,133.75369300047169,109.80820655822754,203.12841796875
227,16.2360680103302,0.834112823009491,0.6211444139480591,0.2653881013393402,150000,15000,141.92834099958418,112.82944679260254,203.12841796875
228,16.165578365325928,0.8324621915817261,0.6296286582946777,0.253063827753067,150000,15000,131.32819599923096,107.58376121520996,203.12841796875
229,16.106700897216797,0.8303121328353882,0.6347777247428894,0.2777736485004425,150000,15000,130.74268199852668,107.6807975769043,203.12841796875
230,16.25491976737976,0.8339805006980896,0.6273705363273621,0.2711896598339081,150000,15000,130.30863399762893,106.75263404846191,203.12841796875
231,16.06276512145996,0.8264092206954956,0.6308780312538147,0.26459750533103943,150000,15000,131.34880700090434,107.10906982421875,203.12841796875
232,16.284230947494507,0.8371352553367615,0.627589225769043,0.2811581790447235,150000,15000,131.39519700052915,107.77425765991211,203.12841796875
233,16.156933307647705,0.8289626836776733,0.6295240521430969,0.2722404897212982,150000,15000,129.25451299815904,105.50093650817871,203.12841796875
234,16.193358898162842,0.8272846937179565,0.6378028988838196,0.2768378257751465,150000,15000,130.5082159997255,105.94344139099121,203.12841796875
235,16.286150217056274,0.8320358991622925,0.6317040324211121,0.2942080497741699,150000,15000,134.8470909979369,108.34550857543945,203.12841796875
236,16.272611618041992,0.8330575823783875,0.6337761878967285,0.2865549325942993,150000,15000,141.78435700159753,105.9260368347168,203.12841796875
237,16.372519731521606,0.833224892616272,0.6319363117218018,0.3059580624103546,150000,15000,139.5425279988558,114.73989486694336,203.12841796875
238,16.443337202072144,0.8365049362182617,0.6350802779197693,0.2956177294254303,150000,15000,135.83297100194613,112.93983459472656,203.12841796875
239,16.52648091316223,0.8395341634750366,0.631363034248352,0.3029346168041229,150000,15000,132.84050499714795,108.68477821350098,203.12841796875
240,16.52729034423828,0.8372220396995544,0.6426419019699097,0.3044236898422241,150000,15000,131.66560600075172,107.35917091369629,203.12841796875
241,16.52547836303711,0.8348023891448975,0.6504484415054321,0.31273895502090454,150000,15000,136.01680700230645,113.54923248291016,203.12841796875
242,16.511800289154053,0.8329514265060425,0.6483548283576965,0.30687934160232544,150000,15000,133.10923899916816,106.72783851623535,203.12841796875
243,16.56437397003174,0.8353092074394226,0.652588963508606,0.3158673644065857,150000,15000,129.57201400058693,107.14364051818848,203.12841796875
244,16.462939977645874,0.8323026895523071,0.6496298909187317,0.3210476040840149,150000,15000,130.83146099961596,106.45198822021484,203.12841796875
245,16.508607864379883,0.8356097936630249,0.6407977342605591,0.32329463958740234,150000,15000,131.11095299973385,107.16772079467773,203.12841796875
246,16.70541524887085,0.842138946056366,0.6368280649185181,0.3329958915710449,150000,15000,129.92198900246876,105.4387092590332,203.12841796875
247,16.71471118927002,0.8425001502037048,0.6352878212928772,0.3277975618839264,150000,15000,132.30311699953745,107.00678825378418,203.12841796875
248,16.619406938552856,0.8408839106559753,0.6337168216705322,0.31078651547431946,150000,15000,128.52439299967955,105.95440864562988,203.12841796875
249,16.64523959159851,0.8403589129447937,0.6323343515396118,0.3128310441970825,150000,15000,131.7677779989026,105.8497428894043,203.12841796875
250,16.480345726013184,0.8319544792175293,0.6377565860748291,0.30555811524391174,150000,15000,129.402309001307,105.69453239440918,203.12841796875
251,16.548945903778076,0.8365639448165894,0.6308859586715698,0.3118167817592621,150000,15000,129.32207799894968,106.49442672729492,203.12841796875
252,16.68783664703369,0.842231035232544,0.6298929452896118,0.3089292347431183,150000,15000,138.46765800190042,114.46356773376465,203.12841796875
253,16.771526336669922,0.8445991277694702,0.6250895857810974,0.30316486954689026,150000,15000,136.86487399900216,111.35411262512207,203.12841796875
254,16.2473201751709,0.8269405364990234,0.6111865043640137,0.29413291811943054,150000,15000,137.30406499962555,106.6443920135498,203.12841796875
255,16.00313663482666,0.8183631896972656,0.6329162120819092,0.2858838737010956,150000,15000,132.11724800203228,109.45534706115723,203.12841796875
256,16.019824743270874,0.8208097815513611,0.6382263898849487,0.2767622470855713,150000,15000,131.41588700091233,107.98978805541992,203.12841796875
257,16.291849613189697,0.8319233655929565,0.6266781091690063,0.28013280034065247,150000,15000,130.612586002826,107.0101261138916,203.12841796875
258,16.558419466018677,0.8397917747497559,0.6340980529785156,0.29072892665863037,150000,15000,134.42203600061475,104.79068756103516,203.12841796875
259,16.78956151008606,0.8431777954101562,0.6215620040893555,0.2948271334171295,150000,15000,132.29815600061556,106.16827011108398,203.12841796875
260,16.471760272979736,0.8378161191940308,0.6352786421775818,0.2817307710647583,150000,15000,131.89488699936192,106.72307014465332,203.12841796875
261,16.410948038101196,0.8307268619537354,0.6207289695739746,0.2846766412258148,150000,15000,130.67272499756655,106.2173843383789,203.12841796875
262,16.36352777481079,0.8292993307113647,0.6343216896057129,0.26574715971946716,150000,15000,130.09025599967572,106.17637634277344,203.12841796875
263,16.502176523208618,0.8380691409111023,0.6299852132797241,0.2680307924747467,150000,15000,130.34123400211683,107.36846923828125,203.12841796875
264,16.710447072982788,0.8419204950332642,0.6205543279647827,0.269575834274292,150000,15000,128.0271610012278,106.08863830566406,203.12841796875
265,16.58824920654297,0.8328006267547607,0.6324633359909058,0.27812454104423523,150000,15000,128.67489499694784,105.47780990600586,203.12841796875
266,16.596168279647827,0.8313043117523193,0.6444323658943176,0.31087765097618103,150000,15000,128.10283100043307,105.76486587524414,203.12841796875
267,16.719954013824463,0.8350538015365601,0.637997567653656,0.29940396547317505,150000,15000,137.30343299903325,105.44395446777344,203.12841796875
268,16.70617938041687,0.8350254893302917,0.6352521181106567,0.3013358414173126,150000,15000,128.46965399876353,105.7119369506836,203.12841796875
269,16.316035985946655,0.8171042799949646,0.6451101303100586,0.298082172870636,150000,15000,132.47401399712544,104.89559173583984,203.12841796875
270,16.104837656021118,0.812156081199646,0.6564338207244873,0.30582472681999207,150000,15000,127.41287699827808,104.58564758300781,203.12841796875
271,16.08123540878296,0.8087610006332397,0.665311336517334,0.32769784331321716,150000,15000,135.8119610013091,112.43700981140137,203.12841796875
272,15.960921049118042,0.8043167591094971,0.6607211232185364,0.3176955282688141,150000,15000,128.06980100140208,104.01201248168945,203.12841796875
273,16.146656274795532,0.8113254308700562,0.6565566658973694,0.32518133521080017,150000,15000,128.32244799938053,104.36725616455078,203.12841796875
274,16.111758947372437,0.8077805042266846,0.6543950438499451,0.3269854485988617,150000,15000,130.89567099814303,107.72562026977539,203.12841796875
275,16.025478839874268,0.8024410009384155,0.6575086116790771,0.3285781443119049,150000,15000,128.30136099728406,105.04031181335449,203.12841796875
276,15.950876474380493,0.8021574020385742,0.6568411588668823,0.3257083594799042,150000,15000,128.87277600020752,105.37910461425781,203.12841796875
277,16.12555980682373,0.8045060634613037,0.6658568382263184,0.35241472721099854,150000,15000,128.0659949989058,105.32712936401367,203.12841796875
278,16.23746633529663,0.8122836351394653,0.6675859689712524,0.34309810400009155,150000,15000,127.84156100315158,105.50212860107422,203.12841796875
279,16.201401948928833,0.8132551908493042,0.6686888933181763,0.34553399682044983,150000,15000,132.90422900172416,107.31911659240723,203.12841796875
280,16.16760015487671,0.8129298686981201,0.6699837446212769,0.3377452790737152,150000,15000,132.13230600013048,106.47106170654297,203.12841796875
281,16.22085213661194,0.8152534365653992,0.6703099012374878,0.332383930683136,150000,15000,134.14967599965166,109.72452163696289,203.12841796875
282,16.21433973312378,0.8150159120559692,0.6634361743927002,0.34320855140686035,150000,15000,137.16593999924953,111.89889907836914,203.12841796875
283,16.165285110473633,0.8121987581253052,0.6675975322723389,0.3464471399784088,150000,15000,134.0295049994893,108.42633247375488,203.12841796875
284,16.1707866191864,0.8144826889038086,0.6680662631988525,0.35270801186561584,150000,15000,132.54941199920722,108.80780220031738,203.12841796875
285,16.32503032684326,0.8185328841209412,0.6710900068283081,0.3469221591949463,150000,15000,135.4144750002888,108.2313060760498,203.12841796875
286,16.311776638031006,0.8189574480056763,0.6721731424331665,0.33619704842567444,150000,15000,131.53196699931868,108.17766189575195,203.12841796875
287,16.178804636001587,0.8146888017654419,0.6721062064170837,0.3352830111980438,150000,15000,132.67677199837635,107.99264907836914,203.12841796875
288,16.21057629585266,0.8137722015380859,0.6807539463043213,0.35320740938186646,150000,15000,130.49450499966042,106.5523624420166,203.12841796875
289,16.198242902755737,0.8145286440849304,0.6824181079864502,0.3367661237716675,150000,15000,132.4012090008182,106.75168037414551,203.12841796875
290,16.228851079940796,0.8131895065307617,0.6804461479187012,0.34606969356536865,150000,15000,129.90133499988588,107.10930824279785,203.12841796875
291,16.089229583740234,0.8083877563476562,0.6758080720901489,0.34291917085647583,150000,15000,131.6563850014063,106.84704780578613,203.12841796875
292,16.00510835647583,0.8058406114578247,0.6832177639007568,0.3340262472629547,150000,15000,132.78870100111817,107.17368125915527,203.12841796875
293,16.044740676879883,0.8109064102172852,0.676592230796814,0.327582448720932,150000,15000,130.71325599958072,106.94122314453125,203.12841796875
294,16.018258333206177,0.8113539218902588,0.6739311814308167,0.3201184570789337,150000,15000,135.79052700151806,110.25881767272949,203.12841796875
295,16.14863157272339,0.8158041834831238,0.6719447374343872,0.32361075282096863,150000,15000,137.23383300020942,108.13117027282715,203.12841796875
296,16.240981817245483,0.8209365606307983,0.6683618426322937,0.31841909885406494,150000,15000,135.44345199989039,110.14604568481445,203.12841796875
297,16.243313550949097,0.8235464096069336,0.6515382528305054,0.30998945236206055,150000,15000,133.55139399936888,108.11161994934082,203.12841796875
298,16.20442509651184,0.8229891657829285,0.6525457501411438,0.3228588104248047,150000,15000,131.80452799861087,108.08062553405762,203.12841796875
299,16.14034652709961,0.8204878568649292,0.6568439602851868,0.3147169053554535,150000,15000,131.70069199986756,107.70010948181152,203.12841796875
300,16.192572116851807,0.8218849897384644,0.653886079788208,0.3174547553062439,138416,15000,140.8196680022229,107.99384117126465,203.12841796875
301,16.87025547027588,0.8321451544761658,0.6138484477996826,0.3160351812839508,139793,15000,150.55456499976572,112.9608154296875,203.12841796875
302,17.123355865478516,0.8509590029716492,0.6133464574813843,0.31102412939071655,141208,15000,164.05968300023233,115.9820556640625,203.12841796875
303,17.2842013835907,0.8596781492233276,0.6123626232147217,0.30729350447654724,142639,15000,155.9421519996249,113.78884315490723,203.12841796875
304,17.347276210784912,0.8613467216491699,0.6108497977256775,0.30748650431632996,144105,15000,156.148641002801,114.06111717224121,203.12841796875
305,17.380688190460205,0.8626490831375122,0.6129336357116699,0.3135167062282562,145572,15000,157.2530099983851,113.91687393188477,203.12841796875
306,17.347795963287354,0.862821102142334,0.6083766222000122,0.30992376804351807,147041,15000,157.4826510004641,117.41232872009277,203.12841796875
307,17.44812250137329,0.8641078472137451,0.6050409078598022,0.3166145384311676,148520,15000,163.65386899997247,119.9188232421875,203.12841796875
308,17.47645378112793,0.8650394678115845,0.6034428477287292,0.32163265347480774,149965,15000,160.6092570000328,117.96903610229492,203.12841796875
309,17.436751127243042,0.8615357875823975,0.6079652905464172,0.3189801573753357,149998,15000,153.30302100119297,116.5463924407959,203.12841796875
310,17.354233264923096,0.8598065376281738,0.6069236993789673,0.31859174370765686,150000,15000,152.15291200001957,115.95797538757324,203.12841796875
311,17.333260774612427,0.8597399592399597,0.6053882241249084,0.3169378340244293,150000,15000,149.09135599737056,117.88749694824219,203.12841796875
312,17.00723648071289,0.8457300066947937,0.6113677620887756,0.31709417700767517,150000,15000,142.4050920031732,116.48917198181152,203.12841796875
313,17.115246057510376,0.8498417139053345,0.6092376708984375,0.3235469460487366,150000,15000,142.00814699870534,113.71421813964844,203.12841796875
314,17.11796283721924,0.8514552116394043,0.6127874851226807,0.31660038232803345,150000,15000,147.2181700009969,117.4468994140625,203.12841796875
315,17.087388038635254,0.850273609161377,0.6118214130401611,0.32136690616607666,150000,15000,147.34649599995464,118.7448501586914,203.12841796875
316,17.04006314277649,0.8509640693664551,0.6098737120628357,0.31938526034355164,150000,15000,142.77099999890197,111.61494255065918,203.12841796875
317,17.06320881843567,0.8501980304718018,0.6079300045967102,0.32511743903160095,150000,15000,132.79658800092875,108.10279846191406,203.12841796875
318,16.974626779556274,0.847646951675415,0.6014642715454102,0.32547277212142944,150000,15000,135.83043800099404,111.07468605041504,203.12841796875
319,17.064929008483887,0.8495099544525146,0.601730465888977,0.3352239429950714,150000,15000,132.88061400089646,107.99241065979004,203.12841796875
320,17.09396481513977,0.8527032136917114,0.5992382764816284,0.326208233833313,150000,15000,135.40864800233976,108.23798179626465,203.12841796875
321,17.05763816833496,0.8527042269706726,0.6003855466842651,0.3283342123031616,150000,15000,166.74396300004446,133.72230529785156,203.12841796875
322,17.02014923095703,0.8521497249603271,0.6012341976165771,0.33043521642684937,150000,15000,136.90937899809796,109.33589935302734,203.12841796875
323,16.95605158805847,0.8498181104660034,0.6012119650840759,0.3327614665031433,150000,15000,134.32251700214692,109.85898971557617,203.12841796875
324,16.85623526573181,0.8462555408477783,0.6116640567779541,0.33455750346183777,150000,15000,136.43594200038933,112.17784881591797,203.12841796875
325,16.848706007003784,0.8460890054702759,0.6080445051193237,0.3314485251903534,150000,15000,131.1743939986627,108.20984840393066,203.6396484375
326,16.68219804763794,0.8405836820602417,0.6081620454788208,0.33502086997032166,150000,15000,131.95891099894652,108.77442359924316,203.6396484375
327,16.702139377593994,0.8427442312240601,0.6056072115898132,0.3276335299015045,150000,15000,131.13192200034973,106.74118995666504,203.6396484375
328,16.725151538848877,0.8429288864135742,0.6084803342819214,0.3256292939186096,150000,15000,131.0000579978805,106.79268836975098,203.6396484375
329,16.556843519210815,0.8334048986434937,0.6082592606544495,0.32670509815216064,150000,15000,137.26966600006563,106.75239562988281,203.6396484375
330,16.454118490219116,0.831839919090271,0.6095687747001648,0.3245595097541809,150000,15000,131.8001899999217,108.53242874145508,203.6396484375
331,16.28516674041748,0.8276616930961609,0.6081901788711548,0.3208311200141907,150000,15000,133.0642020002415,107.67436027526855,203.6396484375
332,16.276315450668335,0.8272883892059326,0.6167159080505371,0.3238028287887573,150000,15000,132.50715500180377,108.02578926086426,203.6396484375
333,16.207600831985474,0.8261024355888367,0.6139038801193237,0.3295932412147522,150000,15000,136.69971199851716,109.45701599121094,203.6396484375
334,16.177997589111328,0.8265251517295837,0.6143380999565125,0.32604891061782837,150000,15000,137.97497400082648,110.98456382751465,203.6396484375
335,16.070592403411865,0.8245037794113159,0.61250901222229,0.3191685080528259,150000,15000,149.51591300268774,111.24396324157715,203.6396484375
336,16.149944067001343,0.8270988464355469,0.6203511357307434,0.3169396221637726,150000,15000,133.22989299922483,108.58392715454102,203.6396484375
337,16.151440143585205,0.8272705078125,0.6143195629119873,0.32802432775497437,150000,15000,133.8867360027507,108.37435722351074,203.6396484375
338,16.103416681289673,0.8267333507537842,0.6066330671310425,0.3184366822242737,150000,15000,139.03387200116413,105.71932792663574,203.6396484375
339,15.924450159072876,0.8157479166984558,0.613746166229248,0.3250254988670349,150000,15000,138.50580700091086,107.44643211364746,203.6396484375
340,16.027157306671143,0.82432621717453,0.6225917339324951,0.32554128766059875,150000,15000,136.2178750023304,109.04121398925781,203.6396484375
341,16.085402965545654,0.8268279433250427,0.6250970363616943,0.31682872772216797,150000,15000,134.1519750021689,107.73873329162598,203.6396484375
342,16.071027517318726,0.8238992691040039,0.6282931566238403,0.3185568153858185,150000,15000,133.01537900042604,108.9472770690918,203.6396484375
343,16.087071895599365,0.8252803683280945,0.6222471594810486,0.32080259919166565,150000,15000,132.16520399873843,105.64208030700684,203.6396484375
344,16.0752534866333,0.8246479034423828,0.6201064586639404,0.3183995485305786,150000,15000,133.16586899964022,107.01608657836914,203.6396484375
345,16.133345365524292,0.8276824355125427,0.6188162565231323,0.3077760636806488,150000,15000,135.46558599773562,107.00058937072754,203.6396484375
346,16.189640760421753,0.8302010297775269,0.6196433901786804,0.32028695940971375,150000,15000,137.68812600028468,106.15706443786621,203.6396484375
347,16.175490617752075,0.8307473659515381,0.6268638372421265,0.31698012351989746,150000,15000,134.5688199980941,107.00178146362305,203.6396484375
348,16.22534990310669,0.8339705467224121,0.6228274703025818,0.3086746037006378,150000,15000,133.31214400022873,105.97681999206543,203.6396484375
349,16.23454213142395,0.8332249522209167,0.6255072355270386,0.303434282541275,150000,15000,144.20316699761315,106.76431655883789,203.6396484375
350,16.416659355163574,0.8379602432250977,0.6216148734092712,0.3062756657600403,150000,15000,134.1344790016592,107.88869857788086,203.6396484375
351,16.45085573196411,0.8401989340782166,0.6208474040031433,0.3120463192462921,150000,15000,135.9355560016411,106.71591758728027,203.6396484375
352,16.39738917350769,0.839303195476532,0.6183682680130005,0.3055388331413269,150000,15000,133.09696199939935,107.82885551452637,203.6396484375
353,16.404796838760376,0.8398089408874512,0.6210664510726929,0.29843151569366455,150000,15000,131.16933799756225,107.30314254760742,203.6396484375
354,16.41934037208557,0.8386482000350952,0.6261343955993652,0.306412935256958,150000,15000,131.234840999241,107.6197624206543,203.6396484375
355,16.215744018554688,0.8317729830741882,0.6247755885124207,0.29354128241539,150000,15000,132.04597499861848,106.66155815124512,203.6396484375
356,16.272141933441162,0.8356978893280029,0.6189771890640259,0.29507678747177124,150000,15000,131.2624380007037,105.8955192565918,203.6396484375
357,16.30787968635559,0.835617184638977,0.6156120896339417,0.29724928736686707,150000,15000,138.78670299891382,110.08167266845703,203.6396484375
358,16.316484212875366,0.8375444412231445,0.6147156953811646,0.2882579267024994,150000,15000,141.23381500030519,108.11161994934082,203.6396484375
359,16.317437887191772,0.8366597890853882,0.621936559677124,0.29266440868377686,150000,15000,137.45020200076397,106.38809204101562,203.6396484375
360,16.344802379608154,0.8390865325927734,0.6236326694488525,0.28614339232444763,150000,15000,128.96114999966812,105.07941246032715,203.6396484375
361,16.377029418945312,0.8365182876586914,0.6239639520645142,0.2832438349723816,150000,15000,139.5762360007211,107.73658752441406,203.6396484375
362,16.180983781814575,0.828393816947937,0.643919825553894,0.2783282697200775,150000,15000,146.58884099844727,110.83078384399414,203.6396484375
363,16.173393726348877,0.8252055048942566,0.65902179479599,0.2730897068977356,150000,15000,129.91755900293356,105.17454147338867,204.25830078125
364,16.051876544952393,0.8181812167167664,0.6647070646286011,0.2619518041610718,150000,15000,136.63667400032864,106.9025993347168,204.25830078125
365,16.048024892807007,0.816075325012207,0.6533998847007751,0.25937730073928833,150000,15000,131.02918599906843,105.0863265991211,204.25830078125
366,16.15379571914673,0.8219826221466064,0.6499046087265015,0.2551746964454651,150000,15000,132.1127549999801,106.87947273254395,204.25830078125
367,15.881725549697876,0.814159095287323,0.6464318633079529,0.2549298107624054,150000,15000,136.5477950021159,109.92789268493652,204.25830078125
368,15.88787317276001,0.8138740062713623,0.6547238826751709,0.2536046802997589,150000,15000,130.66868999885628,105.96251487731934,204.25830078125
369,15.874221324920654,0.8135234713554382,0.6556816101074219,0.2569730579853058,150000,15000,130.9488440019777,106.69684410095215,204.25830078125
370,15.824170112609863,0.8108963966369629,0.6542752385139465,0.25282543897628784,150000,15000,131.38781700035906,106.38976097106934,204.25830078125
371,15.745769739151001,0.8086416125297546,0.6589484214782715,0.2455514520406723,150000,15000,131.08748200102127,106.65464401245117,204.25830078125
372,15.84834098815918,0.8139945864677429,0.6584336757659912,0.24395467340946198,150000,15000,131.63742800315958,105.86118698120117,204.25830078125
373,15.816136598587036,0.8131793737411499,0.6611151695251465,0.2410702109336853,150000,15000,131.55946300321375,106.28914833068848,204.25830078125
374,15.916208028793335,0.8192547559738159,0.6594269275665283,0.2449341118335724,150000,15000,131.75331400270807,108.56914520263672,204.25830078125
375,16.175037622451782,0.8295938372612,0.6528019905090332,0.24327059090137482,150000,15000,134.2016140006308,106.69612884521484,204.25830078125
376,16.17439866065979,0.829309344291687,0.6493263840675354,0.23820245265960693,150000,15000,134.44229699962307,109.94839668273926,204.25830078125
377,16.17854118347168,0.829586923122406,0.6502500772476196,0.23989978432655334,150000,15000,129.59639199834783,105.52144050598145,204.25830078125
378,16.096110343933105,0.8271372318267822,0.6523380279541016,0.23438730835914612,150000,15000,130.3208680001262,106.0786247253418,204.25830078125
379,16.021132469177246,0.8261730074882507,0.656152606010437,0.23820027709007263,150000,15000,130.4818239987071,106.37927055358887,204.25830078125
380,16.10941171646118,0.8304475545883179,0.6509236693382263,0.2237398326396942,150000,15000,134.70118799887132,111.18817329406738,204.25830078125
381,16.220920085906982,0.834266185760498,0.6420233845710754,0.2226734757423401,150000,15000,128.99514799937606,105.73458671569824,204.25830078125
382,16.30461812019348,0.8362721800804138,0.6497458219528198,0.22962868213653564,150000,15000,130.27451499874587,105.43346405029297,204.25830078125
383,16.232385635375977,0.8330065608024597,0.6529514789581299,0.23530922830104828,150000,15000,127.8198580002936,104.17342185974121,204.25830078125
384,16.389527320861816,0.8381578326225281,0.653693437576294,0.2252570539712906,150000,15000,134.0942479982914,105.74030876159668,204.25830078125
385,16.239949464797974,0.8343112468719482,0.6571687459945679,0.22209975123405457,150000,15000,138.864355001715,106.44865036010742,204.25830078125
386,16.155366897583008,0.8316358327865601,0.656836986541748,0.23003250360488892,150000,15000,139.77868599977228,108.10089111328125,204.25830078125
387,16.20774269104004,0.8315463066101074,0.6552969813346863,0.2345653921365738,150000,15000,136.93239499843912,105.35883903503418,204.25830078125
388,16.20303511619568,0.8319058418273926,0.6479448080062866,0.21389706432819366,150000,15000,132.67414899746655,105.6215763092041,204.25830078125
389,16.130785942077637,0.8290171027183533,0.6574184894561768,0.22639507055282593,150000,15000,132.74490500043612,107.97500610351562,204.25830078125
390,16.166577339172363,0.8305253386497498,0.6482496857643127,0.22463779151439667,150000,15000,134.375486002682,107.37490653991699,204.25830078125
391,15.955027341842651,0.8248302936553955,0.6491796970367432,0.21552440524101257,150000,15000,132.60210899898084,106.69183731079102,204.25830078125
392,15.990769863128662,0.8256003856658936,0.6461576223373413,0.20881067216396332,150000,15000,131.97926899738377,105.8964729309082,204.25830078125
393,15.949782133102417,0.8222832679748535,0.6535972356796265,0.21067573130130768,150000,15000,138.31119300084538,104.42614555358887,204.25830078125
394,15.86405873298645,0.8198043704032898,0.6518586874008179,0.20899410545825958,150000,15000,133.47794800210977,106.3086986541748,204.25830078125
395,15.873899459838867,0.8222458362579346,0.6533676385879517,0.2012963891029358,150000,15000,132.0455690001836,106.92095756530762,204.25830078125
396,15.966683626174927,0.8246512413024902,0.6494986414909363,0.20697912573814392,150000,15000,140.6551740001305,111.33575439453125,204.25830078125
397,15.925049781799316,0.8226451873779297,0.6524999737739563,0.21214425563812256,150000,15000,137.87265900100465,108.41870307922363,204.25830078125
398,15.86564302444458,0.8216809034347534,0.6491014361381531,0.2003065049648285,150000,15000,131.2721199974476,106.24027252197266,204.25830078125
399,15.882347822189331,0.8197720050811768,0.6561352610588074,0.21146416664123535,150000,15000,134.4033550012682,106.32085800170898,204.25830078125
400,15.842787027359009,0.8165050745010376,0.6615963578224182,0.1954183131456375,147228,15000,133.6047980003059,105.45110702514648,204.25830078125
401,16.10184669494629,0.8236815333366394,0.6451681852340698,0.20354251563549042,148680,15000,151.9861349988787,111.28902435302734,204.25830078125
402,16.142152547836304,0.824986457824707,0.6440842151641846,0.20063427090644836,149934,15000,148.88743700066698,107.57565498352051,204.25830078125
403,16.03255271911621,0.8201172351837158,0.642749547958374,0.20464268326759338,149998,15000,134.5529800018994,108.32953453063965,204.25830078125
404,15.963841676712036,0.819147527217865,0.6454919576644897,0.19699640572071075,150000,15000,139.54274199932115,106.0488224029541,204.25830078125
405,15.919287204742432,0.8157140016555786,0.6377245187759399,0.1946321725845337,150000,15000,131.90558499991312,105.69643974304199,204.25830078125
406,15.850008726119995,0.8141026496887207,0.6375643014907837,0.20014679431915283,150000,15000,133.54612799957977,106.08458518981934,204.25830078125
407,15.86235523223877,0.8155677318572998,0.6335287690162659,0.18723879754543304,150000,15000,136.5979360016354,106.29034042358398,204.25830078125
408,15.884448289871216,0.8144010901451111,0.6304606199264526,0.18602582812309265,150000,15000,133.1976749970636,107.36513137817383,204.25830078125
409,16.00736975669861,0.8175565600395203,0.6248000860214233,0.20035646855831146,150000,15000,135.39898400267703,105.80325126647949,204.25830078125
410,15.946922302246094,0.817622184753418,0.6225619912147522,0.19136793911457062,150000,15000,136.41889399877982,107.21087455749512,204.25830078125
411,15.982511043548584,0.8180423974990845,0.6145980954170227,0.18736623227596283,150000,15000,133.12866799969925,108.32715034484863,204.25830078125
412,15.982751846313477,0.8181630969047546,0.6172739267349243,0.1964089572429657,150000,15000,142.2640219971072,110.27169227600098,204.25830078125
413,15.961065292358398,0.8183228373527527,0.6175060868263245,0.19960865378379822,150000,15000,131.98147699949914,107.46526718139648,204.25830078125
414,15.915523767471313,0.8155350089073181,0.6161327958106995,0.19897040724754333,150000,15000,132.4338970007375,107.91444778442383,204.25830078125
415,15.888222455978394,0.8133236765861511,0.6167401075363159,0.20284590125083923,150000,15000,131.11223300074926,105.6983470916748,204.25830078125
416,15.860828161239624,0.813126266002655,0.6246562004089355,0.19881607592105865,150000,15000,133.87669700023253,105.9720516204834,204.25830078125
417,15.925266742706299,0.8158003687858582,0.634114146232605,0.20318849384784698,150000,15000,132.96188799722586,106.98485374450684,204.25830078125
418,15.989998579025269,0.8207682967185974,0.6204296946525574,0.18897633254528046,150000,15000,131.37545499921544,105.64041137695312,204.25830078125
419,16.002249717712402,0.820338249206543,0.6214662194252014,0.19881217181682587,150000,15000,132.65949000196997,105.32999038696289,204.25830078125
420,15.978137254714966,0.818534791469574,0.6277629137039185,0.1847335547208786,150000,15000,130.02581500040833,105.50999641418457,204.25830078125
421,15.77667236328125,0.8103243112564087,0.6314817070960999,0.18929865956306458,150000,15000,134.75327899868716,106.54568672180176,204.25830078125
422,15.518871545791626,0.7935289740562439,0.6333644390106201,0.1999780833721161,150000,15000,132.13122600063798,105.11612892150879,204.25830078125
423,15.612127780914307,0.8004425764083862,0.6352831125259399,0.19134220480918884,150000,15000,130.38809800127638,106.18400573730469,204.25830078125
424,15.510753393173218,0.7863619327545166,0.6477487087249756,0.18941393494606018,150000,15000,134.22921099845553,106.78505897521973,204.25830078125
425,15.661073923110962,0.8018536567687988,0.6403089761734009,0.19301994144916534,150000,15000,130.8785210021597,105.02147674560547,204.25830078125
426,15.722154378890991,0.8032192587852478,0.6347415447235107,0.19081318378448486,150000,15000,135.88508300017565,104.6605110168457,204.25830078125
427,15.666521787643433,0.7985765337944031,0.6287808418273926,0.1894003003835678,150000,15000,129.39964800170856,104.85959053039551,204.25830078125
428,15.618201494216919,0.7956798076629639,0.6407656073570251,0.1935945600271225,150000,15000,133.3778740008711,107.81049728393555,204.25830078125
429,15.655827522277832,0.7981232404708862,0.6444993019104004,0.1953245997428894,150000,15000,140.0481429991487,105.81398010253906,204.25830078125
430,15.511318445205688,0.7916474342346191,0.6442127823829651,0.18743664026260376,150000,15000,131.1122629995225,105.93366622924805,204.25830078125
431,15.416951179504395,0.787895143032074,0.6478030681610107,0.17796409130096436,150000,15000,128.18510700162733,103.19852828979492,204.25830078125
432,15.366905927658081,0.7852956056594849,0.6533448100090027,0.18695852160453796,150000,15000,129.96377300078166,106.10079765319824,204.25830078125
433,15.342187881469727,0.7842355966567993,0.6597479581832886,0.18434272706508636,150000,15000,128.3338739995088,103.91092300415039,204.25830078125
434,15.38706660270691,0.7845703959465027,0.6613619923591614,0.19667033851146698,150000,15000,128.55023899828666,104.07471656799316,204.25830078125
435,15.239894390106201,0.7799733877182007,0.6608619689941406,0.1855497807264328,150000,15000,128.44822699844372,103.78289222717285,204.25830078125
436,15.251107215881348,0.7788965106010437,0.6697279214859009,0.1876206248998642,150000,15000,130.63426600274397,104.56347465515137,204.25830078125
437,15.227501392364502,0.7785732746124268,0.6682671904563904,0.1818791776895523,150000,15000,130.37372599865193,105.0570011138916,204.25830078125
438,15.149122476577759,0.7717374563217163,0.6674394607543945,0.179547518491745,150000,15000,129.45726699763327,104.82978820800781,204.25830078125
439,15.095480680465698,0.7702510356903076,0.6770586371421814,0.1903630644083023,150000,15000,131.93562699962058,105.81851005554199,204.25830078125
440,15.13761281967163,0.7733694911003113,0.6751523613929749,0.20084308087825775,150000,15000,130.54757499776315,106.21309280395508,204.25830078125
441,15.099002122879028,0.7712430953979492,0.6738425493240356,0.17471572756767273,150000,15000,130.48068499847432,104.75325584411621,204.25830078125
442,15.062830448150635,0.7688938975334167,0.6761845350265503,0.1747712343931198,150000,15000,133.527652000339,106.21213912963867,204.25830078125
443,15.063176155090332,0.7694900035858154,0.6836789846420288,0.18432296812534332,150000,15000,128.54651700035902,103.85560989379883,204.25830078125
444,15.054546594619751,0.7689827680587769,0.6860102415084839,0.18911197781562805,150000,15000,130.8404570008861,106.89926147460938,204.25830078125
445,14.912171363830566,0.7604245543479919,0.6914912462234497,0.19207976758480072,150000,15000,134.1645900029107,106.06908798217773,204.25830078125
446,15.001639127731323,0.7660893201828003,0.6836830377578735,0.1778045892715454,150000,15000,140.3168420001748,106.1553955078125,204.25830078125
447,14.978729486465454,0.768176794052124,0.6765507459640503,0.16663123667240143,150000,15000,131.96013900233083,106.60099983215332,204.25830078125
448,14.92020845413208,0.7635952234268188,0.6792481541633606,0.17545823752880096,150000,15000,138.4438829991268,108.74056816101074,204.25830078125
449,14.982415437698364,0.7683071494102478,0.6820094585418701,0.17484505474567413,150000,15000,138.92072499947972,110.92281341552734,204.25830078125
450,15.026960372924805,0.7713305354118347,0.6694451570510864,0.17307603359222412,150000,15000,132.95546600056696,106.22787475585938,204.25830078125
451,14.954370260238647,0.7678619623184204,0.6784957647323608,0.17023375630378723,150000,15000,130.18170299983467,105.22913932800293,204.25830078125
452,15.017715692520142,0.7709989547729492,0.6763690710067749,0.1733119934797287,150000,15000,132.5761859989143,105.82828521728516,204.25830078125
453,15.006828308105469,0.7711384296417236,0.6686908006668091,0.1711292564868927,150000,15000,135.31320299807703,107.5291633605957,204.25830078125
454,15.020960569381714,0.7734874486923218,0.6659445762634277,0.1733327955007553,150000,15000,130.6348859980062,106.59456253051758,204.25830078125
455,15.07075309753418,0.7736915349960327,0.6714203357696533,0.15916138887405396,150000,15000,131.04285300141782,107.25140571594238,204.25830078125
456,15.026103258132935,0.7732894420623779,0.6618219614028931,0.16593334078788757,150000,15000,133.57532499867375,107.1014404296875,204.25830078125
457,14.924745559692383,0.7693955898284912,0.6683870553970337,0.18430589139461517,150000,15000,131.8538070008799,106.21476173400879,204.25830078125
458,14.999841451644897,0.77114337682724,0.6586953997612,0.1807786524295807,150000,15000,131.6429539983801,106.17756843566895,204.25830078125
459,15.002734661102295,0.7731890678405762,0.6650140285491943,0.1760200709104538,150000,15000,135.63393000003998,108.63351821899414,204.25830078125
460,14.931607246398926,0.767331600189209,0.6660465598106384,0.17091526091098785,150000,15000,138.39690800159588,108.89768600463867,204.25830078125
461,14.87998366355896,0.766521692276001,0.6576197147369385,0.18242432177066803,150000,15000,139.33254899893655,107.01823234558105,204.25830078125
462,14.888336658477783,0.7685062885284424,0.6516885757446289,0.1805318295955658,150000,15000,131.4717040004325,107.23376274108887,204.25830078125
463,14.877997636795044,0.7690291404724121,0.6501940488815308,0.1883728951215744,150000,15000,137.2366730029171,109.43961143493652,204.25830078125
464,14.996817111968994,0.7749401926994324,0.6513389945030212,0.170697882771492,150000,15000,134.9702849984169,110.36014556884766,204.25830078125
465,15.113954544067383,0.7814749479293823,0.6559401750564575,0.17582473158836365,150000,15000,132.61710400183802,105.89098930358887,204.25830078125
466,15.147488117218018,0.7832795977592468,0.65013587474823,0.17156265676021576,150000,15000,135.6801980000455,109.91168022155762,204.25830078125
467,15.210322141647339,0.7857753038406372,0.6542252898216248,0.1632312685251236,150000,15000,134.8286940010439,108.68620872497559,204.25830078125
468,15.200567245483398,0.786996603012085,0.663321852684021,0.17380088567733765,150000,15000,134.1362389975984,109.50708389282227,204.25830078125
469,15.206968784332275,0.7889657020568848,0.6634185910224915,0.156793475151062,150000,15000,144.69883299898356,107.58233070373535,204.25830078125
470,15.278866291046143,0.7923404574394226,0.6600841879844666,0.16595661640167236,150000,15000,132.02790900322725,106.37617111206055,204.25830078125
471,15.333713293075562,0.7945973873138428,0.6547504663467407,0.1642204076051712,150000,15000,146.19952499924693,114.29166793823242,204.25830078125
472,15.429130792617798,0.7988474369049072,0.6551594138145447,0.17298340797424316,150000,15000,135.65649099837174,110.05973815917969,204.25830078125
473,15.520458221435547,0.8027722835540771,0.6567521095275879,0.16504450142383575,150000,15000,134.8785529989982,107.79166221618652,204.25830078125
474,15.55310606956482,0.8055899143218994,0.6548705697059631,0.16339688003063202,150000,15000,133.14531699870713,106.55450820922852,204.25830078125
475,15.568608045578003,0.8050721883773804,0.6610051393508911,0.17067644000053406,150000,15000,137.60810399980983,108.45947265625,204.25830078125
476,15.61519980430603,0.8071645498275757,0.6539611220359802,0.16675031185150146,150000,15000,137.01712299734936,107.83219337463379,204.25830078125
477,15.540153980255127,0.8032385110855103,0.6604670882225037,0.16180264949798584,150000,15000,135.65547799953492,108.59513282775879,204.25830078125
478,15.574793815612793,0.8064724802970886,0.6548752188682556,0.16399765014648438,150000,15000,133.69620800222037,108.1538200378418,204.25830078125
479,15.620951652526855,0.8086814284324646,0.6476759910583496,0.1686573475599289,150000,15000,133.49507200109656,107.30862617492676,204.25830078125
480,15.632321834564209,0.809343695640564,0.6505540609359741,0.16443751752376556,150000,15000,132.30956199913635,106.57167434692383,204.25830078125
481,15.648603439331055,0.8099039793014526,0.6503485441207886,0.16143766045570374,150000,15000,136.64526900174678,105.28206825256348,204.25830078125
482,15.653332471847534,0.8097183704376221,0.6467317342758179,0.16840247809886932,150000,15000,131.8941099998483,107.41305351257324,204.25830078125
483,15.62877893447876,0.8105640411376953,0.6529382467269897,0.1630616933107376,150000,15000,137.0890389989654,110.00585556030273,204.25830078125
484,15.839741230010986,0.8171799182891846,0.649808406829834,0.15046223998069763,150000,15000,131.65703800041229,107.42068290710449,204.25830078125
485,15.946670770645142,0.820370078086853,0.6401536464691162,0.1667504459619522,150000,15000,133.31572500101174,107.13934898376465,204.25830078125
486,15.924620628356934,0.8212070465087891,0.6369914412498474,0.1691669076681137,150000,15000,131.3625080001657,106.18472099304199,204.25830078125
487,15.919532775878906,0.8217563033103943,0.6371515393257141,0.16358788311481476,150000,15000,131.88380300198332,107.32412338256836,204.25830078125
488,16.04421615600586,0.824715256690979,0.628667950630188,0.16275513172149658,150000,15000,136.69557300090673,105.02314567565918,204.25830078125
489,15.978562831878662,0.8224562406539917,0.6351571679115295,0.16833075881004333,150000,15000,139.72516499779886,107.11097717285156,204.25830078125
490,16.00393295288086,0.8204688429832458,0.6282377243041992,0.15717890858650208,150000,15000,133.53529799860553,105.50498962402344,204.25830078125
491,16.0292911529541,0.8224062919616699,0.6228410005569458,0.17559099197387695,150000,15000,134.9376440011838,104.67767715454102,204.25830078125
492,16.107410192489624,0.8237199783325195,0.6217424869537354,0.1710769683122635,150000,15000,129.75127599929692,105.09490966796875,204.25830078125
493,16.03225588798523,0.8227578997612,0.6331430077552795,0.16562911868095398,150000,15000,137.87550699998974,107.73205757141113,204.25830078125
494,16.101473569869995,0.8232570886611938,0.6245003342628479,0.17641142010688782,150000,15000,141.57393699861132,108.51693153381348,204.25830078125
495,16.129577159881592,0.8239531517028809,0.6235225200653076,0.17246688902378082,150000,15000,130.28203199792188,105.6206226348877,204.25830078125
496,15.894449949264526,0.8148259520530701,0.6315648555755615,0.1680295169353485,150000,15000,132.6250540005276,105.84211349487305,204.25830078125
497,15.876338481903076,0.8128244280815125,0.6371299624443054,0.19214358925819397,150000,15000,131.1508379985753,106.49323463439941,204.25830078125
498,15.939520597457886,0.8197975158691406,0.6241968274116516,0.1848161667585373,150000,15000,131.92545499987318,104.67100143432617,204.25830078125
499,15.946725606918335,0.81991046667099,0.6353650093078613,0.20197893679141998,150000,15000,131.34151499980362,105.194091796875,204.25830078125
500,15.863935947418213,0.814856231212616,0.6394127607345581,0.20405036211013794,149611,15000,133.14480099870707,105.27801513671875,204.25830078125
501,16.036306619644165,0.8207395076751709,0.6194894313812256,0.19119220972061157,149982,15000,137.39572100166697,106.6746711730957,204.25830078125
502,16.130162477493286,0.8291960954666138,0.6274226903915405,0.19461184740066528,149999,15000,135.0352199988265,106.47988319396973,204.25830078125
503,16.091727018356323,0.8278636336326599,0.6334173083305359,0.19998805224895477,150000,15000,136.1256440031866,106.69064521789551,204.25830078125
504,16.1219584941864,0.8294236660003662,0.6111259460449219,0.1966126263141632,150000,15000,133.47534500280744,107.0859432220459,204.25830078125
505,16.005878448486328,0.8293972015380859,0.6261407732963562,0.18893593549728394,150000,15000,131.39828099883744,107.02681541442871,204.25830078125
506,15.952095985412598,0.8265473246574402,0.6338780522346497,0.18876129388809204,150000,15000,132.7537580000353,107.26070404052734,204.25830078125
507,15.894150733947754,0.8246592283248901,0.6392533779144287,0.17420515418052673,150000,15000,133.74202299746685,106.1241626739502,204.25830078125
508,15.873533487319946,0.8228176832199097,0.6398857235908508,0.17704474925994873,150000,15000,133.76422200235538,106.4140796661377,204.25830078125
509,15.788342952728271,0.820158839225769,0.649906575679779,0.1687619388103485,150000,15000,137.0723709987942,108.69336128234863,204.25830078125
510,15.814265012741089,0.8193988800048828,0.6377354860305786,0.1648627668619156,150000,15000,130.57462700089673,106.41765594482422,204.25830078125
511,15.765619277954102,0.8209224939346313,0.6316111087799072,0.15497958660125732,150000,15000,134.4345979996433,104.76112365722656,204.25830078125
512,15.731322765350342,0.8190433382987976,0.631937563419342,0.1514013558626175,150000,15000,133.96789100079332,108.19387435913086,204.25830078125
513,15.71431040763855,0.8184232711791992,0.6348240375518799,0.1518937647342682,150000,15000,132.42912300120224,107.04541206359863,204.25830078125
514,15.693260431289673,0.8198172450065613,0.6407318115234375,0.1475064605474472,150000,15000,131.57663099991623,105.38315773010254,204.25830078125
515,15.738128423690796,0.8202637434005737,0.6338647603988647,0.15880022943019867,150000,15000,132.84014799864963,105.60417175292969,204.25830078125
516,15.666159391403198,0.8181135654449463,0.6265780925750732,0.15503275394439697,150000,15000,137.50522000191268,105.63945770263672,204.25830078125
517,15.671459436416626,0.8183972835540771,0.6315162181854248,0.15589353442192078,150000,15000,135.46210800268454,104.92706298828125,204.25830078125
518,15.548903942108154,0.811504065990448,0.6273279190063477,0.16098657250404358,150000,15000,136.23015799748828,105.3462028503418,204.25830078125
519,15.517610311508179,0.8098257780075073,0.6274504661560059,0.1706237643957138,150000,15000,131.1219519993756,106.35852813720703,204.25830078125
520,15.506792068481445,0.8114593029022217,0.6263056993484497,0.1673101931810379,150000,15000,129.8592249986541,106.19616508483887,204.25830078125
521,15.503660440444946,0.8124153017997742,0.6197686195373535,0.155417338013649,150000,15000,136.35623800291796,109.57980155944824,204.25830078125
522,15.52039384841919,0.8123971819877625,0.6207367181777954,0.15022246539592743,150000,15000,132.75303099726443,106.00757598876953,204.25830078125
523,15.603408813476562,0.817267119884491,0.6178706884384155,0.15016071498394012,150000,15000,130.53860900254222,105.22794723510742,204.25830078125
524,15.638858079910278,0.8201126456260681,0.6052693724632263,0.15303541719913483,150000,15000,133.80508100090083,105.27491569519043,204.25830078125
525,15.589561462402344,0.816274881362915,0.6066470742225647,0.152347594499588,150000,15000,132.9898330004653,105.29184341430664,204.25830078125
526,15.432015657424927,0.810221791267395,0.5935294032096863,0.15383650362491608,150000,15000,131.52774900299846,107.34915733337402,204.25830078125
527,15.473171472549438,0.812839686870575,0.599830150604248,0.15655604004859924,150000,15000,131.94856500194874,106.4157485961914,204.25830078125
528,15.497512817382812,0.8098470568656921,0.6144982576370239,0.16625289618968964,150000,15000,129.88210700132186,105.35430908203125,204.25830078125
529,15.286937952041626,0.803507924079895,0.6090009212493896,0.16870319843292236,150000,15000,131.34231000003638,105.57031631469727,204.25830078125
530,15.405195951461792,0.8082082271575928,0.6087204217910767,0.1630910485982895,150000,15000,133.3510189979279,106.91452026367188,204.25830078125
531,15.314509868621826,0.8042614459991455,0.6200894117355347,0.18106822669506073,150000,15000,135.8145020021766,109.8947525024414,204.25830078125
532,15.26983380317688,0.800105094909668,0.6311674118041992,0.18829433619976044,150000,15000,131.83713299804367,105.75628280639648,204.25830078125
533,15.314735174179077,0.8015276789665222,0.6323953866958618,0.2027447372674942,150000,15000,132.4080859994865,107.39731788635254,204.25830078125
534,15.309529304504395,0.7985965013504028,0.6399558782577515,0.20004884898662567,150000,15000,137.58726499872864,106.03976249694824,204.25830078125
535,15.199805498123169,0.7938306331634521,0.6304442882537842,0.20721516013145447,150000,15000,136.6955150006106,106.02378845214844,204.25830078125
536,15.116958618164062,0.7901036143302917,0.6358626484870911,0.18935249745845795,150000,15000,132.77898999876925,107.10334777832031,204.25830078125
537,15.183441638946533,0.794207751750946,0.6417482495307922,0.20816509425640106,150000,15000,133.0588050004735,106.6594123840332,204.25830078125
538,15.180274248123169,0.7945324778556824,0.6451623439788818,0.2023204267024994,150000,15000,135.84294700194732,108.90841484069824,204.25830078125
539,15.16564130783081,0.7914979457855225,0.6433104276657104,0.20448143780231476,150000,15000,135.70234200233244,109.23099517822266,204.25830078125
540,15.112454891204834,0.7887627482414246,0.6501984000205994,0.2130337357521057,150000,15000,131.83897899943986,107.78284072875977,204.25830078125
541,15.114130973815918,0.791339635848999,0.6564696431159973,0.22591085731983185,150000,15000,132.6791379979113,106.8263053894043,204.25830078125
542,15.099495649337769,0.7924887537956238,0.6552985906600952,0.20450958609580994,150000,15000,134.81623899861006,108.90793800354004,204.25830078125
543,15.216431617736816,0.796166181564331,0.6495574116706848,0.21918311715126038,150000,15000,132.06489000003785,107.15341567993164,204.25830078125
544,15.068119764328003,0.7929364442825317,0.6652064323425293,0.21958965063095093,150000,15000,131.95812399862916,107.67698287963867,204.25830078125
545,14.918928146362305,0.7854363918304443,0.6639485359191895,0.22440242767333984,150000,15000,136.32285700077773,109.62152481079102,204.25830078125
546,14.916882514953613,0.7863839864730835,0.6642870903015137,0.21483153104782104,150000,15000,138.82689399906667,106.03880882263184,204.25830078125
547,14.854854345321655,0.7796916365623474,0.6553982496261597,0.22122445702552795,150000,15000,142.51483699990786,105.83829879760742,204.25830078125
548,14.6658194065094,0.7633033990859985,0.6433981657028198,0.23667004704475403,150000,15000,135.38700899880496,108.08420181274414,204.25830078125
549,14.3630051612854,0.7480842471122742,0.6457011103630066,0.25528261065483093,150000,15000,135.17438199778553,108.05416107177734,204.25830078125
550,14.329020977020264,0.7443404197692871,0.6359598636627197,0.264390230178833,150000,15000,132.61726700147847,107.80572891235352,204.25830078125
551,14.22120451927185,0.7347874641418457,0.6391338109970093,0.2740616500377655,150000,15000,135.67451400012942,110.27979850769043,204.25830078125
552,14.078066349029541,0.7245539426803589,0.6639696955680847,0.3046581447124481,150000,15000,133.89815999835264,108.93654823303223,204.25830078125
553,13.983608484268188,0.7181373834609985,0.6667388677597046,0.3186075985431671,150000,15000,140.5325029991218,109.80010032653809,204.25830078125
554,13.890761137008667,0.710077166557312,0.6660667657852173,0.30867838859558105,150000,15000,131.03414099896327,105.37838935852051,204.25830078125
555,13.814374208450317,0.705234706401825,0.674070417881012,0.3137364685535431,150000,15000,132.49046399869258,106.38618469238281,204.25830078125
556,13.821440935134888,0.7042864561080933,0.6814467310905457,0.31465256214141846,150000,15000,132.84221100184368,106.25290870666504,204.25830078125
557,13.908588886260986,0.7043188810348511,0.6756699681282043,0.31401950120925903,150000,15000,138.55921699723694,106.2467098236084,204.25830078125
558,13.797985315322876,0.6941102743148804,0.6834021210670471,0.3204956650733948,150000,15000,137.33792600032757,107.18989372253418,204.25830078125
559,13.825010061264038,0.6970469355583191,0.6892989277839661,0.32579901814460754,150000,15000,144.96108099774574,110.321044921875,204.25830078125
560,13.802977800369263,0.6932944059371948,0.6895303726196289,0.33669793605804443,150000,15000,141.65725899874815,108.77561569213867,204.25830078125
561,13.786273002624512,0.6905254125595093,0.6963770985603333,0.3215809166431427,150000,15000,132.69361100174137,106.92691802978516,204.25830078125
562,13.876057863235474,0.6945633888244629,0.6858057379722595,0.3287584185600281,150000,15000,136.67167099993094,108.63375663757324,204.25830078125
563,13.876031637191772,0.6901923418045044,0.6915831565856934,0.32279279828071594,150000,15000,142.02722999834805,108.82329940795898,204.25830078125
564,13.940647840499878,0.6847184896469116,0.6918540000915527,0.3231031000614166,150000,15000,139.48262099802378,111.12642288208008,204.25830078125
565,14.003092050552368,0.6919033527374268,0.6852441430091858,0.3090760409832001,150000,15000,134.47716899827356,108.53195190429688,204.25830078125
566,14.147593975067139,0.7004199028015137,0.6812762022018433,0.31558266282081604,150000,15000,136.51555300020846,110.69869995117188,204.25830078125
567,14.251513481140137,0.7093461751937866,0.6867313385009766,0.31639328598976135,150000,15000,135.1650979995611,109.53640937805176,204.25830078125
568,14.350807666778564,0.717961311340332,0.6865202784538269,0.3008287250995636,150000,15000,135.00954499977524,110.1377010345459,204.25830078125
569,14.471696615219116,0.720223605632782,0.6823588013648987,0.3177437484264374,150000,15000,135.52103800248005,109.3292236328125,204.25830078125
570,14.522497653961182,0.7241286635398865,0.6878392696380615,0.2899773120880127,150000,15000,138.11314499980654,109.86208915710449,204.25830078125
571,14.582459926605225,0.7254690527915955,0.689150333404541,0.2959437668323517,150000,15000,134.10108699827106,108.24728012084961,204.25830078125
572,14.678380489349365,0.731317400932312,0.6782897114753723,0.29365047812461853,150000,15000,139.16876900111674,109.38262939453125,204.25830078125
573,14.754478931427002,0.7343251705169678,0.6687127351760864,0.2911638617515564,150000,15000,135.97953100179438,110.48388481140137,204.25830078125
574,14.891821146011353,0.7405561208724976,0.6724188327789307,0.30503609776496887,150000,15000,135.7620290000341,108.4136962890625,204.25830078125
575,14.991137981414795,0.7443079352378845,0.676806628704071,0.3129620850086212,150000,15000,145.8454419989721,112.65707015991211,204.25830078125
576,15.12899398803711,0.7488260269165039,0.6791017651557922,0.31406885385513306,150000,15000,139.57691599716782,113.89684677124023,204.25830078125
577,15.152063369750977,0.7474337816238403,0.6797260046005249,0.3236956000328064,150000,15000,134.19688899739413,108.89244079589844,204.25830078125
578,15.232322216033936,0.7528941631317139,0.6689894199371338,0.2983790636062622,150000,15000,133.19659999979194,108.06488990783691,204.25830078125
579,15.284675359725952,0.758748471736908,0.6651065349578857,0.32272401452064514,150000,15000,131.47313200170174,106.58383369445801,204.25830078125
580,15.209695100784302,0.7598757743835449,0.6707476377487183,0.3201376795768738,150000,15000,133.38091800324037,107.4981689453125,204.25830078125
581,15.287985801696777,0.7648344039916992,0.6672870516777039,0.3272972106933594,150000,15000,134.81051300186664,109.07578468322754,204.25830078125
582,15.318138599395752,0.7687014937400818,0.6662019491195679,0.30606386065483093,150000,15000,131.36346299870638,106.82821273803711,204.25830078125
583,15.364713668823242,0.7696272730827332,0.6764707565307617,0.3157368302345276,150000,15000,140.90367700191564,112.09321022033691,204.25830078125
584,15.42920708656311,0.7741107940673828,0.6696785688400269,0.3109230101108551,150000,15000,145.0411840014567,117.89751052856445,204.25830078125
585,15.380439758300781,0.7729734182357788,0.670684278011322,0.32234665751457214,150000,15000,139.56114499887917,111.82951927185059,204.25830078125
586,15.512467622756958,0.7775735259056091,0.6632499694824219,0.31944021582603455,150000,15000,136.20738799727405,109.1461181640625,204.25830078125
587,15.500365495681763,0.7756541967391968,0.6670426726341248,0.31538569927215576,150000,15000,135.32726199991885,107.9707145690918,204.25830078125
588,15.570825338363647,0.774622917175293,0.6710583567619324,0.31872981786727905,150000,15000,140.47948999723303,112.04338073730469,204.25830078125
589,15.55436372756958,0.771117627620697,0.66629958152771,0.30289310216903687,150000,15000,141.80093699906138,109.8482608795166,204.25830078125
590,15.550013780593872,0.7652106285095215,0.6805922985076904,0.3195613622665405,150000,15000,142.10257100057788,108.30140113830566,204.25830078125
591,15.615371465682983,0.7634819746017456,0.668574333190918,0.32247331738471985,150000,15000,134.39750099860248,107.34915733337402,204.25830078125
592,15.676288604736328,0.7628974914550781,0.655903160572052,0.33650511503219604,150000,15000,133.6056850013847,108.60633850097656,204.25830078125
593,15.728353261947632,0.7652221918106079,0.6732994318008423,0.3326488733291626,150000,15000,138.39355299933231,109.69042778015137,204.25830078125
594,15.803345441818237,0.7678759098052979,0.6705071330070496,0.3245486319065094,150000,15000,139.31089799734764,109.46965217590332,204.25830078125
595,15.793187618255615,0.7661846876144409,0.6618984937667847,0.343189001083374,150000,15000,136.09879800060298,109.06672477722168,204.25830078125
596,15.991301536560059,0.775528609752655,0.6675488948822021,0.3442011773586273,150000,15000,137.20826400094666,108.81423950195312,204.25830078125
597,16.157653331756592,0.7821015119552612,0.6645615696907043,0.3132146894931793,150000,15000,141.74469700083137,110.08691787719727,204.25830078125
598,16.251885890960693,0.783637523651123,0.6662311553955078,0.32927918434143066,150000,15000,141.0403590016358,110.9154224395752,204.25830078125
599,16.281123161315918,0.7814094424247742,0.6613169312477112,0.30097928643226624,150000,15000,155.08296600091853,114.3040657043457,204.25830078125
600,16.177629232406616,0.7789735198020935,0.6721451878547668,0.3100881278514862,145330,15000,144.3974200010416,108.2451343536377,204.25830078125
601,16.448413133621216,0.7851135730743408,0.6533400416374207,0.2945170998573303,146716,15000,150.46608400007244,108.92534255981445,204.25830078125
602,16.710134744644165,0.7934970259666443,0.6377590298652649,0.3066413104534149,148115,15000,148.45498599970597,108.2296371459961,204.25830078125
603,16.684424877166748,0.7963435649871826,0.6372422575950623,0.30850502848625183,149511,15000,154.53561399772298,110.03851890563965,204.25830078125
604,16.699857711791992,0.8001655340194702,0.6414733529090881,0.2973622679710388,149967,15000,145.16876699781278,111.30833625793457,204.25830078125
605,16.74494743347168,0.803663432598114,0.6418806314468384,0.32314375042915344,149997,15000,147.8171429989743,116.47534370422363,204.25830078125
606,16.690250635147095,0.8019899129867554,0.6437867879867554,0.31255069375038147,150000,15000,141.5951849994599,107.72848129272461,204.25830078125
607,16.627073287963867,0.7998576164245605,0.64026939868927,0.3461903929710388,150000,15000,135.6753510008275,108.25896263122559,204.25830078125
608,16.61334753036499,0.8026803731918335,0.6378064155578613,0.3172931373119354,150000,15000,132.27063600061228,107.66005516052246,204.25830078125
609,16.698662042617798,0.8073506355285645,0.6371386051177979,0.30867865681648254,150000,15000,134.4610289997945,107.8329086303711,204.25830078125
610,16.752856969833374,0.8110092878341675,0.6381723284721375,0.2963383197784424,150000,15000,137.2714469980565,107.79476165771484,204.25830078125
611,16.743450164794922,0.8091179132461548,0.6385166049003601,0.30960533022880554,150000,15000,139.47927699700813,109.72309112548828,204.25830078125
612,16.56708002090454,0.8012661337852478,0.6484405398368835,0.31957435607910156,150000,15000,133.83651099866256,107.31124877929688,204.25830078125
613,16.645716428756714,0.803067684173584,0.6431489586830139,0.3158761262893677,150000,15000,132.63973300126963,107.4676513671875,204.25830078125
614,16.704187393188477,0.8034368753433228,0.6452244520187378,0.31819474697113037,150000,15000,132.74332199944183,107.25569725036621,204.25830078125
615,16.6838800907135,0.8018996715545654,0.643859326839447,0.30542370676994324,150000,15000,134.28571999975247,107.0561408996582,204.25830078125
616,16.820145845413208,0.8063461780548096,0.637202799320221,0.30863019824028015,150000,15000,135.13149799837265,108.56008529663086,204.25830078125
617,16.756844520568848,0.8088195323944092,0.6430964469909668,0.2934330403804779,150000,15000,136.4430479989096,106.4600944519043,204.25830078125
618,16.83191418647766,0.8078317046165466,0.64451003074646,0.2902822494506836,150000,15000,133.51811800021096,107.03015327453613,204.25830078125
619,16.882336139678955,0.8093938231468201,0.641358494758606,0.31588056683540344,150000,15000,135.65046200164943,107.59758949279785,204.25830078125
620,16.77897810935974,0.8089356422424316,0.6472913026809692,0.30069994926452637,150000,15000,133.9335430020583,107.44214057922363,204.25830078125
621,16.756880283355713,0.8048717975616455,0.6545013189315796,0.30363717675209045,150000,15000,132.287519001693,107.10287094116211,204.25830078125
622,16.587475538253784,0.799506425857544,0.6478271484375,0.3034239113330841,150000,15000,134.86460900094244,107.53536224365234,204.25830078125
623,16.681848764419556,0.8054060339927673,0.6392331123352051,0.3144690692424774,150000,15000,139.0211480029393,106.19449615478516,204.25830078125
624,16.700942516326904,0.8022329807281494,0.6439698934555054,0.30048149824142456,150000,15000,133.1971319996228,106.14347457885742,204.25830078125
625,16.784887313842773,0.8061240911483765,0.6299472451210022,0.29083120822906494,150000,15000,132.24940500003868,106.27532005310059,204.25830078125
626,16.684107780456543,0.803734540939331,0.634722113609314,0.2939077615737915,150000,15000,132.99687600010657,105.8962345123291,204.25830078125
627,16.83868169784546,0.8089649677276611,0.636070966720581,0.30137157440185547,150000,15000,133.70139700055006,107.74350166320801,204.25830078125
628,16.96238398551941,0.808551549911499,0.6440758109092712,0.29410549998283386,150000,15000,135.3160119979293,106.69064521789551,204.25830078125
629,16.97991132736206,0.812285304069519,0.6301804184913635,0.2909541130065918,150000,15000,132.05649800147512,105.38625717163086,204.25830078125
630,16.935300827026367,0.8096265196800232,0.6340326070785522,0.29574137926101685,150000,15000,137.05174999995506,105.81779479980469,204.25830078125
631,17.067480087280273,0.813447892665863,0.6289941668510437,0.2973184287548065,150000,15000,142.6130009967892,106.33277893066406,204.25830078125
632,17.133164405822754,0.8162002563476562,0.625566840171814,0.29455170035362244,150000,15000,137.75992299997597,106.31990432739258,204.25830078125
633,17.0796537399292,0.8155473470687866,0.6226755976676941,0.2930195927619934,150000,15000,134.2963620008959,106.57763481140137,204.25830078125
634,17.03825354576111,0.8142764568328857,0.6350308060646057,0.2931578457355499,150000,15000,138.04115500170155,107.61189460754395,204.25830078125
635,17.187079191207886,0.8221160769462585,0.644540011882782,0.274636447429657,150000,15000,132.68674699793337,106.55713081359863,204.25830078125
636,17.224313020706177,0.8227542638778687,0.6462746858596802,0.27402836084365845,150000,15000,130.25787800143007,104.28977012634277,204.25830078125
637,17.29236364364624,0.8245648145675659,0.6359026432037354,0.29966238141059875,150000,15000,132.46720299866865,105.70716857910156,204.25830078125
638,17.16307282447815,0.819715678691864,0.6367319822311401,0.27536261081695557,150000,15000,133.33510799930082,106.04357719421387,204.25830078125
639,17.225358486175537,0.8221961855888367,0.6394330263137817,0.29722094535827637,150000,15000,138.9619080000557,112.4722957611084,204.25830078125
640,17.350783348083496,0.8279064893722534,0.6301895380020142,0.2863290011882782,150000,15000,132.95013499737252,106.11891746520996,204.25830078125
641,17.256263494491577,0.8251528739929199,0.6391140818595886,0.28171682357788086,150000,15000,139.32274500257336,106.82463645935059,204.25830078125
642,17.451285123825073,0.831309974193573,0.6286057829856873,0.29094380140304565,150000,15000,132.40294399656705,105.9577465057373,204.25830078125
643,17.542256116867065,0.8346847295761108,0.636673092842102,0.26219817996025085,150000,15000,133.63900799959083,108.45708847045898,204.25830078125
644,17.3907470703125,0.8320744037628174,0.6424707174301147,0.27515217661857605,150000,15000,145.6414849999419,114.55845832824707,204.25830078125
645,17.613890171051025,0.8352591395378113,0.6398091316223145,0.28574681282043457,150000,15000,132.97557199985022,104.3236255645752,204.25830078125
646,17.510230541229248,0.8351044654846191,0.6277721524238586,0.2871985137462616,150000,15000,150.90179099934176,121.50955200195312,204.25830078125
647,17.421668767929077,0.8324780464172363,0.6253554821014404,0.27210330963134766,150000,15000,154.53017899926635,111.88745498657227,204.25830078125
648,17.488560676574707,0.8324259519577026,0.6378536224365234,0.26916998624801636,150000,15000,139.15704099781578,111.7708683013916,204.25830078125
649,17.62128472328186,0.8355308771133423,0.6219145655632019,0.2789551615715027,150000,15000,140.83015600044746,112.14637756347656,204.25830078125
650,17.49003291130066,0.8314940333366394,0.6219667792320251,0.269903302192688,150000,15000,134.96057300289976,107.73205757141113,204.25830078125
651,17.498403787612915,0.8303596377372742,0.6324738264083862,0.2713805139064789,150000,15000,133.5279980012274,108.2606315612793,204.25830078125
652,17.60982871055603,0.8335280418395996,0.6293175220489502,0.2717626392841339,150000,15000,135.83676599955652,105.26037216186523,204.25830078125
653,17.5830340385437,0.8322498798370361,0.6299386024475098,0.26306045055389404,150000,15000,131.26488600028097,105.41319847106934,204.25830078125
654,17.66535758972168,0.8335585594177246,0.6345759630203247,0.2626468241214752,150000,15000,131.1717239987047,104.71844673156738,204.25830078125
655,17.58894443511963,0.8302487134933472,0.6361178755760193,0.2639392614364624,150000,15000,136.14181899902178,104.15267944335938,204.25830078125
656,17.377300262451172,0.8236598372459412,0.6410093903541565,0.26136961579322815,150000,15000,144.2174529984186,108.50882530212402,204.25830078125
657,17.54014015197754,0.8263739943504333,0.6451096534729004,0.2577372193336487,150000,15000,142.85128300252836,110.26287078857422,204.25830078125
658,17.48403549194336,0.8255763053894043,0.6469062566757202,0.26798784732818604,150000,15000,132.8434120005113,104.29596900939941,204.25830078125
659,17.39042639732361,0.8203420639038086,0.6506428718566895,0.26227062940597534,150000,15000,137.28052999795182,105.61704635620117,204.25830078125
660,17.33134388923645,0.8182700872421265,0.6500191688537598,0.26661157608032227,150000,15000,133.54383100158884,107.0716381072998,204.25830078125
661,17.220484018325806,0.8153874278068542,0.6545805931091309,0.24943004548549652,150000,15000,135.69680300133768,109.22956466674805,204.25830078125
662,17.121100425720215,0.8101570010185242,0.6463655233383179,0.2585401237010956,150000,15000,138.30789799976628,111.10472679138184,204.25830078125
663,17.098764181137085,0.8092761039733887,0.6495540142059326,0.2541557848453522,150000,15000,139.20492500255932,111.21368408203125,204.25830078125
664,17.005345821380615,0.8091758489608765,0.6522999405860901,0.25597241520881653,150000,15000,131.71110000257613,106.13703727722168,204.25830078125
665,16.895958185195923,0.8023905754089355,0.6531176567077637,0.26122602820396423,150000,15000,132.4493079991953,106.37354850769043,204.25830078125
666,16.957603693008423,0.8029617071151733,0.6460362672805786,0.2555547058582306,150000,15000,132.43744600185892,105.32474517822266,204.25830078125
667,16.951032876968384,0.805607795715332,0.6536599397659302,0.2705480754375458,150000,15000,132.18289699943853,105.07535934448242,204.25830078125
668,16.9398832321167,0.8060617446899414,0.6382977962493896,0.26101619005203247,150000,15000,129.89080300030764,103.28817367553711,204.25830078125
669,16.96683645248413,0.8081382513046265,0.6351559162139893,0.25897565484046936,150000,15000,134.2968139979348,107.13982582092285,204.25830078125
670,16.968095302581787,0.8120076060295105,0.6457626819610596,0.25906282663345337,150000,15000,136.05855900095776,108.19864273071289,204.25830078125
671,17.08509922027588,0.8141646385192871,0.6466097235679626,0.25395357608795166,150000,15000,136.91376900169416,110.25524139404297,204.25830078125
672,17.178772687911987,0.8180193901062012,0.641739010810852,0.24409931898117065,150000,15000,131.27915899895015,104.03966903686523,204.25830078125
673,17.176328897476196,0.8226298093795776,0.6399922966957092,0.24365317821502686,150000,15000,138.65097199959564,104.50553894042969,204.25830078125
674,17.24560260772705,0.8250097036361694,0.6429055333137512,0.2466937154531479,150000,15000,145.5068340001162,108.44898223876953,204.25830078125
675,17.330983877182007,0.8269824385643005,0.6268712878227234,0.2487761378288269,150000,15000,143.271574001119,110.6405258178711,204.25830078125
676,17.13313937187195,0.8272216320037842,0.6347156763076782,0.2507276237010956,150000,15000,155.66995199696976,117.81549453735352,204.25830078125
677,17.34452486038208,0.8309018015861511,0.6295962929725647,0.2538934648036957,150000,15000,163.55706499962253,111.9229793548584,204.25830078125
678,17.363791465759277,0.8332018852233887,0.6256281733512878,0.23678633570671082,150000,15000,140.16406899827416,107.34677314758301,204.25830078125
679,17.396379709243774,0.8372869491577148,0.6337311863899231,0.2507392466068268,150000,15000,143.25865399951,107.79356956481934,204.25830078125
680,17.393972873687744,0.8392215967178345,0.6370818614959717,0.24882519245147705,150000,15000,140.1910000022326,111.38033866882324,204.25830078125
681,17.47143864631653,0.841866135597229,0.6198606491088867,0.23937973380088806,150000,15000,143.55321599941817,115.29254913330078,204.25830078125
682,17.486706972122192,0.8441564440727234,0.6216772198677063,0.23775900900363922,150000,15000,144.78634300030535,109.17878150939941,204.25830078125
683,17.426635026931763,0.8442058563232422,0.6235112547874451,0.24693958461284637,150000,15000,141.2965819981764,111.19866371154785,204.25830078125
684,17.405909299850464,0.8444263339042664,0.618462324142456,0.24639590084552765,150000,15000,147.37499699913315,113.9216423034668,204.25830078125
685,17.451990842819214,0.8461893796920776,0.6189701557159424,0.2543168067932129,150000,15000,146.967112999846,117.85364151000977,204.25830078125
686,17.388222217559814,0.844075620174408,0.6170473694801331,0.25232046842575073,150000,15000,151.44320499894093,115.23127555847168,204.25830078125
687,17.483344078063965,0.8477821350097656,0.6083096265792847,0.2490008920431137,150000,15000,142.97777700267034,114.05324935913086,204.25830078125
688,17.502578496932983,0.8479859232902527,0.6053470969200134,0.24874210357666016,150000,15000,139.86562299760408,111.9699478149414,204.25830078125
689,17.377512454986572,0.8450267314910889,0.6184946298599243,0.22779808938503265,150000,15000,138.42456600104924,110.09073257446289,204.25830078125
690,17.463297843933105,0.8472436666488647,0.6145706176757812,0.2526446580886841,150000,15000,130.09368699931656,103.57022285461426,204.25830078125
691,17.560631036758423,0.8491653800010681,0.6115825176239014,0.25507164001464844,150000,15000,134.62643900129478,105.87143898010254,204.25830078125
692,17.47195839881897,0.8460492491722107,0.6100927591323853,0.23993973433971405,150000,15000,137.85960800305475,110.03565788269043,204.25830078125
693,17.471623420715332,0.8469623327255249,0.6013261675834656,0.23284845054149628,150000,15000,136.0826430027373,109.15136337280273,204.25830078125
694,17.55369544029236,0.8497234582901001,0.5981127023696899,0.25424033403396606,150000,15000,141.68975400025374,113.80982398986816,204.25830078125
695,17.452692985534668,0.8475871086120605,0.6020718812942505,0.23325201869010925,150000,15000,140.6203619990265,112.58840560913086,204.25830078125
696,17.475064992904663,0.8488203287124634,0.6028760671615601,0.24043239653110504,150000,15000,143.20634200339555,110.65793037414551,204.25830078125
697,17.60221004486084,0.851747989654541,0.5995155572891235,0.2434338480234146,150000,15000,138.27780299834558,110.09836196899414,204.25830078125
698,17.562977075576782,0.8518473505973816,0.6028793454170227,0.23152382671833038,150000,15000,144.15800800270517,109.16638374328613,204.25830078125
699,17.591798305511475,0.853594958782196,0.5970273613929749,0.23086275160312653,150000,15000,138.70682699780446,109.72905158996582,204.25830078125
700,17.675622701644897,0.8560027480125427,0.6046829223632812,0.22142000496387482,121352,15000,155.18107499883627,110.23426055908203,204.25830078125
701,18.027015924453735,0.8658069372177124,0.6026352643966675,0.2466626763343811,122704,15000,148.0929070021375,105.40366172790527,204.25830078125
702,17.97606348991394,0.8662153482437134,0.5929161310195923,0.24072764813899994,124089,15000,148.61326100071892,105.69882392883301,204.25830078125
703,17.937079668045044,0.8663110136985779,0.5846418738365173,0.24752181768417358,125483,15000,147.4389680006425,105.53860664367676,204.25830078125
704,17.944600582122803,0.8655990362167358,0.5855266451835632,0.24247634410858154,126850,15000,142.1516820009856,104.72416877746582,204.25830078125
705,17.921395301818848,0.8672022223472595,0.5898621082305908,0.22844724357128143,128227,15000,138.1147649990453,101.5160083770752,204.25830078125
706,17.825927734375,0.8650962114334106,0.5915670394897461,0.24540811777114868,129627,15000,148.35365999897476,101.18865966796875,204.25830078125
707,17.730149030685425,0.8617059588432312,0.6018571853637695,0.23649992048740387,131031,15000,140.78821300063282,101.75728797912598,204.25830078125
708,17.608588933944702,0.8590981364250183,0.5955518484115601,0.2424287497997284,132426,15000,136.92700100000366,101.6240119934082,204.25830078125
709,17.537143230438232,0.8578132390975952,0.5970275402069092,0.24299775063991547,133803,15000,138.1739339994965,101.44233703613281,204.25830078125
710,17.5628662109375,0.8580952882766724,0.5894573926925659,0.2560533583164215,135195,15000,138.38109299831558,101.04870796203613,204.25830078125
711,17.648673057556152,0.8613891005516052,0.5921108722686768,0.2418418526649475,136576,15000,136.25167300051544,100.99267959594727,204.25830078125
712,17.618064880371094,0.859820544719696,0.6024951934814453,0.22448016703128815,137956,15000,134.96095799928298,100.80409049987793,204.25830078125
713,17.619162797927856,0.8603953719139099,0.6004728674888611,0.2431843876838684,139347,15000,138.43350800016196,102.17881202697754,204.25830078125
714,17.688007354736328,0.862923800945282,0.5975810289382935,0.2391624003648758,140740,15000,137.95454499995685,101.65262222290039,204.25830078125
715,17.704161405563354,0.8637572526931763,0.6072513461112976,0.24258020520210266,142129,15000,136.15182600187836,101.31525993347168,204.25830078125
716,17.716108560562134,0.8646235466003418,0.60044926404953,0.23478621244430542,143512,15000,138.67413099796977,102.56075859069824,204.25830078125
717,17.767738103866577,0.8659417629241943,0.5922510027885437,0.24167971312999725,144912,15000,137.31494799867505,101.7913818359375,204.25830078125
718,17.776222229003906,0.8658593893051147,0.5938894748687744,0.22938330471515656,146309,15000,145.9683920002135,108.0777645111084,204.25830078125
719,17.61631965637207,0.8631660342216492,0.6018935441970825,0.23968328535556793,147701,15000,151.15607299958356,111.9849681854248,204.25830078125
720,17.624818086624146,0.8638135194778442,0.6017943620681763,0.24185626208782196,149093,15000,154.27701999942656,111.5407943725586,204.25830078125
721,17.568233013153076,0.8625907897949219,0.6032319664955139,0.23606929183006287,149941,15000,148.994685998332,112.55764961242676,204.25830078125
722,17.550902366638184,0.8616091012954712,0.6043340563774109,0.24855636060237885,149998,15000,147.92898900122964,111.20200157165527,204.25830078125
723,17.604175806045532,0.8636939525604248,0.6063449382781982,0.24407286942005157,150000,15000,147.59860599951935,112.37764358520508,204.25830078125
724,17.584680318832397,0.8631625175476074,0.6083461046218872,0.24618010222911835,150000,15000,138.4332080015156,107.08737373352051,204.25830078125
725,17.502429485321045,0.8624757528305054,0.6070566177368164,0.2223772406578064,150000,15000,140.26058599847602,106.53114318847656,204.25830078125
726,17.652331590652466,0.8664023876190186,0.6027066707611084,0.2230531871318817,150000,15000,132.47485300234985,106.56046867370605,204.25830078125
727,17.767493724822998,0.8673367500305176,0.6015174984931946,0.2392149269580841,150000,15000,132.565326999611,106.13560676574707,204.25830078125
728,17.887040376663208,0.8702279329299927,0.6000066995620728,0.22400963306427002,150000,15000,129.69154700112995,103.75332832336426,204.25830078125
729,17.89311647415161,0.8706059455871582,0.6025698184967041,0.23695774376392365,150000,15000,131.3671339994471,103.81078720092773,204.25830078125
730,17.898136377334595,0.8710748553276062,0.6016888618469238,0.2410287708044052,150000,15000,134.52591100212885,103.64246368408203,204.25830078125
731,17.831310033798218,0.8704252243041992,0.6020581722259521,0.22860340774059296,150000,15000,135.5725719986367,105.57198524475098,204.25830078125
732,17.86921739578247,0.8717795610427856,0.601571798324585,0.2282465249300003,150000,15000,131.06561299719033,104.57611083984375,204.25830078125
733,17.87342071533203,0.870999813079834,0.599265456199646,0.2377443164587021,150000,15000,129.2794849978236,103.44719886779785,204.25830078125
734,17.928106784820557,0.8732320070266724,0.5949979424476624,0.2313936948776245,150000,15000,133.13332100005937,107.06591606140137,204.25830078125
735,17.93297290802002,0.8736690282821655,0.5948752164840698,0.22407768666744232,150000,15000,129.9136779998662,103.26886177062988,204.25830078125
736,17.90712594985962,0.8728100061416626,0.5963190197944641,0.23338256776332855,150000,15000,129.1100540001935,102.92911529541016,204.25830078125
737,17.589577436447144,0.8646771311759949,0.5907300114631653,0.22714711725711823,150000,15000,128.67914000162273,102.63276100158691,204.25830078125
738,17.43312358856201,0.8601194620132446,0.5929474234580994,0.22878620028495789,150000,15000,128.83295900246594,103.4383773803711,204.25830078125
739,17.574479579925537,0.8651074171066284,0.587548553943634,0.22199726104736328,150000,15000,129.2995979965781,103.07979583740234,204.25830078125
740,17.6689875125885,0.8664075136184692,0.5843345522880554,0.2241104245185852,150000,15000,129.11529399934807,103.28292846679688,204.25830078125
741,17.648247480392456,0.8650962114334106,0.5809272527694702,0.22646136581897736,150000,15000,129.478429997107,103.09910774230957,204.25830078125
742,17.294069528579712,0.8568544387817383,0.5896627902984619,0.22953779995441437,150000,15000,136.9224639965978,106.48941993713379,204.25830078125
743,16.776180267333984,0.8395661115646362,0.59225994348526,0.21767503023147583,150000,15000,140.97573699837085,110.85963249206543,204.25830078125
744,17.202839851379395,0.8527485728263855,0.5863281488418579,0.2145947813987732,150000,15000,139.71668600061093,112.86687850952148,204.25830078125
745,17.356491088867188,0.8575133085250854,0.5799298286437988,0.2260337769985199,150000,15000,141.6715200030012,112.16354370117188,204.25830078125
746,17.416549921035767,0.8588622808456421,0.5731539726257324,0.22586360573768616,150000,15000,139.04742600061581,110.56661605834961,204.25830078125
747,17.303987741470337,0.8573819398880005,0.5804162621498108,0.23170895874500275,150000,15000,139.34960100232274,112.57147789001465,204.25830078125
748,17.170854806900024,0.8540116548538208,0.579472005367279,0.21966682374477386,150000,15000,134.33874399925116,106.56857490539551,204.25830078125
749,17.200793027877808,0.8548682928085327,0.5758888125419617,0.22052085399627686,150000,15000,132.62020699767163,105.14688491821289,204.25830078125
750,17.162652015686035,0.8525969386100769,0.5774961113929749,0.23979762196540833,150000,15000,131.40997600203264,104.39395904541016,204.25830078125
751,17.09817409515381,0.85170978307724,0.5713298916816711,0.23834173381328583,150000,15000,130.75074199878145,103.19185256958008,204.25830078125
752,17.034502029418945,0.8493475317955017,0.5773350596427917,0.23918820917606354,150000,15000,130.47737200031406,103.7135124206543,204.25830078125
753,16.811429262161255,0.8423284292221069,0.588085412979126,0.23199467360973358,150000,15000,129.02265900265775,103.19852828979492,204.25830078125
754,16.72121286392212,0.8406035304069519,0.5869935750961304,0.21540598571300507,150000,15000,135.45381500080111,107.34224319458008,204.25830078125
755,16.85703754425049,0.8426445722579956,0.5932806730270386,0.21885918080806732,150000,15000,134.4626829995832,105.60274124145508,204.25830078125
756,16.7248272895813,0.8377721309661865,0.595823347568512,0.2385311871767044,150000,15000,129.44205199892167,103.30319404602051,204.25830078125
757,16.511423587799072,0.8286805152893066,0.6038818955421448,0.22033719718456268,150000,15000,136.9156560031115,105.48067092895508,204.25830078125
758,16.58461570739746,0.8319613337516785,0.5984341502189636,0.2245764136314392,150000,15000,131.20307000281173,104.33816909790039,204.25830078125
759,16.687439680099487,0.833232581615448,0.6016281843185425,0.24066723883152008,150000,15000,130.9403189989098,103.97076606750488,204.25830078125
760,16.677138805389404,0.8321330547332764,0.6040421724319458,0.22894646227359772,150000,15000,129.3895769995288,103.47485542297363,204.25830078125
761,16.64747953414917,0.8301644325256348,0.6009991765022278,0.22548578679561615,150000,15000,128.81995199859375,102.31256484985352,204.25830078125
762,16.72889471054077,0.830147385597229,0.6037213802337646,0.2343025952577591,150000,15000,127.97916899944539,102.68115997314453,204.25830078125
763,16.753910779953003,0.8321406841278076,0.6115528345108032,0.2186937779188156,150000,15000,134.4102449984348,103.3322811126709,204.25830078125
764,16.84484362602234,0.8330005407333374,0.6118180155754089,0.2568449378013611,150000,15000,132.4943390027329,104.23731803894043,204.25830078125
765,16.88512921333313,0.8323301076889038,0.6134912967681885,0.22608880698680878,150000,15000,133.48150800084113,104.9501895904541,204.25830078125
766,16.871888637542725,0.8318462371826172,0.6042507886886597,0.23800021409988403,150000,15000,131.10766000318108,102.46443748474121,204.25830078125
767,16.909629106521606,0.8330323696136475,0.6049681305885315,0.23117193579673767,150000,15000,139.28789100100403,112.83469200134277,204.25830078125
768,16.96263074874878,0.8342282176017761,0.6057033538818359,0.2360127568244934,150000,15000,139.27618200250436,111.02628707885742,204.25830078125
769,17.018264532089233,0.8348910212516785,0.6023113131523132,0.22644442319869995,150000,15000,139.31249899906106,112.1060848236084,204.25830078125
770,16.950210332870483,0.8361334800720215,0.614262580871582,0.24332177639007568,150000,15000,143.01226300085546,114.31407928466797,204.25830078125
771,16.998238563537598,0.8392848968505859,0.610436201095581,0.23221008479595184,150000,15000,147.04048999919905,111.9697093963623,204.25830078125
772,16.98171615600586,0.8376054763793945,0.6084217429161072,0.23618155717849731,150000,15000,138.80444599999464,111.99545860290527,204.25830078125
773,17.016321420669556,0.8414448499679565,0.6145354509353638,0.23368427157402039,150000,15000,138.19107100061956,107.63263702392578,204.25830078125
774,17.033710479736328,0.8444327116012573,0.6115532517433167,0.2222214639186859,150000,15000,132.5060150011268,105.78465461730957,204.25830078125
775,17.037508487701416,0.8439029455184937,0.6088318824768066,0.23549245297908783,150000,15000,138.59477799996966,111.9234561920166,204.25830078125
776,17.07052230834961,0.8457952737808228,0.6061959862709045,0.24563701450824738,150000,15000,145.36598799895728,114.80522155761719,204.25830078125
777,17.088319063186646,0.8478409051895142,0.5996609330177307,0.23654960095882416,150000,15000,137.67472600011388,106.69589042663574,204.25830078125
778,17.143126726150513,0.8471344709396362,0.5972435474395752,0.2343870848417282,150000,15000,133.1085460005852,105.07488250732422,204.25830078125
779,17.113040685653687,0.8466674089431763,0.597260594367981,0.24281886219978333,150000,15000,143.0073949995858,111.99045181274414,204.25830078125
780,17.15572237968445,0.8478726148605347,0.5899816155433655,0.2296968251466751,150000,15000,134.09553800011054,106.2922477722168,204.25830078125
781,17.159754037857056,0.8474156856536865,0.5907338857650757,0.21475563943386078,150000,15000,139.9341509968508,112.17904090881348,204.25830078125
782,17.23283886909485,0.8492428660392761,0.5878458619117737,0.24172218143939972,150000,15000,141.83541799866362,113.29221725463867,204.25830078125
783,17.159427404403687,0.8483378291130066,0.5918703675270081,0.22972993552684784,150000,15000,139.39556099649053,111.01937294006348,204.25830078125
784,17.165563106536865,0.8484879732131958,0.5965393781661987,0.24392388761043549,150000,15000,144.8570109969296,111.83667182922363,204.25830078125
785,17.14914083480835,0.8476905226707458,0.5998337864875793,0.23011162877082825,150000,15000,138.24492300045677,109.64393615722656,204.25830078125
786,17.073838710784912,0.8457581400871277,0.5969126224517822,0.23350371420383453,150000,15000,146.04226799929165,109.5438003540039,204.25830078125
787,17.06975817680359,0.844386100769043,0.6045743227005005,0.2332930862903595,150000,15000,148.87110499694245,112.88952827453613,204.25830078125
788,17.055377960205078,0.8429673910140991,0.6028895378112793,0.24122874438762665,150000,15000,142.27406899954076,111.84358596801758,204.25830078125
789,16.997227668762207,0.841524600982666,0.6022864580154419,0.22735010087490082,150000,15000,154.7415649984032,118.09158325195312,204.25830078125
790,17.001850605010986,0.8416194915771484,0.6081297993659973,0.2535158097743988,150000,15000,149.0729859979183,117.71416664123535,204.25830078125
791,16.999682188034058,0.8419166803359985,0.6113468408584595,0.24063919484615326,150000,15000,139.86961799673736,113.27695846557617,204.25830078125
792,16.99530601501465,0.8401998281478882,0.6183054447174072,0.24624794721603394,150000,15000,139.913279999746,111.88530921936035,204.25830078125
793,17.03740954399109,0.8438208103179932,0.6252728700637817,0.2346239686012268,150000,15000,136.2870999982988,108.71243476867676,204.25830078125
794,17.05846667289734,0.8441149592399597,0.621570885181427,0.23259520530700684,150000,15000,139.15073799944366,111.03153228759766,204.25830078125
795,17.07727551460266,0.8440279960632324,0.6211292743682861,0.2367514967918396,150000,15000,138.89695599937113,112.95104026794434,204.25830078125
796,17.0921528339386,0.8440794944763184,0.6232647895812988,0.23425617814064026,150000,15000,138.43537100183312,111.39273643493652,204.25830078125
797,17.14674711227417,0.8450427055358887,0.618130087852478,0.23407581448554993,150000,15000,139.6530359997996,111.17243766784668,204.25830078125
798,17.11650013923645,0.8452572822570801,0.619673490524292,0.24006354808807373,150000,15000,140.67630900171935,111.46807670593262,204.25830078125
799,17.137811183929443,0.8456984758377075,0.6217682957649231,0.24626538157463074,150000,15000,140.93110300018452,111.96398735046387,204.25830078125
800,17.10283398628235,0.844878613948822,0.6170834898948669,0.24217385053634644,133901,15000,149.88560900019365,111.74798011779785,204.25830078125
801,17.242072820663452,0.8580789566040039,0.6133272647857666,0.23488681018352509,135352,15000,153.50149200094165,110.4269027709961,204.25830078125
802,17.382333278656006,0.8630213737487793,0.6094033718109131,0.2455393522977829,136803,15000,153.06367700031842,110.7175350189209,204.25830078125
803,17.3992121219635,0.8645992279052734,0.6100404858589172,0.2456200271844864,138261,15000,146.82073099902482,105.22675514221191,204.25830078125
804,17.364883422851562,0.8634856939315796,0.6056894063949585,0.24545615911483765,139720,15000,151.7527229989355,111.23347282409668,204.25830078125
805,17.39717125892639,0.8641905784606934,0.6048036813735962,0.2545235753059387,141184,15000,152.63460300047882,111.37056350708008,204.25830078125
806,17.343568801879883,0.8638838529586792,0.5992423295974731,0.25724148750305176,142629,15000,153.8175579989911,110.24117469787598,204.25830078125
807,17.328685522079468,0.863930881023407,0.601129412651062,0.24172137677669525,144069,15000,148.43579799708095,109.73620414733887,204.25830078125
808,17.35031008720398,0.8641308546066284,0.5987508296966553,0.2456914782524109,145520,15000,139.82657299857237,101.96638107299805,204.25830078125
809,17.274198532104492,0.8612383604049683,0.6055479049682617,0.25858187675476074,146961,15000,139.81588599926909,101.20391845703125,204.25830078125
810,17.358202934265137,0.8635644912719727,0.6024223566055298,0.250173956155777,148410,15000,141.69005200164975,100.93808174133301,204.25830078125
811,17.305004596710205,0.8624764680862427,0.6037642955780029,0.24990738928318024,149870,15000,312.1695219997491,100.82149505615234,204.25830078125
812,17.24243402481079,0.8595619201660156,0.6015127301216125,0.24834296107292175,149989,15000,135.32829800169566,101.40347480773926,205.599609375
813,17.219208478927612,0.8584201335906982,0.6010185480117798,0.25801974534988403,150000,15000,130.83320800069487,102.31232643127441,205.599609375
814,17.16911792755127,0.8578262329101562,0.600301206111908,0.24818940460681915,150000,15000,130.5684070030111,102.26154327392578,205.599609375
815,17.014644145965576,0.852299153804779,0.5918951630592346,0.25725486874580383,150000,15000,140.56722299937974,112.95628547668457,205.599609375
816,16.944841146469116,0.8496696949005127,0.5976260304450989,0.2427941858768463,150000,15000,139.75437399858492,111.56010627746582,205.599609375
817,16.91980242729187,0.849872350692749,0.5967258214950562,0.24938639998435974,150000,15000,138.45926100111683,110.84413528442383,205.599609375
818,16.751800775527954,0.8439548015594482,0.5966109037399292,0.2410690039396286,150000,15000,137.8773970027396,109.91072654724121,205.599609375
819,16.804029941558838,0.8457765579223633,0.5999212265014648,0.2407446950674057,150000,15000,137.3705979967781,110.5356216430664,205.599609375
820,16.710103750228882,0.8416739702224731,0.606928825378418,0.24970707297325134,150000,15000,139.83009300136473,112.4427318572998,205.599609375
821,16.62354350090027,0.8396869897842407,0.6119142174720764,0.2445080280303955,150000,15000,139.8370459974103,111.62805557250977,205.599609375
822,16.66995882987976,0.8419842720031738,0.61237633228302,0.2438618242740631,150000,15000,144.25866800229414,111.83023452758789,205.599609375
823,16.60011053085327,0.8382827639579773,0.6060099601745605,0.24900507926940918,150000,15000,138.304241001606,109.95364189147949,205.599609375
824,16.556049585342407,0.8388451933860779,0.6095584034919739,0.24573655426502228,150000,15000,133.10308000291116,105.83329200744629,205.599609375
825,16.562339067459106,0.839998722076416,0.608309268951416,0.24586865305900574,150000,15000,129.53233500229544,102.02169418334961,205.599609375
826,16.519320011138916,0.837054967880249,0.6046940088272095,0.23916879296302795,150000,15000,131.65791000210447,100.66723823547363,205.599609375
827,16.512678861618042,0.8342499732971191,0.6141385436058044,0.23937253654003143,150000,15000,134.5749860010983,102.8447151184082,205.599609375
828,16.507184505462646,0.8337435722351074,0.6158998012542725,0.232464000582695,150000,15000,129.01087300269864,102.7536392211914,205.599609375
829,16.505935192108154,0.8323864936828613,0.612697422504425,0.23464176058769226,150000,15000,129.2721130012069,102.07009315490723,205.599609375
830,16.536647081375122,0.8312286734580994,0.6127617359161377,0.2353607565164566,150000,15000,128.84745900009875,102.00738906860352,205.599609375
831,16.500096321105957,0.8313175439834595,0.6127166152000427,0.23061344027519226,150000,15000,130.44445600098697,101.64189338684082,205.599609375
832,16.52920126914978,0.8318102359771729,0.6143908500671387,0.22487469017505646,150000,15000,131.13135900130146,104.56418991088867,205.599609375
833,16.530354022979736,0.8327527046203613,0.6116465330123901,0.23378700017929077,150000,15000,128.04799200239358,101.98140144348145,205.599609375
834,16.577242612838745,0.8342496752738953,0.6130638718605042,0.22906260192394257,150000,15000,129.3924240017077,102.58889198303223,205.599609375
835,16.556758880615234,0.8333999514579773,0.6100765466690063,0.22182653844356537,150000,15000,128.9145910013758,102.33855247497559,205.599609375
836,16.623854637145996,0.8342577815055847,0.6116502285003662,0.21977610886096954,150000,15000,127.09257299866294,101.62925720214844,205.599609375
837,16.59952402114868,0.8334827423095703,0.615734338760376,0.22232696413993835,150000,15000,127.98632900012308,101.78589820861816,205.599609375
838,16.620301008224487,0.833899199962616,0.6110203862190247,0.21903935074806213,150000,15000,133.54357900243485,102.55908966064453,205.599609375
839,16.697213649749756,0.835822582244873,0.611502468585968,0.2188633531332016,150000,15000,130.5246320007427,101.94826126098633,205.599609375
840,16.67873740196228,0.8372775912284851,0.609467625617981,0.2353755384683609,150000,15000,137.7930330017989,105.53598403930664,205.599609375
841,16.773759126663208,0.8399788737297058,0.6079636812210083,0.23020708560943604,150000,15000,130.32824299807544,103.89065742492676,205.599609375
842,16.874518394470215,0.8425213694572449,0.6097055077552795,0.21910926699638367,150000,15000,140.40699399993173,111.81783676147461,205.599609375
843,16.773297786712646,0.8439342975616455,0.6177318096160889,0.2227843552827835,150000,15000,137.46019300015178,107.91683197021484,205.599609375
844,16.784220933914185,0.8433489203453064,0.6162809133529663,0.22790251672267914,150000,15000,147.28531499713426,110.78310012817383,205.599609375
845,16.870481967926025,0.8463815450668335,0.6200313568115234,0.23328275978565216,150000,15000,140.59118400109583,111.46664619445801,205.599609375
846,16.873104572296143,0.8464202284812927,0.6245361566543579,0.23290467262268066,150000,15000,139.5873750007013,112.55383491516113,205.599609375
847,16.952790021896362,0.8471741676330566,0.6268564462661743,0.2289150208234787,150000,15000,143.2403520011576,111.98878288269043,205.599609375
848,16.874250173568726,0.8454796671867371,0.632611870765686,0.22672931849956512,150000,15000,141.25591699848883,109.69400405883789,205.599609375
849,16.938377618789673,0.8479530215263367,0.6239904165267944,0.23038411140441895,150000,15000,134.36911000098917,105.74674606323242,205.599609375
850,16.95258378982544,0.8489894866943359,0.6135662198066711,0.23018436133861542,150000,15000,133.2793710025726,103.18946838378906,205.599609375
851,16.953192949295044,0.849969744682312,0.6147571206092834,0.2265671044588089,150000,15000,134.1115670002182,102.15973854064941,205.599609375
852,16.978436708450317,0.8495786190032959,0.6184382438659668,0.21573826670646667,150000,15000,140.5554499979189,107.84578323364258,205.599609375
853,16.92104458808899,0.8491859436035156,0.6164432168006897,0.21962949633598328,150000,15000,129.40780600183643,102.40769386291504,205.599609375
854,16.91840648651123,0.8484477996826172,0.6132326126098633,0.2139030545949936,150000,15000,128.8701609992131,101.7756462097168,205.599609375
855,16.927528381347656,0.8477979898452759,0.6111472845077515,0.2183847874403,150000,15000,128.0711910003447,101.99117660522461,205.599609375
856,16.880645751953125,0.8473571538925171,0.6104891300201416,0.21649764478206635,150000,15000,140.13750800222624,102.36692428588867,205.599609375
857,16.86929702758789,0.8467671871185303,0.6133458018302917,0.20561279356479645,150000,15000,134.92207699891878,102.62012481689453,205.599609375
858,16.811624765396118,0.8457103967666626,0.6157491207122803,0.2097320407629013,150000,15000,133.29691800026922,101.57132148742676,205.599609375
859,16.74318552017212,0.843089759349823,0.6222224831581116,0.20940539240837097,150000,15000,132.73194700013846,102.32663154602051,205.599609375
860,16.7612624168396,0.8433098196983337,0.6214736700057983,0.21751008927822113,150000,15000,137.60358599756728,102.66876220703125,205.599609375
861,16.60052180290222,0.8374272584915161,0.6310480237007141,0.20578503608703613,150000,15000,133.23303300057887,102.42247581481934,205.599609375
862,16.582428216934204,0.8364576697349548,0.6302922964096069,0.21329954266548157,150000,15000,128.91656899955706,102.34355926513672,205.599609375
863,16.537585258483887,0.834382176399231,0.6304252743721008,0.21793432533740997,150000,15000,129.2678980025812,102.38361358642578,205.599609375
864,16.513447761535645,0.8337127566337585,0.6275429129600525,0.2072940170764923,150000,15000,130.00905199805857,103.30939292907715,205.599609375
865,16.486388444900513,0.834886908531189,0.6292847394943237,0.21166583895683289,150000,15000,130.50363799993647,103.60240936279297,205.599609375
866,16.492105722427368,0.8339663743972778,0.6186414361000061,0.219491109251976,150000,15000,132.26524100173265,104.52985763549805,205.599609375
867,16.446759700775146,0.8333122134208679,0.6190110445022583,0.2160940170288086,150000,15000,130.77239800259122,102.72359848022461,205.599609375
868,16.427485942840576,0.83409184217453,0.61973637342453,0.21625839173793793,150000,15000,146.9252469978528,112.81037330627441,205.599609375
869,16.459312438964844,0.8350576162338257,0.6233934760093689,0.21372990310192108,150000,15000,142.71814899984747,109.06481742858887,205.599609375
870,16.504372358322144,0.8362056612968445,0.619264543056488,0.2131914645433426,150000,15000,138.69610600158921,110.02349853515625,205.599609375
871,16.445393562316895,0.8355201482772827,0.6178930997848511,0.2162168174982071,150000,15000,138.37242599765887,110.14342308044434,205.599609375
872,16.46329164505005,0.8363258242607117,0.6224552989006042,0.21413280069828033,150000,15000,143.75539999673492,109.9843978881836,205.599609375
873,16.45052433013916,0.8358319997787476,0.6190049648284912,0.2093166559934616,150000,15000,138.93738700062386,110.38708686828613,205.599609375
874,16.464314460754395,0.8378580808639526,0.6153586506843567,0.215134859085083,150000,15000,130.2900930022588,102.89931297302246,205.599609375
875,16.473599672317505,0.8386415243148804,0.6165832281112671,0.2131226658821106,150000,15000,129.054830998939,101.93943977355957,205.599609375
876,16.424745321273804,0.8365236520767212,0.6213540434837341,0.20893357694149017,150000,15000,130.94688199998927,103.67774963378906,205.599609375
877,16.05241060256958,0.8220387697219849,0.6228729486465454,0.2143152952194214,150000,15000,133.1070099986391,104.65669631958008,205.599609375
878,16.01658582687378,0.820554256439209,0.6221790313720703,0.21152377128601074,150000,15000,131.30941400231677,103.9888858795166,205.599609375
879,16.21657967567444,0.8288493156433105,0.6195728778839111,0.20394115149974823,150000,15000,133.4133849995851,105.63802719116211,205.599609375
880,16.23426079750061,0.8297200202941895,0.6178048849105835,0.21147748827934265,150000,15000,134.43307100169477,105.87430000305176,205.599609375
881,16.20108723640442,0.8302561640739441,0.6212934851646423,0.20875923335552216,150000,15000,128.05692599795293,101.38702392578125,205.599609375
882,16.36055827140808,0.8356451392173767,0.6172733306884766,0.2039945274591446,150000,15000,128.0424659998971,101.43136978149414,205.599609375
883,16.362260580062866,0.836953341960907,0.6096716523170471,0.20232287049293518,150000,15000,130.1043719977315,103.11508178710938,205.599609375
884,16.22929811477661,0.8317264914512634,0.6131108999252319,0.1996581256389618,150000,15000,130.91792399791302,102.88763046264648,205.599609375
885,16.37036681175232,0.8344289064407349,0.6048222184181213,0.21571031212806702,150000,15000,129.8037540000223,102.78129577636719,205.599609375
886,16.387709379196167,0.8364831805229187,0.6113496422767639,0.20998288691043854,150000,15000,131.98433599973214,104.248046875,205.599609375
887,16.421843767166138,0.837645411491394,0.6073936820030212,0.20786578953266144,150000,15000,150.45389599981718,116.56379699707031,205.599609375
888,16.345572471618652,0.8332762718200684,0.6099374294281006,0.2108915150165558,150000,15000,134.91055000122287,102.97155380249023,205.599609375
889,16.38520121574402,0.835974395275116,0.6192436218261719,0.19899867475032806,150000,15000,132.83012100146152,102.8909683227539,205.599609375
890,16.326264142990112,0.8348318338394165,0.621179461479187,0.20384131371974945,150000,15000,135.50875300279586,103.62839698791504,205.599609375
891,16.374011039733887,0.8366209268569946,0.6165788173675537,0.20366796851158142,150000,15000,142.48506500007352,112.53023147583008,205.599609375
892,16.344408988952637,0.834052562713623,0.6252147555351257,0.18819350004196167,150000,15000,143.82552900133305,111.24396324157715,205.599609375
893,16.293717622756958,0.834449291229248,0.6301271915435791,0.19503110647201538,150000,15000,145.85884899861412,114.5327091217041,205.599609375
894,16.376402378082275,0.8366293907165527,0.6307506561279297,0.20056374371051788,150000,15000,146.63668100183713,111.07802391052246,205.599609375
895,16.33726716041565,0.8349384069442749,0.6286553740501404,0.19151000678539276,150000,15000,144.29045399811002,110.25762557983398,205.599609375
896,16.34648561477661,0.8344162702560425,0.6302013993263245,0.18930189311504364,150000,15000,144.6088359989517,113.06643486022949,205.599609375
897,16.38638138771057,0.8324033617973328,0.6364413499832153,0.19294369220733643,150000,15000,145.2939430018887,112.18905448913574,205.599609375
898,16.195201873779297,0.8268184661865234,0.6244439482688904,0.19079533219337463,150000,15000,133.78990199998952,105.9274673461914,205.599609375
899,16.27484679222107,0.8309685587882996,0.6307637095451355,0.1906624585390091,150000,15000,141.87136799955624,109.42602157592773,205.599609375
900,16.266937255859375,0.8320727348327637,0.6368328928947449,0.18347269296646118,147549,15000,137.24008000281174,104.87914085388184,205.599609375
901,16.00406765937805,0.8177449107170105,0.6177850365638733,0.18793487548828125,148982,15000,147.1081960007723,104.5372486114502,205.599609375
902,16.172285079956055,0.8250762820243835,0.6018046140670776,0.1783006638288498,149957,15000,143.16710599814542,104.9959659576416,205.599609375
903,16.31945252418518,0.8295812010765076,0.6077004671096802,0.18519353866577148,149996,15000,132.71865800197702,103.14130783081055,205.599609375
904,15.995728969573975,0.818783164024353,0.6149349212646484,0.18438898026943207,150000,15000,137.45393899807823,107.1629524230957,205.599609375
905,16.077483892440796,0.8237807750701904,0.6068892478942871,0.18133415281772614,150000,15000,139.07699700212106,104.30192947387695,205.599609375
906,15.738016366958618,0.809929609298706,0.608657717704773,0.19117239117622375,150000,15000,133.28571999954875,105.20076751708984,205.599609375
907,15.938910245895386,0.8181573748588562,0.6090719699859619,0.18864792585372925,150000,15000,140.54321500225342,111.84287071228027,205.599609375
908,16.03580355644226,0.8243734836578369,0.6131220459938049,0.1791495531797409,150000,15000,136.8026390009618,105.67307472229004,205.599609375
909,16.099029779434204,0.8283824324607849,0.6137486696243286,0.17209526896476746,150000,15000,139.3736270001682,105.87263107299805,205.599609375
910,16.054723262786865,0.82729172706604,0.6176376342773438,0.16938655078411102,150000,15000,139.52903600147692,109.05981063842773,205.599609375
911,16.048579216003418,0.8266967535018921,0.6251865029335022,0.16840854287147522,150000,15000,146.32697400156758,111.80758476257324,205.599609375
912,16.06919288635254,0.8285669684410095,0.6294052004814148,0.17258428037166595,150000,15000,146.04833699922892,113.33584785461426,205.599609375
913,16.102570295333862,0.8304790258407593,0.6348373889923096,0.17045314610004425,150000,15000,143.52519200110692,114.7909164428711,205.599609375
914,16.138170957565308,0.830894410610199,0.6365746855735779,0.16049505770206451,150000,15000,141.27074600037304,112.59150505065918,205.599609375
915,16.136772632598877,0.830793559551239,0.6288465857505798,0.15447671711444855,150000,15000,139.18140299938386,110.52107810974121,205.599609375
916,16.214884519577026,0.831627368927002,0.6201371550559998,0.16761651635169983,150000,15000,132.408679000946,104.92467880249023,205.599609375
917,16.090832948684692,0.8307417631149292,0.6245477199554443,0.16091136634349823,150000,15000,135.72169300095993,104.38895225524902,205.599609375
918,16.187844276428223,0.8329423666000366,0.6115120053291321,0.1592777967453003,150000,15000,132.73990900052013,105.67498207092285,205.599609375
919,16.21039867401123,0.8327028155326843,0.617741584777832,0.16368940472602844,150000,15000,134.22124599674135,105.15594482421875,205.599609375
920,16.272597312927246,0.8339166641235352,0.618030309677124,0.159821555018425,150000,15000,133.61556400195695,105.45516014099121,205.599609375
921,16.295918226242065,0.8353649377822876,0.6182476282119751,0.16480782628059387,150000,15000,134.28471999941394,105.96346855163574,205.599609375
922,16.315369606018066,0.835487961769104,0.6086145639419556,0.16201621294021606,150000,15000,131.94712200129288,104.79617118835449,205.599609375
923,16.307151317596436,0.8360251784324646,0.6168607473373413,0.16548657417297363,150000,15000,134.6979729969462,103.31559181213379,205.599609375
924,16.264501810073853,0.8337459564208984,0.6157171130180359,0.16584591567516327,150000,15000,130.76812100189272,103.28125953674316,205.599609375
925,16.30221724510193,0.8344312906265259,0.6144424080848694,0.16406291723251343,150000,15000,134.38227900041966,103.2867431640625,205.599609375
926,16.295788288116455,0.8349818587303162,0.6224432587623596,0.15628783404827118,150000,15000,130.26892299967585,103.10983657836914,205.599609375
927,16.269829273223877,0.8348455429077148,0.6166190505027771,0.17126715183258057,150000,15000,137.6463300002797,105.79109191894531,205.599609375
928,16.189086437225342,0.8324354887008667,0.6140782833099365,0.16568638384342194,150000,15000,144.8483589992975,113.27028274536133,205.599609375
929,16.13809823989868,0.8297582864761353,0.6214442253112793,0.16347436606884003,150000,15000,140.20579600037308,111.92178726196289,205.599609375
930,16.14534616470337,0.8304135203361511,0.615664541721344,0.16619619727134705,150000,15000,142.8446840000106,112.55645751953125,205.599609375
931,16.026142835617065,0.8273226618766785,0.6174918413162231,0.16017566621303558,150000,15000,141.09133900274173,112.70499229431152,205.599609375
932,15.806740522384644,0.8180675506591797,0.6217714548110962,0.15921054780483246,150000,15000,140.91518399800407,112.50662803649902,205.599609375
933,15.825508832931519,0.8179359436035156,0.6256041526794434,0.15636377036571503,150000,15000,148.6802470026305,112.45083808898926,205.599609375
934,15.800142288208008,0.8178070783615112,0.6239444613456726,0.15384268760681152,150000,15000,142.32553300098516,113.3277416229248,205.599609375
935,15.796583890914917,0.8184674978256226,0.6218584775924683,0.1450861692428589,150000,15000,137.9379110003356,109.34019088745117,205.599609375
936,15.770912170410156,0.8170994520187378,0.624234676361084,0.15306434035301208,150000,15000,131.48929099770612,103.87516021728516,205.599609375
937,15.868959426879883,0.8207916021347046,0.6225951313972473,0.14984352886676788,150000,15000,131.88548800098943,104.888916015625,205.599609375
938,15.879647731781006,0.8220661878585815,0.6215651631355286,0.14967352151870728,150000,15000,135.834437001904,106.93788528442383,205.599609375
939,15.897544622421265,0.8233534693717957,0.6240556240081787,0.14832065999507904,150000,15000,132.13533800080768,103.57213020324707,205.599609375
940,15.846346616744995,0.8206686973571777,0.6215880513191223,0.1474543958902359,150000,15000,132.02177699713502,104.18915748596191,205.599609375
941,15.869500637054443,0.8225886225700378,0.6300332546234131,0.15030686557292938,150000,15000,133.08077699912246,105.3929328918457,205.599609375
942,15.694448947906494,0.8146354556083679,0.6289037466049194,0.1470174640417099,150000,15000,137.71503099997062,103.99317741394043,205.599609375
943,15.791722536087036,0.8210357427597046,0.6281921863555908,0.13917770981788635,150000,15000,133.41229899742757,104.16793823242188,205.599609375
944,15.799469947814941,0.8212053179740906,0.6285514235496521,0.14630810916423798,150000,15000,130.343733002519,103.31273078918457,205.599609375
945,15.777003765106201,0.8216114044189453,0.6365996599197388,0.13623489439487457,150000,15000,131.1934339973959,103.81889343261719,205.599609375
946,15.841031074523926,0.8227855563163757,0.6447736024856567,0.1478331983089447,150000,15000,131.5786909981398,104.86745834350586,205.599609375
947,15.893957614898682,0.8247088193893433,0.6425448060035706,0.13446666300296783,150000,15000,130.59165600134293,103.53374481201172,205.599609375
948,15.920377969741821,0.8261067867279053,0.643403172492981,0.1441727578639984,150000,15000,130.53583100190735,103.32465171813965,205.599609375
949,15.862903594970703,0.8239248991012573,0.6387355327606201,0.13388429582118988,150000,15000,131.58127999849967,103.6689281463623,205.599609375
950,15.689318180084229,0.8171541094779968,0.6368693113327026,0.1341387927532196,150000,15000,132.57329000043683,104.72798347473145,205.599609375
951,15.83842158317566,0.823641300201416,0.6351779699325562,0.15007995069026947,150000,15000,133.68909400014672,106.20760917663574,205.599609375
952,15.94422459602356,0.8270494937896729,0.6313216090202332,0.1510666459798813,150000,15000,131.92835700101568,104.73299026489258,205.599609375
953,15.937628746032715,0.8278663158416748,0.6282795667648315,0.13656708598136902,150000,15000,133.06871700115153,105.54361343383789,205.599609375
954,16.011780500411987,0.8285359740257263,0.621841311454773,0.1424780637025833,150000,15000,130.79815799937933,103.5921573638916,205.599609375
955,16.00058674812317,0.8297356367111206,0.6322722434997559,0.1381668597459793,150000,15000,131.48382599683828,104.64739799499512,205.599609375
956,16.040945053100586,0.8299506902694702,0.6326025724411011,0.13695205748081207,150000,15000,130.8334509994893,104.1264533996582,205.599609375
957,16.08553647994995,0.8317722082138062,0.6322029829025269,0.1380811631679535,150000,15000,131.58060099885915,104.41923141479492,205.599609375
958,16.05900287628174,0.8312112092971802,0.6401661038398743,0.14247314631938934,150000,15000,135.86980499894707,104.34603691101074,205.599609375
959,16.11518383026123,0.8334699869155884,0.627822995185852,0.13475248217582703,150000,15000,137.38946200101054,104.91681098937988,205.599609375
960,16.120349168777466,0.8336399793624878,0.629808247089386,0.1382705420255661,150000,15000,132.57263999912539,104.60710525512695,205.599609375
961,16.164859533309937,0.8351385593414307,0.6275398135185242,0.13637948036193848,150000,15000,137.37114300238318,104.17366027832031,205.599609375
962,16.23236656188965,0.8367016315460205,0.6297487020492554,0.13225828111171722,150000,15000,137.68183900174336,105.76438903808594,205.599609375
963,16.26638650894165,0.8385276198387146,0.6240987181663513,0.13745863735675812,150000,15000,135.33251799890422,104.13169860839844,205.599609375
964,16.26318335533142,0.8358342051506042,0.6173570156097412,0.14312273263931274,150000,15000,135.56425299975672,103.63936424255371,205.599609375
965,16.37537717819214,0.8395363092422485,0.6146987080574036,0.14618845283985138,150000,15000,131.24801000230946,103.54375839233398,205.599609375
966,16.307661533355713,0.8345764875411987,0.6242820024490356,0.14512988924980164,150000,15000,133.02186700093444,104.70175743103027,205.599609375
967,16.195406913757324,0.8303580284118652,0.6280150413513184,0.13873933255672455,150000,15000,132.8030279983068,103.80744934082031,205.599609375
968,16.205904483795166,0.8276904821395874,0.6294581294059753,0.14935964345932007,150000,15000,137.39014800012228,104.2337417602539,205.599609375
969,16.004724502563477,0.8206770420074463,0.6391884088516235,0.14074595272541046,150000,15000,131.35344799957238,103.45959663391113,205.599609375
970,16.165541410446167,0.8261014223098755,0.6334283351898193,0.14344125986099243,150000,15000,130.719772001612,104.278564453125,205.599609375
971,16.112338304519653,0.8249291181564331,0.6320495009422302,0.1553889960050583,150000,15000,131.7223379992356,104.41446304321289,205.599609375
972,15.998977422714233,0.8199852705001831,0.6464664340019226,0.1549779325723648,150000,15000,138.05436300026486,109.27963256835938,205.599609375
973,16.00149154663086,0.8198989629745483,0.6436108350753784,0.16081425547599792,150000,15000,134.3926450026629,105.48067092895508,205.599609375
974,15.99184274673462,0.8203164935112,0.6503570675849915,0.1588752418756485,150000,15000,131.85502200212795,104.67696189880371,205.599609375
975,16.085859537124634,0.8253352046012878,0.6524493098258972,0.14559483528137207,150000,15000,133.11053600045852,105.09181022644043,205.599609375
976,16.27618432044983,0.8329424858093262,0.6389239430427551,0.14730191230773926,150000,15000,134.35825999840745,107.12003707885742,205.599609375
977,16.278663873672485,0.8329296112060547,0.6564788222312927,0.15176133811473846,150000,15000,144.03080500051146,111.5717887878418,205.599609375
978,16.321762800216675,0.83219975233078,0.6529666185379028,0.14242397248744965,150000,15000,147.13931900041644,112.3652458190918,205.599609375
979,16.284605264663696,0.8332239985466003,0.6483297348022461,0.13983602821826935,150000,15000,142.00968200020725,112.75815963745117,205.599609375
980,16.323634386062622,0.8332560062408447,0.6396079063415527,0.14646343886852264,150000,15000,142.21205599824316,113.45219612121582,205.599609375
981,16.31100058555603,0.830488383769989,0.6337513327598572,0.1407402902841568,150000,15000,140.817771996808,112.06746101379395,205.599609375
982,16.266967058181763,0.8315140604972839,0.6408654451370239,0.15324847400188446,150000,15000,139.73693400112097,110.70370674133301,205.599609375
983,16.329246759414673,0.8345012068748474,0.6332097053527832,0.13769756257534027,150000,15000,131.4525699999649,103.98745536804199,205.599609375
984,16.38859510421753,0.8360357284545898,0.6315827965736389,0.14787910878658295,150000,15000,135.1417189980566,107.33318328857422,205.599609375
985,16.36159062385559,0.8363713026046753,0.6344761252403259,0.14720949530601501,150000,15000,132.35479300055886,104.56371307373047,205.599609375
986,16.417229175567627,0.838275134563446,0.6329673528671265,0.13961313664913177,150000,15000,132.56443700083764,104.59709167480469,205.599609375
987,16.499767303466797,0.8408955335617065,0.6214856505393982,0.1470266729593277,150000,15000,133.11899600012111,106.15086555480957,205.599609375
988,16.50352954864502,0.8409926891326904,0.6196531653404236,0.13650453090667725,150000,15000,138.96343799933675,103.8198471069336,205.599609375
989,16.414124965667725,0.836831271648407,0.6321594715118408,0.12661227583885193,150000,15000,144.2398340004729,103.1036376953125,205.599609375
990,16.58411145210266,0.8441381454467773,0.6304693818092346,0.13080769777297974,150000,15000,148.40808100052527,105.95154762268066,205.599609375
991,16.640307903289795,0.8468102812767029,0.6255618333816528,0.13062302768230438,150000,15000,135.46765299906838,103.63435745239258,205.599609375
992,16.480778455734253,0.8416232466697693,0.6245248317718506,0.13274767994880676,150000,15000,135.5004029974225,103.45077514648438,205.599609375
993,16.47943139076233,0.8431187868118286,0.6270717978477478,0.13159719109535217,150000,15000,131.82656400022097,103.71136665344238,205.599609375
994,16.636877059936523,0.8473268747329712,0.6286541223526001,0.14488348364830017,150000,15000,131.01680699764984,103.58881950378418,205.599609375
995,16.66173219680786,0.8478152751922607,0.6227051019668579,0.1242077499628067,150000,15000,131.08886699774303,103.53279113769531,205.599609375
996,16.60054087638855,0.8465405702590942,0.6269431114196777,0.13372406363487244,150000,15000,130.1520770030038,103.04737091064453,205.599609375
997,16.5826153755188,0.8470096588134766,0.6274123191833496,0.12349917739629745,150000,15000,133.67818699771306,105.60083389282227,205.599609375
998,16.601243019104004,0.8475715517997742,0.6250413656234741,0.1294456124305725,150000,15000,131.81307899867534,103.4843921661377,205.599609375
999,16.63229465484619,0.8480493426322937,0.6239511966705322,0.12361934781074524,150000,15000,132.29028600107995,103.48653793334961,205.599609375
1000,16.59289836883545,0.8487553000450134,0.6258342266082764,0.12067952007055283,148301,15000,135.73329499922693,103.32250595092773,205.599609375
1001,17.306270599365234,0.86831134557724,0.5678322911262512,0.1337224394083023,149742,15000,146.35316299973056,103.3179759979248,205.599609375
1002,17.336617708206177,0.8698257207870483,0.5665586590766907,0.12181856483221054,149990,15000,132.46232600067742,102.12421417236328,205.599609375
1003,17.019906044006348,0.8606791496276855,0.5693303346633911,0.1223364919424057,150000,15000,133.6727250018157,103.60360145568848,205.599609375
1004,16.94287896156311,0.8579800128936768,0.5710420608520508,0.1409149318933487,150000,15000,132.0647899992764,105.14354705810547,205.599609375
1005,16.829359531402588,0.8550671339035034,0.576755702495575,0.1382683366537094,150000,15000,131.07680100074504,103.45959663391113,205.599609375
1006,16.639102697372437,0.8482850790023804,0.5799148082733154,0.13069823384284973,150000,15000,134.20122599927709,104.56013679504395,205.599609375
1007,16.585885286331177,0.8460366129875183,0.5806935429573059,0.15074029564857483,150000,15000,133.11250699916855,102.82135009765625,205.599609375
1008,16.459684371948242,0.8420977592468262,0.5721806287765503,0.1357395499944687,150000,15000,130.02878499901271,103.20067405700684,205.599609375
1009,16.270493268966675,0.834010124206543,0.5635759830474854,0.14381250739097595,150000,15000,135.89863299785065,104.56418991088867,205.599609375
1010,15.950459241867065,0.8213982582092285,0.568766713142395,0.15295200049877167,150000,15000,131.9661259985878,103.73950004577637,205.599609375
1011,15.701117515563965,0.8103944659233093,0.5678367018699646,0.16750843822956085,150000,15000,137.03756199902273,104.84027862548828,205.599609375
1012,15.377169847488403,0.7974169254302979,0.580402672290802,0.17301999032497406,150000,15000,146.5291749991593,114.53366279602051,205.599609375
1013,15.354112386703491,0.7958654761314392,0.5888731479644775,0.1765405833721161,150000,15000,142.36910800173064,111.84382438659668,205.599609375
1014,15.312843322753906,0.7913632392883301,0.5975201725959778,0.20400601625442505,150000,15000,141.82285199785838,113.49725723266602,205.599609375
1015,15.172936916351318,0.7829655408859253,0.6042056679725647,0.19455702602863312,150000,15000,141.79258199874312,112.45870590209961,205.599609375
1016,15.089850425720215,0.7786161303520203,0.6224525570869446,0.2146260291337967,150000,15000,141.00790899829008,110.70990562438965,205.599609375
1017,15.033935308456421,0.7753428220748901,0.6341663002967834,0.2087768018245697,150000,15000,138.88479100205586,110.17990112304688,205.599609375
1018,14.896994829177856,0.7682272791862488,0.6439239978790283,0.21551856398582458,150000,15000,131.06738300120924,103.43122482299805,205.599609375
1019,14.890936613082886,0.7658788561820984,0.6486952304840088,0.23897208273410797,150000,15000,134.00264200026868,105.76534271240234,205.599609375
1020,14.876381158828735,0.7643620371818542,0.6497858762741089,0.22549588978290558,150000,15000,141.2185729968769,112.49995231628418,205.599609375
1021,14.764965772628784,0.7578641176223755,0.6478511691093445,0.23793834447860718,150000,15000,142.0455250008672,112.63442039489746,205.599609375
1022,14.690777063369751,0.7521876096725464,0.6589288711547852,0.25028952956199646,150000,15000,142.76480099943,113.04879188537598,205.599609375
1023,14.729501008987427,0.7524887919425964,0.6533924341201782,0.25411495566368103,150000,15000,142.06082300006528,112.13493347167969,205.599609375
1024,14.731855392456055,0.7528793215751648,0.6547698974609375,0.24094997346401215,150000,15000,144.21492199835484,111.69910430908203,205.599609375
1025,14.782813787460327,0.755845308303833,0.657024621963501,0.25012049078941345,150000,15000,144.1284810025536,115.46683311462402,205.599609375
1026,14.879027605056763,0.756310224533081,0.6629935503005981,0.25168144702911377,150000,15000,141.073435999715,111.00411415100098,205.599609375
1027,14.897502660751343,0.7553598880767822,0.6681571006774902,0.27025479078292847,150000,15000,138.88646000123117,108.97469520568848,205.599609375
1028,14.985778331756592,0.7583357691764832,0.6590489149093628,0.27826806902885437,150000,15000,134.5126119995257,105.59415817260742,205.599609375
1029,15.031942129135132,0.7611925005912781,0.6598028540611267,0.2549907863140106,150000,15000,144.38125300148386,113.10052871704102,205.599609375
1030,15.139575004577637,0.7681596279144287,0.657105028629303,0.2641478478908539,150000,15000,150.00672099995427,118.38245391845703,205.599609375
1031,15.212059020996094,0.7726634740829468,0.6475575566291809,0.25901082158088684,150000,15000,144.7922679981275,114.34412002563477,205.599609375
1032,15.162804126739502,0.773082971572876,0.6493867635726929,0.24684494733810425,150000,15000,143.9444169991475,113.40093612670898,205.599609375
1033,15.219402313232422,0.7742781043052673,0.6521486639976501,0.25618472695350647,150000,15000,146.87176199731766,112.93506622314453,205.599609375
1034,15.201948881149292,0.7750957012176514,0.6388823986053467,0.26185423135757446,150000,15000,150.60497200101963,114.87483978271484,205.599609375
1035,15.303038358688354,0.7801833152770996,0.6406531929969788,0.2554062306880951,150000,15000,141.67004599948996,111.26232147216797,205.599609375
1036,14.560643434524536,0.7660161852836609,0.6464783549308777,0.24583522975444794,150000,15000,149.20531900133938,117.2487735748291,205.599609375
1037,14.348022937774658,0.7591146230697632,0.6636244654655457,0.2634216248989105,150000,15000,164.53663900028914,112.1068000793457,205.599609375
1038,14.75598931312561,0.7738299369812012,0.6549185514450073,0.2574528157711029,150000,15000,147.12309400056256,113.87777328491211,205.599609375
1039,14.68906044960022,0.7802752256393433,0.6551024913787842,0.2502414286136627,150000,15000,139.0660540018871,107.74636268615723,205.599609375
1040,14.701024293899536,0.7836431860923767,0.6468362808227539,0.2598276436328888,150000,15000,147.2346299997298,111.21726036071777,205.599609375
1041,14.28086519241333,0.763625979423523,0.6580487489700317,0.26045480370521545,150000,15000,143.61741600077949,109.79270935058594,205.599609375
1042,14.367930889129639,0.7639083862304688,0.6553246974945068,0.27654463052749634,150000,15000,150.2089990026434,114.97378349304199,205.599609375
1043,14.30896282196045,0.7615596055984497,0.6531754732131958,0.2770433723926544,150000,15000,135.40973300041514,104.39419746398926,205.599609375
1044,14.285671710968018,0.7565287351608276,0.6604056358337402,0.289105623960495,150000,15000,136.46787500329083,104.21109199523926,205.599609375
1045,14.317022562026978,0.7532098293304443,0.6630444526672363,0.28200027346611023,150000,15000,130.7812790000753,103.11079025268555,205.599609375
1046,14.3540358543396,0.7521942853927612,0.6682407259941101,0.27037492394447327,150000,15000,138.02801400015596,105.64804077148438,205.599609375
1047,14.485639333724976,0.7556383013725281,0.6654682159423828,0.27591004967689514,150000,15000,136.96221899954253,104.32577133178711,205.599609375
1048,14.574282169342041,0.7581004500389099,0.663917601108551,0.2829301655292511,150000,15000,131.57049900109996,104.22658920288086,205.599609375
1049,14.55889105796814,0.7568496465682983,0.6738656163215637,0.3081541061401367,150000,15000,132.54319899715483,102.47492790222168,205.599609375
1050,14.601995944976807,0.759614109992981,0.6754797101020813,0.28192979097366333,150000,15000,133.4985939975013,103.96003723144531,205.599609375
1051,14.672671556472778,0.7612723112106323,0.6761579513549805,0.2821308970451355,150000,15000,130.9961070001009,103.14607620239258,205.599609375
1052,14.639605283737183,0.7581554651260376,0.6807352900505066,0.28886327147483826,150000,15000,131.73739400008344,103.92260551452637,205.599609375
1053,14.767873287200928,0.7664645910263062,0.6785538196563721,0.29726168513298035,150000,15000,131.37963000190211,103.47509384155273,205.599609375
1054,14.892399311065674,0.7693042159080505,0.6720687747001648,0.29241469502449036,150000,15000,133.04856000104337,102.17976570129395,205.599609375
1055,14.857122898101807,0.7667276859283447,0.675233006477356,0.28462275862693787,150000,15000,140.3687810015981,105.70907592773438,205.599609375
1056,14.832570552825928,0.7632967829704285,0.6699680089950562,0.285482257604599,150000,15000,145.2822789979109,114.96996879577637,205.599609375
1057,14.897520542144775,0.7625669240951538,0.6712571382522583,0.28914976119995117,150000,15000,139.35974800187978,109.06624794006348,205.599609375
1058,14.801360368728638,0.7527493238449097,0.6640667915344238,0.29220741987228394,150000,15000,136.37161600127,106.83512687683105,205.599609375
1059,14.748539924621582,0.7467302680015564,0.6736043691635132,0.3071726858615875,150000,15000,140.10251400031848,107.15317726135254,205.599609375
1060,14.826549291610718,0.750853419303894,0.6674621105194092,0.29910534620285034,150000,15000,152.1994190006808,117.03753471374512,205.599609375
1061,14.7236967086792,0.7458621859550476,0.6797707080841064,0.29693031311035156,150000,15000,144.2513340007281,111.99188232421875,205.599609375
1062,14.764347076416016,0.7493104934692383,0.6831247210502625,0.31378844380378723,150000,15000,148.13566099837772,116.18757247924805,205.599609375
1063,14.776067733764648,0.7501747608184814,0.6744033098220825,0.3068007528781891,150000,15000,144.46700299959048,114.22872543334961,205.599609375
1064,14.78243112564087,0.7485401034355164,0.6773580312728882,0.320597767829895,150000,15000,150.25049899850274,113.4023666381836,205.599609375
1065,14.741802215576172,0.7488797903060913,0.6748098731040955,0.30401280522346497,150000,15000,142.94968899775995,111.90152168273926,205.599609375
1066,14.891366958618164,0.7555610537528992,0.6728684306144714,0.2953130304813385,150000,15000,133.25283899757778,104.07137870788574,205.599609375
1067,14.876588582992554,0.7595824003219604,0.6703155636787415,0.30337557196617126,150000,15000,131.8394410009205,103.95073890686035,205.599609375
1068,14.923570156097412,0.7602199912071228,0.6720390319824219,0.3073515295982361,150000,15000,131.68727599986596,103.91998291015625,205.599609375
1069,14.976437091827393,0.759210467338562,0.6708645820617676,0.31098607182502747,150000,15000,133.0643589972169,104.91204261779785,205.599609375
1070,14.971352815628052,0.7610108852386475,0.6708862781524658,0.30008426308631897,150000,15000,130.9244470030535,103.24382781982422,205.599609375
1071,15.010305643081665,0.7610930800437927,0.6696709394454956,0.3171561658382416,150000,15000,132.75229499777197,103.24430465698242,205.599609375
1072,14.93128776550293,0.7588145136833191,0.6759939789772034,0.3043035566806793,150000,15000,136.19888800167246,103.67727279663086,205.599609375
1073,14.998621940612793,0.7622116804122925,0.6696022748947144,0.32163432240486145,150000,15000,132.88354500036803,104.82239723205566,205.599609375
1074,15.030148029327393,0.7649847269058228,0.6621600985527039,0.3256199359893799,150000,15000,134.69480200001271,105.27801513671875,205.599609375
1075,15.004935264587402,0.766854465007782,0.6663346290588379,0.3142964243888855,150000,15000,135.73931100108894,104.51865196228027,205.599609375
1076,15.05585789680481,0.7691723704338074,0.6679990291595459,0.315302312374115,150000,15000,140.9374779977952,108.53219032287598,205.599609375
1077,15.033385753631592,0.7698684930801392,0.661998450756073,0.30177420377731323,150000,15000,144.67119899927638,106.56857490539551,205.599609375
1078,15.079646110534668,0.7705315947532654,0.6647394895553589,0.30446428060531616,150000,15000,144.80085499963025,112.152099609375,205.599609375
1079,15.122556686401367,0.7719451785087585,0.661156177520752,0.3101601302623749,150000,15000,139.20606800093083,109.11202430725098,205.599609375
1080,15.129585266113281,0.7750711441040039,0.6594308614730835,0.2992721199989319,150000,15000,137.19517400022596,108.66832733154297,205.599609375
1081,15.06443977355957,0.7674438953399658,0.6665180921554565,0.2955733835697174,150000,15000,142.22916099970462,112.28466033935547,205.599609375
1082,15.069336891174316,0.7674760222434998,0.6577351093292236,0.291702538728714,150000,15000,150.21717100171372,116.88351631164551,205.599609375
1083,15.097609758377075,0.7652220726013184,0.6628413796424866,0.3076106607913971,150000,15000,141.0535440008971,109.62748527526855,205.599609375
1084,15.086814165115356,0.7649328112602234,0.6690230369567871,0.2981785237789154,150000,15000,152.04216499842005,117.40779876708984,205.599609375
1085,15.111092329025269,0.7658300399780273,0.6685042977333069,0.30097365379333496,150000,15000,148.67992600193247,115.0515079498291,205.599609375
1086,15.056109428405762,0.7627169489860535,0.6674135327339172,0.31196948885917664,150000,15000,143.5259970021434,112.90526390075684,205.599609375
1087,15.10934591293335,0.7633223533630371,0.6725378036499023,0.2979965806007385,150000,15000,145.1380960024835,112.15853691101074,205.599609375
1088,15.048179626464844,0.7617502212524414,0.6694810390472412,0.3184850811958313,150000,15000,142.01695900192135,106.99224472045898,205.599609375
1089,15.103858709335327,0.7611116170883179,0.6712052822113037,0.31472456455230713,150000,15000,146.70758500142256,114.49122428894043,205.599609375
1090,15.165070295333862,0.7596806883811951,0.6664229035377502,0.32061466574668884,150000,15000,149.45428899955004,117.65766143798828,205.599609375
1091,15.127545595169067,0.7557949423789978,0.6619879007339478,0.3216603994369507,150000,15000,142.69375299772946,108.7181568145752,205.599609375
1092,15.106815099716187,0.7528886795043945,0.6713161468505859,0.31848788261413574,150000,15000,137.97876999888103,103.60383987426758,205.599609375
1093,14.877921342849731,0.7438480257987976,0.6652387380599976,0.32821008563041687,150000,15000,141.1625959990488,107.2382926940918,205.599609375
1094,14.981001615524292,0.7484661936759949,0.663356363773346,0.32059046626091003,150000,15000,144.65479299906292,113.55066299438477,205.599609375
1095,14.913012981414795,0.7421720027923584,0.6658520698547363,0.34808143973350525,150000,15000,149.77839899802348,113.35945129394531,205.599609375
1096,14.875380992889404,0.7353779077529907,0.672538161277771,0.3319419324398041,150000,15000,139.3832689973351,109.51876640319824,205.599609375
1097,14.920167922973633,0.7368652820587158,0.6739011406898499,0.3283899128437042,150000,15000,142.70818599834456,105.65352439880371,205.599609375
1098,14.964170455932617,0.7357163429260254,0.6670913100242615,0.35555070638656616,150000,15000,138.89610000114772,107.55109786987305,205.599609375
1099,14.898452758789062,0.7300159335136414,0.6728952527046204,0.3446166515350342,150000,15000,144.92129700010992,111.81950569152832,205.599609375
1100,14.973628520965576,0.736202597618103,0.670656681060791,0.35262125730514526,149743,15000,150.97528300248086,112.46562004089355,205.599609375
1101,15.175461769104004,0.7415211200714111,0.6578227281570435,0.35754433274269104,149981,15000,147.3242100000789,111.7250919342041,205.599609375
1102,15.215550661087036,0.7431082129478455,0.6578174829483032,0.35896819829940796,149998,15000,152.01706100197043,118.39079856872559,205.599609375
1103,15.256513357162476,0.7467238306999207,0.6538605690002441,0.3595340847969055,150000,15000,146.43415300088236,113.59858512878418,205.599609375
1104,15.302572250366211,0.7503747940063477,0.653364896774292,0.33746060729026794,150000,15000,144.72778199706227,112.36166954040527,205.599609375
1105,15.337883234024048,0.7514522075653076,0.6477617025375366,0.3620307445526123,150000,15000,146.73686300011468,113.17181587219238,205.599609375
1106,15.404459238052368,0.7564823031425476,0.6461942195892334,0.351531445980072,150000,15000,143.23676300045918,112.82014846801758,205.599609375
1107,15.495637655258179,0.7613047361373901,0.647485077381134,0.3612545430660248,150000,15000,131.37793900023098,103.0740737915039,205.599609375
1108,15.537862777709961,0.7637783885002136,0.6446729302406311,0.33893346786499023,150000,15000,136.19767199998023,103.18398475646973,205.599609375
1109,15.566589832305908,0.7642807364463806,0.6486873030662537,0.3327099084854126,150000,15000,132.96806200014544,103.3935546875,205.599609375
1110,15.6806480884552,0.770168662071228,0.64566969871521,0.3407779633998871,150000,15000,132.3832960006257,104.00009155273438,205.599609375
1111,15.69154143333435,0.7693662643432617,0.6420072317123413,0.35001716017723083,150000,15000,135.3760810015956,104.73227500915527,205.599609375
1112,14.9288010597229,0.7527222037315369,0.6491587162017822,0.3432439863681793,150000,15000,142.47345199692063,111.4814281463623,205.599609375
1113,15.204840898513794,0.7576994895935059,0.6435427665710449,0.34559154510498047,150000,15000,132.6779830014857,103.88565063476562,205.599609375
1114,15.323833227157593,0.7606847286224365,0.6395483613014221,0.3659743666648865,150000,15000,133.320349999849,104.49433326721191,205.599609375
1115,15.34433126449585,0.7566720843315125,0.6424249410629272,0.3841532766819,150000,15000,136.11042900083703,106.92596435546875,205.599609375
1116,15.396168231964111,0.7584915161132812,0.6417532563209534,0.3891971707344055,150000,15000,133.13299500077846,103.83868217468262,205.599609375
1117,15.378397703170776,0.7583786249160767,0.6397493481636047,0.3651686906814575,150000,15000,131.32705200041528,103.18994522094727,205.599609375
1118,15.344212055206299,0.7522954940795898,0.6474765539169312,0.3793698847293854,150000,15000,132.3901299983845,103.27744483947754,205.599609375
1119,15.344622135162354,0.75285804271698,0.6446852684020996,0.3719349205493927,150000,15000,147.60775900140288,110.11505126953125,205.599609375
1120,15.384458303451538,0.7505356669425964,0.6444583535194397,0.39140886068344116,150000,15000,142.15028499893378,111.45687103271484,205.599609375
1121,15.338609218597412,0.7473878264427185,0.6488145589828491,0.3892951011657715,150000,15000,133.51659100226243,102.9050350189209,205.599609375
1122,15.355861186981201,0.749404788017273,0.6536198854446411,0.402712881565094,150000,15000,149.2424209973251,113.16037178039551,205.599609375
1123,15.33083200454712,0.7514818906784058,0.6480032205581665,0.39235004782676697,150000,15000,150.97558200068306,116.9593334197998,205.599609375
1124,15.386271476745605,0.7530370950698853,0.6397931575775146,0.40647226572036743,150000,15000,159.90097299800254,124.2825984954834,205.599609375
1125,15.454121828079224,0.7572165727615356,0.6407673954963684,0.3953786790370941,150000,15000,144.7432540007867,113.26885223388672,205.599609375
1126,15.554779767990112,0.7627544403076172,0.6407146453857422,0.3785771429538727,150000,15000,146.0470100028033,113.91520500183105,205.599609375
1127,15.538142919540405,0.7616466283798218,0.644841194152832,0.3913976550102234,150000,15000,145.20619599716156,111.0537052154541,205.599609375
1128,15.58533787727356,0.7650930285453796,0.6455293297767639,0.4135461151599884,150000,15000,144.6614660017076,108.62946510314941,205.599609375
1129,15.630934238433838,0.768164336681366,0.6408371925354004,0.3957371115684509,150000,15000,146.27225299773272,111.4192008972168,205.599609375
1130,15.614486932754517,0.7668156623840332,0.6374541521072388,0.3858938217163086,150000,15000,143.0547719974129,110.70537567138672,205.599609375
1131,15.698544979095459,0.7685937285423279,0.6333715319633484,0.4066796898841858,150000,15000,144.16563199847587,110.6116771697998,205.599609375
1132,15.583516359329224,0.7641870379447937,0.6315582990646362,0.3965493142604828,150000,15000,144.8432210017927,113.2957935333252,205.599609375
1133,15.735599994659424,0.7662363052368164,0.6278879046440125,0.4201054275035858,150000,15000,141.96970600096392,110.66222190856934,205.599609375
1134,15.623105764389038,0.7611209750175476,0.631902277469635,0.4020886719226837,150000,15000,144.5752950021415,112.31493949890137,205.599609375
1135,15.661958456039429,0.7648967504501343,0.6270452737808228,0.39288705587387085,150000,15000,145.88228199863806,110.4583740234375,205.599609375
1136,15.703593492507935,0.7671703100204468,0.6255850791931152,0.3890952467918396,150000,15000,145.33799800119596,111.48881912231445,205.599609375
1137,15.827962160110474,0.7709524035453796,0.6262104511260986,0.41207659244537354,150000,15000,150.0360929967428,111.8159294128418,205.599609375
1138,15.935992002487183,0.772921085357666,0.6198241114616394,0.4119819104671478,150000,15000,149.15074899909087,110.12530326843262,205.599609375
1139,15.88923692703247,0.7712742686271667,0.6184875965118408,0.42148950695991516,150000,15000,149.25833199959015,111.11140251159668,205.599609375
1140,15.944277048110962,0.7735360860824585,0.6190004348754883,0.4357309341430664,150000,15000,148.39254999969853,110.87489128112793,205.599609375
1141,15.988097190856934,0.7750447988510132,0.6145687103271484,0.428652286529541,150000,15000,142.78380799805745,112.07771301269531,205.599609375
1142,16.052939891815186,0.7779150009155273,0.6078158617019653,0.4245300889015198,150000,15000,142.57763700152282,110.89563369750977,205.599609375
1143,16.039055585861206,0.7771095633506775,0.6100553870201111,0.41890573501586914,150000,15000,141.70581199869048,111.9847297668457,205.599609375
1144,16.090142726898193,0.7809151411056519,0.6110455989837646,0.4026745855808258,150000,15000,143.37906099899556,111.38129234313965,205.599609375
1145,16.23984694480896,0.7848169803619385,0.6056953072547913,0.4268653392791748,150000,15000,145.8674460009206,110.95809936523438,205.599609375
1146,16.29099130630493,0.7885141372680664,0.6079922914505005,0.4361230432987213,150000,15000,144.81523599897628,111.84048652648926,205.599609375
1147,16.351323127746582,0.7907429933547974,0.609636664390564,0.4105944037437439,150000,15000,150.1725769994664,113.68584632873535,205.599609375
1148,16.50019645690918,0.7943092584609985,0.6064049601554871,0.432113379240036,150000,15000,145.6604380000499,112.30206489562988,205.599609375
1149,16.494321823120117,0.7963685393333435,0.5999419093132019,0.41848185658454895,150000,15000,146.68366099795094,112.60724067687988,205.599609375
1150,16.52858257293701,0.797044038772583,0.5960463285446167,0.4250147342681885,150000,15000,147.67749800012098,113.96908760070801,205.599609375
1151,16.451809406280518,0.7941021919250488,0.5920993685722351,0.42984238266944885,150000,15000,145.63450399873545,113.50393295288086,205.599609375
1152,16.58840775489807,0.7971681356430054,0.5998217463493347,0.4113784730434418,150000,15000,145.61974900061614,113.7540340423584,205.599609375
1153,16.570998430252075,0.7976016998291016,0.6002011299133301,0.4071410000324249,150000,15000,146.37332300117123,113.35515975952148,205.599609375
1154,16.55194401741028,0.7936288118362427,0.5879808664321899,0.41763466596603394,150000,15000,146.5351910010213,114.04895782470703,205.599609375
1155,16.450729370117188,0.7863983511924744,0.5995364189147949,0.42797163128852844,150000,15000,148.97264500177698,112.97106742858887,205.599609375
1156,16.549962759017944,0.7895158529281616,0.6030623316764832,0.4246857762336731,150000,15000,145.00478099944303,112.97059059143066,205.599609375
1157,16.532095670700073,0.7832724452018738,0.5971678495407104,0.4501795768737793,150000,15000,146.73203500206,112.71905899047852,205.599609375
1158,16.435179710388184,0.7792696356773376,0.6012945175170898,0.4491889476776123,150000,15000,147.13983199908398,113.40713500976562,205.599609375
1159,16.43908381462097,0.7776699066162109,0.6016687750816345,0.42438995838165283,150000,15000,152.04606499901274,114.0892505645752,205.599609375
1160,16.607903242111206,0.7840431928634644,0.6053663492202759,0.4461863338947296,150000,15000,146.57528399766306,115.91672897338867,205.599609375
1161,16.56529426574707,0.782667338848114,0.6063123345375061,0.44452357292175293,150000,15000,147.68072600054438,113.1134033203125,205.599609375
1162,16.561481952667236,0.7833417654037476,0.6050789952278137,0.46721351146698,150000,15000,143.72927399745095,111.9084358215332,205.599609375
1163,16.610878705978394,0.7848595380783081,0.6003714203834534,0.42750754952430725,150000,15000,146.10663499843213,112.6863956451416,205.599609375
1164,16.59684181213379,0.7791263461112976,0.596466600894928,0.4446946382522583,150000,15000,147.11475700096344,114.10665512084961,205.599609375
1165,16.603487730026245,0.77948397397995,0.5945343971252441,0.4568807780742645,150000,15000,153.876622000098,117.34604835510254,205.599609375
1166,16.63052797317505,0.7792989611625671,0.5894343852996826,0.45833030343055725,150000,15000,161.24696400220273,115.19694328308105,205.599609375
1167,16.590954065322876,0.7771378755569458,0.5962973237037659,0.4655476212501526,150000,15000,149.32671000133269,116.5010929107666,205.599609375
1168,16.73870086669922,0.7827576398849487,0.5971313714981079,0.4931037425994873,150000,15000,143.8908989985066,111.61065101623535,205.599609375
1169,16.78444266319275,0.784458339214325,0.5927348136901855,0.48504170775413513,150000,15000,147.30502300153603,112.01882362365723,205.599609375
1170,16.734071969985962,0.784281849861145,0.597581684589386,0.4618527889251709,150000,15000,149.9897690009675,113.3573055267334,205.599609375
1171,16.799992322921753,0.7861044406890869,0.5989000797271729,0.4598781168460846,150000,15000,147.2531590006838,112.60271072387695,205.599609375
1172,16.822638511657715,0.7874741554260254,0.5948119163513184,0.44609975814819336,150000,15000,147.7276699988579,114.60351943969727,205.599609375
1173,16.709781885147095,0.7826310992240906,0.5899065732955933,0.47977596521377563,150000,15000,145.49914700182853,114.08400535583496,205.599609375
1174,16.412086486816406,0.7684208154678345,0.5896662473678589,0.4591299593448639,150000,15000,156.7912089994934,117.56205558776855,205.599609375
1175,16.441969871520996,0.7680532932281494,0.5963807702064514,0.4380084276199341,150000,15000,146.84495000255993,113.7237548828125,205.599609375
1176,16.633933782577515,0.7763087153434753,0.5981053709983826,0.41901639103889465,150000,15000,145.43871100249817,113.6472225189209,205.599609375
1177,16.68957233428955,0.7794541716575623,0.5971126556396484,0.47267448902130127,150000,15000,145.391173002281,113.45648765563965,205.599609375
1178,16.76113724708557,0.7810534834861755,0.5971180200576782,0.4934084117412567,150000,15000,145.32328700079233,114.09235000610352,205.599609375
1179,15.965189933776855,0.7663614749908447,0.6096543073654175,0.45426180958747864,150000,15000,140.47055699847988,108.93607139587402,205.599609375
1180,16.17958903312683,0.7714093923568726,0.599112331867218,0.4386436641216278,150000,15000,142.72329700179398,111.49311065673828,205.599609375
1181,16.534544229507446,0.7780832052230835,0.5887043476104736,0.4558258652687073,150000,15000,145.158295003057,114.3038272857666,205.599609375
1182,16.679503917694092,0.7835843563079834,0.583993673324585,0.5014838576316833,150000,15000,145.20863700090558,112.11705207824707,205.599609375
1183,16.706278324127197,0.7847069501876831,0.586177408695221,0.4736321270465851,150000,15000,142.76076900205226,111.99760437011719,205.599609375
1184,16.795021295547485,0.7861866354942322,0.5983531475067139,0.4832060635089874,150000,15000,147.47456800250802,115.68737030029297,205.599609375
1185,16.88269853591919,0.7907132506370544,0.5945670008659363,0.49674203991889954,150000,15000,146.41130100062583,113.59763145446777,205.599609375
1186,16.826401948928833,0.7894493937492371,0.5893961787223816,0.5326835513114929,150000,15000,156.64780900260666,112.86091804504395,205.599609375
1187,16.71061635017395,0.7880572080612183,0.5919034481048584,0.47646597027778625,150000,15000,147.22815300046932,112.6408576965332,205.599609375
1188,16.79437756538391,0.791961669921875,0.5844469666481018,0.47309571504592896,150000,15000,148.56512699770974,113.15274238586426,205.599609375
1189,16.906147003173828,0.7943186163902283,0.5850309729576111,0.5033698678016663,150000,15000,151.04340099787805,111.24825477600098,205.599609375
1190,16.844518184661865,0.7931622862815857,0.591607391834259,0.48545345664024353,150000,15000,151.8050989980111,114.81308937072754,205.599609375
1191,16.89152479171753,0.7955173850059509,0.5789735913276672,0.5046103596687317,150000,15000,143.92795299863792,112.50472068786621,205.599609375
1192,17.0764422416687,0.8012811541557312,0.5732245445251465,0.5037525296211243,150000,15000,146.83132599748205,113.10577392578125,205.599609375
1193,16.996350288391113,0.7984204292297363,0.5751490592956543,0.4992959797382355,150000,15000,152.27363799931481,111.13572120666504,205.599609375
1194,17.071999311447144,0.7995246648788452,0.5739675760269165,0.5139778852462769,150000,15000,147.72164799796883,113.42406272888184,205.599609375
1195,17.084619998931885,0.8018611669540405,0.5738748908042908,0.4838143587112427,150000,15000,145.5543679985567,113.36183547973633,205.599609375
1196,17.169984579086304,0.8034535646438599,0.5687576532363892,0.4833261966705322,150000,15000,145.07213099932414,113.10839653015137,205.599609375
1197,17.258915901184082,0.8052616119384766,0.5658591985702515,0.4895041882991791,150000,15000,146.9371979983407,112.26224899291992,205.599609375
1198,17.20040202140808,0.8054555654525757,0.5603432655334473,0.49088746309280396,150000,15000,144.75057699746685,113.189697265625,205.599609375
1199,17.172318696975708,0.802993655204773,0.5636165142059326,0.4872749149799347,150000,15000,146.46183399963775,113.52109909057617,205.599609375
1200,17.39303708076477,0.8093881607055664,0.5558260679244995,0.5097553133964539,149721,15000,148.85272099854774,112.70356178283691,205.599609375
1201,17.203991413116455,0.8002041578292847,0.5661571025848389,0.48046550154685974,149981,15000,151.46627799913404,113.6016845703125,205.599609375
1202,17.425525188446045,0.8091748952865601,0.5643947124481201,0.4891509711742401,149999,15000,149.31157499813708,113.02423477172852,205.599609375
1203,17.485743761062622,0.8117841482162476,0.5573754906654358,0.4537523090839386,150000,15000,151.17103699958534,112.57147789001465,205.599609375
1204,17.32059955596924,0.8069227933883667,0.5590887069702148,0.43805357813835144,150000,15000,147.42622900303104,113.10625076293945,205.599609375
1205,17.48613953590393,0.812755286693573,0.551485538482666,0.48409900069236755,150000,15000,146.94854600020335,113.26360702514648,205.599609375
1206,17.197329998016357,0.8065907955169678,0.5561537146568298,0.4686291515827179,150000,15000,147.60752999791293,114.5029067993164,205.599609375
1207,17.621575593948364,0.8157297968864441,0.5540133714675903,0.46606123447418213,150000,15000,156.65859499858925,115.04721641540527,205.599609375
1208,17.654930353164673,0.8190658092498779,0.5534212589263916,0.4845171272754669,150000,15000,146.50078699924052,113.25931549072266,205.599609375
1209,17.749903202056885,0.8191624879837036,0.5580378174781799,0.4623948037624359,150000,15000,149.4373360001191,111.91701889038086,205.599609375
1210,17.53528118133545,0.8158089518547058,0.547055721282959,0.45404624938964844,150000,15000,145.45620900025824,112.97059059143066,205.599609375
1211,17.614850997924805,0.8195073008537292,0.5518962740898132,0.439327210187912,150000,15000,150.34183099851361,113.4192943572998,205.599609375
1212,17.847354412078857,0.8256446719169617,0.5404296517372131,0.4720412790775299,150000,15000,150.36423899800866,112.69855499267578,205.599609375
1213,17.832611799240112,0.8263815641403198,0.5446321964263916,0.4595647156238556,150000,15000,149.34186200116528,111.51623725891113,205.599609375
1214,18.06423783302307,0.83073490858078,0.5374281406402588,0.4281836152076721,150000,15000,149.87951399962185,112.88952827453613,205.599609375
1215,17.254953384399414,0.8128395080566406,0.5329731106758118,0.43413046002388,150000,15000,145.11352000045008,112.66899108886719,205.599609375
1216,17.497705221176147,0.817835807800293,0.542361319065094,0.44329237937927246,150000,15000,147.18160800111946,111.74631118774414,205.599609375
1217,17.824981212615967,0.8266716003417969,0.5463743805885315,0.43839210271835327,150000,15000,145.318226001109,113.14654350280762,205.599609375
1218,17.60485291481018,0.8212769031524658,0.5407693386077881,0.41430559754371643,150000,15000,146.5039840004465,114.61758613586426,205.599609375
1219,17.804932594299316,0.826524019241333,0.5407698750495911,0.3959996700286865,150000,15000,147.80879200043273,113.4028434753418,205.599609375
1220,17.711448669433594,0.8256150484085083,0.542624294757843,0.4050140082836151,150000,15000,147.37575199978892,113.87252807617188,205.599609375
1221,17.88156509399414,0.8296064138412476,0.5399304628372192,0.41506046056747437,150000,15000,145.92906899997615,112.43295669555664,205.599609375
1222,17.91379690170288,0.8313233256340027,0.5359410047531128,0.4409320652484894,150000,15000,146.89251900199451,113.63387107849121,205.599609375
1223,17.983052730560303,0.8308552503585815,0.5311983823776245,0.4197280704975128,150000,15000,153.64307399795507,116.69492721557617,205.599609375
1224,17.946912050247192,0.8318891525268555,0.5334795117378235,0.42278337478637695,150000,15000,148.5086169996066,112.14518547058105,205.599609375
1225,17.97531247138977,0.8320295214653015,0.5286375284194946,0.4270094335079193,150000,15000,147.07945299960556,111.57846450805664,205.599609375
1226,18.03675889968872,0.8347625732421875,0.5259332060813904,0.40664026141166687,150000,15000,146.8295400009083,113.09623718261719,205.599609375
1227,18.09291362762451,0.8381081819534302,0.5283545255661011,0.43055635690689087,150000,15000,154.07933200185653,113.22331428527832,205.599609375
1228,18.124483823776245,0.8372777700424194,0.5206061601638794,0.4371097683906555,150000,15000,150.18195700031356,113.42382431030273,205.599609375
1229,18.003556728363037,0.8327743411064148,0.5215690732002258,0.41458627581596375,150000,15000,145.82850500300992,113.47150802612305,205.599609375
1230,18.142986297607422,0.837040901184082,0.518972635269165,0.4056224524974823,150000,15000,151.53667400227278,111.9227409362793,205.599609375
1231,18.194154500961304,0.8401734232902527,0.5147610902786255,0.4223531484603882,150000,15000,149.6799690030457,112.32137680053711,205.599609375
1232,18.08422565460205,0.8362495303153992,0.522323727607727,0.4367440938949585,150000,15000,143.37980600248557,112.02669143676758,205.599609375
1233,17.923645973205566,0.8321492075920105,0.5270021557807922,0.3956625759601593,150000,15000,146.744084002421,113.10458183288574,205.599609375
1234,18.128726482391357,0.8383314609527588,0.5245547294616699,0.4165234863758087,150000,15000,146.4427880018775,112.94960975646973,205.599609375
1235,18.193199634552002,0.8387083411216736,0.5168764591217041,0.4136139154434204,150000,15000,150.57417300340603,111.95564270019531,205.599609375
1236,18.207355737686157,0.8390257358551025,0.5134957432746887,0.4353960156440735,150000,15000,147.50262799861957,112.69259452819824,205.599609375
1237,18.183963298797607,0.8343900442123413,0.5183485150337219,0.3957599103450775,150000,15000,152.24772700094036,114.03131484985352,205.599609375
1238,17.948232889175415,0.8234004378318787,0.5215211510658264,0.4234858751296997,150000,15000,151.04473999963375,112.43581771850586,205.599609375
1239,18.12714457511902,0.8290778994560242,0.5249183773994446,0.4076683521270752,150000,15000,151.25785099735367,113.41094970703125,205.599609375
1240,18.213067054748535,0.8301612138748169,0.5267780423164368,0.41032153367996216,150000,15000,150.45634099806193,113.00277709960938,205.599609375
1241,18.05391788482666,0.8285084962844849,0.5291181206703186,0.41327306628227234,150000,15000,147.4342949986749,113.01040649414062,205.599609375
1242,18.08677315711975,0.8293136358261108,0.5300061106681824,0.4158109426498413,150000,15000,145.0216890007141,113.17253112792969,205.599609375
1243,18.181508779525757,0.8348556756973267,0.5349410176277161,0.402800977230072,150000,15000,145.61297700129217,112.7924919128418,205.599609375
1244,18.315669298171997,0.8354791402816772,0.5289345383644104,0.41950714588165283,150000,15000,145.8468009986973,113.07549476623535,205.599609375
1245,18.33891272544861,0.835140585899353,0.5304505228996277,0.44796618819236755,150000,15000,145.42415799951414,112.89048194885254,205.599609375
1246,18.081893920898438,0.8321654796600342,0.5240041613578796,0.43722668290138245,150000,15000,145.30246700087446,110.56661605834961,205.599609375
1247,18.359826803207397,0.8373494148254395,0.521557629108429,0.44050300121307373,150000,15000,157.38714699909906,118.0264949798584,205.599609375
1248,18.322833776474,0.8363211154937744,0.5214836597442627,0.4080485999584198,150000,15000,148.4915920009371,112.82777786254883,205.599609375
1249,18.092223405838013,0.8323931097984314,0.5240728855133057,0.4223743975162506,150000,15000,147.3214729994652,112.15925216674805,205.599609375
1250,18.0820631980896,0.8339594602584839,0.5205175876617432,0.3846796154975891,150000,15000,145.04135000242968,111.54937744140625,205.599609375
1251,18.36806893348694,0.840412974357605,0.5187502503395081,0.4153558015823364,150000,15000,144.11275800011936,112.6413345336914,205.599609375
1252,18.473488092422485,0.8428117036819458,0.5075380802154541,0.3993314504623413,150000,15000,145.7395780016668,112.7774715423584,205.599609375
1253,18.458691835403442,0.8437662124633789,0.5077276229858398,0.420632004737854,150000,15000,143.69944999998552,111.14072799682617,205.599609375
1254,18.47774863243103,0.8438680171966553,0.500957727432251,0.401868999004364,150000,15000,144.3064980012423,112.66279220581055,205.599609375
1255,18.34475040435791,0.8366571664810181,0.5047450065612793,0.41972342133522034,150000,15000,149.24313200026518,112.39147186279297,205.599609375
1256,18.45783233642578,0.8333898782730103,0.5023640394210815,0.42490091919898987,150000,15000,148.03252899946528,111.18292808532715,205.599609375
1257,18.408788442611694,0.8375808596611023,0.5056890845298767,0.42625904083251953,150000,15000,146.49056399866822,111.96637153625488,205.599609375
1258,17.83923864364624,0.8193868398666382,0.5107664465904236,0.4177095293998718,150000,15000,154.34622900284012,112.28489875793457,205.599609375
1259,18.105555772781372,0.8284313082695007,0.5107144117355347,0.39883625507354736,150000,15000,147.41355899968767,113.52086067199707,205.599609375
1260,18.317183256149292,0.8306671977043152,0.5083176493644714,0.3849906623363495,150000,15000,146.6271429999324,113.04140090942383,205.599609375
1261,18.390966653823853,0.8338364362716675,0.5041935443878174,0.43729907274246216,150000,15000,143.60160599972005,112.29777336120605,205.599609375
1262,18.333008289337158,0.8270525336265564,0.5070629715919495,0.3999231457710266,150000,15000,148.07840600042255,112.07437515258789,205.599609375
1263,18.55034351348877,0.8319110870361328,0.512939453125,0.39708253741264343,150000,15000,148.54356100113364,113.63005638122559,205.599609375
1264,18.5849928855896,0.8318469524383545,0.5097841024398804,0.39246946573257446,150000,15000,145.02021199950832,112.75053024291992,205.599609375
1265,18.559266328811646,0.8258204460144043,0.5137937068939209,0.39447107911109924,150000,15000,143.23640200018417,111.01365089416504,205.599609375
1266,18.34212064743042,0.820076584815979,0.5236468315124512,0.4182283580303192,150000,15000,143.06565600054455,111.35268211364746,205.599609375
1267,18.59097719192505,0.8262704610824585,0.513881504535675,0.386310338973999,150000,15000,145.4514430006384,111.47093772888184,205.599609375
1268,18.585357666015625,0.827390193939209,0.5098130106925964,0.4084583520889282,150000,15000,142.91562699872884,111.8924617767334,205.599609375
1269,18.661712408065796,0.826274573802948,0.5092095732688904,0.413360059261322,150000,15000,146.77573200242477,113.34681510925293,205.599609375
1270,18.56019377708435,0.8274912238121033,0.5075196027755737,0.40931159257888794,150000,15000,144.77308500136132,111.93346977233887,205.599609375
1271,18.582247495651245,0.8289334177970886,0.5057787895202637,0.36435258388519287,150000,15000,144.57536399640958,111.65952682495117,205.599609375
1272,18.385270833969116,0.8253482580184937,0.5059747099876404,0.386532187461853,150000,15000,141.89855900258408,110.67318916320801,205.599609375
1273,18.32815408706665,0.802545428276062,0.5049633979797363,0.40507373213768005,150000,15000,144.02076999976998,112.0598316192627,205.599609375
1274,18.64059567451477,0.8161205053329468,0.502252459526062,0.3989675045013428,150000,15000,146.086758999445,110.45002937316895,205.599609375
1275,18.407435417175293,0.816936194896698,0.5074169039726257,0.4277694821357727,150000,15000,147.52186099940445,111.69910430908203,205.599609375
1276,18.522497415542603,0.8194722533226013,0.5002421140670776,0.40242230892181396,150000,15000,155.59328400195227,116.57071113586426,205.599609375
1277,18.586318492889404,0.8194577097892761,0.498712956905365,0.4125756025314331,150000,15000,148.75016599762603,110.870361328125,205.599609375
1278,18.622150421142578,0.8174258470535278,0.4956841468811035,0.39865660667419434,150000,15000,147.21319700038293,113.77954483032227,205.599609375
1279,18.611652851104736,0.8176530599594116,0.49208864569664,0.4231054484844208,150000,15000,146.4716779992159,109.95125770568848,205.599609375
1280,18.54143977165222,0.8173667788505554,0.4861709773540497,0.4175243675708771,150000,15000,147.60378899882198,112.05530166625977,205.599609375
1281,18.588119745254517,0.8202184438705444,0.49111679196357727,0.38624945282936096,150000,15000,146.06083699982264,112.56933212280273,205.599609375
1282,18.46379041671753,0.8146193027496338,0.4912312626838684,0.43056440353393555,150000,15000,147.30655300081708,110.26573181152344,205.599609375
1283,18.509656190872192,0.8164147138595581,0.5016279816627502,0.4237018823623657,150000,15000,143.11154000097304,111.48548126220703,205.599609375
1284,18.702080249786377,0.8202309012413025,0.5031081438064575,0.4130612909793854,150000,15000,147.53593400018872,111.76562309265137,205.599609375
1285,18.718547821044922,0.8140683174133301,0.5098668336868286,0.43435654044151306,150000,15000,148.71913000024506,111.28950119018555,205.599609375
1286,18.807779550552368,0.8178517818450928,0.5015162825584412,0.43087998032569885,150000,15000,144.50630899955286,111.91797256469727,205.599609375
1287,18.89925479888916,0.8197098970413208,0.5013960599899292,0.43343406915664673,150000,15000,146.28356300090672,112.8082275390625,205.599609375
1288,18.90289068222046,0.8216240406036377,0.5016676187515259,0.4249442517757416,150000,15000,145.87696599846822,112.54191398620605,205.599609375
1289,18.946685791015625,0.8214948177337646,0.4998570680618286,0.4344924986362457,150000,15000,147.25928400002886,113.7230396270752,205.599609375
1290,18.839306831359863,0.8206793069839478,0.49505335092544556,0.42869094014167786,150000,15000,147.0693150004081,111.2675666809082,205.599609375
1291,18.483519554138184,0.8090834617614746,0.5010132193565369,0.41755029559135437,150000,15000,145.87616200151388,111.21320724487305,205.599609375
1292,18.433570861816406,0.8073170185089111,0.506540060043335,0.37975263595581055,150000,15000,151.0940140033199,110.40401458740234,205.599609375
1293,18.35317850112915,0.8114938735961914,0.5055298805236816,0.4018702805042267,150000,15000,149.33661599934567,112.06221580505371,205.599609375
1294,18.19779634475708,0.8130773305892944,0.5024234056472778,0.3668329119682312,150000,15000,142.77387100082706,110.60690879821777,205.599609375
1295,18.09641718864441,0.8099712133407593,0.5140308737754822,0.3880852162837982,150000,15000,144.95044099749066,111.48405075073242,205.599609375
1296,18.180067539215088,0.8120743632316589,0.5116060972213745,0.41231679916381836,150000,15000,142.94137300021248,109.88235473632812,205.599609375
1297,18.08428406715393,0.8152666091918945,0.5221649408340454,0.367190957069397,150000,15000,144.16228700065403,111.54055595397949,205.599609375
1298,17.855135202407837,0.8083280324935913,0.5271324515342712,0.37964534759521484,150000,15000,145.7241600000998,112.78009414672852,205.599609375
1299,17.78364658355713,0.8156434893608093,0.5309516787528992,0.3636004328727722,150000,15000,141.56104699941352,108.3838939666748,205.599609375
1300,17.760955095291138,0.8170621395111084,0.5349045991897583,0.3589947819709778,147273,15000,146.59308800037252,109.96651649475098,205.599609375
1301,17.691270112991333,0.8104533553123474,0.5341698527336121,0.3535522520542145,148588,15000,153.301221998845,108.42347145080566,205.599609375
1302,17.794276475906372,0.8129401206970215,0.5268326997756958,0.35426172614097595,149847,15000,154.67154400175787,109.23647880554199,205.599609375
1303,17.551811933517456,0.8101982474327087,0.5323621034622192,0.3676024079322815,149986,15000,146.10638500016648,109.86614227294922,205.599609375
1304,17.77131199836731,0.817939043045044,0.5235511660575867,0.33638259768486023,149996,15000,145.39562100253534,111.50622367858887,205.599609375
1305,18.011388778686523,0.824882447719574,0.5210963487625122,0.33994394540786743,149999,15000,144.4333959989308,109.65609550476074,205.599609375
1306,18.18199634552002,0.8276857137680054,0.5354222059249878,0.34896576404571533,150000,15000,143.56456799941952,108.44302177429199,205.599609375
1307,18.15169930458069,0.8295451998710632,0.5380496382713318,0.33185243606567383,150000,15000,140.78070200048387,109.65251922607422,205.599609375
1308,17.41231083869934,0.8128952383995056,0.5387824177742004,0.3500370383262634,150000,15000,140.9996170004888,108.32023620605469,205.599609375
1309,17.326432466506958,0.8121423125267029,0.5373607277870178,0.37369951605796814,150000,15000,144.785005999438,111.23919486999512,205.599609375
1310,17.325944900512695,0.8128816485404968,0.5404775142669678,0.3747949004173279,150000,15000,146.71631199962576,114.74967002868652,205.599609375
1311,17.529619932174683,0.8187580108642578,0.5369877219200134,0.35291439294815063,150000,15000,141.86935100224218,108.00743103027344,205.599609375
1312,17.587331533432007,0.8222491145133972,0.5392993092536926,0.3630332946777344,150000,15000,144.21322199996212,111.6487979888916,205.599609375
1313,17.641119956970215,0.8226499557495117,0.5402393937110901,0.3632943332195282,150000,15000,143.44829600304365,109.35664176940918,205.599609375
1314,17.7041494846344,0.8254820108413696,0.5361935496330261,0.33388036489486694,150000,15000,142.85104000009596,110.44025421142578,205.599609375
1315,17.776522636413574,0.8277925252914429,0.524645984172821,0.35577893257141113,150000,15000,141.9491240012576,109.6487045288086,205.599609375
1316,17.851483821868896,0.8317009806632996,0.5217103362083435,0.34260064363479614,150000,15000,143.43757000096957,111.28520965576172,205.599609375
1317,17.866545915603638,0.832317054271698,0.5263535976409912,0.33806753158569336,150000,15000,145.16377600011765,112.81561851501465,205.599609375
1318,17.963485717773438,0.8340470194816589,0.5261087417602539,0.34185850620269775,150000,15000,141.36349399996107,109.69805717468262,205.599609375
1319,18.06248188018799,0.8348648548126221,0.5244492888450623,0.3450189530849457,150000,15000,143.40422700115596,110.3508472442627,205.599609375
1320,18.089206218719482,0.8340331315994263,0.5250916481018066,0.3630695044994354,150000,15000,145.33981299973675,110.41593551635742,205.599609375
1321,17.969062328338623,0.8327152132987976,0.5295477509498596,0.35187849402427673,150000,15000,141.66989200020907,110.78739166259766,205.599609375
1322,17.96111226081848,0.8313133120536804,0.529633104801178,0.3368062674999237,150000,15000,145.83330099776504,112.10417747497559,205.599609375
1323,17.90099859237671,0.8318237662315369,0.5258432030677795,0.36977139115333557,150000,15000,144.02045200040448,110.95619201660156,205.599609375
1324,17.674057483673096,0.8291088938713074,0.5200287103652954,0.32776835560798645,150000,15000,147.72297099989373,110.87417602539062,205.599609375
1325,17.982735633850098,0.8370749354362488,0.5122634172439575,0.32862457633018494,150000,15000,155.63718200064613,119.16089057922363,205.599609375
1326,17.910568714141846,0.8353387713432312,0.5102760791778564,0.3352031409740448,150000,15000,143.80595600232482,110.11457443237305,205.599609375
1327,17.77912974357605,0.8345827460289001,0.5119306445121765,0.3577418029308319,150000,15000,144.0645160000713,110.81218719482422,205.599609375
1328,17.836313247680664,0.8303554058074951,0.5207107067108154,0.34842732548713684,150000,15000,148.6933410014899,111.64402961730957,205.599609375
1329,17.746751308441162,0.8275970816612244,0.514847993850708,0.3390870690345764,150000,15000,144.15746099984972,108.99543762207031,205.599609375
1330,17.74221658706665,0.8285192251205444,0.5123056769371033,0.3377198278903961,150000,15000,145.1570260032895,109.44652557373047,205.599609375
1331,18.007240295410156,0.8281269073486328,0.517144501209259,0.31971606612205505,150000,15000,143.24664200103143,110.0456714630127,205.599609375
1332,18.131364583969116,0.8376493453979492,0.5158514976501465,0.34305232763290405,150000,15000,145.27644199915812,111.25779151916504,205.599609375
1333,17.89911150932312,0.8355571627616882,0.5182992219924927,0.35324832797050476,150000,15000,144.0922319998208,109.80057716369629,205.599609375
1334,18.067824840545654,0.8372504115104675,0.516087532043457,0.3255442678928375,150000,15000,149.91004200055613,115.09966850280762,205.599609375
1335,18.118683099746704,0.8406667113304138,0.5102565884590149,0.3247282803058624,150000,15000,146.29792800042196,110.8245849609375,205.599609375
1336,17.891346216201782,0.8336479663848877,0.5066388845443726,0.31349122524261475,150000,15000,146.27227500022855,111.85574531555176,205.599609375
1337,17.838176488876343,0.8311642408370972,0.5090634822845459,0.34333524107933044,150000,15000,147.91662199786515,109.79676246643066,205.599609375
1338,18.002229928970337,0.8363132476806641,0.5133500099182129,0.31096985936164856,150000,15000,147.55208900169237,111.04488372802734,205.599609375
1339,17.539255619049072,0.8212885856628418,0.5110886096954346,0.313951700925827,150000,15000,153.88971900028992,111.62114143371582,205.599609375
1340,17.02492594718933,0.8190349340438843,0.5133160948753357,0.3158787190914154,150000,15000,163.79443999903742,110.66603660583496,205.599609375
1341,17.255403995513916,0.8222508430480957,0.5162736773490906,0.28164854645729065,150000,15000,146.2998509996396,110.54348945617676,205.599609375
1342,17.132620811462402,0.8257219791412354,0.5215522050857544,0.30292293429374695,150000,15000,143.84626700120862,111.27495765686035,205.599609375
1343,17.199583053588867,0.825240969657898,0.5276450514793396,0.2740311026573181,150000,15000,145.21245200012345,110.34131050109863,205.599609375
1344,17.422354221343994,0.8328208923339844,0.5247806906700134,0.2925970256328583,150000,15000,150.74659300080384,111.59658432006836,205.599609375
1345,17.50217914581299,0.8358599543571472,0.5232899188995361,0.3001226484775543,150000,15000,146.2573299977521,110.28146743774414,205.599609375
1346,17.526791095733643,0.8401212692260742,0.520932137966156,0.29206135869026184,150000,15000,149.37414100131718,113.27481269836426,205.599609375
1347,17.687805891036987,0.8419798612594604,0.5174497365951538,0.28506016731262207,150000,15000,144.87108899993473,110.57043075561523,205.599609375
1348,17.62704849243164,0.8422759771347046,0.5109224319458008,0.2816503345966339,150000,15000,144.71123600014835,111.59491539001465,205.599609375
1349,17.470601797103882,0.8401481509208679,0.5217509865760803,0.26449793577194214,150000,15000,144.16983599949162,109.88140106201172,205.599609375
1350,17.38969087600708,0.8390964269638062,0.5232353806495667,0.2866864502429962,150000,15000,146.29212300133076,111.84287071228027,205.599609375
1351,17.430942058563232,0.8410798907279968,0.5169858336448669,0.25778380036354065,150000,15000,150.42228899983456,114.89462852478027,205.599609375
1352,17.391252517700195,0.8399062156677246,0.5219614505767822,0.28367727994918823,150000,15000,145.39907399739604,109.93337631225586,205.599609375
1353,17.521495819091797,0.8440892696380615,0.5192118883132935,0.27860239148139954,150000,15000,144.7561789973406,111.68813705444336,205.599609375
1354,17.710105180740356,0.8461238741874695,0.5109385848045349,0.31151294708251953,150000,15000,144.0993910000543,110.37588119506836,205.599609375
1355,17.176514863967896,0.8340737223625183,0.5111059546470642,0.25236472487449646,150000,15000,144.6850659995107,111.14764213562012,205.599609375
1356,17.675265073776245,0.843849778175354,0.5146363973617554,0.27443578839302063,150000,15000,145.27074299985543,111.4649772644043,205.599609375
1357,17.89759874343872,0.8457167148590088,0.5105648040771484,0.272360622882843,150000,15000,147.22490100029972,110.36825180053711,205.599609375
1358,17.82116413116455,0.8463475108146667,0.5220785140991211,0.26045534014701843,150000,15000,146.1725689987361,110.7780933380127,205.599609375
1359,17.81544804573059,0.8469903469085693,0.5262973308563232,0.2669845223426819,150000,15000,145.98362499964423,110.99386215209961,205.599609375
1360,17.894479036331177,0.8470808863639832,0.51885986328125,0.24412275850772858,150000,15000,147.28238599855104,110.54182052612305,205.599609375
1361,17.96074390411377,0.8499888181686401,0.5225664973258972,0.24466051161289215,150000,15000,145.15377299903776,111.23299598693848,205.599609375
1362,17.969826459884644,0.8501026630401611,0.5218755006790161,0.26307398080825806,150000,15000,148.19875199827948,109.71879959106445,205.599609375
1363,18.078595399856567,0.8541445136070251,0.5113906264305115,0.24500057101249695,150000,15000,153.62734900190844,114.8524284362793,205.599609375
1364,18.093987703323364,0.8540086150169373,0.5094019174575806,0.26287752389907837,150000,15000,146.19485300136148,111.62567138671875,205.599609375
1365,18.06902289390564,0.8547474145889282,0.5062484741210938,0.2649359405040741,150000,15000,141.54657099788892,109.93623733520508,205.599609375
1366,18.1218683719635,0.8548507690429688,0.5067268013954163,0.2576534152030945,150000,15000,141.5110480011208,107.01727867126465,205.599609375
1367,18.14990758895874,0.8563318252563477,0.5088800191879272,0.24529686570167542,150000,15000,142.5929890028783,109.11679267883301,205.599609375
1368,18.22880983352661,0.8567585945129395,0.5045895576477051,0.2532881498336792,150000,15000,141.705877998902,109.34782028198242,205.599609375
1369,18.10265064239502,0.8556262850761414,0.5092991590499878,0.23311690986156464,150000,15000,147.87589700063108,114.41993713378906,205.599609375
1370,18.08982491493225,0.855893611907959,0.5136376619338989,0.26155781745910645,150000,15000,143.44498200080125,111.46759986877441,205.599609375
1371,18.178129196166992,0.8587980270385742,0.5087076425552368,0.24462729692459106,150000,15000,145.9071689969278,112.13445663452148,205.599609375
1372,17.84028649330139,0.852008044719696,0.507178008556366,0.25238364934921265,150000,15000,144.87655099947006,113.30366134643555,205.599609375
1373,17.72894859313965,0.8491412997245789,0.5225241184234619,0.23849008977413177,150000,15000,143.4945200016955,110.9778881072998,205.599609375
1374,17.679184675216675,0.8494471311569214,0.52440345287323,0.23579315841197968,150000,15000,145.51104900237988,111.35363578796387,205.599609375
1375,17.43720293045044,0.8468098640441895,0.5277951955795288,0.22767886519432068,150000,15000,147.14777499830234,111.09232902526855,205.599609375
1376,17.481229305267334,0.8472110629081726,0.534724235534668,0.2565874755382538,150000,15000,154.15273100006743,117.99931526184082,205.599609375
1377,17.481385469436646,0.8497122526168823,0.5319867730140686,0.2201252430677414,150000,15000,154.7608010005206,116.18232727050781,205.599609375
1378,17.431557178497314,0.8515901565551758,0.5308593511581421,0.2102467268705368,150000,15000,146.10926299792482,112.25605010986328,205.599609375
1379,17.611165046691895,0.8566187620162964,0.531794548034668,0.21596240997314453,150000,15000,149.70327300034114,111.33718490600586,205.599609375
1380,17.558746337890625,0.8573102951049805,0.5384964942932129,0.22266487777233124,150000,15000,155.40382999824942,111.21344566345215,205.599609375
1381,17.614643573760986,0.8596150875091553,0.5318849086761475,0.20924197137355804,150000,15000,147.73656999750528,113.00468444824219,205.599609375
1382,17.488908767700195,0.8565578460693359,0.5323544144630432,0.21074038743972778,150000,15000,145.611153999198,111.36937141418457,205.599609375
1383,17.748552560806274,0.863094687461853,0.5262302160263062,0.21073654294013977,150000,15000,148.16511000026367,110.99910736083984,205.599609375
1384,17.862321138381958,0.8647312521934509,0.5269562005996704,0.21679726243019104,150000,15000,148.80728400021326,113.02304267883301,205.599609375
1385,17.920665740966797,0.8668364882469177,0.526122510433197,0.21548308432102203,150000,15000,155.4010729996662,113.57712745666504,205.599609375
1386,18.00315260887146,0.869236171245575,0.5235439538955688,0.22801274061203003,150000,15000,159.18002399848774,116.12653732299805,205.599609375
1387,18.103033304214478,0.8715092539787292,0.512745201587677,0.2481677085161209,150000,15000,151.6062980008428,111.38391494750977,205.599609375
1388,17.99491047859192,0.8701958060264587,0.5210418701171875,0.22394172847270966,150000,15000,142.23775400023442,109.91191864013672,205.599609375
1389,18.110519647598267,0.8733605742454529,0.5190504789352417,0.21892955899238586,150000,15000,143.80940000046394,110.6259822845459,205.599609375
1390,18.021494150161743,0.8704110980033875,0.5128132104873657,0.22242091596126556,150000,15000,143.5330639978929,109.65514183044434,205.599609375
1391,18.127037286758423,0.8735932111740112,0.5115236043930054,0.22098442912101746,150000,15000,141.9555329994182,110.08238792419434,205.599609375
1392,18.143837451934814,0.8736666440963745,0.5067657232284546,0.2143794447183609,150000,15000,146.58498800054076,113.10100555419922,205.599609375
1393,18.30720543861389,0.8783625960350037,0.5049766302108765,0.20191039144992828,150000,15000,144.572754001274,110.48555374145508,205.599609375
1394,17.9055917263031,0.8677620887756348,0.5116115808486938,0.20260487496852875,150000,15000,144.17480700285523,111.92679405212402,205.599609375
1395,18.260962963104248,0.8772995471954346,0.5085940957069397,0.20016378164291382,150000,15000,145.01156199912657,112.49446868896484,205.599609375
1396,18.150089979171753,0.8746355772018433,0.5069936513900757,0.21093076467514038,150000,15000,143.2685069994477,109.27987098693848,205.599609375
1397,18.281309604644775,0.8787667751312256,0.5050118565559387,0.19984032213687897,150000,15000,148.163289999502,109.89069938659668,205.599609375
1398,18.266851902008057,0.8774724006652832,0.5048285722732544,0.21650788187980652,150000,15000,144.6558469979209,111.38439178466797,205.599609375
1399,18.222442865371704,0.877135694026947,0.5064932703971863,0.21621668338775635,150000,15000,150.21077699930174,111.44375801086426,205.599609375
1400,18.234869241714478,0.8773762583732605,0.5059356093406677,0.21199946105480194,145188,15000,157.77369699935662,112.54143714904785,205.599609375
1401,18.568238019943237,0.8831213712692261,0.49158933758735657,0.2250697910785675,146553,15000,164.74024100170936,113.84320259094238,205.599609375
1402,18.772658109664917,0.888096034526825,0.4801884889602661,0.20916031301021576,147921,15000,158.01198400004068,112.07890510559082,205.599609375
1403,18.71055245399475,0.8884255290031433,0.48015886545181274,0.22241155803203583,149290,15000,155.04442199744517,110.51821708679199,205.599609375
1404,18.855987787246704,0.8920413255691528,0.4752365052700043,0.2143339067697525,149942,15000,152.50440400268417,109.82775688171387,205.599609375
1405,18.875696659088135,0.8931700587272644,0.466503381729126,0.20270958542823792,149997,15000,146.764067998447,111.4492416381836,205.599609375
1406,18.760840892791748,0.8915724158287048,0.46141886711120605,0.21379660069942474,150000,15000,150.427848999243,111.17696762084961,205.599609375
1407,17.747079133987427,0.8731892108917236,0.47967374324798584,0.20058736205101013,150000,15000,144.48411099874647,111.7405891418457,205.599609375
1408,17.908644676208496,0.8734267950057983,0.49909213185310364,0.2027253955602646,150000,15000,144.25317799759796,110.70847511291504,205.599609375
1409,18.124936819076538,0.8759679794311523,0.5083205699920654,0.1985166072845459,150000,15000,145.7372029981343,111.14358901977539,205.599609375
1410,18.347543478012085,0.8815323710441589,0.499086856842041,0.19624778628349304,150000,15000,144.75316100288182,110.88085174560547,205.599609375
1411,18.27081561088562,0.8823467493057251,0.5036095380783081,0.1926378756761551,150000,15000,147.21884000027785,112.77318000793457,205.599609375
1412,18.465057611465454,0.8876227736473083,0.4968929588794708,0.1854872852563858,150000,15000,146.78007699694717,113.53898048400879,205.599609375
1413,18.53339910507202,0.8901326060295105,0.4935154914855957,0.18130207061767578,150000,15000,145.5660639985581,111.4504337310791,205.599609375
1414,18.471152782440186,0.8894538879394531,0.4862731099128723,0.20788055658340454,150000,15000,145.61853200211772,111.3739013671875,205.599609375
1415,17.282116413116455,0.8648266792297363,0.4892391562461853,0.19217295944690704,150000,15000,149.06778399745235,112.23316192626953,205.599609375
1416,17.053191661834717,0.8581753969192505,0.5056259632110596,0.19639717042446136,150000,15000,146.94271400003345,113.12031745910645,205.599609375
1417,17.41111159324646,0.8668903112411499,0.5232341885566711,0.1847964972257614,150000,15000,151.79005499885534,111.97733879089355,205.599609375
1418,17.738016843795776,0.8762032389640808,0.5274168848991394,0.181123286485672,150000,15000,149.00428400142118,111.66071891784668,205.599609375
1419,17.875783443450928,0.8813132643699646,0.5245009064674377,0.18454042077064514,150000,15000,158.48836899749585,120.70560455322266,205.599609375
1420,17.918555736541748,0.8830736875534058,0.5207245945930481,0.16799761354923248,150000,15000,144.33700299923657,111.36531829833984,205.599609375
1421,18.087700605392456,0.8873348236083984,0.5091279745101929,0.17625661194324493,150000,15000,149.41530299984151,111.47475242614746,205.599609375
1422,18.282470703125,0.889795184135437,0.5070245862007141,0.16016307473182678,150000,15000,146.50887199968565,110.6576919555664,205.599609375
1423,18.103060722351074,0.8875943422317505,0.5080661177635193,0.1818087100982666,150000,15000,154.95705899957102,111.30166053771973,205.599609375
1424,18.3226215839386,0.8906759023666382,0.5102474689483643,0.1507706195116043,150000,15000,150.09186699899146,111.16719245910645,205.599609375
1425,18.229904174804688,0.8891481161117554,0.5024625062942505,0.17620961368083954,150000,15000,147.6048209988221,110.65292358398438,205.599609375
1426,18.030446767807007,0.885051429271698,0.5059072971343994,0.17003291845321655,150000,15000,149.89851000063936,112.59913444519043,205.599609375
1427,18.490138053894043,0.8950733542442322,0.49973827600479126,0.17980080842971802,150000,15000,152.7561910006625,111.44232749938965,205.599609375
1428,18.530325889587402,0.8985415697097778,0.4989476501941681,0.18216313421726227,150000,15000,146.74203599861357,111.88769340515137,205.599609375
1429,18.42631459236145,0.8963737487792969,0.49579641222953796,0.1602778434753418,150000,15000,148.94506700147758,108.62970352172852,205.599609375
1430,18.390817642211914,0.8964672088623047,0.497323215007782,0.17193670570850372,150000,15000,149.11174699955154,109.28487777709961,205.599609375
1431,18.42588782310486,0.8962092399597168,0.4908607304096222,0.15457941591739655,150000,15000,144.06491100089625,109.19833183288574,205.599609375
1432,18.49787950515747,0.8948533535003662,0.49558913707733154,0.1581663191318512,150000,15000,147.08127899939427,111.8326187133789,205.599609375
1433,18.582441806793213,0.8963562250137329,0.495928019285202,0.1644870638847351,150000,15000,145.6110040016938,111.14144325256348,205.599609375
1434,18.591777086257935,0.8967528343200684,0.4927592873573303,0.17952139675617218,150000,15000,144.95024400093826,111.81044578552246,205.599609375
1435,18.535432815551758,0.8938267230987549,0.4993407726287842,0.15882231295108795,150000,15000,146.7764699991676,109.75885391235352,205.599609375
1436,18.556143045425415,0.895274817943573,0.4953664243221283,0.1684112548828125,150000,15000,149.2104669996479,109.33351516723633,205.599609375
1437,18.59836459159851,0.8966366648674011,0.4883558750152588,0.17588341236114502,150000,15000,148.71048100030748,111.4656925201416,205.599609375
1438,18.53206515312195,0.8942272067070007,0.47953879833221436,0.17884141206741333,150000,15000,147.7726029988844,110.52560806274414,205.599609375
1439,18.61978769302368,0.8968018889427185,0.4832412600517273,0.17805960774421692,150000,15000,145.50611700178706,111.2971305847168,205.599609375
1440,18.452261686325073,0.8935556411743164,0.4879784882068634,0.18784993886947632,150000,15000,146.33280399721116,110.20708084106445,205.599609375
1441,18.540785312652588,0.8949180841445923,0.4803953170776367,0.1773834377527237,150000,15000,144.49004999914905,110.81647872924805,205.599609375
1442,18.37783694267273,0.8933114409446716,0.47866731882095337,0.17643161118030548,150000,15000,143.81499699811684,110.6715202331543,205.599609375
1443,18.54849338531494,0.8975853323936462,0.4855804741382599,0.15877577662467957,150000,15000,144.40863400159287,109.61389541625977,205.599609375
1444,18.54620337486267,0.897495448589325,0.4848683476448059,0.1626679003238678,150000,15000,143.5730599987437,109.76576805114746,205.599609375
1445,18.490190505981445,0.8945777416229248,0.4798261523246765,0.15798065066337585,150000,15000,143.44972699836944,110.08763313293457,205.599609375
1446,18.43743920326233,0.8938140869140625,0.47899919748306274,0.16730409860610962,150000,15000,147.21884699974908,112.93601989746094,205.599609375
1447,18.267303705215454,0.8907080888748169,0.48008978366851807,0.1707889586687088,150000,15000,144.6259980002651,111.22584342956543,205.599609375
1448,18.431118726730347,0.8886730074882507,0.48018619418144226,0.16468864679336548,150000,15000,142.29516399791464,109.62653160095215,205.599609375
1449,18.34335446357727,0.8894059658050537,0.4787527024745941,0.1605772078037262,150000,15000,144.85540199893876,110.82792282104492,205.599609375
1450,18.332418203353882,0.891764760017395,0.4705623388290405,0.1576530933380127,150000,15000,144.96790499833878,111.09066009521484,205.599609375
1451,18.214527368545532,0.8909323215484619,0.4814768433570862,0.16139163076877594,150000,15000,145.03028499893844,111.94920539855957,205.599609375
1452,18.196579217910767,0.8895564079284668,0.48456573486328125,0.1490606963634491,150000,15000,144.5553599987761,109.75027084350586,205.599609375
1453,18.143712282180786,0.8907089233398438,0.4840565323829651,0.1495554894208908,150000,15000,149.13820999936434,114.39633369445801,205.599609375
1454,18.122775554656982,0.890783429145813,0.4916810393333435,0.15182621777057648,150000,15000,145.15311699869926,111.70172691345215,205.599609375
1455,18.227087259292603,0.8936027884483337,0.49074244499206543,0.15199658274650574,150000,15000,143.7417449997156,110.7172966003418,205.599609375
1456,18.26769709587097,0.8964316248893738,0.4917493760585785,0.1468123495578766,150000,15000,149.2975100009062,111.03248596191406,205.599609375
1457,18.2379949092865,0.8969740867614746,0.4901507496833801,0.14639398455619812,150000,15000,149.63323499978287,110.97168922424316,205.599609375
1458,18.13577651977539,0.8944703936576843,0.4900358021259308,0.14784768223762512,150000,15000,161.34056699957,117.22779273986816,205.599609375
1459,18.17048192024231,0.8963233828544617,0.49132388830184937,0.1342960000038147,150000,15000,145.32000300096115,109.99894142150879,205.599609375
1460,18.248077630996704,0.8989760279655457,0.4814598560333252,0.14097152650356293,150000,15000,147.21433899831027,109.96150970458984,205.599609375
1461,18.22155237197876,0.900056004524231,0.4781557321548462,0.13609597086906433,150000,15000,145.5850830025156,109.649658203125,205.599609375
1462,18.304576873779297,0.9015604853630066,0.48387736082077026,0.14715494215488434,150000,15000,148.6427019990515,112.05840110778809,205.599609375
1463,18.03600788116455,0.8965538740158081,0.49022799730300903,0.14939174056053162,150000,15000,149.67447399976663,111.73343658447266,205.599609375
1464,18.018665313720703,0.897782027721405,0.5029089450836182,0.1407875269651413,150000,15000,153.3954900005483,111.79137229919434,205.599609375
1465,18.05324912071228,0.8974091410636902,0.49994176626205444,0.13306497037410736,150000,15000,145.49480400091852,111.13262176513672,205.599609375
1466,18.199158906936646,0.9001655578613281,0.49761176109313965,0.12503889203071594,150000,15000,143.40213499963284,111.30428314208984,205.599609375
1467,18.28663945198059,0.9007048606872559,0.4971073865890503,0.13572493195533752,150000,15000,143.38652000151342,110.63051223754883,205.599609375
1468,18.16645860671997,0.8995725512504578,0.5024093985557556,0.13466940820217133,150000,15000,143.38869900166173,109.50970649719238,205.599609375
1469,18.458101749420166,0.9016455411911011,0.49114859104156494,0.14202991127967834,150000,15000,144.4232549984008,110.90683937072754,205.599609375
1470,18.161216974258423,0.8929008841514587,0.492575466632843,0.1367795169353485,150000,15000,145.8876180004154,113.0514144897461,205.599609375
1471,18.137950897216797,0.8911970853805542,0.4945434331893921,0.1382974088191986,150000,15000,145.28420599890524,110.22233963012695,205.599609375
1472,18.041043281555176,0.8870424032211304,0.49553820490837097,0.1297428011894226,150000,15000,143.91987400085782,110.1377010345459,205.599609375
1473,17.773741483688354,0.8779000043869019,0.48913007974624634,0.13250209391117096,150000,15000,144.78224699996645,110.9917163848877,205.599609375
1474,17.83527970314026,0.8750180006027222,0.4937111735343933,0.1289251297712326,150000,15000,147.4671270007093,112.23363876342773,205.599609375
1475,17.834774255752563,0.8711923956871033,0.5000948309898376,0.13790826499462128,150000,15000,148.4997090010438,112.10775375366211,205.599609375
1476,17.73170232772827,0.8683118224143982,0.5034481287002563,0.13699661195278168,150000,15000,147.65357899887022,111.46330833435059,205.599609375
1477,17.66281008720398,0.8683111667633057,0.5147086977958679,0.12500602006912231,150000,15000,145.1516850029293,111.36388778686523,205.599609375
1478,17.696138620376587,0.8658373355865479,0.5233517289161682,0.13235200941562653,150000,15000,143.3292319998145,110.66651344299316,205.599609375
1479,17.77206540107727,0.8633577823638916,0.5177764892578125,0.13220839202404022,150000,15000,148.1020230021386,112.87140846252441,205.599609375
1480,17.902110815048218,0.8647726774215698,0.5167698860168457,0.13176757097244263,150000,15000,145.89005400193855,111.45377159118652,205.599609375
1481,17.852236032485962,0.8597585558891296,0.5167312026023865,0.13580787181854248,150000,15000,147.43427600114956,110.8558177947998,205.599609375
1482,17.57086992263794,0.8452686071395874,0.5120371580123901,0.12796442210674286,150000,15000,142.83193499795743,110.55135726928711,205.599609375
1483,17.313976287841797,0.8358319997787476,0.5211690664291382,0.12274182587862015,150000,15000,146.42692300185445,110.84461212158203,205.599609375
1484,17.48034954071045,0.8294795751571655,0.5294705629348755,0.12702395021915436,150000,15000,146.36235299985856,111.51862144470215,205.599609375
1485,16.974107027053833,0.8215621709823608,0.5349293351173401,0.14006005227565765,150000,15000,143.64666099936585,111.2818717956543,205.599609375
1486,16.86438798904419,0.816306471824646,0.5394901633262634,0.13046430051326752,150000,15000,143.96922399828327,111.0682487487793,205.599609375
1487,16.66986107826233,0.8079445362091064,0.5329728722572327,0.12604734301567078,150000,15000,143.97251999980654,110.53013801574707,205.599609375
1488,16.450328826904297,0.7987663149833679,0.5334661602973938,0.1315912902355194,150000,15000,142.63645900064148,110.47863960266113,205.599609375
1489,16.106891632080078,0.7868620753288269,0.5295131802558899,0.12839369475841522,150000,15000,145.65595599924563,111.94467544555664,205.599609375
1490,15.74892282485962,0.7735567092895508,0.534727931022644,0.1356748342514038,150000,15000,144.54997099892353,111.62614822387695,205.599609375
1491,15.458345413208008,0.7636598348617554,0.5399276614189148,0.14316751062870026,150000,15000,144.817170999886,111.46092414855957,205.599609375
1492,15.198087692260742,0.754266619682312,0.5353943109512329,0.13877660036087036,150000,15000,144.7474050000892,110.78906059265137,205.599609375
1493,15.03826379776001,0.7509632110595703,0.537617564201355,0.1356431096792221,150000,15000,143.8762500001758,109.41290855407715,205.599609375
1494,14.898838996887207,0.7440420985221863,0.5411382913589478,0.13793127238750458,150000,15000,142.19546300228103,110.17894744873047,205.599609375
1495,14.599541425704956,0.7332706451416016,0.5371029376983643,0.14385615289211273,150000,15000,146.0055130010005,112.87832260131836,205.599609375
1496,14.425474405288696,0.7285211086273193,0.5412456393241882,0.14158372581005096,150000,15000,147.5967970000056,109.97533798217773,205.599609375
1497,14.232312440872192,0.7191120982170105,0.5495973229408264,0.14751674234867096,150000,15000,143.8430749985855,111.05012893676758,205.599609375
1498,14.107431173324585,0.7148982286453247,0.5395410656929016,0.15140123665332794,150000,15000,142.3407500005851,109.86447334289551,205.599609375
1499,13.835362195968628,0.7024496793746948,0.5416209697723389,0.14434204995632172,150000,15000,146.4824789982231,108.77037048339844,205.599609375
1500,13.755797147750854,0.6985093951225281,0.5472068190574646,0.15299862623214722,146847,15000,154.97643200069433,109.6653938293457,205.599609375
1501,13.890231847763062,0.7075321078300476,0.5543956756591797,0.14850811660289764,148149,15000,154.93093399709323,110.1841926574707,205.599609375
1502,13.956892490386963,0.7104608416557312,0.5444413423538208,0.15538081526756287,149472,15000,154.66951499911374,109.79318618774414,205.67626953125
1503,14.068514108657837,0.7166285514831543,0.540863573551178,0.15819258987903595,149946,15000,151.1933619985939,109.4050407409668,205.67626953125
1504,14.071251153945923,0.7206746339797974,0.538680374622345,0.14414513111114502,149997,15000,146.97993399749976,109.4505786895752,205.9462890625
1505,14.173822402954102,0.7263948917388916,0.5402514338493347,0.14590363204479218,150000,15000,151.79931799866608,111.42158508300781,205.9462890625
1506,14.288216829299927,0.731997013092041,0.5343321561813354,0.14464636147022247,150000,15000,156.7196799987869,111.12189292907715,205.9462890625
1507,14.383372068405151,0.7359087467193604,0.5310490727424622,0.1487797498703003,150000,15000,149.02533900021808,112.75911331176758,205.9462890625
1508,14.533867835998535,0.7425941824913025,0.5309020280838013,0.15042127668857574,150000,15000,144.79997299713432,110.4745864868164,205.9462890625
1509,14.7135591506958,0.7489506006240845,0.5282174348831177,0.1575334519147873,150000,15000,144.69296200331883,111.09066009521484,205.9462890625
1510,14.855492115020752,0.7558853030204773,0.5322172045707703,0.1545739769935608,150000,15000,148.81706899905112,111.36245727539062,205.9462890625
1511,14.997328519821167,0.763166606426239,0.5371041893959045,0.1541304886341095,150000,15000,145.74368399917148,111.53554916381836,205.9462890625
1512,15.170315504074097,0.7733280658721924,0.5350664258003235,0.15744256973266602,150000,15000,148.05398400130798,110.92233657836914,205.9462890625
1513,15.569182634353638,0.791438102722168,0.534077525138855,0.1560802161693573,150000,15000,142.93770299991593,109.66753959655762,205.9462890625
1514,16.004270315170288,0.8117297887802124,0.53090500831604,0.15662018954753876,150000,15000,143.6356109988992,111.29951477050781,205.9462890625
1515,16.485179662704468,0.8380670547485352,0.5261715650558472,0.15610575675964355,150000,15000,146.1330279998947,111.57703399658203,205.9462890625
1516,17.026174068450928,0.8630027770996094,0.5247553586959839,0.15283246338367462,150000,15000,144.5152850028535,110.07142066955566,205.9462890625
1517,17.339953184127808,0.8731691241264343,0.5103067755699158,0.14668358862400055,150000,15000,145.19795299929683,112.26391792297363,205.9462890625
1518,17.458781003952026,0.8796738982200623,0.519508957862854,0.15565501153469086,150000,15000,148.1669949971547,114.03250694274902,205.9462890625
1519,17.795344591140747,0.8917590975761414,0.5177740454673767,0.15448600053787231,150000,15000,160.84467900145683,122.55263328552246,205.9462890625
1520,17.94758915901184,0.897937536239624,0.5193269848823547,0.15648354589939117,150000,15000,146.2720290001016,108.09206962585449,205.9462890625
1521,18.284695148468018,0.9055991172790527,0.5145846009254456,0.16086545586585999,150000,15000,154.987441997946,113.20161819458008,205.9462890625
1522,18.13367247581482,0.9032692909240723,0.5068385601043701,0.16176900267601013,150000,15000,153.62301999994088,114.2880916595459,205.9462890625
1523,18.195860385894775,0.905911922454834,0.5125479698181152,0.15673886239528656,150000,15000,142.7856759983115,110.47983169555664,205.9462890625
1524,18.258817195892334,0.9074484705924988,0.5100211501121521,0.15331192314624786,150000,15000,146.53791499949875,110.63122749328613,205.9462890625
1525,18.29369068145752,0.9079818725585938,0.5110605359077454,0.1562541127204895,150000,15000,148.24801099894103,112.05673217773438,205.9462890625
1526,18.253384828567505,0.9087342023849487,0.5169427394866943,0.1565745323896408,150000,15000,145.38406599967857,111.23013496398926,205.9462890625
1527,18.2455575466156,0.9088727831840515,0.5134397745132446,0.15160201489925385,150000,15000,146.3492699986091,111.00149154663086,205.9462890625
1528,18.502352237701416,0.9139328002929688,0.5034127235412598,0.15597596764564514,150000,15000,145.74860699940473,111.65213584899902,205.9462890625
1529,18.551344871520996,0.9160240888595581,0.4990081489086151,0.157570481300354,150000,15000,145.01378800196107,111.48643493652344,205.9462890625
1530,18.322925567626953,0.9113326072692871,0.5123764276504517,0.15894965827465057,150000,15000,144.34227800302324,110.84175109863281,205.9462890625
1531,18.308143615722656,0.9113315939903259,0.5157817602157593,0.1567527800798416,150000,15000,143.7433270002657,110.0618839263916,205.9462890625
1532,18.400293588638306,0.9139670133590698,0.5067394971847534,0.15288619697093964,150000,15000,144.40104800087283,111.6034984588623,205.9462890625
1533,18.514827489852905,0.915489137172699,0.5055046677589417,0.16348959505558014,150000,15000,147.2060260020953,112.45846748352051,205.9462890625
1534,18.452121019363403,0.9152137637138367,0.49861615896224976,0.164141446352005,150000,15000,147.03446199928294,110.56756973266602,205.9462890625
1535,18.562620878219604,0.9165743589401245,0.49802932143211365,0.16130241751670837,150000,15000,147.9766459997336,110.9764575958252,205.9462890625
1536,18.52596640586853,0.9156532287597656,0.5000089406967163,0.160496786236763,150000,15000,142.92509599908954,110.34464836120605,205.9462890625
1537,18.557934761047363,0.9151182174682617,0.5004872679710388,0.163059264421463,150000,15000,144.310610001412,110.73780059814453,205.9462890625
1538,18.608797788619995,0.9157707691192627,0.4999534487724304,0.157822385430336,150000,15000,143.62328499919386,110.16535758972168,205.9462890625
1539,18.60938787460327,0.9149022102355957,0.4903320372104645,0.16649354994297028,150000,15000,143.01688600244233,108.99853706359863,205.9462890625
1540,18.22651743888855,0.9081790447235107,0.5048162937164307,0.16631391644477844,150000,15000,143.1878820003476,109.20214653015137,205.9462890625
1541,18.353731632232666,0.9107539653778076,0.5113106369972229,0.1646348237991333,150000,15000,145.0707540025178,109.44700241088867,205.9462890625
1542,18.29487919807434,0.9089772701263428,0.5125033855438232,0.165188267827034,150000,15000,151.62451899959706,111.91368103027344,205.9462890625
1543,18.40257167816162,0.9103879928588867,0.5177401900291443,0.1641254723072052,150000,15000,147.76206299939076,110.24713516235352,205.9462890625
1544,18.288252353668213,0.9085334539413452,0.5180171728134155,0.1626219004392624,150000,15000,154.86604300167528,109.91859436035156,205.9462890625
1545,18.25941562652588,0.9086811542510986,0.5169768929481506,0.16754838824272156,150000,15000,155.71459399870946,112.56647109985352,205.9462890625
1546,18.12589168548584,0.9052186012268066,0.520116925239563,0.16529986262321472,150000,15000,146.63508699959493,111.33980751037598,205.9462890625
1547,18.207788467407227,0.9080397486686707,0.5260077714920044,0.16412249207496643,150000,15000,150.64143700146815,113.71183395385742,205.9462890625
1548,18.36532473564148,0.910808265209198,0.5282578468322754,0.16561712324619293,150000,15000,143.3396590000484,109.5285415649414,205.9462890625
1549,18.150535821914673,0.9068109393119812,0.5206790566444397,0.1678507924079895,150000,15000,143.87847199759562,111.31024360656738,205.9462890625
1550,17.867586612701416,0.9028295874595642,0.5375404357910156,0.17017391324043274,150000,15000,148.47629799987772,110.87346076965332,205.9462890625
1551,17.538493871688843,0.8955153226852417,0.5432263612747192,0.17145022749900818,150000,15000,149.4387579987233,110.06021499633789,205.9462890625
1552,17.345008850097656,0.8907725214958191,0.5330235958099365,0.1761181503534317,150000,15000,149.93309500277974,113.54517936706543,205.9462890625
1553,17.00257897377014,0.8831599950790405,0.5576874017715454,0.17308902740478516,150000,15000,144.15533999999752,109.38572883605957,205.9462890625
1554,17.469562292099,0.8881454467773438,0.5769084692001343,0.17524971067905426,150000,15000,142.04231899930164,110.06736755371094,205.9462890625
1555,17.520183324813843,0.8864328861236572,0.5604732632637024,0.1739986091852188,150000,15000,144.7722299999441,111.14954948425293,205.9462890625
1556,17.42822766304016,0.883135974407196,0.5662679672241211,0.176258385181427,150000,15000,143.43542999995407,109.34877395629883,205.9462890625
1557,17.30389714241028,0.8790507316589355,0.5727207660675049,0.17449671030044556,150000,15000,148.97402000133297,110.69679260253906,205.9462890625
1558,17.19083309173584,0.8765386939048767,0.5630780458450317,0.1756487488746643,150000,15000,148.83814999848255,111.75346374511719,205.9462890625
1559,17.21001148223877,0.8783616423606873,0.5650306940078735,0.17756149172782898,150000,15000,153.09045699905255,110.79120635986328,205.9462890625
1560,17.35326647758484,0.8821989893913269,0.5608211159706116,0.17646344006061554,150000,15000,151.54675300072995,110.66222190856934,205.9462890625
1561,17.556649446487427,0.8873687982559204,0.5575317740440369,0.17689810693264008,150000,15000,150.9737740016135,109.92550849914551,205.9462890625
1562,17.4652099609375,0.8847938776016235,0.5751985311508179,0.17576773464679718,150000,15000,154.2212610002025,111.66620254516602,205.9462890625
1563,17.33979344367981,0.8829439878463745,0.5840457677841187,0.1720076948404312,150000,15000,143.6144149993197,109.1165542602539,205.9462890625
1564,17.79499053955078,0.8932933807373047,0.5885258316993713,0.1698516458272934,150000,15000,142.47479800178553,110.11576652526855,205.9462890625
1565,18.023422956466675,0.8998202085494995,0.580454409122467,0.16629931330680847,150000,15000,143.62780100054806,109.77506637573242,205.9462890625
1566,18.106735944747925,0.902071475982666,0.5789031982421875,0.16231924295425415,150000,15000,145.83760900131892,109.29989814758301,205.9462890625
1567,18.242363929748535,0.9055399298667908,0.5695649981498718,0.16122764348983765,150000,15000,146.75845600140747,110.90707778930664,205.9462890625
1568,18.18454146385193,0.903253436088562,0.5745152831077576,0.15734532475471497,150000,15000,143.82440600093105,110.23688316345215,205.9462890625
1569,18.354966640472412,0.9074341654777527,0.5699538588523865,0.15116135776042938,150000,15000,145.91835800092667,110.63122749328613,205.9462890625
1570,18.37979555130005,0.9079374074935913,0.5746581554412842,0.14930519461631775,150000,15000,146.11496400175383,108.69526863098145,205.9462890625
1571,18.60971689224243,0.9118995070457458,0.5705168843269348,0.1486576497554779,150000,15000,147.20170199871063,110.22305488586426,205.9462890625
1572,18.67124080657959,0.9136877059936523,0.5683653950691223,0.14536672830581665,150000,15000,144.9474540022493,110.06665229797363,205.9462890625
1573,18.51429581642151,0.9106137156486511,0.5697553157806396,0.14501015841960907,150000,15000,144.76361599736265,108.77656936645508,205.9462890625
1574,18.77292037010193,0.915911853313446,0.5686588287353516,0.13905297219753265,150000,15000,143.5644989978755,111.20772361755371,205.9462890625
1575,18.840090036392212,0.9174462556838989,0.5591448545455933,0.1384231299161911,150000,15000,342.7395639992028,110.63456535339355,205.9462890625
1576,18.877241611480713,0.9184517860412598,0.5583532452583313,0.1330295205116272,150000,15000,147.79780699973344,109.9390983581543,205.9462890625
1577,18.888171911239624,0.9183029532432556,0.5519658327102661,0.13388638198375702,150000,15000,147.06785999806016,110.69965362548828,205.9462890625
1578,18.964810371398926,0.9196528196334839,0.5579000115394592,0.1336105912923813,150000,15000,145.5962139989424,109.35354232788086,205.9462890625
1579,19.05968189239502,0.9217438697814941,0.5487025380134583,0.1292496919631958,150000,15000,142.6571000010881,109.20095443725586,205.9462890625
1580,18.97624373435974,0.9197162985801697,0.5477678179740906,0.13092133402824402,150000,15000,151.07032199739479,114.56513404846191,205.9462890625
1581,19.046077728271484,0.9209467172622681,0.552141547203064,0.12991414964199066,150000,15000,148.29463099886198,109.50589179992676,205.9462890625
1582,19.16595220565796,0.9231003522872925,0.5445658564567566,0.12611481547355652,150000,15000,142.11789199907798,109.01045799255371,205.9462890625
1583,19.17770504951477,0.9235934019088745,0.5455307960510254,0.1266806423664093,150000,15000,148.06449499883456,110.55850982666016,205.9462890625
1584,19.19266939163208,0.924015998840332,0.5478578209877014,0.12663932144641876,150000,15000,149.91695800199523,111.27376556396484,205.9462890625
1585,19.186124801635742,0.9236406683921814,0.5538838505744934,0.128417506814003,150000,15000,143.600202001835,110.40425300598145,205.9462890625
1586,19.298393726348877,0.9252240061759949,0.5670302510261536,0.1255047768354416,150000,15000,143.2395629999519,110.81314086914062,205.9462890625
1587,19.223928451538086,0.9238563776016235,0.5754020810127258,0.12652066349983215,150000,15000,144.81441500174697,110.47577857971191,205.9462890625
1588,19.1741943359375,0.9234635829925537,0.5722935795783997,0.12596678733825684,150000,15000,148.2760489998327,110.3811264038086,205.9462890625
1589,19.199970960617065,0.9237431287765503,0.5758294463157654,0.12371762096881866,150000,15000,145.90428600058658,109.96222496032715,205.9462890625
1590,19.395238161087036,0.9269499182701111,0.5689557194709778,0.12552706897258759,150000,15000,148.99791999778245,109.82918739318848,205.9462890625
1591,19.469664096832275,0.9286150336265564,0.5641249418258667,0.12222623825073242,150000,15000,151.56430000206456,113.13176155090332,205.9462890625
1592,19.481968879699707,0.9284582138061523,0.5587064027786255,0.12183108180761337,150000,15000,141.33697600118467,110.24832725524902,205.9462890625
1593,19.553366899490356,0.9298073053359985,0.5609196424484253,0.11846914142370224,150000,15000,143.2813570027065,109.7557544708252,205.9462890625
1594,19.595879316329956,0.9305717349052429,0.5561893582344055,0.11756402254104614,150000,15000,142.6613149997138,108.83855819702148,205.9462890625
1595,19.642939567565918,0.9314084053039551,0.5547962188720703,0.11464448273181915,150000,15000,144.65248699707445,110.65316200256348,205.9462890625
1596,19.574450254440308,0.9306058883666992,0.5434601902961731,0.11488555371761322,150000,15000,151.86026000083075,116.29009246826172,205.9462890625
1597,19.73629355430603,0.9327806234359741,0.5510806441307068,0.11569374799728394,150000,15000,139.58611999987625,106.34016990661621,205.9462890625
1598,19.694029092788696,0.9320516586303711,0.5589098930358887,0.11449198424816132,150000,15000,142.65774399973452,109.8182201385498,205.9462890625
1599,19.726667404174805,0.9321179389953613,0.5624405741691589,0.11645659059286118,150000,15000,140.52382899899385,107.12194442749023,205.9462890625
1600,19.84016180038452,0.9339612722396851,0.5519774556159973,0.11571510136127472,147330,15000,143.982634999702,106.16660118103027,205.9462890625
1601,19.769774675369263,0.9326490759849548,0.5584443807601929,0.12016253173351288,148781,15000,158.57720100029837,110.72254180908203,205.9462890625
1602,20.20939826965332,0.9389040470123291,0.5541173815727234,0.11803394556045532,149949,15000,163.97599400079343,112.35547065734863,205.9462890625
1603,20.297811031341553,0.9407323598861694,0.5359797477722168,0.1222723051905632,149998,15000,147.38333999775932,112.36381530761719,205.9462890625
1604,20.199520587921143,0.9396920204162598,0.5507121086120605,0.11924275755882263,150000,15000,149.36809100254322,111.42849922180176,205.9462890625
1605,20.257086753845215,0.9401347041130066,0.5438154339790344,0.11829520016908646,150000,15000,145.0915880013781,110.37802696228027,205.9462890625
1606,20.291967391967773,0.9406291246414185,0.5415283441543579,0.12183167040348053,150000,15000,148.4297159986454,114.05611038208008,205.9462890625
1607,20.237579345703125,0.940065860748291,0.5381342172622681,0.12161019444465637,150000,15000,145.01428299990948,110.53848266601562,205.9462890625
1608,20.336966514587402,0.9417051672935486,0.5394706726074219,0.12033311277627945,150000,15000,144.8688240016054,110.66532135009766,205.9462890625
1609,19.239277839660645,0.9323898553848267,0.5422756671905518,0.11973031610250473,150000,15000,147.99692599990522,111.34505271911621,205.9462890625
1610,19.879645109176636,0.9385890364646912,0.5415502786636353,0.11824359744787216,150000,15000,144.63929699923028,110.0304126739502,205.9462890625
1611,20.159974098205566,0.9419857263565063,0.5445287227630615,0.12251362204551697,150000,15000,145.3382200015767,110.95356941223145,205.9462890625
1612,20.44393301010132,0.9445637464523315,0.5521730184555054,0.1185598373413086,150000,15000,144.33226400069543,110.86916923522949,205.9462890625
1613,20.544023513793945,0.9448555707931519,0.5439981818199158,0.1184072494506836,150000,15000,148.0603269992571,111.72199249267578,205.9462890625
1614,20.57443618774414,0.9449859857559204,0.5405993461608887,0.12477950751781464,150000,15000,147.12380000128178,112.4722957611084,205.9462890625
1615,20.519394874572754,0.9438544511795044,0.547256588935852,0.12054701894521713,150000,15000,145.70444199853227,111.45830154418945,205.9462890625
1616,20.523951053619385,0.943193793296814,0.5429373979568481,0.12117526680231094,150000,15000,143.63340099953348,111.24968528747559,205.9462890625
1617,20.504398345947266,0.9424313902854919,0.5377533435821533,0.1224513128399849,150000,15000,148.8851039975998,110.7780933380127,205.9462890625
1618,20.451982021331787,0.941523551940918,0.5284847617149353,0.12067607045173645,150000,15000,144.79115100039053,109.95793342590332,205.9462890625
1619,19.812235832214355,0.9329668283462524,0.5432520508766174,0.12309258431196213,150000,15000,147.00164700116147,111.10639572143555,205.9462890625
1620,19.946683645248413,0.9345391988754272,0.5449163913726807,0.12162116169929504,150000,15000,143.4848700009752,109.96270179748535,205.9462890625
1621,19.81198787689209,0.9321863055229187,0.5383211374282837,0.11758542060852051,150000,15000,143.2152359993779,110.5794906616211,205.9462890625
1622,19.070990085601807,0.9210245013237,0.5359541177749634,0.12295034527778625,150000,15000,142.6953769987449,108.8266372680664,205.9462890625
1623,19.287869930267334,0.9240341186523438,0.5498855710029602,0.12776398658752441,150000,15000,141.0461049999867,108.72864723205566,205.9462890625
1624,19.511901140213013,0.9280422925949097,0.5519422888755798,0.1199616864323616,150000,15000,146.1307890021999,109.03763771057129,205.9462890625
1625,19.601116180419922,0.9290728569030762,0.5471668243408203,0.11857333034276962,150000,15000,141.9094890006818,109.80343818664551,205.9462890625
1626,19.540181159973145,0.928131103515625,0.5416163802146912,0.11949552595615387,150000,15000,144.39716800188762,110.96930503845215,205.9462890625
1627,19.737974405288696,0.931351900100708,0.5299206972122192,0.11766766756772995,150000,15000,144.59738200093852,109.12704467773438,205.9462890625
1628,19.65071439743042,0.9302229285240173,0.5376287698745728,0.11775434017181396,150000,15000,147.92387200213852,111.70697212219238,205.9462890625
1629,19.59059238433838,0.9287015199661255,0.5284175872802734,0.1174071729183197,150000,15000,155.24766800081125,109.16566848754883,205.9462890625
1630,19.73714590072632,0.9310540556907654,0.5292179584503174,0.12037626653909683,150000,15000,157.94263199859415,110.96048355102539,205.9462890625
1631,19.642374515533447,0.9296823740005493,0.5270607471466064,0.11519719660282135,150000,15000,150.47987299840315,109.20858383178711,205.9462890625
1632,19.74247097969055,0.9308054447174072,0.5244064927101135,0.11593552678823471,150000,15000,148.98373400137643,112.16115951538086,205.9462890625
1633,19.764121770858765,0.9319359660148621,0.5214495062828064,0.11703144758939743,150000,15000,149.77319800163968,111.81950569152832,205.9462890625
1634,19.75249409675598,0.9317607879638672,0.517802894115448,0.11551488935947418,150000,15000,148.68877299886663,110.8851432800293,205.9462890625
1635,19.753116369247437,0.9315342903137207,0.5134216547012329,0.11930617690086365,150000,15000,143.8393089993042,108.0012321472168,205.9462890625
1636,19.87445592880249,0.9330610036849976,0.5096181035041809,0.12284842133522034,150000,15000,149.7447010005999,111.49930953979492,205.9462890625
1637,19.60986852645874,0.9300638437271118,0.5131603479385376,0.11554575711488724,150000,15000,149.33857599680778,113.40117454528809,205.9462890625
1638,19.604275226593018,0.9299763441085815,0.516744077205658,0.1159101352095604,150000,15000,150.97370600051363,112.39171028137207,205.9462890625
1639,19.701285362243652,0.9316951036453247,0.5125550627708435,0.11548250913619995,150000,15000,147.69373899980565,109.5285415649414,205.9462890625
1640,19.666202068328857,0.9312154054641724,0.5230324864387512,0.11733563989400864,150000,15000,143.48658399831038,110.68248748779297,205.9462890625
1641,19.51379418373108,0.9288877248764038,0.5237718820571899,0.11715701222419739,150000,15000,148.93222899991088,114.0294075012207,205.9462890625
1642,19.701179265975952,0.931165337562561,0.5248714089393616,0.11815305054187775,150000,15000,150.49974800058408,110.96954345703125,205.9462890625
1643,19.781466722488403,0.9315743446350098,0.5182238221168518,0.11795860528945923,150000,15000,151.2954229983734,114.52126502990723,205.9462890625
1644,19.714637994766235,0.9310359358787537,0.520565927028656,0.11891333758831024,150000,15000,156.14687900233548,112.09225654602051,205.9462890625
1645,19.739614725112915,0.931032657623291,0.5159763097763062,0.11880621314048767,150000,15000,144.48578999872552,111.41324043273926,205.9462890625
1646,19.877524375915527,0.9329447150230408,0.5118119120597839,0.11908070743083954,150000,15000,142.10189200093737,109.02523994445801,205.9462890625
1647,19.86352801322937,0.9332022666931152,0.5001997947692871,0.11577355861663818,150000,15000,142.44531000076677,110.16845703125,205.9462890625
1648,19.9616277217865,0.9347155094146729,0.49313804507255554,0.11595744639635086,150000,15000,142.7101279987255,110.27836799621582,205.9462890625
1649,19.93617057800293,0.9342383146286011,0.484208345413208,0.11546147614717484,150000,15000,145.43832600247697,110.60428619384766,205.9462890625
1650,19.904322624206543,0.9338437914848328,0.47861045598983765,0.11688507348299026,150000,15000,153.16785100003472,111.92822456359863,205.9462890625
1651,19.768487215042114,0.9320729970932007,0.473733514547348,0.11755799502134323,150000,15000,153.14680699884775,114.09378051757812,205.9462890625
1652,19.706896543502808,0.9306401014328003,0.4811306595802307,0.12210618704557419,150000,15000,142.56073900105548,109.44247245788574,205.9462890625
1653,19.3124258518219,0.9246423244476318,0.4813469648361206,0.11860672384500504,150000,15000,149.50128299824428,115.44632911682129,205.9462890625
1654,19.048948287963867,0.9191886782646179,0.4683491587638855,0.12432844936847687,150000,15000,142.24927599934745,109.65704917907715,205.9462890625
1655,18.399029970169067,0.9063942432403564,0.5063759684562683,0.1324152797460556,150000,15000,140.29405799738015,106.01067543029785,205.9462890625
1656,18.30466866493225,0.904432475566864,0.5116162896156311,0.1342592090368271,150000,15000,145.2964449999854,111.20986938476562,205.9462890625
1657,18.383554220199585,0.9063656330108643,0.5050914883613586,0.13613882660865784,150000,15000,142.63957799994387,110.66126823425293,205.9462890625
1658,18.103822469711304,0.9012064933776855,0.5221480131149292,0.14172570407390594,150000,15000,145.4298890021164,110.7933521270752,205.9462890625
1659,18.046001195907593,0.8993179202079773,0.5447701215744019,0.13992446660995483,150000,15000,145.62145299714757,109.71713066101074,205.9462890625
1660,18.01077127456665,0.8990055322647095,0.5464826822280884,0.13304640352725983,150000,15000,146.46781600094982,112.15090751647949,205.9462890625
1661,18.075177669525146,0.9000374674797058,0.5403023362159729,0.13555379211902618,150000,15000,148.5702770005446,111.73701286315918,205.9462890625
1662,18.12622308731079,0.9016737937927246,0.5430002808570862,0.1319112330675125,150000,15000,148.35510099874227,107.34701156616211,205.9462890625
1663,18.182058334350586,0.9036933183670044,0.5490013957023621,0.1277000904083252,150000,15000,150.66962499986403,113.4800910949707,205.9462890625
1664,18.079259395599365,0.9006918668746948,0.5512487888336182,0.13079164922237396,150000,15000,145.4509289978887,111.00912094116211,205.9462890625
1665,18.07891845703125,0.8997477293014526,0.5538309812545776,0.13238918781280518,150000,15000,151.1251390002144,111.86790466308594,205.9462890625
1666,18.142220973968506,0.9014850854873657,0.5611518621444702,0.13048388063907623,150000,15000,149.93357400089735,108.43777656555176,205.9462890625
1667,18.155019283294678,0.9017159938812256,0.5571223497390747,0.12795783579349518,150000,15000,151.0626700001012,111.63926124572754,205.9462890625
1668,18.051857948303223,0.899815022945404,0.5718677043914795,0.12676967680454254,150000,15000,147.01290700031677,110.27812957763672,205.9462890625
1669,18.029364347457886,0.8982635736465454,0.5800380706787109,0.12605127692222595,150000,15000,152.7669379975123,111.10639572143555,205.9462890625
1670,18.00033211708069,0.8965493440628052,0.5804777145385742,0.1290947049856186,150000,15000,149.66452100270544,115.0197982788086,205.9462890625
1671,18.071449995040894,0.898526668548584,0.572931170463562,0.12562264502048492,150000,15000,146.16124200256309,111.72008514404297,205.9462890625
1672,18.196641206741333,0.9013755321502686,0.5713367462158203,0.12720760703086853,150000,15000,145.485776996793,111.26089096069336,205.9462890625
1673,18.24391484260559,0.9014226198196411,0.5583041906356812,0.12498896569013596,150000,15000,147.33868300027098,111.81211471557617,205.9462890625
1674,18.314695358276367,0.9045786261558533,0.5500233173370361,0.12933143973350525,150000,15000,147.52300899999682,111.42683029174805,205.9462890625
1675,18.375260829925537,0.90581214427948,0.5526360869407654,0.12565094232559204,150000,15000,148.60243200018886,112.35666275024414,205.9462890625
1676,18.32754373550415,0.9046305418014526,0.5473537445068359,0.12114380300045013,150000,15000,147.84197799963295,111.419677734375,205.9462890625
1677,16.963717937469482,0.8863772749900818,0.5451449751853943,0.12374179810285568,150000,15000,150.9545650005748,110.81671714782715,205.9462890625
1678,17.575392723083496,0.8937263488769531,0.5494034290313721,0.12400484085083008,150000,15000,148.867343999882,112.84136772155762,205.9462890625
1679,17.968136072158813,0.8990908861160278,0.5408772230148315,0.12739720940589905,150000,15000,148.52885599975707,110.3200912475586,205.9462890625
1680,17.992308139801025,0.9002301096916199,0.5492658019065857,0.12782235443592072,150000,15000,143.3783409993339,109.79986190795898,205.9462890625
1681,18.064266443252563,0.9006847143173218,0.5554366111755371,0.13031873106956482,150000,15000,147.4933380013681,112.50019073486328,205.9462890625
1682,18.113008737564087,0.9009822607040405,0.5542835593223572,0.12876972556114197,150000,15000,145.5182280005829,109.94291305541992,205.9462890625
1683,18.219120502471924,0.9025993347167969,0.5607922077178955,0.12993407249450684,150000,15000,146.83335200243164,111.69171333312988,205.9462890625
1684,18.229992389678955,0.902466893196106,0.5564182996749878,0.12841644883155823,150000,15000,149.9584640005196,110.63981056213379,205.9462890625
1685,18.12659978866577,0.8987357020378113,0.5582053065299988,0.13139362633228302,150000,15000,144.25037800174323,111.01531982421875,205.9462890625
1686,18.2248854637146,0.9009432196617126,0.555484414100647,0.13305982947349548,150000,15000,146.9005040016782,112.78676986694336,205.9462890625
1687,18.110806941986084,0.8988064527511597,0.5646712779998779,0.13424180448055267,150000,15000,145.5545440003334,110.45074462890625,205.9462890625
1688,18.209378719329834,0.8987640142440796,0.5636776089668274,0.1307058185338974,150000,15000,144.31655699809198,109.34066772460938,205.9462890625
1689,18.193273544311523,0.8970831632614136,0.5674598813056946,0.13318036496639252,150000,15000,146.48925300207338,110.72254180908203,205.9462890625
1690,18.050843477249146,0.8954369425773621,0.5701306462287903,0.1315406858921051,150000,15000,146.17574699877878,111.96541786193848,205.9462890625
1691,18.14911723136902,0.8963712453842163,0.5789076089859009,0.13154849410057068,150000,15000,150.15079899967532,110.5034351348877,205.9462890625
1692,18.25926423072815,0.8972889184951782,0.5766067504882812,0.133439838886261,150000,15000,146.5452680022281,110.40401458740234,205.9462890625
1693,18.218302726745605,0.8973602056503296,0.5754982829093933,0.12977875769138336,150000,15000,149.965674001578,110.5203628540039,205.9462890625
1694,18.309539556503296,0.8997094035148621,0.5761492252349854,0.12897461652755737,150000,15000,151.21252099925186,111.42158508300781,205.9462890625
1695,18.31855535507202,0.8998403549194336,0.5747978091239929,0.1330309510231018,150000,15000,151.5346159976616,115.43822288513184,205.9462890625
1696,18.288462162017822,0.8994073867797852,0.565503716468811,0.1306789070367813,150000,15000,147.43135000026086,111.80281639099121,205.9462890625
1697,18.380924463272095,0.9012105464935303,0.5634347200393677,0.13221555948257446,150000,15000,146.84098699945025,113.38400840759277,205.9462890625
1698,18.30510377883911,0.8996658325195312,0.5567470788955688,0.13190986216068268,150000,15000,143.72284899945953,110.88013648986816,205.9462890625
1699,18.318759202957153,0.8992276191711426,0.573398768901825,0.13662776350975037,150000,15000,144.90994299922022,111.46092414855957,205.9462890625
1700,18.39522361755371,0.9012970924377441,0.570940375328064,0.13769270479679108,144584,15000,151.79423800145742,111.79471015930176,205.9462890625
1701,18.78390908241272,0.9139901995658875,0.5587543249130249,0.13412006199359894,146007,15000,162.0127030000731,111.4799976348877,205.9462890625
1702,18.870924711227417,0.9156618118286133,0.5561306476593018,0.13389278948307037,147437,15000,170.92324799887137,111.13977432250977,205.9462890625
1703,18.983376026153564,0.91774982213974,0.549149215221405,0.1409231722354889,148880,15000,159.47476500150515,110.17918586730957,205.9462890625
1704,18.978737592697144,0.9175261855125427,0.5449925661087036,0.14164745807647705,149949,15000,156.54370799893513,110.70680618286133,205.9462890625
1705,19.067143201828003,0.9193991422653198,0.5448545217514038,0.13845504820346832,149998,15000,149.66145400103414,111.19532585144043,205.9462890625
1706,18.927571773529053,0.9171929359436035,0.5540153384208679,0.13862201571464539,150000,15000,147.47115700083668,109.41839218139648,205.9462890625
1707,18.966214656829834,0.9173478484153748,0.5554395914077759,0.13825583457946777,150000,15000,145.52135700068902,110.61382293701172,205.9462890625
1708,18.868932723999023,0.9160189628601074,0.5478115081787109,0.1385360211133957,150000,15000,145.48168200053624,110.66985130310059,205.9462890625
1709,19.108660221099854,0.9206016063690186,0.5427024364471436,0.13819560408592224,150000,15000,148.29341900258441,110.19039154052734,205.9462890625
1710,18.922913074493408,0.9166452288627625,0.5460551977157593,0.13812147080898285,150000,15000,146.51850999871385,111.7861270904541,205.9462890625
1711,19.03225064277649,0.9194158911705017,0.5446540117263794,0.13502231240272522,150000,15000,147.3733999991964,109.35664176940918,205.9462890625
1712,19.095828533172607,0.9200980067253113,0.5380248427391052,0.1354070007801056,150000,15000,149.56885799983866,111.42468452453613,205.9462890625
1713,19.05832052230835,0.9195023775100708,0.5414897799491882,0.1355598121881485,150000,15000,147.8497440002684,111.48405075073242,205.9462890625
1714,19.14506196975708,0.9207329750061035,0.5392053127288818,0.13521701097488403,150000,15000,149.76162500170176,110.58545112609863,205.9462890625
1715,19.088317155838013,0.9188653826713562,0.5426898002624512,0.1348133236169815,150000,15000,152.44808799980092,110.82053184509277,205.9462890625
1716,19.024895429611206,0.9174265265464783,0.5435583591461182,0.13510143756866455,150000,15000,152.57198000108474,109.93266105651855,205.9462890625
1717,19.07400131225586,0.9187625646591187,0.5424900650978088,0.1310448944568634,150000,15000,148.3760949995485,111.02581024169922,205.9462890625
1718,19.042916297912598,0.9185299277305603,0.5343069434165955,0.13394325971603394,150000,15000,154.863698000554,115.09108543395996,205.9462890625
1719,19.093997478485107,0.9194437265396118,0.5359610915184021,0.13769987225532532,150000,15000,146.27600500170956,110.81600189208984,205.9462890625
1720,19.101511240005493,0.9191266298294067,0.5274045467376709,0.13624614477157593,150000,15000,147.62204300131998,112.51020431518555,205.9462890625
1721,19.08451795578003,0.9189651012420654,0.5340391993522644,0.13487742841243744,150000,15000,146.21277599871974,109.28583145141602,205.9462890625
1722,19.032331705093384,0.9168211221694946,0.5335574150085449,0.13914838433265686,150000,15000,148.91036100016208,110.37635803222656,205.9462890625
1723,19.034264087677002,0.9175462126731873,0.5343250632286072,0.14184227585792542,150000,15000,145.52528700005496,110.24737358093262,205.9462890625
1724,19.179821014404297,0.9200934171676636,0.5364553928375244,0.13901177048683167,150000,15000,144.00596599807614,109.53450202941895,205.9462890625
1725,18.0998694896698,0.9051634073257446,0.5498702526092529,0.1426859349012375,150000,15000,150.6125650012109,109.97843742370605,205.9462890625
1726,18.56443166732788,0.9125447273254395,0.5373439788818359,0.1412200778722763,150000,15000,153.00703999673715,111.785888671875,205.9462890625
1727,18.901907205581665,0.918358325958252,0.5232180953025818,0.14283548295497894,150000,15000,146.67264300078386,111.64426803588867,205.9462890625
1728,19.032514095306396,0.9193392992019653,0.5423053503036499,0.1483612358570099,150000,15000,146.6655529984564,110.50963401794434,205.9462890625
1729,19.070981740951538,0.9188706278800964,0.5416089296340942,0.14850664138793945,150000,15000,149.9083589988004,113.64150047302246,205.9462890625
1730,19.136910438537598,0.9186632633209229,0.5457746386528015,0.1496342420578003,150000,15000,152.5418399978662,111.53030395507812,205.9462890625
1731,19.13696050643921,0.9185752868652344,0.5307501554489136,0.1501329094171524,150000,15000,151.13984799972968,113.81793022155762,205.9462890625
1732,19.2874014377594,0.9211462736129761,0.5413510799407959,0.14823637902736664,150000,15000,147.79160100079025,109.24530029296875,205.9462890625
1733,19.27167296409607,0.9205552935600281,0.5395493507385254,0.14950716495513916,150000,15000,148.7855480008875,110.1982593536377,205.9462890625
1734,19.29659366607666,0.9212859869003296,0.5302348136901855,0.1475924700498581,150000,15000,151.07258599891793,109.98392105102539,205.9462890625
1735,19.231714010238647,0.9201232194900513,0.5266394019126892,0.14975610375404358,150000,15000,148.16573899952346,111.98234558105469,205.9462890625
1736,19.217772483825684,0.9200422763824463,0.5205895900726318,0.14743095636367798,150000,15000,142.88758099792176,105.18717765808105,205.9462890625
1737,19.229711294174194,0.9208767414093018,0.526252269744873,0.14683398604393005,150000,15000,140.11237600061577,107.04255104064941,205.9462890625
1738,19.293160438537598,0.9224134683609009,0.5309402346611023,0.147271990776062,150000,15000,144.81600200087996,109.85469818115234,205.9462890625
1739,19.337750673294067,0.9226593971252441,0.5211860537528992,0.14648714661598206,150000,15000,146.28433699908783,109.94315147399902,205.9462890625
1740,19.413026571273804,0.9232180118560791,0.5210528373718262,0.14826029539108276,150000,15000,149.19569599805982,109.31158065795898,205.9462890625
1741,19.40882921218872,0.9236516952514648,0.5231816172599792,0.14696067571640015,150000,15000,145.8148780002375,108.95323753356934,205.9462890625
1742,19.397810697555542,0.9232641458511353,0.5102117657661438,0.14742343127727509,150000,15000,143.63198099817964,109.18259620666504,205.9462890625
1743,19.307509660720825,0.9223403930664062,0.512955904006958,0.14641587436199188,150000,15000,146.42820400331402,109.3144416809082,205.9462890625
1744,19.349526166915894,0.922217071056366,0.5024510025978088,0.1422443836927414,150000,15000,149.51599900086876,115.84091186523438,205.9462890625
1745,19.257686138153076,0.9209722876548767,0.49588513374328613,0.1388838291168213,150000,15000,144.83525300238398,110.8255386352539,205.9462890625
1746,19.15584921836853,0.9194036722183228,0.4892953932285309,0.13851577043533325,150000,15000,143.148019000364,108.91604423522949,205.9462890625
1747,19.062926769256592,0.9180892705917358,0.4940415620803833,0.1358666867017746,150000,15000,141.94038999994518,109.05265808105469,205.9462890625
1748,19.122737646102905,0.918738842010498,0.511676549911499,0.13839493691921234,150000,15000,139.91161800004193,107.29050636291504,205.9462890625
1749,19.12119746208191,0.918926477432251,0.5180093050003052,0.13408876955509186,150000,15000,143.07525399999577,108.81280899047852,205.9462890625
1750,18.956769704818726,0.9158975481987,0.5189342498779297,0.13557645678520203,150000,15000,147.04205200177967,110.90779304504395,205.9462890625
1751,19.03954267501831,0.9166695475578308,0.513940155506134,0.13338357210159302,150000,15000,144.405094000831,108.1233024597168,205.9462890625
1752,19.056923389434814,0.9166164398193359,0.5151557922363281,0.1335989087820053,150000,15000,145.54164199944353,110.51630973815918,205.9462890625
1753,18.740015029907227,0.9116932153701782,0.504805326461792,0.13502612709999084,150000,15000,145.66677800030448,109.47203636169434,205.9462890625
1754,18.830195665359497,0.9137333631515503,0.5009832382202148,0.13085037469863892,150000,15000,142.95486899936805,108.45589637756348,205.9462890625
1755,18.992938995361328,0.9168887138366699,0.505253255367279,0.12769219279289246,150000,15000,146.35504399848287,111.38367652893066,205.9462890625
1756,18.912019729614258,0.9156079292297363,0.5005517601966858,0.12788142263889313,150000,15000,145.2782499982277,110.80121994018555,205.9462890625
1757,18.49472999572754,0.9071168303489685,0.5344133973121643,0.13084009289741516,150000,15000,146.41877000030945,109.52281951904297,205.9462890625
1758,18.817625045776367,0.9142547845840454,0.5299925804138184,0.12497040629386902,150000,15000,145.5925970003591,109.86709594726562,205.9462890625
1759,18.90193462371826,0.9156202673912048,0.5120843052864075,0.12598809599876404,150000,15000,151.0727360000601,110.89301109313965,205.9462890625
1760,18.60749125480652,0.9100580215454102,0.5231403708457947,0.12901420891284943,150000,15000,151.71425599692157,110.13221740722656,205.9462890625
1761,18.73336911201477,0.912909984588623,0.5231636762619019,0.12627029418945312,150000,15000,149.11755000139237,109.10415649414062,205.9462890625
1762,18.86760115623474,0.9156814813613892,0.5042722225189209,0.11966487020254135,150000,15000,143.31363000019337,108.32738876342773,205.9462890625
1763,18.57338547706604,0.9100753664970398,0.50775545835495,0.12091130018234253,150000,15000,146.60294099667226,111.23037338256836,205.9462890625
1764,18.46230387687683,0.9072184562683105,0.5256940722465515,0.12355304509401321,150000,15000,150.6979939986195,113.04783821105957,205.9462890625
1765,18.611197471618652,0.9113129377365112,0.5243216753005981,0.12062409520149231,150000,15000,149.13004900154192,112.57433891296387,205.9462890625
1766,18.39709997177124,0.906841516494751,0.5213412046432495,0.12108420580625534,150000,15000,144.70945799985202,110.77332496643066,205.9462890625
1767,18.380779027938843,0.9063140749931335,0.5271652340888977,0.11913582682609558,150000,15000,149.8540230022627,111.35292053222656,205.9462890625
1768,18.59737515449524,0.9107030630111694,0.5267271995544434,0.11717311292886734,150000,15000,149.67025100122555,109.50660705566406,205.9462890625
1769,18.75563144683838,0.9141745567321777,0.5196467041969299,0.11179664731025696,150000,15000,146.66710299934493,106.12273216247559,205.9462890625
1770,18.627878427505493,0.9115681648254395,0.5163047313690186,0.11307037621736526,150000,15000,142.12431199848652,109.66277122497559,205.9462890625
1771,18.65125298500061,0.9122892618179321,0.5134729146957397,0.11475791037082672,150000,15000,146.3546340019093,110.90636253356934,205.9462890625
1772,18.480587005615234,0.9093584418296814,0.5037816166877747,0.11996646970510483,150000,15000,142.40689700091025,108.98590087890625,205.9462890625
1773,18.29180598258972,0.9050396680831909,0.5240479111671448,0.11758065223693848,150000,15000,145.25838400004432,110.51535606384277,205.9462890625
1774,18.45868229866028,0.9086089134216309,0.5199407339096069,0.11500293761491776,150000,15000,145.4595169998356,112.00904846191406,205.9462890625
1775,18.457893133163452,0.9085038900375366,0.515818178653717,0.1172432228922844,150000,15000,151.14794799956144,111.02652549743652,205.9462890625
1776,18.348815441131592,0.9062018394470215,0.533821702003479,0.11791733652353287,150000,15000,148.69253400320304,110.98146438598633,205.9462890625
1777,18.419039249420166,0.9076064825057983,0.5300545692443848,0.11562587320804596,150000,15000,150.31237299990607,111.08279228210449,205.9462890625
1778,18.555532693862915,0.9104056358337402,0.5211686491966248,0.11181264370679855,150000,15000,148.5262580026756,110.27121543884277,205.9462890625
1779,18.47650408744812,0.9085277915000916,0.5218798518180847,0.11641982197761536,150000,15000,152.25692400053958,110.26191711425781,205.9462890625
1780,18.42869520187378,0.9073696136474609,0.5221377015113831,0.11567114293575287,150000,15000,149.67239500037977,110.82673072814941,205.9462890625
1781,18.43055486679077,0.9071413278579712,0.5217615962028503,0.11169295012950897,150000,15000,146.8002820001857,109.41195487976074,205.9462890625
1782,18.328471183776855,0.9017601013183594,0.5344694256782532,0.11325093358755112,150000,15000,152.63770899764495,111.9837760925293,205.9462890625
1783,18.339831829071045,0.8987958431243896,0.5422189235687256,0.1145569309592247,150000,15000,153.11240200026077,114.9451732635498,205.9462890625
1784,18.4420645236969,0.9009995460510254,0.5382777452468872,0.11456682533025742,150000,15000,155.23078100159182,116.05381965637207,205.9462890625
1785,18.210853338241577,0.8945516347885132,0.5293594598770142,0.11505400389432907,150000,15000,158.84509900206467,112.11085319519043,205.9462890625
1786,18.134844303131104,0.890639066696167,0.541458785533905,0.12043594568967819,150000,15000,150.30248500261223,112.58435249328613,205.9462890625
1787,18.040921688079834,0.8877750635147095,0.5462138652801514,0.11930887401103973,150000,15000,151.3382589982939,110.13221740722656,205.9462890625
1788,18.23021650314331,0.8911217451095581,0.5281003713607788,0.11578880250453949,150000,15000,147.81282900003134,109.33995246887207,205.9462890625
1789,17.98982858657837,0.8822232484817505,0.549200177192688,0.12074247747659683,150000,15000,148.3232800019323,108.64114761352539,205.9462890625
1790,18.331027030944824,0.8845469355583191,0.5418837666511536,0.11817331612110138,150000,15000,149.88082900163135,111.67311668395996,205.9462890625
1791,18.13120126724243,0.8815550208091736,0.5402329564094543,0.12028803676366806,150000,15000,143.71846799986088,110.36014556884766,205.9462890625
1792,17.93603539466858,0.8784295320510864,0.5445290803909302,0.11745704710483551,150000,15000,148.77031300056842,110.96572875976562,205.9462890625
1793,17.55475640296936,0.8737186193466187,0.5428622961044312,0.11953460425138474,150000,15000,147.4358890009171,112.19263076782227,205.9462890625
1794,18.16108226776123,0.8837851285934448,0.5413017272949219,0.11693665385246277,150000,15000,145.67475999865565,110.22710800170898,205.9462890625
1795,18.275573253631592,0.8842149972915649,0.5322825908660889,0.12168698012828827,150000,15000,150.01786799984984,109.72905158996582,205.9462890625
1796,18.353461027145386,0.8842732906341553,0.5351995229721069,0.11609644442796707,150000,15000,144.6867540034873,108.98017883300781,205.9462890625
1797,18.204697370529175,0.8821368217468262,0.5252515077590942,0.12451504915952682,150000,15000,144.13831700221635,110.62073707580566,205.9462890625
1798,18.13989281654358,0.8800808191299438,0.5324056148529053,0.11844197660684586,150000,15000,147.75887300129398,111.07969284057617,205.9462890625
1799,18.182814121246338,0.8792063593864441,0.5406965017318726,0.11707932502031326,150000,15000,148.01918100056355,110.41688919067383,205.9462890625
1800,18.111213445663452,0.8799117803573608,0.5361618399620056,0.11295337975025177,141810,15000,151.44474300177535,109.1465950012207,205.9462890625
1801,18.336466550827026,0.888504683971405,0.5347840785980225,0.10919030755758286,143051,15000,164.76815699934377,112.13517189025879,205.9462890625
1802,18.39097023010254,0.8897716403007507,0.5429601669311523,0.10947530716657639,144255,15000,154.81823500158498,105.39674758911133,205.9462890625
1803,18.65301489830017,0.8963128924369812,0.5429474115371704,0.10913216322660446,145475,15000,161.602075000701,110.78619956970215,205.9462890625
1804,18.664854764938354,0.8986505270004272,0.5360663533210754,0.10745076090097427,146704,15000,160.9024959980161,111.77921295166016,205.9462890625
1805,18.62205147743225,0.8975776433944702,0.5387715697288513,0.1176268681883812,147949,15000,157.81149299800745,111.05775833129883,205.9462890625
1806,18.761640787124634,0.9000128507614136,0.5346491932868958,0.10898575186729431,149177,15000,158.04367699820432,109.98916625976562,205.9462890625
1807,18.76788854598999,0.900427520275116,0.5258249044418335,0.11033429950475693,149871,15000,163.0828859997564,115.58294296264648,205.9462890625
1808,18.936229944229126,0.9038979411125183,0.5189493298530579,0.10957886278629303,149984,15000,161.95719399911468,118.37291717529297,205.9462890625
1809,19.03247594833374,0.9070157408714294,0.5053693056106567,0.1148710623383522,149998,15000,153.44000900222454,113.45505714416504,205.9462890625
1810,19.067461490631104,0.9075581431388855,0.5103346109390259,0.10400664061307907,149999,15000,153.37975900183665,113.61336708068848,205.9462890625
1811,19.1213858127594,0.9094852209091187,0.5061690807342529,0.10886373370885849,150000,15000,153.7213369992969,113.46125602722168,205.9462890625
1812,19.139244556427002,0.9115955829620361,0.5005333423614502,0.10153476893901825,150000,15000,151.76440899813315,114.2873764038086,205.9462890625
1813,19.188015460968018,0.9134500026702881,0.4974712133407593,0.1009790301322937,150000,15000,155.0490779991378,116.01972579956055,205.9462890625
1814,19.227064847946167,0.9146503210067749,0.5013588070869446,0.09956207871437073,150000,15000,151.62769699963974,112.76721954345703,205.9462890625
1815,19.23759937286377,0.9156837463378906,0.49116435647010803,0.10141292214393616,150000,15000,152.28816799935885,115.13996124267578,205.9462890625
1816,19.258477687835693,0.917649507522583,0.4862446188926697,0.1008308157324791,150000,15000,151.4731679999386,115.12470245361328,205.9462890625
1817,19.327367544174194,0.9185190200805664,0.4939371943473816,0.09952259063720703,150000,15000,150.1425210008165,113.40904235839844,205.9462890625
1818,19.348344802856445,0.918968677520752,0.48309433460235596,0.09927790611982346,150000,15000,151.43638700101292,113.12246322631836,205.9462890625
1819,19.22954559326172,0.9175119400024414,0.4815220236778259,0.09720379114151001,150000,15000,151.27471199957654,114.14027214050293,205.9462890625
1820,19.198347330093384,0.9167743921279907,0.4852670431137085,0.10126499831676483,150000,15000,153.17466200212948,115.18740653991699,205.9462890625
1821,19.107061624526978,0.9126569628715515,0.4860720634460449,0.1077459380030632,150000,15000,152.4595600021712,115.34881591796875,205.9462890625
1822,19.157832860946655,0.9130744934082031,0.4782395660877228,0.10385166108608246,150000,15000,149.55463700243854,113.31319808959961,205.9462890625
1823,18.99328351020813,0.9096442461013794,0.4779127240180969,0.11389843374490738,150000,15000,148.92496599713922,111.6483211517334,205.9462890625
1824,18.535985946655273,0.899207592010498,0.4899330735206604,0.11746137589216232,150000,15000,151.74371000102838,115.70191383361816,205.9462890625
1825,18.50746989250183,0.8974646925926208,0.502248227596283,0.10961911082267761,150000,15000,154.49341999919852,114.76659774780273,205.9462890625
1826,18.366516828536987,0.8938636183738708,0.5046701431274414,0.11689435690641403,150000,15000,158.41907399953925,120.31793594360352,205.9462890625
1827,18.386884927749634,0.8917425870895386,0.5151453018188477,0.11076634377241135,150000,15000,155.43244299988146,112.69474029541016,205.9462890625
1828,18.40520143508911,0.8920607566833496,0.5261070728302002,0.10859732329845428,150000,15000,153.74129699921468,113.94047737121582,205.9462890625
1829,18.458406925201416,0.8937370181083679,0.5281247496604919,0.11326863616704941,150000,15000,154.02902000278118,112.24770545959473,205.9462890625
1830,18.56385111808777,0.896411120891571,0.517592191696167,0.10827996581792831,150000,15000,145.13266499852762,110.81743240356445,205.9462890625
1831,18.794749975204468,0.9019851684570312,0.5099459886550903,0.09889610856771469,150000,15000,148.79213699896354,113.10720443725586,205.9462890625
1832,18.928886651992798,0.9055582284927368,0.5059594511985779,0.10554109513759613,150000,15000,148.99787299873424,113.11101913452148,205.9462890625
1833,18.957241773605347,0.9059092402458191,0.5003421306610107,0.10948403179645538,150000,15000,147.5067629980913,112.31207847595215,205.9462890625
1834,19.189211130142212,0.9106059074401855,0.48670142889022827,0.10573751479387283,150000,15000,148.86236500024097,112.77055740356445,205.9462890625
1835,19.156203269958496,0.9109750986099243,0.48105937242507935,0.0933181419968605,150000,15000,151.87613099988084,111.37676239013672,205.9462890625
1836,19.05323028564453,0.9070028066635132,0.4803856313228607,0.1037227213382721,150000,15000,155.77503399981651,111.78231239318848,205.9462890625
1837,19.278392791748047,0.9117541313171387,0.4757092595100403,0.10248157382011414,150000,15000,150.3512529998261,112.54143714904785,205.9462890625
1838,19.323445558547974,0.9144262671470642,0.46576693654060364,0.0939490869641304,150000,15000,147.0126749991323,111.82856559753418,205.9462890625
1839,18.648189306259155,0.9035603404045105,0.4708620309829712,0.10551220178604126,150000,15000,149.72036399922217,112.13397979736328,205.9462890625
1840,18.735004663467407,0.9048575758934021,0.47203123569488525,0.09830660372972488,150000,15000,146.66965500146034,111.8464469909668,205.9462890625
1841,19.146686792373657,0.9114503860473633,0.46753671765327454,0.09547998756170273,150000,15000,149.4096560018079,114.41206932067871,205.9462890625
1842,19.040504693984985,0.908677339553833,0.4723878800868988,0.10061847418546677,150000,15000,148.08297700074036,112.65254020690918,205.9462890625
1843,19.027323722839355,0.9077152013778687,0.476259708404541,0.09548330307006836,150000,15000,152.70517699900665,113.90113830566406,205.9462890625
1844,18.9414381980896,0.9064533114433289,0.4774267375469208,0.09204129129648209,150000,15000,149.31905800040113,113.53564262390137,205.9462890625
1845,18.978660106658936,0.9066829085350037,0.48616230487823486,0.10092626512050629,150000,15000,146.82960199934314,111.4962100982666,205.9462890625
1846,18.792465925216675,0.9018793106079102,0.4754897356033325,0.10463155061006546,150000,15000,153.88229800009867,114.69221115112305,205.9462890625
1847,18.779224157333374,0.9002550840377808,0.47972220182418823,0.10329965502023697,150000,15000,146.55441000286373,111.04559898376465,205.9462890625
1848,18.821228742599487,0.9024976491928101,0.4757547676563263,0.10790660977363586,150000,15000,152.80221899956814,111.94658279418945,205.9462890625
1849,18.73716711997986,0.9001649618148804,0.48563462495803833,0.10791067779064178,150000,15000,149.4267320013023,112.3051643371582,205.9462890625
1850,18.765915632247925,0.8994545936584473,0.48181241750717163,0.10722202062606812,150000,15000,149.1934459991171,113.26241493225098,205.9462890625
1851,18.849161863327026,0.9024693369865417,0.4813893735408783,0.10510286688804626,150000,15000,147.9448220015911,110.50701141357422,205.9462890625
1852,18.583972454071045,0.8981713056564331,0.483599990606308,0.11318880319595337,150000,15000,153.10010599932866,112.58912086486816,205.9462890625
1853,18.637319803237915,0.8956742286682129,0.49531400203704834,0.10554683208465576,150000,15000,146.69028200296452,111.2356185913086,205.9462890625
1854,18.768590688705444,0.8999099135398865,0.4933781623840332,0.10314932465553284,150000,15000,147.74950600258308,109.93576049804688,205.9462890625
1855,18.60176682472229,0.8943247199058533,0.5026052594184875,0.09976315498352051,150000,15000,152.83513300164486,112.43867874145508,205.9462890625
1856,18.64654302597046,0.8945658206939697,0.5090082883834839,0.10312877595424652,150000,15000,152.29705999809084,113.1587028503418,205.9462890625
1857,18.707302808761597,0.8941783905029297,0.5047033429145813,0.09837803244590759,150000,15000,147.70200200291583,112.23912239074707,205.9462890625
1858,18.647491931915283,0.8906393051147461,0.5138808488845825,0.09970083087682724,150000,15000,149.13946699743974,111.80949211120605,205.9462890625
1859,18.725281953811646,0.8926292657852173,0.5125114321708679,0.10095155984163284,150000,15000,151.05639700050233,110.89086532592773,205.9462890625
1860,18.745232820510864,0.8950933814048767,0.506758451461792,0.09195390343666077,150000,15000,152.3251379985595,111.98306083679199,205.9462890625
1861,18.773447275161743,0.8958181738853455,0.5025772452354431,0.09833353012800217,150000,15000,152.23067199985962,112.13016510009766,205.9462890625
1862,18.83065938949585,0.8979284167289734,0.49918460845947266,0.09629369527101517,150000,15000,150.57609799987404,112.83373832702637,205.9462890625
1863,18.916621208190918,0.9013962149620056,0.4974328279495239,0.09313634037971497,150000,15000,149.81613400232163,112.03980445861816,205.9462890625
1864,18.681564331054688,0.8974238634109497,0.4950824975967407,0.10462018102407455,150000,15000,148.57248699991032,113.46650123596191,205.9462890625
1865,18.917635679244995,0.9020155668258667,0.4966445863246918,0.10091735422611237,150000,15000,147.6119560029474,111.74368858337402,205.9462890625
1866,19.018064737319946,0.9060099124908447,0.48431116342544556,0.09728088229894638,150000,15000,149.46828199754236,112.29538917541504,205.9462890625
1867,18.90228033065796,0.9031867980957031,0.4782770276069641,0.10171326994895935,150000,15000,148.93338900219533,110.76235771179199,205.9462890625
1868,18.847540616989136,0.9000262022018433,0.47782737016677856,0.10146290808916092,150000,15000,153.1037370004924,112.08319664001465,205.9462890625
1869,18.988494873046875,0.9034141898155212,0.47222429513931274,0.11057981848716736,150000,15000,152.12553400124307,112.97106742858887,205.9462890625
1870,18.939703702926636,0.9034919738769531,0.4600537419319153,0.10471568256616592,150000,15000,148.6537499986298,110.97550392150879,205.9462890625
1871,18.56392741203308,0.8923423290252686,0.48204517364501953,0.09725794196128845,150000,15000,151.44207599951187,111.03606224060059,205.9462890625
1872,18.560870885849,0.8916401863098145,0.4923817813396454,0.10083853453397751,150000,15000,145.98465099697933,111.23037338256836,205.9462890625
1873,18.531607389450073,0.8908988833427429,0.4909753203392029,0.11237334460020065,150000,15000,144.501794999087,109.02118682861328,205.9462890625
1874,18.297176361083984,0.8826385736465454,0.5089014768600464,0.1079040989279747,150000,15000,144.550839002477,110.21280288696289,205.9462890625
1875,18.28678011894226,0.8800638914108276,0.5090753436088562,0.12420476227998734,150000,15000,153.86054999908083,110.23259162902832,205.9462890625
1876,18.440839052200317,0.8850409388542175,0.49860936403274536,0.10542584955692291,150000,15000,154.58661499724258,111.61279678344727,205.9462890625
1877,18.403979539871216,0.8841783404350281,0.5086777210235596,0.11037012934684753,150000,15000,151.25022500069463,109.71593856811523,205.9462890625
1878,18.616225719451904,0.8895131945610046,0.4925195574760437,0.10833622515201569,150000,15000,149.04059800028335,110.06522178649902,205.9462890625
1879,18.64002823829651,0.8925819396972656,0.487769216299057,0.09994661062955856,150000,15000,149.26592099800473,110.43906211853027,205.9462890625
1880,18.536452054977417,0.8891140222549438,0.4963091313838959,0.10609154403209686,150000,15000,146.82781500232522,110.61477661132812,205.9462890625
1881,18.652894496917725,0.8920273780822754,0.4949878454208374,0.10028202831745148,150000,15000,149.25524399950518,112.53786087036133,205.9462890625
1882,18.789007663726807,0.895714282989502,0.4878999590873718,0.11355210095643997,150000,15000,150.5064940029115,110.73040962219238,205.9462890625
1883,18.6898410320282,0.8945920467376709,0.4707728624343872,0.10289476066827774,150000,15000,151.64971600097488,109.82513427734375,205.9462890625
1884,18.574284315109253,0.8911250829696655,0.48990732431411743,0.09918952733278275,150000,15000,153.09928200076683,109.74597930908203,205.9462890625
1885,18.624569177627563,0.892795205116272,0.48502832651138306,0.10464994609355927,150000,15000,148.30316699953983,109.86852645874023,205.9462890625
1886,18.695528507232666,0.8942174911499023,0.477136492729187,0.10959093272686005,150000,15000,148.649012997339,112.71238327026367,205.9462890625
1887,18.47404956817627,0.8885719776153564,0.48508334159851074,0.10662040114402771,150000,15000,151.09776700046496,110.21161079406738,205.9462890625
1888,18.59557271003723,0.8915180563926697,0.4918704330921173,0.10163819789886475,150000,15000,147.1878669981379,110.63575744628906,205.9462890625
1889,18.50425958633423,0.8893894553184509,0.48534849286079407,0.11251657456159592,150000,15000,151.06499700050335,110.9609603881836,205.9462890625
1890,18.365167379379272,0.8853909373283386,0.49229198694229126,0.11540868133306503,150000,15000,149.67800800150144,108.93607139587402,205.9462890625
1891,18.291443586349487,0.8846856355667114,0.4845660328865051,0.10994008928537369,150000,15000,153.30994200121495,111.03415489196777,205.9462890625
1892,18.47515106201172,0.8889157176017761,0.48590219020843506,0.10852161049842834,150000,15000,149.39530300034676,112.93792724609375,205.9462890625
1893,18.478940725326538,0.8889510035514832,0.4873749315738678,0.11278311163187027,150000,15000,147.5433060004434,112.3189926147461,205.9462890625
1894,18.516277074813843,0.8897050619125366,0.4887829124927521,0.09403742849826813,150000,15000,145.87568000206375,110.79645156860352,205.9462890625
1895,18.55904221534729,0.8908516764640808,0.4829738438129425,0.11797622591257095,150000,15000,146.75206800166052,110.72516441345215,205.9462890625
1896,18.604912757873535,0.8905789852142334,0.4829145669937134,0.11337198317050934,150000,15000,152.49629999743775,111.41133308410645,205.9462890625
1897,18.674774169921875,0.8922625780105591,0.4864623546600342,0.13035744428634644,150000,15000,147.53065900004003,110.88085174560547,205.9462890625
1898,18.71833086013794,0.8943352103233337,0.47709059715270996,0.09424371272325516,150000,15000,148.58827399802976,111.31501197814941,205.9462890625
1899,18.67566227912903,0.8934389352798462,0.47416865825653076,0.1122378259897232,150000,15000,151.82315499987453,111.61184310913086,205.9462890625
1900,18.63913655281067,0.8922631740570068,0.48196297883987427,0.09832105785608292,148644,15000,151.1181999994733,111.61279678344727,205.9462890625
1901,18.987985849380493,0.8950945734977722,0.48058634996414185,0.10844961553812027,149742,15000,159.4581070021377,110.90826988220215,205.9462890625
1902,18.926600217819214,0.8975404500961304,0.48549893498420715,0.10930745303630829,149964,15000,155.53310599716497,111.50860786437988,205.9462890625
1903,18.93826127052307,0.8985636234283447,0.48798346519470215,0.09900423884391785,149988,15000,152.1425110004202,112.27750778198242,205.9462890625
1904,18.99169683456421,0.9005200266838074,0.47835665941238403,0.10770988464355469,149999,15000,158.96669900030247,115.13757705688477,205.9462890625
1905,18.936880826950073,0.9000329971313477,0.46388983726501465,0.09829308837652206,149999,15000,154.0998929995112,111.9527816772461,205.9462890625
1906,18.95261287689209,0.900469958782196,0.45948249101638794,0.09653998166322708,150000,15000,149.23496799747227,110.95905303955078,205.9462890625
1907,19.065821170806885,0.903350293636322,0.45224547386169434,0.09638647735118866,150000,15000,149.1845029995602,111.76776885986328,205.9462890625
1908,18.910770416259766,0.9017252922058105,0.4495425522327423,0.10339631140232086,150000,15000,148.39857799961464,111.62805557250977,205.9462890625
1909,18.797831535339355,0.8986517190933228,0.4485633373260498,0.09989935904741287,150000,15000,150.04814300118596,112.18905448913574,205.9462890625
1910,18.75797986984253,0.8977400660514832,0.4616532623767853,0.10803958773612976,150000,15000,154.19616000144742,113.55853080749512,205.9462890625
1911,18.739161491394043,0.895577609539032,0.4562984108924866,0.11710528284311295,150000,15000,150.85068599728402,112.16402053833008,205.9462890625
1912,18.335328102111816,0.8860995769500732,0.4740617275238037,0.1230701431632042,150000,15000,149.73249100148678,112.17498779296875,205.9462890625
1913,18.473433256149292,0.8879967927932739,0.47104907035827637,0.1052834689617157,150000,15000,148.52114600216737,112.0760440826416,205.9462890625
1914,18.589287996292114,0.8896751403808594,0.46443572640419006,0.12038686871528625,150000,15000,153.0106540012639,114.26758766174316,205.9462890625
1915,18.70494246482849,0.8909591436386108,0.46049708127975464,0.10820376873016357,150000,15000,147.51390800302033,111.35077476501465,205.9462890625
1916,18.762587308883667,0.8922637701034546,0.4570878744125366,0.12074031680822372,150000,15000,148.12772499863058,111.00316047668457,205.9462890625
1917,18.830325603485107,0.8945562839508057,0.4510715901851654,0.12162891775369644,150000,15000,155.5518450004456,111.17243766784668,205.9462890625
1918,18.85176181793213,0.8939732909202576,0.44787245988845825,0.1095263883471489,150000,15000,151.35930299948086,111.81831359863281,205.9462890625
1919,18.97074818611145,0.8968395590782166,0.44260501861572266,0.10338376462459564,150000,15000,152.3866169991379,109.80677604675293,205.9462890625
1920,19.01864528656006,0.8960809707641602,0.43838053941726685,0.10962393879890442,150000,15000,149.67158700164873,111.5114688873291,205.9462890625
1921,18.917747735977173,0.8962060809135437,0.4389340281486511,0.11743933707475662,150000,15000,152.96152399969287,110.35418510437012,205.9462890625
1922,19.131109714508057,0.8999775648117065,0.43330079317092896,0.10908123105764389,150000,15000,150.9722779992444,110.11767387390137,205.9462890625
1923,19.20709490776062,0.902334451675415,0.4269857704639435,0.10636524111032486,150000,15000,152.40229399933014,111.04846000671387,205.9462890625
1924,19.215285778045654,0.9037045836448669,0.4199901819229126,0.11107780039310455,150000,15000,148.0039919988485,111.3743782043457,205.9462890625
1925,19.275649785995483,0.9003053903579712,0.4155396819114685,0.10894019156694412,150000,15000,151.586056999804,111.44518852233887,205.9462890625
1926,19.360907077789307,0.905052661895752,0.4147396683692932,0.11763880401849747,150000,15000,149.3191689987725,110.62431335449219,205.9462890625
1927,19.366819858551025,0.9069260358810425,0.4126903712749481,0.10703020542860031,150000,15000,152.34532700196723,111.31620407104492,205.9462890625
1928,19.373048543930054,0.9059464931488037,0.4166252911090851,0.09939305484294891,150000,15000,149.1537719994085,112.95223236083984,205.9462890625
1929,19.24209713935852,0.9040762782096863,0.4172801375389099,0.11132621765136719,150000,15000,149.93658300227253,108.06488990783691,205.9462890625
1930,19.415161609649658,0.9071463942527771,0.40902024507522583,0.1076720729470253,150000,15000,151.4101100001426,112.01691627502441,205.9462890625
1931,19.54345703125,0.9077584147453308,0.4089868664741516,0.09512944519519806,150000,15000,149.24642299956759,111.6943359375,205.9462890625
1932,19.4878888130188,0.9089235067367554,0.4079938530921936,0.09511943906545639,150000,15000,146.99084499807213,110.98170280456543,205.9462890625
1933,19.566391706466675,0.9086904525756836,0.4074054956436157,0.08889086544513702,150000,15000,150.11547800168046,111.31930351257324,205.9462890625
1934,19.442317485809326,0.9087924957275391,0.4066249132156372,0.09149232506752014,150000,15000,148.3197450033913,109.9386215209961,205.9462890625
1935,19.56502079963684,0.9121817350387573,0.40710753202438354,0.11760309338569641,150000,15000,150.6012549980369,110.78500747680664,205.9462890625
1936,19.27876353263855,0.9081463813781738,0.40920117497444153,0.10590144246816635,150000,15000,151.6941890004091,112.68186569213867,205.9462890625
1937,19.267369508743286,0.9056219458580017,0.40571439266204834,0.12153110653162003,150000,15000,156.0586859995965,112.58602142333984,205.9462890625
1938,19.119330644607544,0.9038251638412476,0.4248640537261963,0.12533913552761078,150000,15000,165.15169200283708,120.77784538269043,205.9462890625
1939,19.063823223114014,0.9014529585838318,0.4247753620147705,0.11498601734638214,150000,15000,165.4844859986042,117.99073219299316,205.9462890625
1940,19.11895990371704,0.9014256000518799,0.41869375109672546,0.11599163711071014,150000,15000,149.40327899967087,111.54961585998535,205.9462890625
1941,19.20345187187195,0.9033991098403931,0.41127291321754456,0.1008417159318924,150000,15000,149.31940100359498,111.36126518249512,205.9462890625
1942,19.465569257736206,0.9086686372756958,0.4051123261451721,0.10431007295846939,150000,15000,146.374415999162,109.30871963500977,205.9462890625
1943,19.466111660003662,0.9090351462364197,0.3984045684337616,0.11533670872449875,150000,15000,148.11623700006749,110.8705997467041,205.9462890625
1944,19.55282211303711,0.909138560295105,0.3914746046066284,0.1190723404288292,150000,15000,153.50992300227517,109.96317863464355,205.9462890625
1945,19.606677293777466,0.9112519025802612,0.3908127546310425,0.11595837771892548,150000,15000,146.7741569977079,111.26208305358887,205.9462890625
1946,19.663339853286743,0.9117845892906189,0.39019182324409485,0.10209101438522339,150000,15000,151.74567000212846,111.03415489196777,205.9462890625
1947,19.559152126312256,0.9111749529838562,0.3927909731864929,0.10136614739894867,150000,15000,148.42733899786253,111.54913902282715,205.9462890625
1948,19.599615335464478,0.9117139577865601,0.3950997292995453,0.10012171417474747,150000,15000,154.9902970000403,113.23881149291992,205.9462890625
1949,19.637469053268433,0.913756787776947,0.3881860375404358,0.09719143807888031,150000,15000,151.34210099859047,109.7869873046875,205.9462890625
1950,19.591323137283325,0.9128555655479431,0.3946312963962555,0.11731435358524323,150000,15000,148.9164710001205,110.74995994567871,205.9462890625
1951,19.598286151885986,0.9136087894439697,0.3974764943122864,0.11767397820949554,150000,15000,150.1557439987664,110.09597778320312,205.9462890625
1952,19.664663076400757,0.9144353270530701,0.38689056038856506,0.10086094588041306,150000,15000,149.49626899760915,111.6790771484375,205.9462890625
1953,19.760791063308716,0.915687084197998,0.38529905676841736,0.09676971286535263,150000,15000,147.85462800136884,109.94911193847656,205.9462890625
1954,19.67520236968994,0.9149869680404663,0.37928253412246704,0.09676871448755264,150000,15000,150.53033599906485,109.28845405578613,205.9462890625
1955,19.41133141517639,0.9059399366378784,0.3899801969528198,0.11482637375593185,150000,15000,149.40376400045352,109.21955108642578,205.9462890625
1956,19.55366849899292,0.9098350405693054,0.3959653675556183,0.12350832670927048,150000,15000,145.85091100161662,111.15217208862305,205.9462890625
1957,19.59221601486206,0.910275399684906,0.3860347867012024,0.1203036680817604,150000,15000,150.38741199896322,112.07270622253418,205.9462890625
1958,19.620625972747803,0.9094333648681641,0.38635045289993286,0.11298317462205887,150000,15000,147.55488900118507,111.06276512145996,205.9462890625
1959,19.498051404953003,0.9072797298431396,0.3932425379753113,0.10931508243083954,150000,15000,147.68545200058725,111.00053787231445,205.9462890625
1960,19.27018642425537,0.9025763273239136,0.40877199172973633,0.10847776383161545,150000,15000,149.6169550009654,110.15868186950684,205.9462890625
1961,19.496630430221558,0.9046602249145508,0.4029597342014313,0.11124641448259354,150000,15000,150.44760200180463,110.29219627380371,205.9462890625
1962,19.422669410705566,0.900415301322937,0.41060975193977356,0.12220834195613861,150000,15000,146.9571880006697,110.86249351501465,205.9462890625
1963,19.599571228027344,0.9052512049674988,0.4074261486530304,0.12544186413288116,150000,15000,157.45248799794354,112.57719993591309,205.9462890625
1964,19.632569551467896,0.9087408781051636,0.41181156039237976,0.11078401654958725,150000,15000,155.88529799788375,113.44432830810547,205.9462890625
1965,19.68845009803772,0.9078041315078735,0.41282588243484497,0.12579089403152466,150000,15000,155.83987399804755,115.23962020874023,205.9462890625
1966,19.642000198364258,0.9079172611236572,0.4171527922153473,0.12307658791542053,150000,15000,149.98864500012132,110.39972305297852,205.9462890625
1967,19.741963148117065,0.910232424736023,0.41676685214042664,0.11906199902296066,150000,15000,151.0340360000555,110.96310615539551,205.9462890625
1968,19.823668003082275,0.9128115177154541,0.4047437608242035,0.10273382067680359,150000,15000,148.96623000095133,109.79676246643066,205.9462890625
1969,19.889637231826782,0.9132935404777527,0.3937639594078064,0.10271145403385162,150000,15000,358.1809669994982,110.70942878723145,205.9462890625
1970,18.33922505378723,0.9007615447044373,0.39943334460258484,0.11541283130645752,150000,15000,149.82420199885382,110.61763763427734,205.9462890625
1971,19.759509563446045,0.9141704440116882,0.4001092314720154,0.09258957207202911,150000,15000,146.10018600069452,111.22894287109375,205.9462890625
1972,19.696422815322876,0.9143196940422058,0.39856287837028503,0.09168323874473572,150000,15000,150.55463899989263,111.56392097473145,205.9462890625
1973,19.5411217212677,0.9130381345748901,0.40337926149368286,0.09745055437088013,150000,15000,152.80591000191635,109.60984230041504,205.9462890625
1974,19.6261990070343,0.9142189025878906,0.40202954411506653,0.09970725327730179,150000,15000,145.5887759984762,109.97748374938965,205.9462890625
1975,19.755842685699463,0.9165647029876709,0.3932631015777588,0.10858742892742157,150000,15000,148.43507399928058,111.45925521850586,205.9462890625
1976,19.739123582839966,0.9162716865539551,0.39666664600372314,0.100802481174469,150000,15000,147.7874910015089,110.99600791931152,205.9462890625
1977,19.72813606262207,0.9157779216766357,0.3939867615699768,0.09736192971467972,150000,15000,146.82462299970211,110.88705062866211,205.9462890625
1978,19.72321391105652,0.916500985622406,0.3906559944152832,0.09704509377479553,150000,15000,150.4923479988065,111.53459548950195,205.9462890625
1979,19.61235761642456,0.9145058989524841,0.39482420682907104,0.10717935115098953,150000,15000,154.75865299958969,111.88554763793945,205.9462890625
1980,19.70077157020569,0.9136532545089722,0.40227726101875305,0.10839944332838058,150000,15000,160.94158299893024,113.98625373840332,205.9462890625
1981,19.764102697372437,0.9145209789276123,0.4021504521369934,0.10263334214687347,150000,15000,155.70684600243112,113.81864547729492,205.9462890625
1982,19.74299430847168,0.9160670638084412,0.40506574511528015,0.10764078050851822,150000,15000,150.76631999909296,114.25042152404785,205.9462890625
1983,19.698203802108765,0.9159459471702576,0.40898609161376953,0.10165062546730042,150000,15000,155.61295800216612,112.09464073181152,205.9462890625
1984,19.560803174972534,0.9130586385726929,0.4165721833705902,0.11716097593307495,150000,15000,146.0297689991421,110.72802543640137,205.9462890625
1985,19.59427237510681,0.9138563871383667,0.41826170682907104,0.10205060988664627,150000,15000,156.44850399985444,116.41907691955566,205.9462890625
1986,19.467661380767822,0.9118017554283142,0.4252527952194214,0.10377796739339828,150000,15000,160.7116480008699,113.04521560668945,205.9462890625
1987,19.35735583305359,0.9100075960159302,0.4346010386943817,0.13779368996620178,150000,15000,150.54760299972259,111.75012588500977,205.9462890625
1988,19.55103635787964,0.9157206416130066,0.4317128360271454,0.1047542616724968,150000,15000,147.81723399937619,111.53054237365723,205.9462890625
1989,19.53953742980957,0.914497971534729,0.4267095923423767,0.11613249033689499,150000,15000,156.03984100016532,111.4046573638916,205.9462890625
1990,19.666608572006226,0.9164885878562927,0.42660415172576904,0.11521480977535248,150000,15000,145.52588100195862,107.03849792480469,205.9462890625
1991,19.60205078125,0.9168003797531128,0.4184137284755707,0.10254538804292679,150000,15000,150.6903430017701,113.19899559020996,205.9462890625
1992,19.64552879333496,0.917630672454834,0.42190366983413696,0.10421536862850189,150000,15000,150.6941099978576,112.35618591308594,205.9462890625
1993,19.701435565948486,0.9178844690322876,0.42291954159736633,0.11346646398305893,150000,15000,147.217695001018,109.0402603149414,205.9462890625
1994,19.705092906951904,0.918524980545044,0.4179222583770752,0.10191991180181503,150000,15000,145.48455999829457,109.36999320983887,205.9462890625
1995,19.693681001663208,0.9185165762901306,0.4159298539161682,0.10284598916769028,150000,15000,146.68561500002397,110.41784286499023,205.9462890625
1996,19.46128249168396,0.9147733449935913,0.4230969548225403,0.1103392243385315,150000,15000,149.42579900161945,110.58974266052246,205.9462890625
1997,19.702467918395996,0.9195437431335449,0.4213922321796417,0.10704996436834335,150000,15000,150.49672699751682,110.8250617980957,205.9462890625
1998,19.76798415184021,0.9199763536453247,0.41271069645881653,0.09791051596403122,150000,15000,148.00257900060387,109.49015617370605,205.9462890625
1999,19.554182291030884,0.9116977453231812,0.42715105414390564,0.09751051664352417,150000,15000,148.1938960023399,110.87799072265625,205.9462890625
2000,19.533216953277588,0.9118268489837646,0.4224969744682312,0.09388654679059982,149123,15000,152.28582599957008,110.19110679626465,205.9462890625
2001,19.794596433639526,0.9146143794059753,0.4286132752895355,0.09308940172195435,149891,15000,168.32526299913297,111.7863655090332,205.9462890625
2002,19.831528663635254,0.9177024364471436,0.4295175075531006,0.09544645249843597,149992,15000,155.2646279997134,111.55009269714355,205.9462890625
2003,19.96880054473877,0.9213634729385376,0.4228540360927582,0.1043040081858635,149998,15000,154.54381000017747,111.73295974731445,205.9462890625
2004,20.07136106491089,0.9235813021659851,0.42204374074935913,0.10216192901134491,150000,15000,150.73225499872933,111.6790771484375,205.9462890625
2005,20.07540225982666,0.9235645532608032,0.41815534234046936,0.08755169808864594,150000,15000,152.71371099879616,110.28718948364258,205.9462890625
2006,20.11436700820923,0.9244288206100464,0.41775640845298767,0.09841550886631012,150000,15000,155.94177700040746,111.43612861633301,205.9462890625
2007,20.19023895263672,0.9255511164665222,0.41209694743156433,0.09967765212059021,150000,15000,150.11334700102452,110.94975471496582,205.9462890625
2008,19.969693422317505,0.9187376499176025,0.41780346632003784,0.09797597676515579,150000,15000,149.503767999704,111.78445816040039,205.9462890625
2009,19.802851676940918,0.9180804491043091,0.4064546823501587,0.10438772290945053,150000,15000,147.683600000164,111.02890968322754,205.9462890625
2010,20.111558437347412,0.9215382933616638,0.40951961278915405,0.10536514222621918,150000,15000,151.76789899851428,111.85050010681152,205.9462890625
2011,20.135152339935303,0.923065185546875,0.4094313979148865,0.09433451294898987,150000,15000,152.91701499882038,113.32464218139648,205.9462890625
2012,20.193350315093994,0.9250149130821228,0.40673965215682983,0.08793529123067856,150000,15000,150.6049500021618,110.52536964416504,205.9462890625
2013,20.199224948883057,0.9235012531280518,0.4094773232936859,0.08950234949588776,150000,15000,156.9131729993387,113.16347122192383,205.9462890625
2014,20.133097171783447,0.9216176271438599,0.41453877091407776,0.09749181568622589,150000,15000,148.431569999957,109.65299606323242,205.9462890625
2015,20.159618854522705,0.9234118461608887,0.41263049840927124,0.11127980053424835,150000,15000,152.20884599693818,109.49206352233887,205.9462890625
2016,20.160584449768066,0.9227093458175659,0.4154168367385864,0.11062678694725037,150000,15000,157.29988499879255,116.32275581359863,205.9462890625
2017,20.19580841064453,0.9231985807418823,0.41530176997184753,0.1095464676618576,150000,15000,163.4611830013455,117.218017578125,205.9462890625
2018,20.094668865203857,0.9201207160949707,0.41864150762557983,0.11201813071966171,150000,15000,161.0688620021392,117.31553077697754,205.9462890625
2019,20.127418041229248,0.921067476272583,0.4222393035888672,0.1023619994521141,150000,15000,162.62269599974388,117.46382713317871,205.9462890625
2020,20.082945823669434,0.9205594062805176,0.4154767394065857,0.10393868386745453,150000,15000,156.55977300048107,114.49360847473145,205.9462890625
2021,20.06195068359375,0.92229163646698,0.4134193956851959,0.0963006243109703,150000,15000,161.23133299697656,115.97394943237305,205.9462890625
2022,20.254647731781006,0.9252052307128906,0.41523146629333496,0.09420689940452576,150000,15000,158.71155700006057,116.48106575012207,205.9462890625
2023,20.04127025604248,0.9221378564834595,0.41178756952285767,0.10264261811971664,150000,15000,150.19446999940556,111.49477958679199,205.9462890625
2024,19.955672025680542,0.922326922416687,0.41501694917678833,0.09450637549161911,150000,15000,147.4523209981271,110.20064353942871,205.9462890625
2025,20.071146488189697,0.9229236841201782,0.417146235704422,0.09564242511987686,150000,15000,148.54842400018242,109.87067222595215,205.9462890625
2026,20.258517265319824,0.9272587299346924,0.41123542189598083,0.0966866984963417,150000,15000,147.33544499904383,109.54785346984863,205.9462890625
2027,19.930570125579834,0.9211673736572266,0.4213100075721741,0.09812818467617035,150000,15000,146.28909499879228,110.88776588439941,205.9462890625
2028,20.073604583740234,0.9245315790176392,0.41635045409202576,0.1026865541934967,150000,15000,146.4298350001627,110.82744598388672,205.9462890625
2029,19.722343683242798,0.9137203097343445,0.4171104431152344,0.08353409916162491,150000,15000,147.80743200026336,110.61525344848633,205.9462890625
2030,19.603692293167114,0.9130265712738037,0.4202191233634949,0.10499276965856552,150000,15000,148.18406099948334,110.79978942871094,205.9462890625
2031,19.81025218963623,0.9160207509994507,0.4188258945941925,0.09542934596538544,150000,15000,148.2370859994262,111.2813949584961,205.9462890625
2032,20.009260177612305,0.9206709861755371,0.4301935136318207,0.09108991175889969,150000,15000,147.66627900098683,110.80646514892578,205.9462890625
2033,20.181522369384766,0.9239552021026611,0.40936216711997986,0.0925866886973381,150000,15000,150.24786600042717,112.84708976745605,205.9462890625
2034,19.162189960479736,0.9054576754570007,0.41356202960014343,0.10935008525848389,150000,15000,148.31011700152885,109.80010032653809,205.9462890625
2035,18.745065927505493,0.89545077085495,0.43571996688842773,0.0968652069568634,150000,15000,146.8268150019867,110.36300659179688,205.9462890625
2036,19.41818356513977,0.9087969064712524,0.43922433257102966,0.10825779289007187,150000,15000,155.19366399894352,111.49191856384277,205.9462890625
2037,19.469094276428223,0.9098105430603027,0.45242804288864136,0.11876537650823593,150000,15000,147.96169399778591,109.69781875610352,205.9462890625
2038,19.72148060798645,0.9136583209037781,0.4569098949432373,0.09980782866477966,150000,15000,150.9969450016797,111.83762550354004,205.9462890625
2039,19.330618381500244,0.9058257937431335,0.47101831436157227,0.09707915782928467,150000,15000,148.51977900252678,109.32803153991699,205.9462890625
2040,19.72675919532776,0.9137291312217712,0.466729998588562,0.11754358559846878,150000,15000,145.33811200089986,110.59689521789551,205.9462890625
2041,19.78020668029785,0.916867196559906,0.4744760990142822,0.09585712105035782,150000,15000,154.5844020001823,114.1655445098877,205.9462890625
2042,19.525701999664307,0.9104046821594238,0.47359415888786316,0.11456980556249619,150000,15000,152.4728039985348,110.17799377441406,205.9462890625
2043,19.780237674713135,0.9168523550033569,0.4753163456916809,0.10498493909835815,150000,15000,150.71490400077892,109.87234115600586,205.9462890625
2044,19.894002676010132,0.9191583395004272,0.4745136797428131,0.10182419419288635,150000,15000,149.4141450020834,112.35713958740234,205.9462890625
2045,19.9051296710968,0.9203209280967712,0.47893887758255005,0.10275030881166458,150000,15000,147.44098799928906,111.28377914428711,205.9462890625
2046,19.91367816925049,0.9207822680473328,0.483396053314209,0.11731305718421936,150000,15000,153.7018029994215,112.1220588684082,205.9462890625
2047,19.936904907226562,0.9207400679588318,0.48814457654953003,0.09672991931438446,150000,15000,149.54504699926474,111.49311065673828,205.9462890625
2048,20.061590671539307,0.9228980541229248,0.4877558946609497,0.10489942133426666,150000,15000,150.22839399898658,112.1528148651123,205.9462890625
2049,19.967103004455566,0.9226032495498657,0.4815976619720459,0.09550654888153076,150000,15000,153.38427599999704,115.53573608398438,205.9462890625
2050,20.118725299835205,0.925815224647522,0.4898911416530609,0.08981417864561081,150000,15000,151.2820460011426,112.36453056335449,205.9462890625
2051,19.94066596031189,0.9230589270591736,0.49647948145866394,0.11041978001594543,150000,15000,149.85517600143794,111.7243766784668,205.9462890625
2052,20.35571813583374,0.9294876456260681,0.4821591377258301,0.08917993307113647,150000,15000,146.2371659981727,110.93974113464355,205.9462890625
2053,20.345561504364014,0.9288594126701355,0.48432454466819763,0.09349978715181351,150000,15000,152.72832399932668,111.6645336151123,205.9462890625
2054,20.323586463928223,0.9305037260055542,0.4743768870830536,0.09884902834892273,150000,15000,153.13195700218785,111.71674728393555,205.9462890625
2055,19.82967972755432,0.9220890402793884,0.4885663092136383,0.09578108042478561,150000,15000,149.93840899842326,111.34076118469238,205.9462890625
2056,19.98236060142517,0.9242612719535828,0.49470674991607666,0.10452906787395477,150000,15000,147.6800899981754,110.90850830078125,205.9462890625
2057,20.211706161499023,0.928903341293335,0.4942406713962555,0.0953386127948761,150000,15000,147.84886500274297,110.69846153259277,205.9462890625
2058,19.977707862854004,0.9254154562950134,0.4955255091190338,0.0891709178686142,150000,15000,146.22392400269746,109.8785400390625,205.9462890625
2059,20.286524295806885,0.9306196570396423,0.49015915393829346,0.10317046195268631,150000,15000,147.4312930004089,109.23480987548828,205.9462890625
2060,20.10680913925171,0.9282304048538208,0.4896019399166107,0.10302180796861649,150000,15000,152.31531799872755,109.75480079650879,205.9462890625
2061,20.084118843078613,0.9280928373336792,0.48538923263549805,0.09161603450775146,150000,15000,154.38450399960857,111.50097846984863,205.9462890625
2062,20.04875659942627,0.9268169403076172,0.4841060936450958,0.09464094787836075,150000,15000,149.06824799982132,110.46004295349121,205.9462890625
2063,20.096914768218994,0.9282193183898926,0.48272621631622314,0.09228858351707458,150000,15000,149.43436999965343,110.98575592041016,205.9462890625
2064,19.82014298439026,0.9235541224479675,0.4912171959877014,0.10152062028646469,150000,15000,147.26245400015614,109.4977855682373,205.9462890625
2065,19.548678398132324,0.9169170260429382,0.5104650259017944,0.1005977913737297,150000,15000,147.6707969995914,109.65681076049805,205.9462890625
2066,19.640430212020874,0.9185128211975098,0.5140122175216675,0.10403035581111908,150000,15000,146.36184700066224,111.23156547546387,205.9462890625
2067,19.534307718276978,0.9168242812156677,0.5152744650840759,0.0992862731218338,150000,15000,147.1302680001827,110.15152931213379,205.9462890625
2068,19.2994225025177,0.9115106463432312,0.5246915817260742,0.10834869742393494,150000,15000,154.41882599770906,111.21010780334473,205.9462890625
2069,19.28230881690979,0.9113986492156982,0.5328315496444702,0.10827481746673584,150000,15000,149.5580800001335,112.06436157226562,205.9462890625
2070,19.334298372268677,0.9124864339828491,0.5324516296386719,0.10967399924993515,150000,15000,150.63067300070543,111.6034984588623,205.9462890625
2071,19.173741340637207,0.9083551168441772,0.5314752459526062,0.10729724168777466,150000,15000,152.26655000151368,108.95514488220215,205.9462890625
2072,18.80250096321106,0.8988644480705261,0.5428913831710815,0.11148278415203094,150000,15000,151.00357799747144,108.8709831237793,205.9462890625
2073,19.124412536621094,0.9071440100669861,0.543419361114502,0.1086195558309555,150000,15000,148.628409999219,108.90007019042969,205.9462890625
2074,19.223620891571045,0.9079561233520508,0.5372992753982544,0.11653125286102295,150000,15000,146.70113799729734,110.30006408691406,205.9462890625
2075,18.77842903137207,0.8982325792312622,0.5371681451797485,0.12400529533624649,150000,15000,146.96961699883104,109.55595970153809,205.9462890625
2076,18.90203833580017,0.8990923762321472,0.5340495109558105,0.1323305070400238,150000,15000,148.14248400216457,108.59847068786621,205.9462890625
2077,18.877336978912354,0.8998030424118042,0.5440708994865417,0.1282096952199936,150000,15000,146.98475200202665,109.85827445983887,205.9462890625
2078,18.98372769355774,0.9035388827323914,0.5457867980003357,0.13177883625030518,150000,15000,152.56190199943376,110.07857322692871,205.9462890625
2079,19.24357533454895,0.9085558652877808,0.5387123823165894,0.12276658415794373,150000,15000,154.56525500121643,112.37335205078125,205.9462890625
2080,19.30580496788025,0.9111428260803223,0.534104585647583,0.12679041922092438,150000,15000,148.808519999875,110.06855964660645,205.9462890625
2081,19.189329147338867,0.9115363955497742,0.5344778895378113,0.12399712204933167,150000,15000,156.60180399936507,111.05966567993164,205.9462890625
2082,19.381043910980225,0.9151067733764648,0.5260801315307617,0.11333183944225311,150000,15000,149.87536999979056,110.19515991210938,205.9462890625
2083,19.420921802520752,0.9148340225219727,0.5263056755065918,0.10931343585252762,150000,15000,150.09736299907672,110.43715476989746,205.9462890625
2084,19.554154872894287,0.9183667898178101,0.5279276967048645,0.11333397775888443,150000,15000,149.730738998187,110.98670959472656,205.9462890625
2085,19.55925226211548,0.9190279245376587,0.5307580828666687,0.11031190305948257,150000,15000,151.2619809982425,109.46822166442871,205.9462890625
2086,19.680023193359375,0.921602725982666,0.5247612595558167,0.1031305119395256,150000,15000,151.96307500082185,110.57686805725098,205.9462890625
2087,18.917428255081177,0.9095689654350281,0.5285816192626953,0.09770282357931137,150000,15000,149.6906130014395,111.60016059875488,205.9462890625
2088,19.298101663589478,0.9161620140075684,0.5286514163017273,0.10608863830566406,150000,15000,149.91680899765925,112.11562156677246,205.9462890625
2089,19.297010898590088,0.9164747595787048,0.5247917175292969,0.10993567109107971,150000,15000,152.11033200102975,112.80107498168945,205.9462890625
2090,19.295581579208374,0.914277195930481,0.520836591720581,0.1146613135933876,150000,15000,150.63165799801936,111.94372177124023,205.9462890625
2091,19.387882947921753,0.9171921014785767,0.5256627798080444,0.10173291712999344,150000,15000,149.39486600269447,111.3581657409668,205.9462890625
2092,19.425880908966064,0.9188008308410645,0.525600254535675,0.09151501208543777,150000,15000,149.11634999953094,110.85033416748047,205.9462890625
2093,19.470999240875244,0.9185799956321716,0.5274357199668884,0.10208895057439804,150000,15000,148.2792930000869,111.45353317260742,205.9462890625
2094,19.496852159500122,0.9196195006370544,0.5242279767990112,0.09701144695281982,150000,15000,148.9103329986392,110.78405380249023,205.9462890625
2095,19.544557332992554,0.9207796454429626,0.5275886058807373,0.09612772613763809,150000,15000,156.41876299923752,111.89413070678711,205.9462890625
2096,19.507049322128296,0.9204305410385132,0.5253766179084778,0.107054702937603,150000,15000,147.028945000784,110.8245849609375,205.9462890625
2097,19.637750387191772,0.9229382276535034,0.5222545266151428,0.09448078274726868,150000,15000,149.84059899870772,112.06746101379395,205.9462890625
2098,19.628067016601562,0.9235238432884216,0.5138871073722839,0.08613481372594833,150000,15000,153.94791300059296,112.19239234924316,205.9462890625
2099,19.57256317138672,0.9226991534233093,0.5160444378852844,0.09360270202159882,150000,15000,160.6797420026851,116.15777015686035,205.9462890625
2100,19.509035348892212,0.9207465052604675,0.5068468451499939,0.10222826153039932,148632,15000,154.5645219994185,113.84224891662598,205.9462890625
2101,20.489020347595215,0.9339985847473145,0.47969070076942444,0.09190494567155838,149956,15000,161.19333199821995,109.94791984558105,205.9462890625
2102,20.602071285247803,0.9368000030517578,0.4760860502719879,0.10163214802742004,149997,15000,150.09782800188987,111.72366142272949,205.9462890625
2103,20.85911989212036,0.9402656555175781,0.45545703172683716,0.08986745029687881,149999,15000,150.19320899955346,109.68470573425293,205.9462890625
2104,20.726032257080078,0.938659131526947,0.4532574415206909,0.09271153062582016,149999,15000,152.65145699959248,110.49985885620117,205.9462890625
2105,20.56300640106201,0.9369840621948242,0.4548287093639374,0.08446475118398666,150000,15000,151.94950999648427,110.41808128356934,205.9462890625
2106,20.561165809631348,0.9372021555900574,0.44935381412506104,0.08249994367361069,150000,15000,150.95764999932726,110.66508293151855,205.9462890625
2107,20.445330142974854,0.9347037672996521,0.4509240984916687,0.09672263264656067,150000,15000,149.5707489993947,111.42873764038086,205.9462890625
2108,20.782663822174072,0.939333438873291,0.43706727027893066,0.09308885037899017,150000,15000,148.07500000097207,110.42022705078125,205.9462890625
2109,20.691509246826172,0.9386743307113647,0.4396045506000519,0.08460133522748947,150000,15000,149.27764700041735,111.10734939575195,205.9462890625
2110,20.69882869720459,0.938073992729187,0.43879860639572144,0.09160854667425156,150000,15000,150.59990900044795,111.54007911682129,205.9462890625
2111,20.447893142700195,0.9352189898490906,0.4494680166244507,0.09022918343544006,150000,15000,147.623739001574,110.58402061462402,205.9462890625
2112,20.518269538879395,0.9369138479232788,0.45210757851600647,0.08030358701944351,150000,15000,149.10475600117934,111.86027526855469,205.9462890625
2113,20.593972206115723,0.938175618648529,0.4429163336753845,0.0832982137799263,150000,15000,148.28792499974952,110.1980209350586,205.9462890625
2114,20.75528860092163,0.940298318862915,0.4493529796600342,0.07594608515501022,150000,15000,148.62150099725113,110.16011238098145,205.9462890625
2115,20.7425856590271,0.9398751258850098,0.4477286636829376,0.08031459152698517,150000,15000,157.42196599967428,112.77580261230469,205.9462890625
2116,20.7004714012146,0.9393743872642517,0.4474937915802002,0.0723823755979538,150000,15000,147.45129299990367,111.49120330810547,205.9462890625
2117,20.921995639801025,0.9427019953727722,0.4384966790676117,0.06828838586807251,150000,15000,151.5066769970872,114.41612243652344,205.9462890625
2118,20.547921657562256,0.9372377395629883,0.4527730345726013,0.07251816987991333,150000,15000,146.43685500050196,109.53760147094727,205.9462890625
2119,20.897281169891357,0.9418900012969971,0.44496670365333557,0.06574128568172455,150000,15000,148.19623400035198,111.67597770690918,205.9462890625
2120,20.791594982147217,0.9413477778434753,0.4389300048351288,0.06504277884960175,150000,15000,147.25035299852607,111.72032356262207,205.9462890625
2121,21.030442714691162,0.9439141154289246,0.43633168935775757,0.06767534464597702,150000,15000,150.89944999999716,111.68646812438965,205.9462890625
2122,19.786072969436646,0.9260970950126648,0.4545627236366272,0.07477523386478424,150000,15000,151.63145800033817,112.73908615112305,205.9462890625
2123,19.635708332061768,0.9228663444519043,0.459460973739624,0.07038730382919312,150000,15000,149.0923160017701,111.66262626647949,205.9462890625
2124,19.358606338500977,0.9180012941360474,0.4696732461452484,0.07469844073057175,150000,15000,156.44143499957863,111.79995536804199,205.9462890625
2125,19.332149028778076,0.9179242849349976,0.49244943261146545,0.07018525898456573,150000,15000,151.63680399928126,111.31048202514648,205.9462890625
2126,20.214192867279053,0.9306674003601074,0.486825168132782,0.06755711138248444,150000,15000,158.6076059975312,114.3789291381836,205.9462890625
2127,20.484843254089355,0.9364198446273804,0.47283461689949036,0.06580335646867752,150000,15000,189.27017299938598,114.6080493927002,205.9462890625
2128,20.47950029373169,0.9360584616661072,0.4747328460216522,0.06471654772758484,150000,15000,150.8769529973506,112.08319664001465,205.9462890625
2129,20.673587322235107,0.9385260343551636,0.4677046537399292,0.06553341448307037,150000,15000,143.28610300071887,106.73141479492188,205.9462890625
2130,20.719234943389893,0.9386758208274841,0.46074146032333374,0.06556283682584763,150000,15000,141.34314200055087,105.03530502319336,205.9462890625
2131,20.85752010345459,0.9408261179924011,0.4622379541397095,0.062290582805871964,150000,15000,148.12057699964498,112.11776733398438,205.9462890625
2132,20.91622829437256,0.9422067403793335,0.4641439914703369,0.06551776081323624,150000,15000,152.0216460012307,109.98153686523438,205.9462890625
2133,20.98886251449585,0.9430004358291626,0.4654771387577057,0.07571157068014145,150000,15000,152.54377499877592,110.88681221008301,205.9462890625
2134,21.017179489135742,0.9438670873641968,0.4642256498336792,0.06556414812803268,150000,15000,150.1325839999481,110.04376411437988,205.9462890625
2135,21.35028839111328,0.947441577911377,0.4582238793373108,0.06725189834833145,150000,15000,150.95322799970745,111.36579513549805,205.9462890625
2136,20.997180938720703,0.9431313276290894,0.4541073143482208,0.06066623702645302,150000,15000,146.77946300071198,110.32366752624512,205.9462890625
2137,20.14228343963623,0.9316851496696472,0.4588000774383545,0.07025148719549179,150000,15000,152.54565099894535,111.88602447509766,205.9462890625
2138,21.13358974456787,0.9435111880302429,0.44919249415397644,0.06042497605085373,150000,15000,149.3521519987553,110.56232452392578,205.9462890625
2139,21.361100673675537,0.9475066661834717,0.4504913091659546,0.057766273617744446,150000,15000,148.31620100085274,111.74893379211426,205.9462890625
2140,21.49411678314209,0.9489123821258545,0.446280300617218,0.05579646676778793,150000,15000,155.11916800096515,115.28468132019043,205.9462890625
2141,20.973670482635498,0.9417579174041748,0.4332987368106842,0.0571843683719635,150000,15000,149.38609000091674,112.19668388366699,205.9462890625
2142,20.945069789886475,0.9418244361877441,0.43005841970443726,0.053335659205913544,150000,15000,152.00411900150357,111.48715019226074,205.9462890625
2143,21.428136825561523,0.9475356340408325,0.42920371890068054,0.049354784190654755,150000,15000,165.81501799737453,117.35868453979492,205.9462890625
2144,21.755335330963135,0.9513125419616699,0.4218539297580719,0.05492556095123291,150000,15000,158.40611800012994,113.14249038696289,205.9462890625
2145,21.61583423614502,0.9492077827453613,0.430683970451355,0.05634156987071037,150000,15000,159.49882000131765,119.88234519958496,205.9462890625
2146,21.584787368774414,0.9498050212860107,0.4310365319252014,0.049474600702524185,150000,15000,158.92778800116503,114.63618278503418,205.9462890625
2147,22.025930881500244,0.954112708568573,0.4137997031211853,0.04853521287441254,150000,15000,150.0291800002742,110.95118522644043,205.9462890625
2148,21.81373357772827,0.9522855281829834,0.4230550527572632,0.054148029536008835,150000,15000,151.14024899958167,112.20550537109375,205.9462890625
2149,21.642460823059082,0.9510345458984375,0.4253289997577667,0.04854968562722206,150000,15000,149.6279320017493,112.50591278076172,205.9462890625
2150,21.69069528579712,0.9509744644165039,0.4309266209602356,0.046872057020664215,150000,15000,152.3822309973184,112.61224746704102,205.9462890625
2151,21.344544887542725,0.9469728469848633,0.4385828375816345,0.04724472016096115,150000,15000,148.8534529999015,111.21439933776855,205.9462890625
2152,21.5183162689209,0.9494372606277466,0.43799230456352234,0.04417116194963455,150000,15000,148.20914499796345,113.18516731262207,205.9462890625
2153,21.779186725616455,0.952017068862915,0.43135663866996765,0.044479262083768845,150000,15000,150.71986099792412,112.78915405273438,205.9462890625
2154,21.873860359191895,0.9531194567680359,0.4303402900695801,0.04289237782359123,150000,15000,146.87785200294456,110.23259162902832,205.9462890625
2155,21.443259716033936,0.94849693775177,0.4288305640220642,0.05101092532277107,150000,15000,153.15244200246525,110.84961891174316,205.9462890625
2156,21.71783685684204,0.9513506889343262,0.42796096205711365,0.0441625751554966,150000,15000,148.0567440012237,110.50200462341309,205.9462890625
2157,21.888692378997803,0.9534493684768677,0.4244057834148407,0.0432707704603672,150000,15000,147.3414190004405,111.61184310913086,205.9462890625
2158,21.933863162994385,0.9538077116012573,0.4226882755756378,0.040435392409563065,150000,15000,154.53723600148805,112.38598823547363,205.9462890625
2159,21.795527935028076,0.952080249786377,0.42111557722091675,0.04596295207738876,150000,15000,152.071825999883,114.93039131164551,205.9462890625
2160,21.496140956878662,0.9496241807937622,0.41952455043792725,0.04950752854347229,150000,15000,152.00800300226547,113.14582824707031,205.9462890625
2161,21.598529815673828,0.9499425888061523,0.42302507162094116,0.04810306057333946,150000,15000,153.87407100206474,111.97710037231445,205.9462890625
2162,21.86850070953369,0.9520384669303894,0.41246092319488525,0.04417906329035759,150000,15000,152.70569000131218,110.98504066467285,205.9462890625
2163,21.469478607177734,0.9478541612625122,0.4240831136703491,0.04611707106232643,150000,15000,155.7766559999436,111.96303367614746,205.9462890625
2164,21.438112258911133,0.9462215900421143,0.4259241819381714,0.05572805181145668,150000,15000,155.4169860028196,112.10894584655762,205.9462890625
2165,20.884311199188232,0.938943088054657,0.4300767183303833,0.059681639075279236,150000,15000,154.02948499831837,111.80710792541504,205.9462890625
2166,20.66789150238037,0.9360274076461792,0.44560784101486206,0.05566108599305153,150000,15000,151.10279999862541,113.77811431884766,205.9462890625
2167,21.120991706848145,0.9413594603538513,0.4429747462272644,0.053789231926202774,150000,15000,156.28891500091413,113.9230728149414,205.9462890625
2168,20.883164405822754,0.9382669925689697,0.44740185141563416,0.05617586895823479,150000,15000,157.3235920004663,116.8832778930664,205.9462890625
2169,20.556740760803223,0.9343976974487305,0.46090251207351685,0.054321758449077606,150000,15000,152.84064799925545,112.55788803100586,205.9462890625
2170,20.99597454071045,0.940307080745697,0.4731856882572174,0.06462802737951279,150000,15000,147.05101299841772,109.90452766418457,205.9462890625
2171,20.965936183929443,0.9395419359207153,0.47221633791923523,0.0590633787214756,150000,15000,151.75679800086073,110.56017875671387,205.9462890625
2172,20.67424774169922,0.935738742351532,0.4837883710861206,0.061690278351306915,150000,15000,154.46547999817994,110.25595664978027,205.9462890625
2173,21.061153411865234,0.9411352872848511,0.4832387864589691,0.05976026505231857,150000,15000,148.1442469994363,109.82322692871094,205.9462890625
2174,21.240968704223633,0.9422463178634644,0.4898725152015686,0.0664440467953682,150000,15000,144.28797499931534,108.71243476867676,205.9462890625
2175,21.174442768096924,0.9412621259689331,0.48839402198791504,0.054612766951322556,150000,15000,148.61293099966133,110.02588272094727,205.9462890625
2176,21.54245138168335,0.945889949798584,0.48357897996902466,0.04643995314836502,150000,15000,144.6471749986813,109.7722053527832,205.9462890625
2177,21.465513706207275,0.9444047808647156,0.4761402904987335,0.05043898522853851,150000,15000,145.73456500147586,108.74533653259277,205.9462890625
2178,21.678762435913086,0.9481287002563477,0.47557002305984497,0.05149291083216667,150000,15000,151.77210600086255,115.20767211914062,205.9462890625
2179,21.91770076751709,0.9507219195365906,0.4678715467453003,0.05170845612883568,150000,15000,149.50288900217856,111.22488975524902,205.9462890625
2180,21.917290687561035,0.9512500166893005,0.4682391881942749,0.05502135679125786,150000,15000,145.2286899984756,108.86430740356445,205.9462890625
2181,22.082479000091553,0.9524327516555786,0.4611683487892151,0.05385361239314079,150000,15000,144.5830750017194,109.09724235534668,205.9462890625
2182,22.052831649780273,0.9525334239006042,0.4628547132015228,0.06418412923812866,150000,15000,143.99152400073945,108.63566398620605,205.9462890625
2183,22.142035961151123,0.9526397585868835,0.45638447999954224,0.04825614020228386,150000,15000,144.58483199996408,107.84578323364258,205.9462890625
2184,22.243168354034424,0.9535236358642578,0.4547312557697296,0.05170745402574539,150000,15000,143.512307000492,109.40289497375488,205.9462890625
2185,22.274789810180664,0.9540194869041443,0.4548262059688568,0.045658815652132034,150000,15000,145.887931001198,110.64481735229492,205.9462890625
2186,22.315876483917236,0.9542841911315918,0.4490227699279785,0.05161840468645096,150000,15000,143.94394700138946,107.89918899536133,205.9462890625
2187,22.315151691436768,0.9542385935783386,0.45027050375938416,0.048499271273612976,150000,15000,158.36603400020977,119.75216865539551,205.9462890625
2188,22.1700119972229,0.9525552988052368,0.4568957984447479,0.052935726940631866,150000,15000,148.3311070005584,110.51249504089355,205.9462890625
2189,22.270352840423584,0.9539393186569214,0.45852595567703247,0.047610461711883545,150000,15000,148.02908899946488,110.3823184967041,205.9462890625
2190,22.17582941055298,0.9534565806388855,0.4566207230091095,0.049199409782886505,150000,15000,156.15562400125782,109.72476005554199,205.9462890625
2191,22.263286113739014,0.9536496996879578,0.4453819692134857,0.04569784179329872,150000,15000,146.34346900129458,109.33947563171387,205.9462890625
2192,22.306814193725586,0.9545473456382751,0.4475961923599243,0.04986073449254036,150000,15000,147.87860400247155,109.79223251342773,205.9462890625
2193,22.365610599517822,0.9550468921661377,0.4450576901435852,0.04982547089457512,150000,15000,145.61332000084803,108.44278335571289,205.9462890625
2194,22.447450160980225,0.9563776850700378,0.4384433627128601,0.041564881801605225,150000,15000,141.24570800049696,107.1176528930664,205.9462890625
2195,22.59244680404663,0.9576317667961121,0.4260326325893402,0.04065994173288345,150000,15000,152.990698999929,114.72153663635254,205.9462890625
2196,22.306418418884277,0.955957293510437,0.42894041538238525,0.047776903957128525,150000,15000,149.00797399968724,109.85112190246582,205.9462890625
2197,22.132833003997803,0.9534725546836853,0.42851024866104126,0.048886436969041824,150000,15000,147.05232800042722,111.69838905334473,205.9462890625
2198,21.95176601409912,0.949455738067627,0.43990400433540344,0.03963601216673851,150000,15000,148.4683540002152,109.95078086853027,205.9462890625
2199,22.20482587814331,0.9531667232513428,0.44216418266296387,0.043902378529310226,150000,15000,156.12479199990048,118.03507804870605,205.9462890625
2200,22.17505693435669,0.9537965655326843,0.4459245204925537,0.04735201969742775,143533,15000,148.82589300032123,105.76391220092773,205.9462890625
2201,21.72603130340576,0.9469653964042664,0.42566007375717163,0.05236530303955078,144681,15000,165.091441002005,111.62328720092773,205.9462890625
2202,22.473924160003662,0.9554259181022644,0.414863258600235,0.046984050422906876,145868,15000,156.60968299926026,109.2529296875,205.9462890625
2203,22.474424839019775,0.9565948247909546,0.4067718982696533,0.04289746284484863,147042,15000,157.6687150009093,109.76195335388184,205.9462890625
2204,22.345521450042725,0.9556726217269897,0.40759551525115967,0.04467551037669182,148277,15000,156.70104600212653,110.0163459777832,205.9462890625
2205,22.27203607559204,0.9554635286331177,0.41191330552101135,0.042982395738363266,149553,15000,161.29820400237804,112.65945434570312,205.9462890625
2206,22.152986526489258,0.954699695110321,0.4190431833267212,0.04440930113196373,149932,15000,154.6534139997675,111.92107200622559,205.9462890625
2207,22.11616039276123,0.9544817805290222,0.41554975509643555,0.04434530809521675,149988,15000,157.62986099798582,114.55726623535156,205.9462890625
2208,21.993086338043213,0.9535364508628845,0.4176163077354431,0.04138752445578575,149998,15000,155.62207000039052,114.8383617401123,205.9462890625
2209,22.064850330352783,0.9546254873275757,0.4176798462867737,0.03747257962822914,150000,15000,160.57607599941548,119.06862258911133,205.9462890625
2210,22.316102981567383,0.9572614431381226,0.41231945157051086,0.037501972168684006,150000,15000,152.2996499988949,115.44132232666016,205.9462890625
2211,22.303194999694824,0.957221508026123,0.40733999013900757,0.03745068982243538,150000,15000,151.31175399801577,113.8308048248291,205.9462890625
2212,22.32487201690674,0.9573189616203308,0.41232186555862427,0.035634737461805344,150000,15000,152.09609200246632,114.26496505737305,205.9462890625
2213,22.490978240966797,0.9588095545768738,0.41592609882354736,0.034838128834962845,150000,15000,149.56540200000745,112.58578300476074,205.9462890625
2214,22.39992380142212,0.9580817222595215,0.4146292805671692,0.03532082214951515,150000,15000,149.89210500061745,113.12699317932129,205.9462890625
2215,22.632954120635986,0.9598368406295776,0.41253238916397095,0.03452911227941513,150000,15000,153.58628799731378,112.10346221923828,205.9462890625
2216,22.80707597732544,0.9618847370147705,0.40884676575660706,0.03338775411248207,150000,15000,157.15397099847905,114.54319953918457,205.9462890625
2217,22.962872982025146,0.964225709438324,0.38806605339050293,0.02985726296901703,150000,15000,150.5688219986041,113.91496658325195,205.9462890625
2218,23.163480758666992,0.9652337431907654,0.37634211778640747,0.028620194643735886,150000,15000,151.72172600068734,111.62424087524414,205.9462890625
2219,23.234481811523438,0.9654953479766846,0.3886823356151581,0.028081277385354042,150000,15000,146.9605650017911,110.26430130004883,205.9462890625
2220,23.092827796936035,0.9643394947052002,0.3863769769668579,0.02935829572379589,150000,15000,148.80497800186276,111.3729476928711,205.9462890625
2221,22.744717597961426,0.9624193906784058,0.3891257047653198,0.03190017119050026,150000,15000,149.37019699937082,112.2133731842041,205.9462890625
2222,21.801249980926514,0.9537105560302734,0.39872997999191284,0.03230756148695946,150000,15000,153.20509100274649,111.36293411254883,205.9462890625
2223,22.122583389282227,0.9557709097862244,0.4116901755332947,0.03422284126281738,150000,15000,148.7335149977298,113.14034461975098,205.9462890625
2224,22.28480815887451,0.9576945304870605,0.4024518132209778,0.03690016269683838,150000,15000,150.51258300081827,110.42499542236328,205.9462890625
2225,21.75687313079834,0.9522255659103394,0.4107312560081482,0.03617816045880318,150000,15000,148.68755900170072,112.01238632202148,205.9462890625
2226,21.580827236175537,0.9492809772491455,0.4158833920955658,0.0384419746696949,150000,15000,144.32747300088522,110.5203628540039,205.9462890625
2227,21.916825771331787,0.9529611468315125,0.43043094873428345,0.03868645802140236,150000,15000,150.5825080021168,111.70125007629395,205.9462890625
2228,22.107691764831543,0.9544196128845215,0.41925060749053955,0.03806985169649124,150000,15000,152.83422299762606,111.17243766784668,205.9462890625
2229,21.98559045791626,0.9540951251983643,0.42429131269454956,0.03915973752737045,150000,15000,148.84161800000584,111.27543449401855,205.9462890625
2230,21.74250364303589,0.9522093534469604,0.4203817844390869,0.03803335875272751,150000,15000,145.84893899882445,111.20080947875977,205.9462890625
2231,22.201509475708008,0.9567254781723022,0.411353200674057,0.03650149330496788,150000,15000,147.2939220002445,110.6569766998291,205.9462890625
2232,22.295548915863037,0.957758903503418,0.414926677942276,0.036476168781518936,150000,15000,151.0911129989836,115.01407623291016,205.9462890625
2233,22.268824577331543,0.9577511548995972,0.41229724884033203,0.03993266448378563,150000,15000,155.6687359989155,113.27481269836426,205.9462890625
2234,22.73090124130249,0.9614601135253906,0.4090185761451721,0.03771369904279709,150000,15000,151.700845999585,110.40306091308594,205.9462890625
2235,22.576873302459717,0.9600549936294556,0.41981351375579834,0.03745678439736366,150000,15000,150.09323699996457,108.92534255981445,205.9462890625
2236,22.552766799926758,0.9595187902450562,0.417430579662323,0.03467629477381706,150000,15000,142.70673200007877,109.65752601623535,205.9462890625
2237,22.76857852935791,0.9617905616760254,0.4212646782398224,0.038476333022117615,150000,15000,145.83172600032412,110.39400100708008,205.9462890625
2238,23.01967144012451,0.9633660316467285,0.42634317278862,0.035120200365781784,150000,15000,146.39986399924965,108.92152786254883,205.9462890625
2239,23.064215183258057,0.963850200176239,0.4100196361541748,0.03334242105484009,150000,15000,146.9554329996754,110.44549942016602,205.9462890625
2240,23.155333995819092,0.9647700190544128,0.4103947877883911,0.03460858017206192,150000,15000,148.88848700138624,113.2810115814209,205.9462890625
2241,22.49854564666748,0.9587492346763611,0.414249449968338,0.03551063314080238,150000,15000,150.33528999992996,112.26248741149902,205.9462890625
2242,21.98807954788208,0.9462782740592957,0.40779000520706177,0.03223460912704468,150000,15000,146.1015069980931,110.69416999816895,205.9462890625
2243,22.17050790786743,0.950066089630127,0.4003952443599701,0.03221745416522026,150000,15000,362.0663749970845,110.3975772857666,205.9462890625
2244,21.89688205718994,0.9482011198997498,0.3979651927947998,0.032465510070323944,150000,15000,147.95037800286082,111.72246932983398,205.9462890625
2245,22.891812324523926,0.9627118110656738,0.38584935665130615,0.032513391226530075,150000,15000,146.7508980022103,109.71522331237793,205.9462890625
2246,23.203694820404053,0.9653148055076599,0.40658923983573914,0.03127352148294449,150000,15000,145.53583199813147,111.13238334655762,205.9462890625
2247,23.266000747680664,0.9659274816513062,0.3934098184108734,0.03255607560276985,150000,15000,146.55992500047432,110.6717586517334,205.9462890625
2248,23.167860507965088,0.9649674296379089,0.3837038576602936,0.031806934624910355,150000,15000,149.9656939995475,112.54453659057617,205.9462890625
2249,23.293709754943848,0.966249942779541,0.3770437240600586,0.03210701048374176,150000,15000,148.26320399879478,112.01119422912598,205.9462890625
2250,23.305113315582275,0.9593367576599121,0.37104344367980957,0.031112799420952797,150000,15000,147.47509200242348,111.6783618927002,205.9462890625
2251,22.895822525024414,0.9525914192199707,0.3733246624469757,0.029434818774461746,150000,15000,147.40589999928488,110.26954650878906,205.9462890625
2252,23.47498655319214,0.964128851890564,0.36455807089805603,0.028710557147860527,150000,15000,155.94987900112756,117.03348159790039,205.9462890625
2253,23.164653778076172,0.9649677276611328,0.37785205245018005,0.03188767656683922,150000,15000,155.99316799853113,113.45577239990234,205.9462890625
2254,22.59838104248047,0.962103009223938,0.37150928378105164,0.02886921353638172,150000,15000,151.76701500240597,111.73892021179199,205.9462890625
2255,22.637064456939697,0.9610311985015869,0.3667050302028656,0.03167865797877312,150000,15000,150.01074499741662,113.54589462280273,205.9462890625
2256,23.3229923248291,0.9672039747238159,0.37219637632369995,0.029265733435750008,150000,15000,146.0064870007045,110.79001426696777,205.9462890625
2257,23.54618549346924,0.968500018119812,0.37634652853012085,0.02855784259736538,150000,15000,152.30976499879034,115.6613826751709,205.9462890625
2258,23.591151237487793,0.9684644937515259,0.37503352761268616,0.026759034022688866,150000,15000,148.53138200123794,111.79590225219727,205.9462890625
2259,23.522889614105225,0.9666842222213745,0.3755173683166504,0.027348309755325317,150000,15000,155.42655700119212,111.44089698791504,205.9462890625
2260,23.633484840393066,0.9671403765678406,0.37207281589508057,0.026272626593708992,150000,15000,152.98690499912482,112.53833770751953,205.9462890625
2261,23.61854076385498,0.957942008972168,0.3763463795185089,0.026165882125496864,150000,15000,149.12529699722654,112.13302612304688,205.9462890625
2262,23.794312477111816,0.9610743522644043,0.3780072033405304,0.025470877066254616,150000,15000,146.90994000193314,110.22377014160156,205.9462890625
2263,23.72035264968872,0.9619992971420288,0.37856730818748474,0.024813134223222733,150000,15000,145.69145399946137,110.49342155456543,205.9462890625
2264,24.157228469848633,0.9662637114524841,0.37060660123825073,0.024786435067653656,150000,15000,146.13761999862618,109.49397087097168,205.9462890625
2265,24.05837059020996,0.9670719504356384,0.3649193048477173,0.023905817419290543,150000,15000,147.23612899979344,110.13197898864746,205.9462890625
2266,24.550600051879883,0.9709087610244751,0.36515432596206665,0.02357528731226921,150000,15000,153.49859699927038,111.26065254211426,205.9462890625
2267,24.577765464782715,0.972345232963562,0.3598339557647705,0.023293033242225647,150000,15000,159.96962400095072,117.18297004699707,205.9462890625
2268,24.792654514312744,0.9740070104598999,0.35258984565734863,0.02243347093462944,150000,15000,150.09310399909737,110.94331741333008,205.9462890625
2269,24.689209461212158,0.9740967750549316,0.3425748944282532,0.02159089408814907,150000,15000,157.99248300027102,114.1819953918457,205.9462890625
2270,24.69529390335083,0.9739819765090942,0.3453449308872223,0.02076239325106144,150000,15000,155.89111400186084,115.12565612792969,205.9462890625
2271,24.663074016571045,0.9738869667053223,0.34092551469802856,0.020653078332543373,150000,15000,152.3605910006154,112.47730255126953,205.9462890625
2272,24.570863246917725,0.9738344550132751,0.34747371077537537,0.020075738430023193,150000,15000,166.25101099998574,115.87715148925781,205.9462890625
2273,24.6569561958313,0.9744879603385925,0.3549467623233795,0.02007770910859108,150000,15000,153.97328000108246,114.55821990966797,205.9462890625
2274,24.423234462738037,0.9731764793395996,0.3582836985588074,0.01951257698237896,150000,15000,155.19122300247545,115.3554916381836,205.9462890625
2275,24.318735599517822,0.972561776638031,0.35717371106147766,0.01949581317603588,150000,15000,157.45370500007994,115.55719375610352,205.9462890625
2276,24.511423110961914,0.9738259315490723,0.3554112911224365,0.01906152442097664,150000,15000,158.29679800299346,116.76025390625,205.9462890625
2277,24.68216896057129,0.9747151136398315,0.3475731909275055,0.01906096562743187,150000,15000,156.26324400000158,114.61925506591797,205.9462890625
2278,24.93762493133545,0.9763318300247192,0.3460284471511841,0.018321413546800613,150000,15000,162.7550430021074,118.55077743530273,205.9462890625
2279,24.97736930847168,0.9761573672294617,0.3439527750015259,0.018947783857584,150000,15000,176.01655199905508,119.90213394165039,205.9462890625
2280,25.016367435455322,0.9762675762176514,0.3416402339935303,0.018419083207845688,150000,15000,166.62276300121448,118.255615234375,205.9462890625
2281,24.65266704559326,0.9746456146240234,0.33316031098365784,0.01862451061606407,150000,15000,158.92900500330143,116.47319793701172,205.9462890625
2282,24.433729648590088,0.9731916189193726,0.33865678310394287,0.018223347142338753,150000,15000,167.68048500307486,117.39516258239746,205.9462890625
2283,24.84823703765869,0.975455641746521,0.3282011151313782,0.017763439565896988,150000,15000,164.59444199790596,117.60330200195312,205.9462890625
2284,24.940879344940186,0.9762937426567078,0.3280275762081146,0.01815567910671234,150000,15000,180.97350799871492,128.0057430267334,205.9462890625
2285,25.058443546295166,0.9766139388084412,0.32303911447525024,0.019609656184911728,150000,15000,179.98390399952768,132.19690322875977,205.9462890625
2286,25.255248546600342,0.9774951934814453,0.31767669320106506,0.018355054780840874,150000,15000,168.09626100075548,116.26887321472168,205.9462890625
2287,25.53826332092285,0.9786010980606079,0.3183584213256836,0.017955357208848,150000,15000,172.86943999715731,122.21598625183105,205.9462890625
2288,25.715718269348145,0.9795653223991394,0.3094163239002228,0.017881806939840317,150000,15000,163.2288670007256,117.86103248596191,205.9462890625
2289,25.580308437347412,0.9792868494987488,0.3127228319644928,0.017700403928756714,150000,15000,166.20219299875316,119.76265907287598,205.9462890625
2290,25.573060512542725,0.9793395400047302,0.3091282248497009,0.017512571066617966,150000,15000,168.19328799829236,123.68035316467285,205.9462890625
2291,25.43180227279663,0.9784862399101257,0.3121785521507263,0.017272332683205605,150000,15000,161.27505899930838,116.09363555908203,205.9462890625
2292,25.219709873199463,0.9778976440429688,0.3196418583393097,0.019853578880429268,150000,15000,159.78444199936348,117.19679832458496,205.9462890625
2293,25.47739028930664,0.9785131812095642,0.315559446811676,0.022901011630892754,150000,15000,160.91552700163447,116.54114723205566,205.9462890625
2294,24.738140106201172,0.9757702350616455,0.31703388690948486,0.02314463071525097,150000,15000,155.46673000062583,115.29016494750977,205.9462890625
2295,24.811649322509766,0.9760825037956238,0.30798977613449097,0.024208463728427887,150000,15000,150.66436299821362,112.09583282470703,205.9462890625
2296,25.098073482513428,0.9773874282836914,0.30199354887008667,0.02395685762166977,150000,15000,150.37477300211322,112.69998550415039,205.9462890625
2297,25.19815683364868,0.9776849150657654,0.2994973659515381,0.024589259177446365,150000,15000,145.8690840008785,110.8860969543457,205.9462890625
2298,25.128037929534912,0.9766947627067566,0.30386799573898315,0.024148421362042427,150000,15000,148.78059100010432,110.98146438598633,205.9462890625
2299,25.327556133270264,0.9773923754692078,0.30146047472953796,0.023575149476528168,150000,15000,143.20182899973588,107.49673843383789,205.9462890625
2300,24.96391773223877,0.9755473136901855,0.3065597414970398,0.0228952057659626,116129,15000,162.03778999988572,108.89363288879395,205.9462890625
2301,22.944762706756592,0.9622271060943604,0.3861161470413208,0.08491460233926773,117426,15000,155.74222999930498,110.01729965209961,205.9462890625
2302,23.15359592437744,0.9656521677970886,0.37287020683288574,0.05963806435465813,118442,15000,156.5015760024835,108.78276824951172,205.9462890625
2303,23.004887104034424,0.964667022228241,0.36325156688690186,0.04961691051721573,119730,15000,157.7446140036045,109.94100570678711,205.9462890625
2304,23.24826955795288,0.966705322265625,0.3591502904891968,0.046018462628126144,120945,15000,158.64956699806498,110.56232452392578,205.9462890625
2305,23.178400993347168,0.9669610857963562,0.32902127504348755,0.04062565416097641,122175,15000,161.42567099814187,110.22806167602539,205.9462890625
2306,23.039216995239258,0.9648351073265076,0.3407667875289917,0.03693588450551033,123349,15000,155.00121099830722,110.5661392211914,205.9462890625
2307,23.021235466003418,0.9630769491195679,0.357119619846344,0.0343376025557518,124456,15000,157.82844700152054,110.05806922912598,205.9462890625
2308,22.56920099258423,0.9601815938949585,0.364729642868042,0.03232438862323761,125664,15000,156.6001370010781,111.41824722290039,205.9462890625
2309,22.22446918487549,0.9576021432876587,0.3784482479095459,0.03366493806242943,126924,15000,161.2508149992209,111.0997200012207,205.9462890625
2310,22.271897792816162,0.9580833911895752,0.3803810179233551,0.0337226428091526,128145,15000,162.43327999836765,111.92703247070312,205.9462890625
2311,21.377923488616943,0.950724720954895,0.3990963399410248,0.03433056175708771,129458,15000,169.0970829986327,115.70167541503906,205.9462890625
2312,21.385667324066162,0.9501697421073914,0.4041263461112976,0.03604849427938461,130785,15000,164.72977299781633,112.3349666595459,205.9462890625
2313,21.41775131225586,0.9507008790969849,0.4011445641517639,0.035491738468408585,132114,15000,166.12484800134553,114.08114433288574,205.9462890625
2314,20.13047218322754,0.9350022077560425,0.42851439118385315,0.03813562169671059,133484,15000,168.541778002691,113.4481430053711,205.9462890625
2315,19.335942268371582,0.9310634136199951,0.4311679005622864,0.040618155151605606,134812,15000,166.4802730010706,113.69538307189941,205.9462890625
2316,19.326735734939575,0.9326440691947937,0.4295629560947418,0.0376611053943634,136163,15000,163.82830899965484,113.24763298034668,205.9462890625
2317,18.357900381088257,0.920139491558075,0.4519118666648865,0.040633488446474075,137517,15000,159.70982299768366,111.7849349975586,205.9462890625
2318,17.669965028762817,0.911063551902771,0.4619055986404419,0.04666309431195259,138900,15000,167.21231100018485,113.82508277893066,205.9462890625
2319,17.119230031967163,0.9024237394332886,0.48593342304229736,0.050787921994924545,140241,15000,168.93111200261046,116.95289611816406,205.9462890625
2320,17.437316179275513,0.9052492380142212,0.49562710523605347,0.0534927099943161,141597,15000,172.66384100003052,115.15069007873535,205.9462890625
2321,17.55407452583313,0.9084457159042358,0.5025489330291748,0.05577436089515686,142971,15000,178.48763700021664,119.14849281311035,205.9462890625
2322,17.73286461830139,0.9111520051956177,0.5019626617431641,0.055621661245822906,144331,15000,216.21158600100898,130.8763027191162,205.9462890625
2323,17.62147307395935,0.9094655513763428,0.5006290078163147,0.05562475696206093,145702,15000,176.72461300026043,120.57137489318848,205.9462890625
2324,17.47871160507202,0.9068365097045898,0.5078936815261841,0.05728192627429962,147075,15000,174.60154200307443,117.39802360534668,205.9462890625
2325,17.397087812423706,0.9045747518539429,0.5102745294570923,0.05859487131237984,148467,15000,168.05730900159688,115.82398414611816,205.9462890625
2326,16.898536682128906,0.8943235874176025,0.5056424140930176,0.059582144021987915,149842,15000,176.52612299934844,116.82796478271484,207.5517578125
2327,16.786305904388428,0.8915815353393555,0.4973437786102295,0.06759262084960938,149988,15000,160.54740600156947,116.76573753356934,207.5517578125
2328,16.74074649810791,0.8896746635437012,0.4975978434085846,0.06418552249670029,149999,15000,162.31998900184408,119.29559707641602,207.5517578125
2329,16.53070569038391,0.8846272230148315,0.4911721348762512,0.06370246410369873,150000,15000,157.4470840023423,115.39840698242188,207.5517578125
2330,16.360015869140625,0.8795918822288513,0.5002942085266113,0.07541920244693756,150000,15000,156.17972000109148,114.0754222869873,207.5517578125
2331,16.274466514587402,0.8765909075737,0.509213387966156,0.06783245503902435,150000,15000,148.87238600204,112.44559288024902,207.5517578125
2332,16.285983324050903,0.8765377998352051,0.5063488483428955,0.07763537764549255,150000,15000,154.80087300238665,112.71262168884277,207.5517578125
2333,16.234705448150635,0.8737027049064636,0.512423574924469,0.07399459183216095,150000,15000,154.77837600337807,112.16425895690918,207.5517578125
2334,16.209315061569214,0.8738408088684082,0.5059150457382202,0.07073602080345154,150000,15000,152.2732810008165,114.3789291381836,207.5517578125
2335,16.21586322784424,0.8745595216751099,0.5090858936309814,0.07271572947502136,150000,15000,155.61642999819014,113.16561698913574,207.5517578125
2336,16.482685804367065,0.881127119064331,0.5167635083198547,0.07866649329662323,150000,15000,153.88676300062798,114.65311050415039,207.5517578125
2337,15.76954960823059,0.8597075939178467,0.5173530578613281,0.07281941920518875,150000,15000,152.39223200114793,112.48326301574707,207.5517578125
2338,16.19795560836792,0.8702729940414429,0.5139085054397583,0.0774783343076706,150000,15000,151.56372700221254,114.51506614685059,207.5517578125
2339,16.271198987960815,0.8722061514854431,0.518561065196991,0.0719102993607521,150000,15000,155.21917099977145,112.74456977844238,207.5517578125
2340,16.37433171272278,0.8750190734863281,0.522226870059967,0.07210306078195572,150000,15000,152.96228999795858,115.00692367553711,207.5517578125
2341,16.54992699623108,0.8790578246116638,0.5191760063171387,0.07719321548938751,150000,15000,155.49234400168643,114.70913887023926,207.5517578125
2342,16.536401510238647,0.8788556456565857,0.5184141397476196,0.07253307849168777,150000,15000,152.6324629994633,113.06619644165039,207.5517578125
2343,16.46877408027649,0.8769803047180176,0.5264272689819336,0.07269566506147385,150000,15000,151.6457680008898,113.51895332336426,207.5517578125
2344,16.503689289093018,0.877276599407196,0.5176223516464233,0.07496868073940277,150000,15000,150.38622700012638,112.6565933227539,207.5517578125
2345,16.42012596130371,0.8746709823608398,0.523430347442627,0.07393622398376465,150000,15000,149.68881300228531,111.89675331115723,207.5517578125
2346,16.282343864440918,0.8710224628448486,0.5240885615348816,0.06950375437736511,150000,15000,165.55334700024105,119.64678764343262,207.5517578125
2347,16.067112684249878,0.863909900188446,0.5300313234329224,0.07434611767530441,150000,15000,174.50273299982655,129.38833236694336,207.5517578125
2348,16.247117519378662,0.868586540222168,0.5296962857246399,0.06968880444765091,150000,15000,148.60427100211382,112.44726181030273,207.5517578125
2349,16.26257061958313,0.8692557215690613,0.5344686508178711,0.07374157011508942,150000,15000,154.51219200258492,113.50774765014648,207.5517578125
2350,16.1534321308136,0.8670278787612915,0.5454295873641968,0.06921051442623138,150000,15000,148.53797199975816,112.37907409667969,207.5517578125
2351,16.40330195426941,0.873980700969696,0.536900520324707,0.07271064817905426,150000,15000,158.39442600190523,113.10577392578125,207.5517578125
2352,16.272252798080444,0.8723703622817993,0.5452744364738464,0.07396281510591507,150000,15000,153.00719300284982,115.88454246520996,207.5517578125
2353,16.466165781021118,0.8764092922210693,0.547511100769043,0.0746367871761322,150000,15000,150.06645200264757,112.48517036437988,207.5517578125
2354,16.36762022972107,0.8746989965438843,0.5490176677703857,0.07164780050516129,150000,15000,148.59618799891905,112.28466033935547,207.5517578125
2355,16.07473373413086,0.8674917221069336,0.5391268134117126,0.07776039093732834,150000,15000,147.69305699883262,111.65213584899902,207.5517578125
2356,16.065608263015747,0.8669459819793701,0.5300348401069641,0.0876055657863617,150000,15000,151.11695299856365,112.4725341796875,207.5517578125
2357,16.144598722457886,0.8688961863517761,0.5417532324790955,0.08940935134887695,150000,15000,152.57007099717157,115.85426330566406,207.5517578125
2358,16.137123107910156,0.8681472539901733,0.5515711903572083,0.09198442846536636,150000,15000,149.7463260020595,112.87117004394531,207.5517578125
2359,16.21214270591736,0.8711556792259216,0.5505338907241821,0.08640383929014206,150000,15000,151.5387899999041,112.47372627258301,207.5517578125
2360,16.4211368560791,0.8772398233413696,0.5349278450012207,0.08613390475511551,150000,15000,155.04435999901034,113.05856704711914,207.5517578125
2361,16.262880563735962,0.8741339445114136,0.5216310024261475,0.08712819963693619,150000,15000,154.63897399968118,111.14978790283203,207.5517578125
2362,16.144977807998657,0.8692561984062195,0.5303746461868286,0.10245761275291443,150000,15000,152.67530799974338,111.71507835388184,207.5517578125
2363,16.07251286506653,0.8671274185180664,0.5337903499603271,0.10165531188249588,150000,15000,150.7681680013775,113.4185791015625,207.5517578125
2364,15.761233568191528,0.857311487197876,0.5274315476417542,0.10661804676055908,150000,15000,150.8753460002481,113.02995681762695,207.5517578125
2365,15.652464628219604,0.8537145853042603,0.5366398692131042,0.10993193089962006,150000,15000,151.2276679968636,112.40887641906738,207.5517578125
2366,15.726608037948608,0.8549045920372009,0.5397311449050903,0.11399579048156738,150000,15000,151.43590799925732,113.62695693969727,207.5517578125
2367,15.69649338722229,0.8548822402954102,0.547132134437561,0.11175939440727234,150000,15000,150.2395309980784,113.28291893005371,207.5517578125
2368,15.611655712127686,0.8509572744369507,0.5472500324249268,0.11695998162031174,150000,15000,150.57172999877366,114.31097984313965,207.5517578125
2369,15.666084289550781,0.8525940775871277,0.547941267490387,0.11752144247293472,150000,15000,153.9662920004048,114.76492881774902,207.5517578125
2370,15.52559494972229,0.8480675220489502,0.5497402548789978,0.1150457039475441,150000,15000,150.66170599675388,112.2887134552002,207.5517578125
2371,15.522003173828125,0.8484883308410645,0.5464658141136169,0.12102634459733963,150000,15000,149.0375950015732,112.68234252929688,207.5517578125
2372,15.64125657081604,0.85211181640625,0.5445018410682678,0.12167735397815704,150000,15000,154.39624799910234,112.12754249572754,207.5517578125
2373,15.76214075088501,0.8546251058578491,0.5450506210327148,0.11909954249858856,150000,15000,150.56703200025368,111.76204681396484,207.5517578125
2374,15.641919374465942,0.8516710996627808,0.5482940077781677,0.11940168589353561,150000,15000,158.3897429991339,120.02420425415039,207.5517578125
2375,15.592784881591797,0.8489693403244019,0.553575873374939,0.1204371303319931,150000,15000,149.4559000020672,111.72819137573242,207.5517578125
2376,15.726053714752197,0.8522121906280518,0.559013307094574,0.11634880304336548,150000,15000,151.22304300166434,113.53778839111328,207.5517578125
2377,15.67692756652832,0.8508361577987671,0.5722566246986389,0.11885286867618561,150000,15000,155.50506100044004,113.73019218444824,207.5517578125
2378,15.718506574630737,0.8518987894058228,0.579115629196167,0.11884886026382446,150000,15000,150.2971499976411,112.40291595458984,207.5517578125
2379,15.667154788970947,0.8496538996696472,0.5721980333328247,0.12022606283426285,150000,15000,149.14113600025303,109.57074165344238,207.5517578125
2380,15.675262212753296,0.8503751754760742,0.5731736421585083,0.11794985830783844,150000,15000,154.28606000205036,111.52362823486328,207.5517578125
2381,15.76971173286438,0.8534469604492188,0.5641050338745117,0.11493048071861267,150000,15000,166.50993599978392,110.86058616638184,207.5517578125
2382,15.785361528396606,0.8545765280723572,0.5662947297096252,0.1181473359465599,150000,15000,150.1728949988319,112.44845390319824,207.5517578125
2383,15.803775787353516,0.855987548828125,0.5666776895523071,0.1132919043302536,150000,15000,150.56246500171255,112.28752136230469,207.5517578125
2384,15.817601680755615,0.8560539484024048,0.5642117261886597,0.11658677458763123,150000,15000,150.68495599916787,112.53571510314941,207.5517578125
2385,15.811542272567749,0.8559436202049255,0.562527060508728,0.1080603152513504,150000,15000,153.515318997961,117.1116828918457,207.5517578125
2386,15.861575603485107,0.8572461009025574,0.5682554841041565,0.10863564908504486,150000,15000,146.3481889986724,110.4276180267334,207.5517578125
2387,15.90751051902771,0.8581976890563965,0.5715557932853699,0.10726091265678406,150000,15000,147.45357599895215,110.55111885070801,207.5517578125
2388,15.930193662643433,0.8577384352684021,0.5707530379295349,0.12241824716329575,150000,15000,147.46633500180906,109.0552806854248,207.5517578125
2389,15.912202596664429,0.8592185974121094,0.5652306079864502,0.11624537408351898,150000,15000,147.46415699846693,110.16368865966797,207.5517578125
2390,15.940680503845215,0.8600236177444458,0.554909348487854,0.1186881884932518,150000,15000,152.14750100130914,112.2899055480957,207.5517578125
2391,15.93646764755249,0.859778881072998,0.5407225489616394,0.11595643311738968,150000,15000,154.1590870001528,113.36684226989746,207.5517578125
2392,15.92818021774292,0.8601145148277283,0.5456607937812805,0.12347149103879929,150000,15000,149.87709400156746,112.03265190124512,207.5517578125
2393,16.01536989212036,0.8610466718673706,0.5504619479179382,0.12011820822954178,150000,15000,149.8535989994707,111.90342903137207,207.5517578125
2394,15.97438097000122,0.8604385256767273,0.5526984333992004,0.12337082624435425,150000,15000,149.36613100144314,109.86804962158203,207.5517578125
2395,16.07726812362671,0.8625056743621826,0.5471053719520569,0.12607347965240479,150000,15000,150.28281199920457,112.9004955291748,207.5517578125
2396,16.202000379562378,0.8657626509666443,0.544030487537384,0.12675723433494568,150000,15000,152.01101300044684,112.91909217834473,207.5517578125
2397,16.130809783935547,0.8641075491905212,0.5448010563850403,0.115891233086586,150000,15000,150.4954150004778,112.0748519897461,207.5517578125
2398,16.225568056106567,0.8651635050773621,0.5379872918128967,0.12600292265415192,150000,15000,153.09981600148603,113.9686107635498,207.5517578125
2399,16.197962760925293,0.8659435510635376,0.5364800095558167,0.12466134130954742,150000,15000,151.55886099819327,112.57386207580566,207.5517578125
2400,16.224403381347656,0.8660328388214111,0.541362464427948,0.12621180713176727,144206,15000,155.93362000072375,111.41300201416016,207.5517578125
2401,16.058226823806763,0.8599628806114197,0.5293774008750916,0.1285461187362671,145631,15000,170.22303399789962,110.49342155456543,207.5517578125
2402,15.89340329170227,0.8566789627075195,0.5188124775886536,0.12553976476192474,147050,15000,160.06154400020023,109.16376113891602,207.5517578125
2403,15.80812692642212,0.8557700514793396,0.5208225250244141,0.116422139108181,148475,15000,165.14055500010727,110.81981658935547,207.5517578125
2404,16.217169761657715,0.8585421442985535,0.519538164138794,0.115694560110569,149902,15000,160.6800170011411,110.65936088562012,207.5517578125
2405,16.073007583618164,0.8527117967605591,0.5283157229423523,0.1261434108018875,149995,15000,153.3178739991854,112.8075122833252,207.5517578125
2406,16.06823205947876,0.8526511192321777,0.5195684432983398,0.12339126318693161,150000,15000,151.4869769998768,111.04774475097656,207.5517578125
2407,15.98603367805481,0.8489820957183838,0.5231294631958008,0.12149758636951447,150000,15000,149.90606399805984,111.30928993225098,207.5517578125
2408,15.962949991226196,0.8480712175369263,0.522832453250885,0.11898816376924515,150000,15000,152.97387399914442,112.63394355773926,207.5517578125
2409,15.909253358840942,0.8463802337646484,0.5248247981071472,0.12454177439212799,150000,15000,157.16355600306997,112.84899711608887,207.5517578125
2410,15.867174863815308,0.845587432384491,0.521703839302063,0.12334807962179184,150000,15000,409.951452002133,115.11087417602539,207.5517578125
2411,15.786888599395752,0.8420490026473999,0.5239503979682922,0.12272898107767105,150000,15000,152.46329200090258,111.59253120422363,207.5517578125
2412,15.696544647216797,0.8384808897972107,0.531389594078064,0.1382002979516983,150000,15000,154.86266000152682,112.72525787353516,207.5517578125
2413,15.758639574050903,0.841193675994873,0.5179811716079712,0.1296519935131073,150000,15000,152.98167299988563,111.15908622741699,207.5517578125
2414,15.668449401855469,0.8373555541038513,0.5280981659889221,0.14069993793964386,150000,15000,151.6295479996188,112.69307136535645,207.5517578125
2415,15.703450441360474,0.8398275375366211,0.5303992033004761,0.13772210478782654,150000,15000,156.75764300249284,115.67306518554688,207.5517578125
2416,15.734719038009644,0.8404824733734131,0.5308549404144287,0.13760749995708466,150000,15000,147.57155400002375,110.92829704284668,207.5517578125
2417,15.735249519348145,0.840112566947937,0.5339264869689941,0.13087281584739685,150000,15000,149.39958800096065,111.16242408752441,207.5517578125
2418,15.693552494049072,0.838900089263916,0.529624342918396,0.13680346310138702,150000,15000,151.40830800010008,112.61296272277832,207.5517578125
2419,15.657613277435303,0.839813232421875,0.5283139944076538,0.13472500443458557,150000,15000,154.15688599750865,110.77427864074707,207.5517578125
2420,15.706720352172852,0.8407506346702576,0.5338055491447449,0.1342075616121292,150000,15000,148.84511600030237,110.96715927124023,207.5517578125
2421,15.667989253997803,0.838840663433075,0.530845582485199,0.1362801343202591,150000,15000,153.9743819994328,112.75792121887207,207.5517578125
2422,15.694907903671265,0.841749370098114,0.5234653949737549,0.1362987607717514,150000,15000,159.7175060014706,114.98522758483887,207.5517578125
2423,15.67864179611206,0.8412303328514099,0.5312683582305908,0.13586053252220154,150000,15000,150.9595839997928,112.35618591308594,207.5517578125
2424,15.653337240219116,0.8386983871459961,0.5297554135322571,0.13530512154102325,150000,15000,149.4206759998633,111.75680160522461,207.5517578125
2425,15.653115510940552,0.838861346244812,0.5305711627006531,0.13327401876449585,150000,15000,163.7506779989053,115.78512191772461,207.5517578125
2426,15.650391578674316,0.839234471321106,0.5375829339027405,0.12667560577392578,150000,15000,150.4314230005548,108.09063911437988,207.5517578125
2427,15.624772310256958,0.8382411003112793,0.5364216566085815,0.13131357729434967,150000,15000,148.6478980004904,111.33837699890137,207.5517578125
2428,15.695629119873047,0.8411919474601746,0.5378724336624146,0.13204707205295563,150000,15000,148.1830880002235,111.39035224914551,207.5517578125
2429,15.623030662536621,0.8379559516906738,0.5375112891197205,0.13264380395412445,150000,15000,151.3497180021659,110.51487922668457,207.5517578125
2430,15.574082136154175,0.836864173412323,0.5394008755683899,0.12410711497068405,150000,15000,153.40495200143778,115.34738540649414,207.5517578125
2431,15.575053691864014,0.8352217674255371,0.5363984107971191,0.13257652521133423,150000,15000,161.31954199954635,114.77255821228027,207.5517578125
2432,15.588676929473877,0.8354229927062988,0.5333501100540161,0.1376264989376068,150000,15000,150.30879999903846,111.69838905334473,207.5517578125
2433,15.66136360168457,0.8369722366333008,0.5321338176727295,0.13089096546173096,150000,15000,151.9984669976111,112.7161979675293,207.5517578125
2434,15.612491369247437,0.8355463743209839,0.5336102843284607,0.13293816149234772,150000,15000,151.6495659998327,110.91494560241699,207.5517578125
2435,15.614393949508667,0.8347455859184265,0.5340413451194763,0.132021963596344,150000,15000,165.50377200110233,112.04361915588379,207.5517578125
2436,15.601654052734375,0.8323034048080444,0.5389918088912964,0.1356300264596939,150000,15000,149.55272800216335,106.7962646484375,207.5517578125
2437,15.59133529663086,0.8312826156616211,0.5296740531921387,0.13688501715660095,150000,15000,155.0144659995567,111.3126277923584,207.5517578125
2438,15.571788549423218,0.8338457345962524,0.5275765061378479,0.13342848420143127,150000,15000,156.16396499899565,111.30499839782715,207.5517578125
2439,15.487736463546753,0.830140233039856,0.532733678817749,0.13382552564144135,150000,15000,154.7272969983169,112.9159927368164,207.5517578125
2440,15.353695154190063,0.8208441734313965,0.5381937623023987,0.1407334804534912,150000,15000,152.30404899921268,111.54818534851074,207.5517578125
2441,15.384498834609985,0.8243900537490845,0.5360485315322876,0.12390989810228348,150000,15000,154.4132000017271,110.54301261901855,207.5517578125
2442,15.339996814727783,0.8228673338890076,0.5454232692718506,0.1328786015510559,150000,15000,155.46369799994864,114.4111156463623,207.5517578125
2443,15.349560976028442,0.8215159177780151,0.544142484664917,0.1276860237121582,150000,15000,150.95569300319767,111.64474487304688,207.5517578125
2444,15.356860160827637,0.8248968124389648,0.5523714423179626,0.1245291456580162,150000,15000,152.66648400211125,109.26151275634766,207.5517578125
2445,15.418837070465088,0.8273342847824097,0.5545931458473206,0.12217281758785248,150000,15000,152.3094990006939,112.9608154296875,207.5517578125
2446,15.482832193374634,0.8296056985855103,0.5482141971588135,0.12410347163677216,150000,15000,149.70673399875523,110.7933521270752,207.5517578125
2447,15.479493141174316,0.8289283514022827,0.5493150949478149,0.11930755525827408,150000,15000,167.26615099832998,108.92677307128906,207.5517578125
2448,15.522886514663696,0.8297613859176636,0.5371076464653015,0.12428992986679077,150000,15000,156.503417998465,115.60678482055664,207.5517578125
2449,15.512499809265137,0.8290554285049438,0.5404080152511597,0.12008310854434967,150000,15000,151.8655050022062,112.0140552520752,207.5517578125
2450,15.486549139022827,0.8262660503387451,0.5432595014572144,0.12231942266225815,150000,15000,151.26432800025214,111.46426200866699,207.5517578125
2451,15.453498363494873,0.8245111703872681,0.5392305850982666,0.12426447868347168,150000,15000,154.00956400117138,111.33670806884766,207.5517578125
2452,15.363409519195557,0.8207668662071228,0.5343997478485107,0.1204804927110672,150000,15000,150.81292700051563,112.90955543518066,207.5517578125
2453,15.416663885116577,0.8201242685317993,0.5314568877220154,0.12385473400354385,150000,15000,151.48737400159007,111.51862144470215,207.5517578125
2454,15.403465032577515,0.8178319334983826,0.5354831218719482,0.13236582279205322,150000,15000,152.5889369986544,112.11085319519043,207.5517578125
2455,15.386561155319214,0.8163074851036072,0.5374796390533447,0.12811920046806335,150000,15000,155.13126099904184,111.35721206665039,207.5517578125
2456,15.39937973022461,0.8182748556137085,0.5389761328697205,0.11852546036243439,150000,15000,150.16889599792194,111.27519607543945,207.5517578125
2457,15.259352922439575,0.8097958564758301,0.5269699096679688,0.12624754011631012,150000,15000,151.19399100149167,110.9616756439209,207.5517578125
2458,15.062575340270996,0.7985836863517761,0.5500537753105164,0.13312594592571259,150000,15000,168.72160799903213,112.46132850646973,207.5517578125
2459,14.983025789260864,0.7951058149337769,0.5535459518432617,0.14126749336719513,150000,15000,151.1472970014438,111.53149604797363,207.5517578125
2460,15.100846290588379,0.800909161567688,0.5525352954864502,0.13484452664852142,150000,15000,150.64357799928985,110.39304733276367,207.5517578125
2461,15.134962797164917,0.8024204969406128,0.5501787066459656,0.13800048828125,150000,15000,151.73965499707265,110.92448234558105,207.5517578125
2462,15.120964050292969,0.8020771741867065,0.5501465797424316,0.14703220129013062,150000,15000,150.34508899771026,110.75830459594727,207.5517578125
2463,15.096886157989502,0.801768958568573,0.54934161901474,0.13740527629852295,150000,15000,154.10437699756585,113.06047439575195,207.5517578125
2464,15.104061365127563,0.8033311367034912,0.5468076467514038,0.1305389404296875,150000,15000,153.69900299992878,113.40212821960449,207.5517578125
2465,15.09016752243042,0.8016654849052429,0.5453821420669556,0.14078491926193237,150000,15000,154.26494399798685,112.71333694458008,207.5517578125
2466,15.102343559265137,0.8017672300338745,0.5452113151550293,0.13446298241615295,150000,15000,170.880280998972,128.92436981201172,207.5517578125
2467,15.11420726776123,0.8029583692550659,0.5445258021354675,0.13641323149204254,150000,15000,153.25886900245678,112.47563362121582,207.5517578125
2468,15.036119222640991,0.7974042892456055,0.5389395952224731,0.14772284030914307,150000,15000,154.8957729974063,110.18705368041992,207.5517578125
2469,14.99584674835205,0.7967795729637146,0.5406582355499268,0.1410001814365387,150000,15000,151.50789499966777,110.87799072265625,207.5517578125
2470,14.971965551376343,0.7984035015106201,0.542567253112793,0.13923610746860504,150000,15000,152.02350099934847,109.01165008544922,207.5517578125
2471,14.977329969406128,0.7966768741607666,0.544503927230835,0.15314097702503204,150000,15000,151.6750629998569,110.97598075866699,207.5517578125
2472,14.980576038360596,0.7966853976249695,0.5437718629837036,0.14937402307987213,150000,15000,152.28208700136747,108.88957977294922,207.5517578125
2473,14.981220960617065,0.7988702654838562,0.5474652051925659,0.13912038505077362,150000,15000,162.4885900018853,104.32815551757812,207.5517578125
2474,15.008002519607544,0.7982463836669922,0.546135663986206,0.14176157116889954,150000,15000,147.95440799935022,110.32843589782715,207.5517578125
2475,14.812045097351074,0.7913875579833984,0.5574519634246826,0.14985476434230804,150000,15000,147.03050599928247,108.56986045837402,207.5517578125
2476,14.883859157562256,0.7965037226676941,0.5499061346054077,0.13176822662353516,150000,15000,144.8721429987927,109.39598083496094,207.5517578125
2477,14.89059329032898,0.7981351613998413,0.5561796426773071,0.128522589802742,150000,15000,147.7450439997483,108.49213600158691,207.5517578125
2478,14.846926927566528,0.7956909537315369,0.560565710067749,0.1399603933095932,150000,15000,149.04504399964935,109.49325561523438,207.5517578125
2479,14.869669675827026,0.795944333076477,0.5554326176643372,0.13739344477653503,150000,15000,152.7525700003025,108.23845863342285,207.5517578125
2480,14.896395206451416,0.7988934516906738,0.5599331259727478,0.1419457644224167,150000,15000,150.67665400056285,111.70125007629395,207.5517578125
2481,14.961415529251099,0.8001599311828613,0.546493411064148,0.15048769116401672,150000,15000,159.97371800040128,111.4037036895752,207.5517578125
2482,14.875439405441284,0.7932876944541931,0.5566470623016357,0.15022282302379608,150000,15000,150.88062300128513,110.64839363098145,207.5517578125
2483,14.965404272079468,0.798550009727478,0.5537788271903992,0.1326446235179901,150000,15000,150.16056600143202,110.47029495239258,207.5517578125
2484,15.067999362945557,0.8039315938949585,0.5595099925994873,0.12902505695819855,150000,15000,153.10803800093709,111.27948760986328,207.5517578125
2485,15.152807235717773,0.8060080409049988,0.559863805770874,0.12691354751586914,150000,15000,154.60823899775278,112.0452880859375,207.5517578125
2486,15.19855260848999,0.8065392374992371,0.5566845536231995,0.12156416475772858,150000,15000,152.26468599939835,111.41586303710938,207.5517578125
2487,15.240945816040039,0.8080691695213318,0.550247073173523,0.11874634027481079,150000,15000,151.9396340008825,114.99977111816406,207.5517578125
2488,15.357496738433838,0.8103824853897095,0.5557114481925964,0.142252579331398,150000,15000,151.15849200083176,110.00204086303711,207.5517578125
2489,15.38399338722229,0.8090928792953491,0.5532039403915405,0.12493229657411575,150000,15000,152.20489599960274,110.78953742980957,207.5517578125
2490,15.42019009590149,0.8044189810752869,0.5574084520339966,0.13727304339408875,150000,15000,151.47816500029876,111.45758628845215,207.5517578125
2491,15.409783124923706,0.8042523264884949,0.5615166425704956,0.13090048730373383,150000,15000,152.5227719976101,110.68534851074219,207.5517578125
2492,15.373631715774536,0.8011232614517212,0.5599548816680908,0.11974068731069565,150000,15000,149.9725989997387,110.39280891418457,207.5517578125
2493,15.44562816619873,0.799693763256073,0.562076985836029,0.13019563257694244,150000,15000,152.62619799977983,113.73138427734375,207.5517578125
2494,15.422180891036987,0.7988888621330261,0.5603607296943665,0.1301816999912262,150000,15000,150.77188600116642,112.48993873596191,207.5517578125
2495,15.419552326202393,0.7960888743400574,0.5617819428443909,0.12330368161201477,150000,15000,154.38713500043377,111.90629005432129,207.5517578125
2496,15.40468692779541,0.7910827398300171,0.5563334822654724,0.12435451149940491,150000,15000,148.14364699850557,109.78126525878906,207.5517578125
2497,15.340651273727417,0.7904250025749207,0.5596546530723572,0.1250394880771637,150000,15000,150.40284600036102,109.54451560974121,207.5517578125
2498,15.38711428642273,0.798348069190979,0.5596528053283691,0.13512000441551208,150000,15000,147.95813000091584,110.96954345703125,207.5517578125
2499,15.386906862258911,0.8008636832237244,0.5529707074165344,0.13581699132919312,150000,15000,146.76185499774874,108.49237442016602,207.5517578125
2500,15.367783308029175,0.7996153235435486,0.5431555509567261,0.133303701877594,147775,15000,152.09184099876438,110.46147346496582,207.5517578125
2501,15.580847263336182,0.8119277358055115,0.5243839025497437,0.1323230117559433,149180,15000,162.94211499916855,110.34250259399414,207.5517578125
2502,15.716662406921387,0.8197805285453796,0.5265361070632935,0.13910792768001556,149953,15000,153.6462069998379,107.93447494506836,207.5517578125
2503,15.640336275100708,0.8172907829284668,0.5272143483161926,0.14135774970054626,149999,15000,150.66882999963127,110.19372940063477,207.5517578125
2504,15.56711196899414,0.8145993947982788,0.525515079498291,0.13031861186027527,150000,15000,149.27438399899984,109.57169532775879,207.5517578125
2505,15.54412841796875,0.8161959648132324,0.5204514861106873,0.13212858140468597,150000,15000,149.2067129984207,110.34560203552246,207.5517578125
2506,15.363917350769043,0.80836021900177,0.5253851413726807,0.14282357692718506,150000,15000,147.93348699822673,110.1999282836914,207.5517578125
2507,15.32402515411377,0.8044318556785583,0.5317139029502869,0.14885683357715607,150000,15000,147.9609519992664,109.87353324890137,207.5517578125
2508,15.477097034454346,0.8118094205856323,0.523377001285553,0.15668968856334686,150000,15000,147.7655919989047,109.96890068054199,207.5517578125
2509,15.473334789276123,0.8122780323028564,0.5238193869590759,0.1471092700958252,150000,15000,149.27724700100953,111.19365692138672,207.5517578125
2510,15.447057485580444,0.8088774681091309,0.5321319103240967,0.17125274240970612,150000,15000,152.35889299947303,114.52531814575195,207.5517578125
2511,15.470787286758423,0.8111953139305115,0.5339925289154053,0.16929762065410614,150000,15000,152.80836400052067,110.97550392150879,207.5517578125
2512,15.435926914215088,0.8125797510147095,0.524316668510437,0.15358544886112213,150000,15000,153.23634699961985,110.36396026611328,207.5517578125
2513,15.020431280136108,0.7955672144889832,0.522664487361908,0.1573057472705841,150000,15000,151.8420110005536,110.87226867675781,207.5517578125
2514,15.058716535568237,0.7930635213851929,0.5302294492721558,0.17621919512748718,150000,15000,148.6123430004227,109.36379432678223,207.5517578125
2515,15.157331228256226,0.7962050437927246,0.5461969375610352,0.1616770476102829,150000,15000,155.1077100011753,114.95471000671387,207.5517578125
2516,15.2872896194458,0.8025664687156677,0.5450165271759033,0.17707620561122894,150000,15000,150.706803000503,109.16733741760254,207.5517578125
2517,15.23093581199646,0.7976298332214355,0.5413179397583008,0.17551347613334656,150000,15000,147.31476700035273,109.16972160339355,207.5517578125
2518,15.314406156539917,0.7991368174552917,0.5497192740440369,0.17695294320583344,150000,15000,148.51260900104535,110.09764671325684,207.5517578125
2519,15.420055389404297,0.80455482006073,0.5473707318305969,0.17055387794971466,150000,15000,149.65351199862198,108.39033126831055,207.5517578125
2520,15.441592931747437,0.803489625453949,0.547101616859436,0.1812821924686432,150000,15000,148.39516000211006,109.66825485229492,207.5517578125
2521,15.326735973358154,0.7980380058288574,0.5467649102210999,0.17587004601955414,150000,15000,150.0833589998365,109.98773574829102,207.5517578125
2522,15.123932361602783,0.7866775393486023,0.5476460456848145,0.1911497563123703,150000,15000,152.04645199992228,109.55047607421875,207.5517578125
2523,15.257987976074219,0.7919392585754395,0.5427569150924683,0.18987694382667542,150000,15000,152.2160360000271,108.55698585510254,207.5517578125
2524,15.289134979248047,0.7911683320999146,0.5460913181304932,0.18976348638534546,150000,15000,151.6628520002996,109.91835594177246,207.5517578125
2525,15.281922817230225,0.7912936210632324,0.5526309013366699,0.18956561386585236,150000,15000,148.97457400002168,108.67166519165039,207.5517578125
2526,15.352588891983032,0.7971360087394714,0.5627798438072205,0.1675594449043274,150000,15000,152.67552200020873,109.61413383483887,207.5517578125
2527,15.40225625038147,0.7984660863876343,0.5678699016571045,0.18250533938407898,150000,15000,155.35543599980883,110.78763008117676,207.5517578125
2528,15.489671230316162,0.803362250328064,0.5699190497398376,0.17760391533374786,150000,15000,149.49445099773584,109.97366905212402,207.5517578125
2529,15.580097436904907,0.8053392171859741,0.5709528923034668,0.18735621869564056,150000,15000,150.9272740004235,110.89253425598145,207.5517578125
2530,15.618218183517456,0.806975781917572,0.5721150636672974,0.17772185802459717,150000,15000,152.20339000006788,111.82761192321777,207.5517578125
2531,15.659980773925781,0.8084284067153931,0.5742903351783752,0.17766430974006653,150000,15000,156.780825000169,113.71135711669922,207.5517578125
2532,15.677443742752075,0.8084923624992371,0.5792590379714966,0.16924038529396057,150000,15000,154.45998700306518,110.68534851074219,207.5517578125
2533,15.72743535041809,0.8101439476013184,0.569393515586853,0.17091608047485352,150000,15000,149.27090000128374,108.60848426818848,207.5517578125
2534,15.7735013961792,0.8117026090621948,0.5714401006698608,0.1789451390504837,150000,15000,148.62823099974776,110.80169677734375,207.5517578125
2535,15.828739404678345,0.8140632510185242,0.5685899257659912,0.17853093147277832,150000,15000,150.81548699890845,110.08930206298828,207.5517578125
2536,15.104330778121948,0.8016585111618042,0.5694113373756409,0.19945402443408966,150000,15000,153.55958299915073,111.17792129516602,207.5517578125
2537,15.398138761520386,0.8089591264724731,0.5654393434524536,0.18355093896389008,150000,15000,149.40408100301283,111.47809028625488,207.5517578125
2538,15.47757625579834,0.8161894083023071,0.5704278945922852,0.17813171446323395,150000,15000,148.99034699919866,111.22632026672363,207.5517578125
2539,15.489014387130737,0.8155337572097778,0.5604091882705688,0.17849066853523254,150000,15000,155.2365639981872,110.90970039367676,207.5517578125
2540,15.569716691970825,0.8182932734489441,0.5599363446235657,0.18975205719470978,150000,15000,152.58194299894967,111.01555824279785,207.5517578125
2541,15.585871934890747,0.817875862121582,0.5632212162017822,0.18506675958633423,150000,15000,151.2261159987247,111.41252517700195,207.5517578125
2542,15.622055530548096,0.8198723196983337,0.5731457471847534,0.18684619665145874,150000,15000,150.98794000005,109.91740226745605,207.5517578125
2543,15.712788105010986,0.8217126131057739,0.5690987706184387,0.19022834300994873,150000,15000,153.86308700180962,112.66469955444336,207.5517578125
2544,15.723973512649536,0.8205048441886902,0.5748627185821533,0.18492038547992706,150000,15000,151.25774400075898,110.36396026611328,207.5517578125
2545,15.777313709259033,0.8225430846214294,0.5718812942504883,0.18003800511360168,150000,15000,152.15214300042135,112.14399337768555,207.5517578125
2546,15.889182090759277,0.8252080678939819,0.5583819150924683,0.18915164470672607,150000,15000,151.10420500059263,112.67566680908203,207.5517578125
2547,15.851848125457764,0.8221257925033569,0.5601476430892944,0.18152271211147308,150000,15000,157.44892400107346,111.81259155273438,207.5517578125
2548,15.876398086547852,0.8222179412841797,0.5684975385665894,0.1888883411884308,150000,15000,156.5049109995016,110.1846694946289,207.5517578125
2549,15.954827070236206,0.8248250484466553,0.5674899816513062,0.17413681745529175,150000,15000,158.99220900246291,116.66035652160645,207.5517578125
2550,15.96082091331482,0.8216301798820496,0.5641236305236816,0.20779113471508026,150000,15000,152.8887560016301,109.63582992553711,207.5517578125
2551,16.076456308364868,0.8257628679275513,0.5554053783416748,0.20152246952056885,150000,15000,155.43394699852797,112.0150089263916,207.5517578125
2552,16.052924394607544,0.8239403963088989,0.5533815622329712,0.19383764266967773,150000,15000,154.33959500296623,111.25969886779785,207.5517578125
2553,16.20625376701355,0.8278650045394897,0.5524802207946777,0.19438329339027405,150000,15000,154.96565499779535,109.73048210144043,207.5517578125
2554,16.07415795326233,0.8236705660820007,0.5614802837371826,0.18743258714675903,150000,15000,154.40432100149337,112.2274398803711,207.5517578125
2555,16.136248111724854,0.8291769027709961,0.5574209690093994,0.18405425548553467,150000,15000,151.32096299930708,112.20145225524902,207.5517578125
2556,16.23413324356079,0.8309208750724792,0.5541226863861084,0.19652967154979706,150000,15000,152.2401340007491,110.95237731933594,207.5517578125
2557,16.301409006118774,0.8314277529716492,0.5497229099273682,0.19609121978282928,150000,15000,151.90811900174594,112.0901107788086,207.5517578125
2558,16.3886821269989,0.8366847038269043,0.5410794019699097,0.1815190613269806,150000,15000,150.5920910021814,111.18412017822266,207.5517578125
2559,16.25485062599182,0.8370499014854431,0.535549521446228,0.20927026867866516,150000,15000,153.32799899988458,111.99188232421875,207.5517578125
2560,15.787876844406128,0.8215430974960327,0.5557384490966797,0.21804338693618774,150000,15000,152.7168979991984,111.05895042419434,207.5517578125
2561,16.200133562088013,0.8364944458007812,0.558780312538147,0.2171514481306076,150000,15000,152.222739001445,111.14096641540527,207.5517578125
2562,16.1701500415802,0.8368321657180786,0.5542557239532471,0.21873874962329865,150000,15000,156.40042499944684,111.54460906982422,207.5517578125
2563,16.07801079750061,0.8375973701477051,0.56120765209198,0.21392221748828888,150000,15000,151.39559199815267,110.77189445495605,207.5517578125
2564,16.15333318710327,0.8389037847518921,0.5648105144500732,0.21137100458145142,150000,15000,152.29392599940184,110.687255859375,207.5517578125
2565,16.202480792999268,0.8404501676559448,0.5670666694641113,0.21120566129684448,150000,15000,152.81826900172746,112.1368408203125,207.5517578125
2566,16.145390272140503,0.8379801511764526,0.564231812953949,0.2116689831018448,150000,15000,149.06906100077322,110.99815368652344,207.5517578125
2567,16.069352626800537,0.8374415636062622,0.5623669028282166,0.21120117604732513,150000,15000,152.7129789974424,109.29989814758301,207.5517578125
2568,16.027538776397705,0.8351576328277588,0.566105842590332,0.217869371175766,150000,15000,150.93464099845733,110.73565483093262,207.5517578125
2569,16.126328706741333,0.8396878242492676,0.5682869553565979,0.21133513748645782,150000,15000,153.70161400278448,111.72223091125488,207.5517578125
2570,16.105029582977295,0.8398469686508179,0.5658292174339294,0.21240967512130737,150000,15000,150.44041900182492,110.44526100158691,207.5517578125
2571,16.034164428710938,0.8357173204421997,0.5637401938438416,0.21816568076610565,150000,15000,151.92330399804632,110.29338836669922,207.5517578125
2572,15.809848308563232,0.8265489339828491,0.5755703449249268,0.2325630933046341,150000,15000,151.0533149994444,110.49437522888184,207.5517578125
2573,15.832562446594238,0.828769862651825,0.5786206126213074,0.20543766021728516,150000,15000,152.2413820021029,109.57026481628418,207.5517578125
2574,16.012500524520874,0.834300696849823,0.5770389437675476,0.221000537276268,150000,15000,152.78023600330926,112.47658729553223,207.5517578125
2575,15.955642461776733,0.8318783044815063,0.5842100381851196,0.22125883400440216,150000,15000,154.8217690033198,108.64686965942383,207.5517578125
2576,15.95126986503601,0.8294646143913269,0.5904173254966736,0.21947653591632843,150000,15000,154.28865300054895,111.11235618591309,207.5517578125
2577,16.09708070755005,0.8326339721679688,0.5889830589294434,0.2228732854127884,150000,15000,155.26092799700564,110.63957214355469,207.5517578125
2578,16.11063838005066,0.8347115516662598,0.5836420059204102,0.20845825970172882,150000,15000,156.91701199830277,110.31365394592285,207.5517578125
2579,16.150392293930054,0.8352260589599609,0.5904350280761719,0.22082483768463135,150000,15000,156.86307699797908,110.95142364501953,207.5517578125
2580,16.081383228302002,0.8329586982727051,0.5843468904495239,0.2193412333726883,150000,15000,151.3799710010062,110.59999465942383,207.5517578125
2581,15.86464524269104,0.8237372636795044,0.5902307033538818,0.2190995216369629,150000,15000,148.63014000002295,110.16297340393066,207.5517578125
2582,15.993716716766357,0.8246369361877441,0.5997157096862793,0.25826936960220337,150000,15000,151.1417990004702,111.73367500305176,207.5517578125
2583,16.099478006362915,0.8292921781539917,0.6017071008682251,0.23346181213855743,150000,15000,156.67237899833708,111.4969253540039,207.5517578125
2584,16.170806884765625,0.8336209058761597,0.5992990136146545,0.22804878652095795,150000,15000,164.59367299830774,115.42701721191406,207.5517578125
2585,16.29497766494751,0.8383665084838867,0.5916531085968018,0.23571106791496277,150000,15000,181.27773099695332,109.99226570129395,207.5517578125
2586,16.255147457122803,0.8362540006637573,0.6039475202560425,0.2224346250295639,150000,15000,150.4434750022483,110.96739768981934,207.5517578125
2587,16.203583478927612,0.8323259353637695,0.6115590333938599,0.22884581983089447,150000,15000,150.83615299954545,110.96358299255371,207.5517578125
2588,16.11277461051941,0.8314518332481384,0.6051864624023438,0.22122105956077576,150000,15000,152.21900399774313,111.64522171020508,207.5517578125
2589,16.22881770133972,0.8353924751281738,0.6103355288505554,0.22409310936927795,150000,15000,153.2675480011676,112.17689514160156,207.5517578125
2590,16.261932849884033,0.8385133147239685,0.599579393863678,0.22112636268138885,150000,15000,150.81961000032607,109.71450805664062,207.5517578125
2591,16.39120101928711,0.8401477336883545,0.592420756816864,0.23518750071525574,150000,15000,148.0426920024911,109.36617851257324,207.5517578125
2592,16.123981475830078,0.8274130821228027,0.6177014708518982,0.24427732825279236,150000,15000,148.94211899809306,110.24355888366699,207.5517578125
2593,16.179978847503662,0.8227447271347046,0.6251901984214783,0.24947132170200348,150000,15000,150.68700700066984,112.1525764465332,207.5517578125
2594,16.250077486038208,0.8247445821762085,0.62429279088974,0.2246370017528534,150000,15000,151.2101399966923,111.04488372802734,207.5517578125
2595,16.345924139022827,0.8218702077865601,0.6206772923469543,0.2586630582809448,150000,15000,152.25013899907935,113.41404914855957,207.5517578125
2596,16.296298503875732,0.8188480138778687,0.6251238584518433,0.24192208051681519,150000,15000,152.08620599878486,111.30642890930176,207.5517578125
2597,16.35849356651306,0.8233751654624939,0.624606728553772,0.23587271571159363,150000,15000,150.09623700098018,111.76085472106934,207.5517578125
2598,16.533530950546265,0.8322628736495972,0.6195439100265503,0.23449501395225525,150000,15000,151.17777200066485,111.60469055175781,207.5517578125
2599,16.61562442779541,0.8364673852920532,0.6253007054328918,0.23823770880699158,150000,15000,151.40227599840728,111.41705513000488,207.5517578125
2600,16.687817573547363,0.8393024802207947,0.6237731575965881,0.2528733015060425,143016,15000,156.33062399865594,111.03415489196777,207.5517578125
2601,17.00436234474182,0.8514285087585449,0.564326286315918,0.22960762679576874,144411,15000,169.6231269997952,112.04838752746582,207.5517578125
2602,17.198034524917603,0.8577178716659546,0.5766059160232544,0.24449002742767334,145803,15000,168.02588899736293,110.50057411193848,207.5517578125
2603,17.45067000389099,0.8631584048271179,0.5588437914848328,0.23020341992378235,147184,15000,167.6176889995986,111.25802993774414,207.5517578125
2604,17.56132483482361,0.8644673228263855,0.5506302118301392,0.24080370366573334,148556,15000,163.68802799843252,109.19070243835449,207.5517578125
2605,17.103084325790405,0.858444333076477,0.5489241480827332,0.2389080822467804,149883,15000,166.3042399995902,111.8781566619873,207.5517578125
2606,16.93819284439087,0.8533468246459961,0.5478135347366333,0.236130490899086,149991,15000,166.01012099999934,115.35906791687012,207.5517578125
2607,16.652997732162476,0.8418203592300415,0.560210108757019,0.26513585448265076,150000,15000,168.74479800026165,114.24541473388672,207.5517578125
2608,16.256604194641113,0.8297195434570312,0.5707776546478271,0.24946241080760956,150000,15000,157.21331400345662,111.6936206817627,207.5517578125
2609,16.09942078590393,0.823628842830658,0.5843407511711121,0.24507147073745728,150000,15000,154.78719900056603,113.037109375,207.5517578125
2610,15.927211046218872,0.8163062334060669,0.5856047868728638,0.23971912264823914,150000,15000,147.7438110014191,106.65082931518555,207.5517578125
2611,16.060853004455566,0.822582483291626,0.5809564590454102,0.24475425481796265,150000,15000,159.66338599901064,113.11626434326172,207.5517578125
2612,15.993529558181763,0.8215958476066589,0.5988330841064453,0.2465529441833496,150000,15000,154.70473800087348,113.39950561523438,207.5517578125
2613,15.652943849563599,0.8086262941360474,0.5961613655090332,0.2421923577785492,150000,15000,150.68507899923134,111.50765419006348,207.5517578125
2614,15.993062257766724,0.8197159171104431,0.5899755358695984,0.22237393260002136,150000,15000,147.32633300081943,108.35027694702148,207.5517578125
2615,16.085840463638306,0.8263151049613953,0.5842936635017395,0.23221123218536377,150000,15000,153.60169099949417,110.98265647888184,207.5517578125
2616,16.076338291168213,0.827093243598938,0.586304247379303,0.232770174741745,150000,15000,157.73471300053643,113.42787742614746,207.5517578125
2617,16.173356771469116,0.8308739066123962,0.5855667591094971,0.22070978581905365,150000,15000,172.1882719975838,116.21856689453125,207.5517578125
2618,16.176893711090088,0.8302433490753174,0.5850387811660767,0.22761501371860504,150000,15000,164.42615799678606,118.91293525695801,207.5517578125
2619,16.07933282852173,0.8272864818572998,0.58925461769104,0.24395954608917236,150000,15000,154.1184970010363,109.47751998901367,207.5517578125
2620,16.05133056640625,0.8261930346488953,0.595181941986084,0.24340055882930756,150000,15000,151.60816600109683,112.41912841796875,207.5517578125
2621,16.272897720336914,0.8321005702018738,0.5828866362571716,0.22953873872756958,150000,15000,150.32956499999273,110.28361320495605,207.5517578125
2622,16.205555200576782,0.8298041820526123,0.5881375670433044,0.22913555800914764,150000,15000,148.8192529977823,109.23337936401367,207.5517578125
2623,16.02715015411377,0.8227348327636719,0.5946353673934937,0.24220873415470123,150000,15000,150.8468450010696,111.42134666442871,207.5517578125
2624,16.080501079559326,0.8260712623596191,0.5899054408073425,0.23263803124427795,150000,15000,150.08654100165586,110.58306694030762,207.5517578125
2625,16.324996948242188,0.8317928314208984,0.588365912437439,0.23011133074760437,150000,15000,150.51450499959174,110.1996898651123,207.5517578125
2626,16.413416862487793,0.8342427611351013,0.5912050008773804,0.24192096292972565,150000,15000,150.80843800024013,109.99655723571777,207.5517578125
2627,16.434394121170044,0.8334368467330933,0.5899497270584106,0.2472015768289566,150000,15000,154.87510999810183,111.6170883178711,207.5517578125
2628,16.36253595352173,0.8296225070953369,0.5895311832427979,0.23945291340351105,150000,15000,158.00386200135108,110.595703125,207.5517578125
2629,16.400755643844604,0.8273515701293945,0.5924326181411743,0.25262731313705444,150000,15000,151.3013330004469,111.35339736938477,207.5517578125
2630,16.520487070083618,0.831301212310791,0.5939481258392334,0.24340364336967468,150000,15000,154.78540799813345,112.66875267028809,207.5517578125
2631,16.642463207244873,0.8330655097961426,0.5910989046096802,0.2368527352809906,150000,15000,159.02252400337602,110.96048355102539,207.5517578125
2632,16.661638021469116,0.8329254984855652,0.5910249352455139,0.2354414165019989,150000,15000,159.34582499903627,111.77778244018555,207.5517578125
2633,16.576370000839233,0.8313325643539429,0.5962745547294617,0.24031804502010345,150000,15000,153.01334200194106,111.43684387207031,207.5517578125
2634,16.706706285476685,0.8330605030059814,0.5877912640571594,0.23845770955085754,150000,15000,153.28893500191043,111.19508743286133,207.5517578125
2635,16.695661544799805,0.8305807113647461,0.5907270908355713,0.24765604734420776,150000,15000,148.86780999950133,110.72707176208496,207.5517578125
2636,16.77871823310852,0.8299250602722168,0.5929624438285828,0.2604607939720154,150000,15000,149.7683169982338,107.98430442810059,207.5517578125
2637,16.85956835746765,0.8345223665237427,0.5817924737930298,0.22772616147994995,150000,15000,150.79576200150768,112.40792274475098,207.5517578125
2638,16.883703470230103,0.8375551700592041,0.5740699768066406,0.23196515440940857,150000,15000,149.99494600124308,110.20112037658691,207.5517578125
2639,16.9111168384552,0.842456579208374,0.5599035620689392,0.22646063566207886,150000,15000,150.4205870005535,109.38858985900879,207.5517578125
2640,16.973694562911987,0.8446327447891235,0.558241069316864,0.2478267103433609,150000,15000,153.92753899868694,114.47381973266602,207.5517578125
2641,17.048888206481934,0.8473908305168152,0.5567900538444519,0.21313707530498505,150000,15000,151.13733299949672,111.25588417053223,207.5517578125
2642,17.115172147750854,0.8474448919296265,0.5520420074462891,0.22521762549877167,150000,15000,151.27732600012678,111.1443042755127,207.5517578125
2643,16.99560284614563,0.8446800112724304,0.5509130358695984,0.22081118822097778,150000,15000,156.5616890002275,110.72969436645508,207.5517578125
2644,17.174224853515625,0.8469547033309937,0.5448905825614929,0.22179345786571503,150000,15000,154.4994920004683,111.52172088623047,207.5517578125
2645,17.1164333820343,0.8460707068443298,0.5388210415840149,0.22911567986011505,150000,15000,157.2709890024271,109.58600044250488,207.5517578125
2646,17.13122248649597,0.8454841375350952,0.5557485818862915,0.2524970471858978,150000,15000,151.24850500069442,110.75973510742188,207.5517578125
2647,16.74423336982727,0.8305580019950867,0.5627727508544922,0.22828242182731628,150000,15000,151.27178599868785,110.91279983520508,207.5517578125
2648,16.523419618606567,0.8214146494865417,0.5751798748970032,0.2386876940727234,150000,15000,148.8467679992027,109.92884635925293,207.5517578125
2649,16.79307460784912,0.8300905227661133,0.5714723467826843,0.2556764483451843,150000,15000,151.86745299797622,110.79692840576172,207.5517578125
2650,16.962085962295532,0.8380222320556641,0.5703118443489075,0.23074670135974884,150000,15000,151.78084199942532,109.11917686462402,207.5517578125
2651,17.0112943649292,0.8385235667228699,0.5769871473312378,0.24269597232341766,150000,15000,151.85995499996352,109.68828201293945,207.5517578125
2652,17.11762547492981,0.8435816168785095,0.5715234875679016,0.2572160065174103,150000,15000,156.68611100045382,114.98045921325684,207.5517578125
2653,17.147599458694458,0.8437272906303406,0.5693715810775757,0.23764459788799286,150000,15000,150.1201700011734,110.88705062866211,207.5517578125
2654,17.11714267730713,0.8439730405807495,0.5771164894104004,0.2270107865333557,150000,15000,151.84160099670407,109.66849327087402,207.5517578125
2655,17.1011221408844,0.8437012434005737,0.5789085626602173,0.24678631126880646,150000,15000,153.7677119995351,109.91168022155762,207.5517578125
2656,17.146319150924683,0.8427015542984009,0.5797023773193359,0.2454238086938858,150000,15000,150.97594300095807,110.7020378112793,207.5517578125
2657,17.189468145370483,0.8430134654045105,0.581916093826294,0.25477108359336853,150000,15000,153.149891000794,110.77594757080078,207.5517578125
2658,17.07332491874695,0.8419229984283447,0.5698143243789673,0.25310850143432617,150000,15000,150.50110199808842,110.4283332824707,207.5517578125
2659,17.30502724647522,0.8471090197563171,0.5687078833580017,0.26078668236732483,150000,15000,156.89566700166324,110.00895500183105,207.5517578125
2660,17.392210960388184,0.8496017456054688,0.5747424364089966,0.24131514132022858,150000,15000,151.5178180015937,111.61112785339355,207.5517578125
2661,17.401756048202515,0.847366213798523,0.5659788846969604,0.26628822088241577,150000,15000,150.45895100047346,110.73637008666992,207.5517578125
2662,17.42746591567993,0.8481795787811279,0.5687136650085449,0.2452852576971054,150000,15000,156.29723200254375,109.9400520324707,207.5517578125
2663,16.761457920074463,0.8370722532272339,0.5768945813179016,0.25806429982185364,150000,15000,152.71429999847896,111.94729804992676,207.5517578125
2664,16.690534353256226,0.8233985900878906,0.5892423391342163,0.2721358835697174,150000,15000,150.6010580014845,110.33844947814941,207.5517578125
2665,16.86472177505493,0.8221628069877625,0.5921140313148499,0.2784949243068695,150000,15000,150.18818200042006,110.04400253295898,207.5517578125
2666,16.9187331199646,0.8234498500823975,0.5977315306663513,0.25325122475624084,150000,15000,149.65580900025088,109.8792552947998,207.5517578125
2667,16.717406511306763,0.8134834170341492,0.6022158861160278,0.28023430705070496,150000,15000,151.3011919996643,109.99941825866699,207.5517578125
2668,16.52191996574402,0.8040627241134644,0.6186332106590271,0.2990700900554657,150000,15000,151.05814499838743,111.90342903137207,207.5517578125
2669,16.528319120407104,0.8047032356262207,0.6168687343597412,0.30036798119544983,150000,15000,150.2267079995363,110.47148704528809,207.5517578125
2670,16.632431745529175,0.8081029653549194,0.6215252876281738,0.29329776763916016,150000,15000,149.95679599815048,110.05640029907227,207.5517578125
2671,16.588921546936035,0.8044209480285645,0.6124510169029236,0.30624833703041077,150000,15000,153.16257199810934,110.49509048461914,207.5517578125
2672,16.343330144882202,0.7919310927391052,0.6170512437820435,0.3095329701900482,150000,15000,152.0723640023789,108.80780220031738,207.5517578125
2673,16.285090446472168,0.7916330099105835,0.6313389539718628,0.3467947244644165,150000,15000,155.8205370020005,112.17999458312988,207.5517578125
2674,16.374903917312622,0.7925448417663574,0.6440201997756958,0.3238435983657837,150000,15000,150.09088900114875,109.44938659667969,207.5517578125
2675,16.57050848007202,0.7935983538627625,0.648625373840332,0.3070191442966461,150000,15000,150.5687479984772,109.32230949401855,207.5517578125
2676,16.53136372566223,0.7985749244689941,0.6370532512664795,0.29588186740875244,150000,15000,152.8489449992776,110.9628677368164,207.5517578125
2677,16.774009466171265,0.8104368448257446,0.6313633322715759,0.2786398231983185,150000,15000,152.27062100166222,112.34354972839355,207.5517578125
2678,17.018295526504517,0.818397045135498,0.6240735650062561,0.2908022403717041,150000,15000,151.36090800297097,111.16290092468262,207.5517578125
2679,17.247780561447144,0.8259490728378296,0.6204092502593994,0.2708456218242645,150000,15000,154.23766099775094,111.79161071777344,207.5517578125
2680,17.354488372802734,0.8324794173240662,0.6209139823913574,0.26318812370300293,150000,15000,153.85162299935473,112.0600700378418,207.5517578125
2681,17.304691076278687,0.8338326215744019,0.6262230277061462,0.2999210059642792,150000,15000,149.56050499677076,109.69781875610352,207.5517578125
2682,17.36441731452942,0.8321555852890015,0.6426154375076294,0.2906469404697418,150000,15000,151.9602029984526,110.52966117858887,207.5517578125
2683,17.58513569831848,0.8389329314231873,0.637081503868103,0.2642783224582672,150000,15000,149.64456999950926,109.44652557373047,207.5517578125
2684,17.488956451416016,0.8410327434539795,0.6307264566421509,0.2718028724193573,150000,15000,152.99837400016258,109.3282699584961,207.5517578125
2685,17.541955709457397,0.8400824069976807,0.6377525329589844,0.2680787742137909,150000,15000,155.97117800280103,115.27299880981445,207.5517578125
2686,17.76062846183777,0.8421734571456909,0.6291525363922119,0.2734317183494568,150000,15000,151.0251400031848,110.18180847167969,207.5517578125
2687,17.78779625892639,0.8465176820755005,0.6248164176940918,0.23938168585300446,150000,15000,152.53880800082698,111.41371726989746,207.5517578125
2688,17.68078923225403,0.8441964983940125,0.6196590065956116,0.26021724939346313,150000,15000,150.79662200150779,111.22941970825195,207.5517578125
2689,17.829538583755493,0.8434531092643738,0.6136083602905273,0.25523632764816284,150000,15000,150.83605799736688,110.0912094116211,207.5517578125
2690,17.693188190460205,0.8410190343856812,0.6219431161880493,0.25578951835632324,150000,15000,150.47496699844487,109.74383354187012,207.5517578125
2691,17.6858389377594,0.839765727519989,0.6198678612709045,0.2652257978916168,150000,15000,150.8850819991494,110.08286476135254,207.5517578125
2692,17.62231469154358,0.8389562368392944,0.6159712672233582,0.2485274374485016,150000,15000,147.8150889997778,108.50262641906738,207.5517578125
2693,17.615516185760498,0.8394299745559692,0.6189945936203003,0.26756060123443604,150000,15000,150.45229400129756,111.36388778686523,207.5517578125
2694,17.662371397018433,0.8354808688163757,0.618808388710022,0.2436811476945877,150000,15000,151.65359399907175,109.17520523071289,207.5517578125
2695,17.609626054763794,0.8371520042419434,0.612758994102478,0.24871863424777985,150000,15000,149.56958199763903,109.01045799255371,207.5517578125
2696,17.471182346343994,0.8324311971664429,0.6092779040336609,0.2297784984111786,150000,15000,152.0523660001345,110.97836494445801,207.5517578125
2697,17.59110450744629,0.8349561095237732,0.6161378026008606,0.25643762946128845,150000,15000,149.27308699770947,108.53958129882812,207.5517578125
2698,17.582907676696777,0.8363041281700134,0.6115183234214783,0.2320202738046646,150000,15000,149.74366699971142,108.85429382324219,207.5517578125
2699,17.50686764717102,0.8340110182762146,0.5993219614028931,0.25864455103874207,150000,15000,150.50157999939984,108.76321792602539,207.5517578125
2700,17.531365156173706,0.836380124092102,0.598307728767395,0.20789246261119843,143982,15000,155.84199499789975,109.0078353881836,207.5517578125
2701,18.020484447479248,0.8487499952316284,0.5818030834197998,0.25870248675346375,145211,15000,166.89111099913134,112.02573776245117,207.5517578125
2702,17.918771505355835,0.847660481929779,0.5677851438522339,0.26461049914360046,146481,15000,408.1944760000624,110.78596115112305,207.5517578125
2703,18.132249116897583,0.8531416654586792,0.5628352761268616,0.23858118057250977,147719,15000,160.01780099759344,110.64505577087402,207.5517578125
2704,18.21320414543152,0.8558893203735352,0.5503374338150024,0.231022909283638,148998,15000,168.59503899831907,110.51797866821289,207.5517578125
2705,18.299590349197388,0.8599227666854858,0.5390843152999878,0.22621260583400726,149839,15000,162.2122330009006,110.34727096557617,207.5517578125
2706,18.198363780975342,0.856478214263916,0.5427596569061279,0.2381104975938797,149978,15000,157.37562700087437,110.4128360748291,207.5517578125
2707,17.834266424179077,0.8464092016220093,0.5380897521972656,0.2450777292251587,149998,15000,159.43667399915284,111.83476448059082,207.5517578125
2708,18.2467520236969,0.855874240398407,0.5313606262207031,0.2505236864089966,150000,15000,153.34931400138885,111.10043525695801,207.5517578125
2709,18.04399013519287,0.8544420003890991,0.5383998155593872,0.24412833154201508,150000,15000,152.47722400090424,108.7181568145752,207.5517578125
2710,17.810333967208862,0.8510595560073853,0.5451561212539673,0.24165624380111694,150000,15000,152.4791109986836,110.00919342041016,207.5517578125
2711,17.672666311264038,0.8467996120452881,0.5340973734855652,0.2532757520675659,150000,15000,161.24958000000333,114.75753784179688,207.5517578125
2712,17.299630641937256,0.8374919295310974,0.5545695424079895,0.26105326414108276,150000,15000,158.8043049996486,116.20306968688965,207.5517578125
2713,17.226229906082153,0.8343387842178345,0.563257098197937,0.2615814805030823,150000,15000,146.26984799906495,107.20109939575195,207.5517578125
2714,16.893504858016968,0.8228375315666199,0.5707192420959473,0.2727886438369751,150000,15000,151.39973500117776,111.28067970275879,207.5517578125
2715,17.25948452949524,0.8322290182113647,0.5750521421432495,0.2536727786064148,150000,15000,150.6186059996253,108.87479782104492,207.5517578125
2716,16.94080114364624,0.8248399496078491,0.5865248441696167,0.2633664608001709,150000,15000,146.98677200067323,107.62166976928711,207.5517578125
2717,16.410430669784546,0.8063210248947144,0.605656623840332,0.2754354774951935,150000,15000,157.60347600007663,114.49694633483887,207.5517578125
2718,16.244205236434937,0.7988659739494324,0.6131418943405151,0.2819683253765106,150000,15000,153.64250800121226,110.8393669128418,207.5517578125
2719,15.828423500061035,0.7783523797988892,0.6106269955635071,0.31791648268699646,150000,15000,153.3176699995238,111.41753196716309,207.5517578125
2720,15.32686471939087,0.7523696422576904,0.6432174444198608,0.3272289037704468,150000,15000,152.15990700016846,111.32597923278809,207.5517578125
2721,15.501434803009033,0.7595186233520508,0.6420859694480896,0.3155389130115509,150000,15000,157.2500599977502,112.53833770751953,207.5517578125
2722,15.1914381980896,0.7373887300491333,0.6433302164077759,0.3387288451194763,150000,15000,147.5212459990871,106.71615600585938,207.5517578125
2723,15.100425481796265,0.7318097352981567,0.6528780460357666,0.3316543698310852,150000,15000,151.84535600201343,109.30967330932617,207.5517578125
2724,15.185604095458984,0.7306053638458252,0.6584532260894775,0.32816046476364136,150000,15000,151.90395700119552,109.79676246643066,207.5517578125
2725,15.21327018737793,0.7295758724212646,0.6600365042686462,0.35540851950645447,150000,15000,148.4644379997917,109.46536064147949,207.5517578125
2726,15.389868021011353,0.7386354804039001,0.6608138084411621,0.3348342180252075,150000,15000,147.15570000043954,107.53679275512695,207.5517578125
2727,15.601457357406616,0.7498132586479187,0.652177095413208,0.3065108358860016,150000,15000,149.48208799978602,109.76982116699219,207.5517578125
2728,15.728559494018555,0.7635876536369324,0.6450772285461426,0.289213627576828,150000,15000,152.1350410002924,108.67667198181152,207.5517578125
2729,15.972074270248413,0.7722083926200867,0.6490161418914795,0.25617918372154236,150000,15000,151.83026700105984,110.08024215698242,207.5517578125
2730,16.37670397758484,0.7842270135879517,0.6448912620544434,0.2732219398021698,150000,15000,149.31278400035808,108.01386833190918,207.5517578125
2731,16.67223334312439,0.793468177318573,0.6473201513290405,0.28958338499069214,150000,15000,149.73033199930796,108.22367668151855,207.5517578125
2732,16.745941638946533,0.7959334254264832,0.6424238681793213,0.2974094748497009,150000,15000,157.91042800265132,111.47260665893555,207.5517578125
2733,16.78964376449585,0.7991393804550171,0.6456140279769897,0.2690809667110443,150000,15000,150.6583980008145,110.33248901367188,207.5517578125
2734,16.95219874382019,0.8005023002624512,0.6388616561889648,0.2776823341846466,150000,15000,151.92988000126206,110.23354530334473,207.5517578125
2735,16.84679627418518,0.8043743968009949,0.6355384588241577,0.26111888885498047,150000,15000,152.4296729985508,108.74342918395996,207.5517578125
2736,17.054158449172974,0.8086251616477966,0.6396538019180298,0.2832235097885132,150000,15000,152.66251000139164,108.97278785705566,207.5517578125
2737,16.92633628845215,0.8005988001823425,0.6381869912147522,0.2657913565635681,150000,15000,148.75644700077828,109.37237739562988,207.5517578125
2738,16.965320110321045,0.8019300699234009,0.6364709138870239,0.26796525716781616,150000,15000,161.61117600131547,114.81046676635742,207.5517578125
2739,17.169795036315918,0.8067795634269714,0.6291435956954956,0.24665313959121704,150000,15000,165.40207499929238,112.03479766845703,207.5517578125
2740,17.018795013427734,0.8074261546134949,0.6305023431777954,0.24906781315803528,150000,15000,152.83880299830344,109.78579521179199,207.5517578125
2741,17.14719533920288,0.8121678233146667,0.6292743682861328,0.2469707578420639,150000,15000,152.19677700224565,111.62495613098145,207.5517578125
2742,17.058993577957153,0.8112219572067261,0.6213124394416809,0.25426381826400757,150000,15000,149.60667099876446,108.71744155883789,207.5517578125
2743,16.849159002304077,0.8102015256881714,0.6269140243530273,0.2384215146303177,150000,15000,148.35821200176724,106.57906532287598,207.5517578125
2744,17.032501697540283,0.8160728216171265,0.6220146417617798,0.23346814513206482,150000,15000,155.80532199965091,112.3809814453125,207.5517578125
2745,17.06146240234375,0.8186284899711609,0.6143631935119629,0.24680879712104797,150000,15000,155.34699699855992,108.77060890197754,207.5517578125
2746,17.180956602096558,0.8207947611808777,0.6233248114585876,0.24288448691368103,150000,15000,155.98008899905835,109.90285873413086,207.5517578125
2747,16.838951110839844,0.8180950880050659,0.6186175346374512,0.22142796218395233,150000,15000,158.29193099853,112.59937286376953,207.5517578125
2748,17.34205722808838,0.8257215023040771,0.6212242245674133,0.23838075995445251,150000,15000,152.9575409986137,110.09502410888672,207.5517578125
2749,17.45164155960083,0.8313466906547546,0.6076834201812744,0.23347921669483185,150000,15000,151.90624200113234,109.9402904510498,207.5517578125
2750,17.341487407684326,0.8310880661010742,0.6101137399673462,0.23150162398815155,150000,15000,152.67668500018772,111.42897605895996,207.5517578125
2751,17.598085403442383,0.8329939842224121,0.6095897555351257,0.21258996427059174,150000,15000,152.45145500011859,112.4722957611084,207.5517578125
2752,17.600690126419067,0.8341695666313171,0.6041824817657471,0.22570912539958954,150000,15000,152.24510599728092,109.64226722717285,207.5517578125
2753,17.56224036216736,0.8312233686447144,0.6048353910446167,0.239456444978714,150000,15000,150.77765399837517,110.05973815917969,207.5517578125
2754,17.57590651512146,0.8323997259140015,0.5869637131690979,0.22782711684703827,150000,15000,155.4478710022522,112.11037635803223,207.5517578125
2755,17.417556047439575,0.8302805423736572,0.5956021547317505,0.21548427641391754,150000,15000,169.54273900046246,118.18265914916992,207.5517578125
2756,17.560242414474487,0.8283387422561646,0.5916056036949158,0.23253779113292694,150000,15000,153.45900600004825,108.48331451416016,207.5517578125
2757,17.539371252059937,0.8292664885520935,0.5913734436035156,0.2261328548192978,150000,15000,148.94345799984876,108.5355281829834,207.5517578125
2758,17.53812551498413,0.8298184871673584,0.586630642414093,0.21660056710243225,150000,15000,146.95413800291135,108.98160934448242,207.5517578125
2759,17.345776557922363,0.8252063989639282,0.5922089219093323,0.2228858768939972,150000,15000,149.45283499764628,109.86757278442383,207.5517578125
2760,17.301013469696045,0.8224968910217285,0.5928441882133484,0.21470381319522858,150000,15000,152.48976899965783,108.97636413574219,207.5517578125
2761,17.109557390213013,0.8189486861228943,0.5759516954421997,0.24095988273620605,150000,15000,148.5558319982374,104.54177856445312,207.5517578125
2762,17.0255708694458,0.8164240717887878,0.5808959007263184,0.2335166037082672,150000,15000,150.5991220001306,111.2210750579834,207.5517578125
2763,17.06460475921631,0.8077048063278198,0.5911884903907776,0.2144121378660202,150000,15000,153.07288600160973,110.45026779174805,207.5517578125
2764,17.135469913482666,0.8134698867797852,0.5820068120956421,0.21140600740909576,150000,15000,161.2174670008244,108.82401466369629,207.5517578125
2765,17.310410737991333,0.8191079497337341,0.5812547206878662,0.2013659030199051,150000,15000,150.6726859988703,110.20898818969727,207.5517578125
2766,17.390345335006714,0.8227347135543823,0.5707244873046875,0.18479499220848083,150000,15000,157.62690900010057,111.69815063476562,207.5517578125
2767,17.138001918792725,0.8188461065292358,0.5785757303237915,0.2129322588443756,150000,15000,154.86022000186495,109.77554321289062,207.5517578125
2768,17.192258834838867,0.8165464401245117,0.583730161190033,0.19691111147403717,150000,15000,154.39540599982138,111.13810539245605,207.5517578125
2769,17.474006414413452,0.8188798427581787,0.5828700661659241,0.21940720081329346,150000,15000,159.2266350016871,112.94436454772949,207.5517578125
2770,16.81674599647522,0.8068112134933472,0.5783944129943848,0.21792982518672943,150000,15000,153.1882700001006,111.02604866027832,207.5517578125
2771,16.344902515411377,0.7925504446029663,0.5848770141601562,0.21547988057136536,150000,15000,163.5233259985398,112.39004135131836,207.5517578125
2772,16.68489933013916,0.7981748580932617,0.5759862661361694,0.2154720425605774,150000,15000,155.99718599696644,112.88189888000488,207.5517578125
2773,16.411283016204834,0.7905813455581665,0.5886787176132202,0.2358667552471161,150000,15000,161.4328489995387,110.18919944763184,207.5517578125
2774,16.065540313720703,0.7827399969100952,0.5870550870895386,0.22911757230758667,150000,15000,154.06933600024786,109.7109317779541,207.5517578125
2775,16.09957456588745,0.7800730466842651,0.5933259725570679,0.2338688224554062,150000,15000,152.21385400218423,110.92138290405273,207.5517578125
2776,16.334506273269653,0.7851831912994385,0.588694155216217,0.2325558364391327,150000,15000,160.05108999888762,115.85569381713867,207.5517578125
2777,16.268738508224487,0.7767965197563171,0.5985618233680725,0.23591911792755127,150000,15000,159.15798599962727,111.2360954284668,207.5517578125
2778,16.162794828414917,0.7678184509277344,0.6013785600662231,0.26407018303871155,150000,15000,154.8850199978915,111.97900772094727,207.5517578125
2779,15.987327098846436,0.7621901035308838,0.6194847822189331,0.24099178612232208,150000,15000,153.0491509984131,111.53697967529297,207.5517578125
2780,15.873746871948242,0.7511080503463745,0.6294842958450317,0.22341974079608917,150000,15000,158.0466349987546,110.56256294250488,207.5517578125
2781,15.878418684005737,0.7506370544433594,0.6168591380119324,0.23798108100891113,150000,15000,153.6249089986086,109.92646217346191,207.5517578125
2782,15.750595331192017,0.7425963878631592,0.6225335597991943,0.2511959373950958,150000,15000,154.40470600151457,113.10672760009766,207.5517578125
2783,15.965113639831543,0.739435076713562,0.6257138252258301,0.24968159198760986,150000,15000,153.87002299758024,112.63895034790039,207.5517578125
2784,16.10775589942932,0.7454166412353516,0.6333239674568176,0.23853948712348938,150000,15000,161.8715369986603,111.5117073059082,207.5517578125
2785,16.23408794403076,0.7478933334350586,0.630225419998169,0.24710093438625336,150000,15000,167.18766799749574,113.21043968200684,207.5517578125
2786,16.398653984069824,0.7533409595489502,0.6363272070884705,0.24852354824543,150000,15000,157.78812700227718,111.9987964630127,207.5517578125
2787,16.375584602355957,0.7581713199615479,0.6381165981292725,0.23507125675678253,150000,15000,157.2389180000755,110.61739921569824,207.5517578125
2788,16.38304114341736,0.7531778216362,0.6444801688194275,0.2445966601371765,150000,15000,153.80761599953985,110.82863807678223,207.5517578125
2789,16.543540954589844,0.7583208084106445,0.6463234424591064,0.23930300772190094,150000,15000,159.62094799760962,109.39884185791016,207.5517578125
2790,16.521663665771484,0.7600881457328796,0.6467540264129639,0.23375630378723145,150000,15000,153.13948299808544,109.17091369628906,207.5517578125
2791,16.61676526069641,0.7586735486984253,0.647027313709259,0.2294541299343109,150000,15000,154.1212500014808,111.0687255859375,207.5517578125
2792,16.57416343688965,0.7602633833885193,0.6442633867263794,0.24459801614284515,150000,15000,150.59589500015136,110.1844310760498,207.5517578125
2793,16.56101107597351,0.7628998756408691,0.6400948762893677,0.2297373265028,150000,15000,159.8931309999898,111.99069023132324,207.5517578125
2794,16.5980064868927,0.7656401991844177,0.6437948942184448,0.2336544245481491,150000,15000,156.61867399830953,110.61692237854004,207.5517578125
2795,16.75874352455139,0.7673174738883972,0.6377940773963928,0.23496553301811218,150000,15000,153.24930000133463,111.26422882080078,207.5517578125
2796,16.7035710811615,0.7689310908317566,0.6400166749954224,0.20904912054538727,150000,15000,193.39202500123065,113.52086067199707,207.5517578125
2797,16.878888607025146,0.769137978553772,0.6439812779426575,0.21987733244895935,150000,15000,155.10838699992746,111.18602752685547,207.5517578125
2798,16.82313561439514,0.7700697779655457,0.6376532912254333,0.20734287798404694,150000,15000,152.40492199882283,111.19914054870605,207.5517578125
2799,16.894991397857666,0.7721577882766724,0.6304226517677307,0.19863541424274445,150000,15000,158.72234600101365,112.75649070739746,207.5517578125
2800,16.96562170982361,0.7745152711868286,0.6322671175003052,0.206496000289917,137660,15000,170.45585599771584,111.1917495727539,207.5517578125
2801,17.313010692596436,0.7823077440261841,0.6148382425308228,0.21542084217071533,138752,15000,168.5767980015953,111.16909980773926,207.5517578125
2802,17.539398670196533,0.7892083525657654,0.6024643182754517,0.2290267050266266,139869,15000,169.95077400133596,114.05229568481445,207.5517578125
2803,17.661391496658325,0.7935110926628113,0.5949738621711731,0.2462843805551529,140992,15000,170.47450999962166,111.49835586547852,207.5517578125
2804,17.93723464012146,0.8055474758148193,0.5738224983215332,0.23096220195293427,142115,15000,172.08188399672508,113.04593086242676,207.5517578125
2805,18.22426676750183,0.8130649328231812,0.5798594951629639,0.22881770133972168,143245,15000,171.08501300026546,110.44478416442871,207.5517578125
2806,18.56613516807556,0.8198490142822266,0.5721737742424011,0.21194778382778168,144328,15000,165.07497700149543,109.99298095703125,207.5517578125
2807,18.581472635269165,0.8247160911560059,0.561835527420044,0.20360791683197021,145439,15000,168.89906100186636,111.541748046875,207.5517578125
2808,18.572700023651123,0.827122688293457,0.5741402506828308,0.21408163011074066,146574,15000,172.4905580013001,113.13772201538086,207.5517578125
2809,18.727837800979614,0.8304335474967957,0.5657967329025269,0.20110608637332916,147694,15000,169.06194900002447,111.27400398254395,207.5517578125
2810,18.90446901321411,0.8361098170280457,0.5607296228408813,0.20779049396514893,148810,15000,174.03050700158929,113.38639259338379,207.5517578125
2811,18.628814220428467,0.8346505165100098,0.569330632686615,0.21648535132408142,149730,15000,163.75606099973083,111.49334907531738,207.5517578125
2812,18.33369016647339,0.8318235278129578,0.571296215057373,0.23139184713363647,149949,15000,158.58502500122995,112.19930648803711,207.5517578125
2813,18.095111846923828,0.8233606815338135,0.5703654885292053,0.21615241467952728,149987,15000,160.56526399916038,110.40449142456055,207.5517578125
2814,17.31864333152771,0.8045984506607056,0.573399543762207,0.21085523068904877,149996,15000,154.68499199778307,111.58275604248047,207.5517578125
2815,17.232177257537842,0.8039592504501343,0.57383793592453,0.21945855021476746,149998,15000,159.50336599780712,113.80791664123535,207.5517578125
2816,16.36027455329895,0.781507134437561,0.5747858285903931,0.22443151473999023,150000,15000,160.3831469983561,113.04926872253418,207.5517578125
2817,15.686289072036743,0.7541362643241882,0.5897955298423767,0.22497937083244324,150000,15000,162.61145699900226,113.99674415588379,207.5517578125
2818,15.35381555557251,0.7429512739181519,0.5934088826179504,0.23017370700836182,150000,15000,156.13397899869597,112.45894432067871,207.5517578125
2819,15.157479047775269,0.732954740524292,0.6001142263412476,0.24337616562843323,150000,15000,155.196904001059,114.18509483337402,207.5517578125
2820,15.176671743392944,0.7354342937469482,0.6171941757202148,0.25754690170288086,150000,15000,163.46116699787672,115.11850357055664,207.5517578125
2821,15.436242818832397,0.7465656995773315,0.6236758232116699,0.25802016258239746,150000,15000,158.1699890011805,114.35961723327637,207.5517578125
2822,15.478304624557495,0.7446044683456421,0.6285744309425354,0.26741039752960205,150000,15000,160.11965999859967,113.17992210388184,207.5517578125
2823,15.730562210083008,0.7522689700126648,0.6375617980957031,0.291415274143219,150000,15000,154.6905040013371,110.95666885375977,207.5517578125
2824,15.575827360153198,0.747149646282196,0.6440247297286987,0.2796614468097687,150000,15000,155.00983099991572,112.11824417114258,207.5517578125
2825,15.580954551696777,0.7479349374771118,0.6501417756080627,0.28953441977500916,150000,15000,160.25934099889128,112.56766319274902,207.5517578125
2826,15.494354963302612,0.7408873438835144,0.6556988954544067,0.2915337085723877,150000,15000,153.91277999879094,112.67971992492676,207.5517578125
2827,15.493451356887817,0.741478443145752,0.6608664989471436,0.2870967388153076,150000,15000,158.3104950004781,113.55376243591309,207.5517578125
2828,15.41813611984253,0.7406896352767944,0.6543601155281067,0.2769392132759094,150000,15000,157.64016200046171,110.34774780273438,207.5517578125
2829,15.44558048248291,0.741076648235321,0.657706618309021,0.2984897196292877,150000,15000,153.50636400035,111.13739013671875,207.5517578125
2830,15.647625923156738,0.7488462924957275,0.6569958925247192,0.2808903753757477,150000,15000,160.80093200071133,114.69626426696777,207.5517578125
2831,15.85013747215271,0.7585453391075134,0.652626097202301,0.2826014757156372,150000,15000,162.74530499867979,111.49787902832031,207.5517578125
2832,16.075986623764038,0.7668684720993042,0.652085542678833,0.2577207684516907,150000,15000,156.21892199851573,112.88332939147949,207.5517578125
2833,16.245423555374146,0.7728527784347534,0.6510261297225952,0.25029465556144714,150000,15000,160.91930399852572,112.00118064880371,207.5517578125
2834,16.59672498703003,0.7822083830833435,0.6473127007484436,0.28054317831993103,150000,15000,394.17520799906924,110.96715927124023,207.5517578125
2835,16.786389350891113,0.7888132333755493,0.639121949672699,0.26041939854621887,150000,15000,149.57768900058,108.18052291870117,207.5517578125
2836,16.979670524597168,0.7917613387107849,0.6365267038345337,0.2314945012331009,150000,15000,144.34537200213526,106.24217987060547,207.5517578125
2837,17.10926651954651,0.796209990978241,0.6359899640083313,0.24190260469913483,150000,15000,151.79092700054753,111.01341247558594,207.5517578125
2838,17.324752807617188,0.7841609716415405,0.6474330425262451,0.2500840425491333,150000,15000,156.38279799895827,110.54182052612305,207.5517578125
2839,17.378485202789307,0.7980520129203796,0.6510255336761475,0.2325943112373352,150000,15000,155.23137600030168,109.85827445983887,207.5517578125
2840,17.35486149787903,0.7977038621902466,0.6427146196365356,0.23487421870231628,150000,15000,155.75196200006758,109.83610153198242,207.5517578125
2841,17.35036611557007,0.7933210730552673,0.6357930898666382,0.24111956357955933,150000,15000,156.02615999887348,109.34019088745117,207.5517578125
2842,17.156883478164673,0.7897714376449585,0.6365416646003723,0.24762597680091858,150000,15000,153.16284999789787,111.31525039672852,207.5517578125
2843,16.993722915649414,0.7846317291259766,0.6320925951004028,0.24685530364513397,150000,15000,147.43320500201662,106.71663284301758,207.5517578125
2844,16.803075075149536,0.7750205993652344,0.6398300528526306,0.2340392917394638,150000,15000,156.12907300237566,111.13834381103516,207.5517578125
2845,16.950881481170654,0.7755546569824219,0.6299060583114624,0.24484498798847198,150000,15000,154.62881499843206,110.66651344299316,207.5517578125
2846,16.611088514328003,0.7593578100204468,0.6442158222198486,0.2525539994239807,150000,15000,151.97157099828473,108.7498664855957,207.5517578125
2847,16.690624952316284,0.7533804774284363,0.645077109336853,0.264824777841568,150000,15000,152.1265159972245,108.49165916442871,207.5517578125
2848,16.80813431739807,0.7543191313743591,0.6472108960151672,0.2566564977169037,150000,15000,154.58928199950606,113.30103874206543,207.5517578125
2849,16.836819648742676,0.7541005611419678,0.6381480693817139,0.2475760132074356,150000,15000,151.39858499969705,109.82871055603027,207.5517578125
2850,17.097095251083374,0.7552961111068726,0.6390824913978577,0.27605554461479187,150000,15000,159.23322099843062,113.46101760864258,207.5517578125
2851,17.337900400161743,0.7621669769287109,0.6370097994804382,0.2650180160999298,150000,15000,154.47291899909033,112.66446113586426,207.5517578125
2852,17.39927053451538,0.7624051570892334,0.6352993249893188,0.24893814325332642,150000,15000,152.93024300262914,111.28640174865723,207.5517578125
2853,17.390056848526,0.7580455541610718,0.6287052035331726,0.26739686727523804,150000,15000,148.37478800109238,108.5357666015625,207.5517578125
2854,17.266767024993896,0.7583004832267761,0.622590184211731,0.26900237798690796,150000,15000,149.1165949992137,109.1914176940918,207.5517578125
2855,17.17664361000061,0.7561608552932739,0.6259364485740662,0.24477316439151764,150000,15000,154.54910500193364,113.62719535827637,207.5517578125
2856,17.12122082710266,0.7576674222946167,0.6239645481109619,0.26159703731536865,150000,15000,145.53430700107128,106.6281795501709,207.5517578125
2857,17.315683364868164,0.7598201036453247,0.628643274307251,0.2679767608642578,150000,15000,157.32857999682892,111.35697364807129,207.5517578125
2858,17.645235061645508,0.7677851915359497,0.6290144920349121,0.2569516897201538,150000,15000,150.35734199773287,110.06903648376465,207.5517578125
2859,17.722007036209106,0.7721108794212341,0.6169699430465698,0.2400786429643631,150000,15000,156.47277399693849,109.08007621765137,207.5517578125
2860,17.924180030822754,0.7771382331848145,0.6174832582473755,0.22345754504203796,150000,15000,150.41671300059534,107.20348358154297,207.5517578125
2861,18.04083824157715,0.7797848582267761,0.6195862293243408,0.22616596519947052,150000,15000,154.53496299960534,108.77180099487305,207.5517578125
2862,18.012242317199707,0.7828614711761475,0.6232086420059204,0.22587114572525024,150000,15000,151.48170899919933,110.28933525085449,207.5517578125
2863,18.240396976470947,0.7896758317947388,0.6181320548057556,0.1932384967803955,150000,15000,152.2041150019504,110.48507690429688,207.5517578125
2864,18.07060956954956,0.7869164347648621,0.6271665096282959,0.217177152633667,150000,15000,152.01854999759234,110.9323501586914,207.5517578125
2865,17.95108914375305,0.7844114303588867,0.6265835165977478,0.21179018914699554,150000,15000,164.29240000070422,116.27984046936035,207.5517578125
2866,18.265771865844727,0.7914969325065613,0.6204303503036499,0.20839349925518036,150000,15000,177.53959599940572,111.92536354064941,207.5517578125
2867,18.331161737442017,0.7926368713378906,0.6270720362663269,0.21610607206821442,150000,15000,162.8566969993699,113.78884315490723,207.5517578125
2868,18.36951971054077,0.7918764352798462,0.6273680925369263,0.2103007286787033,150000,15000,155.20827600266784,111.91463470458984,207.5517578125
2869,18.294721841812134,0.7900175452232361,0.6196086406707764,0.22773748636245728,150000,15000,150.55727700018906,109.83610153198242,207.5517578125
2870,18.231104612350464,0.7880100011825562,0.628118097782135,0.22591900825500488,150000,15000,152.67438500086428,111.49263381958008,207.5517578125
2871,18.189183473587036,0.7874640226364136,0.6177912354469299,0.20476731657981873,150000,15000,155.1735130015004,109.13848876953125,207.5517578125
2872,18.269129991531372,0.7883369326591492,0.6192740201950073,0.2043595016002655,150000,15000,151.0265890028677,109.95721817016602,207.5517578125
2873,18.145041465759277,0.7888476252555847,0.6231238842010498,0.206497922539711,150000,15000,148.55992500088178,107.13338851928711,207.5517578125
2874,18.176251649856567,0.7868208885192871,0.6201139092445374,0.23837417364120483,150000,15000,149.08531499895616,108.63065719604492,207.5517578125
2875,17.918730974197388,0.780824601650238,0.6234117150306702,0.23002409934997559,150000,15000,148.19804599756026,109.86948013305664,207.5517578125
2876,18.050040006637573,0.7791740894317627,0.6108202934265137,0.20934557914733887,150000,15000,155.034240000532,112.36405372619629,207.5517578125
2877,18.06845784187317,0.7795604467391968,0.6149401068687439,0.2701365649700165,150000,15000,148.09789399805595,107.8648567199707,207.5517578125
2878,17.72278070449829,0.7688064575195312,0.6092734932899475,0.254756897687912,150000,15000,153.3237920011743,111.32287979125977,207.5517578125
2879,17.44876265525818,0.757649838924408,0.6211683750152588,0.24399277567863464,150000,15000,152.47775900206761,108.39629173278809,207.5517578125
2880,17.616424560546875,0.7590286135673523,0.6294417977333069,0.2553659677505493,150000,15000,147.27539500017883,106.6133975982666,207.5517578125
2881,17.614673376083374,0.7596976161003113,0.627590000629425,0.2548099756240845,150000,15000,148.4080839982198,107.51628875732422,207.5517578125
2882,17.19315767288208,0.743775486946106,0.6290816068649292,0.26424074172973633,150000,15000,148.6511969997082,107.64074325561523,207.5517578125
2883,17.313714027404785,0.7440041303634644,0.640012800693512,0.24834184348583221,150000,15000,144.22122800169745,104.4161319732666,207.5517578125
2884,17.496707439422607,0.7485734224319458,0.6393646597862244,0.238468736410141,150000,15000,150.09058999930858,108.86836051940918,207.5517578125
2885,17.463477849960327,0.7463831305503845,0.6427802443504333,0.22749820351600647,150000,15000,160.03233200171962,108.64996910095215,207.5517578125
2886,17.73376226425171,0.7540780305862427,0.6382477283477783,0.2290002554655075,150000,15000,151.58571900246898,110.23235321044922,207.5517578125
2887,17.800859212875366,0.7584292888641357,0.628327488899231,0.22125504910945892,150000,15000,153.91928999815718,109.0555191040039,207.5517578125
2888,17.754563093185425,0.7545226812362671,0.6311151385307312,0.22229227423667908,150000,15000,156.8658920004964,108.93988609313965,207.5517578125
2889,17.7141535282135,0.7523373365402222,0.6260587573051453,0.20295926928520203,150000,15000,155.3834040023503,107.88106918334961,207.5517578125
2890,17.53907322883606,0.753522515296936,0.6226077079772949,0.2246408760547638,150000,15000,153.91906999866478,110.35609245300293,207.5517578125
2891,17.807697057724,0.7558215856552124,0.6130807995796204,0.22169655561447144,150000,15000,157.3841720019118,110.76235771179199,207.5517578125
2892,17.953526973724365,0.7630370855331421,0.6059026122093201,0.20982041954994202,150000,15000,144.75253999989945,106.73189163208008,207.5517578125
2893,17.966831922531128,0.7631427049636841,0.6131147146224976,0.1932305544614792,150000,15000,152.4975700012874,109.17782783508301,207.5517578125
2894,18.2110857963562,0.7642320990562439,0.6049312949180603,0.20413221418857574,150000,15000,150.71765900211176,110.04900932312012,207.5517578125
2895,17.734276056289673,0.7484467029571533,0.5898483991622925,0.2193242460489273,150000,15000,148.7772340005904,109.1165542602539,207.5517578125
2896,16.990959644317627,0.7284760475158691,0.6022149324417114,0.19774961471557617,150000,15000,154.99787000226206,112.98918724060059,207.5517578125
2897,16.441673040390015,0.7240234613418579,0.598554253578186,0.21580259501934052,150000,15000,150.36421200056793,109.5125675201416,207.5517578125
2898,16.375410556793213,0.7240618467330933,0.6144577264785767,0.22700771689414978,150000,15000,150.84011699946132,110.30197143554688,207.5517578125
2899,16.57858967781067,0.7364236116409302,0.6207094788551331,0.2090950608253479,150000,15000,160.30540500287316,113.9369010925293,207.5517578125
2900,16.7514431476593,0.7463015913963318,0.6160457134246826,0.22549621760845184,110877,15000,168.942716998572,109.60626602172852,207.5517578125
2901,17.88048505783081,0.7722765803337097,0.623854398727417,0.2377931922674179,111956,15000,161.01889300261973,109.06052589416504,207.5517578125
2902,18.187297582626343,0.7815918326377869,0.6145808100700378,0.23775139451026917,113057,15000,161.18230600113748,109.6646785736084,207.5517578125
2903,18.375767469406128,0.7950546741485596,0.6106289625167847,0.238085076212883,114152,15000,159.65308500017272,108.96611213684082,207.5517578125
2904,18.25319528579712,0.7939988970756531,0.6143542528152466,0.24109037220478058,115248,15000,162.70339800030342,109.33446884155273,207.5517578125
2905,18.519577980041504,0.8022372126579285,0.6247380971908569,0.23521272838115692,116382,15000,159.12942599970847,108.72149467468262,207.5517578125
2906,18.762811422348022,0.8089381456375122,0.6155545711517334,0.2239864617586136,117473,15000,165.0064779969398,110.3367805480957,207.5517578125
2907,18.398191928863525,0.806188702583313,0.6006373167037964,0.20765070617198944,118525,15000,160.6064690022322,110.79144477844238,207.5517578125
2908,18.079216480255127,0.8008098006248474,0.6068053245544434,0.23350641131401062,119638,15000,162.52531499776524,109.69114303588867,207.5517578125
2909,17.88724184036255,0.794933021068573,0.6102221608161926,0.23681223392486572,120777,15000,164.57022200120264,109.3435287475586,207.5517578125
2910,18.233450651168823,0.8005814552307129,0.5985356569290161,0.21936553716659546,121855,15000,163.3964200009359,109.70234870910645,207.5517578125
2911,18.242074251174927,0.8026443719863892,0.5851004123687744,0.20950567722320557,122917,15000,170.99754700029735,112.75100708007812,207.5517578125
2912,16.817240715026855,0.7642579078674316,0.6041894555091858,0.2682545483112335,124082,15000,164.67148599986103,110.94236373901367,207.5517578125
2913,16.895790100097656,0.7669467329978943,0.6208404898643494,0.23988701403141022,125229,15000,162.68896299879998,111.13762855529785,207.5517578125
2914,17.427252531051636,0.7863297462463379,0.6111178398132324,0.23157651722431183,126355,15000,160.08404900276219,110.55827140808105,207.5517578125
2915,17.387022972106934,0.7871695756912231,0.6102622151374817,0.22139786183834076,127458,15000,171.2745270015148,111.57393455505371,207.5517578125
2916,17.314460277557373,0.7877942323684692,0.6165868043899536,0.25895506143569946,128637,15000,162.583707999147,111.76419258117676,207.5517578125
2917,17.478599548339844,0.7958099246025085,0.6079994440078735,0.23458744585514069,129796,15000,164.54594900278607,113.25907707214355,207.5517578125
2918,17.456122636795044,0.7993308901786804,0.6126952767372131,0.2124110460281372,130927,15000,160.2831439995498,109.20286178588867,207.5517578125
2919,17.65310049057007,0.8051335215568542,0.6112809181213379,0.2364732176065445,132095,15000,199.06848900063778,112.97249794006348,207.5517578125
2920,17.834091186523438,0.8067715167999268,0.6091009974479675,0.23760515451431274,133215,15000,168.6891489989648,111.29307746887207,207.5517578125
2921,17.9047691822052,0.8139581680297852,0.6025516986846924,0.22446514666080475,134376,15000,166.3593170014792,109.77387428283691,207.5517578125
2922,17.949436902999878,0.8176133036613464,0.6029821634292603,0.2319287359714508,135566,15000,162.5640120000753,111.26852035522461,207.5517578125
2923,17.918646335601807,0.8156060576438904,0.5936781167984009,0.2276630848646164,136726,15000,165.92414999831817,113.21067810058594,207.5517578125
2924,17.944083213806152,0.8167330026626587,0.5877128839492798,0.23520097136497498,137926,15000,163.76064799987944,111.98639869689941,207.5517578125
2925,17.911547422409058,0.8206872940063477,0.583732545375824,0.21840913593769073,139089,15000,172.12541299886652,115.49592018127441,207.5517578125
2926,17.92563796043396,0.8228162527084351,0.5816782712936401,0.2195206731557846,140299,15000,175.77068700120435,116.7304515838623,207.5517578125
2927,18.003939390182495,0.8219457864761353,0.5775495767593384,0.2334097921848297,141489,15000,166.79631900115055,113.10935020446777,207.5517578125
2928,18.022443056106567,0.8263508081436157,0.579088568687439,0.22543233633041382,142655,15000,168.7218560000474,111.38176918029785,207.5517578125
2929,17.85272240638733,0.8204225897789001,0.5852475762367249,0.23001442849636078,143858,15000,169.8587350001617,112.3800277709961,207.5517578125
2930,17.46803879737854,0.8106732368469238,0.5906389951705933,0.25149649381637573,145055,15000,168.8053529978788,111.98210716247559,207.5517578125
2931,17.473405599594116,0.8103322386741638,0.587712287902832,0.23828125,146266,15000,163.47513800064917,110.48150062561035,207.5517578125
2932,16.75439476966858,0.7885019779205322,0.5991750359535217,0.25847288966178894,147479,15000,169.73065400088672,111.00316047668457,207.5517578125
2933,16.6555118560791,0.788019061088562,0.6001866459846497,0.25133559107780457,148676,15000,170.22121400077594,111.96160316467285,207.5517578125
2934,16.608450412750244,0.7859284281730652,0.5971490144729614,0.24081258475780487,149743,15000,165.46339699925738,110.73064804077148,207.5517578125
2935,16.547292470932007,0.7809981107711792,0.5897248983383179,0.25045961141586304,149949,15000,158.91735300101573,112.6241683959961,207.5517578125
2936,16.714940071105957,0.790221095085144,0.5915966033935547,0.25183114409446716,149994,15000,155.28871099741082,111.49287223815918,209.701171875
2937,16.54270648956299,0.7847771644592285,0.5850684642791748,0.2690541744232178,149999,15000,157.7884849975817,111.15837097167969,209.701171875
2938,16.50007128715515,0.7834917306900024,0.5922242403030396,0.26241257786750793,150000,15000,158.6879320020671,111.70673370361328,209.701171875
2939,16.590843200683594,0.7854752540588379,0.5905483961105347,0.24791468679904938,150000,15000,154.16542499951902,111.36412620544434,209.701171875
2940,16.560972929000854,0.7851747274398804,0.5877628326416016,0.25144270062446594,150000,15000,153.44276199903106,112.98799514770508,209.701171875
2941,16.40708565711975,0.7797025442123413,0.5890738368034363,0.26385220885276794,150000,15000,152.11190699847066,111.80782318115234,209.701171875
2942,16.210120916366577,0.7780251502990723,0.5870630145072937,0.2575114667415619,150000,15000,150.89845699912985,110.97002029418945,209.701171875
2943,16.32757067680359,0.7809244394302368,0.5854944586753845,0.2582327127456665,150000,15000,157.28191599919228,112.72525787353516,209.701171875
2944,16.424124240875244,0.7808212637901306,0.5868676900863647,0.25260910391807556,150000,15000,152.73244499985594,109.85255241394043,209.701171875
2945,16.376821994781494,0.7833638191223145,0.5829973816871643,0.2676730155944824,150000,15000,152.92639899780625,112.84470558166504,209.701171875
2946,16.564347743988037,0.789275586605072,0.5867920517921448,0.2515544295310974,150000,15000,154.35353300199495,110.37707328796387,209.701171875
2947,16.498682498931885,0.789977490901947,0.5863931179046631,0.25262024998664856,150000,15000,151.14777800044976,111.47499084472656,209.701171875
2948,16.48544669151306,0.7892769575119019,0.5817078948020935,0.25767168402671814,150000,15000,151.4115350000793,111.29307746887207,209.701171875
2949,16.435551643371582,0.7899138331413269,0.5792042016983032,0.2527194619178772,150000,15000,154.32902999964426,111.87624931335449,209.701171875
2950,16.372593641281128,0.7861138582229614,0.5835697650909424,0.26111987233161926,150000,15000,152.80219899796066,111.87386512756348,209.701171875
2951,16.48661494255066,0.7903143763542175,0.5810476541519165,0.24264153838157654,150000,15000,151.99661400038167,111.59491539001465,209.701171875
2952,16.30393385887146,0.7850561141967773,0.5792111158370972,0.2518487870693207,150000,15000,153.11422600279911,112.48612403869629,209.701171875
2953,16.290756464004517,0.7845725417137146,0.5897495746612549,0.26043984293937683,150000,15000,152.63658500043675,111.61398887634277,209.701171875
2954,16.487102508544922,0.7746505737304688,0.5912368893623352,0.2631371021270752,150000,15000,155.61221100142575,109.76815223693848,209.701171875
2955,16.430305242538452,0.7801821231842041,0.5917840600013733,0.24971097707748413,150000,15000,152.26184600032866,109.93766784667969,209.701171875
2956,16.513872146606445,0.7857319116592407,0.5932608246803284,0.24266506731510162,150000,15000,153.2700190000469,112.03241348266602,209.701171875
2957,16.46111488342285,0.788385272026062,0.5869564414024353,0.2470712512731552,150000,15000,154.1272360009316,112.99014091491699,209.701171875
2958,16.35367512702942,0.7855253219604492,0.5928561687469482,0.2742174565792084,150000,15000,161.10091700102203,112.64610290527344,209.701171875
2959,16.588081121444702,0.7922207713127136,0.5889516472816467,0.2543971538543701,150000,15000,158.98161500081187,112.31756210327148,209.701171875
2960,16.466760635375977,0.7935296893119812,0.5813209414482117,0.2509472072124481,150000,15000,152.46867099995143,111.59396171569824,209.701171875
2961,16.527507305145264,0.7934660911560059,0.5863534212112427,0.2554786205291748,150000,15000,153.55299899965758,110.95809936523438,209.701171875
2962,16.369335651397705,0.79169100522995,0.5860370397567749,0.24981370568275452,150000,15000,156.46993499831297,113.64126205444336,209.701171875
2963,16.498218774795532,0.7925264835357666,0.5849018692970276,0.259351909160614,150000,15000,155.13945299971965,110.68463325500488,209.701171875
2964,16.40417218208313,0.7909223437309265,0.5856015086174011,0.26634544134140015,150000,15000,408.652706999419,111.6170883178711,209.701171875
2965,16.280221939086914,0.7900919914245605,0.585351824760437,0.25730788707733154,150000,15000,156.74452699749963,110.08071899414062,209.701171875
2966,16.296424865722656,0.7911101579666138,0.5904874801635742,0.24613556265830994,150000,15000,154.92979799819295,109.95054244995117,209.701171875
2967,16.19903326034546,0.7856948375701904,0.5944696664810181,0.26073917746543884,150000,15000,159.46961199733778,113.51466178894043,209.701171875
2968,16.24792456626892,0.7903848886489868,0.5948731899261475,0.2549993693828583,150000,15000,152.61127399935503,111.24825477600098,209.701171875
2969,16.074849367141724,0.7831922769546509,0.5932126641273499,0.24069805443286896,150000,15000,154.88954999818816,110.60023307800293,209.701171875
2970,15.903722047805786,0.7739121317863464,0.598242998123169,0.2547098994255066,150000,15000,152.99478599990834,111.15336418151855,209.701171875
2971,15.739530324935913,0.7722660899162292,0.5903601050376892,0.2627440094947815,150000,15000,154.5681780007726,111.97543144226074,209.701171875
2972,15.730162858963013,0.7749782800674438,0.5896878242492676,0.2694011330604553,150000,15000,164.50950800208375,113.96503448486328,209.701171875
2973,15.599466562271118,0.7661165595054626,0.6028019189834595,0.2866935729980469,150000,15000,154.06494499984547,111.59110069274902,209.701171875
2974,15.822700262069702,0.7715827822685242,0.6093847751617432,0.2635304033756256,150000,15000,153.6106289968302,111.91415786743164,209.701171875
2975,15.81776738166809,0.7738532423973083,0.6117447018623352,0.27733543515205383,150000,15000,152.24861599926953,109.99870300292969,209.701171875
2976,15.545194149017334,0.7673367261886597,0.6118853688240051,0.2806355953216553,150000,15000,166.41671399702318,114.77470397949219,209.701171875
2977,15.63409686088562,0.7677043676376343,0.6196620464324951,0.27200379967689514,150000,15000,169.58845199769712,110.86678504943848,209.701171875
2978,15.752619504928589,0.7726551294326782,0.6233590245246887,0.24593651294708252,150000,15000,151.54274399901624,108.76870155334473,209.701171875
2979,15.614732503890991,0.7665561437606812,0.6281722187995911,0.24677209556102753,150000,15000,152.55821800019476,111.18245124816895,209.701171875
2980,15.597549676895142,0.768925666809082,0.6277799606323242,0.2495938539505005,150000,15000,153.6052040028153,112.48612403869629,209.701171875
2981,15.814266204833984,0.776049017906189,0.6300314664840698,0.2431078851222992,150000,15000,153.38053700179444,111.0999584197998,209.701171875
2982,16.164779663085938,0.7821919322013855,0.6326341032981873,0.24137699604034424,150000,15000,159.21701499974006,109.82394218444824,209.701171875
2983,16.038150787353516,0.7850040793418884,0.6301136016845703,0.23103180527687073,150000,15000,150.9574409974448,110.89920997619629,209.701171875
2984,16.093029975891113,0.786287248134613,0.6312962174415588,0.23128178715705872,150000,15000,152.25125700089848,110.1377010345459,209.701171875
2985,16.182373762130737,0.7852964401245117,0.6312872767448425,0.2533477246761322,150000,15000,151.5303239975765,110.85963249206543,209.701171875
2986,16.259981393814087,0.7883577346801758,0.6383957862854004,0.25820404291152954,150000,15000,151.6615449982055,110.95690727233887,209.701171875
2987,16.1892306804657,0.7889379858970642,0.6371753215789795,0.24472525715827942,150000,15000,151.3423740034341,109.76433753967285,209.701171875
2988,16.15315556526184,0.7875810861587524,0.637338399887085,0.23874105513095856,150000,15000,153.04172999822185,109.93289947509766,209.701171875
2989,16.02923274040222,0.7870693206787109,0.639662504196167,0.24995647370815277,150000,15000,152.62514200003352,111.01102828979492,209.701171875
2990,16.055660247802734,0.7862110137939453,0.6417793035507202,0.24833518266677856,150000,15000,153.62640999956056,110.8102798461914,209.701171875
2991,16.167421340942383,0.7890865206718445,0.6399539709091187,0.2720492482185364,150000,15000,153.0339829987497,111.14954948425293,209.701171875
2992,16.203655004501343,0.7912346720695496,0.6339974999427795,0.24198010563850403,150000,15000,156.19716299988795,110.17084121704102,209.701171875
2993,16.24614953994751,0.793188750743866,0.6357663869857788,0.2432413250207901,150000,15000,156.56620799927623,110.0468635559082,209.701171875
2994,16.503100395202637,0.798253059387207,0.6345869302749634,0.2450082004070282,150000,15000,156.5001660019334,110.09979248046875,209.701171875
2995,16.448051929473877,0.7994055151939392,0.6275544166564941,0.23204036056995392,150000,15000,171.28218099969672,119.89474296569824,209.701171875
2996,16.425317525863647,0.8000907897949219,0.6314451694488525,0.2359827756881714,150000,15000,152.74587900057668,110.27002334594727,209.701171875
2997,16.71563744544983,0.8043769598007202,0.6248525977134705,0.23411211371421814,150000,15000,152.88367299945094,110.83793640136719,209.701171875
2998,16.755876541137695,0.8098515272140503,0.6250642538070679,0.24583052098751068,150000,15000,155.7776690024184,110.51464080810547,209.701171875
2999,16.705175638198853,0.8090808391571045,0.6348385810852051,0.25238215923309326,150000,15000,152.91133599748719,110.36562919616699,209.701171875
3000,16.75872564315796,0.8100463151931763,0.6350079774856567,0.20670869946479797,148288,15000,157.44609299872536,110.62765121459961,209.701171875
3001,17.12881088256836,0.8190293312072754,0.6269673109054565,0.24814996123313904,149607,15000,165.85150199898635,110.72015762329102,209.701171875
3002,17.259042263031006,0.8227062225341797,0.6268698573112488,0.23466457426548004,149960,15000,163.02813799848082,109.31992530822754,209.701171875
3003,17.4699604511261,0.8309017419815063,0.6214510798454285,0.24997426569461823,149996,15000,162.05403100320837,111.49001121520996,209.701171875
3004,17.539732456207275,0.8331336975097656,0.6160751581192017,0.20609413087368011,149999,15000,158.78807799890637,112.16497421264648,209.701171875
3005,17.64065980911255,0.8344551920890808,0.6155810952186584,0.23726493120193481,150000,15000,157.63097500166623,109.15899276733398,209.701171875
3006,17.489488124847412,0.8351163864135742,0.6137502193450928,0.21999135613441467,150000,15000,157.0862730004592,109.99178886413574,209.701171875
3007,17.653440237045288,0.8376860618591309,0.6095651388168335,0.22783222794532776,150000,15000,158.97163399858982,110.90922355651855,209.701171875
3008,17.543121576309204,0.8370959162712097,0.6034224629402161,0.22484983503818512,150000,15000,155.5592639997485,111.88459396362305,209.701171875
3009,17.558318376541138,0.8364148139953613,0.6068220734596252,0.24580886960029602,150000,15000,158.54277799735428,112.43033409118652,209.701171875
3010,17.493414878845215,0.8362019062042236,0.6048898696899414,0.2215418666601181,150000,15000,155.5634709984588,112.74242401123047,209.701171875
3011,17.60063886642456,0.838295578956604,0.6059150099754333,0.25885704159736633,150000,15000,153.7350830003561,110.41092872619629,209.701171875
3012,17.52828359603882,0.8382940292358398,0.6093685030937195,0.24910402297973633,150000,15000,155.07386600074824,111.88888549804688,209.701171875
3013,17.642858028411865,0.8409904837608337,0.6006255149841309,0.2228732705116272,150000,15000,167.4850849994982,116.08743667602539,209.701171875
3014,17.337993383407593,0.8359658122062683,0.5813370943069458,0.22293627262115479,150000,15000,194.43718800175702,121.97303771972656,209.701171875
3015,17.135586738586426,0.8305377960205078,0.5965442657470703,0.2215382605791092,150000,15000,157.54134799863095,116.02544784545898,209.701171875
3016,17.462958097457886,0.8389610052108765,0.5979683995246887,0.24776406586170197,150000,15000,156.44027999951504,109.45487022399902,209.701171875
3017,17.52010464668274,0.8372690081596375,0.5979125499725342,0.2236776202917099,150000,15000,147.90142900164938,108.43443870544434,209.701171875
3018,17.625893354415894,0.8390496969223022,0.6000683307647705,0.22551089525222778,150000,15000,155.57503400123096,110.51654815673828,209.701171875
3019,17.546974420547485,0.8407532572746277,0.5998069047927856,0.23301063477993011,150000,15000,156.68679800000973,110.34488677978516,209.701171875
3020,17.47545838356018,0.8388940095901489,0.5948507785797119,0.23484276235103607,150000,15000,155.23194399793283,110.66317558288574,209.701171875
3021,17.631043195724487,0.8439823985099792,0.5885498523712158,0.22550567984580994,150000,15000,155.03589600120904,109.70926284790039,209.701171875
3022,17.546306848526,0.8425993919372559,0.5773081183433533,0.22532232105731964,150000,15000,154.4210159991053,110.26358604431152,209.701171875
3023,17.66463279724121,0.8447830080986023,0.5796180963516235,0.22758711874485016,150000,15000,157.4555449988111,109.87257957458496,209.701171875
3024,17.724409103393555,0.8466602563858032,0.5760945081710815,0.22849148511886597,150000,15000,154.42112800155883,111.79709434509277,209.701171875
3025,17.927919626235962,0.8534713983535767,0.5715651512145996,0.21640856564044952,150000,15000,152.32146899870713,110.90373992919922,209.701171875
3026,17.87308931350708,0.8541225790977478,0.5745660066604614,0.2397521436214447,150000,15000,157.94954399825656,113.24405670166016,209.701171875
3027,17.699469327926636,0.8488107919692993,0.565510630607605,0.22424398362636566,150000,15000,162.86466599922278,115.49854278564453,209.701171875
3028,18.029229640960693,0.8556117415428162,0.5669490694999695,0.21264715492725372,150000,15000,159.37662699798238,113.14177513122559,209.701171875
3029,17.966102361679077,0.8549696803092957,0.5643290281295776,0.24079757928848267,150000,15000,155.09539900085656,111.76538467407227,209.701171875
3030,17.71732807159424,0.8477725386619568,0.571282148361206,0.22768618166446686,150000,15000,154.94484499868122,111.4811897277832,209.701171875
3031,17.86669611930847,0.8533088564872742,0.5724889039993286,0.2364521026611328,150000,15000,166.32799099897966,116.15991592407227,209.701171875
3032,17.99684762954712,0.8554013967514038,0.5622340440750122,0.22695361077785492,150000,15000,161.0573670004669,115.65947532653809,209.701171875
3033,17.825043201446533,0.8570398092269897,0.5647776126861572,0.23125386238098145,150000,15000,163.00187300294056,114.31384086608887,209.701171875
3034,18.051774501800537,0.8611658811569214,0.5616709589958191,0.2299450933933258,150000,15000,155.69430899995496,111.61327362060547,209.701171875
3035,17.92942762374878,0.8591977953910828,0.5595229864120483,0.22610962390899658,150000,15000,158.75990700078546,111.21964454650879,209.701171875
3036,18.182716369628906,0.8657073378562927,0.5508415102958679,0.20172254741191864,150000,15000,154.15052800017293,110.55779457092285,209.701171875
3037,18.21428894996643,0.8660030364990234,0.5548370480537415,0.20101667940616608,150000,15000,155.49984999961453,113.10958862304688,209.701171875
3038,18.269450664520264,0.8646727800369263,0.551157534122467,0.22678112983703613,150000,15000,156.25731199907023,110.97025871276855,209.701171875
3039,18.340325355529785,0.8657266497612,0.555213212966919,0.21126647293567657,150000,15000,154.4721819991537,110.40711402893066,209.701171875
3040,18.371903896331787,0.8691681623458862,0.555167555809021,0.19961291551589966,150000,15000,156.53785699760192,111.63210868835449,209.701171875
3041,18.321720361709595,0.868975043296814,0.5484616756439209,0.1925542801618576,150000,15000,153.0977910006186,111.1307144165039,209.701171875
3042,18.271503448486328,0.8670822381973267,0.5491258502006531,0.19000400602817535,150000,15000,156.70284199950402,109.9090576171875,209.701171875
3043,18.394306898117065,0.868485152721405,0.5483837127685547,0.2191535234451294,150000,15000,157.8974059993925,112.16163635253906,209.701171875
3044,18.4375262260437,0.8688710927963257,0.5414134860038757,0.2169020175933838,150000,15000,155.71171999908984,110.14747619628906,209.701171875
3045,18.57184648513794,0.8717009425163269,0.5438959002494812,0.21452561020851135,150000,15000,163.57982200133847,118.22628974914551,209.701171875
3046,18.56960415840149,0.8737548589706421,0.5246684551239014,0.1991407871246338,150000,15000,154.08479400139186,111.50121688842773,209.701171875
3047,18.214173316955566,0.8633959293365479,0.5264667272567749,0.23133479058742523,150000,15000,154.06575899760355,109.7862720489502,209.701171875
3048,18.23481559753418,0.8636850714683533,0.5305607914924622,0.23577430844306946,150000,15000,152.5984950021666,110.67509651184082,209.701171875
3049,18.243420124053955,0.8647469282150269,0.5241380929946899,0.21504981815814972,150000,15000,155.5833940001321,110.43572425842285,209.701171875
3050,17.887660264968872,0.8557555079460144,0.5376739501953125,0.22163739800453186,150000,15000,154.12450300209457,110.14628410339355,209.701171875
3051,18.410215377807617,0.8678507208824158,0.5380674600601196,0.2293422371149063,150000,15000,153.5497580007359,111.59515380859375,209.701171875
3052,18.260735273361206,0.86744225025177,0.5443745851516724,0.22327201068401337,150000,15000,149.92750999954296,109.57193374633789,209.701171875
3053,17.925376892089844,0.8571071028709412,0.5604668855667114,0.2511652112007141,150000,15000,153.62567600095645,110.53943634033203,209.701171875
3054,18.202704191207886,0.8625086545944214,0.5559066534042358,0.24763883650302887,150000,15000,153.98779200040735,111.56296730041504,209.701171875
3055,18.0655837059021,0.8618564009666443,0.553985059261322,0.23250043392181396,150000,15000,153.32716899865773,111.78803443908691,209.701171875
3056,18.201483488082886,0.8647298216819763,0.5539458394050598,0.22915513813495636,150000,15000,152.09299999696668,109.2679500579834,209.701171875
3057,18.400144577026367,0.8686990737915039,0.5531860589981079,0.24074208736419678,150000,15000,153.64001800116966,110.72921752929688,209.701171875
3058,18.330782651901245,0.8697527647018433,0.5398890972137451,0.2406979203224182,150000,15000,158.08165799899143,109.99155044555664,209.701171875
3059,18.563416004180908,0.8743289709091187,0.5480433702468872,0.2462558150291443,150000,15000,159.53808799895342,109.26437377929688,209.701171875
3060,18.640575408935547,0.8766175508499146,0.5467785596847534,0.21790811419487,150000,15000,160.6008210001164,113.15369606018066,209.701171875
3061,18.717522621154785,0.8782480955123901,0.5453296303749084,0.18767531216144562,150000,15000,161.52609300115728,112.82610893249512,209.701171875
3062,18.79517674446106,0.8788511753082275,0.5366098284721375,0.205708846449852,150000,15000,154.00540300106513,108.39414596557617,209.701171875
3063,18.878575563430786,0.881356418132782,0.5310365557670593,0.22448621690273285,150000,15000,151.17040499899304,110.6257438659668,209.701171875
3064,18.830794095993042,0.8817877769470215,0.5264042019844055,0.1997261643409729,150000,15000,158.56921000158763,113.21544647216797,209.701171875
3065,18.934156894683838,0.8838521242141724,0.522863507270813,0.2015061229467392,150000,15000,150.8763350029767,109.63845252990723,209.701171875
3066,19.057395458221436,0.8856388926506042,0.5115617513656616,0.22338218986988068,150000,15000,151.98805199906928,110.46671867370605,209.701171875
3067,19.038385152816772,0.8855780363082886,0.5040066838264465,0.21966324746608734,150000,15000,157.1405059985409,110.6877326965332,209.701171875
3068,19.035282135009766,0.8851343989372253,0.5176681280136108,0.22306649386882782,150000,15000,154.9793319973105,111.12809181213379,209.701171875
3069,18.829140663146973,0.8808271288871765,0.522978663444519,0.22503367066383362,150000,15000,158.21920599773875,111.37056350708008,209.701171875
3070,18.888461589813232,0.8812044858932495,0.5270942449569702,0.23691485822200775,150000,15000,155.7793899992248,110.80217361450195,209.701171875
3071,19.03228759765625,0.8844798803329468,0.523995041847229,0.23721548914909363,150000,15000,152.90670000104,110.07046699523926,209.701171875
3072,19.02942657470703,0.886058509349823,0.5214014053344727,0.21023431420326233,150000,15000,154.46702600092976,110.63146591186523,209.701171875
3073,19.02408480644226,0.8864388465881348,0.5200091004371643,0.20902369916439056,150000,15000,156.9342940019851,110.92972755432129,209.701171875
3074,18.858901262283325,0.8827120065689087,0.525260865688324,0.20751157402992249,150000,15000,154.58990100160008,111.18626594543457,209.701171875
3075,18.94685983657837,0.8851016759872437,0.5243486166000366,0.20739667117595673,150000,15000,155.54746000270825,110.37850379943848,209.701171875
3076,18.945685625076294,0.883023202419281,0.5198917984962463,0.22785772383213043,150000,15000,154.2269519995898,110.34941673278809,209.701171875
3077,18.809654712677002,0.8785514831542969,0.5215484499931335,0.22575773298740387,150000,15000,152.4639719973493,108.68000984191895,209.701171875
3078,18.68051052093506,0.8754919767379761,0.5267729759216309,0.22790122032165527,150000,15000,153.57022399985,111.48238182067871,209.701171875
3079,18.821041584014893,0.8801013231277466,0.5248563885688782,0.2218451350927353,150000,15000,159.98827400107984,111.21821403503418,209.701171875
3080,18.852778673171997,0.8786343932151794,0.5249671339988708,0.22015555202960968,150000,15000,159.92876699965564,110.25404930114746,209.701171875
3081,18.522915840148926,0.8728469610214233,0.5245115756988525,0.2303665727376938,150000,15000,153.3599159993173,110.88252067565918,209.701171875
3082,18.716142177581787,0.8741304278373718,0.5368130207061768,0.2175062745809555,150000,15000,153.88589399663033,110.21876335144043,209.701171875
3083,18.854734897613525,0.8774151802062988,0.5323567986488342,0.21508584916591644,150000,15000,156.9518420001259,110.52632331848145,209.701171875
3084,18.619686365127563,0.8712197542190552,0.5365480184555054,0.22481198608875275,150000,15000,154.24837400132674,110.61668395996094,209.701171875
3085,18.952722549438477,0.8801999092102051,0.543194055557251,0.21428550779819489,150000,15000,154.01025399842183,110.64624786376953,209.701171875
3086,18.94904851913452,0.8809568881988525,0.5448594689369202,0.21247141063213348,150000,15000,155.3084029983438,109.54093933105469,209.701171875
3087,18.990172147750854,0.8833320140838623,0.5504452586174011,0.21095010638237,150000,15000,153.7005850004789,111.04226112365723,209.701171875
3088,19.057343006134033,0.8867809176445007,0.546812891960144,0.21225771307945251,150000,15000,153.20872499796678,111.55867576599121,209.701171875
3089,18.693848848342896,0.8789975643157959,0.544816255569458,0.23832915723323822,150000,15000,152.6539229998889,108.17646980285645,209.701171875
3090,18.46021056175232,0.870511531829834,0.5478718876838684,0.24233278632164001,150000,15000,157.4695960007375,110.5661392211914,209.701171875
3091,17.993286848068237,0.8617557287216187,0.5561160445213318,0.23805199563503265,150000,15000,157.7160359993286,113.39020729064941,209.701171875
3092,17.610052824020386,0.8480873107910156,0.5545136332511902,0.24540188908576965,150000,15000,153.2306500012055,110.32986640930176,209.701171875
3093,17.218681573867798,0.8304933905601501,0.5757304430007935,0.23305879533290863,150000,15000,155.591151000408,111.78088188171387,209.701171875
3094,16.541414260864258,0.8128368854522705,0.5903570652008057,0.2436453104019165,150000,15000,153.400426999724,111.30023002624512,209.701171875
3095,16.366665363311768,0.806517481803894,0.604080080986023,0.30283495783805847,150000,15000,155.8688519980933,110.68081855773926,209.701171875
3096,16.28671169281006,0.8049927949905396,0.6046022176742554,0.24216228723526,150000,15000,151.82873900266713,108.21127891540527,209.701171875
3097,16.66863203048706,0.8160642385482788,0.6118361949920654,0.2724459767341614,150000,15000,187.5031060008041,117.04826354980469,209.701171875
3098,16.53360605239868,0.8122451305389404,0.5929197072982788,0.25800785422325134,150000,15000,157.44345499842893,111.25731468200684,209.701171875
3099,16.046730279922485,0.7989572882652283,0.6112361550331116,0.27744054794311523,150000,15000,151.33192299981602,109.21144485473633,209.701171875
3100,16.016968488693237,0.7937861680984497,0.6217787861824036,0.2902419865131378,141115,15000,157.37305199945695,110.0320816040039,209.701171875
3101,16.50279998779297,0.8048273324966431,0.5971485376358032,0.3080289363861084,142502,15000,171.18084100002307,109.79890823364258,209.701171875
3102,16.86141014099121,0.8172032237052917,0.594489574432373,0.27879735827445984,143885,15000,164.46830499990028,109.4045639038086,209.701171875
3103,17.218704223632812,0.8302698135375977,0.5811625123023987,0.2770589292049408,145277,15000,172.76318600124796,112.37025260925293,209.701171875
3104,17.50589609146118,0.8401228785514832,0.5660169124603271,0.2776568830013275,146657,15000,171.21175799911725,108.28471183776855,209.701171875
3105,17.78598189353943,0.8516888618469238,0.5599077939987183,0.2724088728427887,148054,15000,167.4696469999617,110.34870147705078,209.701171875
3106,17.998967170715332,0.8589579463005066,0.5669330358505249,0.2422216832637787,149424,15000,167.26319800000056,110.8698844909668,209.701171875
3107,18.09098482131958,0.8642840385437012,0.559633195400238,0.2752508521080017,149971,15000,165.41099499954726,110.38327217102051,209.701171875
3108,17.679141759872437,0.8581838607788086,0.5681955814361572,0.25133830308914185,150000,15000,157.07880399713758,110.9776496887207,209.701171875
3109,17.286747694015503,0.8475221991539001,0.579674482345581,0.23937959969043732,150000,15000,157.27664999940316,111.46736145019531,209.701171875
3110,17.25216031074524,0.8488340377807617,0.5821047425270081,0.23008713126182556,150000,15000,153.84826800072915,110.54277420043945,209.701171875
3111,17.337260246276855,0.8523901700973511,0.5873892903327942,0.22038201987743378,150000,15000,154.93648200208554,110.05258560180664,209.701171875
3112,17.58092164993286,0.8584198355674744,0.5774012207984924,0.23895038664340973,150000,15000,159.70600500077126,112.2446060180664,209.701171875
3113,17.73316264152527,0.865780770778656,0.585189700126648,0.24334625899791718,150000,15000,156.33335399979842,110.64910888671875,209.701171875
3114,17.796506881713867,0.8659424781799316,0.5831024050712585,0.2443138211965561,150000,15000,152.19996399900992,110.05783081054688,209.701171875
3115,17.961288690567017,0.8715853691101074,0.5760840773582458,0.23040491342544556,150000,15000,156.92911500082118,110.69154739379883,209.701171875
3116,17.93753743171692,0.8692113757133484,0.5818055272102356,0.23940524458885193,150000,15000,156.2969510014227,109.84587669372559,209.701171875
3117,18.030167818069458,0.8733100891113281,0.573698878288269,0.25173914432525635,150000,15000,154.80046100128675,111.8166446685791,209.701171875
3118,17.930365800857544,0.8709036707878113,0.570945680141449,0.21580396592617035,150000,15000,156.55194300052244,111.82260513305664,209.701171875
3119,17.869699001312256,0.8673540949821472,0.5753657817840576,0.25815024971961975,150000,15000,153.97742799905245,110.69703102111816,209.701171875
3120,17.770404815673828,0.8587273359298706,0.5710668563842773,0.2487364113330841,150000,15000,156.1097309968318,111.09781265258789,209.701171875
3121,17.535808086395264,0.8517745733261108,0.5710042715072632,0.2746177315711975,150000,15000,155.5998100011493,109.5893383026123,209.701171875
3122,17.132660150527954,0.8400554656982422,0.5756750702857971,0.2638047933578491,150000,15000,158.63846199863474,110.70609092712402,209.701171875
3123,16.60924792289734,0.8235160112380981,0.5900331139564514,0.2767065763473511,150000,15000,151.9144949998008,109.9240779876709,209.701171875
3124,16.218796968460083,0.8118672370910645,0.5962699055671692,0.2804156541824341,150000,15000,150.11229000083404,109.21120643615723,209.701171875
3125,16.184520721435547,0.807438313961029,0.6058430671691895,0.27521616220474243,150000,15000,159.80111399767338,111.37914657592773,209.701171875
3126,15.980768203735352,0.79594486951828,0.616676926612854,0.3042713701725006,150000,15000,152.44818100109114,110.82124710083008,209.701171875
3127,15.960911512374878,0.7946834564208984,0.617321789264679,0.2853531539440155,150000,15000,152.90435099814204,110.9306812286377,209.701171875
3128,15.78964114189148,0.7888264060020447,0.6203057765960693,0.2727615535259247,150000,15000,419.1340350007522,109.90595817565918,209.701171875
3129,15.832968950271606,0.7870790362358093,0.62364661693573,0.30887851119041443,150000,15000,150.09613599977456,108.91342163085938,209.701171875
3130,15.867781639099121,0.7908170223236084,0.6213864088058472,0.2817992568016052,150000,15000,152.7574840001762,110.1524829864502,209.701171875
3131,15.86356520652771,0.7900528907775879,0.6385841965675354,0.2928488850593567,150000,15000,152.33316399826435,109.77935791015625,209.701171875
3132,15.923441648483276,0.7900401949882507,0.638715922832489,0.3230319321155548,150000,15000,152.2659059992293,109.31754112243652,209.701171875
3133,16.10840082168579,0.7981017827987671,0.6426136493682861,0.3126060366630554,150000,15000,153.28980599952047,109.38000679016113,209.701171875
3134,16.14694356918335,0.8027185797691345,0.6456589698791504,0.30926984548568726,150000,15000,152.92168199812295,110.75949668884277,209.701171875
3135,15.988423824310303,0.7932903170585632,0.6442708373069763,0.3075442910194397,150000,15000,153.97806100008893,111.74845695495605,209.701171875
3136,16.02198362350464,0.795745849609375,0.6529233455657959,0.31117182970046997,150000,15000,153.14902500176686,109.94434356689453,209.701171875
3137,16.28225326538086,0.8051978349685669,0.6496171951293945,0.3192667067050934,150000,15000,156.0510979979881,109.19404029846191,209.701171875
3138,16.288760900497437,0.8063390254974365,0.6446660757064819,0.3145129084587097,150000,15000,150.7427690012264,109.72857475280762,209.701171875
3139,16.079331636428833,0.7984179258346558,0.6446965336799622,0.3067364990711212,150000,15000,155.8477069993387,110.68034172058105,209.701171875
3140,16.08784317970276,0.7992991805076599,0.6507386565208435,0.3023170232772827,150000,15000,156.22701900065294,109.50613021850586,209.701171875
3141,16.155664920806885,0.8013794422149658,0.6556459069252014,0.31904134154319763,150000,15000,159.06506699684542,111.31405830383301,209.701171875
3142,16.06073021888733,0.7982252836227417,0.6548606753349304,0.3035367727279663,150000,15000,157.37653000178398,108.69026184082031,209.701171875
3143,16.080604791641235,0.7977920770645142,0.6626102328300476,0.32306551933288574,150000,15000,156.76387900020927,109.76099967956543,209.701171875
3144,16.004633903503418,0.7953377962112427,0.6655178666114807,0.31752830743789673,150000,15000,162.29664600177784,111.72151565551758,209.701171875
3145,15.858856439590454,0.7884806394577026,0.6584575176239014,0.3237692415714264,150000,15000,158.53071700257715,110.64839363098145,209.701171875
3146,16.09109878540039,0.7961040735244751,0.6598124504089355,0.3276461660861969,150000,15000,155.67204399849288,108.80756378173828,209.701171875
3147,16.077829599380493,0.7986950874328613,0.6621350646018982,0.32017502188682556,150000,15000,154.0313920013432,109.26532745361328,209.701171875
3148,15.827726125717163,0.790461540222168,0.6572067737579346,0.3007621765136719,150000,15000,154.73345700229402,110.73184013366699,209.701171875
3149,15.829365253448486,0.7865304350852966,0.6610603928565979,0.3253231346607208,150000,15000,157.7365529992676,110.57734489440918,209.701171875
3150,15.999631881713867,0.7950342893600464,0.6568039655685425,0.3091454803943634,150000,15000,154.5559129990579,109.00545120239258,209.701171875
3151,15.954558849334717,0.7941722273826599,0.6567708253860474,0.29930639266967773,150000,15000,155.86735000033514,110.51511764526367,209.701171875
3152,15.886375904083252,0.7928565740585327,0.6499423384666443,0.3002469539642334,150000,15000,161.08105200328282,116.51825904846191,209.701171875
3153,16.01399302482605,0.7966585159301758,0.6504221558570862,0.29190686345100403,150000,15000,154.03929899912328,111.59253120422363,209.701171875
3154,16.018407344818115,0.8008445501327515,0.6529938578605652,0.30229565501213074,150000,15000,151.9037739999476,109.85326766967773,209.701171875
3155,16.13414168357849,0.8028344511985779,0.6541590690612793,0.3008384108543396,150000,15000,154.9218940017454,112.24651336669922,209.701171875
3156,16.09875202178955,0.8044738173484802,0.6523893475532532,0.26451459527015686,150000,15000,154.95125700181234,108.44969749450684,209.701171875
3157,16.143568754196167,0.806025505065918,0.6577730178833008,0.27411043643951416,150000,15000,154.34809900034452,111.92107200622559,209.701171875
3158,16.173847913742065,0.8067013025283813,0.6514427661895752,0.2663609981536865,150000,15000,154.44077899883268,110.23855209350586,209.701171875
3159,16.255236864089966,0.8070511221885681,0.6500110626220703,0.2803261876106262,150000,15000,153.49862600123743,109.62152481079102,209.701171875
3160,16.230146884918213,0.8090361952781677,0.6439294815063477,0.2781567871570587,150000,15000,156.22454199910862,110.98861694335938,209.701171875
3161,16.240816116333008,0.8116177320480347,0.6405144929885864,0.2866072952747345,150000,15000,154.24755999993067,110.19611358642578,209.701171875
3162,16.257654428482056,0.8142436742782593,0.6377073526382446,0.2667452096939087,150000,15000,154.70682700106408,110.44049263000488,209.701171875
3163,16.292450428009033,0.8178340196609497,0.6365324854850769,0.2584995627403259,150000,15000,150.06495700072264,108.19411277770996,209.701171875
3164,16.22475266456604,0.8121971487998962,0.6338172554969788,0.2568458020687103,150000,15000,156.10998999909498,109.73072052001953,209.701171875
3165,16.210964918136597,0.8130530118942261,0.6264933347702026,0.24376246333122253,150000,15000,154.04219500123872,110.23616790771484,209.701171875
3166,16.319153308868408,0.8186189532279968,0.6394009590148926,0.27809154987335205,150000,15000,156.03157000077772,111.08255386352539,209.701171875
3167,16.30094289779663,0.8182150721549988,0.630690336227417,0.24998316168785095,150000,15000,153.14897800271865,109.75933074951172,209.701171875
3168,16.142743825912476,0.8137426376342773,0.6360734701156616,0.2521390914916992,150000,15000,153.74464300111867,109.55095291137695,209.701171875
3169,16.150846481323242,0.8151755332946777,0.6450436115264893,0.25762560963630676,150000,15000,154.69128100085072,110.03804206848145,209.701171875
3170,16.18234395980835,0.8138269782066345,0.6470075249671936,0.24973413348197937,150000,15000,154.31693299979088,109.2374324798584,209.701171875
3171,16.15533947944641,0.8139504790306091,0.6479421257972717,0.2472749799489975,150000,15000,155.82602600261453,111.24014854431152,209.701171875
3172,16.06026530265808,0.8090704679489136,0.6449399590492249,0.24409690499305725,150000,15000,156.6008369991323,112.35404014587402,209.701171875
3173,16.002413034439087,0.8076601028442383,0.6439940929412842,0.23594781756401062,150000,15000,154.35598400290473,109.93361473083496,209.701171875
3174,16.044846773147583,0.8080767393112183,0.6460584402084351,0.24726353585720062,150000,15000,150.50065399918822,109.10964012145996,209.701171875
3175,15.970436334609985,0.8026213645935059,0.646748960018158,0.2431894987821579,150000,15000,151.5793130020029,108.89530181884766,209.701171875
3176,15.948922634124756,0.8024070262908936,0.6491270661354065,0.24052080512046814,150000,15000,154.63870399980806,108.58273506164551,209.701171875
3177,15.934561491012573,0.8014452457427979,0.6473646759986877,0.2185448706150055,150000,15000,164.01150100136874,110.77451705932617,209.701171875
3178,15.946083068847656,0.7996219396591187,0.6594207882881165,0.2355574369430542,150000,15000,158.09989199988195,111.41538619995117,209.701171875
3179,15.857003927230835,0.7956821322441101,0.6558666229248047,0.23628754913806915,150000,15000,156.17045300314203,110.36205291748047,209.701171875
3180,15.917800664901733,0.7961105108261108,0.6561094522476196,0.24445538222789764,150000,15000,158.96912199968938,111.35983467102051,209.701171875
3181,15.844922065734863,0.7939594984054565,0.6581199169158936,0.24508047103881836,150000,15000,153.3614289983234,110.62359809875488,209.701171875
3182,15.783387422561646,0.790890634059906,0.6586169004440308,0.24272270500659943,150000,15000,154.94578200014075,109.68756675720215,209.701171875
3183,15.849922895431519,0.7950958609580994,0.6437685489654541,0.23704436421394348,150000,15000,152.7841940005601,109.86661911010742,209.701171875
3184,15.649569034576416,0.7885324954986572,0.6492857933044434,0.23578304052352905,150000,15000,155.95179700176232,110.91256141662598,209.701171875
3185,15.716592073440552,0.7899587154388428,0.6481772065162659,0.22844085097312927,150000,15000,155.16740199745982,109.5726490020752,209.701171875
3186,15.839329957962036,0.7933928370475769,0.6497385501861572,0.2262149304151535,150000,15000,151.75553999870317,108.85882377624512,209.701171875
3187,15.881012678146362,0.7955732345581055,0.6533883213996887,0.23159654438495636,150000,15000,150.85777299827896,108.46686363220215,209.701171875
3188,15.950119495391846,0.7991385459899902,0.6433358192443848,0.223639115691185,150000,15000,153.54277200094657,109.45725440979004,209.701171875
3189,15.970474481582642,0.8022232055664062,0.6532844305038452,0.2113470435142517,150000,15000,152.9221509990748,109.21168327331543,209.701171875
3190,16.056244373321533,0.802026629447937,0.6518702507019043,0.21163712441921234,150000,15000,156.70698699977947,109.39288139343262,209.701171875
3191,15.991936922073364,0.8002082109451294,0.64622962474823,0.21039938926696777,150000,15000,154.68026800226653,108.29925537109375,209.701171875
3192,16.06365203857422,0.8044401407241821,0.6505715847015381,0.22037947177886963,150000,15000,154.41105300124036,109.4670295715332,209.701171875
3193,16.215323209762573,0.8084255456924438,0.6506554484367371,0.22964580357074738,150000,15000,155.67955600272398,111.0677719116211,209.701171875
3194,16.149903535842896,0.8064557313919067,0.6407228708267212,0.1996859610080719,150000,15000,157.10461799972109,108.67786407470703,209.701171875
3195,16.22947335243225,0.8102071285247803,0.6376758813858032,0.1991693675518036,150000,15000,152.82525200018426,108.69288444519043,209.701171875
3196,16.375772953033447,0.8162643909454346,0.624873161315918,0.21378983557224274,150000,15000,154.308099001355,111.24849319458008,209.701171875
3197,16.318962574005127,0.8153555393218994,0.6263383030891418,0.19933463633060455,150000,15000,154.89849699952174,110.50939559936523,209.701171875
3198,16.35027050971985,0.8188234567642212,0.6328009366989136,0.18516649305820465,150000,15000,154.41428999838536,108.94131660461426,209.701171875
3199,16.462116241455078,0.8227180242538452,0.6273291110992432,0.1849936544895172,150000,15000,157.02826599954278,113.11006546020508,209.701171875
3200,16.53049349784851,0.8239097595214844,0.6180802583694458,0.1905878782272339,145334,15000,156.96681699773762,109.83896255493164,209.701171875
3201,17.155907154083252,0.8536103963851929,0.5872870683670044,0.1903602033853531,146763,15000,164.38144799758447,110.66007614135742,209.701171875
3202,17.47732639312744,0.8615907430648804,0.573169469833374,0.17550945281982422,148207,15000,167.93851100010215,109.99655723571777,209.701171875
3203,17.586874961853027,0.8652596473693848,0.5720147490501404,0.17265909910202026,149640,15000,176.85995300053037,109.62224006652832,209.701171875
3204,17.605299949645996,0.8675010204315186,0.5588191151618958,0.1671491265296936,149988,15000,165.19368199806195,108.5364818572998,209.701171875
3205,17.39448070526123,0.8606948852539062,0.5558785200119019,0.1729070246219635,149999,15000,159.7334679972846,110.15987396240234,209.701171875
3206,17.031062841415405,0.8515107035636902,0.5640020966529846,0.16933225095272064,150000,15000,154.58212900193757,107.9869270324707,209.701171875
3207,16.639434099197388,0.8372395038604736,0.5744056105613708,0.16746728122234344,150000,15000,155.6580960022984,110.28814315795898,209.701171875
3208,16.35931372642517,0.8269714117050171,0.5792925357818604,0.17618152499198914,150000,15000,153.0620999983512,110.26501655578613,209.701171875
3209,16.470743417739868,0.8309776186943054,0.5812282562255859,0.19268038868904114,150000,15000,154.84095200008596,110.41688919067383,209.701171875
3210,16.49572491645813,0.8338162302970886,0.5762456655502319,0.1790168434381485,150000,15000,154.1892409986758,110.13984680175781,209.701171875
3211,16.51334524154663,0.8349127173423767,0.5796979069709778,0.17434711754322052,150000,15000,156.33180500299204,112.11299896240234,209.701171875
3212,16.587895154953003,0.836725115776062,0.5798139572143555,0.16713275015354156,150000,15000,159.3770309991669,109.44414138793945,209.701171875
3213,16.724039316177368,0.8402335047721863,0.5838479995727539,0.18235622346401215,150000,15000,158.50710900122067,110.92400550842285,209.701171875
3214,16.654199361801147,0.8388482928276062,0.5778180956840515,0.1687563806772232,150000,15000,153.02299700124422,110.82267761230469,209.701171875
3215,16.38960599899292,0.8290209770202637,0.5790541172027588,0.17110048234462738,150000,15000,154.93630500350264,109.84516143798828,209.701171875
3216,16.323312520980835,0.8242863416671753,0.5928142666816711,0.19084545969963074,150000,15000,158.35429599974304,111.32478713989258,209.701171875
3217,16.3098406791687,0.826146125793457,0.5871454477310181,0.1983221173286438,150000,15000,154.61534000132815,110.17084121704102,209.701171875
3218,16.384769678115845,0.8300256729125977,0.5953841209411621,0.1872493177652359,150000,15000,154.1693920007674,109.15040969848633,209.701171875
3219,16.40259027481079,0.8300656676292419,0.5913507342338562,0.1912606954574585,150000,15000,154.29450000010547,110.13102531433105,209.701171875
3220,16.388801336288452,0.8297386169433594,0.587934672832489,0.19033503532409668,150000,15000,154.6996710021631,109.50160026550293,209.701171875
3221,16.18585705757141,0.8231169581413269,0.5985874533653259,0.17863118648529053,150000,15000,158.5547199974826,108.95562171936035,209.701171875
3222,16.102734804153442,0.8188931941986084,0.5960656404495239,0.17727959156036377,150000,15000,157.64796499934164,111.33456230163574,209.701171875
3223,15.963810682296753,0.8130879402160645,0.6109710931777954,0.1898263692855835,150000,15000,153.62511700004688,107.54060745239258,209.701171875
3224,15.925354957580566,0.8107699751853943,0.6228429079055786,0.20441249012947083,150000,15000,159.11847299867077,113.3878231048584,209.701171875
3225,15.809379816055298,0.8047088384628296,0.6358686089515686,0.20905375480651855,150000,15000,156.2497839986463,109.66873168945312,209.701171875
3226,15.749526023864746,0.8004260063171387,0.6328161358833313,0.20984528958797455,150000,15000,161.1545939995267,109.73358154296875,209.701171875
3227,15.585354566574097,0.7911823987960815,0.6452846527099609,0.22263477742671967,150000,15000,157.4649499998486,108.98756980895996,209.701171875
3228,15.490453243255615,0.7871691584587097,0.653089165687561,0.22925539314746857,150000,15000,151.57041899874457,109.08341407775879,209.701171875
3229,15.536690950393677,0.7876929044723511,0.6381126046180725,0.2287043035030365,150000,15000,158.25587400104268,112.05101013183594,209.701171875
3230,15.335664749145508,0.7814652919769287,0.6585271954536438,0.22874097526073456,150000,15000,165.9472809988074,114.47572708129883,209.701171875
3231,15.3959321975708,0.782703161239624,0.6493930816650391,0.2444080412387848,150000,15000,162.3408349987585,110.57400703430176,209.701171875
3232,15.513651371002197,0.7854493856430054,0.6474879384040833,0.26529595255851746,150000,15000,153.5985949994938,110.93759536743164,209.701171875
3233,15.446234941482544,0.7818527221679688,0.6472360491752625,0.24754652380943298,150000,15000,152.6676050016249,107.59329795837402,209.701171875
3234,15.389525890350342,0.7783440351486206,0.6534019708633423,0.2616329491138458,150000,15000,150.63793099761824,108.69145393371582,209.701171875
3235,15.479848384857178,0.7825677394866943,0.648221492767334,0.2543385922908783,150000,15000,157.63111500200466,111.43803596496582,209.701171875
3236,15.47459602355957,0.7799527049064636,0.6472295522689819,0.2628609240055084,150000,15000,157.16118400086998,111.92655563354492,209.701171875
3237,15.318512916564941,0.7635471224784851,0.6615040302276611,0.2702326774597168,150000,15000,155.92655100044794,110.05830764770508,209.701171875
3238,15.32572627067566,0.7625983953475952,0.6657791137695312,0.2933044731616974,150000,15000,152.8224739995494,111.3436222076416,209.701171875
3239,15.427466630935669,0.7679039835929871,0.6569943428039551,0.2816602885723114,150000,15000,173.18669499945827,110.99100112915039,209.701171875
3240,15.438282489776611,0.7590488791465759,0.6486709713935852,0.2863975167274475,150000,15000,156.78774200205225,110.63051223754883,209.701171875
3241,15.073421001434326,0.7323901057243347,0.6639522314071655,0.3072831332683563,150000,15000,155.18097300082445,112.24603652954102,209.701171875
3242,14.832984209060669,0.7187820672988892,0.6920953392982483,0.3111880421638489,150000,15000,155.93487300066045,109.52544212341309,209.701171875
3243,14.93985891342163,0.7210094332695007,0.6864370107650757,0.3366277515888214,150000,15000,158.78887299913913,108.72197151184082,209.701171875
3244,14.94471788406372,0.7197887897491455,0.6812405586242676,0.3142266273498535,150000,15000,155.5912450021424,109.8325252532959,209.701171875
3245,14.857335090637207,0.712110698223114,0.6891319751739502,0.33081933856010437,150000,15000,157.91635600180598,109.37380790710449,209.701171875
3246,15.042214393615723,0.7222336530685425,0.6873501539230347,0.32747507095336914,150000,15000,159.50548200271442,113.01088333129883,209.701171875
3247,15.16384482383728,0.7311099767684937,0.6917767524719238,0.31584593653678894,150000,15000,152.59517899903585,109.33351516723633,209.701171875
3248,15.167093276977539,0.7303136587142944,0.6776953339576721,0.2979828715324402,150000,15000,150.6176039983984,108.8411808013916,209.701171875
3249,15.108561515808105,0.7181671857833862,0.6840015053749084,0.32270610332489014,150000,15000,149.62420200026827,108.20317268371582,209.701171875
3250,15.173705816268921,0.7294653654098511,0.6801559329032898,0.330652117729187,150000,15000,150.62900200064178,109.3597412109375,209.701171875
3251,15.227247476577759,0.7384947538375854,0.6701748371124268,0.2990739345550537,150000,15000,154.89449500091723,111.52172088623047,209.701171875
3252,15.127559900283813,0.7240644693374634,0.678218424320221,0.32384440302848816,150000,15000,153.22893700067652,110.01086235046387,209.701171875
3253,15.315783023834229,0.7374884486198425,0.6590172052383423,0.32596224546432495,150000,15000,153.20991699991282,109.55071449279785,209.701171875
3254,15.203186273574829,0.743777871131897,0.6831521987915039,0.2933391034603119,150000,15000,155.11314399918774,112.74409294128418,209.701171875
3255,15.281656980514526,0.7478570938110352,0.6803763508796692,0.29889431595802307,150000,15000,154.14714500002447,110.14008522033691,209.701171875
3256,15.283986330032349,0.7430540919303894,0.6760774254798889,0.32404428720474243,150000,15000,151.0310430021491,109.26032066345215,209.701171875
3257,15.435558557510376,0.7550636529922485,0.6805528402328491,0.30152052640914917,150000,15000,151.8841249999241,109.11035537719727,209.701171875
3258,15.545456409454346,0.7619995474815369,0.6765596866607666,0.3136416971683502,150000,15000,150.09330000248156,107.26404190063477,209.701171875
3259,15.545604228973389,0.7616060972213745,0.6819849014282227,0.28486910462379456,150000,15000,150.28847699795733,108.10375213623047,209.701171875
3260,15.616998672485352,0.7657932639122009,0.6682651042938232,0.29658833146095276,150000,15000,152.1066739987873,108.18934440612793,209.701171875
3261,15.64434289932251,0.7698448896408081,0.6654271483421326,0.2916628420352936,150000,15000,150.9362129982037,109.06696319580078,209.701171875
3262,15.609683990478516,0.7712254524230957,0.672425389289856,0.2789652943611145,150000,15000,152.97704100157716,111.0081672668457,209.701171875
3263,15.627021789550781,0.770416259765625,0.6738684177398682,0.27499857544898987,150000,15000,161.35424100139062,113.63053321838379,209.701171875
3264,15.732847452163696,0.7752302885055542,0.659600019454956,0.2713088095188141,150000,15000,154.40164100073162,110.01181602478027,209.701171875
3265,15.717670917510986,0.7777605056762695,0.6586912870407104,0.28675535321235657,150000,15000,152.27620899895555,109.30252075195312,209.701171875
3266,15.706076622009277,0.7804447412490845,0.6633809804916382,0.25397250056266785,150000,15000,150.54910899925744,108.83975028991699,209.701171875
3267,15.789186954498291,0.7838417887687683,0.6429756879806519,0.2862400710582733,150000,15000,153.84168200034765,110.73040962219238,209.701171875
3268,15.685758590698242,0.7824961543083191,0.6478694677352905,0.2516528367996216,150000,15000,150.62835199933033,108.123779296875,209.701171875
3269,15.767136812210083,0.7872409820556641,0.6622134447097778,0.2704251706600189,150000,15000,151.03849600200192,107.71536827087402,209.701171875
3270,15.723754167556763,0.7872710227966309,0.6638219952583313,0.2624207139015198,150000,15000,153.88138499838533,109.59959030151367,209.701171875
3271,15.860624313354492,0.796379029750824,0.650768518447876,0.26527348160743713,150000,15000,157.00581400233204,110.71586608886719,209.701171875
3272,15.78378438949585,0.7945607900619507,0.6622984409332275,0.2389308661222458,150000,15000,155.003496001882,111.76800727844238,209.701171875
3273,15.78700304031372,0.7912194728851318,0.6615128517150879,0.24237631261348724,150000,15000,150.92659700167133,108.47616195678711,209.701171875
3274,15.921168327331543,0.7981151342391968,0.6489307880401611,0.235713392496109,150000,15000,151.78145699974266,108.98160934448242,209.701171875
3275,15.748077630996704,0.791308581829071,0.6524067521095276,0.22006937861442566,150000,15000,152.200800999708,109.67683792114258,209.701171875
3276,15.947978496551514,0.7963913679122925,0.6556574106216431,0.2482253611087799,150000,15000,151.40071299902047,110.39185523986816,209.701171875
3277,15.949113368988037,0.7998027801513672,0.6460102796554565,0.22340717911720276,150000,15000,151.63876899896422,110.19301414489746,209.701171875
3278,15.878864526748657,0.7965476512908936,0.6484326124191284,0.23703232407569885,150000,15000,154.5660140000109,110.0759506225586,209.701171875
3279,15.899055004119873,0.7986836433410645,0.6572911739349365,0.2134101241827011,150000,15000,157.5993139995262,113.32130432128906,209.701171875
3280,15.978039503097534,0.8023886680603027,0.6547109484672546,0.20871597528457642,150000,15000,156.74866599874804,109.52329635620117,209.701171875
3281,16.085785627365112,0.8068739175796509,0.6372694969177246,0.22769571840763092,150000,15000,159.35614000045462,108.76727104187012,209.701171875
3282,16.037503480911255,0.8048137426376343,0.650145947933197,0.2197466790676117,150000,15000,153.1508770021901,109.09080505371094,209.701171875
3283,15.944724082946777,0.8017646074295044,0.6576637029647827,0.22008247673511505,150000,15000,151.630396998371,110.41855812072754,209.701171875
3284,16.02118968963623,0.804944634437561,0.6518694758415222,0.22098270058631897,150000,15000,152.29199799796334,109.17401313781738,209.701171875
3285,16.014082431793213,0.8046807050704956,0.6588128805160522,0.22499850392341614,150000,15000,150.93155799695523,109.48395729064941,209.701171875
3286,15.997507572174072,0.8051247596740723,0.6630443930625916,0.22148415446281433,150000,15000,150.44689500064123,108.72292518615723,209.701171875
3287,16.090314388275146,0.8096691966056824,0.6492338180541992,0.22410385310649872,150000,15000,151.9210420010495,108.97183418273926,209.701171875
3288,15.838748216629028,0.7994863986968994,0.661555290222168,0.22743716835975647,150000,15000,150.96733000245877,109.21049118041992,209.701171875
3289,15.88636040687561,0.8010410070419312,0.6669950485229492,0.22324515879154205,150000,15000,154.57775499817217,110.30101776123047,209.701171875
3290,15.918729305267334,0.8052980303764343,0.6591396331787109,0.22928877174854279,150000,15000,164.13689500041073,113.28554153442383,209.701171875
3291,15.849698781967163,0.802137553691864,0.6684309840202332,0.2292335480451584,150000,15000,151.4278729991929,107.77997970581055,209.701171875
3292,15.656239986419678,0.7952655553817749,0.6747985482215881,0.23050859570503235,150000,15000,154.05304999876535,108.83378982543945,209.701171875
3293,15.964410305023193,0.8070148229598999,0.6557735204696655,0.22487765550613403,150000,15000,157.1166940011608,110.08286476135254,209.701171875
3294,15.829594135284424,0.8019354343414307,0.6704862117767334,0.22440287470817566,150000,15000,154.2730940018373,109.5588207244873,209.701171875
3295,15.664311647415161,0.7947031855583191,0.6862792372703552,0.22105462849140167,150000,15000,155.65622600115603,109.79294776916504,209.701171875
3296,15.971328020095825,0.806692361831665,0.6560044884681702,0.21527670323848724,150000,15000,156.77175800010446,109.47179794311523,209.701171875
3297,15.787760019302368,0.8010408282279968,0.6745725870132446,0.21170639991760254,150000,15000,156.01213600166375,112.1969223022461,209.701171875
3298,15.790910720825195,0.8021957278251648,0.6736422181129456,0.20866775512695312,150000,15000,163.3774319998338,111.6037368774414,209.701171875
3299,15.852349996566772,0.8072156310081482,0.6658568382263184,0.20671077072620392,150000,15000,162.49937300017336,111.0079288482666,209.701171875
3300,15.729796886444092,0.8025974035263062,0.6758840084075928,0.20782680809497833,145596,15000,155.971470001532,110.27050018310547,209.701171875
3301,16.937663555145264,0.8457741141319275,0.6211628317832947,0.20582474768161774,147012,15000,170.56714000136708,113.16084861755371,209.701171875
3302,17.263773679733276,0.8578543066978455,0.6022897958755493,0.1967092752456665,148454,15000,171.2896120006917,109.11107063293457,209.701171875
3303,17.6028835773468,0.8676543235778809,0.6125593185424805,0.18677231669425964,149899,15000,167.70819200246478,108.84356498718262,209.701171875
3304,17.500842809677124,0.8670672178268433,0.6168253421783447,0.1752326339483261,149995,15000,161.58493999682833,113.8150691986084,209.701171875
3305,17.113287448883057,0.8601431250572205,0.6217238306999207,0.16176737844944,149999,15000,157.78731600221363,110.7797622680664,209.701171875
3306,17.052066326141357,0.8574003577232361,0.6198192834854126,0.17364729940891266,150000,15000,156.60803099672194,110.5659008026123,209.701171875
3307,16.72905445098877,0.8515559434890747,0.6204932332038879,0.15884312987327576,150000,15000,157.5919970018731,113.2059097290039,209.701171875
3308,16.510753631591797,0.8449923992156982,0.6275655031204224,0.15859650075435638,150000,15000,159.1780140006449,111.28044128417969,209.701171875
3309,16.30683422088623,0.8384160995483398,0.6335856914520264,0.16233213245868683,150000,15000,155.65692300151568,112.34116554260254,209.701171875
3310,16.330806016921997,0.8393411040306091,0.6424477696418762,0.1626560240983963,150000,15000,155.37833100097487,111.18435859680176,209.701171875
3311,16.242963075637817,0.8366937041282654,0.6434076428413391,0.16285955905914307,150000,15000,157.067806001578,113.3277416229248,209.701171875
3312,15.881582498550415,0.8245139122009277,0.6416267156600952,0.16039356589317322,150000,15000,156.35662500062608,113.09456825256348,209.701171875
3313,15.970767736434937,0.8276290893554688,0.6326026320457458,0.15813857316970825,150000,15000,155.90779600097449,111.15527153015137,209.701171875
3314,16.045883893966675,0.8320835828781128,0.6344814300537109,0.15007737278938293,150000,15000,154.56687500045518,109.66992378234863,209.701171875
3315,16.080687046051025,0.8325937986373901,0.6449684500694275,0.15180076658725739,150000,15000,157.5231349997921,111.08732223510742,209.701171875
3316,16.13264560699463,0.8379460573196411,0.6478285789489746,0.1454239934682846,150000,15000,154.27980599997682,110.14842987060547,209.701171875
3317,16.23270034790039,0.8410310745239258,0.6525567770004272,0.14618165791034698,150000,15000,158.9010790012253,108.74605178833008,209.701171875
3318,16.22373938560486,0.842147946357727,0.6513440012931824,0.13938471674919128,150000,15000,157.6398050019634,110.25857925415039,209.701171875
3319,16.195725202560425,0.8401912450790405,0.6491053104400635,0.14444220066070557,150000,15000,153.4726399986539,108.22772979736328,209.701171875
3320,16.084800958633423,0.8406165838241577,0.6545018553733826,0.1323288083076477,150000,15000,153.81002300273394,108.86859893798828,209.701171875
3321,16.257739067077637,0.8462311625480652,0.6307504177093506,0.13180825114250183,150000,15000,154.47802700145985,111.78946495056152,209.701171875
3322,16.157814264297485,0.8436315059661865,0.6353381276130676,0.13279461860656738,150000,15000,152.4099300004309,109.07435417175293,209.701171875
3323,16.012789011001587,0.8403357267379761,0.6493731737136841,0.12493642419576645,150000,15000,417.53852799956803,112.4880313873291,209.701171875
3324,16.278245449066162,0.849473237991333,0.6317762136459351,0.12581422924995422,150000,15000,153.56028200039873,109.1609001159668,209.701171875
3325,16.270581483840942,0.8490418195724487,0.6285412907600403,0.12479642033576965,150000,15000,155.2151159994537,109.17353630065918,209.701171875
3326,16.371448040008545,0.8532400131225586,0.6285525560379028,0.11865605413913727,150000,15000,154.09022200037725,110.3217601776123,209.701171875
3327,16.54847502708435,0.8582545518875122,0.6288721561431885,0.11535532027482986,150000,15000,157.9850960006297,109.84086990356445,209.701171875
3328,16.625996828079224,0.8597425222396851,0.6252782344818115,0.11502628773450851,150000,15000,161.1595770009444,114.97640609741211,209.701171875
3329,16.69840097427368,0.8624852895736694,0.6221405267715454,0.11127034574747086,150000,15000,161.23143100048765,110.05949974060059,209.701171875
3330,16.843093633651733,0.8669995069503784,0.6196230053901672,0.11022163927555084,150000,15000,156.57095400092658,111.85884475708008,209.701171875
3331,16.98995590209961,0.8711012601852417,0.6127156615257263,0.10909689962863922,150000,15000,159.92233699944336,110.85176467895508,209.701171875
3332,17.022660970687866,0.8714684247970581,0.6093406677246094,0.10339286178350449,150000,15000,159.4319869982428,111.89746856689453,209.701171875
3333,17.08804726600647,0.8742611408233643,0.6076086759567261,0.10282330214977264,150000,15000,152.72067499972763,108.18982124328613,209.701171875
3334,17.220135927200317,0.8775813579559326,0.6054822206497192,0.10356093943119049,150000,15000,153.65675800057943,110.69202423095703,209.701171875
3335,17.26971745491028,0.8796712756156921,0.6104394793510437,0.09934607893228531,150000,15000,152.657366998028,110.96334457397461,209.701171875
3336,17.342101335525513,0.8815579414367676,0.6079962253570557,0.0986463651061058,150000,15000,151.9953320021159,110.49723625183105,209.701171875
3337,17.37190842628479,0.8820523023605347,0.6076352596282959,0.10041060298681259,150000,15000,152.86749600272742,110.31436920166016,209.701171875
3338,17.47521162033081,0.8848671317100525,0.6036016941070557,0.09830185025930405,150000,15000,152.00543600076344,110.3658676147461,209.701171875
3339,17.473068237304688,0.8846495151519775,0.5982599258422852,0.09654288738965988,150000,15000,151.02595799908158,108.81352424621582,209.701171875
3340,17.410703897476196,0.8823668360710144,0.6044548749923706,0.10168232768774033,150000,15000,152.46627499800525,108.98137092590332,209.701171875
3341,17.424328327178955,0.8822982311248779,0.602769136428833,0.09777036309242249,150000,15000,151.42542100147693,109.35640335083008,209.701171875
3342,17.42794156074524,0.8821516036987305,0.6027452349662781,0.0973527804017067,150000,15000,154.58322399717872,110.64028739929199,209.701171875
3343,17.48341202735901,0.8840516805648804,0.5998765230178833,0.09919111430644989,150000,15000,160.56179199949838,109.15732383728027,209.701171875
3344,17.380224466323853,0.8812049627304077,0.6023200154304504,0.09668130427598953,150000,15000,153.58775699860416,110.31317710876465,209.701171875
3345,17.5819194316864,0.8866443634033203,0.6006177067756653,0.09277024120092392,150000,15000,158.4301900002174,111.05799674987793,209.701171875
3346,17.638036012649536,0.887614905834198,0.5948857069015503,0.09898160398006439,150000,15000,151.19448800032842,109.5888614654541,209.701171875
3347,17.665284872055054,0.8899039030075073,0.5910136699676514,0.09682352095842361,150000,15000,152.34119500019005,110.46957969665527,209.701171875
3348,17.754796743392944,0.8912789225578308,0.5916332006454468,0.09287330508232117,150000,15000,155.62165500159608,110.63337326049805,209.701171875
3349,17.86441922187805,0.8937314748764038,0.5946054458618164,0.09781354665756226,150000,15000,158.091195000452,110.33034324645996,209.701171875
3350,17.840087413787842,0.8946887254714966,0.596531867980957,0.09637296199798584,150000,15000,151.98456999860355,109.77482795715332,209.701171875
3351,17.917743921279907,0.8964221477508545,0.5939782857894897,0.09125173091888428,150000,15000,151.20573999956832,108.74032974243164,209.701171875
3352,17.942172288894653,0.897589385509491,0.5919944047927856,0.0882989689707756,150000,15000,150.60546699896804,108.46829414367676,209.701171875
3353,17.98412799835205,0.8991661071777344,0.5930558443069458,0.08903248608112335,150000,15000,155.9631719974277,109.1914176940918,209.701171875
3354,18.063628673553467,0.9006109237670898,0.5917046666145325,0.08832075446844101,150000,15000,155.03987099873484,109.16733741760254,209.701171875
3355,18.163641691207886,0.9028174877166748,0.5925033092498779,0.08830337226390839,150000,15000,154.26547400056734,110.54277420043945,209.701171875
3356,18.2329523563385,0.9050319194793701,0.5857751369476318,0.08991637825965881,150000,15000,155.59073600161355,109.53164100646973,209.701171875
3357,18.064241409301758,0.9030303955078125,0.5844867825508118,0.08914618194103241,150000,15000,168.70982999898843,109.66110229492188,209.701171875
3358,18.242939710617065,0.9060909748077393,0.588848352432251,0.0891742929816246,150000,15000,157.13563399913255,108.91962051391602,209.701171875
3359,18.291443586349487,0.9076526165008545,0.5874845385551453,0.08989154547452927,150000,15000,159.53809699931298,110.36467552185059,209.701171875
3360,18.368219137191772,0.9097480773925781,0.5809698104858398,0.08869286626577377,150000,15000,155.7330620016728,110.25333404541016,209.701171875
3361,18.37687611579895,0.9096440076828003,0.5797594785690308,0.08869116008281708,150000,15000,151.93178900153725,110.4426383972168,209.701171875
3362,18.254679441452026,0.9076167941093445,0.590412437915802,0.09218130260705948,150000,15000,160.0931219982158,111.10711097717285,209.701171875
3363,18.354164361953735,0.9095557928085327,0.5872978568077087,0.09324580430984497,150000,15000,154.8038799992355,109.64274406433105,209.701171875
3364,18.334708213806152,0.9089010953903198,0.5804979801177979,0.09013621509075165,150000,15000,151.57796900166431,110.08906364440918,209.701171875
3365,18.39848756790161,0.9094051122665405,0.5769281387329102,0.09154079109430313,150000,15000,152.88889200019184,109.72881317138672,209.701171875
3366,18.41655969619751,0.9107748866081238,0.573998212814331,0.09066618233919144,150000,15000,155.82862099836348,108.72006416320801,209.701171875
3367,18.43363642692566,0.9110128879547119,0.5667469501495361,0.08789592981338501,150000,15000,157.36337900307262,109.69328880310059,209.701171875
3368,18.433866500854492,0.910332202911377,0.5773169994354248,0.09073296189308167,150000,15000,157.67652100112173,110.79287528991699,209.701171875
3369,18.438138961791992,0.9105875492095947,0.5704232454299927,0.09115360677242279,150000,15000,160.53614200063748,110.992431640625,209.701171875
3370,18.391036987304688,0.909733235836029,0.5755236148834229,0.0903456062078476,150000,15000,164.29363499992178,110.78023910522461,209.701171875
3371,18.489749431610107,0.9116079211235046,0.5708072185516357,0.09103768318891525,150000,15000,157.96509699794115,108.97326469421387,209.701171875
3372,18.418337106704712,0.9108089208602905,0.5636810660362244,0.08689804375171661,150000,15000,154.0828369979863,109.79771614074707,209.701171875
3373,18.522955179214478,0.9129748344421387,0.567108154296875,0.0840168446302414,150000,15000,155.61229399827425,112.62083053588867,209.701171875
3374,18.642873764038086,0.9154129028320312,0.5599716901779175,0.08370032906532288,150000,15000,152.1188369988522,108.68072509765625,209.701171875
3375,18.681331872940063,0.9163689613342285,0.5588846206665039,0.0813087671995163,150000,15000,152.44162599992706,109.84396934509277,209.701171875
3376,18.67076277732849,0.9168476462364197,0.5546490550041199,0.07710579037666321,150000,15000,157.73406899825204,113.6770248413086,209.701171875
3377,18.647924661636353,0.9161054491996765,0.5585535168647766,0.07843964546918869,150000,15000,154.2084969987627,110.56351661682129,209.701171875
3378,18.831446170806885,0.9199077486991882,0.555921196937561,0.07939042896032333,150000,15000,155.21185400211834,109.39264297485352,209.701171875
3379,18.834351301193237,0.9208401441574097,0.5539609789848328,0.07525697350502014,150000,15000,155.30280000166385,109.46869850158691,209.701171875
3380,18.84060502052307,0.919996440410614,0.5583633184432983,0.07870128005743027,150000,15000,150.98966100049438,108.90650749206543,209.701171875
3381,18.86871576309204,0.9217447638511658,0.5540197491645813,0.07838425040245056,150000,15000,155.05618099996354,113.02876472473145,209.701171875
3382,18.820748329162598,0.9184961318969727,0.5547657608985901,0.07803494483232498,150000,15000,154.12591499989503,108.49761962890625,209.701171875
3383,18.839876651763916,0.9207892417907715,0.5543830394744873,0.07812463492155075,150000,15000,153.32891099751578,109.34233665466309,209.701171875
3384,18.967950344085693,0.9222342371940613,0.5590514540672302,0.07926532626152039,150000,15000,153.22738100076094,110.54039001464844,209.701171875
3385,18.98048758506775,0.9224652051925659,0.5576701164245605,0.07998833060264587,150000,15000,155.2208579996659,110.76879501342773,209.701171875
3386,18.925678730010986,0.922123908996582,0.5550709366798401,0.0813576951622963,150000,15000,155.4306819998601,110.77404022216797,209.701171875
3387,18.80537986755371,0.9186898469924927,0.551253616809845,0.08240646868944168,150000,15000,156.71117400052026,111.36174201965332,209.701171875
3388,18.87127161026001,0.9207918643951416,0.5490526556968689,0.08140141516923904,150000,15000,155.77103399846237,111.09399795532227,209.701171875
3389,18.889669179916382,0.9209558367729187,0.5501558780670166,0.08240357041358948,150000,15000,153.3926829979464,108.85429382324219,209.701171875
3390,18.8046133518219,0.9196469187736511,0.5477561354637146,0.08201238512992859,150000,15000,157.69322799678775,110.17751693725586,209.701171875
3391,18.455952405929565,0.9118660688400269,0.5647110939025879,0.08778377622365952,150000,15000,159.577888000058,108.42657089233398,209.701171875
3392,18.604735136032104,0.9155513048171997,0.5646861791610718,0.0871836394071579,150000,15000,157.39697399840225,111.4654541015625,209.701171875
3393,18.33990454673767,0.9109419584274292,0.5675856471061707,0.08791673928499222,150000,15000,158.18501800094964,109.06600952148438,209.701171875
3394,18.659093379974365,0.916235625743866,0.5581179261207581,0.09109131991863251,150000,15000,170.09216100268532,113.04473876953125,209.701171875
3395,18.743027448654175,0.9182996153831482,0.5556508302688599,0.09019000083208084,150000,15000,157.85564100224292,111.61923408508301,209.701171875
3396,18.787471055984497,0.9194306135177612,0.560761570930481,0.09130711853504181,150000,15000,152.46101100274245,110.00752449035645,209.701171875
3397,18.841289281845093,0.9205121994018555,0.5537959337234497,0.092342808842659,150000,15000,163.00449000118533,110.15629768371582,209.701171875
3398,18.892279863357544,0.9219909906387329,0.5552431344985962,0.09014628082513809,150000,15000,156.16643400062458,110.72635650634766,209.701171875
3399,18.90089750289917,0.9223438501358032,0.5554096102714539,0.08884160965681076,150000,15000,152.46679900155868,108.82711410522461,209.701171875
3400,18.990578651428223,0.923829197883606,0.552949845790863,0.08908746391534805,140040,15000,158.46763499939698,108.04939270019531,209.701171875
3401,19.29223656654358,0.9314572811126709,0.5465478897094727,0.12343132495880127,141421,15000,163.97429399876273,110.74233055114746,209.701171875
3402,19.589078426361084,0.9359957575798035,0.519031286239624,0.1173408254981041,142831,15000,164.77918199962005,109.64608192443848,209.701171875
3403,19.610419273376465,0.9355677962303162,0.5068380236625671,0.11205415427684784,144252,15000,165.1394229993457,108.23273658752441,209.701171875
3404,19.653576612472534,0.9354910254478455,0.5083601474761963,0.10761535912752151,145681,15000,169.11200799950166,111.77730560302734,209.701171875
3405,19.446256160736084,0.9319192171096802,0.5034520626068115,0.10339991748332977,147124,15000,171.10001699984423,112.20431327819824,209.701171875
3406,19.039140939712524,0.9247279167175293,0.5183392763137817,0.10023360699415207,148545,15000,169.4405859998369,112.28728294372559,209.701171875
3407,18.54976773262024,0.921986997127533,0.5282745361328125,0.10068584233522415,149911,15000,172.97767399941222,109.95149612426758,209.701171875
3408,18.43739151954651,0.9214426875114441,0.5251042246818542,0.09754141420125961,149992,15000,166.10322600172367,111.46163940429688,209.701171875
3409,18.46055030822754,0.9239482879638672,0.5207814574241638,0.0916726216673851,150000,15000,162.22093300166307,110.90254783630371,209.701171875
3410,18.249096870422363,0.9195956587791443,0.5189673900604248,0.09198258072137833,150000,15000,157.57965100056026,111.72866821289062,209.701171875
3411,18.110121488571167,0.9172662496566772,0.5248029828071594,0.08722043037414551,150000,15000,157.74525300003006,111.97924613952637,209.701171875
3412,18.045084476470947,0.9178909063339233,0.5323717594146729,0.08308634907007217,150000,15000,159.03555199838593,111.3288402557373,209.701171875
3413,17.844918966293335,0.9140979051589966,0.5357507467269897,0.08323589712381363,150000,15000,158.8893670013931,111.94229125976562,209.701171875
3414,17.69996166229248,0.9121946096420288,0.5372856855392456,0.08016248792409897,150000,15000,154.0751110005658,110.77141761779785,209.701171875
3415,17.665458917617798,0.9123849272727966,0.5326448678970337,0.07841944694519043,150000,15000,157.45120000065072,113.30676078796387,209.701171875
3416,17.373661994934082,0.9072617292404175,0.5365853905677795,0.0778512954711914,150000,15000,155.59072499672766,111.88173294067383,209.701171875
3417,17.20976948738098,0.9043864011764526,0.5403501987457275,0.0748663917183876,150000,15000,156.09458299877588,110.98051071166992,209.701171875
3418,17.285916805267334,0.9068489074707031,0.53801429271698,0.07381313294172287,150000,15000,160.13368100175285,111.85693740844727,209.701171875
3419,17.26114511489868,0.9066673517227173,0.5407730340957642,0.07408188283443451,150000,15000,154.83238399974653,111.3896369934082,209.701171875
3420,17.356173992156982,0.9088694453239441,0.5408856272697449,0.07170549035072327,150000,15000,153.3691619988531,111.98043823242188,209.701171875
3421,17.45576024055481,0.9110311269760132,0.5315864086151123,0.07276264578104019,150000,15000,155.73062100156676,111.6642951965332,209.701171875
3422,17.427867650985718,0.9104015231132507,0.5273531675338745,0.07381296902894974,150000,15000,156.16750700064586,111.17720603942871,209.701171875
3423,17.314682006835938,0.9085316061973572,0.5327938795089722,0.07171318680047989,150000,15000,157.77404500113335,112.15925216674805,209.701171875
3424,17.468475103378296,0.9120612144470215,0.5326626896858215,0.07107563316822052,150000,15000,160.48674100238713,110.9628677368164,209.701171875
3425,17.621110677719116,0.9143747687339783,0.5264948606491089,0.07257679849863052,150000,15000,162.830708999536,112.58101463317871,209.701171875
3426,17.70116686820984,0.915786623954773,0.5298063158988953,0.07001222670078278,150000,15000,155.01176900215796,107.49602317810059,209.701171875
3427,17.879915237426758,0.9188140630722046,0.5300408601760864,0.06874830275774002,150000,15000,153.9522950006358,107.81240463256836,209.701171875
3428,17.877254486083984,0.9196664690971375,0.5211547017097473,0.07026894390583038,150000,15000,150.81143800125574,105.85355758666992,209.701171875
3429,17.792818546295166,0.9179039001464844,0.5234204530715942,0.06888249516487122,150000,15000,147.49327499885112,104.48002815246582,209.701171875
3430,18.018349409103394,0.9222925901412964,0.5252833366394043,0.06672344356775284,150000,15000,149.6126940000977,105.67235946655273,209.701171875
3431,18.056007623672485,0.9229207038879395,0.5148179531097412,0.06810731440782547,150000,15000,151.37773000242305,107.99455642700195,209.701171875
3432,17.93934464454651,0.9206926226615906,0.5240218639373779,0.06606534123420715,150000,15000,155.34964900143677,111.81068420410156,209.701171875
3433,18.040530681610107,0.9230762720108032,0.519787073135376,0.06483042240142822,150000,15000,153.87172999908216,109.96532440185547,209.701171875
3434,17.955994606018066,0.9224051237106323,0.5232675671577454,0.06449199467897415,150000,15000,158.74874099972658,111.90485954284668,209.701171875
3435,18.051456212997437,0.9232603907585144,0.5260233283042908,0.06368093192577362,150000,15000,156.35581699825707,111.29021644592285,209.701171875
3436,18.130565881729126,0.925179660320282,0.5205321311950684,0.06384619325399399,150000,15000,159.18979799971567,111.97543144226074,209.701171875
3437,18.105283975601196,0.9244924783706665,0.52199387550354,0.06591708958148956,150000,15000,157.59977499692468,112.3201847076416,209.701171875
3438,18.004871606826782,0.9227496981620789,0.5270966291427612,0.0648868978023529,150000,15000,158.70138000173029,111.90462112426758,209.701171875
3439,18.129695653915405,0.9242347478866577,0.5285258293151855,0.06405764073133469,150000,15000,158.14001499893493,113.1744384765625,209.701171875
3440,18.11399221420288,0.922594428062439,0.5398514270782471,0.06753351539373398,150000,15000,156.07229300076142,111.05918884277344,209.701171875
3441,18.02804708480835,0.9205565452575684,0.5439571142196655,0.06750748306512833,150000,15000,156.9705440015241,111.17172241210938,209.701171875
3442,18.19573163986206,0.9216399192810059,0.5416959524154663,0.06727714091539383,150000,15000,156.92127000147593,111.2513542175293,209.701171875
3443,18.23184609413147,0.9184862971305847,0.5399035811424255,0.0705820620059967,150000,15000,157.82925199891906,111.23108863830566,209.701171875
3444,18.288167715072632,0.9187459945678711,0.5398378372192383,0.0719432458281517,150000,15000,154.2241080023814,111.10639572143555,209.701171875
3445,18.364051580429077,0.9197896718978882,0.530570387840271,0.07000986486673355,150000,15000,153.27399100351613,110.09740829467773,209.701171875
3446,18.3604896068573,0.9176892042160034,0.5240646004676819,0.07343662530183792,150000,15000,160.47926600003848,112.579345703125,209.701171875
3447,18.343526124954224,0.918219804763794,0.5294290781021118,0.07313735038042068,150000,15000,157.2706039987679,110.27646064758301,209.701171875
3448,18.41185688972473,0.9209165573120117,0.5289798378944397,0.07095041126012802,150000,15000,155.59501399911824,111.21678352355957,209.701171875
3449,18.47908616065979,0.9216101169586182,0.5166057348251343,0.0727522149682045,150000,15000,165.62229600094724,116.98412895202637,209.701171875
3450,18.447811603546143,0.9224600195884705,0.5222880244255066,0.07130338996648788,150000,15000,152.23472100115032,111.00912094116211,209.701171875
3451,18.437482118606567,0.9244459867477417,0.5234476327896118,0.06798453629016876,150000,15000,153.8245099982305,111.13381385803223,209.701171875
3452,18.5230553150177,0.9250922203063965,0.5184836387634277,0.06931762397289276,150000,15000,153.08777399695828,109.2379093170166,209.701171875
3453,18.467130661010742,0.9252685308456421,0.5158499479293823,0.06907860934734344,150000,15000,153.29108799778624,109.0400218963623,209.701171875
3454,18.513365983963013,0.9273523092269897,0.5163002014160156,0.06686722487211227,150000,15000,153.5124919973896,111.00935935974121,209.701171875
3455,18.58388066291809,0.927611768245697,0.5141588449478149,0.06758830696344376,150000,15000,155.10850900318474,110.43047904968262,209.701171875
3456,18.45779538154602,0.9274787902832031,0.5111069679260254,0.06722647696733475,150000,15000,152.1847379990504,110.16345024108887,209.701171875
3457,18.615747690200806,0.9305028319358826,0.5088457465171814,0.06528567522764206,150000,15000,410.749348000536,110.22782325744629,209.701171875
3458,18.575857877731323,0.9295307397842407,0.5040767788887024,0.0660148411989212,150000,15000,152.87183200052823,110.54706573486328,209.701171875
3459,18.564056158065796,0.9301238059997559,0.5030611157417297,0.06680082529783249,150000,15000,173.9089110014902,110.63790321350098,209.701171875
3460,18.73558282852173,0.9320370554924011,0.5015942454338074,0.06617475301027298,150000,15000,161.72274500058847,116.57428741455078,209.701171875
3461,18.62795352935791,0.9288641810417175,0.5074944496154785,0.06918913871049881,150000,15000,162.31334500116645,112.46752738952637,209.701171875
3462,18.74324321746826,0.9307301044464111,0.5014820694923401,0.06845483928918839,150000,15000,156.52937599952566,111.63783073425293,209.701171875
3463,18.91961932182312,0.9320752024650574,0.48535677790641785,0.06904032826423645,150000,15000,156.33930599869927,109.7557544708252,209.701171875
3464,18.696197271347046,0.9273722171783447,0.49983593821525574,0.07504810392856598,150000,15000,161.78416999900946,112.51544952392578,209.701171875
3465,18.6887526512146,0.9284350275993347,0.49765855073928833,0.0740295797586441,150000,15000,154.75066999715636,110.57209968566895,209.701171875
3466,18.703681230545044,0.9290643930435181,0.5016544461250305,0.07212209701538086,150000,15000,153.05622600135393,110.94021797180176,209.701171875
3467,18.71454119682312,0.9289533495903015,0.49608996510505676,0.07427182793617249,150000,15000,153.69716900022468,110.37063598632812,209.701171875
3468,18.76857042312622,0.9305306673049927,0.4926435351371765,0.07170865684747696,150000,15000,152.11876099783694,110.46552658081055,209.701171875
3469,18.731764554977417,0.9304494261741638,0.4972623288631439,0.07019665837287903,150000,15000,151.69911200064234,109.91024971008301,209.701171875
3470,18.763127326965332,0.9303885698318481,0.49031975865364075,0.0705334022641182,150000,15000,154.38483199977782,110.27383804321289,209.701171875
3471,18.640460968017578,0.9293000102043152,0.4980211555957794,0.06892247498035431,150000,15000,152.28428200134658,110.10956764221191,209.701171875
3472,18.742892742156982,0.9309490919113159,0.48556050658226013,0.06711529940366745,150000,15000,152.71941300306935,110.6407642364502,209.701171875
3473,18.670709133148193,0.9289032816886902,0.49424809217453003,0.06859108060598373,150000,15000,153.5469850023219,110.382080078125,209.701171875
3474,18.647005558013916,0.9293498396873474,0.4926080107688904,0.0685037150979042,150000,15000,151.5065979983774,109.52949523925781,209.701171875
3475,18.666956424713135,0.930117130279541,0.49082136154174805,0.06617395579814911,150000,15000,151.5102229968761,109.01641845703125,209.701171875
3476,18.53974461555481,0.9272327423095703,0.48903346061706543,0.06871748715639114,150000,15000,157.90895700047258,110.98074913024902,209.701171875
3477,18.597029447555542,0.9271273016929626,0.4885460436344147,0.07434840500354767,150000,15000,160.37550900000497,112.69354820251465,209.701171875
3478,18.583601713180542,0.9274432063102722,0.4835841655731201,0.07192662358283997,150000,15000,156.18232599808834,111.55486106872559,209.701171875
3479,17.990362644195557,0.9155591726303101,0.4949408769607544,0.074950210750103,150000,15000,155.81093400032842,111.78016662597656,209.701171875
3480,18.036314249038696,0.917069137096405,0.5016638040542603,0.08342310041189194,150000,15000,159.70225099954405,110.7778549194336,209.701171875
3481,18.233309984207153,0.9205963015556335,0.49915754795074463,0.07893470674753189,150000,15000,156.9368439995742,111.39678955078125,209.701171875
3482,18.24588418006897,0.920543909072876,0.48359620571136475,0.07993603497743607,150000,15000,152.34767099900637,110.61859130859375,209.701171875
3483,18.116812705993652,0.918786883354187,0.49087607860565186,0.08185736835002899,150000,15000,156.14319200176396,111.27305030822754,209.701171875
3484,18.22009563446045,0.9202122092247009,0.4919840097427368,0.08071909099817276,150000,15000,160.19023599801585,114.44401741027832,209.701171875
3485,18.145809173583984,0.9195108413696289,0.49152350425720215,0.0776035487651825,150000,15000,155.78915600053733,109.66825485229492,209.701171875
3486,17.757749557495117,0.9119257926940918,0.49474892020225525,0.08192133903503418,150000,15000,160.5217910000647,111.87148094177246,209.701171875
3487,17.82826066017151,0.9114879965782166,0.5050238966941833,0.08536714315414429,150000,15000,159.47724600118818,112.86473274230957,209.701171875
3488,17.902125120162964,0.9130842089653015,0.5087260603904724,0.08269080519676208,150000,15000,157.06203300214838,111.85455322265625,209.701171875
3489,17.603459358215332,0.9078471064567566,0.5091280937194824,0.08299865573644638,150000,15000,156.3062519999221,111.23514175415039,209.701171875
3490,18.001117706298828,0.9160722494125366,0.4973556697368622,0.08063001185655594,150000,15000,155.6757739999739,111.7546558380127,209.701171875
3491,18.076704740524292,0.918287992477417,0.4917306900024414,0.08024030923843384,150000,15000,156.4885219995631,112.91050910949707,209.701171875
3492,17.768704891204834,0.9112560153007507,0.4989300072193146,0.07919736951589584,150000,15000,160.2037989978271,111.81640625,209.701171875
3493,17.839425802230835,0.9117269515991211,0.5005080699920654,0.08204372227191925,150000,15000,161.70170999976108,109.9846363067627,209.701171875
3494,18.09730291366577,0.9173470735549927,0.4992852509021759,0.0793924331665039,150000,15000,153.96286599934683,110.37540435791016,209.701171875
3495,18.177021741867065,0.9196035861968994,0.49787065386772156,0.07721588760614395,150000,15000,158.37843800181872,110.79573631286621,209.701171875
3496,17.999008893966675,0.9161908626556396,0.4889730215072632,0.07778950035572052,150000,15000,151.67717600343167,108.7183952331543,209.701171875
3497,18.394523859024048,0.9230510592460632,0.48671773076057434,0.07566409558057785,150000,15000,159.79724299904774,111.73319816589355,209.701171875
3498,18.499165773391724,0.925635814666748,0.49082455039024353,0.07241959869861603,150000,15000,164.41538100116304,111.80710792541504,209.701171875
3499,18.506546020507812,0.9259934425354004,0.4869134724140167,0.07148145139217377,150000,15000,158.71639699980733,109.3289852142334,209.701171875
3500,18.574073314666748,0.9275450110435486,0.4826892614364624,0.07280339300632477,149039,15000,160.4896640019433,109.61556434631348,209.701171875
3501,18.65991711616516,0.929491400718689,0.4952942728996277,0.07672617584466934,149924,15000,166.45997800151235,109.8012924194336,209.701171875
3502,18.586217164993286,0.9292720556259155,0.4903813898563385,0.07467298209667206,149989,15000,160.00817399981315,111.21463775634766,209.701171875
3503,18.40573787689209,0.9274530410766602,0.4829828143119812,0.07475802302360535,149999,15000,171.6679750024923,118.5765266418457,209.701171875
3504,18.484952449798584,0.9291698932647705,0.48960742354393005,0.07293466478586197,150000,15000,162.88216799875954,113.56854438781738,209.701171875
3505,18.512617349624634,0.9298585653305054,0.48339852690696716,0.0704747810959816,150000,15000,157.82126900012372,109.2672348022461,209.701171875
3506,18.56930375099182,0.9302460551261902,0.48052406311035156,0.07043249905109406,150000,15000,159.49285799797508,112.65015602111816,209.701171875
3507,18.64463448524475,0.9315225481987,0.4791841506958008,0.07100803405046463,150000,15000,149.94734899664763,104.78949546813965,209.701171875
3508,18.4967303276062,0.9290926456451416,0.4748569130897522,0.07005588710308075,150000,15000,153.04855899739778,107.67626762390137,209.701171875
3509,18.471709489822388,0.9284284114837646,0.4794992506504059,0.07237029075622559,150000,15000,159.35729099874152,110.20255088806152,209.701171875
3510,18.163055181503296,0.9224278330802917,0.47908392548561096,0.07440132647752762,150000,15000,152.13230100198416,109.44771766662598,209.701171875
3511,18.238390684127808,0.9243156313896179,0.48063725233078003,0.07201263308525085,150000,15000,156.46376999939093,111.10901832580566,209.701171875
3512,18.665900230407715,0.9317692518234253,0.47346949577331543,0.07115301489830017,150000,15000,159.31836699746782,109.23385620117188,209.701171875
3513,18.75702738761902,0.9327172040939331,0.46941137313842773,0.0693766325712204,150000,15000,154.1594289992645,109.98654365539551,209.701171875
3514,18.555827140808105,0.929580807685852,0.4703800082206726,0.07058626413345337,150000,15000,155.14480199999525,109.62557792663574,209.701171875
3515,18.30922245979309,0.9261467456817627,0.46812528371810913,0.07458798587322235,150000,15000,157.4807220022194,111.02890968322754,209.701171875
3516,18.56155037879944,0.9297168254852295,0.4738883078098297,0.0742705762386322,150000,15000,159.12837999712792,110.38827896118164,209.701171875
3517,18.556599617004395,0.9303350448608398,0.469568133354187,0.0708405077457428,150000,15000,158.19351300160633,112.17689514160156,209.701171875
3518,18.67813229560852,0.9323817491531372,0.4661390781402588,0.0701051577925682,150000,15000,154.05830899908324,110.81266403198242,209.701171875
3519,18.922812938690186,0.936050534248352,0.45872899889945984,0.07129556685686111,150000,15000,156.10961800121004,111.64188385009766,209.701171875
3520,18.998236656188965,0.9373852610588074,0.46408119797706604,0.06940203905105591,150000,15000,149.77847699992708,109.04502868652344,209.701171875
3521,18.848425149917603,0.9357449412345886,0.4568389356136322,0.06714228540658951,150000,15000,150.32759599853307,108.5362434387207,209.701171875
3522,18.84996771812439,0.9351405501365662,0.4577895998954773,0.07157042622566223,150000,15000,154.7606000021915,109.5738410949707,209.701171875
3523,18.936729431152344,0.9362770915031433,0.46278178691864014,0.07049255073070526,150000,15000,157.3708659998374,109.94148254394531,209.701171875
3524,18.89432668685913,0.9356964826583862,0.4645805358886719,0.06686152517795563,150000,15000,151.5649310022127,108.89673233032227,209.701171875
3525,17.845594882965088,0.9164477586746216,0.46190518140792847,0.07279615104198456,150000,15000,159.92591000031098,110.95190048217773,209.701171875
3526,18.237857818603516,0.9236534833908081,0.45901212096214294,0.07490455359220505,150000,15000,153.77951099799247,110.29887199401855,209.701171875
3527,18.360605239868164,0.9246668219566345,0.46353915333747864,0.0753956139087677,150000,15000,154.16199899846106,110.05973815917969,209.701171875
3528,18.153728246688843,0.9209920763969421,0.4671306312084198,0.07638037949800491,150000,15000,154.5702559997153,112.04242706298828,209.701171875
3529,18.198211193084717,0.9219164848327637,0.4721636176109314,0.07903606444597244,150000,15000,161.52809499908471,110.25357246398926,209.701171875
3530,18.195568323135376,0.921989381313324,0.45961230993270874,0.07638097554445267,150000,15000,157.54505899894866,111.9997501373291,209.701171875
3531,17.651050090789795,0.9088190793991089,0.46888256072998047,0.08195977658033371,150000,15000,157.35177200258477,108.93368721008301,209.701171875
3532,17.999348640441895,0.9148223400115967,0.468707799911499,0.08589351177215576,150000,15000,159.10839099888108,110.52060127258301,209.701171875
3533,18.092695474624634,0.9172980785369873,0.4664778411388397,0.08073076605796814,150000,15000,157.46826400209102,111.50836944580078,209.701171875
3534,17.907304763793945,0.9150306582450867,0.46074414253234863,0.07834270596504211,150000,15000,153.69928600193816,109.87305641174316,209.701171875
3535,18.00031542778015,0.913984477519989,0.4679948389530182,0.08471416682004929,150000,15000,163.43297500134213,115.14735221862793,209.701171875
3536,18.198801279067993,0.9188396334648132,0.46129369735717773,0.08012063801288605,150000,15000,159.6691410013591,113.94500732421875,209.701171875
3537,18.19791316986084,0.9185903072357178,0.4594185948371887,0.07841204851865768,150000,15000,155.39558199816383,110.65340042114258,209.701171875
3538,18.27088475227356,0.9189502000808716,0.458995521068573,0.08172298222780228,150000,15000,159.95968700008234,109.21263694763184,209.701171875
3539,18.448257446289062,0.9231755137443542,0.454447865486145,0.07998577505350113,150000,15000,163.26730899891118,110.64815521240234,209.701171875
3540,18.475043773651123,0.9242834448814392,0.4586198329925537,0.07562658935785294,150000,15000,155.73643300012918,111.42730712890625,209.701171875
3541,18.400462865829468,0.9218827486038208,0.45637479424476624,0.07753061503171921,150000,15000,156.5228660001594,111.04321479797363,209.701171875
3542,18.504230976104736,0.9249298572540283,0.4629305601119995,0.0769568383693695,150000,15000,154.95306400043773,110.97097396850586,209.701171875
3543,18.565224409103394,0.9255651831626892,0.4575788378715515,0.07613535970449448,150000,15000,155.765416999202,109.94315147399902,209.701171875
3544,18.545236587524414,0.9251154661178589,0.45409074425697327,0.07727398723363876,150000,15000,158.3046759988065,109.62152481079102,209.701171875
3545,18.553805351257324,0.9247350692749023,0.45362067222595215,0.07926937192678452,150000,15000,155.68392100249184,110.17727851867676,209.701171875
3546,18.633617162704468,0.9262895584106445,0.4556366205215454,0.07742418348789215,150000,15000,155.48809499887284,110.93759536743164,209.701171875
3547,18.629510402679443,0.9260445833206177,0.4473092257976532,0.07802538573741913,150000,15000,172.39490800056956,108.99567604064941,209.701171875
3548,18.770852088928223,0.9284894466400146,0.4443848729133606,0.07809934765100479,150000,15000,158.60113599774195,110.00919342041016,209.701171875
3549,18.637040853500366,0.9266917109489441,0.4487206041812897,0.0765284076333046,150000,15000,159.29707999748643,109.78937149047852,209.701171875
3550,18.62269163131714,0.9248172044754028,0.4475725293159485,0.08070854097604752,150000,15000,154.12942799957818,109.05694961547852,209.701171875
3551,18.707470893859863,0.9267999529838562,0.4463210701942444,0.08060655742883682,150000,15000,158.96255700135953,110.05902290344238,209.701171875
3552,18.666454553604126,0.9266403913497925,0.45009639859199524,0.08090577274560928,150000,15000,162.69520899732015,110.48388481140137,209.701171875
3553,18.624656200408936,0.9260897040367126,0.4531857967376709,0.07911314070224762,150000,15000,163.1470430002082,108.74652862548828,209.701171875
3554,18.721331357955933,0.9277986288070679,0.4497957229614258,0.07891847938299179,150000,15000,161.51302700018277,114.09497261047363,209.701171875
3555,18.741031885147095,0.9289924502372742,0.4492868185043335,0.07738106697797775,150000,15000,156.52224800214753,112.19334602355957,209.701171875
3556,18.762129545211792,0.9299032688140869,0.4497840106487274,0.07547899335622787,150000,15000,155.73441200103844,109.32683944702148,209.701171875
3557,18.250757455825806,0.9214159846305847,0.45319902896881104,0.0792231410741806,150000,15000,155.2649820005172,109.77005958557129,209.701171875
3558,18.34845781326294,0.922011137008667,0.4711882472038269,0.08197563886642456,150000,15000,155.18019900264335,109.90452766418457,209.701171875
3559,18.48589062690735,0.92516028881073,0.464749813079834,0.07912930101156235,150000,15000,154.5742700000119,110.8403205871582,209.701171875
3560,18.58134627342224,0.9273719787597656,0.4630281627178192,0.07771207392215729,150000,15000,160.0699769987841,114.69316482543945,209.701171875
3561,18.55935573577881,0.9268195033073425,0.4638655483722687,0.07867361605167389,150000,15000,156.31620500062127,109.93719100952148,209.701171875
3562,18.622885942459106,0.9275668859481812,0.4606892466545105,0.0779212936758995,150000,15000,157.37159199852613,113.0518913269043,209.701171875
3563,18.70301604270935,0.9292410612106323,0.4614114761352539,0.07820385694503784,150000,15000,154.43475100255455,109.57574844360352,209.701171875
3564,18.548340797424316,0.9263651371002197,0.4651508331298828,0.08036977797746658,150000,15000,153.87077700142981,109.69185829162598,209.701171875
3565,18.587746620178223,0.9269657135009766,0.45700517296791077,0.07994936406612396,150000,15000,158.57850800239248,109.16376113891602,209.701171875
3566,18.701122999191284,0.9289460182189941,0.4508633613586426,0.07665131986141205,150000,15000,160.01773600146407,110.6710433959961,209.701171875
3567,18.66888999938965,0.928290843963623,0.4443057179450989,0.077235147356987,150000,15000,159.92828700109385,111.15288734436035,209.701171875
3568,18.726019859313965,0.9286180734634399,0.443259596824646,0.07799087464809418,150000,15000,169.24477700013085,113.76762390136719,209.701171875
3569,18.702644109725952,0.9293026328086853,0.4544484615325928,0.07573109120130539,150000,15000,170.33418899882236,113.58761787414551,209.701171875
3570,18.727402687072754,0.9298464059829712,0.4561980068683624,0.07531541585922241,150000,15000,169.72308099866495,116.80841445922852,209.701171875
3571,18.88241410255432,0.9321942329406738,0.4381865859031677,0.0773254856467247,150000,15000,160.6487399985781,111.90533638000488,209.701171875
3572,18.805429935455322,0.9313260316848755,0.4598388075828552,0.07228650152683258,150000,15000,165.04849700140767,110.07285118103027,209.701171875
3573,18.76990556716919,0.9319663047790527,0.45039111375808716,0.06936242431402206,150000,15000,155.2685360002215,110.25571823120117,209.701171875
3574,18.82940173149109,0.9317317008972168,0.4412507116794586,0.07440690696239471,150000,15000,152.80519500083756,109.57646369934082,209.701171875
3575,18.845492601394653,0.932677149772644,0.45356443524360657,0.07200908660888672,150000,15000,158.66973399897688,110.25834083557129,209.701171875
3576,18.86041522026062,0.9330736994743347,0.4665723741054535,0.06787315011024475,150000,15000,157.38251400034642,110.82792282104492,209.701171875
3577,18.838930130004883,0.9335071444511414,0.4724387526512146,0.06870418787002563,150000,15000,155.47175700339722,109.42530632019043,209.701171875
3578,18.727790117263794,0.9322695136070251,0.4845963418483734,0.06510310620069504,150000,15000,155.9844850016816,110.37826538085938,209.701171875
3579,18.748890161514282,0.9329046607017517,0.4818224310874939,0.0623079314827919,150000,15000,156.9169710019196,110.55660247802734,209.701171875
3580,18.624571561813354,0.9312608242034912,0.4761500358581543,0.06459018588066101,150000,15000,158.45278199776658,110.3067398071289,209.701171875
3581,18.763798475265503,0.9347213506698608,0.4770650267601013,0.06313358247280121,150000,15000,153.74554399750195,110.13078689575195,209.701171875
3582,18.711541891098022,0.9335939288139343,0.4753442108631134,0.05949634686112404,150000,15000,154.1729970012966,110.63480377197266,209.701171875
3583,18.77570152282715,0.9349508285522461,0.4677071273326874,0.059928737580776215,150000,15000,164.63139999905252,117.00916290283203,209.701171875
3584,18.721561431884766,0.93410724401474,0.46534743905067444,0.060995906591415405,150000,15000,156.29996599818696,112.55812644958496,209.701171875
3585,18.914073705673218,0.9368741512298584,0.464022159576416,0.057757358998060226,150000,15000,157.7430910001567,113.42692375183105,209.701171875
3586,18.87911319732666,0.9359993934631348,0.4503677487373352,0.06044571474194527,150000,15000,157.3489989968948,107.43331909179688,209.701171875
3587,18.78485083580017,0.9344323873519897,0.45250606536865234,0.06406892091035843,150000,15000,157.32138899693382,110.14485359191895,209.701171875
3588,18.927205801010132,0.9366077184677124,0.45316922664642334,0.06057404726743698,150000,15000,151.93386500322958,108.19745063781738,209.701171875
3589,18.999245166778564,0.937283456325531,0.45976772904396057,0.06085052713751793,150000,15000,158.10803299973486,110.11433601379395,209.701171875
3590,18.960150480270386,0.9366269111633301,0.4588789939880371,0.06298916786909103,150000,15000,154.44483299870626,110.69416999816895,209.701171875
3591,18.86022925376892,0.9354836344718933,0.47722765803337097,0.06016475707292557,150000,15000,159.34959899823298,110.99696159362793,209.701171875
3592,19.01735544204712,0.938025951385498,0.46371638774871826,0.05813880264759064,150000,15000,177.44780700013507,114.41779136657715,209.701171875
3593,19.037394523620605,0.9381920695304871,0.45865046977996826,0.05844593420624733,150000,15000,162.17228900131886,111.49072647094727,209.701171875
3594,19.090160131454468,0.9394220113754272,0.46197935938835144,0.056286148726940155,150000,15000,173.3010120005929,118.56198310852051,209.701171875
3595,19.096311330795288,0.9392592310905457,0.4603332579135895,0.057408057153224945,150000,15000,171.61793899867916,114.9301528930664,209.701171875
3596,19.145272970199585,0.9397658109664917,0.4533819556236267,0.05850861966609955,150000,15000,454.61482199971215,111.97781562805176,209.701171875
3597,19.08787250518799,0.9382428526878357,0.45946311950683594,0.057275865226984024,150000,15000,153.43926800051122,110.3661060333252,209.701171875
3598,19.07917022705078,0.938305139541626,0.4434126913547516,0.05755511671304703,150000,15000,156.31278900036705,110.56733131408691,209.701171875
3599,19.039593935012817,0.9376122355461121,0.448114275932312,0.0588822178542614,150000,15000,157.67198400135385,109.86113548278809,209.701171875
3600,19.092628955841064,0.9384503364562988,0.44335755705833435,0.057241521775722504,149965,15000,163.9242009987356,111.20438575744629,209.701171875
3601,19.00099754333496,0.9367444515228271,0.4441598653793335,0.062206510454416275,149997,15000,161.26344399890513,110.97955703735352,209.701171875
3602,19.14909601211548,0.9392843246459961,0.4381035268306732,0.061782900243997574,150000,15000,163.9643190028437,109.64679718017578,209.701171875
3603,19.087313413619995,0.938224196434021,0.44196397066116333,0.059753432869911194,150000,15000,162.61056200164603,110.61644554138184,209.701171875
3604,19.172768592834473,0.9395893812179565,0.44106119871139526,0.061234425753355026,150000,15000,160.12311200029217,109.73596572875977,209.701171875
3605,19.141329526901245,0.9396020770072937,0.4331560432910919,0.06148866191506386,150000,15000,154.17600799992215,110.08667945861816,209.701171875
3606,19.087984561920166,0.9390115737915039,0.43298137187957764,0.0582350455224514,150000,15000,157.7100579997932,111.33480072021484,209.701171875
3607,19.109543561935425,0.9394727945327759,0.43171295523643494,0.059268705546855927,150000,15000,155.9795219982334,110.33225059509277,209.701171875
3608,19.163283109664917,0.9403936266899109,0.4305518567562103,0.0623042955994606,150000,15000,156.1551100021461,109.57169532775879,209.701171875
3609,19.159821271896362,0.9404813051223755,0.42821836471557617,0.05950193107128143,150000,15000,162.00164800102357,109.74931716918945,209.701171875
3610,19.230282306671143,0.9414253234863281,0.42768457531929016,0.061741556972265244,150000,15000,159.59337199819856,110.28695106506348,209.701171875
3611,19.169578552246094,0.9409294128417969,0.42561736702919006,0.06343398243188858,150000,15000,153.59786600311054,109.29632186889648,209.701171875
3612,19.147402048110962,0.9409896731376648,0.4240342080593109,0.06145414710044861,150000,15000,159.6666000004916,109.39955711364746,209.701171875
3613,18.442866802215576,0.9303553104400635,0.4350420832633972,0.06275478005409241,150000,15000,157.92275900093955,111.76443099975586,209.701171875
3614,19.03195858001709,0.9395561218261719,0.43035900592803955,0.06486067175865173,150000,15000,153.333874000964,109.10558700561523,209.701171875
3615,19.128265380859375,0.9407347440719604,0.4285617470741272,0.06387677043676376,150000,15000,174.92649499763502,120.52750587463379,209.701171875
3616,19.150500297546387,0.9409281015396118,0.4290408492088318,0.06342656910419464,150000,15000,171.35360999964178,122.17974662780762,209.701171875
3617,19.02312397956848,0.9387018084526062,0.43309491872787476,0.06654131412506104,150000,15000,157.27250800046022,109.60102081298828,209.701171875
3618,19.050945043563843,0.9386019706726074,0.440524160861969,0.06631244719028473,150000,15000,158.16441399874748,110.4738712310791,209.701171875
3619,19.12894606590271,0.9393149614334106,0.44104498624801636,0.06451716274023056,150000,15000,155.64634800102795,110.2147102355957,209.701171875
3620,18.703479766845703,0.932280421257019,0.436223566532135,0.06767170876264572,150000,15000,160.0040569974226,109.05313491821289,209.701171875
3621,18.79555583000183,0.9339622855186462,0.4385035037994385,0.06752290576696396,150000,15000,159.58357999988948,110.03971099853516,209.701171875
3622,19.040212631225586,0.9380848407745361,0.44062331318855286,0.06600253283977509,150000,15000,156.61456899761106,109.79700088500977,209.701171875
3623,18.996857404708862,0.9375659823417664,0.4408586621284485,0.0674608051776886,150000,15000,158.54127700004028,108.38007926940918,209.701171875
3624,19.08647656440735,0.9396520853042603,0.4362092912197113,0.0661999061703682,150000,15000,160.37373300059699,110.29577255249023,209.701171875
3625,18.978639841079712,0.9382008910179138,0.43199247121810913,0.066870778799057,150000,15000,166.91310699752648,115.75078964233398,209.701171875
3626,18.85338068008423,0.9354197978973389,0.43102067708969116,0.06802219897508621,150000,15000,153.00073199978215,109.19809341430664,209.701171875
3627,18.944122791290283,0.936371922492981,0.4266270399093628,0.06780330836772919,150000,15000,154.55078300146852,109.10511016845703,209.701171875
3628,18.850771188735962,0.9351064562797546,0.4260483384132385,0.06865303218364716,150000,15000,154.2059409985086,109.50732231140137,209.701171875
3629,18.717875480651855,0.9317543506622314,0.43401241302490234,0.07088933140039444,150000,15000,153.78815400254098,105.7736873626709,209.701171875
3630,18.809621334075928,0.9326590299606323,0.4287838637828827,0.07023898512125015,150000,15000,163.96248000091873,113.00158500671387,209.701171875
3631,18.771029710769653,0.9314289093017578,0.43154314160346985,0.07040535658597946,150000,15000,167.47326499898918,111.59086227416992,209.701171875
3632,18.769795894622803,0.9308156967163086,0.4307723045349121,0.07375582307577133,150000,15000,171.66278999866336,114.12811279296875,209.701171875
3633,18.839398622512817,0.9316837191581726,0.4261666536331177,0.07338891178369522,150000,15000,154.6370489995752,110.17298698425293,209.701171875
3634,18.650559186935425,0.9278058409690857,0.4230899214744568,0.07292701303958893,150000,15000,164.49517799992464,111.78946495056152,209.701171875
3635,18.365525007247925,0.9206241369247437,0.42898881435394287,0.08062931895256042,150000,15000,157.33963700040476,112.5946044921875,209.701171875
3636,18.554950952529907,0.9248101115226746,0.42949169874191284,0.07865387946367264,150000,15000,154.59346900024684,109.67731475830078,209.701171875
3637,18.55678915977478,0.9251400828361511,0.4300359785556793,0.07733191549777985,150000,15000,155.52600200317102,110.9015941619873,209.701171875
3638,18.55228304862976,0.9239775538444519,0.42100849747657776,0.08033561706542969,150000,15000,156.64250799818547,110.99815368652344,209.701171875
3639,18.644994497299194,0.9253197908401489,0.42298388481140137,0.07729346305131912,150000,15000,167.86102100013522,112.07222938537598,209.701171875
3640,18.40444803237915,0.9221858382225037,0.4282810389995575,0.08125389367341995,150000,15000,156.99486400262685,110.52870750427246,209.701171875
3641,18.439103364944458,0.9220556616783142,0.42834794521331787,0.08333751559257507,150000,15000,154.4924269983312,110.16416549682617,209.701171875
3642,18.52312922477722,0.924113392829895,0.4377122223377228,0.07825960963964462,150000,15000,159.08846100137453,109.82847213745117,209.701171875
3643,18.487106561660767,0.923890233039856,0.43355420231819153,0.07805720716714859,150000,15000,155.60463499787147,112.67805099487305,209.701171875
3644,18.688584566116333,0.9268538355827332,0.4286110997200012,0.07875420898199081,150000,15000,158.4940180000558,112.0760440826416,209.701171875
3645,18.17594289779663,0.9186123609542847,0.4368002712726593,0.07992289215326309,150000,15000,156.90653099954943,110.95166206359863,209.701171875
3646,18.453562259674072,0.9234409332275391,0.4347972571849823,0.078120656311512,150000,15000,157.46043599938275,110.59212684631348,209.701171875
3647,18.529770374298096,0.9242513179779053,0.43276503682136536,0.07645580917596817,150000,15000,156.5944389985816,110.37731170654297,209.701171875
3648,18.290083408355713,0.9206039309501648,0.43253597617149353,0.08118517696857452,150000,15000,164.7867129977385,114.66193199157715,209.701171875
3649,18.56019616127014,0.9248830080032349,0.43819236755371094,0.07857808470726013,150000,15000,156.5177999982552,109.34805870056152,209.701171875
3650,18.7108051776886,0.9279093742370605,0.43448585271835327,0.07700148224830627,150000,15000,157.42927199971746,111.54866218566895,209.701171875
3651,18.750100135803223,0.9292263388633728,0.4266073405742645,0.07663623988628387,150000,15000,162.44186800031457,112.2281551361084,209.701171875
3652,18.701220750808716,0.9288833141326904,0.42394304275512695,0.07643989473581314,150000,15000,158.36355600185925,108.85286331176758,209.701171875
3653,18.779560327529907,0.929872989654541,0.42224135994911194,0.07704250514507294,150000,15000,159.989603998838,112.07151412963867,209.701171875
3654,18.816635608673096,0.9309343099594116,0.4174405038356781,0.0743597000837326,150000,15000,152.92361799947685,109.52234268188477,209.701171875
3655,18.714845180511475,0.9302271604537964,0.41631951928138733,0.07470875978469849,150000,15000,153.28841700102203,107.86032676696777,209.701171875
3656,18.81525158882141,0.9308627843856812,0.4123501181602478,0.07532723248004913,150000,15000,156.14726200146833,109.98845100402832,209.701171875
3657,18.809478282928467,0.9309496879577637,0.4124718904495239,0.07398103177547455,150000,15000,162.43566699995426,114.3951416015625,209.701171875
3658,18.821557760238647,0.9308129549026489,0.4096488952636719,0.0755738839507103,150000,15000,156.80006299953675,110.9621524810791,209.701171875
3659,18.768959045410156,0.9297493696212769,0.40986502170562744,0.07668513804674149,150000,15000,159.3917190002685,113.75665664672852,209.701171875
3660,18.74120593070984,0.9291578531265259,0.4091060161590576,0.07585442811250687,150000,15000,155.96919100062223,111.05728149414062,209.701171875
3661,18.706029653549194,0.9282064437866211,0.4092980623245239,0.07816566526889801,150000,15000,157.07776400086004,111.07444763183594,209.701171875
3662,18.762110471725464,0.9295744299888611,0.40961843729019165,0.07626581192016602,150000,15000,155.85166200253298,109.97676849365234,209.701171875
3663,18.839343786239624,0.9310734272003174,0.411506712436676,0.07458775490522385,150000,15000,158.00700599720585,111.00411415100098,209.701171875
3664,18.90203356742859,0.9317423701286316,0.4109381437301636,0.07510614395141602,150000,15000,157.8896649989474,110.10193824768066,209.701171875
3665,18.99248719215393,0.9340811967849731,0.40177467465400696,0.07371249794960022,150000,15000,156.39519999967888,111.06061935424805,209.701171875
3666,18.874017000198364,0.933059811592102,0.40190184116363525,0.07143163681030273,150000,15000,154.8785949999001,109.74907875061035,209.701171875
3667,18.95631194114685,0.9329199194908142,0.4059520363807678,0.07451291382312775,150000,15000,156.81224999934784,109.97867584228516,209.701171875
3668,18.97961139678955,0.9336369037628174,0.41211146116256714,0.07579264044761658,150000,15000,158.2255780012929,110.28552055358887,209.701171875
