frame,psnr,ssim,lpips,depth_l1,n_gaussians,n_optimized,frame_time_ms,opt_time_ms,peak_vram_mb
1,25.790436267852783,0.7105412483215332,0.3960022032260895,0.05376057326793671,14107,14107,149.93698599937488,47.181129455566406,67.01318359375
2,20.752718448638916,0.6702446937561035,0.4057462215423584,0.04028315097093582,14143,14143,63.419169000553666,48.16603660583496,67.04833984375
3,18.535958528518677,0.6330357193946838,0.4399910569190979,0.06549058109521866,14211,14211,62.308340002346085,49.68738555908203,67.1259765625
4,17.494226694107056,0.6092143058776855,0.4759255647659302,0.07993623614311218,14312,14312,60.18199599930085,47.377824783325195,67.19970703125
5,17.6851224899292,0.6161208748817444,0.4958687424659729,0.09833726286888123,14419,14419,62.250630999187706,49.43394660949707,67.28662109375
6,18.167271614074707,0.6294245719909668,0.5111520290374756,0.08607059717178345,14501,14501,58.81245199998375,44.56138610839844,67.373046875
7,19.10684108734131,0.6544260382652283,0.5191554427146912,0.08988700062036514,14588,14588,59.86035800015088,45.48311233520508,67.443359375
8,20.01836061477661,0.676581621170044,0.5107969641685486,0.0795099288225174,14674,14674,59.24811300064903,45.51529884338379,67.52685546875
9,19.61294174194336,0.6639835238456726,0.5002216696739197,0.08078304678201675,14757,14757,59.56722000337322,45.310258865356445,67.61181640625
10,19.10546064376831,0.6561662554740906,0.5154041051864624,0.08851812034845352,14856,14856,58.2897390013386,45.74894905090332,67.72412109375
11,18.59947681427002,0.6431303024291992,0.532965362071991,0.08590150624513626,14942,14942,58.442751000256976,44.72804069519043,67.79638671875
12,18.424605131149292,0.6376054286956787,0.554095983505249,0.09512954205274582,15031,15000,153.41428999818163,138.41629028320312,70.7958984375
13,18.60005259513855,0.639651894569397,0.5683512687683105,0.09980104118585587,15123,15000,117.34253200120293,102.02646255493164,70.8828125
14,18.598569631576538,0.6421017646789551,0.5656283497810364,0.09347277879714966,15220,15000,119.3177810018824,104.63094711303711,70.9462890625
15,18.450669050216675,0.6351885795593262,0.5797678232192993,0.10325861722230911,15319,15000,120.9517080023943,103.3935546875,71.029296875
16,18.418256044387817,0.6325158476829529,0.5796550512313843,0.11417623609304428,15399,15000,120.33641300149611,103.5153865814209,71.10107421875
17,18.94163489341736,0.6470131278038025,0.5590497255325317,0.12348613142967224,15485,15000,118.45897599778255,101.09448432922363,71.1591796875
18,18.12968373298645,0.6300408244132996,0.5562872886657715,0.12940430641174316,15593,15000,118.15236999973422,103.24907302856445,71.24365234375
19,18.30276131629944,0.6368823051452637,0.570782482624054,0.14334748685359955,15713,15000,117.29093800022383,101.22132301330566,71.34619140625
20,18.646034002304077,0.646980881690979,0.5584204196929932,0.13771981000900269,15822,15000,120.00728299972252,104.95233535766602,71.439453125
21,18.056206703186035,0.6299249529838562,0.571380615234375,0.1492553949356079,15951,15000,130.5548380005348,102.83732414245605,71.5439453125
22,18.82028341293335,0.661856472492218,0.5624709129333496,0.15417489409446716,16077,15000,121.56374899859657,104.42376136779785,71.64599609375
23,19.58517074584961,0.6869596242904663,0.5359966158866882,0.1405297815799713,16186,15000,120.91601700012689,103.2862663269043,71.73828125
24,19.35001850128174,0.7025889754295349,0.5202056169509888,0.13148273527622223,16289,15000,121.32289699729881,102.0498275756836,71.83203125
25,18.282880783081055,0.7021359205245972,0.5230895280838013,0.14764642715454102,16420,15000,124.72278099812684,104.80976104736328,71.9365234375
26,17.655904293060303,0.6997189521789551,0.5512087345123291,0.14840465784072876,16562,15000,122.91591400207835,103.52158546447754,72.0498046875
27,17.48001456260681,0.7045153975486755,0.557320773601532,0.1568375676870346,16713,15000,125.79821799954516,107.06138610839844,72.1708984375
28,17.678861618041992,0.7208470106124878,0.5666763186454773,0.15606102347373962,16870,15000,121.67487999977311,102.37407684326172,72.2890625
29,19.237288236618042,0.7662386298179626,0.5676283240318298,0.13418693840503693,17007,15000,128.0349810003827,104.92992401123047,72.39990234375
30,20.461201667785645,0.7946013808250427,0.5452801585197449,0.11702743172645569,17109,15000,120.1322689994413,103.71184349060059,72.49169921875
31,21.59496307373047,0.8201777338981628,0.5118327140808105,0.11763635277748108,17202,15000,127.42133199935779,105.68070411682129,72.5771484375
32,22.557659149169922,0.836256206035614,0.4869281053543091,0.10931728035211563,17293,15000,133.28915300007793,104.37750816345215,72.66748046875
33,21.91251516342163,0.828676700592041,0.4901271462440491,0.10747436434030533,17364,15000,133.11191300090286,106.04000091552734,72.716796875
34,23.420040607452393,0.8559798002243042,0.4742036461830139,0.11211402714252472,17444,15000,129.35250900045503,105.38220405578613,72.77783203125
35,24.178466796875,0.8690379858016968,0.45252707600593567,0.10821700096130371,17519,15000,123.12048400053754,107.59902000427246,72.83740234375
36,23.345184326171875,0.8673650622367859,0.43994325399398804,0.10743545740842819,17579,15000,126.57210399993346,104.33578491210938,72.89697265625
37,22.20531463623047,0.8618564605712891,0.44118642807006836,0.10429370403289795,17671,15000,123.0963050002174,105.2865982055664,72.98388671875
38,20.37064790725708,0.8316032886505127,0.4664101302623749,0.1113685742020607,17787,15000,124.64179299786338,107.60092735290527,73.04736328125
39,19.53925132751465,0.8018171787261963,0.5035322308540344,0.11262412369251251,17929,15000,137.18940999751794,104.8741340637207,73.173828125
40,19.445947408676147,0.8006082773208618,0.5171012878417969,0.12058188021183014,18084,15000,120.4708910008776,103.17659378051758,73.2998046875
41,20.40613889694214,0.8345491886138916,0.5097092390060425,0.1123189926147461,18212,15000,131.50069400217035,103.59382629394531,73.40380859375
42,20.83254337310791,0.8473009467124939,0.4940420985221863,0.11906982958316803,18356,15000,121.78265799957444,104.08878326416016,73.51953125
43,19.554390907287598,0.8230612277984619,0.5055326223373413,0.11871904134750366,18511,15000,122.74565500047174,102.76126861572266,73.64208984375
44,19.39555287361145,0.827593207359314,0.5163668990135193,0.12415474653244019,18679,15000,128.339937000419,108.85953903198242,73.76171875
45,18.748300075531006,0.8173580169677734,0.5307345986366272,0.1492372453212738,18884,15000,124.23980700259563,102.31876373291016,73.93408203125
46,18.641042709350586,0.8273741602897644,0.5459932684898376,0.13364282250404358,19078,15000,129.7949109975889,110.34584045410156,74.11279296875
47,18.356378078460693,0.8249725103378296,0.5622650384902954,0.1268465518951416,19272,15000,123.1375460010895,104.44116592407227,74.2666015625
48,17.981491088867188,0.8153993487358093,0.573985755443573,0.13112862408161163,19474,15000,132.37047499933396,105.11112213134766,74.42822265625
49,17.981538772583008,0.8162719011306763,0.5919584035873413,0.13120917975902557,19672,15000,122.49338399851695,104.24089431762695,74.58984375
50,18.067336082458496,0.8223668336868286,0.5989954471588135,0.13409274816513062,19866,15000,127.46177900044131,109.23600196838379,74.74609375
51,18.04189443588257,0.8230413198471069,0.6074200868606567,0.12587419152259827,20079,15000,127.97585600128514,111.4659309387207,74.908203125
52,18.201522827148438,0.831218957901001,0.6109699010848999,0.10918395966291428,20279,15000,130.19921899831388,110.56947708129883,75.07373046875
53,18.331867456436157,0.8329229354858398,0.6141551733016968,0.14131885766983032,20496,15000,122.96029299977818,104.49600219726562,75.26611328125
54,18.723466396331787,0.8500577807426453,0.6065112948417664,0.12116190791130066,20711,15000,124.08144899745821,104.9659252166748,75.43310546875
55,19.34702157974243,0.8694695830345154,0.5936846733093262,0.11165399849414825,20928,15000,120.06444700091379,103.93738746643066,75.5986328125
56,19.79170799255371,0.8823513984680176,0.5730129480361938,0.11328176409006119,21140,15000,122.2647809991031,104.98189926147461,75.7880859375
57,19.742982387542725,0.8832981586456299,0.5501686930656433,0.11456523835659027,21359,15000,120.51136200170731,105.04555702209473,75.95654296875
58,19.382059574127197,0.8757542371749878,0.5499095916748047,0.10840003192424774,21577,15000,122.00389999998151,104.62808609008789,76.13671875
59,19.08171534538269,0.8667799830436707,0.5611768364906311,0.10960681736469269,21796,15000,121.30868700114661,104.66694831848145,76.31884765625
60,19.616905450820923,0.8824140429496765,0.5655132532119751,0.09967368096113205,22010,15000,119.4256629969459,102.10371017456055,76.482421875
61,20.069668292999268,0.8930580019950867,0.5580325126647949,0.0990951657295227,22230,15000,123.72502500147675,104.27260398864746,76.6689453125
62,20.518617630004883,0.9006102085113525,0.5369836091995239,0.10381689667701721,22452,15000,119.87606899856473,103.9128303527832,76.8544921875
63,20.36182165145874,0.8981618881225586,0.5401445627212524,0.10156335681676865,22671,15000,122.61894599942025,105.42178153991699,77.046875
64,20.537755489349365,0.9063569903373718,0.5426283478736877,0.09576118737459183,22891,15000,122.19309099964448,105.9725284576416,77.2138671875
65,20.314817428588867,0.9060969352722168,0.5400800108909607,0.09992046654224396,23105,15000,130.98559700301848,106.12750053405762,77.3935546875
66,19.871490001678467,0.9018663167953491,0.5391755700111389,0.09239427745342255,23323,15000,125.4671499991673,105.98945617675781,77.5732421875
67,19.630502462387085,0.9008548259735107,0.5560654997825623,0.10034706443548203,23549,15000,124.45426399790449,105.96847534179688,77.7392578125
68,19.262946844100952,0.8992708921432495,0.5526884198188782,0.09819480031728745,23765,15000,125.85700900308439,107.25235939025879,77.91796875
69,18.745744228363037,0.8919877409934998,0.5614161491394043,0.09806419163942337,23978,15000,134.06339900029707,104.66408729553223,78.09765625
70,18.29060673713684,0.8874229788780212,0.5736331939697266,0.0964943915605545,24199,15000,121.13683999996283,103.07693481445312,78.2998046875
71,17.622244358062744,0.8770160675048828,0.576283872127533,0.10381709784269333,24419,15000,124.62121099815704,105.78298568725586,78.47021484375
72,17.424272298812866,0.8768476247787476,0.5747835636138916,0.1066073551774025,24639,15000,125.14789499982726,103.92260551452637,78.6376953125
73,18.078320026397705,0.8842021822929382,0.568367600440979,0.09941986203193665,24855,15000,139.87541800088366,105.3915023803711,78.82861328125
74,18.143216371536255,0.8874938488006592,0.5659865140914917,0.09868872165679932,25071,15000,123.05069300055038,104.17509078979492,78.99560546875
75,18.472706079483032,0.8954372406005859,0.5646729469299316,0.10429101437330246,25291,15000,127.533183000196,106.89616203308105,79.1748046875
76,18.960529565811157,0.9052910804748535,0.5624262094497681,0.08847089111804962,25507,15000,125.94694000290474,104.43615913391113,79.35693359375
77,19.290153980255127,0.9119493365287781,0.5483447909355164,0.09049645066261292,25725,15000,131.60790899928543,104.55965995788574,79.52197265625
78,19.625861644744873,0.9178048372268677,0.536083996295929,0.08805309981107712,25940,15000,126.64050500097801,105.91006278991699,79.69921875
79,19.773226976394653,0.9204441905021667,0.5236852169036865,0.0810151919722557,26156,15000,136.59961599842063,104.07853126525879,79.89013671875
80,19.63402271270752,0.9183356165885925,0.522737979888916,0.08528580516576767,26373,15000,127.41881400143029,104.42614555358887,80.0849609375
81,19.771734476089478,0.9195795059204102,0.5128832459449768,0.08639273792505264,26586,15000,133.91679800042766,104.82978820800781,80.2470703125
82,19.664114713668823,0.9184343218803406,0.5091224908828735,0.08036160469055176,26801,15000,125.47143100164249,104.31385040283203,80.41748046875
83,18.875367641448975,0.9053427577018738,0.5147815346717834,0.08241260051727295,27010,15000,126.6080850000435,106.35709762573242,80.6064453125
84,18.803997039794922,0.9024691581726074,0.522537887096405,0.07995567470788956,27225,15000,133.82654399902094,103.39856147766113,80.77392578125
85,18.643474578857422,0.8992822170257568,0.5241464376449585,0.08088625222444534,27444,15000,130.1691499975277,104.03203964233398,80.94140625
86,18.88432741165161,0.9029006361961365,0.523798942565918,0.08196023106575012,27664,15000,131.181569002365,106.17971420288086,81.1337890625
87,19.008164405822754,0.9057708978652954,0.525829017162323,0.07940348982810974,27875,15000,127.48278599974583,103.91545295715332,81.29833984375
88,19.056620597839355,0.9077147841453552,0.5185522437095642,0.07732319831848145,28084,15000,124.75255300159915,105.5302619934082,81.46337890625
89,19.035106897354126,0.908711850643158,0.518041729927063,0.08867718279361725,28305,15000,123.92810299934354,104.24518585205078,81.6572265625
90,19.060550928115845,0.9098654985427856,0.5142539739608765,0.08343014866113663,28522,15000,125.31766900065122,104.60567474365234,81.82421875
91,18.93985867500305,0.9092740416526794,0.5211792588233948,0.07781607657670975,28738,15000,119.8631959996419,103.52110862731934,82.0029296875
92,19.431636333465576,0.9176804423332214,0.5298837423324585,0.08016341924667358,28953,15000,123.62588200267055,105.75652122497559,82.18359375
93,19.764063358306885,0.9225584268569946,0.5200918912887573,0.08445943892002106,29172,15000,124.27696099985042,104.35128211975098,83.044921875
94,19.682796001434326,0.9219347834587097,0.5154135823249817,0.08629229664802551,29394,15000,125.02520699854358,105.44562339782715,83.24609375
95,19.36386227607727,0.9162782430648804,0.5123271942138672,0.08466185629367828,29617,15000,124.76185999912559,103.8506031036377,84.30615234375
96,19.945870637893677,0.926397979259491,0.500775933265686,0.07580176740884781,29831,15000,124.23520499942242,105.61871528625488,84.5166015625
97,20.35198450088501,0.9329193830490112,0.4891616702079773,0.07019930332899094,30036,15000,124.670610002795,104.12025451660156,84.728515625
98,20.101664066314697,0.9294180870056152,0.47933268547058105,0.06901649385690689,30255,15000,128.86079300005804,106.55665397644043,84.91943359375
99,20.459628105163574,0.9339312314987183,0.47538211941719055,0.08867254108190536,30476,15000,126.66361100127688,103.18613052368164,85.17333984375
100,20.56894302368164,0.9363000392913818,0.47054460644721985,0.0717211440205574,29638,15000,234.6904359983455,107.04517364501953,87.173828125
101,20.656607151031494,0.9367760419845581,0.4696089029312134,0.07167991995811462,29852,15000,120.97611099670758,104.34460639953613,87.173828125
102,20.39036989212036,0.9330625534057617,0.4606722295284271,0.07004333287477493,30065,15000,125.69523999991361,105.35454750061035,87.173828125
103,20.080063343048096,0.9296869039535522,0.45311930775642395,0.07463917136192322,30288,15000,124.55410499751451,106.19711875915527,87.173828125
104,18.77670407295227,0.9043946266174316,0.4744179844856262,0.07648053020238876,30497,15000,137.85294699846418,107.81002044677734,87.173828125
105,18.68244171142578,0.899906575679779,0.4990801215171814,0.08577577024698257,30707,15000,121.16229999810457,104.38871383666992,87.173828125
106,18.73222827911377,0.9010323882102966,0.5197101831436157,0.08259419351816177,30921,15000,123.77122199904989,105.22794723510742,87.173828125
107,18.945480585098267,0.9039980173110962,0.5256973505020142,0.08738967776298523,31135,15000,122.16409900065628,104.79092597961426,87.173828125
108,19.300514459609985,0.9075281620025635,0.5129746198654175,0.08252155780792236,31345,15000,124.95854399821837,105.84163665771484,87.173828125
109,19.22401189804077,0.9051586389541626,0.5212751030921936,0.07396917790174484,31548,15000,126.61690999811981,104.60948944091797,87.173828125
110,19.58962082862854,0.9112009406089783,0.521523654460907,0.07176536321640015,31752,15000,126.44638299752842,107.44214057922363,87.173828125
111,19.444587230682373,0.9065491557121277,0.5026973485946655,0.07480128109455109,31957,15000,123.10353899738402,104.52842712402344,87.173828125
112,18.920570611953735,0.8968565464019775,0.5199032425880432,0.0889718160033226,32178,15000,125.02225199932582,106.37187957763672,87.173828125
113,18.991247415542603,0.8992319107055664,0.5313342213630676,0.08086590468883514,32397,15000,127.38973000159604,105.21388053894043,87.173828125
114,18.99711012840271,0.8974326848983765,0.5276864767074585,0.0836009755730629,32603,15000,135.40485900011845,105.80611228942871,87.173828125
115,19.24012303352356,0.9036075472831726,0.5222133994102478,0.09198421239852905,32804,15000,122.3225760004425,103.851318359375,87.173828125
116,19.451383352279663,0.9083496928215027,0.5219948291778564,0.06967680156230927,33002,15000,129.96518399813795,106.32777214050293,87.173828125
117,19.772965908050537,0.9144139289855957,0.5089760422706604,0.07171513885259628,33216,15000,132.02466999791795,105.16190528869629,87.173828125
118,19.43860650062561,0.9097458720207214,0.511325478553772,0.08401692658662796,33428,15000,131.3088449969655,104.1257381439209,87.173828125
119,19.34767484664917,0.910085141658783,0.49978697299957275,0.0768456906080246,33639,15000,134.2731949989684,108.28161239624023,87.173828125
120,18.500126600265503,0.8935934901237488,0.5311871767044067,0.09194399416446686,33847,15000,122.21254199903342,104.2013168334961,87.173828125
121,19.133189916610718,0.9038402438163757,0.5354458093643188,0.08647225797176361,34054,15000,125.62291300127981,106.42719268798828,87.173828125
122,19.572277069091797,0.9132928848266602,0.5234332084655762,0.082633838057518,34250,15000,131.55856599769322,104.78472709655762,87.173828125
123,19.620156288146973,0.9144145250320435,0.5187900066375732,0.07750906050205231,34455,15000,133.86617500145803,106.57358169555664,87.173828125
124,19.81452226638794,0.9177052974700928,0.5163265466690063,0.08115943521261215,34656,15000,132.06779200118035,104.3236255645752,87.18212890625
125,19.63326096534729,0.912050724029541,0.523922860622406,0.07539600133895874,34848,15000,133.77893099823268,104.0964126586914,87.32470703125
126,19.094778299331665,0.9032067060470581,0.5405198931694031,0.0765610933303833,35041,15000,120.70937699900242,104.15339469909668,87.47216796875
127,19.248545169830322,0.9043328762054443,0.5512816309928894,0.08366073668003082,35234,15000,123.62871300138067,106.67896270751953,87.6142578125
128,18.916157484054565,0.8969425559043884,0.5555816888809204,0.08010812103748322,35416,15000,121.66416699983529,104.5687198638916,87.7578125
129,18.753087520599365,0.8967413306236267,0.5595780611038208,0.0884644165635109,35606,15000,127.66988000294077,106.55927658081055,87.8994140625
130,19.440786838531494,0.9114440679550171,0.5548256635665894,0.0892346054315567,35808,15000,133.25467400136404,104.50172424316406,88.04541015625
131,19.858791828155518,0.9199504852294922,0.5328969955444336,0.07635793089866638,35998,15000,138.65225200061104,110.67819595336914,88.26318359375
132,19.680776596069336,0.9158729910850525,0.529610812664032,0.07765819877386093,36181,15000,131.73059200198622,110.84294319152832,88.3740234375
133,19.68848943710327,0.919044017791748,0.527367115020752,0.0819229707121849,36371,15000,124.90166700081318,106.85443878173828,88.6240234375
134,20.235393047332764,0.9287558794021606,0.5160355567932129,0.07526540756225586,36549,15000,124.21198399897548,107.56826400756836,88.72509765625
135,20.478768348693848,0.9334046244621277,0.4959176182746887,0.07690375298261642,36733,15000,127.0778270009032,104.97879981994629,88.951171875
136,20.02422571182251,0.9255342483520508,0.5112735033035278,0.07286299020051956,36920,15000,123.14935699760099,104.2795181274414,89.046875
137,19.433608055114746,0.9160265326499939,0.49568653106689453,0.07953056693077087,37091,15000,132.74906300284783,105.94582557678223,89.3125
138,18.445602655410767,0.8965743780136108,0.5202836990356445,0.08248069137334824,37258,15000,127.43830899853492,107.89084434509277,89.3798828125
139,18.060139417648315,0.8842397928237915,0.5409659147262573,0.08967162668704987,37422,15000,132.86148900078842,106.20379447937012,89.64208984375
140,18.31780433654785,0.8920336961746216,0.5443221926689148,0.08817921578884125,37595,15000,129.19876700107125,103.77287864685059,89.833984375
141,18.507378101348877,0.8939260840415955,0.5626235604286194,0.09456941485404968,37769,15000,132.03606300157844,106.42385482788086,89.966796875
142,18.754864931106567,0.9013568758964539,0.5616430044174194,0.08643876761198044,37945,15000,123.79603500085068,103.66940498352051,90.1689453125
143,18.929636478424072,0.9043230414390564,0.5477355718612671,0.07988196611404419,38114,15000,126.04781199843273,105.1173210144043,90.2861328125
144,18.5780930519104,0.901903510093689,0.5533628463745117,0.09440276026725769,38286,15000,125.45101300202077,103.78694534301758,90.49658203125
145,18.486980199813843,0.9006862640380859,0.547693133354187,0.09229294955730438,38449,15000,134.16757600134588,109.45391654968262,90.61572265625
146,17.657041549682617,0.8776240348815918,0.5695711374282837,0.09952130913734436,38622,15000,134.21715299773496,104.36320304870605,90.8134765625
147,17.779061794281006,0.8822646141052246,0.5830580592155457,0.105119489133358,38793,15000,124.18082599833724,104.11334037780762,90.9462890625
148,18.37768793106079,0.8989043235778809,0.5715007781982422,0.1091221496462822,38964,15000,122.73186399761471,103.98340225219727,91.69970703125
149,18.235455751419067,0.8945571780204773,0.5821899771690369,0.11038634926080704,39135,15000,126.1750129997381,105.22723197937012,91.69970703125
150,18.23024272918701,0.8934798240661621,0.5850697755813599,0.10164934396743774,39298,15000,126.83953099985956,105.12518882751465,91.95654296875
151,17.74620294570923,0.8807199001312256,0.5866023898124695,0.11990838497877121,39466,15000,126.3417970003502,105.04698753356934,91.95654296875
152,17.302526235580444,0.8647046089172363,0.5951462984085083,0.11309808492660522,39627,15000,136.21383600184345,107.94425010681152,92.1845703125
153,17.368428707122803,0.8624813556671143,0.6038497686386108,0.11213730275630951,39782,15000,139.45062600032543,104.31671142578125,92.1845703125
154,17.8676176071167,0.8801280856132507,0.6074389815330505,0.11070289462804794,39941,15000,133.27504499829956,106.719970703125,92.42822265625
155,18.581950664520264,0.8991761207580566,0.5864462852478027,0.11272820830345154,40095,15000,133.90691799941123,109.92312431335449,92.42822265625
156,17.74606227874756,0.87956303358078,0.5921832323074341,0.12070604413747787,40257,15000,140.21650699942256,104.8593521118164,92.6591796875
157,16.56336545944214,0.8430938124656677,0.6058456897735596,0.12503069639205933,40410,15000,130.99392599906423,103.61790657043457,92.6591796875
158,16.748708486557007,0.8510965704917908,0.6203230619430542,0.13195718824863434,40563,15000,132.90626900197822,105.21936416625977,92.857421875
159,17.10381507873535,0.8635841608047485,0.6205106973648071,0.133296400308609,40713,15000,135.63585600059014,104.32744026184082,92.857421875
160,17.574539184570312,0.8783160448074341,0.6223729252815247,0.13402971625328064,40865,15000,124.36327499744948,104.33030128479004,93.10888671875
161,17.866464853286743,0.8845860362052917,0.6236029863357544,0.1278824359178543,41010,15000,125.81455300096422,105.30734062194824,93.10888671875
162,17.746931314468384,0.8813658952713013,0.6206288933753967,0.13844242691993713,41160,15000,132.4763240008906,104.92682456970215,93.38232421875
163,16.728416681289673,0.8521393537521362,0.6219809651374817,0.14047804474830627,41306,15000,131.41962299778243,103.40452194213867,93.38232421875
164,16.456440687179565,0.8422664999961853,0.6317665576934814,0.1534082293510437,41448,15000,123.02376899970113,102.88286209106445,93.640625
165,16.868150234222412,0.85521000623703,0.6421233415603638,0.15289314091205597,41595,15000,124.31323200144107,105.14140129089355,93.640625
166,17.517244815826416,0.8741769194602966,0.6268236041069031,0.1465366780757904,41741,15000,123.81498400281998,104.24280166625977,94.86962890625
167,18.132083415985107,0.8878976106643677,0.60699063539505,0.14557097852230072,41884,15000,122.21377899913932,103.43647003173828,94.86962890625
168,17.042423486709595,0.8522927165031433,0.6201569437980652,0.14000464975833893,42025,15000,135.40717700016103,104.91609573364258,95.076171875
169,17.551051378250122,0.8677002191543579,0.621614933013916,0.1354234218597412,42159,15000,127.09481400088407,103.59835624694824,95.076171875
170,18.039867877960205,0.8787502646446228,0.6145166158676147,0.1413755863904953,42297,15000,126.96754699936719,107.19513893127441,95.2744140625
171,18.202329874038696,0.88090580701828,0.6087217926979065,0.13550487160682678,42428,15000,127.35513699954026,109.0691089630127,95.2744140625
172,17.981226444244385,0.8772300481796265,0.6074426770210266,0.13755415380001068,42557,15000,131.87562200255343,109.466552734375,95.46533203125
173,18.197213411331177,0.8839444518089294,0.5976144075393677,0.12791509926319122,42686,15000,136.52605599781964,114.26925659179688,95.46533203125
174,18.518561124801636,0.89452064037323,0.5866091847419739,0.11868535727262497,42812,15000,129.28529599957983,105.58009147644043,95.65283203125
175,18.549448251724243,0.8980898261070251,0.5755743384361267,0.11627017706632614,42939,15000,122.58053300320171,103.3623218536377,95.68017578125
176,18.73107671737671,0.9030953645706177,0.5690528154373169,0.1253870725631714,43068,15000,127.56267800068599,104.54440116882324,95.85205078125
177,18.39346408843994,0.8988467454910278,0.5743018984794617,0.1289246827363968,43197,15000,123.6713910002436,105.84211349487305,95.87646484375
178,18.15364122390747,0.8890383243560791,0.5856319069862366,0.12963911890983582,43328,15000,125.59776900161523,106.50134086608887,96.04150390625
179,18.36622953414917,0.8951562643051147,0.5900601744651794,0.13746778666973114,43459,15000,126.10099800076568,108.11424255371094,96.07958984375
180,18.88553261756897,0.908186137676239,0.5813409686088562,0.13317295908927917,43589,15000,130.33445099790697,106.04166984558105,96.240234375
181,18.966968059539795,0.9120769500732422,0.5705658197402954,0.12706470489501953,43721,15000,130.11243700020714,105.76891899108887,96.2744140625
182,18.313438892364502,0.8941015005111694,0.5861087441444397,0.1264447718858719,43851,15000,124.97438100035652,104.05921936035156,96.64453125
183,18.606853485107422,0.9023885130882263,0.5735894441604614,0.12977908551692963,43980,15000,124.39859400183195,103.7588119506836,96.64453125
184,18.296873569488525,0.8973102569580078,0.5900700688362122,0.14295019209384918,44107,15000,125.60533299983945,105.48996925354004,96.64453125
185,18.269708156585693,0.8968690633773804,0.5820684432983398,0.14193354547023773,44230,15000,122.63918600001489,103.70516777038574,96.64453125
186,18.288217782974243,0.8965399265289307,0.5888543128967285,0.14673520624637604,44359,15000,132.08802699955413,104.45380210876465,96.64453125
187,18.471295833587646,0.9010855555534363,0.5875264406204224,0.14634378254413605,44490,15000,136.63776500106906,104.3553352355957,96.64453125
188,18.19771409034729,0.892815113067627,0.599227786064148,0.14456595480442047,44617,15000,128.05994600057602,104.7666072845459,96.64453125
189,17.911158800125122,0.8854295015335083,0.6056700348854065,0.14704887568950653,44742,15000,127.42320799952722,103.99031639099121,96.65087890625
190,17.929152250289917,0.8848327994346619,0.602828323841095,0.15238770842552185,44861,15000,123.7379759986652,103.96862030029297,97.1328125
191,18.08034062385559,0.8894481062889099,0.6103383302688599,0.1523512601852417,44990,15000,124.74860199654358,105.62276840209961,97.962890625
192,18.29474449157715,0.893883228302002,0.6003385782241821,0.1450236737728119,45117,15000,125.62655700094183,104.44951057434082,97.962890625
193,18.500105142593384,0.9002171754837036,0.5893459916114807,0.14391493797302246,45241,15000,126.25938000201131,105.12375831604004,97.962890625
194,18.42260479927063,0.8988374471664429,0.5883118510246277,0.14872939884662628,45367,15000,124.71682700197562,104.07233238220215,97.962890625
195,18.242212533950806,0.8960680961608887,0.5911720991134644,0.14589878916740417,45494,15000,125.76899099803995,105.55791854858398,97.962890625
196,18.200178146362305,0.8928680419921875,0.6024373769760132,0.15046827495098114,45621,15000,133.00954100122908,104.48145866394043,97.962890625
197,18.276997804641724,0.8944230079650879,0.5955942273139954,0.14676444232463837,45742,15000,135.03528200089931,106.96125030517578,97.962890625
198,18.166916370391846,0.8907737731933594,0.5934424996376038,0.15342402458190918,45866,15000,127.61059900003602,106.06575012207031,98.97021484375
199,18.235127925872803,0.8903843760490417,0.5857623815536499,0.15419888496398926,45990,15000,125.62179900123738,105.64494132995605,98.97021484375
200,18.50819706916809,0.896631121635437,0.5792528390884399,0.15492995083332062,42179,15000,127.1496980007214,105.08322715759277,99.3984375
201,18.43355417251587,0.8906750679016113,0.5883687734603882,0.14838217198848724,42299,15000,127.13471300230594,108.13593864440918,99.3984375
202,18.24377179145813,0.8890074491500854,0.5917618870735168,0.15534301102161407,42426,15000,125.08322299981955,103.88731956481934,99.3984375
203,18.411027193069458,0.8964056968688965,0.5925092697143555,0.15670174360275269,42548,15000,128.72143700224115,106.30369186401367,99.3984375
204,18.57970356941223,0.9024655818939209,0.5884830355644226,0.1544390171766281,42674,15000,125.53516200205195,102.66828536987305,99.3984375
205,18.640477657318115,0.9030672907829285,0.5890326499938965,0.14974747598171234,42804,15000,137.3600049992092,107.26642608642578,99.3984375
206,18.55138659477234,0.9012252688407898,0.5980306267738342,0.16083817183971405,42935,15000,137.11143500040635,103.61242294311523,99.3984375
207,18.7264084815979,0.9023534655570984,0.5915337800979614,0.1487499326467514,43067,15000,135.20035199690028,106.27889633178711,99.3984375
208,18.68414044380188,0.9019635915756226,0.596274733543396,0.15172283351421356,43197,15000,123.3088980006869,103.75261306762695,99.3984375
209,18.56606960296631,0.8987054824829102,0.5912007093429565,0.1654507964849472,43328,15000,133.5353459980979,105.0255298614502,99.3984375
210,18.1619393825531,0.8843775987625122,0.5978546142578125,0.1643451750278473,43457,15000,122.84704700141447,103.70612144470215,99.3984375
211,18.436912298202515,0.8936624526977539,0.5794657468795776,0.16790561378002167,43590,15000,125.31481599944527,106.67204856872559,99.3984375
212,18.71929168701172,0.9019843935966492,0.5692608952522278,0.17252211272716522,43721,15000,130.9946100009256,103.00230979919434,99.3984375
213,18.81199598312378,0.9054703116416931,0.5755151510238647,0.17303237318992615,43858,15000,127.30229500084533,103.7147045135498,99.3984375
214,18.88472318649292,0.9091441631317139,0.5749987363815308,0.1734408289194107,43996,15000,120.84240200056229,103.46579551696777,99.3984375
215,18.265992403030396,0.8884923458099365,0.5795383453369141,0.17776203155517578,44135,15000,127.68866300029913,104.85100746154785,99.3984375
216,17.83482551574707,0.8753301501274109,0.585429310798645,0.1826784461736679,44272,15000,132.88221099719522,103.64651679992676,99.3984375
217,18.112469911575317,0.8852540850639343,0.5832589864730835,0.18123973906040192,44407,15000,129.70896200204152,103.95979881286621,99.3984375
218,17.567389011383057,0.864423394203186,0.5880160927772522,0.1790977120399475,44541,15000,126.0859559988603,103.26576232910156,99.3984375
219,17.645968198776245,0.8644403219223022,0.5867257118225098,0.18276207149028778,44674,15000,135.22888999796123,111.91201210021973,99.3984375
220,18.021681308746338,0.8749525547027588,0.5791769623756409,0.17594954371452332,44807,15000,123.068114000489,103.76930236816406,99.3984375
221,18.273431062698364,0.8816787600517273,0.5773533582687378,0.1711024045944214,44942,15000,123.94806100201095,104.17461395263672,99.3984375
222,18.777852058410645,0.8951689600944519,0.5722997784614563,0.17480754852294922,45074,15000,124.82864200137556,104.74395751953125,99.3984375
223,19.12122368812561,0.9041452407836914,0.558168888092041,0.16497017443180084,45215,15000,125.43048099905718,103.0733585357666,99.3984375
224,19.297356605529785,0.9110841751098633,0.5570695996284485,0.16723188757896423,45355,15000,134.51114900090033,108.14094543457031,99.3984375
225,19.120018482208252,0.9087972044944763,0.5665538907051086,0.1767786741256714,45493,15000,130.69749400165165,103.75022888183594,99.3984375
226,18.88468861579895,0.9026379585266113,0.5636181235313416,0.16892848908901215,45629,15000,128.827144002571,106.23574256896973,99.3984375
227,18.843181133270264,0.9075950384140015,0.5490131974220276,0.1777043640613556,45764,15000,123.38966799870832,104.08878326416016,99.3984375
228,18.6814022064209,0.9039737582206726,0.5577551126480103,0.1687680035829544,45908,15000,122.46269399838638,104.42447662353516,99.3984375
229,19.047774076461792,0.9103655815124512,0.5650711059570312,0.18476691842079163,46052,15000,123.90594799944665,102.88286209106445,99.3984375
230,19.00434136390686,0.9091408252716064,0.561217725276947,0.17708343267440796,46193,15000,126.54378699880908,105.91244697570801,99.3984375
231,18.950244188308716,0.9094733595848083,0.5629556179046631,0.17117072641849518,46332,15000,130.26636100039468,103.58834266662598,99.3984375
232,19.15061354637146,0.9090613722801208,0.5541293025016785,0.18335075676441193,46475,15000,126.27892199816415,105.35192489624023,99.3984375
233,18.59304904937744,0.8953924179077148,0.5589972734451294,0.17990189790725708,46620,15000,124.9022709998826,104.81476783752441,99.3984375
234,18.337618112564087,0.8889429569244385,0.5727150440216064,0.18649838864803314,46763,15000,125.04318799983594,103.61909866333008,99.6572265625
235,18.47567319869995,0.890061616897583,0.5782067775726318,0.19288505613803864,46907,15000,125.23168600091594,104.28810119628906,99.6572265625
236,18.288673162460327,0.8863675594329834,0.5756406188011169,0.19334693253040314,47050,15000,129.49649700021837,104.36606407165527,99.87109375
237,18.337340354919434,0.887191891670227,0.5779876708984375,0.2080167829990387,47195,15000,124.38816199937719,105.55839538574219,99.87109375
238,18.675780296325684,0.8979902267456055,0.5747769474983215,0.20166002213954926,47339,15000,126.49505700028385,104.53510284423828,99.87109375
239,19.002832174301147,0.9060338735580444,0.5643483400344849,0.2037888467311859,47484,15000,127.01861499954248,106.11176490783691,99.87109375
240,18.854461908340454,0.9038122892379761,0.574872612953186,0.20532429218292236,47635,15000,132.99721800285624,103.30319404602051,99.87109375
241,18.35770010948181,0.8854717016220093,0.5723617672920227,0.20547683537006378,47783,15000,131.36508499883348,106.11629486083984,99.87109375
242,18.081581592559814,0.8788072466850281,0.5691667199134827,0.20393067598342896,47932,15000,123.23644099888043,103.73806953430176,99.87109375
243,17.989530563354492,0.8778513669967651,0.5722439289093018,0.2127016931772232,48079,15000,129.02978299825918,107.15484619140625,99.87109375
244,18.271228075027466,0.8828245997428894,0.5798779129981995,0.22092203795909882,48223,15000,130.9836809996341,102.99348831176758,99.87109375
245,18.176459074020386,0.8827332258224487,0.5849828720092773,0.21835562586784363,48369,15000,128.74623900279403,104.90679740905762,99.87109375
246,18.752269744873047,0.8958200216293335,0.5838691592216492,0.2185780256986618,48519,15000,125.89654900148162,104.18486595153809,99.90625
247,18.845680952072144,0.8985837697982788,0.5788402557373047,0.21563559770584106,48668,15000,136.99703000020236,114.24374580383301,99.90625
248,19.035029411315918,0.9038394689559937,0.5728417634963989,0.19823861122131348,48816,15000,129.86626400015666,102.76961326599121,100.1865234375
249,19.474505186080933,0.912817120552063,0.5673207640647888,0.2002439647912979,48967,15000,130.85463100287598,107.4516773223877,100.23876953125
250,18.94258737564087,0.901279866695404,0.5631723999977112,0.19730153679847717,49116,15000,130.4051890001574,104.16340827941895,100.23876953125
251,19.80642080307007,0.9221722483634949,0.5493106245994568,0.201210156083107,49267,15000,129.29703299960238,106.96768760681152,100.49560546875
252,19.581881761550903,0.9199637174606323,0.5561429858207703,0.18932567536830902,49414,15000,126.44526800067979,103.77836227416992,100.57958984375
253,19.27444815635681,0.9149107933044434,0.5429556369781494,0.1834956258535385,49567,15000,125.78817900066497,105.89814186096191,100.57958984375
254,17.766205072402954,0.8819038271903992,0.5429753065109253,0.1777956634759903,49719,15000,125.71061299968278,106.00972175598145,100.57958984375
255,16.85654044151306,0.8549243211746216,0.5724993348121643,0.17442406713962555,49872,15000,123.28151999827242,103.70087623596191,100.57958984375
256,17.17694640159607,0.8674494028091431,0.5758202075958252,0.16923148930072784,50022,15000,133.59290099833743,104.82025146484375,100.57958984375
257,18.273580074310303,0.8960750102996826,0.5528721213340759,0.17031505703926086,50174,15000,127.44388699866249,105.65614700317383,100.57958984375
258,18.452142477035522,0.8992680311203003,0.5462866425514221,0.17177973687648773,50324,15000,123.77971300156787,103.66463661193848,100.68212890625
259,18.768855333328247,0.9051351547241211,0.5303826332092285,0.1736961454153061,50476,15000,125.60188399947947,105.17430305480957,100.85302734375
260,18.327046632766724,0.8931853175163269,0.5480746626853943,0.16517460346221924,50624,15000,131.19498399828444,103.97720336914062,100.8935546875
261,17.669037580490112,0.8748266100883484,0.5610909461975098,0.1558418869972229,50776,15000,126.03552899963688,106.41765594482422,100.98681640625
262,17.4471652507782,0.8704556822776794,0.5816020965576172,0.1512473225593567,50925,15000,122.50006400063285,104.0949821472168,101.12744140625
263,18.36326003074646,0.8950804471969604,0.5619428157806396,0.15060029923915863,51071,15000,125.55442799930461,103.96695137023926,101.20556640625
264,18.153955936431885,0.8917268514633179,0.551521897315979,0.15672087669372559,51224,15000,126.9463739990897,104.60305213928223,101.28369140625
265,17.128584384918213,0.861156165599823,0.5757750272750854,0.173366978764534,51374,15000,128.46621300195693,106.77218437194824,101.458984375
266,17.266595363616943,0.8631801009178162,0.5964671969413757,0.19721125066280365,51527,15000,123.4073650011851,104.02941703796387,101.52783203125
267,17.772916555404663,0.878856897354126,0.5952712893486023,0.18345744907855988,51682,15000,130.8226589972037,107.78450965881348,101.58984375
268,17.723050117492676,0.8780033588409424,0.5880010724067688,0.1877613067626953,51835,15000,130.24100799884764,104.00843620300293,101.77392578125
269,17.065770626068115,0.854803740978241,0.5916020274162292,0.1976214498281479,51983,15000,129.83077900207718,105.59201240539551,101.84375
270,16.55482769012451,0.831963062286377,0.6028910875320435,0.20706628262996674,52136,15000,128.1011960018077,106.71114921569824,101.97607421875
271,16.726515293121338,0.8331703543663025,0.6164622902870178,0.22477805614471436,52286,15000,139.81364999926882,104.19607162475586,102.67529296875
272,16.8348491191864,0.8398598432540894,0.619147777557373,0.223046213388443,52437,15000,127.38511699717492,105.05199432373047,102.92626953125
273,17.262496948242188,0.8543423414230347,0.6254041194915771,0.2281099557876587,52590,15000,124.02183700032765,104.16221618652344,103.041015625
274,17.213016748428345,0.8511694669723511,0.6274179220199585,0.22810469567775726,52744,15000,124.75152300248737,104.04324531555176,103.22509765625
275,16.823320388793945,0.84129798412323,0.62287837266922,0.23608197271823883,52897,15000,126.1700640025083,105.44228553771973,103.34814453125
276,16.232101917266846,0.8140829801559448,0.6258151531219482,0.23431509733200073,53048,15000,126.70787000024575,105.28326034545898,104.5107421875
277,16.420010328292847,0.815609335899353,0.636402428150177,0.26212576031684875,53198,15000,125.31968999974197,103.95359992980957,104.62548828125
278,16.233519315719604,0.8072090148925781,0.6429903507232666,0.2509135603904724,53351,15000,125.49707300058799,104.52961921691895,104.73828125
279,16.625676155090332,0.8231432437896729,0.640350341796875,0.2514057755470276,53504,15000,131.6784920018108,103.30939292907715,104.84130859375
280,16.73468589782715,0.8288743495941162,0.6388868093490601,0.24600811302661896,53659,15000,129.3910029999097,106.12726211547852,104.9775390625
281,16.969746351242065,0.8374106884002686,0.6322794556617737,0.23855434358119965,53810,15000,136.5484710004239,103.13773155212402,105.10546875
282,17.248220443725586,0.8471158742904663,0.6284613609313965,0.24577178061008453,53961,15000,130.84848899961798,105.28898239135742,105.22119140625
283,17.53347158432007,0.8551594018936157,0.6296055316925049,0.25029969215393066,54117,15000,124.19760999910068,102.47254371643066,105.33251953125
284,17.83530592918396,0.8670156002044678,0.6291176676750183,0.2506639063358307,54277,15000,138.67054600268602,104.72893714904785,105.47216796875
285,18.0219566822052,0.870502233505249,0.6261129379272461,0.24371734261512756,54438,15000,137.10986399746616,104.76279258728027,105.59228515625
286,18.179585933685303,0.8774315118789673,0.628778874874115,0.23056165874004364,54589,15000,128.12755399863818,106.2779426574707,105.70068359375
287,18.27450394630432,0.880685031414032,0.6187866926193237,0.23304709792137146,54749,15000,123.79514900021604,103.64222526550293,105.82373046875
288,18.433191776275635,0.8836699724197388,0.6198359727859497,0.24923448264598846,54909,15000,126.98346599790966,106.78601264953613,105.9306640625
289,18.549271821975708,0.888785719871521,0.6199793815612793,0.23656819760799408,55068,15000,125.75189899871475,104.64310646057129,106.0673828125
290,18.86482000350952,0.8951281309127808,0.603829562664032,0.24630680680274963,55228,15000,127.7169880013389,105.17311096191406,106.19482421875
291,18.458207845687866,0.8888490200042725,0.6014929413795471,0.23678360879421234,55391,15000,124.6392739994917,104.71343994140625,106.3203125
292,17.779216766357422,0.8696886897087097,0.605676531791687,0.22480474412441254,55552,15000,135.5648380013008,106.66656494140625,106.42626953125
293,17.647345066070557,0.8679531812667847,0.6082485914230347,0.21536658704280853,55711,15000,129.98844200046733,104.42876815795898,106.56298828125
294,17.93056607246399,0.8770233988761902,0.6068769693374634,0.21222227811813354,55870,15000,133.6998949991539,104.22682762145996,106.69091796875
295,18.484097719192505,0.8914228677749634,0.600176215171814,0.21020722389221191,56030,15000,134.71119400128373,106.17446899414062,106.69091796875
296,18.77925753593445,0.8999581336975098,0.5923810005187988,0.21114251017570496,56189,15000,132.3745150002651,106.54497146606445,106.92041015625
297,18.720766305923462,0.8993713855743408,0.5848484635353088,0.20344220101833344,56351,15000,127.28038800196373,104.2487621307373,106.92041015625
298,18.367209434509277,0.893701434135437,0.5908030271530151,0.2063547521829605,56513,15000,133.4135420001985,104.36367988586426,107.1982421875
299,18.374552726745605,0.8943189382553101,0.5934110283851624,0.1983298361301422,56674,15000,124.79664900092757,104.01535034179688,107.1982421875
300,18.752131462097168,0.90191650390625,0.5865099430084229,0.20076364278793335,49433,15000,129.3030760025431,105.22627830505371,108.51513671875
301,18.531193733215332,0.8903924822807312,0.597307026386261,0.19688834249973297,49596,15000,123.9287169992167,104.4924259185791,108.51513671875
302,18.801270723342896,0.8986926078796387,0.5929358601570129,0.19546519219875336,49757,15000,127.30523200298194,104.38680648803711,108.51513671875
303,18.822466135025024,0.9008735418319702,0.5921828746795654,0.19594241678714752,49917,15000,127.94555700020283,104.90608215332031,108.51513671875
304,18.869317770004272,0.9035381078720093,0.5974991917610168,0.1987331509590149,50080,15000,123.6670510006661,104.07233238220215,108.51513671875
305,19.00136947631836,0.9074281454086304,0.5923067331314087,0.19648519158363342,50243,15000,128.30494799709413,105.8359146118164,108.51513671875
306,19.08048391342163,0.9101733565330505,0.5847472548484802,0.19518646597862244,50410,15000,128.5025739998673,103.23667526245117,108.51513671875
307,19.109888076782227,0.9113501310348511,0.5826410055160522,0.19705669581890106,50574,15000,128.4056859985867,105.27634620666504,108.51513671875
308,19.129083156585693,0.9116646647453308,0.5836920738220215,0.1990785449743271,50734,15000,133.85741100137238,104.3539047241211,108.51513671875
309,19.081798791885376,0.9104206562042236,0.5822092294692993,0.20102721452713013,50898,15000,133.71814099809853,103.64913940429688,108.51513671875
310,19.140172004699707,0.9119996428489685,0.5713295936584473,0.20016147196292877,51062,15000,130.25234599990654,104.20656204223633,108.51513671875
311,19.12712812423706,0.9123904705047607,0.5703842043876648,0.19937734305858612,51227,15000,135.56618499933393,105.59892654418945,108.51513671875
312,19.108877182006836,0.9116817712783813,0.5637620091438293,0.19945381581783295,51392,15000,139.48464800341753,108.58321189880371,108.51513671875
313,19.059101343154907,0.9110526442527771,0.5653395652770996,0.20306670665740967,51557,15000,130.43076200119685,104.56585884094238,108.51513671875
314,19.165571928024292,0.9124676585197449,0.5600908994674683,0.20026549696922302,51721,15000,126.54406699948595,104.1100025177002,108.51513671875
315,19.168789386749268,0.912200927734375,0.5560563206672668,0.20338192582130432,51885,15000,128.39656099822605,105.66926002502441,108.51513671875
316,19.144974946975708,0.9124471545219421,0.5588787794113159,0.2051258087158203,52050,15000,125.93999800083111,103.63554954528809,108.51513671875
317,19.257643222808838,0.9136580228805542,0.5485290288925171,0.20398211479187012,52216,15000,132.85654399805935,105.40390014648438,108.51513671875
318,19.178764820098877,0.912882924079895,0.5480351448059082,0.20601695775985718,52381,15000,124.44216700168909,104.04658317565918,108.51513671875
319,19.278221130371094,0.9142419695854187,0.5470184087753296,0.21268509328365326,52544,15000,134.77832499847864,104.7353744506836,108.51513671875
320,19.101710319519043,0.9119176268577576,0.5464374423027039,0.2061663120985031,52709,15000,131.8907790009689,104.07662391662598,108.51513671875
321,19.036641120910645,0.9113327860832214,0.5473423004150391,0.20721550285816193,52874,15000,132.4425839993637,104.30908203125,108.51513671875
322,19.146244525909424,0.912876546382904,0.5543881058692932,0.21091918647289276,53039,15000,130.83629600077984,104.61306571960449,108.51513671875
323,19.09514307975769,0.9118404388427734,0.5604240298271179,0.2146962285041809,53204,15000,128.26922599924728,104.74967956542969,108.51513671875
324,19.040310382843018,0.9106795191764832,0.56067955493927,0.2189578264951706,53365,15000,126.45300099757151,104.5687198638916,108.51513671875
325,19.136651754379272,0.9129580855369568,0.5587043166160583,0.2151160091161728,53529,15000,133.30541400137008,105.82518577575684,108.51513671875
326,19.015650749206543,0.9119006991386414,0.5565845370292664,0.2154664248228073,53690,15000,126.32682000185014,106.2326431274414,108.51513671875
327,19.119001626968384,0.9141454696655273,0.5512579083442688,0.21569125354290009,53857,15000,127.54213000152959,105.08489608764648,108.51513671875
328,19.115259647369385,0.9148428440093994,0.5553609132766724,0.2072741985321045,54023,15000,125.88209699970321,103.96003723144531,108.51513671875
329,19.14602518081665,0.9148992300033569,0.5515393018722534,0.21301592886447906,54183,15000,141.53382600125042,112.55669593811035,108.51513671875
330,19.1412615776062,0.9147493243217468,0.5470454692840576,0.21049734950065613,54349,15000,125.78035399928922,104.55751419067383,108.51513671875
331,18.82115125656128,0.9078981876373291,0.5510362982749939,0.21178174018859863,54512,15000,134.8097730005975,105.65972328186035,108.51513671875
332,18.988356590270996,0.9108090400695801,0.5517006516456604,0.21113361418247223,54677,15000,135.36892899719533,103.97028923034668,108.51513671875
333,19.050263166427612,0.9118689894676208,0.5546965003013611,0.21589986979961395,54842,15000,127.3785580015101,105.45468330383301,108.51513671875
334,19.007056951522827,0.9115093946456909,0.5548138618469238,0.2159910798072815,55005,15000,129.35360900155501,108.86049270629883,108.51513671875
335,19.060100317001343,0.9128734469413757,0.5474948883056641,0.2105979472398758,55171,15000,125.96901100187097,104.2330265045166,108.51513671875
336,19.069281816482544,0.9131253957748413,0.5488044619560242,0.20957720279693604,55334,15000,127.60980899838614,103.73711585998535,108.51513671875
337,19.06428337097168,0.9134088754653931,0.5436528325080872,0.21640704572200775,55499,15000,126.31742200028384,105.0710678100586,108.51513671875
338,18.804714679718018,0.9073641300201416,0.5440781712532043,0.2067691683769226,55662,15000,124.81569300143747,104.0501594543457,108.51513671875
339,18.632080554962158,0.9038989543914795,0.5524305105209351,0.21261240541934967,55828,15000,136.3034339992737,104.99405860900879,108.51513671875
340,18.8364577293396,0.9082845449447632,0.556469738483429,0.2147502601146698,55991,15000,129.2195329988317,103.82962226867676,108.51513671875
341,18.94766926765442,0.9112367630004883,0.5490448474884033,0.20526951551437378,56154,15000,128.62758499977645,106.03904724121094,108.51513671875
342,18.8447904586792,0.9093777537345886,0.5570432543754578,0.21155282855033875,56321,15000,125.90077500135521,104.62403297424316,108.51513671875
343,18.547524213790894,0.9035431742668152,0.5575792789459229,0.2177482694387436,56487,15000,128.409452001506,104.84790802001953,108.51513671875
344,18.32235336303711,0.8972209692001343,0.5570027828216553,0.21447385847568512,56651,15000,125.73174399949494,103.87015342712402,108.51513671875
345,18.59135627746582,0.9028304815292358,0.5561753511428833,0.20696954429149628,56814,15000,137.26000699898577,110.31460762023926,108.51513671875
346,18.72914433479309,0.9056750535964966,0.5542677044868469,0.21441635489463806,56981,15000,130.8160799999314,104.75993156433105,108.51513671875
347,18.738950490951538,0.905613124370575,0.5630085468292236,0.21424438059329987,57145,15000,134.56848699934199,103.70016098022461,108.51513671875
348,18.890867233276367,0.9084488749504089,0.5586261749267578,0.20770402252674103,57310,15000,134.69981100206496,104.87484931945801,108.51513671875
349,18.995306491851807,0.9106926321983337,0.558946967124939,0.20405225455760956,57473,15000,138.64457000090624,103.26862335205078,108.51513671875
350,19.150127172470093,0.9132499694824219,0.555209755897522,0.20766732096672058,57641,15000,125.98430200159783,103.72090339660645,108.51513671875
351,19.14190173149109,0.9131364822387695,0.5526247024536133,0.21348823606967926,57803,15000,127.24804599929485,105.22580146789551,108.51513671875
352,19.04380202293396,0.9115809798240662,0.5529195666313171,0.20829175412654877,57968,15000,124.22629499997129,103.25002670288086,108.51513671875
353,19.005619287490845,0.9122689962387085,0.5417174696922302,0.20276528596878052,58134,15000,132.15067200144404,104.88772392272949,108.51513671875
354,19.00521993637085,0.9107973575592041,0.5440069437026978,0.20747846364974976,58299,15000,127.71207200057688,103.68561744689941,108.59375
355,18.918863534927368,0.9086939096450806,0.5389607548713684,0.1992204785346985,58463,15000,124.97639800130855,102.29158401489258,108.59375
356,18.952559232711792,0.9094151258468628,0.5392296314239502,0.1972586214542389,58625,15000,129.3353280016163,105.88574409484863,108.8603515625
357,18.96057367324829,0.9093070030212402,0.5427384376525879,0.19781675934791565,58791,15000,131.9578599977831,104.86412048339844,108.97998046875
358,18.88658881187439,0.9083725810050964,0.5471231341362,0.19288918375968933,58957,15000,125.67443500302033,104.55489158630371,109.1318359375
359,18.643460273742676,0.9023880958557129,0.5474792718887329,0.1984948068857193,59118,15000,127.29662899801042,103.35850715637207,109.25
360,18.571759462356567,0.900042712688446,0.5508871674537659,0.19153599441051483,59282,15000,129.31982000009157,106.00423812866211,109.44580078125
361,18.10847520828247,0.8873484134674072,0.5542978048324585,0.19225694239139557,59444,15000,126.27047099886113,105.3624153137207,109.57763671875
362,17.43452548980713,0.8648329973220825,0.5893048048019409,0.19312849640846252,59612,15000,133.4879030000593,104.49934005737305,109.83935546875
363,17.409523725509644,0.8628365397453308,0.6057657599449158,0.1885056048631668,59774,15000,133.5489660013991,103.10912132263184,109.83935546875
364,17.35944628715515,0.8602412939071655,0.6154786348342896,0.18393486738204956,59933,15000,124.33461399996304,101.8683910369873,109.83935546875
365,17.335445880889893,0.8592431545257568,0.6237419247627258,0.179044708609581,60099,15000,123.34964600086096,103.51085662841797,109.99267578125
366,17.684544324874878,0.8688499927520752,0.6213152408599854,0.17360445857048035,60263,15000,125.41613299981691,105.71742057800293,109.99267578125
367,17.5491464138031,0.8661503791809082,0.6273230910301208,0.17673994600772858,60422,15000,123.96465900019393,103.11126708984375,109.99267578125
368,17.516366243362427,0.86473548412323,0.6394715309143066,0.18072548508644104,60579,15000,124.1142229991965,104.4466495513916,110.5966796875
369,17.54214882850647,0.8659669756889343,0.6511588096618652,0.1843700110912323,60744,15000,124.24772400117945,102.90026664733887,111.626953125
370,17.549837827682495,0.8667281866073608,0.6537263989448547,0.18161176145076752,60907,15000,125.63288400269812,104.80785369873047,111.626953125
371,17.48129963874817,0.8669158220291138,0.6552897691726685,0.17358902096748352,61064,15000,133.13632100107498,103.90973091125488,111.626953125
372,17.724047899246216,0.8758233785629272,0.6523783802986145,0.17426639795303345,61231,15000,125.20557400057442,104.74443435668945,111.626953125
373,17.95435905456543,0.880855917930603,0.6492053270339966,0.17145110666751862,61396,15000,137.90352800060646,115.03338813781738,111.626953125
374,18.13337206840515,0.8870295286178589,0.6413610577583313,0.17426177859306335,61562,15000,129.7528479990433,105.53765296936035,111.626953125
375,18.244389295578003,0.8903231620788574,0.6421610116958618,0.17292609810829163,61726,15000,128.82585899933474,103.80291938781738,111.626953125
376,18.280779123306274,0.8915940523147583,0.63259357213974,0.16788989305496216,61894,15000,127.12375099727069,105.2398681640625,111.626953125
377,18.356119394302368,0.8934618830680847,0.6313621997833252,0.16697780787944794,62055,15000,128.01867500093067,104.17056083679199,111.626953125
378,18.365583419799805,0.894941508769989,0.6298748254776001,0.16409552097320557,62221,15000,128.45540499984054,105.4682731628418,111.626953125
379,18.383859395980835,0.8955294489860535,0.6282767057418823,0.1658083200454712,62386,15000,130.2606739991461,103.18922996520996,111.8955078125
380,18.330721855163574,0.8951930999755859,0.6289094686508179,0.154201477766037,62555,15000,127.98843900236534,105.5905818939209,111.8955078125
381,18.4582781791687,0.8995721340179443,0.6125337481498718,0.1546206921339035,62722,15000,129.86614299734356,106.71114921569824,112.1513671875
382,18.607393503189087,0.9019433856010437,0.6072105169296265,0.15908107161521912,62893,15000,124.70181699973182,102.42247581481934,112.1513671875
383,18.54348063468933,0.900448203086853,0.6126477718353271,0.1666482388973236,63062,15000,130.12231000175234,105.41272163391113,112.1513671875
384,18.713364601135254,0.9049176573753357,0.6080994606018066,0.15692032873630524,63230,15000,128.12723599927267,104.17318344116211,112.49462890625
385,18.64075779914856,0.9027769565582275,0.6112676858901978,0.15474890172481537,63398,15000,130.01377999898978,106.26888275146484,112.49462890625
386,18.48341464996338,0.8989019393920898,0.6133323907852173,0.16253359615802765,63563,15000,126.39188400135026,104.96759414672852,112.57373046875
387,18.482983112335205,0.8987590074539185,0.6193861365318298,0.1663297414779663,63734,15000,128.3434409997426,106.2629222869873,112.69677734375
388,18.39887261390686,0.8971164226531982,0.6063981056213379,0.15030677616596222,63903,15000,131.6412929991202,107.80215263366699,112.84033203125
389,18.332010507583618,0.8959252238273621,0.6141401529312134,0.1612776517868042,64073,15000,135.7277899987821,107.12599754333496,112.98681640625
390,18.478224277496338,0.8997498750686646,0.6111719608306885,0.15673425793647766,64240,15000,129.9075319984695,102.92911529541016,112.98681640625
391,18.379547595977783,0.8976313471794128,0.6146904230117798,0.15147799253463745,64410,15000,130.34591199902934,104.29668426513672,112.98681640625
392,18.258190155029297,0.8941925764083862,0.6254203915596008,0.14790946245193481,64583,15000,127.34595800066018,104.69484329223633,112.98681640625
393,18.29541325569153,0.8950943350791931,0.6266494989395142,0.14587624371051788,64751,15000,137.68058799905702,105.91506958007812,113.69287109375
394,18.228520154953003,0.8931164145469666,0.6167829632759094,0.14501836895942688,64920,15000,126.23687899758806,104.66790199279785,113.833984375
395,17.989758253097534,0.8875068426132202,0.6154870390892029,0.1403944343328476,65089,15000,130.05297099880408,105.18717765808105,115.03076171875
396,18.268446922302246,0.8956259489059448,0.6016055941581726,0.14396147429943085,65260,15000,126.88049600183149,104.62021827697754,115.1201171875
397,18.024861812591553,0.889435887336731,0.6006100177764893,0.14653520286083221,65435,15000,126.17206499999156,104.2490005493164,115.1201171875
398,18.079904317855835,0.8905085921287537,0.6034433245658875,0.13922421634197235,65611,15000,126.87865900079487,104.0811538696289,115.1201171875
399,18.044523000717163,0.889790415763855,0.595737099647522,0.1496437042951584,65787,15000,133.5174330015434,104.42590713500977,115.1201171875
400,18.043382167816162,0.8889939785003662,0.5883538126945496,0.13771343231201172,64522,15000,129.03994000225794,103.80220413208008,118.11669921875
401,18.165911436080933,0.8912469744682312,0.5804650187492371,0.14321723580360413,64702,15000,130.87458100199,106.96125030517578,118.11669921875
402,18.148499727249146,0.8909585475921631,0.5715416669845581,0.14041253924369812,64873,15000,127.06684899967513,104.53653335571289,118.11669921875
403,18.078017234802246,0.8871365785598755,0.5672259330749512,0.1475074142217636,65053,15000,129.1970649981522,105.11493682861328,118.11669921875
404,18.12840223312378,0.8906614184379578,0.5705511569976807,0.13934625685214996,65226,15000,134.81292199867312,103.67846488952637,118.11669921875
405,18.087961673736572,0.8889410495758057,0.5716173648834229,0.13469864428043365,65403,15000,131.7143899977964,107.82003402709961,118.11669921875
406,18.072593212127686,0.889846920967102,0.5687763094902039,0.1417129635810852,65584,15000,123.33324200153584,103.38544845581055,118.11669921875
407,18.124481439590454,0.8915835618972778,0.5708795189857483,0.12999142706394196,65765,15000,126.83560799996485,104.99000549316406,118.11669921875
408,18.241993188858032,0.8943902850151062,0.5667791366577148,0.1295919269323349,65946,15000,125.89494100029697,103.6520004272461,118.11669921875
409,18.381071090698242,0.8957535028457642,0.5631968975067139,0.14139263331890106,66123,15000,127.44987800033414,105.55839538574219,118.11669921875
410,18.357256650924683,0.8970848321914673,0.5614963173866272,0.13297733664512634,66302,15000,126.60323300224263,104.36511039733887,118.11669921875
411,18.24907422065735,0.8947205543518066,0.5507173538208008,0.12748627364635468,66481,15000,132.4474469984125,104.75850105285645,118.11669921875
412,18.291856050491333,0.896186113357544,0.5475031137466431,0.13764025270938873,66665,15000,137.27671800006647,105.03196716308594,118.11669921875
413,18.264037370681763,0.8955243825912476,0.5432438850402832,0.14145207405090332,66841,15000,133.1764819988166,105.18622398376465,118.11669921875
414,18.119916915893555,0.8913211226463318,0.5414609313011169,0.1407168209552765,67019,15000,127.30596999972477,104.75683212280273,118.11669921875
415,18.172850608825684,0.893094003200531,0.5511683225631714,0.1451318860054016,67201,15000,125.18388099852018,103.93166542053223,118.11669921875
416,18.155124187469482,0.8930516242980957,0.5480872988700867,0.14227434992790222,67385,15000,128.17326699951082,104.87580299377441,118.11669921875
417,18.236838579177856,0.8940024375915527,0.5498554706573486,0.14263087511062622,67565,15000,128.7803069972142,105.84139823913574,118.11669921875
418,18.321982622146606,0.8965868353843689,0.5332903265953064,0.1320926547050476,67750,15000,128.520047001075,104.63738441467285,118.11669921875
419,18.31833839416504,0.8982999324798584,0.5372672080993652,0.13865476846694946,67932,15000,132.63484400158632,108.29758644104004,118.22314453125
420,18.34513783454895,0.8981974124908447,0.5385975241661072,0.1264672428369522,68115,15000,130.8546190011839,104.69985008239746,118.22314453125
421,17.746613025665283,0.8824414610862732,0.5436356067657471,0.1337326169013977,68300,15000,127.0593959998223,104.76899147033691,118.22314453125
422,17.496529817581177,0.8748507499694824,0.547410249710083,0.13916505873203278,68485,15000,135.11110599938547,104.63929176330566,118.22314453125
423,17.364994287490845,0.8710717558860779,0.5569413304328918,0.13186903297901154,68662,15000,131.51979800022673,107.98859596252441,118.22314453125
424,17.257041931152344,0.8688362836837769,0.5682308673858643,0.13006219267845154,68845,15000,135.14272500106017,105.69238662719727,118.22314453125
425,17.43038296699524,0.8730586767196655,0.5645202994346619,0.13448190689086914,69033,15000,130.32336799733457,107.19585418701172,118.6201171875
426,17.534449100494385,0.8772950172424316,0.5583879947662354,0.13048352301120758,69220,15000,128.3576109999558,104.85100746154785,118.6201171875
427,17.37794518470764,0.8714612722396851,0.5530918836593628,0.13219572603702545,69404,15000,127.48644299790612,105.99613189697266,118.6201171875
428,17.38585591316223,0.8703061938285828,0.5636253356933594,0.13527290523052216,69588,15000,128.6306180008978,105.33666610717773,120.18408203125
429,17.41832733154297,0.8717789649963379,0.5653784275054932,0.13745452463626862,69772,15000,131.65644399850862,106.48345947265625,120.18408203125
430,17.272541522979736,0.86722731590271,0.5652695298194885,0.13400179147720337,69957,15000,131.24388700089185,105.2393913269043,120.18408203125
431,17.285443544387817,0.8675479888916016,0.5662182569503784,0.1284767985343933,70142,15000,133.420081998338,105.64160346984863,120.18408203125
432,17.234193086624146,0.8651565909385681,0.5730081796646118,0.13229608535766602,70330,15000,137.56469000145444,108.04939270019531,120.18408203125
433,17.20086932182312,0.8629347681999207,0.5720412731170654,0.13186626136302948,70511,15000,128.78888200066285,106.03594779968262,120.2958984375
434,17.256972789764404,0.8643126487731934,0.5756634473800659,0.14199396967887878,70696,15000,131.56226399951265,107.55157470703125,121.78662109375
435,17.10638999938965,0.8600234985351562,0.5771864056587219,0.13626623153686523,70879,15000,128.01963499805424,105.51762580871582,121.78662109375
436,17.07044243812561,0.8584825396537781,0.5843411684036255,0.13589946925640106,71069,15000,129.919262999465,107.88583755493164,121.78662109375
437,17.097352743148804,0.8595039248466492,0.5820834636688232,0.13411012291908264,71259,15000,128.02211799862562,106.30106925964355,121.78662109375
438,16.960242986679077,0.8542337417602539,0.5785185694694519,0.13522668182849884,71444,15000,128.74747100067907,106.41121864318848,121.78662109375
439,17.00681209564209,0.8551101684570312,0.5988075733184814,0.1468621790409088,71627,15000,127.60028199772933,103.74760627746582,121.78662109375
440,17.20146656036377,0.8616999387741089,0.5973628759384155,0.15507669746875763,71815,15000,128.8848020012665,106.12773895263672,121.78662109375
441,17.214256525039673,0.8632520437240601,0.5932011604309082,0.13261853158473969,72006,15000,129.3387609985075,106.43696784973145,121.78662109375
442,17.189147472381592,0.861289381980896,0.5870700478553772,0.13346078991889954,72197,15000,133.49202799872728,109.27510261535645,121.78662109375
443,17.222864627838135,0.8631131052970886,0.5987424850463867,0.14373229444026947,72385,15000,139.3639540001459,105.13758659362793,121.78662109375
444,17.283326387405396,0.8633264303207397,0.5981693267822266,0.14813317358493805,72571,15000,130.31464699815842,106.2922477722168,121.78662109375
445,17.030389308929443,0.8558842539787292,0.5848724246025085,0.15694192051887512,72766,15000,129.51020100081223,104.81905937194824,123.634765625
446,17.32361674308777,0.8646642565727234,0.5842732191085815,0.14016060531139374,72955,15000,139.75397100148257,107.99479484558105,123.634765625
447,17.436150312423706,0.8679014444351196,0.5763945579528809,0.1284511387348175,73142,15000,137.57659799739486,104.63881492614746,123.634765625
448,17.24347472190857,0.8627945780754089,0.5721186399459839,0.14165641367435455,73333,15000,135.6698569979926,107.43570327758789,123.634765625
449,17.61166214942932,0.872499942779541,0.5664668083190918,0.1366213709115982,73527,15000,140.0119719983195,107.33914375305176,123.634765625
450,17.591447830200195,0.8739189505577087,0.5636961460113525,0.13664068281650543,73714,15000,134.54800999897998,107.77735710144043,123.634765625
451,17.27293610572815,0.86478590965271,0.5738027095794678,0.1387469321489334,73904,15000,128.7043390002509,104.19392585754395,123.634765625
452,17.428981065750122,0.8692134618759155,0.5757782459259033,0.13949567079544067,74088,15000,126.33725599880563,103.87539863586426,123.634765625
453,17.37987518310547,0.8675691485404968,0.5886631011962891,0.13815021514892578,74280,15000,127.76688099984312,104.22205924987793,123.634765625
454,17.083733081817627,0.8590704798698425,0.5950322151184082,0.1434742510318756,74469,15000,130.69590899976902,106.92739486694336,123.634765625
455,17.123348712921143,0.8609439134597778,0.6069825291633606,0.13309305906295776,74657,15000,134.48976700237836,106.94241523742676,123.634765625
456,16.903815269470215,0.8551856875419617,0.6042038202285767,0.13711030781269073,74838,15000,130.23503399745096,107.71894454956055,123.634765625
457,16.673718690872192,0.8470170497894287,0.6125451326370239,0.1572292000055313,75024,15000,129.4318399995973,105.12423515319824,123.634765625
458,16.77228331565857,0.849890410900116,0.6035788059234619,0.1521092653274536,75212,15000,131.67927700123983,107.80763626098633,123.634765625
459,16.832488775253296,0.8542274236679077,0.6052784323692322,0.14984296262264252,75395,15000,132.67176400040626,106.62269592285156,123.634765625
460,16.729726791381836,0.8512439131736755,0.6076631546020508,0.14666682481765747,75577,15000,132.02321999779087,107.91134834289551,123.634765625
461,16.87936305999756,0.8554805517196655,0.611827552318573,0.15768291056156158,75759,15000,132.0197189997998,105.60798645019531,123.634765625
462,16.898927688598633,0.8565514087677002,0.6080226898193359,0.15486983954906464,75944,15000,131.42020700252033,106.83178901672363,124.03271484375
463,16.961060762405396,0.8581918478012085,0.6099879741668701,0.16345489025115967,76124,15000,134.4118469969544,106.5526008605957,124.14599609375
464,17.124229669570923,0.8630430102348328,0.6024763584136963,0.14664648473262787,76295,15000,136.4364969995222,108.46233367919922,124.14599609375
465,17.17199206352234,0.8653639554977417,0.6030244827270508,0.1494939625263214,76470,15000,131.56872999752522,107.96904563903809,124.14599609375
466,17.07654356956482,0.8635839819908142,0.593425452709198,0.14747394621372223,76649,15000,133.9476419998391,107.8345775604248,124.14599609375
467,17.318085432052612,0.8700372576713562,0.5779306888580322,0.13959117233753204,76818,15000,131.09652300045127,105.0422191619873,124.14599609375
468,17.324864864349365,0.870926558971405,0.5870194435119629,0.14663757383823395,76989,15000,128.60956900112797,106.60481452941895,124.14599609375
469,17.319294214248657,0.8719112277030945,0.5886236429214478,0.1337171494960785,77157,15000,128.29433499791776,104.2470932006836,124.41748046875
470,17.368285655975342,0.8734667301177979,0.5789178609848022,0.13876651227474213,77321,15000,131.55241700223996,107.67459869384766,124.41748046875
471,17.409281730651855,0.8749260902404785,0.5758084058761597,0.13822400569915771,77489,15000,246.62597000133246,105.77893257141113,125.115234375
472,17.444521188735962,0.8760290145874023,0.5725379586219788,0.14600731432437897,77646,15000,127.64999299906776,105.10444641113281,125.59521484375
473,17.502468824386597,0.8780794143676758,0.5700775384902954,0.1389470249414444,77803,15000,128.0718939997314,105.79872131347656,125.59521484375
474,17.45715618133545,0.8782750964164734,0.5704197883605957,0.13718444108963013,77960,15000,127.02795299992431,104.46047782897949,125.59521484375
475,17.449491024017334,0.8771611452102661,0.5713301301002502,0.14461636543273926,78111,15000,128.63938300142763,107.43331909179688,127.64306640625
476,17.48188853263855,0.8781945109367371,0.5604665279388428,0.13908183574676514,78262,15000,126.64591700013261,103.46364974975586,127.64306640625
477,17.243179082870483,0.872330367565155,0.5675582885742188,0.14056798815727234,78411,15000,129.49631800074712,106.61029815673828,127.64306640625
478,17.251216173171997,0.872050404548645,0.5687793493270874,0.1393730789422989,78561,15000,127.81341799927759,106.40835762023926,127.64306640625
479,17.39593267440796,0.8755998015403748,0.5630766153335571,0.14308461546897888,78706,15000,129.83848300063983,105.51714897155762,127.64306640625
480,17.426278591156006,0.8773948550224304,0.550480842590332,0.14268730580806732,78848,15000,127.14996999784489,105.06606101989746,127.64306640625
481,17.318882942199707,0.8737033605575562,0.5439283847808838,0.1386583000421524,78989,15000,130.72264999937033,106.90712928771973,127.64306640625
482,17.4688458442688,0.8768844604492188,0.5507217049598694,0.1450992375612259,79132,15000,134.60908100023516,107.09571838378906,127.64306640625
483,17.325416803359985,0.8747100830078125,0.5603154301643372,0.14115875959396362,79268,15000,129.60468899836997,106.69827461242676,127.64306640625
484,17.40353226661682,0.875252902507782,0.5583319664001465,0.13051307201385498,79396,15000,132.38444800299476,106.98819160461426,127.64306640625
485,17.41592288017273,0.8743577003479004,0.5554006099700928,0.14408333599567413,79531,15000,129.5131320002838,106.52041435241699,127.64306640625
486,17.431418895721436,0.8756868243217468,0.5484054684638977,0.14791642129421234,79662,15000,142.64336899941554,106.31394386291504,127.64306640625
487,17.426258325576782,0.8757069110870361,0.5513536930084229,0.140519917011261,79789,15000,131.3787860017328,105.71622848510742,128.18115234375
488,17.447047233581543,0.8754703998565674,0.5455574989318848,0.14003287255764008,79915,15000,136.45478500257013,106.75477981567383,128.18115234375
489,17.38298773765564,0.8733142614364624,0.5497754216194153,0.1461879312992096,80036,15000,142.98829499966814,108.9475154876709,128.18115234375
490,17.299745082855225,0.8708435893058777,0.5482378005981445,0.13790199160575867,80154,15000,133.56136299989885,106.54973983764648,128.18115234375
491,17.35954999923706,0.8713561296463013,0.5455326437950134,0.15445201098918915,80271,15000,131.41143800021382,105.67831993103027,128.18115234375
492,17.251371145248413,0.8671223521232605,0.5484471321105957,0.15634796023368835,80389,15000,129.3358939983591,106.78410530090332,128.18115234375
493,17.074413299560547,0.8617305159568787,0.5556958317756653,0.14901979267597198,80507,15000,129.838798999117,105.31949996948242,128.57275390625
494,17.004190683364868,0.8608258962631226,0.5525668263435364,0.16207635402679443,80623,15000,128.89393199657206,104.7356128692627,128.62939453125
495,16.949392557144165,0.8608459234237671,0.5608884692192078,0.16285847127437592,80740,15000,130.12369399802992,106.93931579589844,128.62939453125
496,16.54403567314148,0.8487143516540527,0.5751047134399414,0.15991680324077606,80850,15000,129.29308299862896,106.92548751831055,129.1142578125
497,16.447250843048096,0.8445224761962891,0.5820960402488708,0.18058419227600098,80962,15000,129.07336699936423,107.21063613891602,129.1142578125
498,16.50808095932007,0.8475747108459473,0.5750201344490051,0.17644710838794708,81074,15000,129.70358100210433,104.9041748046875,129.1142578125
499,16.209590435028076,0.8365163803100586,0.6024000644683838,0.19269013404846191,81183,15000,130.85508299991488,105.87406158447266,129.1142578125
500,15.995774269104004,0.825881838798523,0.6191003918647766,0.193919375538826,80519,15000,132.67007600006764,105.40175437927246,134.65087890625
501,16.00886821746826,0.8295592069625854,0.6116434335708618,0.1941475123167038,80625,15000,127.47856499845511,105.4835319519043,134.65087890625
502,16.20392680168152,0.8371216654777527,0.6200950145721436,0.1981474906206131,80731,15000,131.89203500223812,107.08498954772949,134.65087890625
503,16.24718189239502,0.8385322093963623,0.6254082918167114,0.20055997371673584,80835,15000,128.99900500269723,103.33418846130371,134.65087890625
504,16.56531810760498,0.8497897982597351,0.6017390489578247,0.19279120862483978,80939,15000,129.80575199981104,106.9040298461914,134.65087890625
505,16.56145691871643,0.8528176546096802,0.6040304899215698,0.18193204700946808,81040,15000,128.74967500101775,104.09140586853027,134.65087890625
506,16.628260612487793,0.8546608686447144,0.6062242984771729,0.1802530586719513,81142,15000,137.32195400007186,104.80499267578125,134.65087890625
507,16.622445583343506,0.8559814691543579,0.5998756885528564,0.1658702939748764,81240,15000,128.6753360000148,106.09245300292969,134.65087890625
508,16.549726724624634,0.8537778258323669,0.5948965549468994,0.16431112587451935,81343,15000,129.66505599979428,105.77392578125,134.65087890625
509,16.57499074935913,0.8552407622337341,0.604621946811676,0.15845131874084473,81444,15000,130.4361099973903,103.6844253540039,134.65087890625
510,16.691641807556152,0.8593509197235107,0.5982551574707031,0.1554034799337387,81544,15000,129.15623699882417,104.6750545501709,134.65087890625
511,16.656625270843506,0.8591529726982117,0.5905542373657227,0.15156279504299164,81642,15000,126.91536000056658,104.07376289367676,134.65087890625
512,16.703853607177734,0.8614519834518433,0.5878284573554993,0.14792446792125702,81741,15000,124.6734540000034,103.39236259460449,134.65087890625
513,16.733990907669067,0.8630132675170898,0.5873852372169495,0.1479451060295105,81834,15000,127.4173539968615,102.80823707580566,134.65087890625
514,16.649692058563232,0.8608188033103943,0.5784995555877686,0.14700795710086823,81927,15000,128.19196000054944,106.80937767028809,134.65087890625
515,16.635537147521973,0.859175443649292,0.5841198563575745,0.15210294723510742,82019,15000,126.4604669995606,105.00764846801758,134.65087890625
516,16.595029830932617,0.8585675954818726,0.5798943638801575,0.1515512466430664,82110,15000,129.65784100015298,106.53948783874512,134.65087890625
517,16.61521315574646,0.8593215346336365,0.5763486623764038,0.15039651095867157,82206,15000,128.9112539998314,106.40287399291992,134.65087890625
518,16.44356608390808,0.8521212935447693,0.5734020471572876,0.15251357853412628,82300,15000,128.68086299931747,106.37021064758301,134.65087890625
519,16.499414443969727,0.8534967303276062,0.5795685052871704,0.15953418612480164,82391,15000,129.67450199721497,106.13250732421875,134.65087890625
520,16.517093181610107,0.8546860218048096,0.5878522396087646,0.1552320420742035,82484,15000,130.01669500226853,106.1391830444336,134.65087890625
521,16.494619846343994,0.8538053035736084,0.5925464034080505,0.14801713824272156,82576,15000,128.31652800014126,104.53319549560547,134.65087890625
522,16.62026882171631,0.8574311137199402,0.5926843881607056,0.1424599140882492,82667,15000,129.9913059992832,105.53240776062012,134.65087890625
523,16.59475803375244,0.8565897941589355,0.5943684577941895,0.14153045415878296,82759,15000,130.36116600051173,106.50134086608887,134.65087890625
524,16.63042664527893,0.8593079447746277,0.5788612961769104,0.14421537518501282,82849,15000,129.40397000056691,107.33366012573242,134.65087890625
525,16.548173427581787,0.8550025820732117,0.5944517254829407,0.14547885954380035,82939,15000,128.9434859972971,106.65702819824219,134.65087890625
526,16.35374665260315,0.8483961820602417,0.5927398800849915,0.14689001441001892,83027,15000,135.46547099758754,106.09793663024902,134.65087890625
527,16.431243419647217,0.8516029119491577,0.5834549069404602,0.14975959062576294,83117,15000,137.43612599864719,108.06012153625488,134.65087890625
528,16.383090019226074,0.8468369245529175,0.6019117832183838,0.16039526462554932,83207,15000,135.9579180025321,106.80437088012695,134.65087890625
529,16.131693124771118,0.8394993543624878,0.6250609159469604,0.16514968872070312,83295,15000,134.62563599750865,104.63595390319824,134.65087890625
530,16.202696561813354,0.843021810054779,0.622767448425293,0.1629793643951416,83383,15000,131.45305400030338,107.2232723236084,134.65087890625
531,16.06818675994873,0.8378103971481323,0.6223979592323303,0.1780988574028015,83471,15000,130.6580920027045,105.88479042053223,134.65087890625
532,15.839086771011353,0.8287360072135925,0.6474151611328125,0.18523941934108734,83555,15000,136.9336240022676,107.66983032226562,134.65087890625
533,15.753229856491089,0.8261933326721191,0.6571084260940552,0.2038019299507141,83641,15000,140.2607639975031,104.70414161682129,134.65087890625
534,15.786449909210205,0.8277150988578796,0.6660628318786621,0.2026372253894806,83730,15000,134.5798250004009,105.84044456481934,134.65087890625
535,15.697019100189209,0.822113037109375,0.6583119034767151,0.21121540665626526,83819,15000,131.80120899778558,103.21164131164551,134.65087890625
536,15.712610483169556,0.823922872543335,0.6674658060073853,0.19827137887477875,83906,15000,132.9123450013867,106.56476020812988,134.65087890625
537,15.808119773864746,0.827622652053833,0.6711574792861938,0.21544049680233002,83992,15000,131.1746770006721,105.37004470825195,134.65087890625
538,15.872447490692139,0.830227792263031,0.673616349697113,0.2051301896572113,84078,15000,133.08238399986294,106.53305053710938,134.65087890625
539,15.865260362625122,0.8287929892539978,0.6661997437477112,0.21075157821178436,84163,15000,131.43321399911656,105.17644882202148,134.65087890625
540,15.819640159606934,0.8271293640136719,0.6714140772819519,0.21838130056858063,84249,15000,131.03344100090908,108.7644100189209,134.65087890625
541,15.925700664520264,0.8315405249595642,0.6742666959762573,0.22977609932422638,84334,15000,128.45211999956518,105.21125793457031,134.65087890625
542,15.905755758285522,0.83193039894104,0.6676746010780334,0.2112574279308319,84420,15000,130.44129899935797,106.38785362243652,134.65087890625
543,16.004724502563477,0.8348454236984253,0.6572508811950684,0.2263040989637375,84507,15000,129.00188499770593,105.35836219787598,134.65087890625
544,15.934363603591919,0.8334249258041382,0.6774333715438843,0.22323688864707947,84595,15000,131.24860099924263,105.88407516479492,134.65087890625
545,15.763378143310547,0.8275247812271118,0.6760818958282471,0.22573935985565186,84683,15000,129.63110800046707,105.34095764160156,134.65087890625
546,15.70377230644226,0.8276731371879578,0.6775627136230469,0.21887393295764923,84770,15000,129.7899410019454,105.97419738769531,134.65087890625
547,15.56067705154419,0.8168593645095825,0.6806786060333252,0.2298216074705124,84858,15000,141.5054980025161,108.16550254821777,134.65087890625
548,15.228381156921387,0.7986838817596436,0.6678504347801208,0.24146294593811035,84948,15000,137.16139100142755,109.41886901855469,134.65087890625
549,14.71758484840393,0.7762898206710815,0.6845793724060059,0.2629436254501343,85039,15000,136.06980400072644,105.65900802612305,134.65087890625
550,14.386680126190186,0.756406307220459,0.6928818821907043,0.2732260525226593,85131,15000,133.4167470013199,108.57319831848145,134.65087890625
551,14.316439628601074,0.744723916053772,0.695162832736969,0.2813660502433777,85223,15000,127.99312000061036,103.67059707641602,134.65087890625
552,14.217509031295776,0.732750654220581,0.7164062261581421,0.31620845198631287,85314,15000,132.8574020008091,109.00735855102539,134.65087890625
553,14.22134280204773,0.7319824695587158,0.7145398855209351,0.3291833996772766,85406,15000,135.75598900206387,105.78680038452148,134.65087890625
554,14.29123044013977,0.7305645942687988,0.7158219814300537,0.31914785504341125,85500,15000,132.21904300007736,105.2558422088623,134.65087890625
555,14.214774370193481,0.7228050231933594,0.7291045784950256,0.3196665346622467,85595,15000,133.32631299999775,105.46588897705078,134.65087890625
556,14.257386922836304,0.7229702472686768,0.726353108882904,0.3221818804740906,85689,15000,138.8778549990093,109.6351146697998,134.65087890625
557,14.335505962371826,0.7191039323806763,0.7314112186431885,0.322769433259964,85783,15000,137.45863900112454,105.0863265991211,134.65087890625
558,14.181386232376099,0.7066981196403503,0.7276089787483215,0.33038845658302307,85882,15000,132.71025399808423,108.2296371459961,134.65087890625
559,14.265333414077759,0.7138721942901611,0.7144504189491272,0.33726200461387634,85979,15000,131.7748199980997,104.83956336975098,134.65087890625
560,14.384804964065552,0.7188658714294434,0.7153869271278381,0.3437563478946686,86078,15000,137.2535840018827,106.4310073852539,134.65087890625
561,14.435049295425415,0.7185108065605164,0.7192405462265015,0.33195167779922485,86179,15000,139.30187699952512,107.08045959472656,134.65087890625
562,14.510107040405273,0.7203569412231445,0.7196075916290283,0.33747243881225586,86282,15000,130.88590299958014,106.88138008117676,134.65087890625
563,14.563324451446533,0.7220606207847595,0.73521488904953,0.33681175112724304,86387,15000,128.53006000295863,105.5138111114502,134.65087890625
564,14.652571678161621,0.7219712138175964,0.738781213760376,0.338899165391922,86493,15000,129.76084999900195,106.14299774169922,134.65087890625
565,14.746308326721191,0.730846107006073,0.735613226890564,0.32430917024612427,86601,15000,135.58117600041442,104.5985221862793,135.80712890625
566,14.895429611206055,0.7400646209716797,0.7294739484786987,0.3298163115978241,86708,15000,136.45959499990568,105.79276084899902,135.80712890625
567,14.979996681213379,0.7438329458236694,0.7359279990196228,0.3277924358844757,86817,15000,133.48154699997394,104.79164123535156,135.80712890625
568,15.104256868362427,0.752337634563446,0.7269811630249023,0.30995774269104004,86926,15000,136.5063570010534,105.34930229187012,135.80712890625
569,15.228384733200073,0.7570974230766296,0.720441460609436,0.32625454664230347,87037,15000,130.5792469975131,106.89020156860352,135.80712890625
570,15.312466621398926,0.7585071325302124,0.7324783205986023,0.29965364933013916,87148,15000,129.96700299845543,106.74881935119629,135.80712890625
571,15.440702438354492,0.762715220451355,0.7248951196670532,0.3060551881790161,87260,15000,130.41121599962935,106.30011558532715,135.80712890625
572,15.536428689956665,0.7704393267631531,0.718605637550354,0.30121222138404846,87372,15000,134.11093699687626,108.18076133728027,135.80712890625
573,15.61158299446106,0.7711040377616882,0.7032635807991028,0.29560214281082153,87485,15000,129.1371280021849,105.92126846313477,135.80712890625
574,15.78669786453247,0.7744066119194031,0.7112427949905396,0.3088630437850952,87600,15000,131.31393599906005,106.85205459594727,142.27685546875
575,15.989785194396973,0.7833074927330017,0.7123702168464661,0.3163500130176544,87716,15000,133.3995999993931,106.19616508483887,142.537109375
576,16.05280637741089,0.7860627174377441,0.7066023349761963,0.315952330827713,87831,15000,140.56724200054305,109.5268726348877,142.537109375
577,16.114827394485474,0.7821750640869141,0.7003908157348633,0.32227960228919983,87950,15000,138.13574500090908,106.42504692077637,142.537109375
578,16.196690797805786,0.7867611646652222,0.6947765350341797,0.2999274730682373,88061,15000,134.74893500097096,107.88416862487793,142.537109375
579,16.18077039718628,0.7935694456100464,0.6804823279380798,0.31766819953918457,88181,15000,132.65342399972724,105.11422157287598,142.537109375
580,16.13377809524536,0.793195366859436,0.6997570991516113,0.3193345069885254,88300,15000,132.47857100213878,106.87732696533203,142.537109375
581,16.25847578048706,0.8011603355407715,0.6893001794815063,0.3250371217727661,88422,15000,129.41685899932054,105.30853271484375,142.537109375
582,16.29564642906189,0.806186854839325,0.6981444358825684,0.30060824751853943,88539,15000,129.4235210007173,105.64446449279785,142.537109375
583,16.328632831573486,0.8049406409263611,0.7070777416229248,0.3141874074935913,88659,15000,130.0416470003256,105.08489608764648,142.537109375
584,16.384012699127197,0.8085851073265076,0.7018483281135559,0.3049148917198181,88780,15000,135.47239199760952,106.28557205200195,142.537109375
585,16.477110385894775,0.8138719797134399,0.6943010091781616,0.3155320882797241,88902,15000,129.36954899851116,105.03125190734863,142.537109375
586,16.486021280288696,0.8112620115280151,0.702457845211029,0.313324511051178,89023,15000,131.11289799780934,106.20236396789551,142.537109375
587,16.399784088134766,0.8076872825622559,0.6999903321266174,0.30614057183265686,89145,15000,134.7826029996213,105.26657104492188,142.537109375
588,16.486233472824097,0.8100365400314331,0.7054725885391235,0.31079262495040894,89265,15000,129.56648300314555,106.8413257598877,142.537109375
589,16.42346739768982,0.802819013595581,0.6970890164375305,0.2963021993637085,89388,15000,132.08348600164754,104.11596298217773,142.537109375
590,16.295809745788574,0.7939776182174683,0.7010338306427002,0.31100693345069885,89516,15000,128.00838700059103,104.55822944641113,142.537109375
591,16.26370906829834,0.7923580408096313,0.6856628060340881,0.3141130208969116,89638,15000,133.76645500102313,106.41622543334961,142.537109375
592,16.328071355819702,0.7902648448944092,0.6795733571052551,0.3279128670692444,89763,15000,139.81008200062206,104.57134246826172,142.537109375
593,16.138800382614136,0.7792307734489441,0.6927781105041504,0.3177943825721741,89888,15000,132.06878100027097,105.73625564575195,142.537109375
594,16.24025583267212,0.7864128947257996,0.693185567855835,0.31002870202064514,90017,15000,134.86762299726252,106.48036003112793,142.537109375
595,16.08317732810974,0.7835948467254639,0.6781347990036011,0.32770591974258423,90140,15000,127.89839300239692,103.72495651245117,142.537109375
596,16.233983039855957,0.7892495393753052,0.6866264939308167,0.32705628871917725,90262,15000,127.94788000246626,104.34865951538086,142.537109375
597,16.409953832626343,0.7970337271690369,0.6817381978034973,0.2946825325489044,90392,15000,128.02296500012744,104.51555252075195,142.537109375
598,16.591778993606567,0.8024980425834656,0.6787819266319275,0.30954453349113464,90517,15000,128.8399040022341,106.3084602355957,142.537109375
599,16.776437759399414,0.8053287267684937,0.6734732389450073,0.2787155508995056,90642,15000,127.77208899933612,104.77209091186523,142.537109375
600,16.748398542404175,0.8059248924255371,0.6923947334289551,0.28845638036727905,86608,15000,137.38326899692765,107.89155960083008,143.18798828125
601,16.908458471298218,0.8100099563598633,0.6913785934448242,0.29657629132270813,86743,15000,130.80896199971903,106.0791015625,143.18798828125
602,17.244369983673096,0.8143677115440369,0.6836104393005371,0.29317325353622437,86877,15000,128.98136399962823,104.62260246276855,143.18798828125
603,17.207549810409546,0.8175353407859802,0.6870183944702148,0.29005342721939087,87008,15000,134.90606300183572,104.66384887695312,143.18798828125
604,17.302643060684204,0.8251563906669617,0.6904012560844421,0.2753632068634033,87147,15000,134.44341400099802,103.07455062866211,143.18798828125
605,17.46911883354187,0.8333131074905396,0.6756364703178406,0.29839569330215454,87286,15000,129.24625900268438,105.1795482635498,143.18798828125
606,17.47982144355774,0.8337725400924683,0.6758036613464355,0.28572869300842285,87429,15000,131.8426419966272,106.84680938720703,143.18798828125
607,17.486783266067505,0.8329548835754395,0.6712552309036255,0.31625276803970337,87565,15000,140.19636000011815,106.6436767578125,143.18798828125
608,17.593318223953247,0.8415346145629883,0.6680142879486084,0.2881428301334381,87699,15000,130.78429800225422,106.63962364196777,143.18798828125
609,17.727049589157104,0.8479354381561279,0.6681879758834839,0.2795133590698242,87837,15000,131.43228799890494,105.70979118347168,143.18798828125
610,17.817082405090332,0.8526395559310913,0.6697738766670227,0.2673114240169525,87970,15000,130.10931899771094,106.47201538085938,143.18798828125
611,17.855838537216187,0.8516668677330017,0.6640835404396057,0.27989619970321655,88117,15000,130.67389099887805,104.60591316223145,143.18798828125
612,17.6419198513031,0.8433403372764587,0.6720373034477234,0.2897343635559082,88259,15000,135.74268799857236,109.28487777709961,143.18798828125
613,17.75999903678894,0.846839427947998,0.6729071736335754,0.28551778197288513,88402,15000,131.29990400193492,106.78291320800781,143.18798828125
614,17.802729606628418,0.8467339873313904,0.6695663928985596,0.2893930673599243,88539,15000,139.71888000014587,107.95259475708008,143.18798828125
615,17.66685128211975,0.8413017988204956,0.6643185615539551,0.27556362748146057,88680,15000,138.021242000832,105.75270652770996,143.18798828125
616,17.888987064361572,0.8479905128479004,0.65571129322052,0.2827494740486145,88820,15000,151.03518199975952,104.0811538696289,143.18798828125
617,17.89185404777527,0.8524398803710938,0.669745922088623,0.2633310556411743,88961,15000,132.79656899976544,105.25155067443848,143.18798828125
618,17.821855545043945,0.8497323989868164,0.6696939468383789,0.26181265711784363,89097,15000,131.65012399986153,106.86159133911133,143.18798828125
619,17.93394446372986,0.849881649017334,0.6688358783721924,0.2871226370334625,89240,15000,130.06607399802306,106.0020923614502,143.18798828125
620,17.915024757385254,0.8504056334495544,0.6673721075057983,0.2708840072154999,89384,15000,136.80405899867765,105.79252243041992,143.18798828125
621,17.705199718475342,0.8439815044403076,0.6682063341140747,0.2760127782821655,89523,15000,130.99244099794305,106.7039966583252,143.18798828125
622,17.80080556869507,0.8447665572166443,0.6628519296646118,0.27355995774269104,89663,15000,132.51710899930913,107.0249080657959,143.18798828125
623,17.8360378742218,0.8478090763092041,0.655555784702301,0.2853790521621704,89802,15000,132.05573500090395,105.73887825012207,143.18798828125
624,17.734864950180054,0.8434330821037292,0.6510519981384277,0.27417752146720886,89942,15000,130.75493900032598,106.88138008117676,143.18798828125
625,17.715681791305542,0.8428339958190918,0.653867244720459,0.2674795389175415,90087,15000,130.89398499869276,105.57746887207031,143.18798828125
626,17.54179835319519,0.8361697196960449,0.6604627966880798,0.2694967985153198,90230,15000,131.5378379986214,106.6734790802002,143.18798828125
627,17.61406421661377,0.8395754098892212,0.6459536552429199,0.27413520216941833,90368,15000,128.73621300241211,104.84933853149414,143.18798828125
628,17.72704243659973,0.8427777290344238,0.6639683246612549,0.27093109488487244,90516,15000,135.2262079999491,107.69844055175781,143.18798828125
629,17.887908220291138,0.8482011556625366,0.6450756788253784,0.26956868171691895,90658,15000,135.30024400097318,104.66933250427246,143.18798828125
630,17.834848165512085,0.8460280299186707,0.6435274481773376,0.27257248759269714,90800,15000,139.8596830003953,106.87947273254395,143.18798828125
631,18.091347217559814,0.8536652326583862,0.6393929719924927,0.2761906683444977,90940,15000,133.0580989997543,105.41605949401855,143.18798828125
632,18.15272569656372,0.856438398361206,0.6402109861373901,0.2691565752029419,91090,15000,138.21137899867608,111.01341247558594,143.18798828125
633,17.99056053161621,0.8537306785583496,0.6429502367973328,0.27282577753067017,91238,15000,138.2525990011345,110.61215400695801,143.18798828125
634,18.10821533203125,0.8561641573905945,0.637771487236023,0.2716299891471863,91385,15000,146.10557099877042,109.9252700805664,143.18798828125
635,18.080666065216064,0.8583401441574097,0.644711971282959,0.25141435861587524,91525,15000,141.1565000016708,107.40137100219727,143.18798828125
636,18.356958627700806,0.8663811087608337,0.6418827772140503,0.25082841515541077,91672,15000,140.4965789988637,107.37323760986328,143.18798828125
637,18.572176694869995,0.8723640441894531,0.6300784349441528,0.27051013708114624,91818,15000,136.22070699784672,105.15284538269043,143.18798828125
638,18.30035090446472,0.8645827174186707,0.6294887661933899,0.25423479080200195,91965,15000,137.33597399914288,105.95369338989258,143.18798828125
639,18.426005840301514,0.8688340187072754,0.6348140239715576,0.27385464310646057,92112,15000,138.75228500182857,105.23772239685059,143.18798828125
640,18.68927240371704,0.8777195811271667,0.6290347576141357,0.2628812789916992,92260,15000,130.8442199988349,104.5076847076416,143.18798828125
641,18.690407276153564,0.8781932592391968,0.6282899379730225,0.25783583521842957,92405,15000,129.5340020005824,105.05056381225586,143.18798828125
642,18.829888105392456,0.8833044767379761,0.6273369789123535,0.2655520439147949,92555,15000,134.3994480012043,106.4910888671875,143.18798828125
643,18.685742616653442,0.8833367228507996,0.6360921263694763,0.23914559185504913,92701,15000,132.2036549972836,105.27300834655762,143.18798828125
644,18.774055242538452,0.8848024606704712,0.6354765892028809,0.24597688019275665,92848,15000,138.36268999875756,107.66458511352539,143.18798828125
645,18.978347778320312,0.8896236419677734,0.6289793252944946,0.2609111964702606,92995,15000,130.56694000260904,104.4931411743164,143.40087890625
646,18.940364122390747,0.8909337520599365,0.619417667388916,0.2615884840488434,93140,15000,131.09122500100057,104.8879623413086,143.40087890625
647,18.85677456855774,0.8886804580688477,0.6059055924415588,0.2500665783882141,93284,15000,129.90148100288934,105.45539855957031,143.40087890625
648,18.733261823654175,0.8873823881149292,0.6158222556114197,0.2507883906364441,93432,15000,133.25060599891003,105.60989379882812,143.40087890625
649,19.014729261398315,0.8924506902694702,0.6051889061927795,0.2581874430179596,93575,15000,131.4743990005809,105.24630546569824,143.40087890625
650,18.986966609954834,0.8907086849212646,0.6075845956802368,0.24961422383785248,93717,15000,144.02566799981287,104.69961166381836,143.40087890625
651,18.830699920654297,0.8870765566825867,0.6180748343467712,0.2569087743759155,93857,15000,155.1170689999708,107.41090774536133,143.40087890625
652,19.029991626739502,0.8919368982315063,0.6118661165237427,0.25839269161224365,93999,15000,134.3539810004586,107.1007251739502,143.40087890625
653,19.001377820968628,0.8915128111839294,0.6132338047027588,0.2525855600833893,94138,15000,137.1835989993997,106.38308525085449,143.40087890625
654,19.002525806427002,0.8906370997428894,0.6108797788619995,0.25335127115249634,94275,15000,131.529173002491,107.92040824890137,143.40087890625
655,18.889923095703125,0.8871504664421082,0.6098127365112305,0.25715184211730957,94416,15000,135.72096899952157,106.62198066711426,144.66015625
656,18.496626615524292,0.8774330019950867,0.6109923720359802,0.2602161467075348,94553,15000,131.99034100034623,106.18352890014648,144.66015625
657,18.588250875473022,0.8788037300109863,0.619203507900238,0.2586084306240082,94688,15000,139.8264810013643,106.57048225402832,144.66015625
658,18.563143014907837,0.8777191042900085,0.6172115802764893,0.2704083025455475,94825,15000,129.95650999801,104.9506664276123,144.66015625
659,18.43400478363037,0.8744908571243286,0.6244596242904663,0.2685895562171936,94955,15000,134.24976000169409,107.09524154663086,144.66015625
660,18.093111515045166,0.8654322028160095,0.6225877404212952,0.2749805450439453,95092,15000,135.11271299648797,106.29010200500488,144.66015625
661,17.99457550048828,0.8631070852279663,0.6340569853782654,0.26181644201278687,95226,15000,134.57385400033672,108.05511474609375,146.42626953125
662,17.856065034866333,0.8587460517883301,0.6300560832023621,0.2702603340148926,95363,15000,130.15720800103736,105.76438903808594,147.171875
663,17.857636213302612,0.8591948747634888,0.636260986328125,0.2709500789642334,95493,15000,133.03192899911664,107.0561408996582,147.171875
664,17.92108416557312,0.8634912371635437,0.6404252052307129,0.27457836270332336,95630,15000,135.2934409987938,104.69961166381836,147.171875
665,17.85152792930603,0.8622793555259705,0.6307997703552246,0.2785528302192688,95762,15000,131.10452799810446,104.37750816345215,147.171875
666,17.94012427330017,0.8652259707450867,0.6294825673103333,0.2775823175907135,95898,15000,128.26264100294793,104.70294952392578,147.171875
667,18.031660318374634,0.8691315054893494,0.6315042972564697,0.2886859178543091,96036,15000,133.78188400020008,107.57613182067871,147.171875
668,18.098782300949097,0.8713206052780151,0.6200281381607056,0.2804306745529175,96174,15000,131.43941100133816,106.08410835266113,147.171875
669,18.262420892715454,0.8769863843917847,0.6206318736076355,0.27750349044799805,96315,15000,138.63610300177243,106.26888275146484,147.171875
670,18.372117280960083,0.8816907405853271,0.632931649684906,0.2765440344810486,96450,15000,135.43090100210975,105.09991645812988,147.171875
671,18.489469289779663,0.8838050365447998,0.6295486092567444,0.27430564165115356,96592,15000,136.81885700134444,106.73952102661133,147.171875
672,18.718643188476562,0.8886556625366211,0.6184645295143127,0.2640344500541687,96733,15000,144.60620099998778,108.42061042785645,147.171875
673,18.75562310218811,0.89222252368927,0.6109127402305603,0.2620340585708618,96876,15000,153.2990970008541,114.32671546936035,147.171875
674,18.861703872680664,0.8944183588027954,0.6156091094017029,0.25905904173851013,97017,15000,143.05299300031038,108.61825942993164,147.171875
675,18.995691537857056,0.8971319198608398,0.6008030772209167,0.26463502645492554,97154,15000,139.7078939990024,110.73160171508789,147.171875
676,18.782063722610474,0.8949539065361023,0.6159211993217468,0.26321956515312195,97296,15000,140.74074599921005,113.60764503479004,147.171875
677,19.124962091445923,0.9002715945243835,0.6081269979476929,0.26547983288764954,97434,15000,135.4117299997597,107.30624198913574,147.171875
678,19.097543954849243,0.9012255668640137,0.6013323068618774,0.25506591796875,97576,15000,131.94116299928282,105.76534271240234,147.171875
679,19.15600895881653,0.9028881788253784,0.6066251397132874,0.2622252106666565,97717,15000,139.3153729986807,106.5053939819336,147.171875
680,19.26216721534729,0.904448390007019,0.604362964630127,0.26007741689682007,97859,15000,134.57989000016823,107.15484619140625,147.171875
681,19.396196603775024,0.9080855846405029,0.5905762314796448,0.2520163953304291,97999,15000,133.40693799909786,106.07028007507324,147.171875
682,19.272128343582153,0.9060434103012085,0.5998567342758179,0.25066518783569336,98138,15000,131.7435739983921,104.73465919494629,147.171875
683,19.296410083770752,0.9066874384880066,0.5922203063964844,0.2540442943572998,98276,15000,140.42050600255607,106.87088966369629,147.171875
684,19.44023847579956,0.9090757369995117,0.5875479578971863,0.2584035396575928,98415,15000,133.86848099980853,104.75754737854004,147.171875
685,19.538633823394775,0.9098083972930908,0.5821573138237,0.26069939136505127,98553,15000,133.22957800119184,104.96830940246582,147.171875
686,19.26515221595764,0.9062446355819702,0.5819032192230225,0.2625310719013214,98690,15000,132.78853999872808,107.35559463500977,147.171875
687,19.522864818572998,0.9111505746841431,0.5812878608703613,0.25727635622024536,98827,15000,135.603122998873,107.41114616394043,148.40234375
688,19.39674139022827,0.908183753490448,0.5714175701141357,0.2600541412830353,98959,15000,140.37454999925103,105.49759864807129,148.40234375
689,19.223357439041138,0.9059016704559326,0.5804121494293213,0.2482762187719345,99097,15000,130.65834100052598,102.83136367797852,148.40234375
690,19.384692907333374,0.9088530540466309,0.5807514190673828,0.267059326171875,99232,15000,128.9818449986342,104.57992553710938,148.40234375
691,19.396002292633057,0.908582866191864,0.5763334035873413,0.26986944675445557,99368,15000,131.44881300104316,103.63626480102539,148.40234375
692,19.285943508148193,0.9064359664916992,0.5706728100776672,0.2621524930000305,99501,15000,138.02858499911963,105.58772087097168,148.40234375
693,19.315457344055176,0.90704345703125,0.5694485306739807,0.2575947046279907,99633,15000,136.0538440021628,105.16166687011719,148.40234375
694,19.455900192260742,0.9086658358573914,0.561224639415741,0.27884939312934875,99765,15000,132.2856610022427,104.74324226379395,148.40234375
695,19.24879789352417,0.9062198996543884,0.5584100484848022,0.2628563940525055,99899,15000,131.41995800106088,105.24201393127441,148.40234375
696,19.341552257537842,0.9077078700065613,0.5616222023963928,0.27009525895118713,100033,15000,133.46546499815304,107.50508308410645,148.40234375
697,19.442676305770874,0.9092711806297302,0.5618457794189453,0.27075210213661194,100163,15000,132.9654520013719,107.31363296508789,148.40234375
698,19.36550498008728,0.9080416560173035,0.5631368160247803,0.2633654475212097,100297,15000,131.3062830013223,105.81636428833008,148.80712890625
699,19.425926208496094,0.9089579582214355,0.5572716593742371,0.2630515992641449,100429,15000,132.24750500012306,105.06129264831543,148.80712890625
700,19.47946310043335,0.9091415405273438,0.5579190254211426,0.2553660273551941,84658,15000,145.9411949981586,106.96697235107422,148.80712890625
701,19.347916841506958,0.9055556654930115,0.5631635189056396,0.2632252275943756,84836,15000,136.27703499878407,105.0264835357666,148.80712890625
702,19.363670349121094,0.9073914885520935,0.5536203384399414,0.2681797742843628,85009,15000,137.64954599901102,107.18297958374023,148.80712890625
703,19.27167057991028,0.9045126438140869,0.5504283905029297,0.2796526551246643,85174,15000,136.3526439999987,105.74913024902344,148.80712890625
704,19.210128784179688,0.9031955003738403,0.545726478099823,0.2754187285900116,85329,15000,132.42478599931928,105.40056228637695,148.80712890625
705,19.23072099685669,0.9048503637313843,0.5467522144317627,0.26858600974082947,85493,15000,135.1921109999239,104.52866554260254,148.80712890625
706,19.24487590789795,0.9036924242973328,0.5430539846420288,0.2788851857185364,85657,15000,134.92843199855997,106.27555847167969,148.80712890625
707,19.23816680908203,0.9023498296737671,0.5465195178985596,0.27677762508392334,85821,15000,131.83029300125781,106.62555694580078,148.80712890625
708,19.184958934783936,0.9024245738983154,0.5394794344902039,0.2772272825241089,85989,15000,130.9399450001365,106.26697540283203,148.80712890625
709,19.28390383720398,0.9033658504486084,0.5406702160835266,0.2734612822532654,86152,15000,130.26255599834258,103.14369201660156,148.80712890625
710,19.2310631275177,0.9023854732513428,0.5383100509643555,0.28978607058525085,86320,15000,138.01138300186722,107.98859596252441,148.80712890625
711,19.201524257659912,0.9023084044456482,0.5461640357971191,0.27148762345314026,86488,15000,128.46265499683795,103.80005836486816,148.80712890625
712,19.42265510559082,0.9047012329101562,0.5385318398475647,0.2547163963317871,86652,15000,131.8827169998258,105.1797866821289,148.80712890625
713,19.46363091468811,0.9061300754547119,0.537364661693573,0.2729681134223938,86814,15000,133.57801500023925,105.06725311279297,148.80712890625
714,19.45989489555359,0.9065531492233276,0.5402471423149109,0.2661151885986328,86979,15000,130.65642099900288,107.58471488952637,148.80712890625
715,19.614804983139038,0.9088311195373535,0.5303284525871277,0.2681885063648224,87147,15000,132.35542900292785,105.99565505981445,148.80712890625
716,19.710317850112915,0.911241888999939,0.5236465334892273,0.2621442973613739,87313,15000,134.9546029996418,106.34303092956543,148.80712890625
717,19.748294353485107,0.9122044444084167,0.514330267906189,0.2662878632545471,87483,15000,136.33485800164635,104.19416427612305,148.80712890625
718,19.693456888198853,0.910507082939148,0.5094385743141174,0.25313806533813477,87647,15000,136.25949299967033,105.95703125,148.80712890625
719,19.659945964813232,0.9098175764083862,0.5194332599639893,0.2623724341392517,87811,15000,145.25995700023486,117.4778938293457,148.80712890625
720,19.794223308563232,0.9127339124679565,0.5185686945915222,0.2629464864730835,87977,15000,131.75437199970474,104.64000701904297,148.80712890625
721,19.69731092453003,0.9107963442802429,0.5157738924026489,0.25658509135246277,88144,15000,136.41067200296675,105.0863265991211,148.80712890625
722,19.80799674987793,0.9120308756828308,0.5100818276405334,0.2649049162864685,88308,15000,134.76725199870998,105.62920570373535,148.80712890625
723,19.872593879699707,0.9133349657058716,0.5062832832336426,0.2594928443431854,88470,15000,131.81414299833705,105.00407218933105,148.80712890625
724,19.91409659385681,0.9138106107711792,0.505018413066864,0.26209911704063416,88632,15000,131.78133099791012,106.67538642883301,148.80712890625
725,19.84181046485901,0.912815272808075,0.5052132606506348,0.2418764978647232,88797,15000,130.58123700102442,105.32164573669434,148.80712890625
726,19.92095112800598,0.9154623746871948,0.5010517835617065,0.24056152999401093,88959,15000,134.14697199914372,106.04214668273926,148.80712890625
727,20.04950761795044,0.9165655970573425,0.4981992542743683,0.2521269917488098,89121,15000,131.51464800102985,105.84545135498047,148.80712890625
728,20.011911392211914,0.9155651330947876,0.5032345652580261,0.23902632296085358,89284,15000,131.42611299917917,106.87255859375,148.80712890625
729,20.13005256652832,0.9182127714157104,0.5006018877029419,0.24753759801387787,89446,15000,131.73305099917343,105.6983470916748,148.80712890625
730,20.16798496246338,0.919092059135437,0.4970627427101135,0.2485901117324829,89612,15000,130.82829899940407,105.20339012145996,148.80712890625
731,20.173935890197754,0.9192517995834351,0.4943004846572876,0.23813727498054504,89770,15000,131.2037429997872,105.21221160888672,148.80712890625
732,20.225164890289307,0.9198485612869263,0.49001389741897583,0.23752301931381226,89933,15000,139.08404600078939,108.02841186523438,148.80712890625
733,20.092968940734863,0.9172751307487488,0.4918632507324219,0.2453310191631317,90096,15000,135.1522040022246,105.64613342285156,148.80712890625
734,20.059549808502197,0.9174637794494629,0.4865117073059082,0.23910540342330933,90256,15000,133.05612499971176,106.82010650634766,148.80712890625
735,20.056467056274414,0.917349100112915,0.48697417974472046,0.23203220963478088,90417,15000,131.63223700030358,105.88669776916504,148.80712890625
736,20.083026885986328,0.9180092215538025,0.4867401123046875,0.23765476047992706,90577,15000,131.01422900217585,106.63890838623047,148.80712890625
737,19.800742864608765,0.9134747385978699,0.4834606647491455,0.23547601699829102,90734,15000,132.16911800191156,105.6976318359375,148.80712890625
738,19.623162746429443,0.9103614687919617,0.49440956115722656,0.2379530370235443,90893,15000,133.79534100022283,108.0162525177002,148.80712890625
739,19.42667245864868,0.9083117246627808,0.5051637291908264,0.2279195487499237,91044,15000,130.00998200004688,104.57587242126465,148.80712890625
740,19.815518856048584,0.9140526652336121,0.508766770362854,0.23117296397686005,91195,15000,132.85522000296623,107.7737808227539,148.80712890625
741,19.778625965118408,0.9136015772819519,0.5038538575172424,0.23151230812072754,91349,15000,129.5916130002297,105.07893562316895,148.80712890625
742,19.065347909927368,0.9029396772384644,0.511630117893219,0.23350082337856293,91499,15000,128.75733799955924,105.00764846801758,148.80712890625
743,19.11744236946106,0.9033381342887878,0.5203378796577454,0.22102059423923492,91645,15000,130.3565729976981,104.86268997192383,148.80712890625
744,19.501020908355713,0.9100290536880493,0.5224883556365967,0.2205422818660736,91797,15000,130.8149169999524,106.68468475341797,148.80712890625
745,19.593865871429443,0.9109104871749878,0.5237185955047607,0.22340711951255798,91948,15000,130.80078300117748,105.16881942749023,148.80712890625
746,19.77613925933838,0.9141527414321899,0.503990650177002,0.22490620613098145,92093,15000,133.050483000261,106.19568824768066,148.80712890625
747,19.68221664428711,0.9130291938781738,0.5029357075691223,0.23011597990989685,92240,15000,132.88917599857086,105.37433624267578,148.80712890625
748,19.684953689575195,0.9131318926811218,0.500607430934906,0.22064347565174103,92385,15000,133.51965499896323,108.47854614257812,148.80712890625
749,19.7607421875,0.9142268896102905,0.49854734539985657,0.21999135613441467,92531,15000,129.3737100022554,104.46715354919434,148.80712890625
750,19.740078449249268,0.9135341048240662,0.5010943412780762,0.23249411582946777,92677,15000,129.30680200224742,103.96480560302734,148.80712890625
751,19.517334699630737,0.9108025431632996,0.5002099275588989,0.2285798192024231,92818,15000,128.36203099868726,104.89487648010254,148.80712890625
752,19.54467535018921,0.9111916422843933,0.5043900609016418,0.23036353290081024,92959,15000,133.31441699847346,106.39524459838867,148.80712890625
753,19.496021270751953,0.9102225303649902,0.5136358737945557,0.2229194939136505,93096,15000,130.2004909994139,106.02855682373047,148.80712890625
754,19.624747037887573,0.9130818247795105,0.5022231340408325,0.20837853848934174,93237,15000,130.97271399965393,106.05454444885254,148.80712890625
755,19.702320098876953,0.9137793779373169,0.5065266489982605,0.20874753594398499,93376,15000,141.38557000114815,112.75410652160645,148.80712890625
756,19.725029468536377,0.914351224899292,0.5099348425865173,0.2248626947402954,93518,15000,134.2938830021012,108.19768905639648,148.80712890625
757,19.410438537597656,0.9096589088439941,0.5112545490264893,0.21287046372890472,93656,15000,133.77133999892976,106.35805130004883,148.80712890625
758,19.446488618850708,0.9102407693862915,0.5189737677574158,0.21394091844558716,93791,15000,131.61198700254317,107.02085494995117,148.80712890625
759,19.626182317733765,0.9132547378540039,0.5202317833900452,0.22579500079154968,93928,15000,133.85874799860176,107.59234428405762,148.80712890625
760,19.614827632904053,0.913331151008606,0.5250884294509888,0.21386203169822693,94066,15000,140.53849299671128,109.3745231628418,148.80712890625
761,19.590612649917603,0.9130336046218872,0.5191813111305237,0.21161533892154694,94196,15000,133.0903740017675,104.94494438171387,148.80712890625
762,19.62142825126648,0.9133461713790894,0.5118923187255859,0.21750657260417938,94327,15000,134.3523239993374,108.20865631103516,148.80712890625
763,19.564141035079956,0.912329912185669,0.5165359973907471,0.20301657915115356,94457,15000,135.1881289992889,108.10565948486328,148.80712890625
764,19.618180990219116,0.9134043455123901,0.5150770545005798,0.23172448575496674,94593,15000,134.02758500160417,108.45088958740234,148.80712890625
765,19.711076021194458,0.9150679111480713,0.5125039219856262,0.20950694382190704,94725,15000,132.1707540009811,105.926513671875,148.80712890625
766,19.657931327819824,0.9132533073425293,0.5152697563171387,0.21423941850662231,94855,15000,131.108072000643,106.60457611083984,148.80712890625
767,19.678045511245728,0.9134798049926758,0.5097922086715698,0.21022829413414001,94983,15000,139.1848619969096,104.55155372619629,148.80712890625
768,19.815934896469116,0.9155368208885193,0.49659448862075806,0.20959652960300446,95113,15000,138.89313400068204,108.9940071105957,148.80712890625
769,19.66734290122986,0.9111100435256958,0.5002617835998535,0.20146743953227997,95241,15000,131.0158300002513,105.48567771911621,148.80712890625
770,19.58008646965027,0.9112651348114014,0.5161224603652954,0.21696199476718903,95371,15000,133.71194600040326,107.25688934326172,148.80712890625
771,19.699679613113403,0.9131091833114624,0.5259875059127808,0.2069292813539505,95494,15000,135.93383000261383,107.02061653137207,148.80712890625
772,19.61926579475403,0.9105960130691528,0.5220088958740234,0.2071942239999771,95619,15000,133.28426400039461,107.41925239562988,148.80712890625
773,19.571770429611206,0.9103199243545532,0.5204523801803589,0.20801109075546265,95734,15000,131.21672000124818,105.57937622070312,148.80712890625
774,19.63518500328064,0.9117085337638855,0.5132036209106445,0.19872713088989258,95861,15000,133.48365999991074,106.93216323852539,148.80712890625
775,19.589219093322754,0.9107627868652344,0.5182734727859497,0.20773951709270477,95988,15000,130.85766400035936,106.1408519744873,148.80712890625
776,19.527865648269653,0.9094662666320801,0.5161978006362915,0.2187495082616806,96112,15000,131.4728910001577,106.73046112060547,148.80712890625
777,19.3333101272583,0.9067474603652954,0.5203106999397278,0.2096608728170395,96232,15000,133.3594940006151,107.21611976623535,148.80712890625
778,19.382007122039795,0.9062333106994629,0.5223652720451355,0.2038600593805313,96351,15000,132.12465000106022,107.27977752685547,148.80712890625
779,19.21868085861206,0.9046179056167603,0.5218468904495239,0.21280811727046967,96471,15000,132.1788249988458,105.45039176940918,148.80712890625
780,19.333559274673462,0.90535569190979,0.5238577127456665,0.20161312818527222,96590,15000,134.3219769987627,107.38587379455566,148.80712890625
781,19.30106520652771,0.9038833379745483,0.5301892161369324,0.18977385759353638,96710,15000,131.11674600077095,105.36384582519531,148.80712890625
782,19.30193305015564,0.9037434458732605,0.5261244177818298,0.21024857461452484,96823,15000,130.7833609971567,105.44729232788086,148.80712890625
783,19.1580069065094,0.9005237817764282,0.5239623188972473,0.1989603340625763,96935,15000,133.01768199744401,105.99780082702637,148.80712890625
784,19.079025983810425,0.8983491659164429,0.5311266779899597,0.20924465358257294,97043,15000,136.19144599942956,106.41050338745117,148.80712890625
785,19.216017723083496,0.9009112119674683,0.5228815078735352,0.19945287704467773,97154,15000,129.91621699984535,104.37512397766113,148.80712890625
786,18.93473505973816,0.8950678706169128,0.5165568590164185,0.20229464769363403,97268,15000,143.81184699959704,108.40725898742676,148.80712890625
787,18.97933602333069,0.8956131339073181,0.5256643891334534,0.20088067650794983,97377,15000,137.08202500129119,104.33435440063477,148.80712890625
788,18.995351791381836,0.8966588377952576,0.5287343263626099,0.2072947919368744,97485,15000,138.14849799746298,105.99040985107422,148.80712890625
789,18.93517017364502,0.8950008153915405,0.5350568890571594,0.19656799733638763,97592,15000,138.15550199797144,104.6144962310791,148.80712890625
790,18.948882818222046,0.8954156637191772,0.5443671345710754,0.21505305171012878,97703,15000,132.68464600332663,107.3603630065918,148.80712890625
791,18.96766185760498,0.8964545130729675,0.5382257699966431,0.2051120549440384,97810,15000,131.25155400121002,106.7359447479248,148.80712890625
792,18.8900887966156,0.8942177295684814,0.5442957878112793,0.204543799161911,97916,15000,139.67129700176883,106.45532608032227,148.80712890625
793,18.91981601715088,0.8943533897399902,0.54842209815979,0.1958499550819397,98025,15000,135.3756210010033,104.36058044433594,148.80712890625
794,18.9113450050354,0.8942345976829529,0.53863126039505,0.19602592289447784,98131,15000,138.59854600013932,105.4680347442627,148.80712890625
795,18.881731033325195,0.8936476707458496,0.5394291877746582,0.2026219218969345,98233,15000,140.20683900162112,107.6359748840332,148.80712890625
796,18.886854648590088,0.8935357332229614,0.5481281280517578,0.19852618873119354,98334,15000,131.93591500021284,106.16016387939453,148.80712890625
797,18.946253061294556,0.8941223621368408,0.5415260195732117,0.19845952093601227,98437,15000,133.22860000334913,106.80556297302246,148.80712890625
798,18.821749687194824,0.8939609527587891,0.5406258702278137,0.2049272358417511,98540,15000,132.48387999919942,105.4849624633789,148.80712890625
799,18.83195161819458,0.8938229084014893,0.5443145036697388,0.2095983624458313,98642,15000,131.45502699990175,105.20076751708984,148.80712890625
800,18.79830002784729,0.8929306864738464,0.5406740307807922,0.20696991682052612,91373,15000,139.34912399781751,107.42712020874023,151.35595703125
801,18.78827452659607,0.8998079299926758,0.5301010608673096,0.194436714053154,91477,15000,132.38426599855302,107.11359977722168,151.35595703125
802,18.731441497802734,0.8998913764953613,0.5373940467834473,0.2009529322385788,91579,15000,132.70388900127728,106.70709609985352,151.35595703125
803,18.633313179016113,0.8975641131401062,0.5371715426445007,0.19988195598125458,91683,15000,131.6665920021478,105.68857192993164,151.35595703125
804,18.62685799598694,0.8983775973320007,0.5376879572868347,0.19789333641529083,91788,15000,133.2943859997613,106.70042037963867,151.35595703125
805,18.605797290802002,0.8984913229942322,0.5464106798171997,0.20491625368595123,91893,15000,132.17528199675144,108.04390907287598,151.35595703125
806,18.589799404144287,0.8994734287261963,0.5456203818321228,0.2060074359178543,91998,15000,134.42207499974757,106.53138160705566,151.35595703125
807,18.589953184127808,0.8993809223175049,0.5453301668167114,0.19041599333286285,92102,15000,130.3864910005359,104.58254814147949,151.35595703125
808,18.61884117126465,0.8989922404289246,0.5423693656921387,0.19792865216732025,92204,15000,131.93474700165098,106.26101493835449,151.35595703125
809,18.67156982421875,0.8998314738273621,0.5431629419326782,0.2096700221300125,92308,15000,131.88342200010084,104.03966903686523,151.35595703125
810,18.69531273841858,0.9005266427993774,0.5455436110496521,0.20237946510314941,92412,15000,132.82070900095277,108.2451343536377,151.35595703125
811,18.640331029891968,0.8987075686454773,0.5487486124038696,0.19981877505779266,92513,15000,128.9538069977425,104.40564155578613,151.35595703125
812,18.651679754257202,0.8991937041282654,0.5457634925842285,0.20014922320842743,92614,15000,133.54855099896668,106.84370994567871,151.35595703125
813,18.58038902282715,0.8976020812988281,0.5434982180595398,0.20443938672542572,92717,15000,134.43616400036262,105.01670837402344,151.35595703125
814,18.627071380615234,0.8975464105606079,0.5447956919670105,0.2007462978363037,92821,15000,133.7705010009813,109.03239250183105,151.35595703125
815,18.600994348526,0.8978718519210815,0.5449451208114624,0.2071579247713089,92921,15000,136.66496600126266,104.36606407165527,151.35595703125
816,18.58865261077881,0.8973357081413269,0.5523360967636108,0.196243554353714,93023,15000,136.30490099967574,107.11264610290527,151.35595703125
817,18.574570417404175,0.8966753482818604,0.5524724125862122,0.20017710328102112,93123,15000,129.64929699955974,104.42566871643066,151.35595703125
818,18.558934926986694,0.8964943885803223,0.5583971738815308,0.1941125988960266,93223,15000,133.12996899912832,106.37187957763672,151.35595703125
819,18.538182973861694,0.8958625793457031,0.5506390929222107,0.19465665519237518,93322,15000,130.27173400041647,105.44276237487793,151.35595703125
820,18.40919852256775,0.8912723064422607,0.5468339323997498,0.2012074738740921,93422,15000,131.2583960025222,104.3853759765625,151.35595703125
821,18.42185378074646,0.8926005363464355,0.5526524186134338,0.19988511502742767,93522,15000,128.74743299835245,104.5224666595459,151.35595703125
822,18.461323976516724,0.8929286003112793,0.5534529685974121,0.19851838052272797,93620,15000,131.2736190011492,105.07798194885254,151.35595703125
823,18.370662927627563,0.8919349908828735,0.5548452138900757,0.2051553726196289,93718,15000,137.3231469988241,104.64739799499512,151.35595703125
824,18.37352752685547,0.8918825387954712,0.5587283968925476,0.20071561634540558,93815,15000,140.41517399891745,105.52310943603516,151.35595703125
825,18.422309160232544,0.8919718265533447,0.5554274916648865,0.20147475600242615,93909,15000,131.2940069983597,105.56864738464355,151.35595703125
826,18.426554203033447,0.8916475176811218,0.551758885383606,0.19791127741336823,94002,15000,132.57576600153698,104.77924346923828,151.35595703125
827,18.36445689201355,0.8895108103752136,0.5620032548904419,0.19484969973564148,94095,15000,129.41233500168892,104.57253456115723,151.35595703125
828,18.313666582107544,0.888914942741394,0.5660400390625,0.19322043657302856,94188,15000,133.9304919965798,106.20880126953125,151.35595703125
829,18.284543752670288,0.88723224401474,0.5638466477394104,0.19526837766170502,94282,15000,134.8679950024234,104.13622856140137,151.35595703125
830,18.372963666915894,0.8877277374267578,0.5740283131599426,0.19599434733390808,94373,15000,140.24732599864365,104.56204414367676,151.35595703125
831,18.338892459869385,0.8882192373275757,0.5795239806175232,0.19050082564353943,94467,15000,142.41065299938782,105.9424877166748,151.35595703125
832,18.38905692100525,0.8888003826141357,0.5748276114463806,0.18618032336235046,94560,15000,133.1018140008382,106.09889030456543,151.35595703125
833,18.306078910827637,0.8888110518455505,0.5711341500282288,0.19507810473442078,94650,15000,137.37691099959193,106.11152648925781,151.35595703125
834,18.4274959564209,0.8904850482940674,0.5719280242919922,0.1885657161474228,94742,15000,137.85103500049445,103.80387306213379,151.35595703125
835,18.3518123626709,0.8893014192581177,0.5717692971229553,0.18301303684711456,94832,15000,134.064320998732,104.7976016998291,151.35595703125
836,18.120588064193726,0.8840975761413574,0.5806264281272888,0.18276727199554443,94922,15000,140.4365090020292,107.62333869934082,151.35595703125
837,18.15307855606079,0.8852522373199463,0.5877947807312012,0.1881638616323471,95008,15000,131.05319800160942,104.27498817443848,151.35595703125
838,18.20117473602295,0.8861305117607117,0.5766671895980835,0.18530333042144775,95096,15000,132.43058300213306,106.92000389099121,151.35595703125
839,18.263986110687256,0.887590765953064,0.5769839286804199,0.18336322903633118,95182,15000,135.13387100101681,104.99906539916992,151.35595703125
840,18.32505464553833,0.8899683952331543,0.5780102014541626,0.19936217367649078,95271,15000,138.61295799870277,105.50880432128906,151.35595703125
841,18.327856063842773,0.889865517616272,0.5752278566360474,0.1954115480184555,95358,15000,132.8176249990065,106.96291923522949,151.35595703125
842,18.32534670829773,0.8872725367546082,0.5737593173980713,0.18658092617988586,95442,15000,131.9512959998974,104.51197624206543,151.35595703125
843,18.173996210098267,0.8848326206207275,0.5874718427658081,0.1888473629951477,95526,15000,135.2337450007326,106.34040832519531,151.35595703125
844,18.123186826705933,0.8847219347953796,0.5885144472122192,0.19185081124305725,95614,15000,134.8618419979175,104.2788028717041,151.35595703125
845,18.249212503433228,0.887926459312439,0.5921818017959595,0.19920384883880615,95701,15000,135.56699300170294,105.32569885253906,151.35595703125
846,18.25892448425293,0.8886194229125977,0.5910966396331787,0.19554521143436432,95787,15000,131.73328999982914,105.33738136291504,151.35595703125
847,18.33272099494934,0.891136884689331,0.589164137840271,0.1943887621164322,95873,15000,131.5978479979094,105.61847686767578,151.35595703125
848,18.27025532722473,0.8906854391098022,0.5936739444732666,0.19397255778312683,95962,15000,131.04425799974706,104.33769226074219,151.35595703125
849,18.30520272254944,0.8914693593978882,0.5902208685874939,0.19666863977909088,96050,15000,132.03327399969567,105.97586631774902,151.35595703125
850,18.211164474487305,0.8905709981918335,0.597458004951477,0.19651396572589874,96140,15000,139.3458480015397,106.52518272399902,151.35595703125
851,18.206335306167603,0.8915723562240601,0.5897817611694336,0.1940595656633377,96229,15000,132.06065900158137,104.21442985534668,151.35595703125
852,18.310961723327637,0.894481360912323,0.593403697013855,0.18522611260414124,96317,15000,136.52905499839108,106.88471794128418,151.35595703125
853,18.20948839187622,0.8921810984611511,0.5977482199668884,0.18736989796161652,96406,15000,140.57303200024762,107.79857635498047,151.35595703125
854,18.213530778884888,0.892277181148529,0.5919476747512817,0.1817079782485962,96495,15000,131.63782600167906,106.14156723022461,151.35595703125
855,18.233699798583984,0.8921417593955994,0.5861212015151978,0.1838887482881546,96585,15000,133.52294799915398,108.03985595703125,151.35595703125
856,18.183491230010986,0.8917311429977417,0.5879740118980408,0.180476576089859,96671,15000,130.9269450030115,104.73942756652832,151.35595703125
857,18.18516492843628,0.8926404714584351,0.5785748958587646,0.17506639659404755,96761,15000,137.98385100017185,108.30187797546387,151.35595703125
858,18.216780424118042,0.8922299742698669,0.5813928842544556,0.1767997294664383,96845,15000,131.03963899993687,104.94112968444824,151.35595703125
859,18.14168691635132,0.8890551924705505,0.5806720852851868,0.1749454289674759,96931,15000,132.62928900076076,106.72354698181152,151.35595703125
860,18.22917103767395,0.892247200012207,0.5821335315704346,0.18049867451190948,97020,15000,131.98048299818765,105.15880584716797,151.35595703125
861,18.13491702079773,0.8887180089950562,0.5765601396560669,0.16909249126911163,97104,15000,140.94599199961522,108.20150375366211,151.35595703125
862,18.144659996032715,0.8875710368156433,0.5857062339782715,0.1759350448846817,97190,15000,135.133086998394,105.01384735107422,151.35595703125
863,18.178893327713013,0.887706458568573,0.5791139602661133,0.17764870822429657,97275,15000,133.2079120002163,107.97834396362305,151.35595703125
864,18.17339539527893,0.8878602981567383,0.5809308290481567,0.16953825950622559,97361,15000,146.6183810007351,105.78083992004395,151.35595703125
865,18.182226419448853,0.8881936073303223,0.5754522681236267,0.16955462098121643,97449,15000,135.37162099964917,106.75239562988281,151.35595703125
866,18.185724020004272,0.8892146944999695,0.5742392539978027,0.1771399825811386,97535,15000,131.82475299981888,105.10635375976562,151.35595703125
867,18.235419988632202,0.890629231929779,0.5686872005462646,0.17548954486846924,97625,15000,132.12450699938927,105.5150032043457,151.35595703125
868,18.204458951950073,0.8921077251434326,0.5668134689331055,0.17521019279956818,97715,15000,141.7587249998178,108.61802101135254,151.35595703125
869,18.1242036819458,0.8905174136161804,0.567974865436554,0.17301413416862488,97806,15000,133.50819700281136,105.85212707519531,151.35595703125
870,18.20485234260559,0.8923875093460083,0.5671043992042542,0.17347747087478638,97896,15000,131.37993199779885,104.60948944091797,151.35595703125
871,18.233678340911865,0.8938238620758057,0.5616305470466614,0.17704468965530396,97985,15000,132.3700850007299,105.25321960449219,151.35595703125
872,18.276355266571045,0.8948347568511963,0.566269040107727,0.1754228174686432,98078,15000,131.34788400202524,104.79116439819336,151.35595703125
873,18.34043025970459,0.8958086371421814,0.5663891434669495,0.17282626032829285,98169,15000,134.27019899972947,106.45890235900879,151.35595703125
874,18.25064778327942,0.8938816785812378,0.568873941898346,0.17753323912620544,98258,15000,133.04455099932966,106.2784194946289,151.35595703125
875,18.282880783081055,0.8940415382385254,0.5707162022590637,0.17549532651901245,98349,15000,133.66412200048217,106.68301582336426,151.35595703125
876,18.180999755859375,0.8926028609275818,0.5733686089515686,0.17284780740737915,98442,15000,131.39351700010593,105.40437698364258,151.35595703125
877,18.20192813873291,0.8939749598503113,0.5672077536582947,0.17817115783691406,98537,15000,133.6135050005396,106.72593116760254,151.35595703125
878,17.847946882247925,0.8838504552841187,0.5710037350654602,0.17678780853748322,98629,15000,131.12579900189303,105.33452033996582,151.35595703125
879,17.941453456878662,0.8855413198471069,0.5753084421157837,0.1711285561323166,98720,15000,134.41119399794843,105.97896575927734,151.35595703125
880,17.870662212371826,0.884541928768158,0.5779871940612793,0.1771279126405716,98814,15000,133.36823500139872,106.04667663574219,151.35595703125
881,17.839207649230957,0.8830954432487488,0.5807326436042786,0.17307783663272858,98909,15000,132.8548960009357,105.9880256652832,151.35595703125
882,17.793397903442383,0.8821341395378113,0.58428555727005,0.17487192153930664,99003,15000,131.805457000155,106.71019554138184,151.35595703125
883,17.83176898956299,0.8837501406669617,0.5782598257064819,0.1728927195072174,99094,15000,134.8180479981238,107.76257514953613,151.35595703125
884,17.80491590499878,0.8828103542327881,0.5896633267402649,0.17034251987934113,99187,15000,134.2334920009307,104.63333129882812,151.35595703125
885,17.830796241760254,0.8826717734336853,0.5931271910667419,0.1835545301437378,99284,15000,139.63062499897205,108.31904411315918,151.35595703125
886,17.79035210609436,0.8826335668563843,0.5940350890159607,0.18023917078971863,99379,15000,135.1536060028593,104.22468185424805,151.35595703125
887,17.749534845352173,0.8808568716049194,0.5915405750274658,0.1758943349123001,99473,15000,135.29697400008445,107.41066932678223,151.35595703125
888,17.646833658218384,0.8789055347442627,0.5965172052383423,0.17978866398334503,99565,15000,133.39805899886414,106.1544418334961,151.35595703125
889,17.640641927719116,0.8781336545944214,0.602047324180603,0.1699639856815338,99663,15000,141.31294999970123,107.10310935974121,151.35595703125
890,17.621610164642334,0.8794004917144775,0.6031109690666199,0.16962634027004242,99757,15000,134.77202799913357,108.25967788696289,151.35595703125
891,17.71072268486023,0.8810549974441528,0.5919453501701355,0.17038467526435852,99854,15000,135.90351300081238,107.5894832611084,151.35595703125
892,17.6835298538208,0.8824569582939148,0.5914126038551331,0.1630413681268692,99949,15000,133.23341599971172,106.45103454589844,151.35595703125
893,17.633914947509766,0.8826634287834167,0.5939227938652039,0.16326545178890228,100047,15000,132.43145700107561,106.60624504089355,151.35595703125
894,17.64063596725464,0.8825492262840271,0.5961505174636841,0.17004439234733582,100144,15000,133.2304949974059,107.35177993774414,151.35595703125
895,17.613707780838013,0.8815728425979614,0.5950333476066589,0.16545681655406952,100242,15000,133.97698100015987,106.0492992401123,151.35595703125
896,17.678236961364746,0.8819293975830078,0.6011558771133423,0.16286101937294006,100337,15000,134.6592359986971,106.37855529785156,151.35595703125
897,17.741166353225708,0.8813199400901794,0.6025137901306152,0.1672126203775406,100430,15000,134.35761900109355,108.02555084228516,151.35595703125
898,17.4558424949646,0.8769993782043457,0.601710855960846,0.16346712410449982,100527,15000,137.2514440008672,104.99858856201172,151.35595703125
899,17.53337860107422,0.8788042068481445,0.5989919900894165,0.16132761538028717,100622,15000,138.10504700086312,105.28445243835449,151.35595703125
900,17.54469633102417,0.8801286220550537,0.5985107421875,0.1568778157234192,99637,15000,136.79985100316117,104.09283638000488,154.5634765625
901,17.35467553138733,0.8726496696472168,0.6060685515403748,0.15410222113132477,99739,15000,134.25692400051048,107.38992691040039,154.5634765625
902,17.315223217010498,0.8688074350357056,0.6051979064941406,0.15221108496189117,99841,15000,132.84262500019395,105.67522048950195,154.5634765625
903,17.28287100791931,0.8693636655807495,0.6056803464889526,0.1600142866373062,99946,15000,134.84099400011473,107.10763931274414,154.5634765625
904,17.33915686607361,0.8710347414016724,0.6053827404975891,0.15946058928966522,100049,15000,131.8683270001202,105.20100593566895,154.5634765625
905,17.28165864944458,0.8697342276573181,0.6017894148826599,0.15702202916145325,100152,15000,134.64842299799784,108.43944549560547,154.5634765625
906,17.274692058563232,0.8688973784446716,0.6065683364868164,0.16399414837360382,100256,15000,133.37406299979193,105.31425476074219,154.5634765625
907,17.159423828125,0.8662703037261963,0.6031056046485901,0.1608234941959381,100360,15000,140.57692799906363,106.92811012268066,154.5634765625
908,17.193284034729004,0.8688920736312866,0.6069267988204956,0.15555161237716675,100460,15000,132.652443000552,105.50117492675781,154.5634765625
909,17.186150550842285,0.8697919845581055,0.5992017388343811,0.15018616616725922,100562,15000,136.29245199990692,107.82003402709961,154.5634765625
910,17.064040899276733,0.8679319620132446,0.5924686193466187,0.14898449182510376,100665,15000,133.57299600102124,105.16810417175293,154.5634765625
911,17.101670503616333,0.8691605925559998,0.5948922634124756,0.15014752745628357,100767,15000,135.3279979994113,103.71947288513184,154.5634765625
912,17.070612907409668,0.8693813681602478,0.5961823463439941,0.1508530229330063,100869,15000,129.8906780029938,104.47239875793457,154.5634765625
913,17.2089946269989,0.8737029433250427,0.6004317402839661,0.1475391834974289,100974,15000,140.69282499986002,106.75430297851562,154.5634765625
914,17.326184511184692,0.8770827054977417,0.605068564414978,0.1402387022972107,101077,15000,136.39836000220384,104.71105575561523,154.5634765625
915,17.436548471450806,0.8810319900512695,0.5925453305244446,0.1376441866159439,101181,15000,134.5936800025811,107.0699691772461,154.5634765625
916,17.66862392425537,0.8855212926864624,0.5845360159873962,0.14178119599819183,101287,15000,134.02750299792388,103.56521606445312,154.5634765625
917,17.697176933288574,0.8881804347038269,0.5779113173484802,0.13891485333442688,101392,15000,130.51255699974718,104.77948188781738,154.5634765625
918,17.78192162513733,0.8885325193405151,0.5776497721672058,0.1337888240814209,101496,15000,138.62352799696964,103.78241539001465,154.5634765625
919,17.791417837142944,0.889620304107666,0.577522873878479,0.13700680434703827,101599,15000,139.92328899985296,104.68459129333496,154.5634765625
920,17.91460871696472,0.8926746249198914,0.5781950354576111,0.13617567718029022,101701,15000,137.52827400094247,105.6983470916748,154.5634765625
921,17.945363521575928,0.8935844898223877,0.5769069790840149,0.13919071853160858,101805,15000,133.4228300001996,105.95107078552246,154.5634765625
922,17.975304126739502,0.8941667079925537,0.5708776712417603,0.1364893913269043,101909,15000,133.12005099942326,106.25076293945312,154.5634765625
923,17.996941804885864,0.8941900730133057,0.5775325298309326,0.13716675341129303,102013,15000,140.4399300008663,109.86471176147461,154.5634765625
924,18.07369112968445,0.8960386514663696,0.5719078779220581,0.14236466586589813,102115,15000,139.68179100265843,106.33444786071777,154.5634765625
925,18.059476613998413,0.8959782123565674,0.5778694152832031,0.14114506542682648,102219,15000,131.998464003118,105.00812530517578,154.5634765625
926,18.075138330459595,0.896406352519989,0.5775032043457031,0.1380293220281601,102323,15000,139.0871639996476,106.40716552734375,154.5634765625
927,18.001893758773804,0.8941751718521118,0.5623337030410767,0.1458868384361267,102425,15000,134.16331900225487,107.0854663848877,154.5634765625
928,17.72438645362854,0.8879345655441284,0.5713242888450623,0.14139331877231598,102527,15000,134.5684939988132,107.14983940124512,154.5634765625
929,17.675414085388184,0.8852772116661072,0.5761382579803467,0.1426568329334259,102631,15000,136.40628600114724,105.34453392028809,154.5634765625
930,17.587764263153076,0.8833479881286621,0.5706998705863953,0.14471811056137085,102732,15000,132.64824699945166,106.49275779724121,154.5634765625
931,17.23683476448059,0.8734114170074463,0.5698809623718262,0.14311310648918152,102834,15000,138.33291199989617,105.27443885803223,154.5634765625
932,16.966838836669922,0.864051342010498,0.5886362195014954,0.1444905549287796,102936,15000,135.7448380003916,107.48076438903809,154.5634765625
933,16.99730157852173,0.863487184047699,0.5910625457763672,0.14179101586341858,103040,15000,133.54911400165292,106.23359680175781,154.5634765625
934,17.01920509338379,0.8648260831832886,0.5973076820373535,0.14140598475933075,103143,15000,138.19928000157233,105.7901382446289,154.5634765625
935,17.03532576560974,0.8652819991111755,0.594916820526123,0.13665896654129028,103246,15000,132.99604499843554,105.39078712463379,154.5634765625
936,16.898422241210938,0.8608877658843994,0.6067359447479248,0.1411137580871582,103349,15000,134.77062600213685,107.2690486907959,154.5634765625
937,16.997394561767578,0.864612340927124,0.5974392890930176,0.13554182648658752,103451,15000,139.22984300006647,110.06021499633789,154.5634765625
938,16.7936372756958,0.8584930300712585,0.6058753728866577,0.13856451213359833,103553,15000,151.4071999990847,107.4368953704834,154.5634765625
939,16.941245794296265,0.8633239269256592,0.6109859347343445,0.13460172712802887,103655,15000,136.19746000040323,106.29463195800781,154.5634765625
940,17.13427424430847,0.86983323097229,0.6030039191246033,0.13855746388435364,103758,15000,139.29205000022193,109.00688171386719,154.5634765625
941,17.06965446472168,0.8690440058708191,0.6102780103683472,0.13812169432640076,103863,15000,134.74559200039948,108.02102088928223,154.5634765625
942,17.36011266708374,0.8781277537345886,0.6019776463508606,0.1326173096895218,103967,15000,138.33449500089046,111.52172088623047,154.5634765625
943,17.384064197540283,0.8808437585830688,0.6041266322135925,0.12653250992298126,104071,15000,136.0297309984162,109.49087142944336,154.5634765625
944,17.315938472747803,0.8798858523368835,0.5975241661071777,0.12793277204036713,104173,15000,138.93388100041193,110.5809211730957,154.5634765625
945,17.51996397972107,0.8853639960289001,0.5953226089477539,0.12189159542322159,104276,15000,139.1723640008422,111.59777641296387,154.5634765625
946,17.535130977630615,0.8847663402557373,0.5965980291366577,0.12600140273571014,104378,15000,139.75476400082698,111.18769645690918,154.5634765625
947,17.757984399795532,0.8905260562896729,0.5924455523490906,0.12032146006822586,104479,15000,138.04049999816925,109.6336841583252,154.5634765625
948,17.918118238449097,0.8948476314544678,0.5904748439788818,0.12459038197994232,104580,15000,138.7933019977936,110.37397384643555,154.5634765625
949,17.90920376777649,0.8933452367782593,0.5863383412361145,0.1172892227768898,104682,15000,139.3866140024329,111.14072799682617,154.5634765625
950,17.954901456832886,0.895220160484314,0.5788028240203857,0.11730807274580002,104785,15000,136.7630509994342,107.29098320007324,154.5634765625
951,18.051810264587402,0.8981146812438965,0.5745514035224915,0.12522561848163605,104886,15000,139.8134539995226,109.7862720489502,154.5634765625
952,18.144562244415283,0.9000107645988464,0.5625726580619812,0.12427119165658951,104987,15000,138.19010500083095,109.74669456481934,154.5634765625
953,18.149298429489136,0.9007198214530945,0.5639203786849976,0.11385167390108109,105085,15000,130.0256000031368,102.52141952514648,154.5634765625
954,18.181746006011963,0.9008995890617371,0.5482991933822632,0.11854622513055801,105186,15000,128.96340799852624,102.39362716674805,154.5634765625
955,18.18764567375183,0.9007579684257507,0.5602718591690063,0.11685038357973099,105286,15000,128.38477499826695,101.89223289489746,154.5634765625
956,18.298795223236084,0.9035865664482117,0.5544255971908569,0.11279340088367462,105384,15000,130.73704799899133,103.87945175170898,154.5634765625
957,18.25778841972351,0.9028148651123047,0.5495634078979492,0.11744967103004456,105484,15000,128.34693999684532,101.36294364929199,154.5634765625
958,18.275989294052124,0.9025307893753052,0.5535291433334351,0.11618973314762115,105581,15000,128.15656699967803,101.3023853302002,154.5634765625
959,18.430899381637573,0.9065788984298706,0.5454063415527344,0.10945404320955276,105679,15000,151.66510700146318,119.77171897888184,154.5634765625
960,18.421348333358765,0.9065729379653931,0.5492547750473022,0.11129316687583923,105777,15000,141.0278080002172,111.65165901184082,154.5634765625
961,18.236064910888672,0.9023376703262329,0.5549143552780151,0.11297474056482315,105872,15000,145.71982100096648,111.83595657348633,154.5634765625
962,18.52615475654602,0.9076700210571289,0.5500836372375488,0.10792361944913864,105968,15000,140.20397000058438,110.72397232055664,154.5634765625
963,18.589518070220947,0.9090985655784607,0.5369277000427246,0.11069419234991074,106063,15000,137.36079599766526,109.01427268981934,154.5634765625
964,18.048635721206665,0.8973907828330994,0.5392624735832214,0.11302310228347778,106158,15000,275.95673999894643,110.58855056762695,154.5634765625
965,18.41776132583618,0.9055549502372742,0.549716591835022,0.12098699063062668,106253,15000,131.32899700212874,104.76112365722656,154.5634765625
966,18.334410190582275,0.9021419882774353,0.5485162138938904,0.11959657073020935,106349,15000,128.52785599898198,100.9831428527832,154.5634765625
967,17.86452054977417,0.8898648023605347,0.5576580762863159,0.11865561455488205,106441,15000,128.51542600037646,102.18954086303711,154.5634765625
968,17.85712718963623,0.8869638442993164,0.5679974555969238,0.128200963139534,106534,15000,132.91970700083766,101.37128829956055,154.5634765625
969,17.85346746444702,0.8874683380126953,0.5886266827583313,0.12361159175634384,106629,15000,127.66745000044466,100.69084167480469,154.5634765625
970,18.04337739944458,0.8910768032073975,0.5853562951087952,0.12610895931720734,106721,15000,131.1959630002093,102.45370864868164,154.5634765625
971,18.07307004928589,0.891358494758606,0.5797436237335205,0.132877379655838,106815,15000,129.08753900046577,101.36938095092773,154.5634765625
972,17.72998571395874,0.8825949430465698,0.5857157111167908,0.13574297726154327,106909,15000,131.02643299862393,101.33171081542969,154.5634765625
973,17.31193780899048,0.8702430725097656,0.5857843160629272,0.1400245726108551,107000,15000,134.4698770008108,100.86321830749512,154.5634765625
974,17.14395523071289,0.8646703958511353,0.5941905975341797,0.14258146286010742,107092,15000,133.41447600032552,101.85885429382324,154.5634765625
975,17.650182247161865,0.8800845146179199,0.5957728028297424,0.12805551290512085,107184,15000,128.77843400201527,102.10990905761719,154.5634765625
976,17.83761739730835,0.8826229572296143,0.5815600752830505,0.12687881290912628,107271,15000,129.8271380001097,102.13780403137207,154.5634765625
977,17.83918261528015,0.8835200071334839,0.5970491766929626,0.1256476193666458,107362,15000,128.0634469985671,101.49550437927246,154.5634765625
978,17.99917221069336,0.8878649473190308,0.586950957775116,0.11737322062253952,107454,15000,132.4343329979456,101.66645050048828,154.5634765625
979,17.627276182174683,0.8797580003738403,0.578729510307312,0.11672183871269226,107546,15000,137.75788500061026,101.31287574768066,154.5634765625
980,17.08242654800415,0.8648719191551208,0.5834623575210571,0.12059935182332993,107636,15000,133.5140679984761,101.5012264251709,154.5634765625
981,16.752456426620483,0.8542580604553223,0.5902500152587891,0.11995770037174225,107726,15000,132.75745899954927,100.39019584655762,154.5634765625
982,16.89884066581726,0.8610949516296387,0.6080064177513123,0.1246616318821907,107814,15000,131.316789000266,102.51641273498535,154.5634765625
983,17.166324853897095,0.8693078756332397,0.5996612310409546,0.12242025136947632,107904,15000,127.32362499809824,101.24778747558594,154.5634765625
984,17.429451942443848,0.8757243156433105,0.5972306728363037,0.1242465078830719,107997,15000,128.97747500028345,102.04410552978516,154.5634765625
985,17.749481201171875,0.8849233388900757,0.6028163433074951,0.12433334439992905,108087,15000,127.92995299969334,100.83961486816406,154.5634765625
986,18.019793033599854,0.8935679793357849,0.5992931127548218,0.11840936541557312,108175,15000,132.20517900117557,101.4866828918457,154.5634765625
987,18.093265295028687,0.8947076797485352,0.5879935622215271,0.11862438917160034,108263,15000,129.88464500085684,103.13844680786133,154.78955078125
988,18.03291916847229,0.8935352563858032,0.5851352214813232,0.10874822735786438,108353,15000,128.508484998747,102.05221176147461,154.78955078125
989,18.03049325942993,0.8937165141105652,0.5956436395645142,0.10103683173656464,108442,15000,129.82854400252108,102.01859474182129,154.78955078125
990,18.270208835601807,0.8995213508605957,0.5947152972221375,0.1064964234828949,108530,15000,128.37332299750415,101.806640625,154.78955078125
991,18.418076038360596,0.9034039974212646,0.5810369849205017,0.10693873465061188,108621,15000,127.63132300096913,101.37772560119629,154.78955078125
992,18.375691175460815,0.901290774345398,0.5859236717224121,0.10951602458953857,108713,15000,128.47174300259212,101.52673721313477,154.78955078125
993,18.377803564071655,0.9021851420402527,0.5907795429229736,0.10665547847747803,108800,15000,131.73032199847512,102.1113395690918,154.78955078125
994,18.513442277908325,0.9046931266784668,0.588088870048523,0.11488150805234909,108890,15000,132.44236599712167,101.35149955749512,154.78955078125
995,18.584147691726685,0.9062890410423279,0.5841069221496582,0.09968990832567215,108980,15000,128.1749360023241,101.73892974853516,154.78955078125
996,18.590186834335327,0.9066908359527588,0.5765579342842102,0.10863541066646576,109072,15000,129.28707799801487,101.70149803161621,154.78955078125
997,18.579726219177246,0.9067327380180359,0.5747418403625488,0.09877724200487137,109161,15000,128.42503499996383,101.82857513427734,154.78955078125
998,18.605045080184937,0.9079961180686951,0.574690580368042,0.10330653190612793,109250,15000,129.0543150025769,101.72772407531738,154.78955078125
999,18.6985182762146,0.9099620580673218,0.5682956576347351,0.09993302822113037,109340,15000,128.97722100024112,101.7765998840332,154.78955078125
1000,18.756074905395508,0.9108630418777466,0.5640823245048523,0.09635043889284134,107719,15000,133.17578900023364,101.80354118347168,161.1796875
1001,18.75179409980774,0.9108462333679199,0.5560985803604126,0.10758837312459946,107811,15000,132.00115200015716,101.94826126098633,161.1796875
1002,18.612953424453735,0.9081268310546875,0.5592675805091858,0.10295473039150238,107905,15000,128.21959799839533,101.74727439880371,161.1796875
1003,18.34718942642212,0.9022641181945801,0.5683730244636536,0.10386576503515244,107999,15000,130.37948200144456,100.84939002990723,161.1796875
1004,18.377561569213867,0.9025136232376099,0.5737378597259521,0.11864980310201645,108092,15000,151.1601759993937,105.53359985351562,161.1796875
1005,18.377739191055298,0.9016599655151367,0.582076907157898,0.11735210567712784,108186,15000,129.95020100061083,101.64427757263184,161.1796875
1006,18.23511838912964,0.8980962634086609,0.5877140164375305,0.11366552114486694,108278,15000,134.0499380021356,104.21609878540039,161.1796875
1007,18.192418813705444,0.8964859843254089,0.5872558951377869,0.13360676169395447,108373,15000,129.0137899995898,102.11992263793945,161.1796875
1008,18.124823570251465,0.895386815071106,0.5851237177848816,0.11921105533838272,108468,15000,129.96932100213598,102.13994979858398,161.1796875
1009,17.89682149887085,0.8886537551879883,0.5934696793556213,0.1277192085981369,108562,15000,135.43262299936032,102.33879089355469,161.1796875
1010,17.42569327354431,0.8766254782676697,0.5995115041732788,0.1385415643453598,108657,15000,128.3258699986618,101.81856155395508,161.1796875
1011,17.187849283218384,0.8689326047897339,0.5967157483100891,0.15360867977142334,108752,15000,129.60035400101333,102.24556922912598,161.1796875
1012,16.89713954925537,0.8599433898925781,0.6084912419319153,0.1589885950088501,108848,15000,129.14848899890785,102.1730899810791,161.1796875
1013,16.889562606811523,0.8585945963859558,0.608846127986908,0.1621091216802597,108942,15000,128.88871799805202,101.76563262939453,161.1796875
1014,16.794381141662598,0.8545857667922974,0.6099534630775452,0.18852879106998444,109037,15000,131.38521499786293,101.70793533325195,161.1796875
1015,16.55315637588501,0.846270740032196,0.6127179861068726,0.18222101032733917,109133,15000,129.4295779989625,102.08439826965332,161.1796875
1016,16.378313302993774,0.8401001691818237,0.6294119954109192,0.20313885807991028,109228,15000,129.8103209992405,102.70357131958008,161.1796875
1017,16.337803602218628,0.8387479186058044,0.6319597959518433,0.1981240063905716,109322,15000,132.95406500037643,105.94487190246582,161.1796875
1018,16.179466247558594,0.8322033882141113,0.6374199390411377,0.2070104330778122,109417,15000,132.94199900337844,101.39799118041992,161.1796875
1019,16.10358476638794,0.8284347057342529,0.6393678188323975,0.23033365607261658,109514,15000,129.61592099964037,101.81355476379395,161.1796875
1020,16.133593320846558,0.8262350559234619,0.6488924622535706,0.22167979180812836,109612,15000,129.15267900098115,102.31685638427734,161.1796875
1021,16.106562614440918,0.8235055208206177,0.6456618905067444,0.22932147979736328,109709,15000,128.74431700038258,101.96256637573242,161.1796875
1022,16.05432391166687,0.8205833435058594,0.6606928110122681,0.24384765326976776,109805,15000,130.0232719986525,102.0667552947998,161.1796875
1023,16.146124601364136,0.8210856318473816,0.6526980996131897,0.2453228086233139,109904,15000,128.89072299731197,102.04195976257324,161.1796875
1024,16.05920433998108,0.8184453845024109,0.6543476581573486,0.23877444863319397,110002,15000,131.1885840004834,104.67672348022461,161.1796875
1025,16.161080598831177,0.8205100297927856,0.651701033115387,0.24512970447540283,110102,15000,129.30704400059767,101.99332237243652,161.1796875
1026,16.109659671783447,0.8179501295089722,0.6537615060806274,0.2485659271478653,110199,15000,127.7721449987439,101.08089447021484,161.1796875
1027,16.215120553970337,0.8188242316246033,0.6568731069564819,0.26559117436408997,110296,15000,129.1687409975566,102.17857360839844,161.1796875
1028,16.21482014656067,0.8179811239242554,0.6559655666351318,0.26987650990486145,110393,15000,127.90975099778734,101.60040855407715,161.1796875
1029,16.2570858001709,0.8196334838867188,0.6540170907974243,0.25407740473747253,110495,15000,129.3951189982181,101.31216049194336,161.1796875
1030,16.25638484954834,0.8185057044029236,0.6491168737411499,0.2567881941795349,110594,15000,128.26281799789285,101.59492492675781,161.1796875
1031,16.517270803451538,0.8301579356193542,0.6395962238311768,0.25104665756225586,110692,15000,128.65866699939943,101.72319412231445,161.1796875
1032,16.530457735061646,0.8334710001945496,0.6358096599578857,0.23686182498931885,110790,15000,130.6248519977089,102.71048545837402,161.1796875
1033,16.61800265312195,0.8350212574005127,0.6396794319152832,0.25054341554641724,110894,15000,128.84124599804636,101.76801681518555,161.1796875
1034,16.664963960647583,0.8356889486312866,0.637138307094574,0.258505254983902,110997,15000,129.3730509969464,102.22697257995605,161.1796875
1035,16.71849489212036,0.8394395709037781,0.6359952688217163,0.2495335042476654,111099,15000,128.64499900024384,101.7000675201416,161.1796875
1036,15.713863372802734,0.8232944011688232,0.6358504295349121,0.23788851499557495,111201,15000,130.1436339999782,101.67884826660156,161.1796875
1037,15.39360523223877,0.8126180171966553,0.6562527418136597,0.2587796449661255,111304,15000,135.69936999920174,101.78637504577637,161.1796875
1038,15.992183685302734,0.8288564085960388,0.6425405144691467,0.255534291267395,111407,15000,129.98326600063592,101.3031005859375,161.1796875
1039,16.049126386642456,0.834539532661438,0.6475563049316406,0.24704203009605408,111509,15000,136.79265099926852,102.62155532836914,161.1796875
1040,16.059625148773193,0.8360230922698975,0.6456066370010376,0.25764191150665283,111615,15000,129.29439999788883,102.09083557128906,161.1796875
1041,16.14978551864624,0.8375719785690308,0.6408686637878418,0.25488245487213135,111720,15000,129.40357499974198,102.08845138549805,161.1796875
1042,16.24077081680298,0.8384801745414734,0.634452760219574,0.26990291476249695,111823,15000,131.79396800114773,102.60558128356934,161.1796875
1043,16.115424633026123,0.833829402923584,0.6343389749526978,0.2678461968898773,111928,15000,128.54767000317224,101.48954391479492,161.1796875
1044,16.03534460067749,0.827474057674408,0.6456515192985535,0.2838537395000458,112030,15000,129.68485799865448,101.86624526977539,161.1796875
1045,16.028289794921875,0.8225656747817993,0.6529549956321716,0.27700382471084595,112132,15000,136.3120579990209,102.09512710571289,161.1796875
1046,15.965790748596191,0.8164536952972412,0.651411771774292,0.2688707113265991,112236,15000,129.54886900115525,101.91988945007324,161.1796875
1047,15.883644819259644,0.8130114078521729,0.6621335744857788,0.2756929099559784,112339,15000,130.93956299780984,103.09171676635742,161.1796875
1048,15.932496786117554,0.8135029077529907,0.657453179359436,0.2821943163871765,112445,15000,130.60562900136574,102.25200653076172,161.1796875
1049,15.978165864944458,0.8136526942253113,0.6665691137313843,0.3018990159034729,112549,15000,130.267078999168,101.87625885009766,161.1796875
1050,16.00109577178955,0.8161392211914062,0.6685808300971985,0.27838554978370667,112650,15000,130.34990500091226,102.2031307220459,161.1796875
1051,16.07942223548889,0.817537248134613,0.6573538780212402,0.278629869222641,112759,15000,131.36761200075853,102.51593589782715,161.1796875
1052,16.06320023536682,0.8152758479118347,0.6606730818748474,0.28768640756607056,112867,15000,131.10478700036765,102.38194465637207,161.1796875
1053,16.130998134613037,0.8192514181137085,0.661924421787262,0.2908303737640381,112976,15000,132.06706900018617,104.53653335571289,161.1796875
1054,16.35138750076294,0.8253315687179565,0.6511325836181641,0.2813212275505066,113080,15000,132.9918560004444,102.11539268493652,161.1796875
1055,16.354230642318726,0.8257536292076111,0.6550371646881104,0.27256178855895996,113186,15000,134.70472100016195,102.82349586486816,161.1796875
1056,16.411044597625732,0.8252354860305786,0.6551754474639893,0.274749755859375,113295,15000,130.45237899859785,102.47516632080078,161.1796875
1057,16.376277208328247,0.823932409286499,0.6540548801422119,0.2799757122993469,113402,15000,129.5264069995028,101.837158203125,161.1796875
1058,16.234058141708374,0.8146929144859314,0.6457458734512329,0.28172752261161804,113507,15000,134.182071997202,102.50568389892578,161.1796875
1059,16.195881366729736,0.8097786903381348,0.6496416330337524,0.2971130907535553,113610,15000,130.80672900105128,102.3557186126709,161.1796875
1060,16.39270782470703,0.8168160319328308,0.652519166469574,0.29140061140060425,113719,15000,130.24001699886867,102.36406326293945,161.1796875
1061,16.142929792404175,0.8085808753967285,0.6531224846839905,0.2851177155971527,113828,15000,130.97916100014118,102.29635238647461,161.1796875
1062,16.288106441497803,0.8120373487472534,0.6476486921310425,0.3018791377544403,113938,15000,130.47638799980632,102.19597816467285,161.1796875
1063,16.379083395004272,0.8154171705245972,0.6468248963356018,0.2978086471557617,114047,15000,130.90261300021666,102.73170471191406,161.1796875
1064,16.240665912628174,0.809370219707489,0.6587952971458435,0.30804017186164856,114153,15000,133.3271709991095,104.4313907623291,161.1796875
1065,16.23540759086609,0.8111926317214966,0.6570054888725281,0.292572557926178,114259,15000,130.91330899987952,102.4775505065918,161.1796875
1066,16.475298404693604,0.8162748217582703,0.6412641406059265,0.2841218411922455,114366,15000,136.6689150017919,106.99152946472168,161.1796875
1067,16.4259934425354,0.819886326789856,0.6447525024414062,0.28477218747138977,114478,15000,132.78644499951042,103.97720336914062,161.1796875
1068,16.60689115524292,0.8276776075363159,0.6456300020217896,0.2867830693721771,114586,15000,129.99957500142045,101.80044174194336,161.1796875
1069,16.675212383270264,0.8283950686454773,0.6449687480926514,0.2954765856266022,114695,15000,131.50461500117672,102.99110412597656,161.1796875
1070,16.726105213165283,0.8311132192611694,0.6392649412155151,0.283725380897522,114803,15000,133.82155499857618,104.74848747253418,161.1796875
1071,16.75593852996826,0.8317486047744751,0.637728750705719,0.29901954531669617,114914,15000,132.23327699961374,103.39689254760742,161.1796875
1072,16.660966873168945,0.8277856707572937,0.6336121559143066,0.28105026483535767,115024,15000,129.4836529996246,101.53841972351074,161.1796875
1073,16.847227811813354,0.8344426155090332,0.6326977610588074,0.29983586072921753,115138,15000,131.34042400270118,101.74417495727539,161.1796875
1074,16.918890476226807,0.8388276100158691,0.6238646507263184,0.3027418851852417,115254,15000,129.98223599788616,101.25327110290527,161.1796875
1075,17.000296115875244,0.8424381017684937,0.6252831220626831,0.2931313216686249,115362,15000,129.69922000047518,101.83024406433105,161.1796875
1076,17.053240537643433,0.8444231748580933,0.6186110973358154,0.29233455657958984,115476,15000,132.91706100062584,103.8217544555664,161.53369140625
1077,17.081578969955444,0.8463274836540222,0.6171489953994751,0.2778184413909912,115585,15000,132.16312800068408,102.86498069763184,161.53369140625
1078,17.21152901649475,0.8488390445709229,0.6128191947937012,0.28011730313301086,115700,15000,131.49801000326988,102.56552696228027,161.53369140625
1079,17.30906367301941,0.8514490127563477,0.6136911511421204,0.28348055481910706,115814,15000,131.13919399984297,102.03433036804199,161.53369140625
1080,17.332547903060913,0.8549809455871582,0.6102233529090881,0.27363812923431396,115931,15000,130.44360099956975,101.52912139892578,161.53369140625
1081,17.341837882995605,0.8517834544181824,0.6104257106781006,0.2704717814922333,116046,15000,129.07678799820133,101.13048553466797,161.53369140625
1082,17.27522373199463,0.8501310348510742,0.6108981370925903,0.2672780752182007,116158,15000,129.8907659984252,101.91702842712402,161.53369140625
1083,17.2872257232666,0.8491547107696533,0.6097589731216431,0.2806742787361145,116272,15000,131.8129819992464,101.58753395080566,161.53369140625
1084,17.288347482681274,0.8477309942245483,0.6088443398475647,0.27714768052101135,116385,15000,131.75914000021294,102.39720344543457,161.53369140625
1085,17.21409320831299,0.8453350067138672,0.6073475480079651,0.2731536328792572,116494,15000,132.05634000041755,103.01899909973145,161.53369140625
1086,17.148202657699585,0.8414661884307861,0.6120827794075012,0.2824317514896393,116607,15000,132.73372700132313,101.80377960205078,161.84814453125
1087,17.253071069717407,0.8432379961013794,0.6066550016403198,0.26870882511138916,116717,15000,137.40182400215417,101.95446014404297,161.84814453125
1088,17.107269763946533,0.83854079246521,0.6019185781478882,0.2926522493362427,116830,15000,130.4458220001834,102.22148895263672,161.84814453125
1089,17.16380000114441,0.836706817150116,0.6078373193740845,0.2891599237918854,116947,15000,131.17749499724596,102.04195976257324,161.84814453125
1090,17.253628969192505,0.8376506567001343,0.6055068969726562,0.29675930738449097,117064,15000,132.19270699846675,102.58984565734863,161.84814453125
1091,17.092304229736328,0.8299562931060791,0.6037623882293701,0.2915973365306854,117176,15000,131.60397599858698,102.62632369995117,161.84814453125
1092,17.034820318222046,0.8277935981750488,0.6019984483718872,0.28949329257011414,117290,15000,131.6156159991806,102.7064323425293,161.84814453125
1093,17.187817096710205,0.8316192626953125,0.5933275818824768,0.2981724441051483,117404,15000,135.34735500070383,102.1125316619873,161.84814453125
1094,17.123383283615112,0.8308307528495789,0.5952780842781067,0.2932591438293457,117519,15000,132.42257900128607,102.1416187286377,162.81884765625
1095,16.745210886001587,0.8160764575004578,0.6025546193122864,0.31949761509895325,117632,15000,134.9403659987729,101.8836498260498,162.81884765625
1096,16.568667888641357,0.804942786693573,0.6138906478881836,0.30430641770362854,117748,15000,136.73081700108014,101.7768383026123,162.93798828125
1097,16.520708799362183,0.8022396564483643,0.6207970976829529,0.3000045418739319,117861,15000,137.3138730014034,102.64801979064941,162.93798828125
1098,16.545488834381104,0.8007861971855164,0.6153205037117004,0.32323622703552246,117978,15000,130.87327900211676,102.63776779174805,162.93798828125
1099,16.58732295036316,0.7983992099761963,0.626829206943512,0.3164539337158203,118087,15000,132.91029099855223,103.55544090270996,162.93798828125
1100,16.76226496696472,0.8050389289855957,0.6215425133705139,0.3244820535182953,117972,15000,134.66093300303328,102.51164436340332,169.564453125
1101,16.809725761413574,0.8067958354949951,0.6180105209350586,0.31903526186943054,118093,15000,131.22866900084773,102.25248336791992,169.564453125
1102,16.930519342422485,0.810436487197876,0.6166576147079468,0.32562699913978577,118208,15000,135.75143100024434,102.68592834472656,169.564453125
1103,16.973037719726562,0.8135272860527039,0.6133302450180054,0.3288126587867737,118325,15000,131.7695889993047,102.98919677734375,169.564453125
1104,17.103402614593506,0.8180344104766846,0.6136027574539185,0.30253681540489197,118445,15000,133.6913729974185,104.41732406616211,169.564453125
1105,17.17796802520752,0.8205879926681519,0.6034621596336365,0.32571107149124146,118565,15000,131.32855000003474,101.59635543823242,169.564453125
1106,17.2527813911438,0.8237133026123047,0.5958191156387329,0.31705382466316223,118683,15000,133.59875500100316,101.34363174438477,169.564453125
1107,17.34310746192932,0.8273924589157104,0.5918403267860413,0.3250512182712555,118800,15000,136.70984000054887,102.78058052062988,169.564453125
1108,17.405681610107422,0.8295034170150757,0.5850653052330017,0.3017883002758026,118919,15000,134.31717099956586,102.65016555786133,169.564453125
1109,17.427505254745483,0.8303031325340271,0.588077962398529,0.2986791133880615,119041,15000,133.29261399849202,103.71589660644531,169.564453125
1110,17.51227617263794,0.8325035572052002,0.5839964747428894,0.3046046197414398,119159,15000,130.50636199841392,102.03814506530762,169.564453125
1111,17.487895488739014,0.8325273990631104,0.5827834010124207,0.3107481896877289,119277,15000,132.3504669999238,102.12349891662598,169.564453125
1112,16.531811952590942,0.8157576322555542,0.5900266170501709,0.3038548231124878,119393,15000,131.33072100026766,102.20575332641602,169.564453125
1113,16.959866285324097,0.8221446871757507,0.5863897204399109,0.3132801949977875,119512,15000,131.628521001403,102.60510444641113,169.564453125
1114,17.10019826889038,0.8259649276733398,0.5900958776473999,0.33047056198120117,119631,15000,135.39924599899678,101.69219970703125,169.564453125
1115,17.075639963150024,0.8203500509262085,0.5895810723304749,0.34257379174232483,119753,15000,135.7586470003298,106.78339004516602,169.564453125
1116,17.063519954681396,0.8205690383911133,0.5872967839241028,0.34821173548698425,119871,15000,130.3712410008302,101.99809074401855,169.564453125
1117,16.82428240776062,0.8135706782341003,0.5885457992553711,0.3300245404243469,119988,15000,133.30859699999564,104.26187515258789,169.564453125
1118,16.879665851593018,0.8112184405326843,0.5933241844177246,0.3425668776035309,120111,15000,136.8321100017056,102.49161720275879,169.564453125
1119,16.925872564315796,0.811962366104126,0.5901803374290466,0.3377513289451599,120231,15000,137.22803099881276,102.33259201049805,169.564453125
1120,16.93476915359497,0.8101900815963745,0.5912975668907166,0.3556940257549286,120352,15000,139.0606029999617,101.94110870361328,169.564453125
1121,16.883457899093628,0.8069074153900146,0.5918865203857422,0.3538122773170471,120469,15000,132.11525400038227,102.03433036804199,169.564453125
1122,16.895874738693237,0.8080183863639832,0.5877314805984497,0.3657688498497009,120590,15000,131.7152730007365,101.79710388183594,169.564453125
1123,17.010600566864014,0.8126947283744812,0.5855984687805176,0.3599960505962372,120712,15000,131.77655300023616,102.13541984558105,169.564453125
1124,17.05943465232849,0.8120138049125671,0.5827039480209351,0.3722247779369354,120835,15000,136.86810299986973,102.07939147949219,169.564453125
1125,17.064794301986694,0.8121707439422607,0.5890257358551025,0.36018943786621094,120957,15000,131.19260200255667,102.48661041259766,169.564453125
1126,17.146495580673218,0.815586268901825,0.5880614519119263,0.34722790122032166,121085,15000,132.8039770014584,102.07843780517578,169.564453125
1127,17.00795292854309,0.8107384443283081,0.5922335982322693,0.35322222113609314,121206,15000,136.72261999818147,101.99308395385742,169.564453125
1128,17.0767080783844,0.8128337860107422,0.5980596542358398,0.377809077501297,121331,15000,139.86861599914846,101.93228721618652,169.564453125
1129,17.115319967269897,0.8142735362052917,0.5908824801445007,0.36130431294441223,121452,15000,132.6384509993659,102.11682319641113,169.564453125
1130,17.164745330810547,0.8127421140670776,0.5855487585067749,0.3528127670288086,121576,15000,132.60915499995463,102.65946388244629,169.564453125
1131,17.2231662273407,0.8129009008407593,0.576708197593689,0.37057581543922424,121696,15000,133.66856100037694,104.86435890197754,169.564453125
1132,16.985422372817993,0.8052924871444702,0.5785539150238037,0.3607103228569031,121822,15000,138.59741700071027,103.13272476196289,169.564453125
1133,17.21110701560974,0.8077239394187927,0.5790377855300903,0.3822411894798279,121948,15000,131.88681199972052,102.69951820373535,169.564453125
1134,16.967356204986572,0.7992110252380371,0.5893043279647827,0.3667096197605133,122071,15000,132.32197699835524,103.7740707397461,169.564453125
1135,17.183735370635986,0.8073195219039917,0.5837353467941284,0.35634058713912964,122197,15000,138.44179499938036,101.67789459228516,169.564453125
1136,17.193979024887085,0.8072137832641602,0.5782400965690613,0.3560381233692169,122323,15000,136.54500799748348,102.03409194946289,169.564453125
1137,17.256906032562256,0.8090011477470398,0.5756638646125793,0.37258172035217285,122450,15000,135.55067700144718,103.39689254760742,169.564453125
1138,17.395132780075073,0.8116188049316406,0.5679383873939514,0.3752393126487732,122575,15000,133.60702399950242,103.96528244018555,169.564453125
1139,17.302347421646118,0.809090793132782,0.5736032724380493,0.38082775473594666,122703,15000,137.03192499815486,102.36215591430664,169.564453125
1140,17.28725552558899,0.8087624907493591,0.573316216468811,0.39707449078559875,122832,15000,138.23730800140765,102.10394859313965,169.564453125
1141,17.327171564102173,0.8096782565116882,0.5757167935371399,0.3893332779407501,122965,15000,135.428747998958,101.87482833862305,169.564453125
1142,17.355891466140747,0.8115932941436768,0.576214611530304,0.38332709670066833,123096,15000,131.25865399706527,102.23531723022461,169.564453125
1143,17.222894430160522,0.8079197406768799,0.5711598992347717,0.373545378446579,123228,15000,133.05023700013408,103.4688949584961,169.564453125
1144,17.343571186065674,0.8118594884872437,0.5749624371528625,0.35799741744995117,123362,15000,131.2090339997667,101.88913345336914,169.564453125
1145,17.48611330986023,0.8156771659851074,0.5692721605300903,0.3803236484527588,123500,15000,135.34880699808127,104.10761833190918,169.564453125
1146,17.60781168937683,0.8191202878952026,0.5633772015571594,0.3849777579307556,123630,15000,131.62680999812437,101.89676284790039,169.564453125
1147,17.660969495773315,0.8204197883605957,0.5590780973434448,0.36786597967147827,123765,15000,131.2554159994761,101.9291877746582,169.564453125
1148,17.740660905838013,0.8234543204307556,0.5549636483192444,0.3857671618461609,123897,15000,134.35221100007766,104.53248023986816,169.564453125
1149,17.7583646774292,0.8255985975265503,0.551527738571167,0.37007859349250793,124035,15000,134.3560899986187,102.13661193847656,169.564453125
1150,17.807095050811768,0.826740026473999,0.5461442470550537,0.3740759789943695,124166,15000,135.20203400184982,101.80926322937012,169.564453125
1151,17.672709226608276,0.8221225142478943,0.5412972569465637,0.3780207335948944,124302,15000,131.60754199998337,101.80282592773438,169.564453125
1152,17.78564691543579,0.8241588473320007,0.5466311573982239,0.36487865447998047,124436,15000,136.4132789967698,105.50141334533691,169.564453125
1153,17.777312994003296,0.8235706090927124,0.5465728044509888,0.3577554225921631,124577,15000,137.10547799928463,102.67257690429688,170.98828125
1154,17.74959683418274,0.8212267756462097,0.5387788414955139,0.3653276264667511,124710,15000,134.23487700129044,102.89120674133301,170.98828125
1155,17.42987036705017,0.8112707138061523,0.5521172881126404,0.37715664505958557,124851,15000,133.06576500326628,102.30064392089844,170.98828125
1156,17.424417734146118,0.8118351697921753,0.5570841431617737,0.37705928087234497,124987,15000,132.10389999949257,101.96495056152344,170.98828125
1157,17.412325143814087,0.806017279624939,0.5611575245857239,0.39534854888916016,125123,15000,132.86650400186772,102.41556167602539,170.98828125
1158,17.289130687713623,0.8032583594322205,0.5563720464706421,0.39898940920829773,125259,15000,133.05092200243962,102.35095024108887,171.43505859375
1159,17.302602529525757,0.8018878698348999,0.5560722947120667,0.3776938319206238,125397,15000,136.74350300061633,104.40611839294434,171.43505859375
1160,17.60834813117981,0.8107661604881287,0.5580899119377136,0.39932283759117126,125536,15000,138.8619790013763,102.8132438659668,171.43505859375
1161,17.553869485855103,0.8086075782775879,0.5614641308784485,0.3966194689273834,125679,15000,132.90273200254887,102.0517349243164,171.43505859375
1162,17.60274887084961,0.8099273443222046,0.5587535500526428,0.4204287827014923,125820,15000,132.17824299863423,102.0359992980957,171.43505859375
1163,17.65524983406067,0.8088204264640808,0.5459117293357849,0.38150453567504883,125957,15000,132.4427370018384,102.10919380187988,171.43505859375
1164,17.465286254882812,0.8013026714324951,0.5445234775543213,0.39459267258644104,126102,15000,134.57267099875025,102.71620750427246,171.43505859375
1165,17.519723176956177,0.8026086688041687,0.5516638159751892,0.40577954053878784,126249,15000,133.5540249965561,102.78105735778809,171.43505859375
1166,17.675061225891113,0.8025960326194763,0.541346549987793,0.4077194929122925,126389,15000,133.13873800143483,102.49066352844238,171.43505859375
1167,17.611836194992065,0.800883948802948,0.5414959192276001,0.4121892750263214,126535,15000,133.10106599965366,102.04648971557617,171.43505859375
1168,17.751576900482178,0.8064616918563843,0.537665843963623,0.4381422698497772,126681,15000,132.62253100037924,101.96423530578613,174.4169921875
1169,17.83930540084839,0.8082591891288757,0.5345885753631592,0.42763543128967285,126828,15000,134.54582600024878,102.86593437194824,174.4169921875
1170,17.876479625701904,0.8086340427398682,0.5355678796768188,0.41183793544769287,126971,15000,134.4615119996888,103.82890701293945,174.4169921875
1171,17.881261110305786,0.8097882270812988,0.5384474992752075,0.4104976952075958,127116,15000,133.99755600039498,102.0803451538086,174.4169921875
1172,17.939908504486084,0.813492476940155,0.5332169532775879,0.3919188380241394,127264,15000,131.60722999964491,101.7160415649414,174.4169921875
1173,17.737401723861694,0.8076210021972656,0.5358470678329468,0.42027154564857483,127411,15000,132.32406199676916,101.79328918457031,174.4169921875
1174,17.24789023399353,0.7903399467468262,0.546240508556366,0.4082745313644409,127559,15000,132.51255100112758,102.32663154602051,174.4169921875
1175,17.462968826293945,0.7923707962036133,0.5476850271224976,0.38697052001953125,127704,15000,133.03667199943447,102.18358039855957,174.4169921875
1176,17.74106740951538,0.8002087473869324,0.5507694482803345,0.3733467161655426,127848,15000,133.63814699914656,103.22237014770508,174.4169921875
1177,17.63208270072937,0.8005167245864868,0.5418261289596558,0.41888150572776794,128000,15000,132.03543000054196,101.93777084350586,177.59228515625
1178,17.80357003211975,0.8038837909698486,0.5482195615768433,0.4402584135532379,128152,15000,133.42565799757722,101.75681114196777,177.59228515625
1179,16.982195377349854,0.7902878522872925,0.5551414489746094,0.40386080741882324,128301,15000,132.3675870007719,101.14121437072754,177.59228515625
1180,17.240586280822754,0.7922353744506836,0.5498682260513306,0.39393728971481323,128449,15000,131.63201499992283,101.37557983398438,177.59228515625
1181,17.740846872329712,0.8034116625785828,0.5456045269966125,0.4089592397212982,128598,15000,131.60593599968706,101.16791725158691,177.59228515625
1182,17.766021490097046,0.8067020773887634,0.543612003326416,0.45282405614852905,128750,15000,139.71758900152054,103.83772850036621,177.59228515625
1183,17.714920043945312,0.8092710971832275,0.538224995136261,0.42543140053749084,128902,15000,132.35300399901462,101.80401802062988,177.59228515625
1184,17.72767663002014,0.8091788291931152,0.5455554127693176,0.4418231248855591,129052,15000,131.94961699991836,101.78470611572266,177.59228515625
1185,17.84404754638672,0.8139716982841492,0.5414438247680664,0.4446568191051483,129207,15000,141.24546599850873,103.37114334106445,177.59228515625
1186,17.771514654159546,0.8115331530570984,0.5475794076919556,0.47940781712532043,129362,15000,133.17775500036078,102.07867622375488,177.59228515625
1187,17.624253034591675,0.809395432472229,0.5529620051383972,0.43420544266700745,129518,15000,137.25173999773688,106.63962364196777,177.59228515625
1188,17.708775997161865,0.8129787445068359,0.5424972772598267,0.42657601833343506,129672,15000,132.1159310027724,101.52626037597656,177.59228515625
1189,17.838934659957886,0.817069411277771,0.5367497205734253,0.45387518405914307,129832,15000,132.90029000199866,101.61399841308594,177.59228515625
1190,17.77355432510376,0.8165441751480103,0.5406783819198608,0.43829265236854553,129989,15000,132.56698099939968,101.77206993103027,177.59228515625
1191,17.77456760406494,0.8185902833938599,0.5263858437538147,0.4532049298286438,130149,15000,132.2565360023873,101.52816772460938,177.59228515625
1192,18.002084493637085,0.8241605162620544,0.5202335119247437,0.44862112402915955,130312,15000,132.1180880004249,101.89509391784668,177.59228515625
1193,17.864675521850586,0.8206291198730469,0.5200457572937012,0.4445416331291199,130470,15000,132.89381199865602,101.63140296936035,177.59228515625
1194,18.000141382217407,0.8244999647140503,0.5178032517433167,0.4600420892238617,130634,15000,132.35369500034722,101.31669044494629,177.59228515625
1195,17.993286848068237,0.8253166079521179,0.5145439505577087,0.4348048269748688,130798,15000,135.92218099802267,101.70102119445801,177.59228515625
1196,18.11347246170044,0.8286617994308472,0.5055806040763855,0.43480950593948364,130961,15000,133.35059300152352,101.61066055297852,177.59228515625
1197,18.254586458206177,0.8311173915863037,0.49200254678726196,0.4398219883441925,131116,15000,137.13266299964744,101.75824165344238,184.00537109375
1198,18.250367641448975,0.8333134651184082,0.4953386187553406,0.4389001131057739,131277,15000,132.46028900175588,101.48477554321289,184.00537109375
1199,18.069322109222412,0.8292239904403687,0.48362934589385986,0.43145763874053955,131445,15000,133.887934996892,101.62997245788574,186.4990234375
1200,18.329075574874878,0.8369293212890625,0.4781351685523987,0.45235171914100647,131084,15000,135.26495299811359,101.35006904602051,194.29443359375
1201,17.772318124771118,0.8109825849533081,0.4830525815486908,0.42175281047821045,131249,15000,134.70814599713776,101.84836387634277,194.29443359375
1202,18.32817554473877,0.830078125,0.48483869433403015,0.42465803027153015,131411,15000,132.92063799963216,101.82714462280273,194.29443359375
1203,18.352633714675903,0.8345229625701904,0.48406851291656494,0.3970896303653717,131576,15000,132.35133799753385,101.7146110534668,194.29443359375
1204,18.100589513778687,0.827011227607727,0.49370837211608887,0.3801056146621704,131742,15000,131.29050600036862,100.71372985839844,194.29443359375
1205,17.871768474578857,0.827512264251709,0.4862557053565979,0.41961097717285156,131902,15000,131.66046899641515,101.19342803955078,194.29443359375
1206,17.346891164779663,0.8195661306381226,0.4889054000377655,0.40655580163002014,132068,15000,140.54127199779032,103.6384105682373,194.29443359375
1207,18.109514713287354,0.8359884023666382,0.4868263900279999,0.40903839468955994,132230,15000,137.1253830002388,101.72700881958008,194.29443359375
1208,18.314402103424072,0.84340500831604,0.47705715894699097,0.4261670708656311,132397,15000,138.42761799969594,102.08845138549805,194.29443359375
1209,18.523491621017456,0.8428128957748413,0.48106327652931213,0.4010237157344818,132567,15000,135.08827799887513,101.8226146697998,194.29443359375
1210,17.868378162384033,0.8328234553337097,0.465246319770813,0.3950704038143158,132735,15000,132.7163069981907,101.55248641967773,194.29443359375
1211,18.107463121414185,0.8361045718193054,0.48014402389526367,0.3837105631828308,132901,15000,135.39093100189348,101.837158203125,194.29443359375
1212,18.41142177581787,0.845578670501709,0.47844362258911133,0.40999025106430054,133064,15000,135.79442899936112,104.55989837646484,194.29443359375
1213,18.437836170196533,0.840782642364502,0.477264940738678,0.39989086985588074,133231,15000,138.8692219989025,101.33218765258789,194.29443359375
1214,18.601226806640625,0.8504809141159058,0.47408995032310486,0.37918585538864136,133404,15000,137.8175009995175,101.08208656311035,194.29443359375
1215,17.458221912384033,0.8192068338394165,0.47540482878685,0.38208794593811035,133570,15000,137.99250699958066,101.76324844360352,194.29443359375
1216,17.895976305007935,0.8279348611831665,0.4872801899909973,0.3816879391670227,133734,15000,139.54768300027354,102.02455520629883,194.29443359375
1217,18.267189264297485,0.841357409954071,0.4879358112812042,0.38170063495635986,133898,15000,135.53843800036702,101.66764259338379,194.29443359375
1218,18.11550259590149,0.8353926539421082,0.48939335346221924,0.3610386848449707,134066,15000,136.8106980007724,101.77731513977051,194.29443359375
1219,18.388115167617798,0.8436500430107117,0.4811627268791199,0.3433522582054138,134230,15000,133.917727998778,101.93300247192383,194.29443359375
1220,18.068915605545044,0.8373124003410339,0.48876774311065674,0.3525431752204895,134395,15000,134.38746300016646,101.90629959106445,194.29443359375
1221,18.3865487575531,0.8470015525817871,0.48144468665122986,0.3646313548088074,134564,15000,133.08733500161907,101.9432544708252,194.29443359375
1222,18.36618423461914,0.8452308177947998,0.47740036249160767,0.3858473598957062,134734,15000,132.85276299939142,101.75132751464844,194.29443359375
1223,18.393917083740234,0.8458174467086792,0.4850480556488037,0.36777880787849426,134904,15000,134.26052599970717,102.12421417236328,194.29443359375
1224,18.411927223205566,0.8430458903312683,0.48931631445884705,0.3715673089027405,135065,15000,133.09610500073177,101.70483589172363,194.29443359375
1225,18.444111347198486,0.8481034636497498,0.4872796833515167,0.3787393569946289,135231,15000,132.71127700136276,101.62711143493652,194.29443359375
1226,18.429852724075317,0.847517728805542,0.4850650429725647,0.3619113564491272,135401,15000,132.71212799736531,101.27568244934082,194.29443359375
1227,18.50690484046936,0.8506466746330261,0.48300597071647644,0.3805329501628876,135568,15000,137.1993669999938,102.98824310302734,194.29443359375
1228,18.44189167022705,0.8506195545196533,0.47563034296035767,0.3882814645767212,135738,15000,132.8545110009145,101.58061981201172,194.29443359375
1229,18.31305980682373,0.8400255441665649,0.47643110156059265,0.3674158453941345,135903,15000,134.2872860004718,101.86958312988281,194.29443359375
1230,18.426750898361206,0.8491334319114685,0.47936928272247314,0.358951210975647,136067,15000,133.26713499918696,102.07319259643555,194.29443359375
1231,18.498682975769043,0.8506561517715454,0.47556424140930176,0.37521567940711975,136234,15000,133.29512500058627,102.04243659973145,194.29443359375
1232,18.259395360946655,0.8452954292297363,0.4720610976219177,0.389184832572937,136405,15000,133.44818399855285,101.8972396850586,194.29443359375
1233,18.085012435913086,0.839850127696991,0.4755792021751404,0.3544163703918457,136577,15000,133.35585099775926,102.17857360839844,194.29443359375
1234,18.26146364212036,0.8438951969146729,0.4695482850074768,0.37359222769737244,136745,15000,134.15691800037166,102.4472713470459,194.29443359375
1235,18.386799097061157,0.8461813926696777,0.465420663356781,0.3700759708881378,136913,15000,138.73164899996482,101.84240341186523,194.29443359375
1236,18.402637243270874,0.8447766304016113,0.4718880355358124,0.3888532519340515,137074,15000,133.50967800215585,102.4625301361084,194.29443359375
1237,18.26645255088806,0.8383816480636597,0.4707459807395935,0.3552383482456207,137236,15000,133.26536099702935,102.0500659942627,194.29443359375
1238,18.00018548965454,0.8229315280914307,0.4717896580696106,0.38269150257110596,137401,15000,134.9138719997427,102.86593437194824,194.29443359375
1239,18.21556329727173,0.8316059112548828,0.4855403006076813,0.3690868020057678,137570,15000,133.65059599891538,101.87983512878418,194.29443359375
1240,18.286560773849487,0.8329451084136963,0.48812365531921387,0.3777628242969513,137740,15000,133.89871400067932,102.691650390625,194.29443359375
1241,18.118354082107544,0.8307665586471558,0.48476913571357727,0.38055697083473206,137905,15000,133.08649900136515,101.80282592773438,194.29443359375
1242,18.08103919029236,0.8300704956054688,0.4841806888580322,0.38651737570762634,138066,15000,132.81909199940856,102.18930244445801,194.29443359375
1243,18.273226022720337,0.837242066860199,0.4828968644142151,0.3755434453487396,138237,15000,132.33981899975333,101.6693115234375,194.29443359375
1244,18.37201714515686,0.8341597318649292,0.4836914539337158,0.3915944993495941,138402,15000,133.54771800004528,101.62973403930664,194.29443359375
1245,18.405086994171143,0.8358116149902344,0.488003671169281,0.4157126545906067,138568,15000,135.26098299917066,104.41017150878906,194.42431640625
1246,17.983052730560303,0.8307720422744751,0.48437443375587463,0.40984609723091125,138736,15000,133.41930499882437,102.07104682922363,194.65576171875
1247,18.292750120162964,0.8371579051017761,0.4815746545791626,0.4149315357208252,138906,15000,134.1211809995002,101.82309150695801,194.65576171875
1248,18.32476258277893,0.8327560424804688,0.4887813329696655,0.38731786608695984,139077,15000,137.33054600015748,101.87840461730957,194.8759765625
1249,18.062421083450317,0.8323284983634949,0.4814256429672241,0.3965356647968292,139240,15000,133.25271400026395,101.21440887451172,194.8759765625
1250,18.023706674575806,0.8368527293205261,0.4787716269493103,0.36323145031929016,139408,15000,136.30129000011948,103.45792770385742,194.8759765625
1251,18.28297257423401,0.8427543640136719,0.4796820282936096,0.38979417085647583,139572,15000,133.12441899688565,101.54485702514648,194.8759765625
1252,18.418573141098022,0.8422636985778809,0.47579196095466614,0.3765050768852234,139740,15000,133.6494600000151,102.20718383789062,194.8759765625
1253,18.40022325515747,0.8446807265281677,0.4717922806739807,0.3963448405265808,139905,15000,133.444415001577,101.67622566223145,194.8759765625
1254,18.33754539489746,0.843984067440033,0.4662710726261139,0.3751116096973419,140072,15000,133.68308700228226,102.14948654174805,194.8759765625
1255,18.215830326080322,0.8322627544403076,0.47174984216690063,0.39826345443725586,140242,15000,133.5497830004897,102.23174095153809,194.8759765625
1256,18.315211534500122,0.8299150466918945,0.4756137430667877,0.4070669412612915,140408,15000,133.45305700204335,101.82809829711914,194.8759765625
1257,18.306949138641357,0.8326970338821411,0.4711763560771942,0.40541717410087585,140574,15000,134.12754199816845,101.89390182495117,194.8759765625
1258,17.259738445281982,0.802879273891449,0.4715161621570587,0.40088990330696106,140741,15000,136.4251430022705,102.16093063354492,194.8759765625
1259,17.935112714767456,0.8194417357444763,0.48632872104644775,0.38078877329826355,140906,15000,133.15433000025223,100.8913516998291,194.8759765625
1260,18.18597674369812,0.8274755477905273,0.4739648103713989,0.3716650605201721,141073,15000,132.70268899941584,101.39131546020508,194.8759765625
1261,18.07579755783081,0.8246620893478394,0.47860145568847656,0.4188995659351349,141243,15000,132.0586910005659,100.82125663757324,195.263671875
1262,18.151233196258545,0.8182138204574585,0.4811106324195862,0.38303306698799133,141405,15000,134.52165099806734,101.87530517578125,195.263671875
1263,18.40697407722473,0.8220914602279663,0.490989089012146,0.38115984201431274,141574,15000,140.36581599793863,101.76420211791992,195.263671875
1264,18.33616018295288,0.8225892782211304,0.4869481921195984,0.3816819190979004,141742,15000,136.0020540014375,102.17928886413574,195.263671875
1265,18.460630178451538,0.8168433904647827,0.492625892162323,0.3857612609863281,141911,15000,134.70631599921035,101.70793533325195,197.19580078125
1266,18.115686178207397,0.8087059855461121,0.49355563521385193,0.4123367369174957,142075,15000,134.77558700105874,102.20074653625488,197.4384765625
1267,18.47466230392456,0.8171123266220093,0.4900469183921814,0.37929534912109375,142237,15000,137.4114570025995,101.49431228637695,197.4384765625
1268,18.556584119796753,0.8201514482498169,0.492747962474823,0.3974263370037079,142402,15000,133.05762100208085,101.11188888549805,197.4384765625
1269,18.61834406852722,0.8185705542564392,0.4910774230957031,0.40490469336509705,142570,15000,133.3212320023449,101.10807418823242,197.4384765625
1270,18.578262329101562,0.8189730644226074,0.48377275466918945,0.4012547731399536,142733,15000,138.50514699879568,101.03011131286621,200.71435546875
1271,18.57348918914795,0.8211802840232849,0.48456501960754395,0.35896337032318115,142900,15000,134.78429899987532,102.07509994506836,200.71435546875
1272,18.318523168563843,0.8159847259521484,0.4900507926940918,0.379864901304245,143061,15000,139.31580999997095,102.54240036010742,200.71435546875
1273,18.099995851516724,0.802668035030365,0.4893493056297302,0.40052324533462524,143227,15000,139.58672499938984,101.27902030944824,200.71435546875
1274,18.69107723236084,0.8159887790679932,0.4799008369445801,0.3941000998020172,143392,15000,139.6443849989737,101.03869438171387,200.71435546875
1275,18.326302766799927,0.8115190267562866,0.4828929007053375,0.4184066951274872,143558,15000,136.02499899934628,101.28235816955566,200.71435546875
1276,18.435417413711548,0.8146121501922607,0.47720658779144287,0.39679938554763794,143728,15000,135.65228399966145,101.60994529724121,200.71435546875
1277,18.565356731414795,0.8167257308959961,0.48000970482826233,0.40432384610176086,143896,15000,134.21595399995567,101.49359703063965,200.71435546875
1278,18.771778345108032,0.8167774677276611,0.48350095748901367,0.3918135464191437,144061,15000,135.13194500046666,101.59420967102051,200.71435546875
1279,18.778624534606934,0.8174681663513184,0.47969019412994385,0.41553542017936707,144229,15000,134.87389399961103,101.55248641967773,200.71435546875
1280,18.565354347229004,0.814113974571228,0.47332948446273804,0.4036540985107422,144396,15000,132.86311499905423,100.88849067687988,200.71435546875
1281,18.64284873008728,0.8167963027954102,0.4832165837287903,0.3759453594684601,144561,15000,133.84975799999665,101.00173950195312,200.71435546875
1282,18.412609100341797,0.8088361620903015,0.4741075336933136,0.41150885820388794,144726,15000,132.8138780008885,100.83627700805664,200.71435546875
1283,18.441213369369507,0.8071119785308838,0.4871779680252075,0.40436115860939026,144896,15000,132.24226899910718,100.9674072265625,200.71435546875
1284,18.859885931015015,0.8178088068962097,0.48380351066589355,0.3856559693813324,145054,15000,133.13745399864274,101.25160217285156,200.71435546875
1285,18.82375478744507,0.8155313730239868,0.4870767295360565,0.4107215106487274,145223,15000,140.6227060033416,101.20749473571777,200.71435546875
1286,18.980448246002197,0.8159961700439453,0.4867062568664551,0.3959328830242157,145381,15000,137.1681679993344,100.16226768493652,200.71435546875
1287,19.140197038650513,0.8182823657989502,0.4880160391330719,0.39534875750541687,145555,15000,140.70152699787286,101.59587860107422,200.71435546875
1288,19.147497415542603,0.8203052878379822,0.4812852144241333,0.4028431177139282,145732,15000,136.37968100010767,100.56543350219727,200.71435546875
1289,19.20465111732483,0.8206407427787781,0.4763076603412628,0.39905840158462524,145895,15000,139.2485360011051,100.90160369873047,200.71435546875
1290,19.122296571731567,0.8200573325157166,0.47437942028045654,0.38771486282348633,146064,15000,138.91114999933052,101.41873359680176,200.71435546875
1291,18.752845525741577,0.8076204061508179,0.47163820266723633,0.3731301724910736,146229,15000,135.1279769987741,100.29387474060059,200.71435546875
1292,18.703575134277344,0.8078331351280212,0.48837602138519287,0.34498679637908936,146391,15000,139.20759100074065,100.92926025390625,201.94921875
1293,18.655976057052612,0.8121368288993835,0.49768850207328796,0.35142937302589417,146560,15000,133.62864399823593,101.30572319030762,201.94921875
1294,18.427456617355347,0.8122907876968384,0.4894917905330658,0.3353610634803772,146743,15000,134.76689100207295,102.12445259094238,201.94921875
1295,18.230220079421997,0.8091139793395996,0.49850741028785706,0.34825047850608826,146910,15000,136.0227910008689,102.07009315490723,205.71142578125
1296,18.285330533981323,0.8113216161727905,0.4956110119819641,0.36227965354919434,147083,15000,133.29086900193943,100.85892677307129,205.71142578125
1297,18.20827603340149,0.8119727969169617,0.4939920902252197,0.3272991180419922,147255,15000,134.77701299780165,101.53818130493164,205.71142578125
1298,17.901065349578857,0.8059679865837097,0.49926865100860596,0.3390870988368988,147424,15000,139.88759899802972,102.98538208007812,205.71142578125
1299,17.89530634880066,0.8102685809135437,0.501632571220398,0.32991060614585876,147591,15000,138.95619599861675,101.17721557617188,205.71142578125
1300,17.79753565788269,0.8120653629302979,0.49583354592323303,0.3301575481891632,146329,15000,138.11682099913014,102.20646858215332,205.71142578125
1301,17.06364393234253,0.788561224937439,0.5033645629882812,0.3208901882171631,146499,15000,136.8211959998007,101.17077827453613,205.71142578125
1302,17.28774666786194,0.800811767578125,0.5132429003715515,0.3199051320552826,146671,15000,132.98868399942876,100.71682929992676,205.71142578125
1303,17.19278573989868,0.8009868860244751,0.5314760804176331,0.3392146825790405,146848,15000,135.710033999203,101.79686546325684,205.71142578125
1304,17.76210308074951,0.8156819343566895,0.5159948468208313,0.3210565447807312,147028,15000,133.2333270001982,100.68583488464355,205.71142578125
1305,18.093324899673462,0.8240423202514648,0.5095291137695312,0.31522080302238464,147201,15000,135.02383699960774,101.81427001953125,205.71142578125
1306,18.298746347427368,0.828679084777832,0.527962327003479,0.3198135197162628,147374,15000,138.56663499973365,100.80528259277344,205.71142578125
1307,18.44183921813965,0.830339789390564,0.5194369554519653,0.3071932792663574,147551,15000,133.92296700112638,101.23491287231445,205.71142578125
1308,17.76479721069336,0.8167468309402466,0.5265453457832336,0.32833561301231384,147722,15000,133.7459790011053,101.38106346130371,205.71142578125
1309,17.738938331604004,0.816522479057312,0.5245115756988525,0.33984750509262085,147895,15000,135.51925600040704,101.6089916229248,205.71142578125
1310,17.835521697998047,0.8166643977165222,0.5209133625030518,0.3554894030094147,148066,15000,133.36345000061556,101.32050514221191,205.71142578125
1311,18.085124492645264,0.8232554793357849,0.5194567441940308,0.33436840772628784,148242,15000,132.23548699897947,100.60524940490723,205.71142578125
1312,18.118797540664673,0.8297051787376404,0.5219307541847229,0.3434808552265167,148418,15000,133.56787800148595,100.59690475463867,205.71142578125
1313,18.220160007476807,0.8334402441978455,0.520426332950592,0.3354603946208954,148590,15000,132.85611999890534,100.65317153930664,205.71142578125
1314,18.25383424758911,0.8333152532577515,0.5127962231636047,0.30928346514701843,148771,15000,132.15855299858958,100.31008720397949,205.71142578125
1315,18.328979015350342,0.8364240527153015,0.4938790202140808,0.33424001932144165,148955,15000,132.6585309980146,100.85129737854004,205.71142578125
1316,18.330122232437134,0.8403724431991577,0.49758830666542053,0.33275702595710754,149130,15000,136.34253300187993,102.70071029663086,205.71142578125
1317,18.363572359085083,0.8417279720306396,0.49908095598220825,0.32521194219589233,149303,15000,138.17095500053256,101.99332237243652,205.71142578125
1318,18.37130904197693,0.8432166576385498,0.49705785512924194,0.3277963399887085,149477,15000,134.9562440009322,101.40085220336914,205.71142578125
1319,18.484255075454712,0.842491626739502,0.49094220995903015,0.3240775465965271,149656,15000,134.91414799864287,101.64356231689453,205.71142578125
1320,18.445730209350586,0.8390498161315918,0.4973052442073822,0.34436994791030884,149839,15000,134.78825999845867,101.8524169921875,207.1806640625
1321,18.285475969314575,0.8407559394836426,0.49674805998802185,0.33238691091537476,149985,15000,133.88983999902848,100.93474388122559,207.1806640625
1322,18.207931518554688,0.8401238322257996,0.499572217464447,0.32932978868484497,149998,15000,133.8684980000835,101.9902229309082,207.1806640625
1323,18.078514337539673,0.8388006687164307,0.4987817108631134,0.35181906819343567,150000,15000,132.53479999912088,101.43685340881348,207.1806640625
1324,17.855793237686157,0.8340743780136108,0.49955397844314575,0.3131968677043915,150000,15000,133.18232400342822,103.08361053466797,207.1806640625
1325,18.102898597717285,0.8426865339279175,0.4969707727432251,0.30985915660858154,150000,15000,131.65757300157566,101.84264183044434,207.1806640625
1326,17.986470460891724,0.8426675796508789,0.4957982897758484,0.3202083706855774,150000,15000,132.3988410003949,102.7686595916748,207.1806640625
1327,18.051153421401978,0.8450619578361511,0.492422878742218,0.33472317457199097,150000,15000,137.00437100123963,102.6926040649414,207.1806640625
1328,18.083832263946533,0.8402020931243896,0.4900873303413391,0.33169034123420715,150000,15000,131.18631199904485,101.5937328338623,207.1806640625
1329,17.819275856018066,0.8297416567802429,0.4847888946533203,0.31795015931129456,150000,15000,131.6944930003956,101.94969177246094,207.1806640625
1330,17.920351028442383,0.8344423174858093,0.48469409346580505,0.31705325841903687,150000,15000,131.61908199981553,101.56893730163574,207.1806640625
1331,18.08776021003723,0.8323198556900024,0.499058336019516,0.30796146392822266,150000,15000,132.8911769996921,102.37455368041992,207.1806640625
1332,18.176875114440918,0.8359405398368835,0.5070568919181824,0.32285189628601074,150000,15000,135.2860420010984,101.3631820678711,207.1806640625
1333,18.07819366455078,0.836153507232666,0.5081486701965332,0.3356713056564331,150000,15000,137.31559100051527,101.88150405883789,207.1806640625
1334,18.18285584449768,0.8408400416374207,0.5010696053504944,0.31200361251831055,150000,15000,134.87574600003427,100.89468955993652,207.1806640625
1335,18.339475393295288,0.8426036834716797,0.4869438111782074,0.3145301342010498,150000,15000,136.82683000297402,101.03011131286621,207.1806640625
1336,18.06026339530945,0.8366981744766235,0.4910380244255066,0.30016931891441345,150000,15000,137.57677700050408,101.85480117797852,207.1806640625
1337,17.893096208572388,0.8336755633354187,0.5073578357696533,0.3237591087818146,150000,15000,131.24614600019413,101.36032104492188,207.1806640625
1338,18.16291093826294,0.8385107517242432,0.5026149749755859,0.2995016276836395,150000,15000,132.90373000199907,102.59079933166504,207.1806640625
1339,17.629756927490234,0.8313146829605103,0.4954402446746826,0.30729496479034424,150000,15000,134.0289380023023,102.50020027160645,207.1806640625
1340,17.055633068084717,0.818295955657959,0.5138084888458252,0.3128644526004791,150000,15000,131.79377100095735,102.04291343688965,207.1806640625
1341,17.29149103164673,0.8210090398788452,0.51727294921875,0.2850913107395172,150000,15000,132.48449499951676,102.10847854614258,207.1806640625
1342,17.129626274108887,0.8203538656234741,0.5233465433120728,0.2966338098049164,150000,15000,132.88941999780945,101.8667221069336,207.1806640625
1343,17.226299047470093,0.8219276666641235,0.5355972051620483,0.27838078141212463,150000,15000,131.3027649994183,101.46379470825195,207.1806640625
1344,17.432249784469604,0.8295086622238159,0.5279653072357178,0.29538676142692566,150000,15000,130.68023800224182,101.07827186584473,207.1806640625
1345,17.46869444847107,0.8328689336776733,0.5263819694519043,0.29985398054122925,150000,15000,138.8311500013515,103.74283790588379,207.1806640625
1346,17.536392211914062,0.8375678062438965,0.5250005125999451,0.2857001721858978,150000,15000,137.60840900067706,102.27012634277344,207.1806640625
1347,17.6569664478302,0.839465856552124,0.5222352147102356,0.28552836179733276,150000,15000,132.48740599738085,101.49502754211426,207.1806640625
1348,17.649153470993042,0.843062162399292,0.5122132897377014,0.2821677625179291,150000,15000,132.62361399756628,101.72772407531738,207.1806640625
1349,17.579736709594727,0.841436505317688,0.5182137489318848,0.27003633975982666,150000,15000,133.159381999576,102.62250900268555,207.1806640625
1350,17.513636350631714,0.8413500189781189,0.5234571695327759,0.291717529296875,150000,15000,136.00826900074026,102.2944450378418,207.1806640625
1351,17.526850700378418,0.8434070944786072,0.5210189819335938,0.2676023840904236,150000,15000,131.48648099740967,101.17626190185547,207.1806640625
1352,17.553105354309082,0.8438298106193542,0.5183534622192383,0.2889426648616791,150000,15000,131.78808500015293,101.87172889709473,207.1806640625
1353,17.604209184646606,0.8474277853965759,0.5146265029907227,0.28368574380874634,150000,15000,131.11113400009344,101.64594650268555,207.1806640625
1354,17.69905924797058,0.8501295447349548,0.5082501769065857,0.3114648163318634,150000,15000,140.29202200254076,102.47611999511719,207.1806640625
1355,17.251962423324585,0.8402848243713379,0.5117598176002502,0.2595406174659729,150000,15000,131.48115099829738,101.41277313232422,207.1806640625
1356,17.765053510665894,0.8482334017753601,0.5233211517333984,0.27404114603996277,150000,15000,137.9421910023666,101.95279121398926,207.1806640625
1357,17.950032949447632,0.8510652780532837,0.5198137760162354,0.27606168389320374,150000,15000,135.51299100072356,101.57012939453125,207.1806640625
1358,17.87755012512207,0.8530634641647339,0.5292807817459106,0.2685222625732422,150000,15000,130.71398000101908,101.23515129089355,207.1806640625
1359,17.852587699890137,0.8511242866516113,0.5344778895378113,0.27237415313720703,150000,15000,131.58534499962116,101.81045532226562,207.1806640625
1360,17.928431034088135,0.8521034717559814,0.538804292678833,0.2544204592704773,150000,15000,134.82590499916114,101.87363624572754,207.1806640625
1361,17.98710346221924,0.8552044630050659,0.5340484976768494,0.25240737199783325,150000,15000,142.67347699933453,112.44773864746094,207.1806640625
1362,18.04198980331421,0.8562375903129578,0.5344504714012146,0.27200597524642944,150000,15000,130.1075250012218,101.24611854553223,207.1806640625
1363,18.114755153656006,0.8594584465026855,0.5286828279495239,0.2543492913246155,150000,15000,131.13581799916574,100.75902938842773,207.1806640625
1364,18.12953233718872,0.8591005206108093,0.5196429491043091,0.2730856239795685,150000,15000,131.2525600005756,100.99911689758301,207.1806640625
1365,18.04669499397278,0.8583822250366211,0.5201254487037659,0.2766415476799011,150000,15000,132.37790299899643,101.93610191345215,207.1806640625
1366,18.115156888961792,0.8591663837432861,0.5248850584030151,0.2714909613132477,150000,15000,277.3671420000028,101.24921798706055,207.1806640625
1367,18.164796829223633,0.8615071177482605,0.5218721032142639,0.25871390104293823,150000,15000,131.77366799936863,101.1037826538086,207.1806640625
1368,18.203866481781006,0.8599539995193481,0.5196515917778015,0.26811155676841736,150000,15000,133.30763799967826,101.38392448425293,207.1806640625
1369,18.1443452835083,0.859437108039856,0.5158032178878784,0.24585919082164764,150000,15000,131.58218000171473,101.1970043182373,207.1806640625
1370,18.056209087371826,0.8581780791282654,0.5301836729049683,0.2698138952255249,150000,15000,131.2846900000295,101.27782821655273,207.1806640625
1371,18.124972581863403,0.8595495223999023,0.5207085609436035,0.2574106752872467,150000,15000,132.29339000099571,102.29325294494629,207.1806640625
1372,17.854132652282715,0.8546821475028992,0.5292196869850159,0.26334238052368164,150000,15000,131.8225329996494,101.63569450378418,207.1806640625
1373,17.679741382598877,0.8484948873519897,0.5459539890289307,0.24909749627113342,150000,15000,130.68732700048713,100.97527503967285,207.1806640625
1374,17.495490312576294,0.8458930253982544,0.5503731966018677,0.24921759963035583,150000,15000,131.86747599684168,101.09925270080566,207.1806640625
1375,17.375468015670776,0.8445736169815063,0.5607978105545044,0.23898714780807495,150000,15000,131.80672000089544,101.69434547424316,207.1806640625
1376,17.518174648284912,0.8482405543327332,0.5695287585258484,0.26540639996528625,150000,15000,131.886007002322,101.42803192138672,207.1806640625
1377,17.569350004196167,0.8511430621147156,0.5662326812744141,0.22769635915756226,150000,15000,131.14893500096514,100.9969711303711,207.1806640625
1378,17.532752752304077,0.852763831615448,0.5646319389343262,0.21911658346652985,150000,15000,130.88039699869114,100.76403617858887,207.1806640625
1379,17.622790336608887,0.8562874794006348,0.5565673112869263,0.2209835797548294,150000,15000,132.3260190001747,101.57227516174316,207.1806640625
1380,17.551602125167847,0.8556898832321167,0.5609775185585022,0.22297391295433044,150000,15000,131.18892300190055,101.43494606018066,207.1806640625
1381,17.52133011817932,0.8563079237937927,0.553900420665741,0.21573109924793243,150000,15000,136.75590099956025,101.06348991394043,207.1806640625
1382,17.522588968276978,0.8553476333618164,0.549049973487854,0.2152789682149887,150000,15000,132.72563700229512,102.39481925964355,207.1806640625
1383,17.71665930747986,0.8600994348526001,0.5386874675750732,0.21584801375865936,150000,15000,135.4369390028296,104.70199584960938,207.1806640625
1384,17.77552604675293,0.8628787398338318,0.5349476337432861,0.22574837505817413,150000,15000,137.03142399754142,101.35126113891602,207.1806640625
1385,17.770062685012817,0.862129807472229,0.5361151695251465,0.22146576642990112,150000,15000,135.29611400008434,101.51505470275879,207.1806640625
1386,17.795175313949585,0.8636240363121033,0.5355069637298584,0.2329162210226059,150000,15000,139.16433399936068,102.0808219909668,207.1806640625
1387,17.909313440322876,0.8663362264633179,0.529813826084137,0.2515309453010559,150000,15000,132.29103999765357,101.72414779663086,207.1806640625
1388,17.767921686172485,0.8652099967002869,0.5340140461921692,0.22894415259361267,150000,15000,131.56834899928072,101.31955146789551,207.1806640625
1389,17.878159284591675,0.8669663667678833,0.5294657349586487,0.2226799875497818,150000,15000,131.546894001076,101.09496116638184,207.1806640625
1390,17.7419650554657,0.8644391298294067,0.5242017507553101,0.22812815010547638,150000,15000,134.33076699948288,101.409912109375,207.1806640625
1391,17.893584966659546,0.8680661916732788,0.5277867317199707,0.22641265392303467,150000,15000,131.20847000027425,101.27782821655273,207.1806640625
1392,17.888987064361572,0.8660513758659363,0.5244259238243103,0.22062908113002777,150000,15000,134.1833200021938,101.36866569519043,207.1806640625
1393,18.079439401626587,0.8725680708885193,0.5271517038345337,0.20783542096614838,150000,15000,132.58291400052258,101.48453712463379,207.1806640625
1394,17.679327726364136,0.8617310523986816,0.5250122547149658,0.21196235716342926,150000,15000,130.94081500094035,101.41944885253906,207.1806640625
1395,18.03690195083618,0.8717540502548218,0.5217527747154236,0.20920829474925995,150000,15000,132.32253499882063,101.2887954711914,207.1806640625
1396,17.960753440856934,0.8682851791381836,0.5201648473739624,0.2147219479084015,150000,15000,132.36940699789557,101.45115852355957,207.1806640625
1397,18.07450532913208,0.8735129237174988,0.5137427449226379,0.20597201585769653,150000,15000,131.83842500075116,102.02836990356445,207.1806640625
1398,18.070812225341797,0.8727591037750244,0.5142576694488525,0.22310088574886322,150000,15000,132.07502600198495,102.27537155151367,207.1806640625
1399,18.182836771011353,0.8761000633239746,0.5210018754005432,0.22389133274555206,150000,15000,130.95293199876323,100.73256492614746,207.1806640625
1400,18.209911584854126,0.8768447637557983,0.5181528925895691,0.21923452615737915,146624,15000,135.5689279989747,100.99339485168457,207.1806640625
1401,18.337899446487427,0.8770995140075684,0.509931743144989,0.22934825718402863,146898,15000,136.85567599895876,101.35197639465332,207.1806640625
1402,18.560587167739868,0.8839443922042847,0.5034735798835754,0.2117338627576828,147180,15000,150.54887400037842,101.59015655517578,207.1806640625
1403,18.52245807647705,0.8825833797454834,0.5067028403282166,0.22765222191810608,147394,15000,134.01309300024877,100.85582733154297,207.1806640625
1404,18.600780963897705,0.8852841854095459,0.5028771758079529,0.21971391141414642,147552,15000,134.3579639978998,101.39799118041992,207.1806640625
1405,18.61961841583252,0.8871538043022156,0.4956030249595642,0.20825998485088348,147737,15000,134.55790499938303,101.8064022064209,207.1806640625
1406,18.62578511238098,0.8870992064476013,0.4869292378425598,0.22113387286663055,147953,15000,134.8522829975991,101.90248489379883,207.1806640625
1407,18.028382062911987,0.8768412470817566,0.5011736154556274,0.2067723423242569,148173,15000,138.32761000230676,101.17268562316895,207.1806640625
1408,18.17857027053833,0.875407874584198,0.5227625370025635,0.2104930579662323,148357,15000,133.66458200107445,100.98552703857422,207.1806640625
1409,18.165605068206787,0.8750128149986267,0.5229135155677795,0.20557282865047455,148551,15000,134.5240320006269,101.10068321228027,207.1806640625
1410,18.57385516166687,0.8826646208763123,0.5132396221160889,0.20758302509784698,148749,15000,134.84563900055946,100.81028938293457,207.1806640625
1411,18.425110578536987,0.8828034400939941,0.5237997174263,0.20025591552257538,148950,15000,133.63435700011905,101.33576393127441,207.1806640625
1412,18.60590934753418,0.8877195119857788,0.5194945931434631,0.19446903467178345,149155,15000,143.91847799925017,101.20010375976562,207.1806640625
1413,18.642935752868652,0.8896679878234863,0.5150209069252014,0.18725408613681793,149356,15000,136.5645730002143,100.92020034790039,207.1806640625
1414,18.64174723625183,0.8897203207015991,0.5116636157035828,0.21204723417758942,149559,15000,134.3257580010686,101.45139694213867,207.1806640625
1415,17.69346594810486,0.8723737597465515,0.5117250084877014,0.19430206716060638,149757,15000,133.7838819999888,100.56042671203613,207.1806640625
1416,17.67025351524353,0.8721343874931335,0.5338165163993835,0.1995203047990799,149957,15000,134.45149100152776,101.36580467224121,207.1806640625
1417,17.92339563369751,0.8769063949584961,0.5428950786590576,0.19135893881320953,149994,15000,134.12199999947916,101.67312622070312,207.1806640625
1418,18.13547372817993,0.8818814754486084,0.5437881946563721,0.18678385019302368,149999,15000,135.64378900264273,101.04012489318848,207.1806640625
1419,18.087083101272583,0.8838800191879272,0.5343902707099915,0.19029298424720764,150000,15000,136.77455699871643,101.36747360229492,207.1806640625
1420,18.263713121414185,0.8893767595291138,0.5219681859016418,0.17497481405735016,150000,15000,132.36060900089797,101.89294815063477,207.1806640625
1421,18.374643325805664,0.8927661776542664,0.5108147859573364,0.18138493597507477,150000,15000,132.77267100056633,102.01454162597656,207.1806640625
1422,18.533523082733154,0.8959113359451294,0.5068469643592834,0.16590765118598938,150000,15000,131.7329849989619,101.54891014099121,207.1806640625
1423,18.30414652824402,0.8919126391410828,0.5072763562202454,0.1892075091600418,150000,15000,131.31152300047688,101.31430625915527,207.1806640625
1424,18.584352731704712,0.8966016173362732,0.5091550946235657,0.15723273158073425,150000,15000,132.8522369985876,102.31399536132812,207.1806640625
1425,18.32095980644226,0.8941942453384399,0.5025955438613892,0.17899994552135468,150000,15000,135.10856499851798,101.93419456481934,207.1806640625
1426,18.091059923171997,0.8875571489334106,0.506871223449707,0.17384520173072815,150000,15000,135.56372200037003,101.37295722961426,207.1806640625
1427,18.680527210235596,0.8991025686264038,0.5055808424949646,0.18395404517650604,150000,15000,132.67430599807994,101.39155387878418,207.1806640625
1428,18.73923659324646,0.9017034769058228,0.5078233480453491,0.18825776875019073,150000,15000,131.2629089989059,100.97289085388184,207.1806640625
1429,18.74391198158264,0.9031323194503784,0.5097556114196777,0.16670732200145721,150000,15000,133.99880299766664,103.46055030822754,207.1806640625
1430,18.66108536720276,0.9019429087638855,0.5138952136039734,0.17784976959228516,150000,15000,131.66117400032817,101.25303268432617,207.1806640625
1431,18.658782243728638,0.9010545015335083,0.5078535079956055,0.16382406651973724,150000,15000,131.38999000148033,101.76777839660645,207.1806640625
1432,18.71611475944519,0.8968323469161987,0.5098755955696106,0.16564132273197174,150000,15000,130.87475700012874,101.33051872253418,207.1806640625
1433,18.824398517608643,0.8989624977111816,0.5042288303375244,0.17071694135665894,150000,15000,131.1514110020653,101.25327110290527,207.1806640625
1434,18.842251300811768,0.8996111154556274,0.5096673965454102,0.18633008003234863,150000,15000,132.1356049993483,101.59993171691895,207.1806640625
1435,18.82847785949707,0.8985831141471863,0.5169276595115662,0.16671602427959442,150000,15000,131.59383899983368,101.67765617370605,207.1806640625
1436,18.7392520904541,0.8977434039115906,0.5126473307609558,0.17578621208667755,150000,15000,135.01002100019832,100.97694396972656,207.1806640625
1437,18.8837993144989,0.899777889251709,0.5049751400947571,0.18025138974189758,150000,15000,145.27449100205558,100.55804252624512,207.1806640625
1438,18.857563734054565,0.8984702825546265,0.5044819712638855,0.1837456375360489,150000,15000,134.248373000446,100.9984016418457,207.1806640625
1439,18.800562620162964,0.8979753255844116,0.49909648299217224,0.18699398636817932,150000,15000,130.94001900026342,100.71134567260742,207.1806640625
1440,18.645377159118652,0.8943376541137695,0.4995023310184479,0.19436083734035492,150000,15000,131.61730799765792,101.72510147094727,207.1806640625
1441,18.798829317092896,0.899624764919281,0.5004433989524841,0.1846027821302414,150000,15000,131.70073200308252,101.7460823059082,207.1806640625
1442,18.63690972328186,0.8969720602035522,0.500196635723114,0.1822546422481537,150000,15000,133.15287099976558,101.39226913452148,207.1806640625
1443,18.78503918647766,0.9011460542678833,0.4955357313156128,0.167318195104599,150000,15000,132.0320310005627,101.32122039794922,207.1806640625
1444,18.88842463493347,0.9024926424026489,0.4890889823436737,0.16891083121299744,150000,15000,131.6882640021504,101.44853591918945,207.1806640625
1445,18.868448734283447,0.9005953073501587,0.4934501647949219,0.16719472408294678,150000,15000,131.72479300192208,101.48119926452637,207.1806640625
1446,18.806053400039673,0.9000554084777832,0.4979845881462097,0.1759915053844452,150000,15000,132.24858999819844,100.85439682006836,207.1806640625
1447,18.752365112304688,0.8975478410720825,0.49938154220581055,0.17731526494026184,150000,15000,132.15637300163507,101.7909049987793,207.1806640625
1448,18.820565938949585,0.8984209895133972,0.4979358911514282,0.17368930578231812,150000,15000,131.38331799927983,101.41324996948242,207.1806640625
1449,18.86736512184143,0.898716926574707,0.49332648515701294,0.16762131452560425,150000,15000,131.959693000681,101.42970085144043,207.1806640625
1450,18.895069360733032,0.9015915393829346,0.4964171051979065,0.16053520143032074,150000,15000,136.38725300188526,102.30898857116699,207.1806640625
1451,18.71299386024475,0.8999600410461426,0.5085766911506653,0.16659948229789734,150000,15000,132.71657100267475,102.60558128356934,207.1806640625
1452,18.66516947746277,0.8982738852500916,0.5087929964065552,0.1526731252670288,150000,15000,131.17555500139133,100.75902938842773,207.1806640625
1453,18.68634581565857,0.9017529487609863,0.5012301206588745,0.15149571001529694,150000,15000,134.19865800096886,101.49550437927246,207.1806640625
1454,18.657991886138916,0.9016291499137878,0.5189372301101685,0.15719909965991974,150000,15000,130.4283090030367,100.84819793701172,207.1806640625
1455,18.800143003463745,0.9047176241874695,0.5158321261405945,0.15876026451587677,150000,15000,130.90928100064048,100.8749008178711,207.1806640625
1456,18.8546621799469,0.9077691435813904,0.5138476490974426,0.15255117416381836,150000,15000,130.97653999648173,101.0732650756836,207.1806640625
1457,18.767447471618652,0.9077152013778687,0.5138694643974304,0.1490418165922165,150000,15000,131.7075000006298,101.84955596923828,207.1806640625
1458,18.631389141082764,0.9057254791259766,0.5232552289962769,0.152199387550354,150000,15000,135.35403599962592,101.74131393432617,207.1806640625
1459,18.636406660079956,0.9074872732162476,0.5215736627578735,0.13977359235286713,150000,15000,134.98190400059684,100.7530689239502,207.1806640625
1460,18.787996768951416,0.911105751991272,0.511501133441925,0.14614103734493256,150000,15000,130.51171400002204,100.69394111633301,207.1806640625
1461,18.70322585105896,0.9107913970947266,0.5003318786621094,0.13842518627643585,150000,15000,131.51175500024692,100.46601295471191,207.1806640625
1462,18.701422214508057,0.9107491374015808,0.5064201951026917,0.14940747618675232,150000,15000,134.85575399681693,104.48741912841797,207.1806640625
1463,18.308831453323364,0.903033971786499,0.5186881422996521,0.15012459456920624,150000,15000,130.59755499853054,100.8303165435791,207.1806640625
1464,18.59209656715393,0.9090152978897095,0.5245454907417297,0.142750546336174,150000,15000,131.07852499888395,100.94618797302246,207.1806640625
1465,18.560035228729248,0.9095885157585144,0.5307002663612366,0.1360783576965332,150000,15000,134.10115800070344,102.17547416687012,207.1806640625
1466,18.583821058273315,0.9097053408622742,0.520028829574585,0.126996710896492,150000,15000,129.7311010021076,100.35967826843262,207.1806640625
1467,18.84245276451111,0.9124956130981445,0.5238915085792542,0.13689762353897095,150000,15000,139.32245600153692,100.37374496459961,207.1806640625
1468,18.731520175933838,0.9098061323165894,0.5284675359725952,0.13483069837093353,150000,15000,135.45209400035674,100.69465637207031,207.1806640625
1469,18.904218673706055,0.9117048978805542,0.5164511203765869,0.14364424347877502,150000,15000,138.3287280004879,101.72295570373535,207.1806640625
1470,18.78223419189453,0.9060155749320984,0.5247462391853333,0.1374194622039795,150000,15000,136.60957100000815,100.64411163330078,207.1806640625
1471,18.720887899398804,0.9033621549606323,0.5215797424316406,0.1384275108575821,150000,15000,130.57176000074833,100.9373664855957,207.1806640625
1472,18.71294617652893,0.9002598524093628,0.5218459367752075,0.13217228651046753,150000,15000,130.20030700135976,100.72922706604004,207.1806640625
1473,18.586947917938232,0.8945432901382446,0.5217000842094421,0.13342711329460144,150000,15000,132.7292470014072,102.2181510925293,207.1806640625
1474,18.307528495788574,0.8874602317810059,0.5259841680526733,0.13065169751644135,150000,15000,129.43051800175454,100.01587867736816,207.1806640625
1475,18.497910499572754,0.8871833682060242,0.5301246643066406,0.14086605608463287,150000,15000,130.7940350015997,100.71563720703125,207.1806640625
1476,18.517998456954956,0.8849830627441406,0.5331709384918213,0.13959887623786926,150000,15000,130.0547850005387,100.73065757751465,207.1806640625
1477,18.257923126220703,0.8823217749595642,0.5363471508026123,0.1275610774755478,150000,15000,131.05127500239178,100.68225860595703,207.1806640625
1478,18.295772075653076,0.8794569373130798,0.5447871088981628,0.13535961508750916,150000,15000,129.87181499920553,100.65031051635742,207.1806640625
1479,18.458547592163086,0.8800250291824341,0.5415277481079102,0.13584406673908234,150000,15000,130.39034599933075,100.55208206176758,207.1806640625
1480,18.47012162208557,0.8795876502990723,0.5471554398536682,0.13507530093193054,150000,15000,135.6826880000881,105.31997680664062,207.1806640625
1481,18.517751693725586,0.877020001411438,0.5361872911453247,0.14002104103565216,150000,15000,131.39564499942935,101.22942924499512,207.1806640625
1482,18.181322813034058,0.862510085105896,0.5425243377685547,0.13155072927474976,150000,15000,130.7470829997328,100.81028938293457,207.1806640625
1483,17.85366415977478,0.8535372614860535,0.5372315049171448,0.1281641274690628,150000,15000,131.68560699705267,101.34267807006836,207.1806640625
1484,18.21597695350647,0.8518527746200562,0.5360185503959656,0.13080795109272003,150000,15000,130.0032500002999,100.47531127929688,207.1806640625
1485,17.659859657287598,0.8446747064590454,0.5449650883674622,0.14548034965991974,150000,15000,130.21500700051547,100.67033767700195,207.1806640625
1486,17.57776379585266,0.8411528468132019,0.5443395972251892,0.13275893032550812,150000,15000,129.8323690025427,100.13318061828613,207.1806640625
1487,17.39420771598816,0.8341657519340515,0.5405948162078857,0.12970654666423798,150000,15000,133.9067739972961,101.80950164794922,207.1806640625
1488,17.228121757507324,0.827762246131897,0.5446935296058655,0.13655634224414825,150000,15000,135.88482600243879,101.25207901000977,207.1806640625
1489,16.989898681640625,0.8212841749191284,0.5409428477287292,0.1315465122461319,150000,15000,133.51729499845533,99.78365898132324,207.1806640625
1490,16.60618305206299,0.8105151057243347,0.5545387864112854,0.13903746008872986,150000,15000,131.01670499963802,100.42214393615723,207.1806640625
1491,16.457183361053467,0.8088358640670776,0.5488249063491821,0.14674043655395508,150000,15000,128.38008499966236,99.81060028076172,207.1806640625
1492,16.30073308944702,0.8077484965324402,0.5476140379905701,0.14408805966377258,150000,15000,129.66109599801712,99.91908073425293,207.1806640625
1493,16.285624504089355,0.8108432292938232,0.5535431504249573,0.13931499421596527,150000,15000,128.8701339981344,99.38478469848633,207.1806640625
1494,16.39622449874878,0.8173435926437378,0.5507082939147949,0.14127936959266663,150000,15000,128.7162430016906,99.6408462524414,207.1806640625
1495,16.353737115859985,0.8214278221130371,0.557925820350647,0.14500172436237335,150000,15000,129.0116569980455,99.92098808288574,207.1806640625
1496,16.398329734802246,0.8286068439483643,0.5623295307159424,0.14383742213249207,150000,15000,130.91253399761626,100.8598804473877,207.1806640625
1497,16.44419550895691,0.8328270316123962,0.5569126605987549,0.15100637078285217,150000,15000,129.62328600042383,99.94029998779297,207.1806640625
1498,16.91801428794861,0.8522374629974365,0.5457517504692078,0.154348224401474,150000,15000,129.4849659971078,99.8690128326416,207.1806640625
1499,17.228333950042725,0.8685203790664673,0.5366488695144653,0.14718590676784515,150000,15000,129.5353250025073,99.86209869384766,207.1806640625
1500,17.552130222320557,0.8802534937858582,0.5423877239227295,0.1575038582086563,149145,15000,133.5560820007231,100.75664520263672,207.1806640625
1501,16.161280870437622,0.821494460105896,0.559535562992096,0.1517626941204071,149414,15000,135.87926800028072,102.55289077758789,207.1806640625
1502,17.162134647369385,0.8621911406517029,0.5461556911468506,0.1557699292898178,149689,15000,133.16802800181904,100.35014152526855,207.1806640625
1503,17.98901081085205,0.8959451913833618,0.5396816730499268,0.1578797549009323,149922,15000,134.14242900034878,100.73304176330566,207.1806640625
1504,18.5226571559906,0.9123542308807373,0.5321913957595825,0.1475808322429657,149998,15000,131.03106299968204,99.48968887329102,207.1806640625
1505,18.789080381393433,0.9203130602836609,0.5207614302635193,0.14871519804000854,150000,15000,132.6878649997525,102.01215744018555,207.1806640625
1506,18.97789478302002,0.9234740138053894,0.5188014507293701,0.14643631875514984,150000,15000,134.49260299967136,101.73273086547852,207.1806640625
1507,18.967163562774658,0.9231796264648438,0.5149214267730713,0.15354150533676147,150000,15000,128.78048899801797,100.1737117767334,207.1806640625
1508,17.113724946975708,0.8762306571006775,0.5260862708091736,0.1519918292760849,150000,15000,129.2199499985145,100.1894474029541,207.1806640625
1509,19.113677740097046,0.9251618385314941,0.519321620464325,0.161810964345932,150000,15000,131.46916600089753,100.4643440246582,207.1806640625
1510,18.968535661697388,0.9227313995361328,0.5242878198623657,0.1611594259738922,150000,15000,131.22739599930355,100.95596313476562,207.1806640625
1511,18.065776824951172,0.8982415199279785,0.5299715995788574,0.1578049510717392,150000,15000,142.71487800215255,105.40461540222168,207.1806640625
1512,18.935495615005493,0.9164832830429077,0.517907977104187,0.1584368348121643,150000,15000,130.69426999936695,99.75624084472656,207.1806640625
1513,19.081315994262695,0.9208226203918457,0.5158875584602356,0.1593652367591858,150000,15000,137.50471300227218,101.63450241088867,207.1806640625
1514,18.91257882118225,0.9181229472160339,0.5164149403572083,0.16066846251487732,150000,15000,134.36890999946627,100.3103256225586,207.1806640625
1515,18.841696977615356,0.9179840087890625,0.5097475647926331,0.15644700825214386,150000,15000,130.975137999485,100.65340995788574,207.1806640625
1516,19.18365716934204,0.9258887767791748,0.5030109882354736,0.15162932872772217,150000,15000,130.69443499989575,100.38375854492188,207.1806640625
1517,19.127209186553955,0.9261133074760437,0.49847349524497986,0.14615091681480408,150000,15000,130.15503700080444,100.50129890441895,207.1806640625
1518,18.856472969055176,0.9193795919418335,0.5115581750869751,0.15583142638206482,150000,15000,135.8082690021547,100.43597221374512,207.1806640625
1519,18.94222140312195,0.921747088432312,0.5068482160568237,0.15423105657100677,150000,15000,137.47182199949748,102.82778739929199,207.1806640625
1520,18.911322355270386,0.922208309173584,0.5046590566635132,0.15679208934307098,150000,15000,134.93812500018976,100.19874572753906,207.1806640625
1521,19.02333378791809,0.9224922060966492,0.5052595734596252,0.16287696361541748,150000,15000,138.3239480019256,100.9817123413086,207.1806640625
1522,18.923897743225098,0.9223646521568298,0.5054089426994324,0.16252975165843964,150000,15000,131.4115759996639,100.80933570861816,207.1806640625
1523,19.011698961257935,0.9239160418510437,0.5205036401748657,0.15691709518432617,150000,15000,132.77941399792326,102.66494750976562,207.1806640625
1524,18.96613359451294,0.9219643473625183,0.5228497982025146,0.15662658214569092,150000,15000,140.59626599919284,101.11498832702637,207.1806640625
1525,19.02003049850464,0.9231902956962585,0.519536018371582,0.1583203226327896,150000,15000,131.73279499824275,100.62217712402344,207.1806640625
1526,18.961687088012695,0.920748233795166,0.5237494707107544,0.157100647687912,150000,15000,132.11457000215887,101.49002075195312,207.1806640625
1527,18.93607497215271,0.920640230178833,0.5270731449127197,0.15498751401901245,150000,15000,133.37799399960204,101.5925407409668,207.1806640625
1528,19.198336601257324,0.9254951477050781,0.5200976133346558,0.1603301614522934,150000,15000,133.48678500187816,102.61201858520508,207.1806640625
1529,19.238224029541016,0.9287659525871277,0.5091147422790527,0.16108745336532593,150000,15000,144.1037709992088,104.04586791992188,207.1806640625
1530,18.76704216003418,0.9197380542755127,0.5207156538963318,0.16558857262134552,150000,15000,136.59861300038756,100.78859329223633,207.1806640625
1531,18.50530982017517,0.911851167678833,0.5241958498954773,0.16322608292102814,150000,15000,131.17318799777422,100.79050064086914,207.1806640625
1532,18.81535053253174,0.9212017059326172,0.5155776739120483,0.15900540351867676,150000,15000,130.33938399894396,100.2645492553711,207.1806640625
1533,18.918323516845703,0.9218789339065552,0.5206659436225891,0.17343014478683472,150000,15000,131.5067689974967,101.55487060546875,207.1806640625
1534,18.9433753490448,0.9212900996208191,0.5260639786720276,0.17526429891586304,150000,15000,131.8815819977317,102.12874412536621,207.1806640625
1535,19.178025722503662,0.9258489608764648,0.5244284868240356,0.17196258902549744,150000,15000,134.57355399805238,101.96280479431152,207.1806640625
1536,19.001636505126953,0.9224077463150024,0.5263102054595947,0.1718185693025589,150000,15000,132.12074100010796,101.21035575866699,207.1806640625
1537,19.072282314300537,0.9239306449890137,0.5218104124069214,0.17552649974822998,150000,15000,137.42068899955484,101.32932662963867,207.1806640625
1538,19.087271690368652,0.9227340221405029,0.5243281126022339,0.16926032304763794,150000,15000,129.83262299894704,100.18301010131836,207.1806640625
1539,19.076507091522217,0.9215763807296753,0.5222594738006592,0.179093137383461,150000,15000,131.5279990012641,100.47435760498047,207.1806640625
1540,18.7399685382843,0.9173383116722107,0.5296018719673157,0.1786278635263443,150000,15000,138.26599399908446,101.6538143157959,207.1806640625
1541,18.947101831436157,0.9204336404800415,0.5353258848190308,0.17687638103961945,150000,15000,138.81246000164538,101.40824317932129,207.1806640625
1542,18.904811143875122,0.9184937477111816,0.5328261852264404,0.1767035573720932,150000,15000,134.53574300001492,100.55923461914062,207.1806640625
1543,19.015583992004395,0.9202936887741089,0.5341811180114746,0.1768806129693985,150000,15000,132.3914530003094,102.51474380493164,207.1806640625
1544,19.046493768692017,0.9207687377929688,0.5295792818069458,0.17389477789402008,150000,15000,132.80755799860344,100.28505325317383,207.1806640625
1545,19.103387594223022,0.9220782518386841,0.5230463743209839,0.17863410711288452,150000,15000,134.54742099929717,101.29523277282715,207.1806640625
1546,18.942573070526123,0.9203886985778809,0.5204562544822693,0.17630816996097565,150000,15000,130.42234100066707,100.58856010437012,207.1806640625
1547,19.08888339996338,0.9232794642448425,0.5177294015884399,0.17405277490615845,150000,15000,129.9559399994905,100.57735443115234,207.1806640625
1548,19.229400157928467,0.9252879023551941,0.5164831280708313,0.17698177695274353,150000,15000,131.93815799968434,101.42922401428223,207.1806640625
1549,18.915488719940186,0.9213451743125916,0.51259446144104,0.1781526505947113,150000,15000,131.99204199918313,101.52053833007812,207.1806640625
1550,18.76568913459778,0.9199647903442383,0.5181182622909546,0.17873737215995789,150000,15000,133.71120800002245,104.43997383117676,207.1806640625
1551,18.495826721191406,0.914757490158081,0.5298045873641968,0.18091167509555817,150000,15000,132.68653100021766,101.77922248840332,207.1806640625
1552,18.524473905563354,0.9157382845878601,0.5064830780029297,0.18642403185367584,150000,15000,130.75895799920545,100.82173347473145,207.1806640625
1553,18.191343545913696,0.9094967842102051,0.5373948216438293,0.17892013490200043,150000,15000,129.5517899998231,100.06999969482422,207.1806640625
1554,18.86484146118164,0.9169023036956787,0.5601981282234192,0.1793033927679062,150000,15000,129.2152480018558,99.80916976928711,207.1806640625
1555,18.824554681777954,0.9157969951629639,0.5447465181350708,0.18058006465435028,150000,15000,130.25946599736926,100.74949264526367,207.1806640625
1556,18.665239810943604,0.9124075770378113,0.5660659074783325,0.17921458184719086,150000,15000,131.56067000090843,102.46968269348145,207.1806640625
1557,18.428045511245728,0.9066569209098816,0.5723485946655273,0.1786602884531021,150000,15000,131.38771699959761,100.57735443115234,207.1806640625
1558,18.463621139526367,0.9078754782676697,0.5564582943916321,0.17638663947582245,150000,15000,130.37687799806008,100.50463676452637,207.1806640625
1559,18.429090976715088,0.9085032343864441,0.5629335641860962,0.17614270746707916,150000,15000,130.20038699687575,100.10838508605957,207.1806640625
1560,18.380486965179443,0.9071900248527527,0.5715048313140869,0.17523153126239777,150000,15000,132.84472699888283,103.0874252319336,207.1806640625
1561,18.451313972473145,0.9095810651779175,0.5728549957275391,0.17401297390460968,150000,15000,129.35199300045497,99.91335868835449,207.1806640625
1562,18.558788299560547,0.9115809202194214,0.5810892581939697,0.17235170304775238,150000,15000,131.2314700007846,100.68058967590332,207.1806640625
1563,18.733712434768677,0.9151215553283691,0.5860432386398315,0.16784325242042542,150000,15000,130.06224100172403,99.75409507751465,207.1806640625
1564,18.896021842956543,0.9176626205444336,0.5829743146896362,0.16662253439426422,150000,15000,131.81618100134074,100.50415992736816,207.1806640625
1565,19.09782886505127,0.92264723777771,0.5731085538864136,0.16100549697875977,150000,15000,130.7928919995902,100.20112991333008,207.1806640625
1566,19.282195568084717,0.9263648986816406,0.5730053782463074,0.15866756439208984,150000,15000,131.17529100054526,99.84278678894043,207.1806640625
1567,19.368550777435303,0.9282323122024536,0.566028356552124,0.15608347952365875,150000,15000,135.8872060009162,100.44431686401367,207.1806640625
1568,19.450907707214355,0.9288531541824341,0.552115261554718,0.1524086594581604,150000,15000,129.47490399892558,100.44503211975098,207.1806640625
1569,19.490034580230713,0.9288234710693359,0.5492010116577148,0.14629912376403809,150000,15000,129.65965299736126,99.94387626647949,207.1806640625
1570,19.52305316925049,0.9294354319572449,0.5507142543792725,0.14387506246566772,150000,15000,130.56056300047203,100.39997100830078,207.1806640625
1571,19.779555797576904,0.9338065385818481,0.5449038147926331,0.14231473207473755,150000,15000,130.01930700193043,100.09503364562988,207.1806640625
1572,19.66302514076233,0.9325696229934692,0.5532363653182983,0.13984130322933197,150000,15000,129.10189000103856,100.07619857788086,207.1806640625
1573,19.643983840942383,0.9311683177947998,0.5442742705345154,0.13915225863456726,150000,15000,129.73959100054344,100.42667388916016,207.1806640625
1574,19.919931888580322,0.9357705116271973,0.5449126958847046,0.1315246820449829,150000,15000,130.97783799821627,99.66373443603516,207.1806640625
1575,19.97274398803711,0.9365808367729187,0.5418574810028076,0.13171273469924927,150000,15000,129.55645400143112,99.82919692993164,207.1806640625
1576,19.949357509613037,0.9365400075912476,0.5436527132987976,0.12435008585453033,150000,15000,128.67454099978204,99.56240653991699,207.1806640625
1577,19.66256618499756,0.9320052862167358,0.5477909445762634,0.1243022233247757,150000,15000,129.41968199811527,99.53570365905762,207.1806640625
1578,20.100491046905518,0.9383254051208496,0.5460686087608337,0.12367446720600128,150000,15000,129.8877370027185,99.95746612548828,207.1806640625
1579,20.124235153198242,0.9388832449913025,0.5414544939994812,0.11911721527576447,150000,15000,131.65943999774754,100.99959373474121,207.1806640625
1580,19.96217370033264,0.9366899728775024,0.5479621887207031,0.12126990407705307,150000,15000,131.12900000123773,99.71261024475098,207.1806640625
1581,20.15052080154419,0.93974369764328,0.5434333086013794,0.12276289612054825,150000,15000,131.11833299990394,100.25668144226074,207.1806640625
1582,20.033740997314453,0.9382550716400146,0.5380033254623413,0.11898919194936752,150000,15000,130.53375299932668,100.27694702148438,207.1806640625
1583,20.18693208694458,0.9399840831756592,0.5353156924247742,0.11850607395172119,150000,15000,130.20608400256606,100.11506080627441,207.1806640625
1584,20.129361152648926,0.9393996000289917,0.5377347469329834,0.11815889924764633,150000,15000,131.02455400075996,100.07619857788086,207.1806640625
1585,20.06310224533081,0.9385370016098022,0.5441488027572632,0.12077116221189499,150000,15000,130.54736399863032,100.20685195922852,207.1806640625
1586,20.18421173095703,0.9395341873168945,0.5381421446800232,0.11871311068534851,150000,15000,131.57058300203062,101.94253921508789,207.1806640625
1587,19.902912378311157,0.9363433718681335,0.5365825295448303,0.11878687143325806,150000,15000,137.42860699858284,100.29411315917969,207.1806640625
1588,19.799156188964844,0.9347374439239502,0.5450759530067444,0.11735618859529495,150000,15000,138.4548839996569,99.9305248260498,207.1806640625
1589,19.88812804222107,0.936252772808075,0.5423092842102051,0.11586084961891174,150000,15000,138.39690199893084,99.68304634094238,207.1806640625
1590,19.847700595855713,0.9355182647705078,0.5403691530227661,0.11815965175628662,150000,15000,135.7559729985951,100.43883323669434,207.1806640625
1591,19.958633184432983,0.9372555613517761,0.5385611653327942,0.1148725226521492,150000,15000,134.03533500240883,99.91145133972168,207.1806640625
1592,20.039944648742676,0.9383880496025085,0.5319488644599915,0.11605744808912277,150000,15000,131.38895700103603,100.47626495361328,207.1806640625
1593,20.133986473083496,0.9396117925643921,0.5396713614463806,0.11286582797765732,150000,15000,130.58728000032715,100.22783279418945,207.1806640625
1594,20.14143466949463,0.9397364854812622,0.5339391827583313,0.1116362139582634,150000,15000,130.58838500001002,100.5549430847168,207.1806640625
1595,20.20127534866333,0.9404906034469604,0.534286618232727,0.10969389230012894,150000,15000,134.23317200067686,104.48908805847168,207.1806640625
1596,20.221288204193115,0.9408483505249023,0.5310307741165161,0.11014380306005478,150000,15000,128.86318000164465,99.53117370605469,207.1806640625
1597,20.290350914001465,0.9415438175201416,0.5359564423561096,0.11022252589464188,150000,15000,129.45891700292123,99.66301918029785,207.1806640625
1598,19.872809648513794,0.9362627267837524,0.5235198736190796,0.11093935370445251,150000,15000,128.9804890002415,99.63536262512207,207.1806640625
1599,19.891934394836426,0.9365283846855164,0.5204598903656006,0.11435531824827194,150000,15000,132.7981450012885,101.50909423828125,207.1806640625
1600,20.010807514190674,0.9381641149520874,0.51891028881073,0.11324193328619003,148918,15000,134.91598600012367,100.07238388061523,207.1806640625
1601,19.85086441040039,0.9352811574935913,0.5442742109298706,0.11685023456811905,149215,15000,137.23500299965963,100.54802894592285,207.1806640625
1602,20.221917629241943,0.9398872256278992,0.5456461310386658,0.11355552822351456,149513,15000,133.37146900084917,99.43103790283203,207.1806640625
1603,20.347800254821777,0.9415923357009888,0.5434287190437317,0.11623234301805496,149758,15000,135.08618299965747,101.94849967956543,207.1806640625
1604,20.276198387145996,0.941239595413208,0.5558762550354004,0.11415762454271317,149930,15000,133.19104999754927,100.40807723999023,207.1806640625
1605,20.38858413696289,0.9422162771224976,0.5391689538955688,0.11530318111181259,149999,15000,133.64837900007842,100.82006454467773,207.1806640625
1606,20.381686687469482,0.9417072534561157,0.5360804796218872,0.11867973208427429,150000,15000,132.39862299815286,99.97677803039551,207.1806640625
1607,20.340576171875,0.9413657188415527,0.5430871844291687,0.11678329855203629,150000,15000,130.22373999774572,100.68917274475098,207.1806640625
1608,20.398237705230713,0.942601203918457,0.5363195538520813,0.11634738743305206,150000,15000,130.30064599661273,99.9300479888916,207.1806640625
1609,19.19975996017456,0.9304246306419373,0.5353193283081055,0.11599268764257431,150000,15000,133.2058509979106,102.41317749023438,207.1806640625
1610,19.853761196136475,0.9387494921684265,0.5274218320846558,0.11328371614217758,150000,15000,131.9987429997127,101.45401954650879,207.1806640625
1611,20.29139280319214,0.9442483186721802,0.5256597995758057,0.11731517314910889,150000,15000,130.9491860010894,100.2345085144043,207.1806640625
1612,20.565831661224365,0.9470148086547852,0.5328492522239685,0.11458656936883926,150000,15000,133.36328999866964,103.11675071716309,207.1806640625
1613,20.670759677886963,0.9471582174301147,0.5325325131416321,0.1149638295173645,150000,15000,133.46416800050065,99.76601600646973,207.1806640625
1614,20.45032501220703,0.9439687728881836,0.5194005370140076,0.12054314464330673,150000,15000,132.06427799741505,99.72977638244629,207.1806640625
1615,20.373432636260986,0.9421428442001343,0.5180366039276123,0.11581277847290039,150000,15000,135.24834100098815,100.19540786743164,207.1806640625
1616,20.327448844909668,0.9410569071769714,0.5163679122924805,0.117920882999897,150000,15000,131.31006000185153,101.16243362426758,207.1806640625
1617,20.41041374206543,0.9420567750930786,0.5121580362319946,0.11898966133594513,150000,15000,134.8602319994825,100.4645824432373,207.1806640625
1618,20.381441116333008,0.941804826259613,0.5108323693275452,0.1163017675280571,150000,15000,132.94818499707617,99.78747367858887,207.1806640625
1619,20.062992572784424,0.9375600814819336,0.5182062983512878,0.11774981021881104,150000,15000,130.6109090000973,99.67947006225586,207.1806640625
1620,20.182170867919922,0.9390997886657715,0.5129482746124268,0.11616263538599014,150000,15000,134.3534309999086,100.38352012634277,207.1806640625
1621,20.200345516204834,0.938588559627533,0.5030332803726196,0.11349782347679138,150000,15000,131.6204190006829,101.30977630615234,207.1806640625
1622,19.581316709518433,0.929903507232666,0.5206159949302673,0.11853133887052536,150000,15000,136.2186609985656,100.27837753295898,207.1806640625
1623,19.70413088798523,0.9308770895004272,0.5321218371391296,0.12131062150001526,150000,15000,130.12601299851667,100.10576248168945,207.1806640625
1624,19.828842878341675,0.932971179485321,0.5310974717140198,0.11284588277339935,150000,15000,130.8925180019287,100.59762001037598,207.1806640625
1625,19.913382530212402,0.9338245391845703,0.5272486209869385,0.114092618227005,150000,15000,130.58608299979824,99.9903678894043,207.1806640625
1626,19.74529504776001,0.9313609004020691,0.5288069844245911,0.11510752141475677,150000,15000,131.34799799809116,100.57830810546875,207.1806640625
1627,19.913910627365112,0.9340264201164246,0.5177313089370728,0.11496010422706604,150000,15000,132.56449899927247,99.74217414855957,207.1806640625
1628,20.010571479797363,0.9353885650634766,0.5192911028862,0.11685319989919662,150000,15000,131.70529800117947,99.37810897827148,207.1806640625
1629,19.898042678833008,0.9327784776687622,0.5203322172164917,0.11688379943370819,150000,15000,130.09458500164328,99.61915016174316,207.1806640625
1630,20.01460552215576,0.9348613619804382,0.5091822147369385,0.1203862875699997,150000,15000,129.91959099963424,99.76840019226074,207.1806640625
1631,19.67935800552368,0.9303524494171143,0.513538658618927,0.11434292793273926,150000,15000,129.0469519990438,99.37548637390137,207.1806640625
1632,19.90769386291504,0.9341391921043396,0.5139451026916504,0.11680443584918976,150000,15000,130.90525700317812,100.49605369567871,207.1806640625
1633,19.952906370162964,0.9349246025085449,0.5071139335632324,0.1179427057504654,150000,15000,131.34539199745632,100.62694549560547,207.1806640625
1634,20.009055137634277,0.9357331991195679,0.506995439529419,0.11751161515712738,150000,15000,132.7162160014268,102.44870185852051,207.1806640625
1635,19.963375329971313,0.9352564215660095,0.5159936547279358,0.12422505021095276,150000,15000,130.8315229980508,100.15583038330078,207.1806640625
1636,19.954166412353516,0.9342719912528992,0.5003093481063843,0.12661753594875336,150000,15000,130.5757320005796,100.19350051879883,207.1806640625
1637,19.95508074760437,0.935537576675415,0.48843246698379517,0.1178530752658844,150000,15000,129.71707899851026,99.50494766235352,207.1806640625
1638,19.939957857131958,0.9349250793457031,0.5051797032356262,0.1213122308254242,150000,15000,133.69355499889934,99.46751594543457,207.1806640625
1639,19.899011850357056,0.9342942237854004,0.4931175112724304,0.11989153176546097,150000,15000,131.76732500141952,100.21543502807617,207.1806640625
1640,19.9204683303833,0.9345189929008484,0.49343442916870117,0.12270019203424454,150000,15000,133.8205989995913,99.18975830078125,207.1806640625
1641,19.910200834274292,0.9343509078025818,0.5015780329704285,0.12348642200231552,150000,15000,135.60727399817551,100.07739067077637,207.1806640625
1642,19.933853149414062,0.9342600107192993,0.5079548358917236,0.12550318241119385,150000,15000,130.660272003297,100.14939308166504,207.1806640625
1643,19.971729516983032,0.9342899322509766,0.4955143928527832,0.12475448101758957,150000,15000,130.5924669977685,99.79104995727539,207.1806640625
1644,19.90399479866028,0.9338887929916382,0.49658769369125366,0.12572728097438812,150000,15000,130.54559100055485,99.81870651245117,207.1806640625
1645,19.934159517288208,0.9337742328643799,0.49262213706970215,0.12642785906791687,150000,15000,130.34849200266763,100.24213790893555,207.1806640625
1646,19.938558340072632,0.9335829019546509,0.4857310950756073,0.1259976029396057,150000,15000,131.778248000046,100.79360008239746,207.1806640625
1647,19.935179948806763,0.9334641695022583,0.48361116647720337,0.12315327674150467,150000,15000,131.10137100011343,100.62623023986816,207.1806640625
1648,20.049715042114258,0.9354315996170044,0.482115775346756,0.12343987822532654,150000,15000,131.0940479997953,100.46863555908203,207.1806640625
1649,20.00584363937378,0.9343991279602051,0.4774608612060547,0.12203230708837509,150000,15000,140.17324700034806,101.40490531921387,207.1806640625
1650,20.03519058227539,0.9346234202384949,0.4684307873249054,0.12416496872901917,150000,15000,134.58164499752456,102.27251052856445,207.1806640625
1651,19.791531562805176,0.9311709403991699,0.48311662673950195,0.12523838877677917,150000,15000,132.98234800095088,100.92687606811523,207.1806640625
1652,19.85600233078003,0.9313074946403503,0.47521549463272095,0.1292848289012909,150000,15000,133.90652900125133,99.56192970275879,207.1806640625
1653,19.43990707397461,0.9253248572349548,0.47852715849876404,0.12475015968084335,150000,15000,129.0826369986462,99.32589530944824,207.1806640625
1654,19.392709732055664,0.9227680563926697,0.48833632469177246,0.13088496029376984,150000,15000,129.20318800024688,99.17354583740234,207.1806640625
1655,18.682669401168823,0.9092676043510437,0.5073879957199097,0.1388189047574997,150000,15000,130.24749499891186,100.06570816040039,207.1806640625
1656,18.774571418762207,0.9108735918998718,0.5228691697120667,0.13564416766166687,150000,15000,129.96551300238934,99.5492935180664,207.1806640625
1657,18.928074836730957,0.9140939712524414,0.51722651720047,0.13739712536334991,150000,15000,129.20559199847048,99.22957420349121,207.1806640625
1658,18.526418209075928,0.9061340093612671,0.5166504383087158,0.14341670274734497,150000,15000,129.65823800186627,99.85089302062988,207.1806640625
1659,18.47204327583313,0.905209481716156,0.5246554613113403,0.13954059779644012,150000,15000,130.9112399976584,99.92408752441406,207.1806640625
1660,18.435256481170654,0.9051176905632019,0.5310673713684082,0.1338067501783371,150000,15000,129.30641300044954,99.77459907531738,207.1806640625
1661,18.590155839920044,0.9077634811401367,0.534858226776123,0.13836953043937683,150000,15000,133.8696329985396,99.98297691345215,207.1806640625
1662,18.496795892715454,0.9060963988304138,0.5273703932762146,0.1330006718635559,150000,15000,131.77217499833205,100.96573829650879,207.1806640625
1663,18.61763596534729,0.9095950126647949,0.5315894484519958,0.12907618284225464,150000,15000,134.69953599997098,99.98917579650879,207.1806640625
1664,18.54591131210327,0.9076735973358154,0.5368254780769348,0.13494214415550232,150000,15000,135.24639699971885,100.3258228302002,207.1806640625
1665,18.50105047225952,0.9055008888244629,0.5421319603919983,0.135934516787529,150000,15000,133.30269799917005,102.16951370239258,207.1806640625
1666,18.57430934906006,0.9065515398979187,0.5530452132225037,0.13277408480644226,150000,15000,130.12549199993373,100.02565383911133,207.1806640625
1667,18.653576374053955,0.9075974822044373,0.5411788821220398,0.13050180673599243,150000,15000,131.51478500003577,101.45330429077148,207.1806640625
1668,18.46906304359436,0.9046585559844971,0.5483213663101196,0.13062573969364166,150000,15000,131.20412699936423,99.39122200012207,207.1806640625
1669,18.570082187652588,0.9065040946006775,0.5576658844947815,0.12955422699451447,150000,15000,131.46071700248285,100.25548934936523,207.1806640625
1670,18.52468490600586,0.9049383401870728,0.5648749470710754,0.13353073596954346,150000,15000,135.3263759992842,100.09264945983887,207.1806640625
1671,18.691823482513428,0.909934401512146,0.5514805912971497,0.1283266842365265,150000,15000,131.98866300081136,99.9910831451416,207.1806640625
1672,18.760573863983154,0.9118148684501648,0.5446082949638367,0.13140951097011566,150000,15000,130.6499350030208,100.06380081176758,207.1806640625
1673,18.74833583831787,0.9120189547538757,0.5405493378639221,0.13176855444908142,150000,15000,137.4724100023741,100.30961036682129,207.1806640625
1674,18.824892044067383,0.9142988920211792,0.537994921207428,0.13345322012901306,150000,15000,135.920148997684,99.96175765991211,207.1806640625
1675,18.811155557632446,0.9145203828811646,0.5386523604393005,0.1305629312992096,150000,15000,131.56611999875167,99.9758243560791,207.1806640625
1676,18.873958587646484,0.9157907962799072,0.529052734375,0.12562836706638336,150000,15000,130.82967499940423,100.06499290466309,207.1806640625
1677,17.629607915878296,0.899258017539978,0.523563802242279,0.12904314696788788,150000,15000,134.25045999974827,101.09329223632812,207.1806640625
1678,18.21309804916382,0.9078073501586914,0.5279114842414856,0.12958230078220367,150000,15000,130.84561999858124,99.92599487304688,207.1806640625
1679,18.63254189491272,0.9146082401275635,0.5246331691741943,0.13394436240196228,150000,15000,131.5561669980525,100.60691833496094,207.1806640625
1680,18.762699365615845,0.9163894057273865,0.5384888052940369,0.13406561315059662,150000,15000,132.17993000216666,100.16274452209473,207.1806640625
1681,18.80049705505371,0.9170138835906982,0.5327147841453552,0.13693630695343018,150000,15000,131.69897699845023,100.19350051879883,207.1806640625
1682,18.77718687057495,0.9159395098686218,0.5316444039344788,0.1346650868654251,150000,15000,130.53028300055303,99.64919090270996,207.1806640625
1683,18.783658742904663,0.9159135818481445,0.5460965037345886,0.13545596599578857,150000,15000,135.39021699762088,99.43747520446777,207.1806640625
1684,18.839083909988403,0.9163310527801514,0.5395009517669678,0.13400548696517944,150000,15000,131.5882300004887,101.04036331176758,207.1806640625
1685,18.751505613327026,0.9143726229667664,0.5366151928901672,0.13670504093170166,150000,15000,130.58438900043257,100.05664825439453,207.1806640625
1686,18.901389837265015,0.9171349406242371,0.5380322337150574,0.13806158304214478,150000,15000,134.95943999805604,99.85828399658203,207.1806640625
1687,18.770475387573242,0.9141844511032104,0.535351574420929,0.1385391503572464,150000,15000,129.95466299980762,99.5182991027832,207.1806640625
1688,18.855552673339844,0.915529191493988,0.5424795746803284,0.13602031767368317,150000,15000,130.9687800021493,100.40473937988281,207.1806640625
1689,18.992725610733032,0.916937530040741,0.5378825068473816,0.13778135180473328,150000,15000,131.29058200138388,100.47721862792969,207.1806640625
1690,18.85440945625305,0.9152522087097168,0.5419382452964783,0.13588592410087585,150000,15000,131.88351099961437,100.80218315124512,207.1806640625
1691,18.78779411315918,0.9146450757980347,0.556816577911377,0.13576462864875793,150000,15000,130.27852199957124,100.00848770141602,207.1806640625
1692,18.948732614517212,0.9159032106399536,0.5597116947174072,0.1378520429134369,150000,15000,130.08060500214924,99.50852394104004,207.1806640625
1693,19.086894989013672,0.9189866781234741,0.5612308382987976,0.13191944360733032,150000,15000,130.5220639987965,99.81822967529297,207.1806640625
1694,19.080694913864136,0.9197995066642761,0.556885302066803,0.13399653136730194,150000,15000,129.81467300051008,99.53165054321289,207.1806640625
1695,19.140044450759888,0.9199995398521423,0.5567930340766907,0.1368868201971054,150000,15000,129.88510499781114,99.64251518249512,207.1806640625
1696,19.097963571548462,0.9202970266342163,0.5472313761711121,0.13356618583202362,150000,15000,130.49772399972426,99.80440139770508,207.1806640625
1697,19.068671464920044,0.9191635847091675,0.5508046746253967,0.13562199473381042,150000,15000,130.13007399786147,99.73788261413574,207.1806640625
1698,19.042354822158813,0.9184366464614868,0.5484523177146912,0.13223925232887268,150000,15000,130.15244999769493,99.85518455505371,207.1806640625
1699,18.9394211769104,0.9165029525756836,0.5624797344207764,0.13853879272937775,150000,15000,132.19061499694362,101.26733779907227,207.1806640625
1700,18.80984663963318,0.91447913646698,0.5646001100540161,0.13959220051765442,146543,15000,139.63821200013626,100.33893585205078,207.1806640625
1701,18.965442180633545,0.9160125255584717,0.5629233121871948,0.1362769901752472,146837,15000,133.70362700152327,99.54595565795898,207.1806640625
1702,19.024447202682495,0.9172182083129883,0.5606712102890015,0.1353210061788559,147124,15000,133.93416599865304,99.82013702392578,207.1806640625
1703,19.145888090133667,0.9205931425094604,0.5467880964279175,0.1413964182138443,147372,15000,134.80729399816482,100.20041465759277,207.1806640625
1704,19.20236110687256,0.9206515550613403,0.5637574195861816,0.14082439243793488,147546,15000,133.3151729995734,100.08549690246582,207.1806640625
1705,19.270734786987305,0.9222160577774048,0.5535825490951538,0.13648895919322968,147752,15000,134.8114779975731,99.7459888458252,207.1806640625
1706,19.321086406707764,0.9241594076156616,0.5546796321868896,0.13755837082862854,147982,15000,136.77806600026088,99.82895851135254,207.1806640625
1707,19.3850576877594,0.9238797426223755,0.5604333281517029,0.13929793238639832,148220,15000,138.9528390027408,99.98083114624023,207.1806640625
1708,19.21381950378418,0.9227504730224609,0.5615536570549011,0.1397857367992401,148437,15000,145.05771599942818,100.57735443115234,207.1806640625
1709,19.3663489818573,0.9250878691673279,0.5541238784790039,0.13718366622924805,148650,15000,139.79650599867455,100.20709037780762,207.1806640625
1710,19.347647428512573,0.9250218272209167,0.5545303821563721,0.13808834552764893,148865,15000,139.0285169982235,100.04067420959473,207.1806640625
1711,19.391597509384155,0.9255713224411011,0.5613887310028076,0.1356029212474823,149089,15000,135.8510230020329,100.84795951843262,207.1806640625
1712,19.52687382698059,0.9262343645095825,0.5526349544525146,0.13476639986038208,149309,15000,139.47938599812915,100.26359558105469,207.1806640625
1713,19.48962926864624,0.9266125559806824,0.5514693856239319,0.13594675064086914,149530,15000,135.30492299832986,100.24023056030273,207.1806640625
1714,19.482499361038208,0.9260971546173096,0.5510035753250122,0.13551245629787445,149747,15000,135.0605049992737,100.14724731445312,207.1806640625
1715,19.489208459854126,0.9253899455070496,0.5469228625297546,0.13462014496326447,149967,15000,134.419166999578,100.5103588104248,207.1806640625
1716,19.4029438495636,0.9241418838500977,0.5482683181762695,0.137644425034523,150000,15000,131.7750790003629,99.27940368652344,207.1806640625
1717,19.51507329940796,0.9257439374923706,0.5486189126968384,0.13212890923023224,150000,15000,133.2221220000065,101.64022445678711,207.1806640625
1718,19.407193660736084,0.9249681234359741,0.5437445044517517,0.13467098772525787,150000,15000,130.47246399946744,100.04281997680664,207.1806640625
1719,19.513137340545654,0.9260412454605103,0.5520991683006287,0.13928832113742828,150000,15000,131.25514800049132,99.81226921081543,207.1806640625
1720,19.539506435394287,0.9266088008880615,0.5322346091270447,0.1368250995874405,150000,15000,132.0906150031078,100.45003890991211,207.1806640625
1721,19.407479763031006,0.9251368045806885,0.5369434356689453,0.13474462926387787,150000,15000,130.318276998878,100.20136833190918,207.1806640625
1722,19.433414936065674,0.9235795736312866,0.541512668132782,0.1390356719493866,150000,15000,131.32239599872264,99.97868537902832,207.1806640625
1723,19.37056541442871,0.9243565797805786,0.5363316535949707,0.14238788187503815,150000,15000,133.49167599881184,101.24826431274414,207.1806640625
1724,19.559205770492554,0.9264938235282898,0.5324949026107788,0.13870851695537567,150000,15000,131.57241199951386,100.59237480163574,207.1806640625
1725,18.696930408477783,0.9159032702445984,0.547333836555481,0.1418161690235138,150000,15000,136.68760699874838,101.89461708068848,207.1806640625
1726,19.097238779067993,0.9228733777999878,0.5284905433654785,0.14009658992290497,150000,15000,138.0907130005653,100.53801536560059,207.1806640625
1727,19.38108801841736,0.9278625845909119,0.5181939601898193,0.14112871885299683,150000,15000,136.17138299741782,100.10385513305664,207.1806640625
1728,19.49512243270874,0.9291762113571167,0.5302015542984009,0.14641167223453522,150000,15000,131.70008099768893,99.82609748840332,207.1806640625
1729,19.50046181678772,0.9283899664878845,0.5299578905105591,0.1462065875530243,150000,15000,131.0292109992588,99.456787109375,207.1806640625
1730,19.435302019119263,0.9267486333847046,0.5325186252593994,0.14670152962207794,150000,15000,130.10002900045947,100.09193420410156,207.1806640625
1731,19.470173120498657,0.9267019033432007,0.522105872631073,0.14646148681640625,150000,15000,129.75397700211033,99.5948314666748,207.1806640625
1732,19.578266143798828,0.9280492663383484,0.5323797464370728,0.14439411461353302,150000,15000,131.59869999799412,99.20597076416016,207.1806640625
1733,19.43831205368042,0.9260101318359375,0.5250589847564697,0.14507849514484406,150000,15000,129.2962340012309,99.1373062133789,207.1806640625
1734,19.48237657546997,0.926350474357605,0.5133486390113831,0.14290937781333923,150000,15000,130.59743700068793,100.03304481506348,207.1806640625
1735,19.51578140258789,0.9276754260063171,0.5168470740318298,0.14634288847446442,150000,15000,130.32365999970352,99.65920448303223,207.1806640625
1736,19.594645500183105,0.9282277822494507,0.5112422108650208,0.14429166913032532,150000,15000,129.98353299917653,99.62153434753418,207.1806640625
1737,19.59784507751465,0.9285730123519897,0.5056828260421753,0.14232027530670166,150000,15000,130.26821899984498,99.5488166809082,207.1806640625
1738,19.57861065864563,0.9298216104507446,0.5140898823738098,0.14287158846855164,150000,15000,130.26435500069056,99.89118576049805,207.1806640625
1739,19.62498188018799,0.9291526675224304,0.5085856914520264,0.1413038820028305,150000,15000,130.7760950003285,99.67327117919922,207.1806640625
1740,19.71442937850952,0.9299823641777039,0.5103763937950134,0.14428859949111938,150000,15000,132.48145599936834,101.97234153747559,207.1806640625
1741,19.676837921142578,0.9301311373710632,0.5056620240211487,0.14197048544883728,150000,15000,134.80107899886207,100.33679008483887,207.1806640625
1742,19.646615982055664,0.9291708469390869,0.5034748315811157,0.14392271637916565,150000,15000,135.99458200042136,100.38328170776367,207.1806640625
1743,19.603195190429688,0.9294381141662598,0.49947813153266907,0.1429956555366516,150000,15000,135.21376900098403,100.22425651550293,207.1806640625
1744,19.55030083656311,0.9282553195953369,0.501461923122406,0.14037583768367767,150000,15000,138.0608189974737,101.10330581665039,207.1806640625
1745,19.546732902526855,0.9280859231948853,0.5000119209289551,0.13626188039779663,150000,15000,136.90943400069955,99.92051124572754,207.1806640625
1746,19.41799283027649,0.9264675974845886,0.4939243197441101,0.13687846064567566,150000,15000,131.69602999914787,100.48055648803711,207.1806640625
1747,19.371118545532227,0.9256608486175537,0.4952128231525421,0.13278862833976746,150000,15000,135.3394270008721,99.82061386108398,207.1806640625
1748,19.423364400863647,0.9263562560081482,0.5126471519470215,0.1357959806919098,150000,15000,131.57352899725083,99.64728355407715,207.1806640625
1749,19.56097722053528,0.9283969402313232,0.5073964595794678,0.13126371800899506,150000,15000,132.00844200036954,100.54993629455566,207.1806640625
1750,19.387006759643555,0.9254990816116333,0.5048313736915588,0.13504329323768616,150000,15000,133.08153499747277,101.80521011352539,207.1806640625
1751,19.658546447753906,0.9285647869110107,0.5004428029060364,0.132210835814476,150000,15000,135.2476829997613,100.03972053527832,207.1806640625
1752,19.716356992721558,0.9297491908073425,0.49841731786727905,0.13369503617286682,150000,15000,131.37667599949054,100.69918632507324,207.1806640625
1753,19.114784002304077,0.920987069606781,0.49145635962486267,0.13604459166526794,150000,15000,132.49786400047014,100.42190551757812,207.1806640625
1754,19.341248273849487,0.9234098196029663,0.48919519782066345,0.13017845153808594,150000,15000,131.02425599936396,100.36325454711914,207.1806640625
1755,19.57106590270996,0.9286909103393555,0.4897708296775818,0.12775106728076935,150000,15000,130.95402199905948,100.22687911987305,207.1806640625
1756,19.32180643081665,0.9246149063110352,0.49409914016723633,0.12877868115901947,150000,15000,130.90045300123165,100.21233558654785,207.1806640625
1757,19.29258108139038,0.9228132963180542,0.5133796334266663,0.13209308683872223,150000,15000,132.8611719982291,100.93569755554199,207.1806640625
1758,19.40212368965149,0.9257635474205017,0.5079461336135864,0.12543120980262756,150000,15000,134.94025299951318,99.55215454101562,207.1806640625
1759,19.646127223968506,0.9294453859329224,0.4863588809967041,0.1285085678100586,150000,15000,131.05370099947322,99.3657112121582,207.1806640625
1760,19.421672821044922,0.926104724407196,0.49653780460357666,0.13148002326488495,150000,15000,131.0743799986085,99.79629516601562,207.1806640625
1761,19.57338809967041,0.928748369216919,0.49576640129089355,0.12968246638774872,150000,15000,129.94691299900296,99.66039657592773,207.1806640625
1762,19.654301404953003,0.9305691719055176,0.4929538369178772,0.124318927526474,150000,15000,129.7403190001205,99.49493408203125,207.1806640625
1763,19.39387559890747,0.9263989329338074,0.4979591965675354,0.12480638921260834,150000,15000,130.34453699947335,99.20763969421387,207.1806640625
1764,19.478566646575928,0.9265235662460327,0.5142857432365417,0.12634913623332977,150000,15000,129.99959099761327,99.76959228515625,207.1806640625
1765,19.530062675476074,0.9286206960678101,0.5061914920806885,0.12359490245580673,150000,15000,131.03263599987258,100.42095184326172,207.1806640625
1766,19.320508241653442,0.9258498549461365,0.5119748711585999,0.12606962025165558,150000,15000,130.79919199662982,99.72739219665527,207.1806640625
1767,19.32981252670288,0.9253849983215332,0.5099698305130005,0.12370746582746506,150000,15000,130.33670100048766,99.36141967773438,207.1806640625
1768,19.56576108932495,0.9292256236076355,0.5090263485908508,0.12288942188024521,150000,15000,134.13206500263186,102.7073860168457,207.1806640625
1769,19.629201889038086,0.9310197830200195,0.5004891753196716,0.11867543309926987,150000,15000,131.02849300048547,99.80344772338867,207.1806640625
1770,19.46192502975464,0.9276518821716309,0.4953077733516693,0.11992298811674118,150000,15000,130.4147529990587,98.85287284851074,207.1806640625
1771,19.439525604248047,0.9275979995727539,0.5047439336776733,0.12112876027822495,150000,15000,131.137716001831,99.18665885925293,207.1806640625
1772,19.184143543243408,0.9236539602279663,0.4934203028678894,0.12701016664505005,150000,15000,134.95786099883844,99.40671920776367,207.1806640625
1773,18.882882595062256,0.9174859523773193,0.5225039720535278,0.12379569560289383,150000,15000,134.0188770009263,99.24697875976562,207.1806640625
1774,19.17675495147705,0.9230121970176697,0.5131124258041382,0.12104280292987823,150000,15000,130.14293500236818,99.30706024169922,207.1806640625
1775,19.1562283039093,0.922541618347168,0.506702721118927,0.12461183220148087,150000,15000,131.95424400328193,100.89778900146484,207.1806640625
1776,19.162431955337524,0.9225072264671326,0.5267533659934998,0.12455986440181732,150000,15000,132.63177499902667,100.18396377563477,207.1806640625
1777,19.16460633277893,0.9232966303825378,0.534286618232727,0.12121962755918503,150000,15000,131.70454999999492,100.02589225769043,207.1806640625
1778,19.22943115234375,0.9246819019317627,0.5223132371902466,0.1179993525147438,150000,15000,133.90843600063818,102.68592834472656,207.1806640625
1779,19.313931465148926,0.9250715970993042,0.5272231101989746,0.1222512498497963,150000,15000,132.87261499863234,100.35109519958496,207.1806640625
1780,19.26961660385132,0.9241238832473755,0.5223397612571716,0.12186069041490555,150000,15000,132.5273360016581,100.45385360717773,207.1806640625
1781,19.187920093536377,0.9228305816650391,0.5181150436401367,0.11840613931417465,150000,15000,131.13356299800216,100.08430480957031,207.1806640625
1782,19.125943183898926,0.9181587100028992,0.5328870415687561,0.12000337243080139,150000,15000,135.10868299999856,99.52521324157715,207.1806640625
1783,19.116487503051758,0.913542628288269,0.5553891658782959,0.11963136494159698,150000,15000,133.4593479987234,101.05657577514648,207.1806640625
1784,19.20853853225708,0.9159276485443115,0.5494088530540466,0.11968859285116196,150000,15000,136.23291600015364,99.6556282043457,207.1806640625
1785,19.13753390312195,0.9132255911827087,0.5333853363990784,0.1199038177728653,150000,15000,133.86056899980758,100.68321228027344,207.1806640625
1786,18.703051805496216,0.9031340479850769,0.5528929233551025,0.12355650961399078,150000,15000,131.54119399769115,99.84159469604492,207.1806640625
1787,18.91690492630005,0.9065050482749939,0.5473347902297974,0.12100118398666382,150000,15000,131.77664399700006,100.56304931640625,207.1806640625
1788,19.034394025802612,0.9087517261505127,0.5345775485038757,0.11789067834615707,150000,15000,131.8930929992348,99.48039054870605,207.1806640625
1789,18.815548419952393,0.8995089530944824,0.5527434349060059,0.12056384980678558,150000,15000,133.086159999948,100.26073455810547,207.1806640625
1790,18.975279331207275,0.9003674387931824,0.5487868785858154,0.11636757850646973,150000,15000,131.9396479993884,99.69449043273926,207.1806640625
1791,18.902348279953003,0.8996340036392212,0.5429587364196777,0.11876560002565384,150000,15000,132.7106630014896,100.62408447265625,207.1806640625
1792,18.74008059501648,0.8973466753959656,0.5520352125167847,0.11460813134908676,150000,15000,132.2251800011145,100.51178932189941,207.1806640625
1793,18.501497507095337,0.8947605490684509,0.5456070899963379,0.11552771180868149,150000,15000,134.79920700046932,103.19876670837402,207.1806640625
1794,19.176682233810425,0.9067165851593018,0.5373439788818359,0.1125328317284584,150000,15000,134.21848399957526,100.74877738952637,207.1806640625
1795,19.243991374969482,0.9069012999534607,0.5334538221359253,0.11733600497245789,150000,15000,131.6182150003442,99.83086585998535,207.1806640625
1796,19.337632656097412,0.9070202708244324,0.5321655869483948,0.11105304211378098,150000,15000,130.71934700201382,99.75862503051758,207.1806640625
1797,19.242552518844604,0.9058141112327576,0.5335337519645691,0.12127014994621277,150000,15000,131.9607640034519,100.87227821350098,207.1806640625
1798,19.184770584106445,0.904129683971405,0.530707061290741,0.11359699070453644,150000,15000,136.97231900005136,100.21305084228516,207.1806640625
1799,19.130892753601074,0.9023568034172058,0.5361884832382202,0.11161214858293533,150000,15000,132.65211500038276,99.6100902557373,207.1806640625
1800,19.01877760887146,0.9023303389549255,0.5268136858940125,0.1074812114238739,143747,15000,138.50765899769613,99.91168975830078,207.1806640625
1801,19.063090085983276,0.896969199180603,0.54319828748703,0.11913414299488068,143989,15000,138.83976999932202,99.94316101074219,207.1806640625
1802,19.19316053390503,0.9009740352630615,0.5511993765830994,0.10297300666570663,144218,15000,134.89903200024855,100.19898414611816,207.1806640625
1803,19.25655961036682,0.9034426212310791,0.5463241338729858,0.10099035501480103,144450,15000,138.79551500212983,99.69782829284668,207.1806640625
1804,19.534448385238647,0.9095362424850464,0.5381088256835938,0.10396955907344818,144618,15000,137.55879800010007,99.74455833435059,207.1806640625
1805,19.639817476272583,0.9116858243942261,0.542106032371521,0.11574983596801758,144823,15000,282.7242670027772,100.2037525177002,207.1806640625
1806,19.70511794090271,0.9127768278121948,0.545783519744873,0.10539886355400085,145017,15000,135.69650799763622,100.5709171295166,207.1806640625
1807,19.674885272979736,0.9120790362358093,0.5474982857704163,0.10267606377601624,145237,15000,135.1487489991996,100.22950172424316,207.1806640625
1808,19.810234308242798,0.9147066473960876,0.5395289063453674,0.1006111204624176,145441,15000,136.301757000183,100.23880004882812,207.1806640625
1809,19.952821731567383,0.9175834655761719,0.5210488438606262,0.10693887621164322,145645,15000,138.3473209971271,100.59618949890137,207.1806640625
1810,20.03140926361084,0.9186784029006958,0.5117126107215881,0.09691078960895538,145842,15000,138.3588040007453,103.88517379760742,207.1806640625
1811,20.19566774368286,0.9217035174369812,0.5067161917686462,0.10168498754501343,146050,15000,138.60446400212822,101.35841369628906,207.1806640625
1812,20.14697551727295,0.9226917028427124,0.5049730539321899,0.09559288620948792,146255,15000,137.30883700191043,101.79519653320312,207.1806640625
1813,20.255956649780273,0.9244906902313232,0.5036659240722656,0.09588653594255447,146458,15000,136.06982200144557,100.89683532714844,207.1806640625
1814,20.3004789352417,0.9261740446090698,0.5033262372016907,0.0952669009566307,146663,15000,134.9769219996233,100.33321380615234,207.1806640625
1815,20.272305011749268,0.9267845153808594,0.49897676706314087,0.0997575968503952,146876,15000,137.41202999881352,100.31747817993164,207.1806640625
1816,20.350353717803955,0.9295074939727783,0.49445152282714844,0.0989203080534935,147096,15000,136.62841699988348,100.7223129272461,207.1806640625
1817,20.365145206451416,0.9301515817642212,0.5023139715194702,0.0983385369181633,147305,15000,137.38871899840888,101.13215446472168,207.1806640625
1818,20.438296794891357,0.9312657713890076,0.48605379462242126,0.09694503247737885,147509,15000,136.20884500051034,100.85797309875488,207.1806640625
1819,20.417122840881348,0.9317214488983154,0.4787941873073578,0.09270334988832474,147723,15000,138.95977099673473,102.69880294799805,207.1806640625
1820,20.26393413543701,0.9295265674591064,0.482006311416626,0.10034812986850739,147930,15000,137.144611999247,101.49002075195312,207.1806640625
1821,20.184576511383057,0.9261144399642944,0.4932583272457123,0.1027371808886528,148136,15000,137.9215579981974,101.28045082092285,207.59716796875
1822,20.4007625579834,0.9282735586166382,0.4793463349342346,0.09733420610427856,148337,15000,136.1799059995974,101.5009880065918,207.59716796875
1823,20.37665843963623,0.9270142912864685,0.4777136445045471,0.10649699717760086,148561,15000,137.80651400156785,101.87888145446777,207.59716796875
1824,19.949604272842407,0.9190704822540283,0.48076221346855164,0.10901323705911636,148771,15000,137.49695599835832,102.74791717529297,207.59716796875
1825,20.122509002685547,0.9200270175933838,0.4856477677822113,0.10111989825963974,148964,15000,138.98909999988973,102.66375541687012,207.59716796875
1826,20.06608009338379,0.9173269271850586,0.47937241196632385,0.10960975289344788,149159,15000,140.97725900137448,103.96957397460938,209.28173828125
1827,20.03701686859131,0.914691150188446,0.4938797354698181,0.10287974029779434,149356,15000,139.08967200040934,103.32703590393066,209.3466796875
1828,20.158467292785645,0.9165179133415222,0.4959505796432495,0.10055215656757355,149560,15000,140.81354500012822,102.90122032165527,209.3466796875
1829,20.19665241241455,0.9176808595657349,0.49407079815864563,0.10573075711727142,149771,15000,140.52338800320285,102.86974906921387,209.3466796875
1830,20.324320793151855,0.9191843867301941,0.48649758100509644,0.10085917264223099,149964,15000,138.3897200030333,103.13534736633301,209.3466796875
1831,20.396618843078613,0.9214468002319336,0.48363280296325684,0.09243883937597275,149994,15000,138.96160299918847,102.95224189758301,209.3466796875
1832,20.393333435058594,0.9237521886825562,0.4816269874572754,0.09958040714263916,149999,15000,136.90407200192567,102.74362564086914,209.3466796875
1833,20.526952743530273,0.9250178337097168,0.47167178988456726,0.1017124205827713,150000,15000,136.69711299735354,102.92339324951172,209.3466796875
1834,20.63019037246704,0.9270757436752319,0.47142770886421204,0.09927982091903687,150000,15000,136.2694260024,103.1641960144043,209.3466796875
1835,20.530340671539307,0.9263954162597656,0.4690503478050232,0.08678197115659714,150000,15000,137.55092800056445,105.8511734008789,209.3466796875
1836,20.538358688354492,0.9260245561599731,0.4570106267929077,0.0992175042629242,150000,15000,134.96369199856417,102.98371315002441,209.3466796875
1837,20.674026012420654,0.9283270835876465,0.4593649208545685,0.09672100096940994,150000,15000,135.51220099907368,102.96440124511719,209.3466796875
1838,20.682284832000732,0.9298566579818726,0.46014195680618286,0.0883355513215065,150000,15000,135.82085099915275,103.29818725585938,209.3466796875
1839,19.901031255722046,0.9197136759757996,0.46147751808166504,0.09994400292634964,150000,15000,137.51974400292966,103.4238338470459,209.3466796875
1840,19.974865913391113,0.9202951192855835,0.4666360914707184,0.09212300926446915,150000,15000,136.52257199646556,102.63681411743164,209.3466796875
1841,20.593042373657227,0.9288989305496216,0.4593139886856079,0.09129426628351212,150000,15000,138.3067030001257,105.75580596923828,209.3466796875
1842,20.551369190216064,0.9274172782897949,0.4636615812778473,0.09828518331050873,150000,15000,136.0162130004028,103.39188575744629,209.3466796875
1843,20.553507804870605,0.9272578954696655,0.45898979902267456,0.09168949723243713,150000,15000,136.18564200078254,103.58905792236328,209.3466796875
1844,20.601303577423096,0.9276827573776245,0.4475429654121399,0.08675786107778549,150000,15000,137.44243199835182,103.20878028869629,209.3466796875
1845,20.71132183074951,0.9287575483322144,0.44529780745506287,0.09795605391263962,150000,15000,135.22415500119678,103.02090644836426,209.3466796875
1846,20.52748680114746,0.9248420596122742,0.45151573419570923,0.10173710435628891,150000,15000,135.57261699679657,103.26528549194336,209.3466796875
1847,20.61401128768921,0.9248206615447998,0.4494665265083313,0.0985904186964035,150000,15000,136.38490599987563,104.35867309570312,209.3466796875
1848,20.67725896835327,0.9269081950187683,0.4399215877056122,0.1044699177145958,150000,15000,137.77494299938553,104.7670841217041,209.3466796875
1849,20.637075901031494,0.9252170920372009,0.4505664110183716,0.10471847653388977,150000,15000,137.40788400173187,103.87229919433594,209.3466796875
1850,20.5208420753479,0.9240801334381104,0.4536890983581543,0.10113634169101715,150000,15000,137.26619199951529,104.16603088378906,209.3466796875
1851,20.685982704162598,0.9277982115745544,0.45018184185028076,0.10116346925497055,150000,15000,137.61759099725168,104.47144508361816,209.3466796875
1852,20.29014825820923,0.9221842288970947,0.45964038372039795,0.10944804549217224,150000,15000,141.6544599996996,103.64270210266113,209.3466796875
1853,20.513899326324463,0.9224287271499634,0.46745020151138306,0.10038275271654129,150000,15000,136.7862650004099,103.44314575195312,209.3466796875
1854,20.751938819885254,0.9260751008987427,0.45741450786590576,0.10053955018520355,150000,15000,134.56655200207024,102.86903381347656,209.3466796875
1855,20.321495532989502,0.9183055758476257,0.4808756709098816,0.09718440473079681,150000,15000,139.4369320005353,102.91290283203125,209.3466796875
1856,20.498197078704834,0.9198883771896362,0.47412043809890747,0.09808260202407837,150000,15000,137.5254419981502,103.68132591247559,209.3466796875
1857,20.545425415039062,0.9217478632926941,0.4795863926410675,0.09516774117946625,150000,15000,136.30338399889297,103.83820533752441,209.3466796875
1858,20.457637310028076,0.9186986684799194,0.47391894459724426,0.09515534341335297,150000,15000,136.34119400012423,103.2867431640625,209.3466796875
1859,20.641820430755615,0.9209966659545898,0.47249549627304077,0.09511572122573853,150000,15000,142.23071900050854,103.58977317810059,209.3466796875
1860,20.61730146408081,0.9217185378074646,0.47801315784454346,0.08717136085033417,150000,15000,136.58223699894734,103.97958755493164,209.3466796875
1861,20.718235969543457,0.9227169752120972,0.47062554955482483,0.09437958896160126,150000,15000,135.96425799914869,102.85091400146484,209.3466796875
1862,20.733602046966553,0.9248570203781128,0.4542742371559143,0.09103944152593613,150000,15000,137.26603200120735,103.61790657043457,209.3466796875
1863,20.879063606262207,0.928177535533905,0.46274664998054504,0.08841918408870697,150000,15000,136.36491800207295,103.74116897583008,209.3466796875
1864,20.460500717163086,0.9230689406394958,0.46214810013771057,0.10019324719905853,150000,15000,134.70818000132567,102.24604606628418,209.3466796875
1865,21.06494903564453,0.9300240874290466,0.45580098032951355,0.09636378288269043,150000,15000,135.1043610011402,103.07025909423828,209.3466796875
1866,20.964813232421875,0.9309715032577515,0.4473643898963928,0.09386555850505829,150000,15000,134.55227600206854,102.63252258300781,209.3466796875
1867,20.897536277770996,0.9298722147941589,0.4409661889076233,0.10021656006574631,150000,15000,136.29239800138748,102.76961326599121,209.3466796875
1868,20.794250965118408,0.9275984168052673,0.44393283128738403,0.09791955351829529,150000,15000,134.91523599805078,102.31637954711914,209.3466796875
1869,20.948407649993896,0.9296196699142456,0.43375349044799805,0.10811153054237366,150000,15000,137.6344220007013,104.45642471313477,209.3466796875
1870,20.806655883789062,0.9286491274833679,0.4316457509994507,0.10216620564460754,150000,15000,136.65227699675597,103.13820838928223,209.3466796875
1871,20.19045352935791,0.9167770147323608,0.4533693790435791,0.09220395982265472,150000,15000,136.37828299761168,103.41429710388184,209.3466796875
1872,20.265028476715088,0.9173550009727478,0.46077868342399597,0.09763702005147934,150000,15000,135.69058799839695,102.49638557434082,209.3466796875
1873,20.144693851470947,0.9149413108825684,0.4612205922603607,0.1092333272099495,150000,15000,138.97343300050125,101.88126564025879,209.3466796875
1874,19.79011058807373,0.9072985649108887,0.4701307713985443,0.10120338201522827,150000,15000,135.06992100155912,102.7376651763916,209.3466796875
1875,19.8346745967865,0.9071149826049805,0.46812427043914795,0.11850695312023163,150000,15000,137.85887799895136,101.98354721069336,209.3466796875
1876,20.023162364959717,0.9108450412750244,0.4654166102409363,0.10010091960430145,150000,15000,142.98469400091562,102.10275650024414,209.3466796875
1877,19.97154951095581,0.9100929498672485,0.46956074237823486,0.10690523684024811,150000,15000,136.26847900013672,102.33855247497559,209.3466796875
1878,20.241127014160156,0.9149672389030457,0.4552919268608093,0.10542961210012436,150000,15000,138.13749099790584,103.69038581848145,209.3466796875
1879,20.323493480682373,0.9169358611106873,0.4501936137676239,0.09620551764965057,150000,15000,140.82396199955838,102.82778739929199,209.3466796875
1880,20.195367336273193,0.9143638014793396,0.45356208086013794,0.10422965884208679,150000,15000,139.7555370022019,101.54438018798828,209.3466796875
1881,20.443966388702393,0.9177467226982117,0.4488782286643982,0.09206404536962509,150000,15000,134.9918460000481,102.13518142700195,209.3466796875
1882,20.533745288848877,0.9200064539909363,0.4422573745250702,0.11162960529327393,150000,15000,140.31332200102042,102.19931602478027,209.3466796875
1883,20.606577396392822,0.9209668040275574,0.4300656318664551,0.09887681156396866,150000,15000,140.5002070023329,102.21576690673828,209.3466796875
1884,20.366926193237305,0.9169328212738037,0.4440182149410248,0.09531942754983902,150000,15000,136.04400199983502,103.17850112915039,209.3466796875
1885,20.58924436569214,0.9208041429519653,0.4429278075695038,0.10297560691833496,150000,15000,136.63241299946094,102.81991958618164,209.3466796875
1886,20.644524097442627,0.9216090440750122,0.4365617632865906,0.10829100012779236,150000,15000,136.16846600052668,102.04529762268066,209.3466796875
1887,20.240168571472168,0.9154443740844727,0.44062894582748413,0.10254013538360596,150000,15000,134.61220400131424,101.42350196838379,209.3466796875
1888,20.46264886856079,0.9184543490409851,0.43932878971099854,0.09715216606855392,150000,15000,139.39165599731496,102.44274139404297,209.3466796875
1889,20.30118703842163,0.9174615144729614,0.44335755705833435,0.10852733254432678,150000,15000,136.00576600219938,102.03933715820312,209.3466796875
1890,19.943643808364868,0.9108567237854004,0.45834940671920776,0.11033696681261063,150000,15000,137.61756500025513,104.64620590209961,209.3466796875
1891,20.03331184387207,0.9120742678642273,0.45373523235321045,0.10540806502103806,150000,15000,134.98405799691682,101.32575035095215,209.3466796875
1892,20.273137092590332,0.9150220155715942,0.45886892080307007,0.10403081774711609,150000,15000,135.5912389990408,102.47087478637695,209.3466796875
1893,20.182437896728516,0.9139294028282166,0.4603877663612366,0.10948994010686874,150000,15000,136.06608599729952,101.6395092010498,209.3466796875
1894,20.235559940338135,0.9154220819473267,0.45743682980537415,0.08624410629272461,150000,15000,140.276995000022,101.28021240234375,209.3466796875
1895,20.359458923339844,0.9175156354904175,0.45389965176582336,0.11415514349937439,150000,15000,134.76346999959787,101.35340690612793,209.3466796875
1896,20.357003211975098,0.9171249270439148,0.4589937925338745,0.10824833810329437,150000,15000,133.375301000342,100.6016731262207,209.3466796875
1897,20.41187047958374,0.9179350137710571,0.4552750587463379,0.12448787689208984,150000,15000,133.61913900007494,100.42405128479004,209.3466796875
1898,20.568523406982422,0.9208215475082397,0.4487026333808899,0.08952886611223221,150000,15000,132.6125730010972,100.56042671203613,209.3466796875
1899,20.453720092773438,0.9204990267753601,0.4431970417499542,0.10786933451890945,150000,15000,134.99426300040795,100.98409652709961,209.3466796875
1900,20.26803493499756,0.9180986881256104,0.44627201557159424,0.09302574396133423,148201,15000,140.3782850029529,103.21235656738281,209.3466796875
1901,20.53462266921997,0.9225031733512878,0.44578295946121216,0.10286378115415573,148464,15000,139.29788400128018,102.6756763458252,209.3466796875
1902,20.440514087677002,0.9219859838485718,0.4482511281967163,0.1028624027967453,148738,15000,137.26237400260288,100.64029693603516,209.3466796875
1903,20.438239574432373,0.9221764802932739,0.4522339701652527,0.09249202907085419,148980,15000,136.59346100030234,100.79145431518555,209.3466796875
1904,20.656118392944336,0.9243350028991699,0.44676473736763,0.10118371993303299,149150,15000,136.26416099941707,100.52824020385742,209.3466796875
1905,20.55166244506836,0.9238806962966919,0.442399263381958,0.09150862693786621,149332,15000,137.24141100101406,100.90255737304688,209.3466796875
1906,20.6160569190979,0.9248031973838806,0.43417641520500183,0.09056108444929123,149548,15000,143.23439700092422,101.4242172241211,209.3466796875
1907,20.753798484802246,0.9269856810569763,0.433700829744339,0.08955691009759903,149770,15000,140.14251099797548,102.21099853515625,209.3466796875
1908,20.404493808746338,0.9236475825309753,0.42895621061325073,0.09717166423797607,149975,15000,139.69691500096815,101.81379318237305,209.3466796875
1909,20.446197986602783,0.9224311113357544,0.4316866993904114,0.09255421906709671,149999,15000,138.6289179972664,101.67217254638672,209.3466796875
1910,20.437614917755127,0.922389030456543,0.43975797295570374,0.0998196005821228,150000,15000,137.40858799792477,101.93586349487305,209.3466796875
1911,20.397512912750244,0.919956386089325,0.4390445947647095,0.11139702051877975,150000,15000,136.15012900118018,102.33402252197266,209.3466796875
1912,20.083482265472412,0.9150948524475098,0.44159379601478577,0.114947110414505,150000,15000,137.6864280027803,102.25367546081543,209.3466796875
1913,20.21150827407837,0.9164959788322449,0.4331010580062866,0.09813421964645386,150000,15000,136.87570900219725,102.80704498291016,209.3466796875
1914,20.283875465393066,0.9174350500106812,0.4264131188392639,0.11403518170118332,150000,15000,136.25390400193282,103.33466529846191,209.3466796875
1915,20.319554805755615,0.9173792600631714,0.4280011057853699,0.10213994979858398,150000,15000,137.12988500265055,102.71978378295898,209.3466796875
1916,20.400097370147705,0.9192044734954834,0.42761802673339844,0.11480943858623505,150000,15000,134.66631999835954,101.64141654968262,209.3466796875
1917,20.63004970550537,0.9221655130386353,0.4208988845348358,0.1155930683016777,150000,15000,140.4426000008243,104.34818267822266,209.3466796875
1918,20.578114986419678,0.9202989935874939,0.41984421014785767,0.10413765162229538,150000,15000,135.57921100073145,101.49264335632324,209.3466796875
1919,20.644385814666748,0.9222738146781921,0.41531509160995483,0.09619905799627304,150000,15000,134.81224999850383,101.7615795135498,209.3466796875
1920,20.581305027008057,0.9207574129104614,0.41581007838249207,0.10321901738643646,150000,15000,135.56296399838175,102.45084762573242,209.3466796875
1921,20.5307936668396,0.9197064638137817,0.41306108236312866,0.11112029105424881,150000,15000,134.60018600017065,101.87602043151855,209.3466796875
1922,20.760042667388916,0.9233078956604004,0.4098740816116333,0.10134051740169525,150000,15000,138.8591479990282,105.77774047851562,209.3466796875
1923,20.889265537261963,0.9254583120346069,0.41154786944389343,0.09881599247455597,150000,15000,140.48596599968732,104.89344596862793,209.3466796875
1924,20.911102294921875,0.925960898399353,0.3995118737220764,0.10218172520399094,150000,15000,134.29337100023986,101.43399238586426,209.3466796875
1925,20.8764386177063,0.9239720106124878,0.392953097820282,0.0990777537226677,150000,15000,138.20062800004962,101.90773010253906,209.3466796875
1926,21.014742851257324,0.9270349740982056,0.38422033190727234,0.1108984500169754,150000,15000,134.90946300225914,101.46069526672363,209.3466796875
1927,21.075282096862793,0.9278229475021362,0.3870483636856079,0.0994277074933052,150000,15000,135.76772899978096,101.51147842407227,209.3466796875
1928,21.11649751663208,0.9279454946517944,0.3824068307876587,0.08939668536186218,150000,15000,134.916813000018,101.66120529174805,209.3466796875
1929,20.81716775894165,0.9258522987365723,0.3951885402202606,0.10220872610807419,150000,15000,138.72502599770087,103.15442085266113,209.3466796875
1930,20.98989248275757,0.9263755679130554,0.38218992948532104,0.09978574514389038,150000,15000,136.56822000120883,103.01089286804199,209.3466796875
1931,21.208508014678955,0.9285640716552734,0.37774938344955444,0.0878368392586708,150000,15000,134.47930199981784,101.3484001159668,209.3466796875
1932,20.986907482147217,0.925910234451294,0.3813377022743225,0.0865418091416359,150000,15000,138.82817999910912,101.11379623413086,209.3466796875
1933,21.204981803894043,0.9302328824996948,0.38426288962364197,0.08186359703540802,150000,15000,136.64276599956793,101.01079940795898,209.3466796875
1934,21.083972454071045,0.930149495601654,0.3779201805591583,0.08551639318466187,150000,15000,134.84419800079195,101.44281387329102,209.3466796875
1935,21.25326156616211,0.9324457049369812,0.3743654191493988,0.1099899485707283,150000,15000,138.6772400001064,100.96549987792969,209.3466796875
1936,21.199824810028076,0.9318928718566895,0.382371187210083,0.09626366943120956,150000,15000,134.87392300157808,100.94761848449707,209.3466796875
1937,20.77988624572754,0.9265928268432617,0.3891027271747589,0.11211920529603958,150000,15000,133.22670599882258,100.91757774353027,209.3466796875
1938,20.65845012664795,0.9251355528831482,0.40289944410324097,0.1142224594950676,150000,15000,135.20362100098282,101.33814811706543,209.3466796875
1939,20.691967010498047,0.924828290939331,0.40560415387153625,0.10268890112638474,150000,15000,135.64037299875054,101.52101516723633,209.3466796875
1940,20.67185878753662,0.923699140548706,0.4090782701969147,0.102344810962677,150000,15000,136.5185040012875,102.39839553833008,209.3466796875
1941,20.688905715942383,0.9241673946380615,0.40341973304748535,0.09029701352119446,150000,15000,135.3264429999399,101.05156898498535,209.3466796875
1942,21.036295890808105,0.928738534450531,0.3979381322860718,0.09230076521635056,150000,15000,134.82388500051457,101.54271125793457,209.3466796875
1943,21.04297637939453,0.9290775060653687,0.39596426486968994,0.10324948281049728,150000,15000,134.28943100007018,100.98743438720703,209.3466796875
1944,21.132140159606934,0.9301857948303223,0.38791924715042114,0.10679271072149277,150000,15000,141.17109899962088,100.66747665405273,209.3466796875
1945,21.216135025024414,0.9310745000839233,0.3824312090873718,0.10498496890068054,150000,15000,137.76606100145727,101.33743286132812,209.3466796875
1946,21.28363847732544,0.9316141605377197,0.3817201852798462,0.09048891812562943,150000,15000,136.7807470014668,101.02319717407227,209.3466796875
1947,21.267776489257812,0.9317065477371216,0.38089245557785034,0.08867719024419785,150000,15000,134.6425209994777,101.24707221984863,209.3466796875
1948,21.310138702392578,0.931830644607544,0.3799978494644165,0.08786047995090485,150000,15000,134.5899109983293,101.05419158935547,209.3466796875
1949,21.29582405090332,0.9323052167892456,0.37395161390304565,0.08539378643035889,150000,15000,136.24649399935151,101.80115699768066,209.3466796875
1950,21.208786964416504,0.932079553604126,0.3739560842514038,0.10528292506933212,150000,15000,137.58455500283162,103.729248046875,209.3466796875
1951,21.24392032623291,0.9320273399353027,0.37518110871315,0.10524000972509384,150000,15000,136.025088999304,102.02646255493164,209.3466796875
1952,21.38319969177246,0.9328659772872925,0.3734917640686035,0.09018459171056747,150000,15000,134.81195799977286,101.14192962646484,209.3466796875
1953,21.37760639190674,0.9341278076171875,0.37511783838272095,0.08447548747062683,150000,15000,134.62282299951767,101.0901927947998,209.3466796875
1954,21.296260356903076,0.9324154853820801,0.3737300634384155,0.08427422493696213,150000,15000,134.89261599897873,101.1800765991211,209.3466796875
1955,20.984416007995605,0.9270390272140503,0.38722750544548035,0.1014164462685585,150000,15000,137.50664699909976,102.5381088256836,209.3466796875
1956,21.068029403686523,0.9286619424819946,0.3942607641220093,0.10875795036554337,150000,15000,135.26267600173014,101.47881507873535,209.3466796875
1957,21.149964332580566,0.9290575385093689,0.3864656984806061,0.10586174577474594,150000,15000,135.44974400065257,101.50837898254395,209.3466796875
1958,21.12356185913086,0.928708553314209,0.3853769302368164,0.09916137158870697,150000,15000,134.87167899802444,101.44710540771484,209.3466796875
1959,20.7981276512146,0.9250158071517944,0.38603147864341736,0.09452087432146072,150000,15000,135.12989100127015,101.54223442077637,209.3466796875
1960,20.42090654373169,0.91929692029953,0.39658278226852417,0.09384958446025848,150000,15000,137.4901929993939,101.74846649169922,209.3466796875
1961,20.816688537597656,0.9234217405319214,0.3897760510444641,0.09692275524139404,150000,15000,135.6018619990209,101.65977478027344,209.3466796875
1962,20.72303295135498,0.9222568273544312,0.39159882068634033,0.10712150484323502,150000,15000,135.22946900047828,101.74083709716797,209.3466796875
1963,21.13558530807495,0.9279237985610962,0.3913663327693939,0.11026719212532043,150000,15000,142.44461699854583,104.92205619812012,209.3466796875
1964,21.02215051651001,0.9270615577697754,0.3931443393230438,0.09705651551485062,150000,15000,138.17820199983544,100.9984016418457,209.3466796875
1965,21.207571029663086,0.9277490973472595,0.38934093713760376,0.10953682661056519,150000,15000,138.51014399915584,101.09758377075195,209.3466796875
1966,21.1796236038208,0.9281047582626343,0.38850557804107666,0.10754673182964325,150000,15000,135.50624300114578,100.85821151733398,209.3466796875
1967,21.16576910018921,0.9286594390869141,0.38914433121681213,0.10523174703121185,150000,15000,136.56013900254038,103.23500633239746,209.3466796875
1968,21.304965019226074,0.9312303066253662,0.3786464035511017,0.08882127702236176,150000,15000,135.6444979974185,100.9976863861084,209.3466796875
1969,21.42634153366089,0.9318708777427673,0.37486732006073,0.08905994147062302,150000,15000,138.70866499928525,100.62932968139648,209.3466796875
1970,19.313476085662842,0.9184717535972595,0.37508225440979004,0.1020374670624733,150000,15000,133.56233399827033,100.66080093383789,209.3466796875
1971,21.304235458374023,0.9316396713256836,0.3737967610359192,0.07998791337013245,150000,15000,135.3286970006593,100.3420352935791,209.3466796875
1972,21.237268447875977,0.9333984851837158,0.37024080753326416,0.07993831485509872,150000,15000,133.20564300011029,100.17538070678711,209.3466796875
1973,21.108582019805908,0.9313585162162781,0.3723568320274353,0.08338266611099243,150000,15000,132.94345599933877,100.26001930236816,209.3466796875
1974,21.254379749298096,0.9330703616142273,0.3699064254760742,0.08629012852907181,150000,15000,133.64092499978142,100.33583641052246,209.3466796875
1975,21.375341415405273,0.9354212284088135,0.36592546105384827,0.09288625419139862,150000,15000,132.82462099959957,100.17514228820801,209.3466796875
1976,21.174650192260742,0.9338173866271973,0.3674595057964325,0.08710432797670364,150000,15000,133.55641999805812,100.76785087585449,209.3466796875
1977,21.275761127471924,0.9341642260551453,0.36274123191833496,0.08407530188560486,150000,15000,135.55244599774596,101.97043418884277,209.3466796875
1978,21.32171869277954,0.9351285696029663,0.3609810471534729,0.08282256126403809,150000,15000,136.89679100207286,100.88682174682617,209.3466796875
1979,20.99700927734375,0.932176947593689,0.36468225717544556,0.09233712404966354,150000,15000,136.01613300124882,101.41849517822266,209.3466796875
1980,21.07675313949585,0.93211829662323,0.3682746887207031,0.09320239722728729,150000,15000,135.60673699976178,101.71699523925781,209.3466796875
1981,21.119613647460938,0.9331538081169128,0.3679484724998474,0.08984418958425522,150000,15000,134.30732200140483,101.25446319580078,209.3466796875
1982,21.110291481018066,0.9337310791015625,0.367233544588089,0.09286272525787354,150000,15000,143.1135170023481,104.79235649108887,209.3466796875
1983,20.991082191467285,0.9322001338005066,0.3684920072555542,0.08724235743284225,150000,15000,136.54154799951357,100.90923309326172,209.3466796875
1984,20.826985836029053,0.930475652217865,0.3713352680206299,0.10359935462474823,150000,15000,134.69709499986493,100.7685661315918,209.3466796875
1985,20.784525871276855,0.9307886958122253,0.3760479688644409,0.08881425857543945,150000,15000,136.0885319991212,101.84073448181152,209.3466796875
1986,20.591583251953125,0.9271095991134644,0.3934694230556488,0.0902351588010788,150000,15000,138.76465200155508,100.96859931945801,209.3466796875
1987,20.5509614944458,0.9263688921928406,0.3972976505756378,0.12006918340921402,150000,15000,134.92353999754414,101.43876075744629,209.3466796875
1988,20.63039779663086,0.9303190112113953,0.39953917264938354,0.09048416465520859,150000,15000,136.93037300254218,101.74989700317383,209.3466796875
1989,20.62828540802002,0.929039478302002,0.39662083983421326,0.1006324291229248,150000,15000,135.7402749999892,100.72803497314453,209.3466796875
1990,20.77143669128418,0.9308885931968689,0.4023580551147461,0.09896223992109299,150000,15000,133.58259500091663,100.3413200378418,209.3466796875
1991,20.76990842819214,0.9330661296844482,0.3908071517944336,0.0884583443403244,150000,15000,135.47269399714423,101.76706314086914,209.3466796875
1992,20.789780616760254,0.9326984286308289,0.38868096470832825,0.09042145311832428,150000,15000,135.4562119995535,99.9608039855957,209.3466796875
1993,20.786592960357666,0.9326948523521423,0.3940925598144531,0.09892585128545761,150000,15000,141.46105499821715,104.02798652648926,209.3466796875
1994,20.865907669067383,0.9340343475341797,0.3904982805252075,0.08815446496009827,150000,15000,140.44812100109993,102.31566429138184,209.3466796875
1995,20.831146240234375,0.9336678981781006,0.38942980766296387,0.08930753171443939,150000,15000,138.2692510014749,101.32670402526855,209.3466796875
1996,20.466761589050293,0.9302272796630859,0.39446330070495605,0.09660143405199051,150000,15000,136.11128500269842,101.19318962097168,209.3466796875
1997,20.572948455810547,0.9327074885368347,0.391730934381485,0.09124387055635452,150000,15000,135.14861699877656,101.9279956817627,209.3466796875
1998,20.5265212059021,0.9304275512695312,0.38822099566459656,0.0843283087015152,150000,15000,138.6459300010756,103.26576232910156,209.3466796875
1999,20.183074474334717,0.9201621413230896,0.4089556634426117,0.08303510397672653,150000,15000,136.6618189967994,102.15163230895996,209.3466796875
2000,20.325143337249756,0.9224843978881836,0.41421133279800415,0.08259056508541107,148229,15000,138.7976650003111,100.76022148132324,209.3466796875
2001,20.64004421234131,0.9299420118331909,0.4059893786907196,0.08136852085590363,148497,15000,140.39244199739187,100.89468955993652,209.3466796875
2002,20.700900554656982,0.9277490377426147,0.4159729480743408,0.08223208039999008,148758,15000,139.8401330006891,100.33917427062988,209.3466796875
2003,20.888071060180664,0.9333207011222839,0.4110671877861023,0.09004361182451248,149018,15000,143.06362099887338,101.08470916748047,209.3466796875
2004,21.12701416015625,0.9354919195175171,0.40042269229888916,0.08852091431617737,149195,15000,140.12388099945383,100.85105895996094,209.3466796875
2005,21.201987266540527,0.9343404173851013,0.3936016857624054,0.07767892628908157,149384,15000,139.23862199953874,101.08733177185059,209.3466796875
2006,21.2100887298584,0.9359697103500366,0.39513683319091797,0.08632545918226242,149594,15000,140.54886300073122,102.57792472839355,209.3466796875
2007,21.354475021362305,0.9390847682952881,0.3813382089138031,0.08878833055496216,149829,15000,138.56221699825255,101.28164291381836,209.3466796875
2008,20.979773998260498,0.9321843981742859,0.3931328356266022,0.08654365688562393,149979,15000,138.22958299715538,101.27830505371094,209.3466796875
2009,20.718212127685547,0.9287816882133484,0.3919751048088074,0.09320516139268875,149999,15000,141.15518100152258,101.68004035949707,209.3466796875
2010,21.233139038085938,0.9362255930900574,0.3906850516796112,0.09434549510478973,149999,15000,140.4893090002588,101.99666023254395,209.3466796875
2011,21.27009153366089,0.9372611045837402,0.3865666687488556,0.08203382045030594,150000,15000,159.6708569995826,105.32689094543457,209.3466796875
2012,21.24847173690796,0.9372539520263672,0.3895397484302521,0.07800376415252686,150000,15000,144.30925200213096,106.2171459197998,209.3466796875
2013,21.284472942352295,0.9380871653556824,0.38697001338005066,0.07897236943244934,150000,15000,144.20274200165295,105.68857192993164,209.3466796875
2014,21.176655292510986,0.9347454905509949,0.38817936182022095,0.08719183504581451,150000,15000,136.28475299992715,101.35030746459961,209.3466796875
2015,21.185128688812256,0.9358022212982178,0.3860560655593872,0.09844516962766647,150000,15000,134.56238000071608,101.50766372680664,209.3466796875
2016,21.366209983825684,0.9378218650817871,0.3853282332420349,0.09785221517086029,150000,15000,140.11091499924078,102.46562957763672,209.3466796875
2017,21.22495412826538,0.9357487559318542,0.3835272192955017,0.09738235920667648,150000,15000,136.45890499901725,101.1505126953125,209.3466796875
2018,20.888028144836426,0.9305753707885742,0.39487355947494507,0.10076514631509781,150000,15000,134.6538280013192,101.6383171081543,209.3466796875
2019,21.16950750350952,0.9352327585220337,0.39214542508125305,0.09184066951274872,150000,15000,139.6616179990815,100.79002380371094,209.3466796875
2020,21.041512489318848,0.9346322417259216,0.3862711787223816,0.0932537317276001,150000,15000,140.85787899966817,102.09894180297852,209.3466796875
2021,21.098480224609375,0.9355601072311401,0.3895374536514282,0.08560311794281006,150000,15000,136.21692400192842,102.05793380737305,209.3466796875
2022,21.271448135375977,0.9381052255630493,0.3919913172721863,0.08416718244552612,150000,15000,138.97408200136852,101.74560546875,209.3466796875
2023,21.146605014801025,0.9351186752319336,0.38579702377319336,0.0927458256483078,150000,15000,134.66043299922603,101.49288177490234,209.3466796875
2024,20.97783088684082,0.9346425533294678,0.38716834783554077,0.08601151406764984,150000,15000,135.6274290010333,101.89294815063477,209.3466796875
2025,21.155242919921875,0.9359227418899536,0.3823798894882202,0.08814354985952377,150000,15000,134.0954689985665,101.26662254333496,209.3466796875
2026,21.353297233581543,0.9395536780357361,0.38004404306411743,0.08966459333896637,150000,15000,134.81175500055542,101.34339332580566,209.3466796875
2027,20.959773063659668,0.9346710443496704,0.3906818628311157,0.08767875283956528,150000,15000,135.58767499853275,101.68600082397461,209.3466796875
2028,20.966732501983643,0.9345601797103882,0.39388933777809143,0.09405481815338135,150000,15000,139.3181370003731,100.84891319274902,209.3466796875
2029,20.785915851593018,0.9291331171989441,0.3985232412815094,0.07578348368406296,150000,15000,140.9203389994218,101.37939453125,209.3466796875
2030,20.55536985397339,0.9265264868736267,0.39418697357177734,0.09461922943592072,150000,15000,143.74834599948372,102.46849060058594,209.3466796875
2031,20.782005786895752,0.9281191825866699,0.40116086602211,0.0863441601395607,150000,15000,136.02224300120724,102.6761531829834,209.3466796875
2032,21.070632934570312,0.9337074160575867,0.3977104127407074,0.0821249783039093,150000,15000,135.99091899959603,102.48923301696777,209.3466796875
2033,21.123499870300293,0.9382321834564209,0.3787948489189148,0.08546550571918488,150000,15000,135.87146400095662,101.72510147094727,209.3466796875
2034,19.523061513900757,0.9098441004753113,0.3979650139808655,0.10172468423843384,150000,15000,138.59335899906,101.04990005493164,209.3466796875
2035,19.012833833694458,0.9003176689147949,0.4170231223106384,0.08938788622617722,150000,15000,142.2949529987818,103.23619842529297,209.3466796875
2036,19.838762283325195,0.9152851104736328,0.42229554057121277,0.09795859456062317,150000,15000,141.25363800121704,104.47859764099121,209.3466796875
2037,19.957849979400635,0.9171046614646912,0.43242624402046204,0.10630588233470917,150000,15000,136.3385479999124,102.26011276245117,209.3466796875
2038,20.11174201965332,0.9204686880111694,0.43634480237960815,0.08897804468870163,150000,15000,138.3677539997734,104.07066345214844,209.3466796875
2039,19.638755321502686,0.9116975665092468,0.44815829396247864,0.08774395287036896,150000,15000,139.03915300033987,105.00454902648926,209.3466796875
2040,20.051939487457275,0.9193171858787537,0.43777087330818176,0.10530729591846466,150000,15000,140.24872300069546,101.90868377685547,209.3466796875
2041,20.33848285675049,0.9258668422698975,0.4429224133491516,0.08595316857099533,150000,15000,135.54134700098075,101.30691528320312,209.3466796875
2042,20.08655071258545,0.9210511445999146,0.4467141628265381,0.10434990376234055,150000,15000,135.0281900013215,101.34506225585938,209.3466796875
2043,20.33834218978882,0.9247130155563354,0.44700348377227783,0.09641429781913757,150000,15000,136.10238800174557,101.36747360229492,209.3466796875
2044,20.49856662750244,0.9287628531455994,0.44501930475234985,0.09219396114349365,150000,15000,134.4281179990503,101.2568473815918,209.3466796875
2045,20.51222562789917,0.9298269152641296,0.4492158591747284,0.09260527044534683,150000,15000,139.98143500066362,101.16720199584961,209.3466796875
2046,20.43715000152588,0.9290657043457031,0.4431932866573334,0.10621722042560577,150000,15000,134.93762999860337,100.85129737854004,209.3466796875
2047,20.53041696548462,0.9287660121917725,0.44665589928627014,0.08813854306936264,150000,15000,134.0282240016677,101.58491134643555,209.3466796875
2048,20.7397723197937,0.9332670569419861,0.45556795597076416,0.09499213099479675,150000,15000,134.95490399873233,101.40347480773926,209.3466796875
2049,20.573270320892334,0.9324795007705688,0.44631364941596985,0.08848430961370468,150000,15000,137.38872300018556,101.20129585266113,209.3466796875
2050,20.75016736984253,0.9354140758514404,0.4548235535621643,0.08344486355781555,150000,15000,144.78126899848576,105.83043098449707,209.3466796875
2051,20.52076816558838,0.9322375059127808,0.4508047103881836,0.10119832307100296,150000,15000,143.695127000683,107.34772682189941,209.3466796875
2052,20.965960025787354,0.938301682472229,0.44167560338974,0.08190426230430603,150000,15000,144.2994879980688,105.58652877807617,209.3466796875
2053,20.848376750946045,0.9371339082717896,0.44689905643463135,0.08509624749422073,150000,15000,145.5934879995766,108.12044143676758,209.3466796875
2054,20.832324028015137,0.9375807046890259,0.441744863986969,0.0898088663816452,150000,15000,143.35164099975373,105.77225685119629,209.3466796875
2055,20.351929664611816,0.9300143122673035,0.45654118061065674,0.08840120583772659,150000,15000,141.86885899835033,106.46772384643555,209.3466796875
2056,20.385072231292725,0.9305505752563477,0.4587390720844269,0.09391935914754868,150000,15000,144.64645100088092,109.09533500671387,209.3466796875
2057,20.799920558929443,0.9366234540939331,0.4516008496284485,0.08787839114665985,150000,15000,144.4331160018919,107.85675048828125,209.3466796875
2058,20.45600175857544,0.9315817356109619,0.4575045704841614,0.08199920505285263,150000,15000,146.86427299966454,106.04476928710938,209.3466796875
2059,20.795388221740723,0.9371492862701416,0.45301270484924316,0.0948478952050209,150000,15000,141.5285710027092,102.4923324584961,209.3466796875
2060,20.568208694458008,0.9350371360778809,0.4566055238246918,0.09535807371139526,150000,15000,136.0040020008455,101.71341896057129,209.3466796875
2061,20.593042373657227,0.9341431856155396,0.45782727003097534,0.08138463646173477,150000,15000,139.0519550004683,101.03511810302734,209.3466796875
2062,20.594053268432617,0.934032142162323,0.4609772562980652,0.08609054237604141,150000,15000,138.41760399736813,100.77381134033203,209.3466796875
2063,20.588655471801758,0.9343452453613281,0.4656107425689697,0.08354804664850235,150000,15000,137.86854399950244,105.03721237182617,209.3466796875
2064,20.40367841720581,0.9312728643417358,0.4657987952232361,0.09417774528265,150000,15000,134.57410000046366,100.8298397064209,209.3466796875
2065,20.028538703918457,0.9247719049453735,0.47952181100845337,0.09008713066577911,150000,15000,139.77832599994144,100.9070873260498,209.3466796875
2066,20.116817951202393,0.926201343536377,0.47577667236328125,0.09286987036466599,150000,15000,138.695737998205,104.72917556762695,209.3466796875
2067,19.963431358337402,0.9243141412734985,0.4804748296737671,0.08926283568143845,150000,15000,134.6049759995367,100.82745552062988,209.3466796875
2068,19.71720576286316,0.9186919927597046,0.4903070628643036,0.09722258895635605,150000,15000,136.2074240023503,102.34427452087402,209.3466796875
2069,19.787719249725342,0.9197849631309509,0.4930115044116974,0.09675224870443344,150000,15000,135.2950359978422,101.13525390625,209.3466796875
2070,19.65874671936035,0.9191064238548279,0.49263614416122437,0.09731369465589523,150000,15000,138.74178300102358,101.97782516479492,209.3466796875
2071,19.54332709312439,0.9161373972892761,0.48693981766700745,0.09450148046016693,150000,15000,141.94887899793684,101.70841217041016,209.3466796875
2072,19.257885217666626,0.9098607897758484,0.5029774904251099,0.0977778360247612,150000,15000,134.54815300065093,101.07636451721191,209.3466796875
2073,19.481241703033447,0.9147472381591797,0.5073404312133789,0.09410006552934647,150000,15000,134.47721899865428,101.03225708007812,209.3466796875
2074,19.555935859680176,0.9151486158370972,0.5078350901603699,0.10313455760478973,150000,15000,135.27550800063182,101.68957710266113,209.3466796875
2075,19.157222509384155,0.9073159098625183,0.5161867141723633,0.10831961035728455,150000,15000,133.84475899874815,100.50821304321289,209.3466796875
2076,19.272024631500244,0.9071338176727295,0.5225339531898499,0.11738988757133484,150000,15000,134.40271299987216,101.31263732910156,209.3466796875
2077,19.245628118515015,0.9072567224502563,0.5335864424705505,0.11376956105232239,150000,15000,136.30917699993006,101.80401802062988,209.3466796875
2078,19.31891441345215,0.9101094007492065,0.5339210629463196,0.11479213088750839,150000,15000,135.52146599977277,100.87800025939941,209.3466796875
2079,19.6798038482666,0.9159436225891113,0.5257585644721985,0.10863666236400604,150000,15000,138.44013499692664,103.42526435852051,209.3466796875
2080,19.56986665725708,0.9162464141845703,0.5176413655281067,0.11163472384214401,150000,15000,137.50959000026342,100.93450546264648,209.3466796875
2081,19.415559768676758,0.914644718170166,0.5312924385070801,0.10865797847509384,150000,15000,134.2652149978676,101.09353065490723,209.3466796875
2082,19.728374481201172,0.9198183417320251,0.5189419388771057,0.10275410860776901,150000,15000,134.35445800132584,100.6021499633789,209.3466796875
2083,18.93127679824829,0.9056862592697144,0.5239405632019043,0.09700382500886917,150000,15000,134.36993899813388,101.08447074890137,209.3466796875
2084,19.081737995147705,0.9091440439224243,0.5292964577674866,0.10265292227268219,150000,15000,133.2959950013901,100.48961639404297,209.3466796875
2085,19.190770387649536,0.9121143221855164,0.5279984474182129,0.09704180061817169,150000,15000,134.96114000008674,101.20964050292969,209.3466796875
2086,19.47954773902893,0.9168577194213867,0.5184396505355835,0.09082532674074173,150000,15000,134.16551100090146,100.68774223327637,209.3466796875
2087,19.4868803024292,0.9173624515533447,0.5196480751037598,0.08615899085998535,150000,15000,133.8082080001186,100.69751739501953,209.3466796875
2088,19.50414776802063,0.917235791683197,0.5215365290641785,0.09408270567655563,150000,15000,134.87901100234012,100.72731971740723,209.3466796875
2089,18.947033882141113,0.9088236689567566,0.5175666213035583,0.09554759413003922,150000,15000,135.81718799832743,101.45831108093262,209.3466796875
2090,19.052765369415283,0.9102947115898132,0.508154571056366,0.10014185309410095,150000,15000,135.32905900137848,101.56798362731934,209.3466796875
2091,19.324240684509277,0.91555255651474,0.510723352432251,0.0867040753364563,150000,15000,134.37967500067316,100.04997253417969,209.3466796875
2092,19.389551877975464,0.9169858694076538,0.5140361785888672,0.0795624777674675,150000,15000,134.94358699972508,101.33934020996094,209.3466796875
2093,19.513638019561768,0.9190188646316528,0.5127034187316895,0.09024213254451752,150000,15000,134.16837999830022,100.74710845947266,209.3466796875
2094,19.56048607826233,0.9200220108032227,0.5149214267730713,0.08376242965459824,150000,15000,138.53030199970817,100.18730163574219,209.3466796875
2095,19.62470769882202,0.9208582639694214,0.5158882141113281,0.08293754607439041,150000,15000,136.5790219970222,100.88586807250977,209.3466796875
2096,19.57461953163147,0.9200937747955322,0.5224072933197021,0.0925448089838028,150000,15000,141.61555400278303,101.58014297485352,209.3466796875
2097,19.769341945648193,0.9235563278198242,0.5232260227203369,0.08045335114002228,150000,15000,134.71626099999412,100.63576698303223,209.3466796875
2098,19.837695360183716,0.9250068664550781,0.5186567902565002,0.07325474172830582,150000,15000,134.30313999924692,101.22823715209961,209.3466796875
2099,19.75292444229126,0.9241942763328552,0.5164904594421387,0.08180691301822662,150000,15000,134.4746330032649,100.60572624206543,209.3466796875
2100,19.71743941307068,0.9226731657981873,0.5134080648422241,0.08761976659297943,148287,15000,141.08078500066767,101.28140449523926,209.3466796875
2101,19.901375770568848,0.9245001673698425,0.48453488945961,0.08047867566347122,148575,15000,138.65295499999775,99.76339340209961,209.3466796875
2102,20.206339359283447,0.9296263456344604,0.47268688678741455,0.09153252094984055,148871,15000,139.87243099836633,101.70722007751465,209.3466796875
2103,20.46100378036499,0.9334094524383545,0.451326459646225,0.0805739238858223,149120,15000,139.50823499908438,100.68559646606445,209.3466796875
2104,20.55607557296753,0.934758186340332,0.4510951638221741,0.08306906372308731,149297,15000,138.80646899997373,101.21774673461914,209.3466796875
2105,20.49485683441162,0.9346346855163574,0.44942212104797363,0.07406990230083466,149497,15000,139.18621100310702,101.47500038146973,209.3466796875
2106,20.7460880279541,0.9374263286590576,0.44698551297187805,0.07513982802629471,149729,15000,138.43734100009897,101.96638107299805,209.3466796875
2107,20.666954517364502,0.9361143112182617,0.45266056060791016,0.08526645600795746,149966,15000,139.17602699802956,102.18548774719238,209.3466796875
2108,20.928845405578613,0.9394277334213257,0.4367496967315674,0.08122454583644867,149999,15000,136.1599269985163,100.86655616760254,209.3466796875
2109,20.80618143081665,0.9394964575767517,0.44272175431251526,0.07232267409563065,150000,15000,141.77639699846623,100.35943984985352,209.3466796875
2110,20.89019775390625,0.940283477306366,0.4334409832954407,0.07929488271474838,150000,15000,139.08938600070542,100.81267356872559,209.3466796875
2111,20.649402141571045,0.937903106212616,0.4364257752895355,0.07787210494279861,150000,15000,134.38138699712,101.06801986694336,209.3466796875
2112,20.77913522720337,0.9399248361587524,0.43407583236694336,0.06973960250616074,150000,15000,133.43266599986237,100.53038597106934,209.3466796875
2113,20.767629146575928,0.9397112727165222,0.4275681972503662,0.07387623935937881,150000,15000,134.84297500326647,100.53396224975586,209.3466796875
2114,20.69920778274536,0.9398539066314697,0.43382129073143005,0.06505542248487473,150000,15000,133.50859099955414,100.74806213378906,209.3466796875
2115,20.759742259979248,0.9398505091667175,0.4374222457408905,0.0697750598192215,150000,15000,133.3722460003628,100.1741886138916,209.3466796875
2116,20.912599563598633,0.9417127370834351,0.43852806091308594,0.06395906209945679,150000,15000,136.69494900022983,102.05245018005371,209.3466796875
2117,21.137967109680176,0.9456329345703125,0.4249385893344879,0.06073214113712311,150000,15000,136.89808400158654,103.25026512145996,209.3466796875
2118,20.789496898651123,0.9407106637954712,0.43125098943710327,0.06328064948320389,150000,15000,135.91413899848703,100.48818588256836,209.3466796875
2119,21.05001926422119,0.9438759684562683,0.4299936890602112,0.05795374512672424,150000,15000,136.6277409979375,100.65937042236328,209.3466796875
2120,20.93592643737793,0.9431277513504028,0.4256972670555115,0.05806989595293999,150000,15000,134.48879299903638,101.20081901550293,209.3466796875
2121,21.035897731781006,0.9433240294456482,0.42641258239746094,0.06076963245868683,150000,15000,135.585842999717,100.8915901184082,209.3466796875
2122,19.747915267944336,0.9246734976768494,0.4468250572681427,0.06928510963916779,150000,15000,276.62550899913185,100.90184211730957,209.3466796875
2123,19.654582738876343,0.9209499359130859,0.4551600217819214,0.0652242973446846,150000,15000,134.70264799980214,100.74973106384277,209.3466796875
2124,19.435278177261353,0.9176494479179382,0.4691922068595886,0.06855106353759766,150000,15000,134.37657300164574,100.74520111083984,209.3466796875
2125,19.47820782661438,0.9189569354057312,0.48449915647506714,0.06345639377832413,150000,15000,134.15453099878505,101.18985176086426,209.3466796875
2126,20.386369228363037,0.9319419264793396,0.48114141821861267,0.061821699142456055,150000,15000,133.91771700116806,100.82411766052246,209.3466796875
2127,20.711469650268555,0.938170850276947,0.46930810809135437,0.059383004903793335,150000,15000,133.47704800253268,100.5399227142334,209.3466796875
2128,20.76948881149292,0.9382691383361816,0.47083309292793274,0.059678517282009125,150000,15000,135.73240599725978,102.80060768127441,209.3466796875
2129,20.978305339813232,0.9408198595046997,0.4555421471595764,0.05994207412004471,150000,15000,134.0536110001267,100.41189193725586,209.3466796875
2130,20.883023738861084,0.939895510673523,0.45008137822151184,0.05954016372561455,150000,15000,132.89849200009485,100.36563873291016,209.3466796875
2131,21.152901649475098,0.9432360529899597,0.45338931679725647,0.056682001799345016,150000,15000,132.94007399963448,100.71396827697754,209.3466796875
2132,20.568456649780273,0.9346232414245605,0.45212429761886597,0.05992810055613518,150000,15000,133.5575900011463,100.63838958740234,209.3466796875
2133,20.502772331237793,0.9338245391845703,0.45060595870018005,0.06984947621822357,150000,15000,132.56925899986527,100.27790069580078,209.3466796875
2134,20.84435224533081,0.9386934041976929,0.4463062882423401,0.05975653976202011,150000,15000,133.402109000599,100.80146789550781,209.3466796875
2135,21.377136707305908,0.9451925158500671,0.4401840567588806,0.06123867258429527,150000,15000,134.52831999893533,100.90279579162598,209.3466796875
2136,21.059024333953857,0.9427999258041382,0.4410536289215088,0.055554553866386414,150000,15000,134.54571499823942,101.21631622314453,209.3466796875
2137,20.381474494934082,0.9338020086288452,0.4481062591075897,0.06751083582639694,150000,15000,134.79362099678838,100.72636604309082,209.3466796875
2138,21.133720874786377,0.943250298500061,0.4336676597595215,0.05863068252801895,150000,15000,137.4620099995809,101.51481628417969,209.3466796875
2139,21.44564390182495,0.9481900930404663,0.43096059560775757,0.055854927748441696,150000,15000,137.9615890000423,101.06062889099121,209.3466796875
2140,21.57294988632202,0.9487543106079102,0.42992493510246277,0.05508346110582352,150000,15000,139.78992099873722,100.94642639160156,209.3466796875
2141,21.720328330993652,0.9507338404655457,0.4198603630065918,0.054418113082647324,150000,15000,134.91956399957417,101.09686851501465,209.3466796875
2142,21.565194129943848,0.9471250772476196,0.41657841205596924,0.05071220174431801,150000,15000,132.91683300121804,100.46505928039551,209.3466796875
2143,21.726787090301514,0.9497277140617371,0.4171723425388336,0.04762287810444832,150000,15000,132.52874599857023,100.33249855041504,209.3466796875
2144,21.85182809829712,0.9521026611328125,0.41703975200653076,0.05439313128590584,150000,15000,133.21075500061852,100.22115707397461,209.3466796875
2145,21.699612140655518,0.9500217437744141,0.4230278432369232,0.0534709095954895,150000,15000,135.04846900104894,102.31208801269531,209.3466796875
2146,21.71546459197998,0.951382577419281,0.42111772298812866,0.04964464530348778,150000,15000,132.18243599840207,99.96438026428223,209.3466796875
2147,22.032630443572998,0.9541018009185791,0.40686100721359253,0.047494348138570786,150000,15000,135.71758800026146,100.68249702453613,209.3466796875
2148,21.828272342681885,0.9529356360435486,0.4144078195095062,0.05471460148692131,150000,15000,132.6630549992842,100.24046897888184,209.3466796875
2149,21.125388145446777,0.9413906335830688,0.4200977087020874,0.04783311113715172,150000,15000,133.5203000016918,99.68757629394531,209.3466796875
2150,21.288766860961914,0.9430253505706787,0.4198008179664612,0.04727068543434143,150000,15000,133.98773500011885,100.5091667175293,209.3466796875
2151,21.136598587036133,0.9429237246513367,0.4275742471218109,0.047876305878162384,150000,15000,138.70238099843846,100.16250610351562,209.3466796875
2152,21.351900100708008,0.9465740919113159,0.4255775213241577,0.045302364975214005,150000,15000,145.06451600027503,100.01540184020996,209.3466796875
2153,21.741292476654053,0.9512326717376709,0.41341304779052734,0.04536537453532219,150000,15000,147.19648800019058,102.50258445739746,209.3466796875
2154,21.84790849685669,0.9535505175590515,0.4120187759399414,0.04569170996546745,150000,15000,140.563575001579,100.83603858947754,209.3466796875
2155,21.556031703948975,0.9495625495910645,0.4166642129421234,0.053737953305244446,150000,15000,134.64599500002805,101.30143165588379,209.3466796875
2156,21.887493133544922,0.9535452127456665,0.41487881541252136,0.04647177830338478,150000,15000,136.34833700052695,100.26288032531738,209.3466796875
2157,22.01448917388916,0.9551990032196045,0.4145963191986084,0.0454951710999012,150000,15000,137.97461899957852,100.91853141784668,209.3466796875
2158,22.122280597686768,0.9560443162918091,0.4128796458244324,0.0442725345492363,150000,15000,137.114606997784,100.26693344116211,209.3466796875
2159,21.90932273864746,0.9543298482894897,0.412799596786499,0.04837622493505478,150000,15000,138.80241800143267,100.11744499206543,209.3466796875
2160,21.630802154541016,0.9514437913894653,0.4184803366661072,0.05243843421339989,150000,15000,133.906997001759,99.95007514953613,209.3466796875
2161,21.698715686798096,0.9518111944198608,0.420501708984375,0.05100279301404953,150000,15000,133.82505600020522,99.96485710144043,209.3466796875
2162,21.876511573791504,0.9535090327262878,0.4113575518131256,0.047013938426971436,150000,15000,137.243565000972,104.08568382263184,209.3466796875
2163,21.537253856658936,0.950156569480896,0.42014142870903015,0.049021851271390915,150000,15000,134.83745399935287,101.06658935546875,209.3466796875
2164,21.56951665878296,0.9483131170272827,0.4201395511627197,0.058291491121053696,150000,15000,134.60737000059453,100.23999214172363,209.3466796875
2165,21.059353351593018,0.9417867660522461,0.42872971296310425,0.06360816210508347,150000,15000,133.12168400079827,100.32987594604492,209.3466796875
2166,21.018054485321045,0.9403194189071655,0.444913387298584,0.05743894353508949,150000,15000,133.24783500138437,100.19803047180176,209.3466796875
2167,21.39533042907715,0.9450333118438721,0.44732776284217834,0.055365853011608124,150000,15000,133.7981469987426,100.54302215576172,209.3466796875
2168,21.195080280303955,0.9424679279327393,0.4476654827594757,0.05749177560210228,150000,15000,133.90227999843773,100.94165802001953,209.3466796875
2169,20.92717409133911,0.9383468627929688,0.44766563177108765,0.05514480546116829,150000,15000,134.6901639990392,100.9063720703125,209.3466796875
2170,21.27269744873047,0.9432188868522644,0.45039573311805725,0.06333044916391373,150000,15000,133.32404600078007,100.29363632202148,209.3466796875
2171,21.40183687210083,0.9439656138420105,0.45095115900039673,0.05721099302172661,150000,15000,135.98920699951123,100.09455680847168,209.3466796875
2172,21.197974681854248,0.9415984153747559,0.4577421545982361,0.06045966595411301,150000,15000,136.4834490013891,99.82490539550781,209.3466796875
2173,21.366610527038574,0.9448022842407227,0.4606733024120331,0.05862945318222046,150000,15000,133.6293749991455,100.31342506408691,209.3466796875
2174,21.230647563934326,0.9409360885620117,0.4717942178249359,0.06539846956729889,150000,15000,135.16452300245874,100.32176971435547,209.3466796875
2175,21.496989727020264,0.9435379505157471,0.4676198661327362,0.05539615824818611,150000,15000,133.8811829991755,100.70109367370605,209.3466796875
2176,21.679842472076416,0.9463119506835938,0.4584222733974457,0.048377398401498795,150000,15000,133.09313799982192,100.11982917785645,209.3466796875
2177,21.462531089782715,0.9446861147880554,0.4587712585926056,0.05088329687714577,150000,15000,134.26825900023687,100.81267356872559,209.3466796875
2178,21.61949872970581,0.9475836753845215,0.46952641010284424,0.0530729740858078,150000,15000,136.81766399895423,103.39021682739258,209.3466796875
2179,21.765263080596924,0.9490012526512146,0.46209004521369934,0.05121524631977081,150000,15000,134.80487600099877,100.97813606262207,209.3466796875
2180,21.81999921798706,0.9500865936279297,0.459109902381897,0.05376151576638222,150000,15000,134.11335999990115,100.53277015686035,209.3466796875
2181,21.927709579467773,0.9510530829429626,0.453451931476593,0.05232754349708557,150000,15000,133.35050500245416,100.4180908203125,209.3466796875
2182,21.431949138641357,0.9456195831298828,0.4593118727207184,0.062050387263298035,150000,15000,133.37327699991874,100.48818588256836,209.3466796875
2183,21.799590587615967,0.9493100047111511,0.45052802562713623,0.04838530719280243,150000,15000,133.59391599806258,99.98536109924316,209.3466796875
2184,22.02695608139038,0.9514896273612976,0.4484761357307434,0.05173332244157791,150000,15000,135.1188619992172,101.66430473327637,209.3466796875
2185,22.07265853881836,0.9523913264274597,0.44538384675979614,0.04554816707968712,150000,15000,133.35674699919764,100.07238388061523,209.3466796875
2186,22.047722339630127,0.9522878527641296,0.4418959319591522,0.051361944526433945,150000,15000,134.801324998989,100.41260719299316,209.3466796875
2187,21.999852657318115,0.9519455432891846,0.4416063129901886,0.04870560020208359,150000,15000,134.05506499839248,100.31533241271973,209.3466796875
2188,21.976308822631836,0.952708899974823,0.4462849199771881,0.053559474647045135,150000,15000,132.91786600166233,100.45361518859863,209.3466796875
2189,22.149369716644287,0.9540616869926453,0.4465540051460266,0.04974600300192833,150000,15000,134.6391430015501,99.80463981628418,209.3466796875
2190,21.99498176574707,0.952876091003418,0.4380890130996704,0.05155683308839798,150000,15000,136.19379500232753,100.40521621704102,209.3466796875
2191,22.059354782104492,0.9529367685317993,0.43896225094795227,0.049119189381599426,150000,15000,132.62634499915293,100.33154487609863,209.3466796875
2192,21.344828605651855,0.9322589635848999,0.4501805305480957,0.05143491178750992,150000,15000,138.9432769974519,100.73232650756836,209.3466796875
2193,21.533641815185547,0.9357190132141113,0.4488842487335205,0.05178197845816612,150000,15000,134.60946799750673,100.52061080932617,209.3466796875
2194,21.675186157226562,0.9416813850402832,0.4444105625152588,0.04439559206366539,150000,15000,134.48515200070688,100.19087791442871,209.3466796875
2195,21.8565034866333,0.9460462927818298,0.43765753507614136,0.04390319436788559,150000,15000,135.2470979982172,101.65905952453613,209.3466796875
2196,21.726372241973877,0.9472110271453857,0.4388456642627716,0.04906395077705383,150000,15000,133.56776900036493,100.20565986633301,209.3466796875
2197,21.88068389892578,0.9487946033477783,0.4487323760986328,0.05030445381999016,150000,15000,133.67475300037768,100.49891471862793,209.3466796875
2198,21.887636184692383,0.9501952528953552,0.4517461359500885,0.04322390258312225,150000,15000,134.7135710020666,101.39656066894531,209.3466796875
2199,21.91399574279785,0.9506856799125671,0.4514760971069336,0.04554934427142143,150000,15000,135.89114700153004,102.92577743530273,209.3466796875
2200,21.911869049072266,0.9507929086685181,0.44637513160705566,0.049760911613702774,140465,15000,149.16688299854286,104.57086563110352,209.3466796875
2201,21.303369998931885,0.936175525188446,0.43976593017578125,0.06279206275939941,140697,15000,138.22595199962961,100.61478614807129,209.3466796875
2202,21.793646812438965,0.9444276094436646,0.4309290647506714,0.05709739401936531,140924,15000,134.83978099975502,99.51949119567871,209.3466796875
2203,22.310233116149902,0.9518839120864868,0.4251408874988556,0.04911200702190399,141141,15000,144.5947559986962,99.80344772338867,209.3466796875
2204,22.403242588043213,0.9549974203109741,0.41678211092948914,0.04750911146402359,141328,15000,136.80490600017947,101.39322280883789,209.3466796875
2205,22.58613109588623,0.95750892162323,0.41172027587890625,0.04478162154555321,141539,15000,135.4957280018425,100.13318061828613,209.3466796875
2206,22.871756553649902,0.9607744216918945,0.4013661742210388,0.045265886932611465,141757,15000,137.60720099890023,100.50535202026367,209.3466796875
2207,23.015897274017334,0.9619878530502319,0.39575570821762085,0.04560478776693344,141976,15000,139.0476070009754,99.78032112121582,209.3466796875
2208,23.228332996368408,0.9636945724487305,0.3941172659397125,0.04179980605840683,142178,15000,141.88896899941028,99.71952438354492,209.3466796875
2209,22.88799524307251,0.95111083984375,0.3923064172267914,0.03987894952297211,142386,15000,136.2444129990763,99.91455078125,209.3466796875
2210,23.266127109527588,0.9543936252593994,0.3853207528591156,0.039808958768844604,142541,15000,135.6987540020782,100.03900527954102,209.3466796875
2211,23.368346691131592,0.9576865434646606,0.37221717834472656,0.0406038872897625,142709,15000,135.8834439997736,100.58736801147461,209.3466796875
2212,23.271164894104004,0.959732174873352,0.39180004596710205,0.03951910510659218,142925,15000,136.10082900049747,100.41952133178711,209.3466796875
2213,23.553788661956787,0.9636549353599548,0.38155677914619446,0.03778323158621788,143120,15000,136.40269999814336,100.56281089782715,209.3466796875
2214,23.678665161132812,0.9671670794487,0.37098610401153564,0.037965234369039536,143307,15000,137.48013599979458,100.55041313171387,209.3466796875
2215,23.74920129776001,0.9685146808624268,0.3793821334838867,0.037732187658548355,143518,15000,137.38292199923308,101.57132148742676,209.3466796875
2216,23.873705863952637,0.9692422151565552,0.37995022535324097,0.03683135285973549,143745,15000,137.25556899953517,100.46076774597168,209.3466796875
2217,23.7691330909729,0.9684702157974243,0.3788965344429016,0.033926982432603836,143955,15000,144.74876099848188,100.56114196777344,209.3466796875
2218,23.8706111907959,0.969399631023407,0.3736957907676697,0.03309211879968643,144145,15000,137.69801600210485,101.00173950195312,209.3466796875
2219,24.115877151489258,0.9706251621246338,0.3635422885417938,0.03395174443721771,144354,15000,137.07578899993678,100.44431686401367,209.3466796875
2220,24.039359092712402,0.9706199169158936,0.3607688844203949,0.03444984182715416,144561,15000,136.0988640008145,100.25143623352051,209.3466796875
2221,23.75469207763672,0.9695677757263184,0.37999221682548523,0.03467404842376709,144770,15000,138.24105499952566,102.78677940368652,209.3466796875
2222,22.883872985839844,0.9616764783859253,0.3807542026042938,0.03690625727176666,144985,15000,136.869215999468,100.67343711853027,209.3466796875
2223,23.197648525238037,0.9639145135879517,0.3794088065624237,0.035461265593767166,145185,15000,136.75966799928574,101.66215896606445,209.3466796875
2224,23.456087112426758,0.9671856760978699,0.3733237087726593,0.038159552961587906,145395,15000,143.93381199988653,101.40657424926758,209.3466796875
2225,22.503268718719482,0.9595812559127808,0.3955550193786621,0.03607279062271118,145604,15000,140.3283969993936,103.34634780883789,209.3466796875
2226,22.453818321228027,0.9576370120048523,0.40275847911834717,0.03753826767206192,145813,15000,138.26315199912642,102.61797904968262,209.3466796875
2227,22.316644191741943,0.9568605422973633,0.40581685304641724,0.03957156091928482,146024,15000,137.13295799971092,101.1660099029541,209.3466796875
2228,22.821972370147705,0.960993766784668,0.40144890546798706,0.04005904123187065,146230,15000,137.83549000072526,102.447509765625,209.3466796875
2229,22.642359733581543,0.9599129557609558,0.4027324616909027,0.041315678507089615,146437,15000,138.17675600148505,101.23515129089355,209.3466796875
2230,23.003652095794678,0.9632017612457275,0.39654892683029175,0.041008856147527695,146659,15000,138.8015499978792,100.7239818572998,209.3466796875
2231,23.042829036712646,0.963630199432373,0.4057105481624603,0.040367357432842255,146878,15000,142.08798999970895,103.57379913330078,209.3466796875
2232,22.874445915222168,0.962336540222168,0.40894371271133423,0.037889182567596436,147088,15000,137.87995700113242,101.65882110595703,209.3466796875
2233,23.179104328155518,0.9641966819763184,0.3964328169822693,0.040951769798994064,147296,15000,137.33376500022132,101.4108657836914,209.3466796875
2234,23.45027208328247,0.9660505056381226,0.39421558380126953,0.040856000036001205,147502,15000,137.7715869966778,101.90844535827637,209.3466796875
2235,23.01325559616089,0.9631909132003784,0.41330021619796753,0.04007133096456528,147711,15000,139.0979910029273,102.41341590881348,209.3466796875
2236,22.88792371749878,0.9619011282920837,0.4230690002441406,0.038376662880182266,147909,15000,137.2702480002772,101.38773918151855,209.3466796875
2237,23.26174020767212,0.9646652936935425,0.41561228036880493,0.04207046702504158,148114,15000,138.9720759980264,102.26702690124512,209.3466796875
2238,23.335049152374268,0.965582549571991,0.42230552434921265,0.03863906115293503,148315,15000,138.3754169983149,101.96757316589355,209.3466796875
2239,23.427321910858154,0.9657716751098633,0.41748249530792236,0.03708203136920929,148521,15000,137.94785299978685,101.54104232788086,209.3466796875
2240,23.56048583984375,0.9667479395866394,0.4029865860939026,0.038521505892276764,148718,15000,138.22079500096152,101.78136825561523,209.3466796875
2241,23.160860538482666,0.964530348777771,0.41323259472846985,0.03852378949522972,148904,15000,137.84658999793464,101.93228721618652,209.3466796875
2242,23.46689224243164,0.9668703079223633,0.40468522906303406,0.036210089921951294,149096,15000,144.2773919989122,101.58491134643555,209.3466796875
2243,23.81981611251831,0.9688135981559753,0.38111618161201477,0.037591636180877686,149286,15000,138.97807399916928,102.09918022155762,209.3466796875
2244,23.191227912902832,0.9645791053771973,0.39013755321502686,0.03608417883515358,149464,15000,139.88117699773284,103.03449630737305,209.3466796875
2245,23.765990734100342,0.9689895510673523,0.38573259115219116,0.03617889806628227,149640,15000,138.95019000119646,102.08654403686523,209.3466796875
2246,23.806180953979492,0.9691137075424194,0.3945787250995636,0.03444158285856247,149820,15000,138.49028999902657,102.0975112915039,209.3466796875
2247,23.503830432891846,0.9672198295593262,0.39888235926628113,0.03487172722816467,149979,15000,137.81947099778336,102.2186279296875,209.3466796875
2248,23.44315528869629,0.9667625427246094,0.3982565701007843,0.037133488804101944,150000,15000,139.35643600052572,102.95438766479492,209.3466796875
2249,23.72401714324951,0.9690849781036377,0.3837217390537262,0.03563624247908592,150000,15000,135.2594810014125,102.00262069702148,209.3466796875
2250,23.95977258682251,0.9707827568054199,0.37239348888397217,0.03551095351576805,150000,15000,137.1665779988689,103.3167839050293,209.3466796875
2251,23.530266284942627,0.9686168432235718,0.38452836871147156,0.03256512060761452,150000,15000,136.54256200243253,102.48374938964844,209.3466796875
2252,23.766047954559326,0.9700714945793152,0.3712816834449768,0.03155708312988281,150000,15000,135.4709859988361,102.42557525634766,209.3466796875
2253,22.946395874023438,0.9636634588241577,0.39017027616500854,0.03758648782968521,150000,15000,136.66528999965522,102.48637199401855,209.3466796875
2254,23.037314414978027,0.9656676054000854,0.3811338543891907,0.03122829459607601,150000,15000,135.2525100010098,102.39529609680176,209.3466796875
2255,22.240607738494873,0.9558655619621277,0.38347306847572327,0.03324652835726738,150000,15000,139.35427999967942,102.28204727172852,209.3466796875
2256,23.322641849517822,0.9656436443328857,0.39139896631240845,0.03149768337607384,150000,15000,136.34177100175293,101.90129280090332,209.3466796875
2257,23.753585815429688,0.9687867164611816,0.38796359300613403,0.033107053488492966,150000,15000,136.1259980003524,102.68139839172363,209.3466796875
2258,23.942129611968994,0.9707744121551514,0.39056020975112915,0.028679030016064644,150000,15000,139.6524829979171,105.40103912353516,209.3466796875
2259,23.813495635986328,0.9694191813468933,0.3853546380996704,0.030590742826461792,150000,15000,136.39929499913706,102.21076011657715,209.3466796875
2260,24.062912464141846,0.972091555595398,0.38339006900787354,0.02798624150454998,150000,15000,135.50834600027883,101.96590423583984,209.3466796875
2261,24.257290363311768,0.9730356931686401,0.3824818730354309,0.028358394280076027,150000,15000,136.8052350007929,103.14536094665527,209.3466796875
2262,24.49920892715454,0.9747806787490845,0.37679722905158997,0.027022240683436394,150000,15000,137.10215700120898,102.24032402038574,209.3466796875
2263,24.008517265319824,0.9712815284729004,0.3763125538825989,0.026917705312371254,150000,15000,139.39105600002222,102.08797454833984,209.3466796875
2264,24.475646018981934,0.9724361300468445,0.37036752700805664,0.02733767405152321,150000,15000,140.54811499954667,101.49812698364258,209.3466796875
2265,24.400336742401123,0.9722304344177246,0.37042543292045593,0.025545086711645126,150000,15000,134.05362599951332,101.40371322631836,209.3466796875
2266,24.89802122116089,0.9756913185119629,0.35998398065567017,0.024887001141905785,150000,15000,133.55252900146297,101.44305229187012,209.3466796875
2267,24.803626537322998,0.9758949279785156,0.3568270802497864,0.02444583736360073,150000,15000,134.51403299768572,101.66597366333008,209.3466796875
2268,25.0610613822937,0.9773435592651367,0.35443827509880066,0.02387176640331745,150000,15000,139.7963580020587,101.78947448730469,209.3466796875
2269,24.89661931991577,0.9768227934837341,0.3433634340763092,0.023096293210983276,150000,15000,141.39234600224881,102.1881103515625,209.3466796875
2270,25.004703998565674,0.9768075346946716,0.34485775232315063,0.022003306075930595,150000,15000,145.1404340004956,101.52649879455566,209.3466796875
2271,24.747183322906494,0.9752973318099976,0.34151095151901245,0.021800192072987556,150000,15000,139.58403300057398,102.22172737121582,209.3466796875
2272,24.89219903945923,0.9762162566184998,0.3431105613708496,0.021138004958629608,150000,15000,139.00510099847452,101.96685791015625,209.3466796875
2273,24.75233554840088,0.975772500038147,0.3471860885620117,0.0216369666159153,150000,15000,133.6091659977683,101.24588012695312,209.3466796875
2274,24.488840103149414,0.9742298126220703,0.3421933650970459,0.020588038489222527,150000,15000,144.00578799904906,106.00662231445312,209.3466796875
2275,24.509994983673096,0.9744939804077148,0.3456132411956787,0.019913431257009506,150000,15000,133.96291400204063,101.25732421875,209.3466796875
2276,24.62596893310547,0.974543571472168,0.351169228553772,0.020338794216513634,150000,15000,133.6911290018179,100.90923309326172,209.3466796875
2277,24.922358989715576,0.9763669967651367,0.34726476669311523,0.02010202594101429,150000,15000,133.8123249988712,100.57830810546875,209.3466796875
2278,25.15017032623291,0.9777910709381104,0.3410220146179199,0.01914656162261963,150000,15000,132.98261399904732,100.42691230773926,209.3466796875
2279,25.152394771575928,0.9775696992874146,0.3418838679790497,0.019366325810551643,150000,15000,140.5758210021304,102.39720344543457,209.3466796875
2280,25.16411542892456,0.9773484468460083,0.33712852001190186,0.01940130442380905,150000,15000,136.30296699921018,100.85082054138184,209.3466796875
2281,24.955787658691406,0.9753258228302002,0.329017698764801,0.01940282993018627,150000,15000,133.00170200091088,100.82888603210449,209.3466796875
2282,24.807069301605225,0.9740571975708008,0.3327917456626892,0.01897006668150425,150000,15000,134.37612800044008,101.44400596618652,209.3466796875
2283,24.996776580810547,0.9752515554428101,0.3341914415359497,0.01850772090256214,150000,15000,138.35429000027943,100.98862648010254,209.3466796875
2284,25.38205862045288,0.9777724146842957,0.3289138078689575,0.018548034131526947,150000,15000,133.9314580000064,100.82483291625977,209.3466796875
2285,25.294463634490967,0.9772979021072388,0.3319019079208374,0.019728530198335648,150000,15000,133.6911250000412,100.81148147583008,209.3466796875
2286,25.640404224395752,0.9790403842926025,0.320075660943985,0.018488526344299316,150000,15000,137.1712270010903,102.55193710327148,209.3466796875
2287,25.90620517730713,0.9800311326980591,0.31476736068725586,0.018850261345505714,150000,15000,137.11491399953957,101.13120079040527,209.3466796875
2288,26.122584342956543,0.981158971786499,0.30349239706993103,0.01842108741402626,150000,15000,141.11812800183543,100.94237327575684,209.3466796875
2289,26.237187385559082,0.9816370010375977,0.2942906320095062,0.01837015338242054,150000,15000,133.52351000139606,100.7080078125,209.3466796875
2290,26.339833736419678,0.9820469617843628,0.2900066077709198,0.017747560515999794,150000,15000,133.1274170006509,100.60310363769531,209.3466796875
2291,26.21454954147339,0.9818145036697388,0.29527103900909424,0.017470642924308777,150000,15000,137.72293899819488,104.60734367370605,209.3466796875
2292,26.303868293762207,0.9820345640182495,0.29193493723869324,0.017498180270195007,150000,15000,134.02762499754317,101.75824165344238,209.3466796875
2293,26.286392211914062,0.9821994304656982,0.2831116020679474,0.017361463978886604,150000,15000,133.33810599942808,100.92663764953613,209.3466796875
2294,25.359113216400146,0.9794262647628784,0.29297935962677,0.01778365671634674,150000,15000,135.17760399918188,101.44710540771484,209.3466796875
2295,25.650835037231445,0.9801468849182129,0.2843930721282959,0.019084474071860313,150000,15000,134.6800430001167,101.99975967407227,209.3466796875
2296,26.018662452697754,0.9815974235534668,0.2798739969730377,0.018687395378947258,150000,15000,133.19460799903027,100.79574584960938,209.3466796875
2297,26.07034683227539,0.9815356135368347,0.27723428606987,0.019252479076385498,150000,15000,136.6388120004558,102.89216041564941,209.3466796875
2298,26.41404390335083,0.9830513000488281,0.2717106342315674,0.018432946875691414,150000,15000,134.23614699786413,101.26352310180664,209.3466796875
2299,26.52583360671997,0.983220100402832,0.27161353826522827,0.01913805678486824,150000,15000,135.28334900183836,101.12452507019043,209.3466796875
2300,26.086435317993164,0.9813045263290405,0.27652281522750854,0.01923462003469467,117890,15000,150.43828499983647,100.86345672607422,209.3466796875
2301,23.629517555236816,0.9640230536460876,0.36402595043182373,0.061758093535900116,118138,15000,136.6775200003758,102.02455520629883,209.3466796875
2302,23.94697666168213,0.9699105620384216,0.3341792821884155,0.04730646312236786,118344,15000,136.67969800007995,100.74567794799805,209.3466796875
2303,23.383769989013672,0.9675527811050415,0.3400590419769287,0.03901120275259018,118609,15000,137.75713599898154,101.0141372680664,209.3466796875
2304,24.28579092025757,0.9725742340087891,0.32542097568511963,0.03478783741593361,118768,15000,137.68590099789435,101.50599479675293,209.3466796875
2305,24.67888355255127,0.9748165011405945,0.3163592219352722,0.030056504532694817,118953,15000,136.76022399886278,100.86441040039062,209.3466796875
2306,24.352099895477295,0.9691928625106812,0.33105671405792236,0.02684168890118599,119128,15000,139.5778859987331,100.81696510314941,209.3466796875
2307,24.408340454101562,0.9700977802276611,0.3332473039627075,0.024509072303771973,119290,15000,136.8565420016239,101.14598274230957,209.3466796875
2308,24.14034366607666,0.9694239497184753,0.33277690410614014,0.022145049646496773,119473,15000,135.74145999882603,100.7845401763916,209.3466796875
2309,24.116108417510986,0.9698103666305542,0.35025495290756226,0.022102734073996544,119671,15000,138.8802740002575,101.26829147338867,209.3466796875
2310,24.313979148864746,0.971107006072998,0.33811256289482117,0.02258344739675522,119849,15000,137.37394599957042,101.04894638061523,209.3466796875
2311,23.80702495574951,0.9683801531791687,0.3411824107170105,0.0231559406965971,120033,15000,137.27218999702018,101.6988754272461,209.3466796875
2312,24.230897426605225,0.9707564115524292,0.34830477833747864,0.024899350479245186,120217,15000,137.3520910019579,101.7765998840332,209.3466796875
2313,24.591822624206543,0.9726138114929199,0.3365004360675812,0.02410903014242649,120385,15000,138.07169800202246,102.90789604187012,209.3466796875
2314,22.71958827972412,0.9606634378433228,0.36780956387519836,0.02656240202486515,120572,15000,135.9696489998896,101.24683380126953,209.3466796875
2315,22.024900913238525,0.9587887525558472,0.38040679693222046,0.027659866958856583,120749,15000,141.63428000028944,106.54616355895996,209.3466796875
2316,22.42558717727661,0.962321937084198,0.3718985915184021,0.02565593644976616,120914,15000,145.98147600190714,101.81307792663574,209.3466796875
2317,21.7081618309021,0.9593815803527832,0.3916948437690735,0.02777724526822567,121087,15000,144.57821200267063,105.04746437072754,209.3466796875
2318,21.062071323394775,0.9555710554122925,0.40103840827941895,0.031268175691366196,121255,15000,141.37643199865124,101.82762145996094,209.3466796875
2319,20.406599044799805,0.9500522613525391,0.41721391677856445,0.03395663574337959,121418,15000,142.36088100005873,101.24826431274414,209.3466796875
2320,20.987749099731445,0.9543288946151733,0.4198717474937439,0.03665345907211304,121582,15000,136.7603409998992,101.74083709716797,209.3466796875
2321,21.49085760116577,0.9581587314605713,0.416381299495697,0.037487469613552094,121746,15000,136.73827999809873,101.65524482727051,209.3466796875
2322,21.77347421646118,0.9592548608779907,0.41547060012817383,0.03694118559360504,121899,15000,136.3112139988516,101.73177719116211,209.3466796875
2323,21.959407329559326,0.9608699083328247,0.4088937044143677,0.03686093911528587,122057,15000,137.63108300190652,102.38337516784668,209.3466796875
2324,21.892523765563965,0.9603281021118164,0.4123568534851074,0.03747648745775223,122213,15000,136.68777799830423,102.06174850463867,209.3466796875
2325,21.962389945983887,0.9609531760215759,0.41448554396629333,0.03761282190680504,122362,15000,139.86884000041755,101.4406681060791,209.3466796875
2326,21.367998123168945,0.9572112560272217,0.41695457696914673,0.03751049190759659,122525,15000,140.7999769980961,100.88825225830078,209.3466796875
2327,21.426022052764893,0.9578588008880615,0.4087337255477905,0.04455369710922241,122690,15000,146.02941499833832,101.2732982635498,209.3466796875
2328,21.790320873260498,0.9593212604522705,0.40958505868911743,0.041143376380205154,122842,15000,140.8218600008695,101.20224952697754,209.3466796875
2329,21.526615619659424,0.9574705958366394,0.41564416885375977,0.039736874401569366,122988,15000,139.99918500121566,101.5012264251709,209.3466796875
2330,21.411385536193848,0.956322431564331,0.41944074630737305,0.0515114925801754,123150,15000,145.62208099960117,103.07574272155762,209.3466796875
2331,21.280245780944824,0.954938530921936,0.42215394973754883,0.042595986276865005,123312,15000,139.44238200201653,102.59509086608887,209.3466796875
2332,21.42455816268921,0.9564127326011658,0.4213220477104187,0.053372934460639954,123472,15000,138.16606899854378,103.03139686584473,209.3466796875
2333,21.39449119567871,0.9558804035186768,0.4261700510978699,0.05132221058011055,123634,15000,145.41083999938564,101.31406784057617,209.3466796875
2334,21.42735242843628,0.9563812017440796,0.4157204031944275,0.044725168496370316,123792,15000,138.1167209983687,102.64158248901367,209.3466796875
2335,21.401913166046143,0.9570932388305664,0.4082799553871155,0.04579973965883255,123942,15000,137.46087300023646,102.3857593536377,209.3466796875
2336,21.03435754776001,0.9548239707946777,0.41338399052619934,0.051437634974718094,124109,15000,139.10793299874058,101.79924964904785,209.3466796875
2337,19.06567096710205,0.9259201884269714,0.4305820167064667,0.04549027606844902,124255,15000,138.78306599872303,103.42836380004883,209.3466796875
2338,20.012526512145996,0.9391427040100098,0.4350137412548065,0.05003022775053978,124410,15000,138.3314380000229,102.2484302520752,209.3466796875
2339,20.377166271209717,0.9433647990226746,0.43787360191345215,0.04487394168972969,124553,15000,139.62387899664463,103.24954986572266,209.3466796875
2340,20.79472303390503,0.9482406377792358,0.43624982237815857,0.04537791758775711,124701,15000,139.70456600145553,103.27291488647461,209.3466796875
2341,21.244661808013916,0.9532777070999146,0.4394870102405548,0.05146588385105133,124856,15000,138.79926099980366,102.58913040161133,209.3466796875
2342,21.141982078552246,0.9522454738616943,0.43732985854148865,0.046285197138786316,125003,15000,137.45973400000366,102.49495506286621,209.3466796875
2343,21.036767959594727,0.9507064819335938,0.4441280961036682,0.04683355242013931,125157,15000,138.1429869979911,101.49168968200684,209.3466796875
2344,21.12908363342285,0.951366126537323,0.4349563717842102,0.047295279800891876,125297,15000,142.82008900045184,102.91743278503418,209.3466796875
2345,20.96092462539673,0.9496645331382751,0.43488985300064087,0.04792807251214981,125457,15000,142.09161899998435,102.56099700927734,209.3466796875
2346,20.841124057769775,0.9486984610557556,0.435352087020874,0.04332664608955383,125602,15000,139.12247299958835,102.48088836669922,209.3466796875
2347,20.17993927001953,0.9422673583030701,0.45242953300476074,0.0495641715824604,125757,15000,140.21657099874574,103.11746597290039,209.3466796875
2348,20.428779125213623,0.9449642896652222,0.44464898109436035,0.0453813411295414,125913,15000,140.7726610013924,103.35969924926758,209.3466796875
2349,20.621182918548584,0.947562575340271,0.44802671670913696,0.04930120334029198,126068,15000,139.30715099922963,102.46968269348145,209.3466796875
2350,19.697277545928955,0.9378456473350525,0.45802992582321167,0.04565029963850975,126223,15000,140.53907600100501,104.12311553955078,209.3466796875
2351,20.42754888534546,0.9454048871994019,0.45365482568740845,0.04659494385123253,126377,15000,139.4864990033966,103.17611694335938,209.3466796875
2352,20.23317575454712,0.94427889585495,0.456093430519104,0.04937853664159775,126526,15000,139.55898299900582,103.02734375,209.3466796875
2353,20.472772121429443,0.9464802145957947,0.4486277401447296,0.050671014934778214,126677,15000,140.20313999935752,103.30677032470703,209.3466796875
2354,20.244615077972412,0.9454282522201538,0.4563916027545929,0.04661734029650688,126826,15000,138.8898879995395,103.00636291503906,209.3466796875
2355,19.981508255004883,0.9428247213363647,0.46013665199279785,0.05281301960349083,126976,15000,142.89442999870516,106.5216064453125,209.3466796875
2356,20.061213970184326,0.94364333152771,0.4515152871608734,0.06153435260057449,127125,15000,140.00625200060313,103.51109504699707,209.3466796875
2357,19.84928846359253,0.9410726428031921,0.46064943075180054,0.062248434871435165,127276,15000,138.11415399686666,102.33879089355469,209.3466796875
2358,20.00176429748535,0.9439341425895691,0.4578452408313751,0.0637848973274231,127428,15000,140.82398699974874,103.43670845031738,209.3466796875
2359,19.917709827423096,0.9431565999984741,0.45387908816337585,0.060391269624233246,127574,15000,140.35031200182857,102.91409492492676,209.3466796875
2360,20.220825672149658,0.946792721748352,0.4479253888130188,0.058809347450733185,127723,15000,146.20728099907865,104.09903526306152,209.3466796875
2361,19.563387632369995,0.939889132976532,0.4518016278743744,0.05924912169575691,127868,15000,142.2787440023967,102.47063636779785,209.3466796875
2362,19.502919912338257,0.9384955167770386,0.4588424563407898,0.07143083214759827,128016,15000,138.12384900302277,102.9200553894043,209.3466796875
2363,19.488075971603394,0.9385372996330261,0.4691559672355652,0.07173943519592285,128164,15000,146.67243200165103,102.8602123260498,209.3466796875
2364,18.827303647994995,0.9291405081748962,0.46781063079833984,0.07544158399105072,128314,15000,140.94329900035518,102.7364730834961,209.3466796875
2365,18.79613161087036,0.9286385774612427,0.4791673421859741,0.07900339365005493,128460,15000,292.0944090001285,102.72955894470215,209.3466796875
2366,18.92444133758545,0.9298881888389587,0.4725112020969391,0.0808129534125328,128603,15000,138.8033799994446,102.83374786376953,209.3466796875
2367,18.752440214157104,0.9281694293022156,0.4696460962295532,0.07838770747184753,128745,15000,138.05022700034897,102.4026870727539,209.3466796875
2368,18.516113758087158,0.9237291812896729,0.47175276279449463,0.08401935547590256,128887,15000,145.11498100182507,102.45561599731445,209.3466796875
2369,18.61199975013733,0.9245904684066772,0.4780885875225067,0.08419147878885269,129029,15000,143.89287599988165,102.82278060913086,209.3466796875
2370,18.392683267593384,0.920923113822937,0.47924166917800903,0.08193175494670868,129174,15000,143.81793800203013,103.35659980773926,209.3466796875
2371,18.221328258514404,0.9182190895080566,0.49346768856048584,0.08857902139425278,129317,15000,140.91749499857542,103.3320426940918,209.3466796875
2372,18.454095125198364,0.9210729002952576,0.48698413372039795,0.08829620480537415,129458,15000,140.69847200153163,103.32036018371582,209.3466796875
2373,18.53167176246643,0.9224480986595154,0.484695166349411,0.08713003993034363,129599,15000,138.99769999989076,102.79607772827148,209.3466796875
2374,17.98398494720459,0.9126572608947754,0.5056566596031189,0.08765437453985214,129742,15000,140.11255299919867,103.27267646789551,209.3466796875
2375,17.82271981239319,0.9090676307678223,0.5073201060295105,0.08947761356830597,129888,15000,140.02250300109154,103.22213172912598,209.3466796875
2376,18.24646234512329,0.9160600900650024,0.5115154981613159,0.08520622551441193,130030,15000,139.9870009990991,103.32536697387695,209.3466796875
2377,17.971630096435547,0.9121167659759521,0.5143939256668091,0.08803675323724747,130166,15000,142.62980000057723,105.79395294189453,209.3466796875
2378,17.99912452697754,0.9120879173278809,0.5170316100120544,0.08971519768238068,130304,15000,140.20138599880738,103.59811782836914,209.3466796875
2379,17.849632501602173,0.9085954427719116,0.5224182605743408,0.09065435081720352,130442,15000,141.43320199946174,103.82294654846191,209.3466796875
2380,17.92054772377014,0.9108549952507019,0.5243891477584839,0.08847560733556747,130587,15000,140.88201200138428,103.80959510803223,209.3466796875
2381,18.10762882232666,0.9139012098312378,0.5155215263366699,0.08594422787427902,130734,15000,140.2252080006292,103.31153869628906,209.3466796875
2382,18.15874218940735,0.9148723483085632,0.5104460716247559,0.08841302990913391,130877,15000,139.40524700228707,102.8585433959961,209.3466796875
2383,18.11107873916626,0.9140504598617554,0.5097252130508423,0.0855894610285759,131021,15000,140.068616001372,102.34260559082031,209.3466796875
2384,18.162952661514282,0.9147240519523621,0.5093949437141418,0.08739974349737167,131169,15000,139.1343239993148,102.43654251098633,209.3466796875
2385,18.059417009353638,0.9128875732421875,0.5129973292350769,0.08365711569786072,131314,15000,139.1167920010048,103.4243106842041,209.3466796875
2386,18.140698671340942,0.9141620397567749,0.5159919857978821,0.08454714715480804,131461,15000,139.1076290019555,103.56259346008301,209.3466796875
2387,18.03203582763672,0.9114700555801392,0.5218034982681274,0.08191164582967758,131607,15000,141.41748499969253,103.2111644744873,209.3466796875
2388,17.962582111358643,0.9092190265655518,0.5227433443069458,0.09390655905008316,131760,15000,139.89801700154203,102.70476341247559,209.3466796875
2389,17.881786823272705,0.9083830714225769,0.5288973450660706,0.09160434454679489,131907,15000,150.8982580016891,106.76288604736328,209.3466796875
2390,17.915691137313843,0.908620297908783,0.5280604362487793,0.09303789585828781,132056,15000,142.57060599993565,103.85751724243164,209.3466796875
2391,17.91110396385193,0.9089230895042419,0.5234256386756897,0.09157761186361313,132208,15000,139.37857499695383,103.33704948425293,209.3466796875
2392,17.826054096221924,0.907631516456604,0.5181214809417725,0.09822431951761246,132357,15000,141.24652100144885,103.74212265014648,209.3466796875
2393,17.769640684127808,0.9054216742515564,0.5278577208518982,0.09508991986513138,132511,15000,138.54379400072503,102.97131538391113,209.3466796875
2394,17.69749164581299,0.9037319421768188,0.527296245098114,0.09777194261550903,132663,15000,138.5781409990159,102.80084609985352,209.3466796875
2395,17.77780055999756,0.9044094085693359,0.5265611410140991,0.09947394579648972,132819,15000,138.45401699654758,102.52976417541504,209.3466796875
2396,17.84935474395752,0.9052532911300659,0.5186755061149597,0.10096358507871628,132976,15000,137.52145299804397,102.09298133850098,209.3466796875
2397,17.656738758087158,0.9019417762756348,0.5230770707130432,0.09382973611354828,133127,15000,140.38593300210778,101.95732116699219,209.3466796875
2398,17.75454044342041,0.903338611125946,0.5307092070579529,0.1007196232676506,133283,15000,140.00079100151197,102.30875015258789,209.3466796875
2399,17.73112416267395,0.903756856918335,0.5241208672523499,0.10204429924488068,133441,15000,140.13574400087236,102.27465629577637,209.3466796875
2400,17.80630350112915,0.9055134057998657,0.5169271230697632,0.10389482975006104,127998,15000,146.72795399746974,103.02162170410156,209.3466796875
2401,17.789254188537598,0.8991965651512146,0.5332097411155701,0.12523289024829865,128152,15000,141.6120440007944,103.55424880981445,209.3466796875
2402,17.654454708099365,0.8993951678276062,0.521377444267273,0.11872156709432602,128311,15000,151.08248899923638,113.04903030395508,209.3466796875
2403,17.699419260025024,0.9020792841911316,0.5217183828353882,0.11005901545286179,128469,15000,168.08424899863894,119.6904182434082,209.3466796875
2404,18.243662118911743,0.9081575274467468,0.5229371190071106,0.10355211049318314,128630,15000,152.5573689978046,112.42318153381348,209.3466796875
2405,17.641998529434204,0.8951568007469177,0.5279662013053894,0.10944006592035294,128790,15000,151.0547760008194,102.2789478302002,209.3466796875
2406,17.988650798797607,0.9010888338088989,0.5232285857200623,0.10699983686208725,128951,15000,152.853547999257,104.08163070678711,209.3466796875
2407,17.92319416999817,0.8985349535942078,0.5302040576934814,0.10386767238378525,129116,15000,141.18637700084946,102.87666320800781,209.3466796875
2408,17.958308458328247,0.8988043665885925,0.5292114615440369,0.1014547348022461,129275,15000,138.8604599997052,101.71270370483398,209.3466796875
2409,17.991729974746704,0.8997511863708496,0.5225892663002014,0.10597125440835953,129439,15000,140.8679599990137,102.12993621826172,209.3466796875
2410,17.98704743385315,0.8994803428649902,0.5260396599769592,0.10526032745838165,129601,15000,141.82588999756263,103.53207588195801,209.3466796875
2411,17.899633646011353,0.8984605669975281,0.5234305262565613,0.10476230829954147,129760,15000,140.31843400152866,102.42915153503418,209.3466796875
2412,17.771800756454468,0.895551860332489,0.5276814699172974,0.11541543155908585,129924,15000,139.7842260012112,102.16832160949707,209.3466796875
2413,17.942287921905518,0.8990688323974609,0.5202277898788452,0.10914810001850128,130090,15000,138.9625240008172,101.93729400634766,209.3466796875
2414,17.815194129943848,0.8966655731201172,0.5183283686637878,0.11629492044448853,130247,15000,137.99300500249956,101.67884826660156,209.3466796875
2415,17.92660117149353,0.898945689201355,0.5195807218551636,0.11535684019327164,130408,15000,137.350005999906,101.53579711914062,209.3466796875
2416,17.9327392578125,0.8987190127372742,0.5178678631782532,0.11501305550336838,130574,15000,137.7641289982421,101.36079788208008,209.3466796875
2417,17.892980575561523,0.8979793787002563,0.5191053748130798,0.10976231843233109,130740,15000,137.50238200009335,101.06277465820312,209.3466796875
2418,17.813972234725952,0.8963636159896851,0.5219730138778687,0.1141437292098999,130907,15000,137.048437998601,101.2570858001709,209.3466796875
2419,17.73765802383423,0.8946610689163208,0.5238485932350159,0.11362418532371521,131069,15000,138.01801999943564,101.2718677520752,209.3466796875
2420,17.84997820854187,0.8964067697525024,0.5247784852981567,0.11182112246751785,131234,15000,137.02843600185588,100.86297988891602,209.3466796875
2421,17.755502462387085,0.893852174282074,0.5243709683418274,0.11455808579921722,131399,15000,140.91715200265753,104.32863235473633,209.3466796875
2422,17.75822401046753,0.8945764303207397,0.5083101391792297,0.1139354407787323,131565,15000,138.7624130002223,101.34696960449219,209.3466796875
2423,17.695287466049194,0.8935555219650269,0.5144351124763489,0.11129661649465561,131731,15000,138.05236899861484,101.3021469116211,209.3466796875
2424,17.642043828964233,0.8913752436637878,0.517737090587616,0.11179528385400772,131898,15000,142.11897700079135,101.57299041748047,209.3466796875
2425,17.613784074783325,0.8904728889465332,0.5186360478401184,0.11140667647123337,132062,15000,144.36125000065658,101.30906105041504,209.3466796875
2426,17.55048632621765,0.8888296484947205,0.5233038663864136,0.10803144425153732,132226,15000,138.1246149976505,101.19438171386719,209.3466796875
2427,17.504241466522217,0.8884386420249939,0.521186888217926,0.10940773785114288,132394,15000,138.9288319987827,101.68099403381348,209.3466796875
2428,17.58687734603882,0.890411376953125,0.523273229598999,0.1105462983250618,132560,15000,140.85930299916072,101.78065299987793,209.3466796875
2429,17.50062584877014,0.8878899812698364,0.5201335549354553,0.1120377853512764,132729,15000,141.3399280027079,101.95040702819824,209.3466796875
2430,17.504030466079712,0.8880928754806519,0.5187431573867798,0.10591943562030792,132890,15000,142.97933100169757,100.71563720703125,209.3466796875
2431,17.499996423721313,0.8874050974845886,0.5151699185371399,0.11050598323345184,133060,15000,145.16316200024448,101.70102119445801,209.3466796875
2432,17.551088333129883,0.8884987235069275,0.5112701058387756,0.11284743249416351,133227,15000,142.0509720010159,101.18675231933594,209.3466796875
2433,17.591750621795654,0.8887687921524048,0.509624183177948,0.10903166979551315,133398,15000,138.41825300187338,100.3720760345459,209.3466796875
2434,17.495403289794922,0.8868691325187683,0.5092290043830872,0.11193810403347015,133570,15000,138.12823600164847,100.3427505493164,209.3466796875
2435,17.487661838531494,0.8860650062561035,0.5016436576843262,0.11012256890535355,133738,15000,138.29215199803002,100.63910484313965,209.3466796875
2436,17.457553148269653,0.8829149007797241,0.5083330273628235,0.11401719599962234,133908,15000,141.63552300306037,101.18579864501953,209.3466796875
2437,17.49391198158264,0.8825310468673706,0.5002508163452148,0.11587429791688919,134072,15000,147.0650979972561,101.69243812561035,209.3466796875
2438,17.366511821746826,0.8816475868225098,0.5027650594711304,0.1131415069103241,134239,15000,142.36452199838823,101.56130790710449,209.3466796875
2439,17.29610800743103,0.8797310590744019,0.5050569176673889,0.11271198838949203,134413,15000,142.72811699993326,101.5768051147461,209.3466796875
2440,17.10149645805359,0.8702688217163086,0.51616370677948,0.12172798812389374,134580,15000,142.79605399860884,101.68027877807617,209.3466796875
2441,17.166811227798462,0.8732767105102539,0.5111624002456665,0.10635251551866531,134745,15000,139.13971900183242,101.54938697814941,209.3466796875
2442,17.127444744110107,0.8718840479850769,0.5150163769721985,0.11332583427429199,134909,15000,140.45151800019084,102.52904891967773,209.3466796875
2443,17.095471620559692,0.869739294052124,0.513998806476593,0.11020708829164505,135077,15000,142.731810999976,101.11427307128906,209.3466796875
2444,17.09805130958557,0.8720681071281433,0.5264241099357605,0.10785474628210068,135244,15000,139.3485070002498,101.94039344787598,209.3466796875
2445,17.130041122436523,0.8735235929489136,0.5282074213027954,0.10747110098600388,135410,15000,139.37542400162783,102.09131240844727,209.3466796875
2446,17.11650848388672,0.8732300996780396,0.5218905210494995,0.10705213993787766,135581,15000,138.79365499815322,101.63736343383789,209.3466796875
2447,17.07405924797058,0.8722352981567383,0.5219132900238037,0.10493016988039017,135752,15000,138.2545599990408,100.87251663208008,209.3466796875
2448,17.105247974395752,0.8722864985466003,0.513797402381897,0.1076379045844078,135920,15000,139.87373099735123,101.82905197143555,209.3466796875
2449,17.026760578155518,0.8711721301078796,0.5072117447853088,0.10450980067253113,136088,15000,141.20222500059754,101.4242172241211,209.3466796875
2450,16.99160099029541,0.8690945506095886,0.5121681690216064,0.10677694529294968,136260,15000,140.06462099860073,101.63569450378418,209.3466796875
2451,16.954050064086914,0.8671711683273315,0.5079654455184937,0.109874427318573,136435,15000,137.01069399758126,100.48723220825195,209.3466796875
2452,16.766284704208374,0.8623660802841187,0.5165063142776489,0.105926513671875,136604,15000,143.09384000080172,100.55232048034668,209.3466796875
2453,16.75006866455078,0.8605253100395203,0.5160693526268005,0.11238352209329605,136776,15000,137.7358150020882,100.72994232177734,209.3466796875
2454,16.64425015449524,0.8557603359222412,0.5134183764457703,0.11996985226869583,136944,15000,138.08683800016297,101.54509544372559,209.3466796875
2455,16.64009928703308,0.8554796576499939,0.5106906294822693,0.11872730404138565,137116,15000,139.8084079992259,101.70578956604004,209.3466796875
2456,16.61960482597351,0.8558143973350525,0.5068842768669128,0.11005839705467224,137291,15000,144.70961299957708,100.61502456665039,209.3466796875
2457,16.42152190208435,0.8484804630279541,0.4870297610759735,0.11721128225326538,137467,15000,139.76225399892428,101.45354270935059,209.3466796875
2458,16.131629943847656,0.8376128673553467,0.5090286135673523,0.12542948126792908,137635,15000,142.8168189995631,101.0282039642334,209.3466796875
2459,16.07503652572632,0.8352785110473633,0.5214043855667114,0.13546229898929596,137812,15000,141.68724499904783,103.97577285766602,209.3466796875
2460,16.16999626159668,0.8399130702018738,0.5172263979911804,0.13108523190021515,137988,15000,142.51861500088125,100.69704055786133,209.3466796875
2461,16.25344157218933,0.8425540924072266,0.5211302042007446,0.1342024952173233,138163,15000,139.0481769994949,100.55708885192871,209.3466796875
2462,16.245527267456055,0.8421597480773926,0.5147217512130737,0.14351822435855865,138338,15000,138.901791000535,101.22466087341309,209.3466796875
2463,16.113195419311523,0.8383588790893555,0.5254703760147095,0.13521642982959747,138516,15000,138.95164000132354,101.00245475769043,209.3466796875
2464,16.166213750839233,0.8415217399597168,0.5214067697525024,0.1277121752500534,138689,15000,145.7135240016214,102.35857963562012,209.3466796875
2465,16.176371574401855,0.8418513536453247,0.5217230319976807,0.1383488029241562,138863,15000,137.71632499992847,101.07421875,209.3466796875
2466,16.118645668029785,0.8400869369506836,0.5232624411582947,0.13248559832572937,139040,15000,138.60371200280497,101.43923759460449,209.3466796875
2467,16.122101545333862,0.8407224416732788,0.5191240310668945,0.13406775891780853,139218,15000,138.10285100043984,100.50272941589355,209.3466796875
2468,16.150672435760498,0.8392187356948853,0.5202480554580688,0.14686688780784607,139398,15000,138.75863399880473,101.26018524169922,209.3466796875
2469,16.100956201553345,0.8379418253898621,0.5255086421966553,0.14054858684539795,139578,15000,138.40495999829727,101.19867324829102,209.3466796875
2470,16.037874221801758,0.8368386626243591,0.5265432596206665,0.1355944573879242,139751,15000,142.78679199924227,102.13541984558105,209.3466796875
2471,16.097735166549683,0.8380593061447144,0.5379229784011841,0.15136867761611938,139927,15000,140.66776300023776,101.56917572021484,209.3466796875
2472,16.15372896194458,0.8409578800201416,0.5376668572425842,0.15028639137744904,140111,15000,144.39461800066056,101.79686546325684,209.3466796875
2473,16.026160717010498,0.8375426530838013,0.5337603092193604,0.1382979154586792,140289,15000,139.60191200021654,101.5782356262207,209.3466796875
2474,16.00237727165222,0.8358868360519409,0.5419619083404541,0.14077074825763702,140468,15000,148.60460700219846,103.14154624938965,209.3466796875
2475,15.88346004486084,0.8312265276908875,0.5509676933288574,0.14939777553081512,140648,15000,137.71315600024536,100.7382869720459,209.3466796875
2476,15.940264463424683,0.8336954116821289,0.5468606948852539,0.13175393640995026,140829,15000,137.46323799932725,100.40092468261719,209.3466796875
2477,15.982261896133423,0.8359104990959167,0.5507823824882507,0.12748204171657562,141011,15000,137.3409299994819,100.19636154174805,209.3466796875
2478,15.972058773040771,0.8361462950706482,0.5544391870498657,0.13935445249080658,141192,15000,138.14026399995782,101.1812686920166,209.3466796875
2479,16.097804307937622,0.8403370380401611,0.5538865327835083,0.14292874932289124,141370,15000,137.5755039989599,100.13628005981445,209.3466796875
2480,16.07656955718994,0.8397425413131714,0.5604002475738525,0.1459503024816513,141552,15000,139.09066100313794,100.31914710998535,209.3466796875
2481,16.035670042037964,0.8378097414970398,0.5507582426071167,0.1532943844795227,141731,15000,138.55207700180472,100.22711753845215,209.3466796875
2482,15.804451704025269,0.8274333477020264,0.5562213659286499,0.1571546345949173,141910,15000,139.61984399793437,100.83794593811035,209.3466796875
2483,15.878753662109375,0.8311514854431152,0.5592008829116821,0.13586944341659546,142089,15000,138.09433099959278,101.15480422973633,209.3466796875
2484,15.846582651138306,0.830390453338623,0.5626852512359619,0.13160422444343567,142269,15000,138.09453599969856,100.98052024841309,209.3466796875
2485,15.98389744758606,0.8336829543113708,0.5627079010009766,0.13399635255336761,142450,15000,139.7271020032349,101.57465934753418,209.3466796875
2486,16.078057289123535,0.8368340730667114,0.5595204830169678,0.12532423436641693,142633,15000,138.09120999940205,100.69155693054199,209.3466796875
2487,15.999304056167603,0.8326916098594666,0.5600938200950623,0.11981562525033951,142813,15000,138.7117929989472,100.80957412719727,209.3466796875
2488,16.2004292011261,0.838630199432373,0.5632750391960144,0.15151888132095337,142990,15000,138.86008099871106,101.3040542602539,209.3466796875
2489,16.272947788238525,0.8388949632644653,0.5493568778038025,0.12817803025245667,143168,15000,139.7295730021142,101.58085823059082,209.3466796875
2490,16.311614513397217,0.8341571688652039,0.5423861742019653,0.1454414576292038,143342,15000,139.82929000121658,101.4871597290039,209.3466796875
2491,16.323596239089966,0.8353865146636963,0.5428214073181152,0.1375577598810196,143519,15000,138.523334000638,101.36985778808594,209.3466796875
2492,16.25460386276245,0.8320732116699219,0.5430539846420288,0.12231495976448059,143696,15000,140.44197399925906,101.36032104492188,209.3466796875
2493,16.321343183517456,0.8322569727897644,0.5424062609672546,0.13951840996742249,143875,15000,146.69951900214073,102.45537757873535,209.3466796875
2494,16.338963508605957,0.8351337909698486,0.5439194440841675,0.13616248965263367,144052,15000,140.32325399966794,101.28068923950195,209.3466796875
2495,16.353894472122192,0.8361284732818604,0.5339663624763489,0.12632544338703156,144232,15000,295.72980900047696,102.06818580627441,209.3466796875
2496,16.375701427459717,0.8365950584411621,0.5294952988624573,0.1268613189458847,144403,15000,139.21281399962027,101.21583938598633,209.3466796875
2497,16.34242057800293,0.8378020524978638,0.52248215675354,0.1296968013048172,144576,15000,137.81758899858687,101.04751586914062,209.3466796875
2498,16.290792226791382,0.8386548757553101,0.5333114862442017,0.1388052999973297,144762,15000,139.55114200143726,100.87847709655762,209.3466796875
2499,16.239925622940063,0.8381494283676147,0.5334641933441162,0.13761162757873535,144947,15000,140.7649050015607,101.68695449829102,209.3466796875
2500,16.15067481994629,0.8339185118675232,0.5289492011070251,0.13377079367637634,143985,15000,142.73556800253573,101.06921195983887,209.3466796875
2501,16.131110191345215,0.8344012498855591,0.5230144262313843,0.13462328910827637,144166,15000,140.3006960026687,101.17936134338379,209.3466796875
2502,15.973984003067017,0.828070878982544,0.5428159832954407,0.14321890473365784,144352,15000,144.91978699879837,102.11753845214844,209.3466796875
2503,15.932085514068604,0.8259789347648621,0.5485115051269531,0.14587965607643127,144536,15000,145.85666299899458,102.49876976013184,209.3466796875
2504,15.852797031402588,0.8238930702209473,0.5605027675628662,0.13427020609378815,144720,15000,139.2986649989325,101.15289688110352,209.3466796875
2505,15.874176025390625,0.8262934684753418,0.5605399012565613,0.13361717760562897,144905,15000,143.21506500346004,102.8127670288086,209.3466796875
2506,15.673966407775879,0.8173717260360718,0.5571310520172119,0.14520759880542755,145089,15000,140.91071999791893,100.75569152832031,209.3466796875
2507,15.549118518829346,0.8124100565910339,0.5655398368835449,0.15283258259296417,145271,15000,139.38347899966175,101.37677192687988,209.3466796875
2508,15.751793384552002,0.8190513849258423,0.549358606338501,0.1605287492275238,145457,15000,140.1609050008119,102.05650329589844,209.3466796875
2509,15.77610731124878,0.8209130167961121,0.5504746437072754,0.15196262300014496,145643,15000,138.4965170000214,100.50296783447266,209.3466796875
2510,15.776135921478271,0.8203967809677124,0.5484867691993713,0.1783791184425354,145828,15000,141.29740399948787,101.58610343933105,209.3466796875
2511,15.799391269683838,0.8223998546600342,0.5456289649009705,0.17619018256664276,146010,15000,140.44968399684876,101.78256034851074,209.3466796875
2512,15.817979574203491,0.8238693475723267,0.5312866568565369,0.16057735681533813,146200,15000,138.87656299993978,100.50296783447266,209.3466796875
2513,15.203874111175537,0.7984409332275391,0.5560091733932495,0.1670583188533783,146378,15000,140.85773199985852,100.53229331970215,209.3466796875
2514,15.270272493362427,0.7994215488433838,0.5521434545516968,0.1880636215209961,146563,15000,137.95876699805376,100.19636154174805,209.3466796875
2515,15.395324230194092,0.8046293258666992,0.54930180311203,0.17343749105930328,146752,15000,139.01287299813703,100.94571113586426,209.3466796875
2516,15.61604380607605,0.8141538500785828,0.544821560382843,0.18597695231437683,146935,15000,140.31831300235353,101.7904281616211,209.3466796875
2517,15.563195943832397,0.8089070320129395,0.5425735712051392,0.18514879047870636,147122,15000,138.5656909988029,100.71134567260742,209.3466796875
2518,15.67563533782959,0.812818169593811,0.5515726804733276,0.18779470026493073,147308,15000,138.12859499739716,100.54516792297363,209.3466796875
2519,15.769643783569336,0.8179253339767456,0.5460673570632935,0.18094871938228607,147491,15000,140.37935600208584,100.22234916687012,209.3466796875
2520,15.661317110061646,0.810969352722168,0.5352826118469238,0.19165678322315216,147679,15000,138.84957499976736,100.8152961730957,209.3466796875
2521,15.422911643981934,0.7989997863769531,0.5531665086746216,0.1856427639722824,147865,15000,141.92882499992265,103.57236862182617,209.3466796875
2522,15.01299500465393,0.7774479389190674,0.5667608976364136,0.2008139193058014,148048,15000,139.61755999844172,100.93045234680176,209.3466796875
2523,15.119103193283081,0.7825425863265991,0.5725863575935364,0.19896385073661804,148230,15000,138.4257149984478,100.43096542358398,209.3466796875
2524,15.078045129776001,0.7814373970031738,0.5731076002120972,0.1997784674167633,148412,15000,139.76713800002472,100.48460960388184,209.3466796875
2525,15.037915706634521,0.7760002613067627,0.5857391357421875,0.19969677925109863,148593,15000,141.27904300039518,101.48167610168457,209.3466796875
2526,15.126807689666748,0.7811218500137329,0.5851740837097168,0.1790928989648819,148771,15000,140.53005200184998,101.23682022094727,209.3466796875
2527,15.189989805221558,0.7849895358085632,0.5872125625610352,0.19726082682609558,148955,15000,141.4467050017265,102.6914119720459,209.3466796875
2528,15.389270782470703,0.7952606081962585,0.5831791162490845,0.18624816834926605,149137,15000,141.00437600063742,101.15385055541992,209.3466796875
2529,15.50027847290039,0.7985216975212097,0.5869463682174683,0.19870862364768982,149319,15000,140.43271499758703,100.89492797851562,209.3466796875
2530,15.506269931793213,0.8006758689880371,0.5814836025238037,0.18901318311691284,149495,15000,139.55065600021044,101.41682624816895,209.3466796875
2531,15.57626485824585,0.8046908378601074,0.5786297917366028,0.19060641527175903,149674,15000,140.30929100044887,100.97932815551758,209.3466796875
2532,15.634610652923584,0.8065647482872009,0.5734405517578125,0.1841023862361908,149854,15000,139.7278020012891,101.0274887084961,209.3466796875
2533,15.734267234802246,0.8112737536430359,0.5676168203353882,0.18662051856517792,149994,15000,139.49524000054225,101.2721061706543,209.3466796875
2534,15.745241641998291,0.8110098838806152,0.5735668540000916,0.19519372284412384,150000,15000,139.09753599727992,101.70984268188477,209.3466796875
2535,15.76943039894104,0.8129123449325562,0.5689193606376648,0.19113053381443024,150000,15000,139.45586599948,102.37336158752441,209.3466796875
2536,14.975582361221313,0.7954270243644714,0.5770260095596313,0.2148740589618683,150000,15000,137.68676799736568,101.12667083740234,209.3466796875
2537,15.329532623291016,0.808046281337738,0.5681192278862,0.19917088747024536,150000,15000,138.06456000020262,101.21297836303711,209.3466796875
2538,15.382744073867798,0.8138744235038757,0.5650426745414734,0.19158732891082764,150000,15000,137.66084700182546,101.29046440124512,209.3466796875
2539,15.421507358551025,0.8157789707183838,0.568487286567688,0.19515930116176605,150000,15000,138.138843998604,100.6631851196289,209.3466796875
2540,15.498813390731812,0.8164681196212769,0.5575714111328125,0.20259271562099457,150000,15000,138.34645499809994,102.43487358093262,209.3466796875
2541,15.364434719085693,0.8131593465805054,0.5629201531410217,0.20141056180000305,150000,15000,137.5950660003582,100.78620910644531,209.3466796875
2542,15.413621664047241,0.8143584132194519,0.5625945925712585,0.20487798750400543,150000,15000,137.1242519999214,101.22323036193848,209.3466796875
2543,15.397554636001587,0.8124053478240967,0.5564424991607666,0.20406371355056763,150000,15000,136.72167000186164,101.4101505279541,209.3466796875
2544,15.498149394989014,0.8130089640617371,0.5713284611701965,0.19769568741321564,150000,15000,137.66325999677065,100.5392074584961,209.3466796875
2545,15.509583950042725,0.8160940408706665,0.5698478817939758,0.19652466475963593,150000,15000,135.58458300030907,100.87203979492188,209.3466796875
2546,15.621798038482666,0.8174643516540527,0.5594803094863892,0.20608669519424438,150000,15000,135.68004500120878,100.22187232971191,209.3466796875
2547,15.50368070602417,0.8113070726394653,0.5617724657058716,0.2023753523826599,150000,15000,135.9004879996064,100.53539276123047,209.3466796875
2548,15.597167015075684,0.8150535821914673,0.5664738416671753,0.20840506255626678,150000,15000,140.80595300038112,100.12435913085938,209.3466796875
2549,15.689067840576172,0.8190151453018188,0.5656081438064575,0.19128045439720154,150000,15000,144.9107369990088,101.24349594116211,209.3466796875
2550,15.735737085342407,0.8170210719108582,0.5725759267807007,0.22988831996917725,150000,15000,141.99012099925312,101.77731513977051,209.3466796875
2551,15.786467790603638,0.8183554410934448,0.5618974566459656,0.22462289035320282,150000,15000,138.09070799834444,101.65643692016602,209.3466796875
2552,15.826492309570312,0.8199570178985596,0.5594615340232849,0.21816560626029968,150000,15000,139.21270499849925,101.25160217285156,209.3466796875
2553,15.898946523666382,0.8204761743545532,0.5654170513153076,0.21566078066825867,150000,15000,138.68994699805626,100.56185722351074,209.3466796875
2554,15.742813348770142,0.8142985105514526,0.5831626057624817,0.20898215472698212,150000,15000,141.15428399964003,100.97002983093262,209.3466796875
2555,15.856480598449707,0.8225477933883667,0.5673375129699707,0.207358255982399,150000,15000,138.4488350013271,100.81171989440918,209.3466796875
2556,15.982216596603394,0.8269249796867371,0.5687208771705627,0.21694156527519226,150000,15000,137.4013560016465,100.91757774353027,209.3466796875
2557,16.02264404296875,0.8241969347000122,0.5629562139511108,0.21897484362125397,150000,15000,138.03829300013604,100.738525390625,209.3466796875
2558,16.123028993606567,0.8291923403739929,0.5422917008399963,0.20221513509750366,150000,15000,139.43375400049263,101.84717178344727,209.3466796875
2559,16.030540466308594,0.8300319910049438,0.5468329787254333,0.22750021517276764,150000,15000,136.94028800091473,101.03082656860352,209.3466796875
2560,15.968257188796997,0.8300999402999878,0.5640929937362671,0.235207200050354,150000,15000,143.8592790000257,100.47364234924316,209.3466796875
2561,16.081717014312744,0.8337665796279907,0.5622142553329468,0.2362239956855774,150000,15000,139.162090003083,100.67439079284668,209.3466796875
2562,15.986759662628174,0.8334918022155762,0.5516566634178162,0.23358526825904846,150000,15000,137.4180120001256,100.8150577545166,209.3466796875
2563,15.78973650932312,0.8289791941642761,0.5503574013710022,0.22580961883068085,150000,15000,144.1064640021068,100.58212280273438,209.3466796875
2564,15.92725157737732,0.8336305618286133,0.5543698668479919,0.21780793368816376,150000,15000,138.19336000233307,102.43797302246094,209.3466796875
2565,15.930396318435669,0.8336807489395142,0.5628966093063354,0.21945026516914368,150000,15000,140.77232199997525,101.20511054992676,209.3466796875
2566,15.83977222442627,0.8291125297546387,0.5665841102600098,0.22062797844409943,150000,15000,136.05811099841958,100.35920143127441,209.3466796875
2567,15.646545886993408,0.8224942088127136,0.5692771673202515,0.22192618250846863,150000,15000,138.00017799803754,100.17728805541992,209.3466796875
2568,15.574572086334229,0.819833517074585,0.5784358978271484,0.22973161935806274,150000,15000,136.29056400168338,101.22036933898926,209.3466796875
2569,15.756381750106812,0.8265923261642456,0.5734840631484985,0.2240981012582779,150000,15000,135.73109799835947,99.81894493103027,209.3466796875
2570,15.770645141601562,0.8267747759819031,0.5649175047874451,0.22297105193138123,150000,15000,144.46835099806776,100.65460205078125,209.3466796875
2571,15.565606355667114,0.8182718753814697,0.563065767288208,0.22834311425685883,150000,15000,140.4649590003828,101.60946846008301,209.3466796875
2572,15.24825930595398,0.803756833076477,0.5837793946266174,0.24470101296901703,150000,15000,138.21966300019994,100.82626342773438,209.3466796875
2573,15.271028280258179,0.8069993257522583,0.5843906402587891,0.2178484946489334,150000,15000,140.7706860009057,102.32806205749512,209.3466796875
2574,15.394458770751953,0.8107308149337769,0.586362361907959,0.23295684158802032,150000,15000,136.48385099804727,101.84097290039062,209.3466796875
2575,15.30426025390625,0.8035380244255066,0.5929446220397949,0.23242224752902985,150000,15000,136.93436699759332,100.28576850891113,209.3466796875
2576,15.350204706192017,0.8039426803588867,0.5989049077033997,0.2280052751302719,150000,15000,135.4810800003179,100.16632080078125,209.3466796875
2577,15.527980327606201,0.8096307516098022,0.5943286418914795,0.23287098109722137,150000,15000,137.10907499989844,101.83882713317871,209.3466796875
2578,15.540910959243774,0.8113223910331726,0.6024658679962158,0.2169986218214035,150000,15000,136.63856299899635,100.25191307067871,209.3466796875
2579,15.580612421035767,0.8118089437484741,0.6146090626716614,0.22839035093784332,150000,15000,136.39912100188667,100.7242202758789,209.3466796875
2580,15.505965948104858,0.8091890215873718,0.6074102520942688,0.2264436036348343,150000,15000,136.9615689982311,100.88825225830078,209.3466796875
2581,15.294464826583862,0.8005231618881226,0.6178247928619385,0.22029386460781097,150000,15000,139.49920199956978,100.91137886047363,209.3466796875
2582,15.40501594543457,0.8002755045890808,0.6263203024864197,0.26326221227645874,150000,15000,137.07340499968268,102.02598571777344,209.3466796875
2583,15.572082996368408,0.8102139234542847,0.6258952021598816,0.2356647402048111,150000,15000,135.82802100063418,100.2049446105957,209.3466796875
2584,15.670832395553589,0.8148254156112671,0.6209502220153809,0.2288505882024765,150000,15000,135.69713499964564,99.52569007873535,209.3466796875
2585,15.808541774749756,0.818397045135498,0.6205930113792419,0.23743325471878052,150000,15000,140.45258199985255,100.62837600708008,209.3466796875
2586,15.810073614120483,0.8177410364151001,0.6269015669822693,0.22067010402679443,150000,15000,139.0402430006361,99.56145286560059,209.3466796875
2587,15.788053274154663,0.8150284290313721,0.6331683993339539,0.22869972884655,150000,15000,138.62277199950768,102.95844078063965,209.3466796875
2588,15.74246883392334,0.8146697282791138,0.6353487968444824,0.21845068037509918,150000,15000,136.03909800076508,100.29983520507812,209.3466796875
2589,15.895856618881226,0.8193057775497437,0.6385450959205627,0.22251270711421967,150000,15000,136.45190500028548,99.2588996887207,209.3466796875
2590,15.976027250289917,0.8231015205383301,0.6356169581413269,0.22070789337158203,150000,15000,137.11800099918037,100.56519508361816,209.3466796875
2591,16.140427589416504,0.8241953253746033,0.6257027983665466,0.23021163046360016,150000,15000,140.24009099739487,101.15551948547363,209.3466796875
2592,15.837759971618652,0.8073581457138062,0.6376408338546753,0.2413065880537033,150000,15000,141.66403399940464,100.71611404418945,209.3466796875
2593,15.90225338935852,0.8028439879417419,0.6408220529556274,0.24664907157421112,150000,15000,136.515452999447,100.41189193725586,209.3466796875
2594,16.06237769126892,0.8088254332542419,0.6365842819213867,0.22568278014659882,150000,15000,137.66554100220674,100.60262680053711,209.3466796875
2595,16.123863458633423,0.8040022850036621,0.6343702673912048,0.25557395815849304,150000,15000,141.01485299761407,100.1288890838623,209.3466796875
2596,15.943437814712524,0.794920802116394,0.6375845074653625,0.2367197424173355,150000,15000,135.8548959979089,100.41522979736328,209.3466796875
2597,16.013400554656982,0.7974326014518738,0.6384613513946533,0.2361709326505661,150000,15000,139.07059499979368,100.62503814697266,209.3466796875
2598,16.079401969909668,0.8084468841552734,0.6275325417518616,0.23180177807807922,150000,15000,137.62819899784517,100.49223899841309,209.3466796875
2599,16.131935119628906,0.814131498336792,0.6306910514831543,0.2352435290813446,150000,15000,141.20884399744682,101.77016258239746,209.3466796875
2600,16.267662048339844,0.8192938566207886,0.6284351348876953,0.2504996359348297,145760,15000,142.975442999159,100.73304176330566,209.3466796875
2601,16.231563091278076,0.8040260672569275,0.6136526465415955,0.2284052073955536,146027,15000,144.29852300236234,100.44455528259277,209.3466796875
2602,16.325976848602295,0.816440761089325,0.626664936542511,0.24295495450496674,146307,15000,144.348131998413,102.37908363342285,209.3466796875
2603,16.542948484420776,0.8256263732910156,0.6185544729232788,0.23236966133117676,146536,15000,141.9701710001391,100.03972053527832,209.3466796875
2604,16.756319999694824,0.8308557868003845,0.6048622727394104,0.24301043152809143,146706,15000,139.50259700141032,99.98822212219238,209.3466796875
2605,16.624631881713867,0.834233283996582,0.6002888679504395,0.23904874920845032,146897,15000,137.66293499793392,99.80964660644531,209.3466796875
2606,16.660889387130737,0.8350491523742676,0.5979073643684387,0.23647844791412354,147114,15000,138.7637640000321,99.68423843383789,209.3466796875
2607,16.61542534828186,0.8302772045135498,0.6061604619026184,0.26703715324401855,147334,15000,140.46101799976896,100.61478614807129,209.3466796875
2608,16.39051914215088,0.8256661891937256,0.6020674705505371,0.24726764857769012,147542,15000,142.7166399989801,100.91829299926758,209.3466796875
2609,16.335595846176147,0.8268084526062012,0.6075665950775146,0.2418155074119568,147745,15000,142.30997299819137,101.61161422729492,209.3466796875
2610,16.27751350402832,0.8244358897209167,0.6041459441184998,0.23451462388038635,147939,15000,139.693676999741,100.39186477661133,209.3466796875
2611,16.430140733718872,0.8313931226730347,0.5964857339859009,0.2424418032169342,148141,15000,140.14420399689698,100.27718544006348,209.3466796875
2612,16.417624950408936,0.8334376811981201,0.6066414713859558,0.2379220426082611,148358,15000,139.04603400078486,100.00014305114746,209.3466796875
2613,16.040470600128174,0.8217923045158386,0.6156067252159119,0.23222585022449493,148565,15000,139.43878700229106,100.17657279968262,209.3466796875
2614,16.420599222183228,0.8334517478942871,0.6045112013816833,0.21226583421230316,148773,15000,141.05041500079096,99.90167617797852,209.3466796875
2615,16.49791121482849,0.8383609056472778,0.5976850986480713,0.22412312030792236,148983,15000,138.4942670010787,99.8082160949707,209.3466796875
2616,16.527239084243774,0.8402187824249268,0.5977317690849304,0.22359402477741241,149196,15000,140.59030099815573,100.46720504760742,209.3466796875
2617,16.566888093948364,0.843956470489502,0.5988254547119141,0.21262912452220917,149398,15000,139.51866299976246,99.97963905334473,209.3466796875
2618,16.630892753601074,0.8453474044799805,0.6025117635726929,0.2193618267774582,149611,15000,138.74252399909892,100.06093978881836,209.3466796875
2619,16.574212312698364,0.8448016047477722,0.5926051139831543,0.23669536411762238,149825,15000,141.43073000013828,100.84962844848633,209.3466796875
2620,16.544793844223022,0.8427144885063171,0.5920889973640442,0.23297818005084991,149990,15000,139.9731019992032,100.14748573303223,209.3466796875
2621,16.850239038467407,0.8508599996566772,0.5786158442497253,0.22311916947364807,150000,15000,139.15997699950822,100.91781616210938,209.3466796875
2622,16.707786321640015,0.8477309942245483,0.586894690990448,0.21842031180858612,150000,15000,135.3544099983992,100.10218620300293,209.3466796875
2623,16.485111713409424,0.8401116132736206,0.5809097290039062,0.23155590891838074,150000,15000,135.90975899933255,100.51918029785156,209.3466796875
2624,16.603503227233887,0.8430362939834595,0.5880448818206787,0.22155144810676575,150000,15000,140.077530999406,103.30581665039062,209.3466796875
2625,16.904627084732056,0.8508223295211792,0.5845884084701538,0.21868811547756195,150000,15000,142.64549300060025,100.69823265075684,209.3466796875
2626,16.992775201797485,0.853071391582489,0.5842788219451904,0.23230300843715668,150000,15000,141.88987200031988,100.92854499816895,209.3466796875
2627,17.03659415245056,0.8538199663162231,0.5763556957244873,0.23900438845157623,150000,15000,144.18305499930284,103.69014739990234,209.3466796875
2628,16.933058500289917,0.8488030433654785,0.5742121934890747,0.23050051927566528,150000,15000,137.52700500117498,100.92735290527344,209.3466796875
2629,16.868739128112793,0.84385085105896,0.5725377798080444,0.2414199858903885,150000,15000,139.74383299864712,100.90303421020508,209.3466796875
2630,17.05098271369934,0.8484077453613281,0.5706627368927002,0.23353561758995056,150000,15000,137.8382450020581,100.85225105285645,209.3466796875
2631,17.22079634666443,0.8523561358451843,0.5632521510124207,0.22677581012248993,150000,15000,137.3375240000314,100.70514678955078,209.3466796875
2632,17.290527820587158,0.854324996471405,0.5558186769485474,0.22732149064540863,150000,15000,136.57729599799495,100.68798065185547,209.3466796875
2633,17.24279522895813,0.8521475791931152,0.5651444792747498,0.23157499730587006,150000,15000,136.49033500041696,100.42500495910645,209.3466796875
2634,17.170900106430054,0.8490171432495117,0.5526440143585205,0.23189681768417358,150000,15000,137.13998800085392,100.09121894836426,209.3466796875
2635,17.34673500061035,0.8515551090240479,0.5463203191757202,0.23827479779720306,150000,15000,139.79829699746915,103.50728034973145,209.3466796875
2636,17.434266805648804,0.8513617515563965,0.547455906867981,0.2547602653503418,150000,15000,140.8393839992641,101.7005443572998,209.3466796875
2637,17.503488063812256,0.8550673723220825,0.544397234916687,0.21646837890148163,150000,15000,137.10329300010926,100.48723220825195,209.3466796875
2638,17.557512521743774,0.8586446642875671,0.5370967984199524,0.22350141406059265,150000,15000,136.9517490020371,100.86631774902344,209.3466796875
2639,17.494876384735107,0.860895574092865,0.5345187187194824,0.2156640738248825,150000,15000,140.86030600083177,101.91917419433594,209.3466796875
2640,17.59666681289673,0.8658097982406616,0.5352754592895508,0.24072322249412537,150000,15000,141.33972700074082,101.5920639038086,209.3466796875
2641,17.58072257041931,0.8670026659965515,0.532401442527771,0.20654968917369843,150000,15000,137.25388099919655,100.93522071838379,209.3466796875
2642,17.713959217071533,0.8673641085624695,0.520465075969696,0.21863579750061035,150000,15000,146.28385300238733,101.32718086242676,209.3466796875
2643,17.644119262695312,0.8658599853515625,0.5241145491600037,0.21062546968460083,150000,15000,138.22034500117297,102.13232040405273,209.3466796875
2644,17.753212451934814,0.8674234747886658,0.5246694087982178,0.21192017197608948,150000,15000,138.95437799874344,100.67582130432129,209.3466796875
2645,17.789316177368164,0.8666762709617615,0.5113672614097595,0.22201085090637207,150000,15000,143.96017999752075,102.1728515625,209.3466796875
2646,17.764337062835693,0.866086483001709,0.5151797533035278,0.24604368209838867,150000,15000,140.2220310010307,101.41301155090332,209.3466796875
2647,17.363767623901367,0.8507663607597351,0.5310642719268799,0.21807609498500824,150000,15000,139.18269599889754,100.48913955688477,209.3466796875
2648,16.9457745552063,0.8359455466270447,0.5508171319961548,0.23182006180286407,150000,15000,138.66384999710135,101.20844841003418,209.3466796875
2649,17.358932495117188,0.8500915765762329,0.5484163761138916,0.24622003734111786,150000,15000,138.0438989981485,100.3262996673584,209.3466796875
2650,17.437995672225952,0.8529917597770691,0.5439410209655762,0.22476796805858612,150000,15000,138.49357900107861,101.3789176940918,209.3466796875
2651,17.377737760543823,0.8507922887802124,0.5463058352470398,0.23535145819187164,150000,15000,137.19029999992927,100.76427459716797,209.3466796875
2652,17.689985036849976,0.85856693983078,0.5481486320495605,0.24951040744781494,150000,15000,137.55940800183453,100.49152374267578,209.3466796875
2653,17.820907831192017,0.8621937036514282,0.5450611114501953,0.22617079317569733,150000,15000,140.88800100216758,100.22783279418945,209.3466796875
2654,17.80765414237976,0.8624477386474609,0.5533396601676941,0.21432410180568695,150000,15000,136.10215399967274,100.07619857788086,209.3466796875
2655,17.672295570373535,0.8597316741943359,0.5579168200492859,0.23538756370544434,150000,15000,135.95804700162262,99.82562065124512,209.3466796875
2656,17.75985360145569,0.8612188696861267,0.551255464553833,0.23402316868305206,150000,15000,135.82181799938553,99.73549842834473,209.3466796875
2657,17.897590398788452,0.8632304668426514,0.5492415428161621,0.2477322369813919,150000,15000,136.50299499931862,100.59046745300293,209.3466796875
2658,17.860015630722046,0.8643043041229248,0.5390110611915588,0.24310922622680664,150000,15000,136.3460379980097,100.02899169921875,209.3466796875
2659,18.082770109176636,0.8693612813949585,0.5321311950683594,0.2499990612268448,150000,15000,136.6523779979616,99.9898910522461,209.3466796875
2660,18.174105882644653,0.8703908920288086,0.5305048227310181,0.22777485847473145,150000,15000,136.0769339989929,99.7772216796875,209.3466796875
2661,18.142359256744385,0.8689553141593933,0.5222026109695435,0.2552182078361511,150000,15000,136.03171599970665,99.84874725341797,209.3466796875
2662,18.156365156173706,0.8685504794120789,0.5192993879318237,0.23217865824699402,150000,15000,141.87974300148198,104.94256019592285,209.3466796875
2663,17.39221692085266,0.8578280806541443,0.5283279418945312,0.2502180337905884,150000,15000,140.81740099936724,100.58379173278809,209.3466796875
2664,17.19122290611267,0.842978835105896,0.5440281629562378,0.2570515275001526,150000,15000,141.1935979995178,101.53913497924805,209.3466796875
2665,17.369498014450073,0.8402993083000183,0.5494089126586914,0.2633691728115082,150000,15000,141.69143400067696,100.92782974243164,209.3466796875
2666,17.50250220298767,0.8419119119644165,0.5594147443771362,0.2410566806793213,150000,15000,142.3107680020621,101.46021842956543,209.3466796875
2667,17.13631510734558,0.8280997276306152,0.5608035326004028,0.27365759015083313,150000,15000,138.5147360015253,100.40473937988281,209.3466796875
2668,16.958011388778687,0.8167252540588379,0.5806642770767212,0.29125702381134033,150000,15000,136.37050300167175,100.06999969482422,209.3466796875
2669,16.891461610794067,0.8140274882316589,0.5875177383422852,0.29662296175956726,150000,15000,136.8685160014138,100.71825981140137,209.3466796875
2670,16.945863962173462,0.8162035346031189,0.5800018310546875,0.28982311487197876,150000,15000,136.21708700156887,100.41570663452148,209.3466796875
2671,16.899330615997314,0.8108775615692139,0.576781690120697,0.3047178387641907,150000,15000,137.1798090003722,100.66366195678711,209.3466796875
2672,16.512736082077026,0.79477858543396,0.5819869637489319,0.30330321192741394,150000,15000,138.97597000323003,103.17063331604004,209.3466796875
2673,16.520861387252808,0.792540967464447,0.5951589345932007,0.33895596861839294,150000,15000,136.55467699936708,100.74138641357422,209.3466796875
2674,16.52260184288025,0.7921102046966553,0.6062033176422119,0.32304617762565613,150000,15000,137.11673600118957,100.87108612060547,209.3466796875
2675,16.70343041419983,0.7943778038024902,0.6135809421539307,0.30426928400993347,150000,15000,138.13097899765125,101.36651992797852,209.3466796875
2676,16.733070611953735,0.7991756200790405,0.6078911423683167,0.28879761695861816,150000,15000,138.3937539976614,101.54533386230469,209.3466796875
2677,16.96455478668213,0.8118629455566406,0.6088270545005798,0.2698632776737213,150000,15000,136.5811039977416,100.70323944091797,209.3466796875
2678,17.132970094680786,0.8170897960662842,0.6079294681549072,0.2788829505443573,150000,15000,136.7697940004291,100.56138038635254,209.3466796875
2679,17.345114946365356,0.8252379298210144,0.6057230234146118,0.2631918787956238,150000,15000,138.58131099914317,100.93188285827637,209.3466796875
2680,17.50349760055542,0.8325949907302856,0.5959861874580383,0.25397440791130066,150000,15000,136.91711700084852,100.65817832946777,209.3466796875
2681,17.47013568878174,0.8365305662155151,0.5928711891174316,0.2912152409553528,150000,15000,136.2228479993064,100.59142112731934,209.3466796875
2682,17.568260431289673,0.8362676501274109,0.6111129522323608,0.2858278453350067,150000,15000,136.9397989983554,100.28815269470215,209.3466796875
2683,17.828468084335327,0.8428301215171814,0.6124606132507324,0.26064568758010864,150000,15000,140.62000799822272,104.31146621704102,209.3466796875
2684,17.720658779144287,0.8463826179504395,0.6074337959289551,0.2676163911819458,150000,15000,137.46101099968655,100.97575187683105,209.3466796875
2685,17.910364866256714,0.8473323583602905,0.6086860299110413,0.26105156540870667,150000,15000,137.05110500086448,100.47602653503418,209.3466796875
2686,18.078367710113525,0.8498784899711609,0.6073211431503296,0.2754068970680237,150000,15000,137.35642900064704,101.05228424072266,209.3466796875
2687,18.08071732521057,0.8542191982269287,0.5994356870651245,0.23811255395412445,150000,15000,138.44602799872519,101.94587707519531,209.3466796875
2688,17.940562963485718,0.8522550463676453,0.591903567314148,0.2568211853504181,150000,15000,138.48004800092895,100.85082054138184,209.3466796875
2689,18.08131217956543,0.853569507598877,0.5838614702224731,0.2535879611968994,150000,15000,140.60988500204985,102.51188278198242,209.3466796875
2690,17.95880675315857,0.8526841998100281,0.5874582529067993,0.2545225918292999,150000,15000,139.65956599713536,100.94404220581055,209.3466796875
2691,17.992446422576904,0.8515209555625916,0.5822955369949341,0.2606891989707947,150000,15000,138.86670599822537,100.7072925567627,209.3466796875
2692,17.941051721572876,0.8518161177635193,0.5844472050666809,0.24379023909568787,150000,15000,138.57442200242076,100.84772109985352,209.3466796875
2693,17.91019558906555,0.850075900554657,0.5793718695640564,0.26213160157203674,150000,15000,141.3597540013143,104.15363311767578,209.3466796875
2694,17.896270751953125,0.8465601205825806,0.5855284929275513,0.23965463042259216,150000,15000,137.76419399800943,100.91733932495117,209.3466796875
2695,17.9275906085968,0.8487715721130371,0.5746511220932007,0.2457105666399002,150000,15000,138.2056670008751,100.07309913635254,209.3466796875
2696,17.731337547302246,0.8449486494064331,0.5765135288238525,0.2252396196126938,150000,15000,143.30595700084814,102.16927528381348,209.3466796875
2697,17.867947816848755,0.8467357158660889,0.5765370726585388,0.2539020776748657,150000,15000,139.6788940000988,101.14836692810059,209.3466796875
2698,17.8886878490448,0.849103569984436,0.5709775686264038,0.2296258956193924,150000,15000,137.24224000179674,100.5089282989502,209.3466796875
2699,17.838693857192993,0.8484348654747009,0.5600976347923279,0.25079938769340515,150000,15000,138.84146000054898,101.2418270111084,209.3466796875
2700,17.95755624771118,0.852332592010498,0.5692746639251709,0.20223306119441986,145500,15000,145.459674000449,101.31382942199707,209.3466796875
2701,17.980509996414185,0.8528774976730347,0.549112856388092,0.21940459311008453,145762,15000,141.76982999924803,100.20136833190918,209.3466796875
2702,17.687289714813232,0.8469323515892029,0.5447050333023071,0.25306111574172974,146036,15000,146.69616600076552,103.48033905029297,209.3466796875
2703,17.8111469745636,0.8482295274734497,0.5478484034538269,0.2313460111618042,146276,15000,143.4082900013891,101.44662857055664,209.3466796875
2704,17.813469171524048,0.8492273092269897,0.5472708940505981,0.22212566435337067,146446,15000,142.87281100041582,101.01580619812012,209.3466796875
2705,17.944012880325317,0.8539222478866577,0.5438695549964905,0.2191568911075592,146639,15000,144.87912399999914,101.19438171386719,209.3466796875
2706,17.86278009414673,0.851718544960022,0.5411912202835083,0.2294672578573227,146847,15000,144.72924999790848,100.6307601928711,209.3466796875
2707,17.63981342315674,0.8442097902297974,0.5440089702606201,0.2379705160856247,147075,15000,147.029196999938,102.40602493286133,209.3466796875
2708,17.871145009994507,0.8498239517211914,0.5423998236656189,0.24288074672222137,147275,15000,140.3547019981488,100.46172142028809,209.3466796875
2709,17.78156280517578,0.8493251204490662,0.5388849973678589,0.2407449632883072,147476,15000,141.45013199959067,100.50773620605469,209.3466796875
2710,17.63146996498108,0.8467272520065308,0.5443532466888428,0.23593935370445251,147686,15000,146.46471900050528,104.21586036682129,209.3466796875
2711,17.676780223846436,0.8440626859664917,0.5509682893753052,0.24348780512809753,147895,15000,147.7518850006163,101.70245170593262,209.3466796875
2712,17.429555654525757,0.835742175579071,0.5584271550178528,0.251833438873291,148115,15000,145.7939770007215,100.41260719299316,209.3466796875
2713,17.45560050010681,0.8326665759086609,0.5697382688522339,0.25751274824142456,148317,15000,141.66182699773344,100.61407089233398,209.3466796875
2714,17.121405601501465,0.8225415945053101,0.5698046088218689,0.26453155279159546,148524,15000,300.6678580022708,100.62170028686523,209.3466796875
2715,17.547236680984497,0.8324573040008545,0.5607050061225891,0.2450244426727295,148730,15000,140.2176049996342,100.42858123779297,209.3466796875
2716,17.273666858673096,0.8270720839500427,0.5606430172920227,0.2552066147327423,148951,15000,144.0336119994754,100.12507438659668,209.3466796875
2717,16.703263521194458,0.8057250380516052,0.5775322318077087,0.2619062662124634,149161,15000,145.76725600272766,100.14677047729492,209.3466796875
2718,16.669446229934692,0.8035399317741394,0.5730150938034058,0.2708285450935364,149366,15000,148.35890899848891,101.37677192687988,209.3466796875
2719,16.38455629348755,0.7896811366081238,0.5762120485305786,0.3081744313240051,149573,15000,151.23256399965612,101.06992721557617,209.3466796875
2720,16.058309078216553,0.7723677158355713,0.6046594977378845,0.3144940137863159,149785,15000,149.6264310007973,101.28593444824219,209.3466796875
2721,16.378941535949707,0.7793558835983276,0.6005099415779114,0.3039524555206299,149971,15000,141.38650799941388,100.4483699798584,209.3466796875
2722,15.78631043434143,0.7569195628166199,0.609885036945343,0.32553890347480774,149993,15000,145.26880300036282,100.82626342773438,209.3466796875
2723,15.544567108154297,0.743771493434906,0.6208401322364807,0.31859585642814636,149998,15000,140.5382560005819,100.75569152832031,209.3466796875
2724,15.710523128509521,0.7479710578918457,0.623710572719574,0.31309765577316284,150000,15000,145.0771829986479,101.47452354431152,209.3466796875
2725,15.71111798286438,0.7442063689231873,0.6339626312255859,0.3439174294471741,150000,15000,142.76741399953607,100.87251663208008,209.3466796875
2726,16.00032925605774,0.7535502314567566,0.6343567967414856,0.31726059317588806,150000,15000,139.58975100103999,101.08685493469238,209.3466796875
2727,16.33388638496399,0.7691656947135925,0.6170690655708313,0.2923958897590637,150000,15000,138.90843999979552,101.15814208984375,209.3466796875
2728,16.270341873168945,0.7768182158470154,0.6116390228271484,0.2757009267807007,150000,15000,140.4294980020495,100.80909729003906,209.3466796875
2729,16.25360369682312,0.7766658663749695,0.619792103767395,0.24479001760482788,150000,15000,138.84790299925953,101.02009773254395,209.3466796875
2730,16.49530053138733,0.7829407453536987,0.6125422120094299,0.26296719908714294,150000,15000,137.20479799667373,100.51131248474121,209.3466796875
2731,16.56204581260681,0.7877358198165894,0.6124635338783264,0.27786093950271606,150000,15000,138.09521599978325,100.90398788452148,209.3466796875
2732,16.69399380683899,0.7946552634239197,0.6116513013839722,0.2886877655982971,150000,15000,141.43659199908143,100.64387321472168,209.3466796875
2733,16.844197511672974,0.7991814613342285,0.6191505789756775,0.2599393129348755,150000,15000,141.36078599767643,100.87919235229492,209.3466796875
2734,16.914597749710083,0.7977210879325867,0.6081787347793579,0.2710546553134918,150000,15000,139.96027200118988,102.72002220153809,209.3466796875
2735,17.04411268234253,0.8060566186904907,0.6084079742431641,0.253084659576416,150000,15000,142.97339399854536,101.61089897155762,209.3466796875
2736,17.177071571350098,0.808750331401825,0.6060544848442078,0.27163851261138916,150000,15000,145.48242700038827,102.99468040466309,209.3466796875
2737,17.21192955970764,0.8061867952346802,0.6057782173156738,0.25371235609054565,150000,15000,140.32029699956183,101.71794891357422,209.3466796875
2738,17.152504920959473,0.8060328364372253,0.600064754486084,0.26066911220550537,150000,15000,137.94493100067484,100.7537841796875,209.3466796875
2739,17.41021156311035,0.8116174936294556,0.5849614143371582,0.23859339952468872,150000,15000,139.4707979998202,100.82650184631348,209.3466796875
2740,17.190845012664795,0.8083421587944031,0.5920301675796509,0.24195869266986847,150000,15000,141.69904899972607,100.99959373474121,209.3466796875
2741,17.25644826889038,0.8098897933959961,0.5875747799873352,0.23933270573616028,150000,15000,137.26946400129236,100.50272941589355,209.3466796875
2742,17.063260078430176,0.8109675645828247,0.5835637450218201,0.249576136469841,150000,15000,136.11256500007585,100.15201568603516,209.3466796875
2743,16.6998291015625,0.807668149471283,0.5954558849334717,0.23690761625766754,150000,15000,138.95542600221233,101.47809982299805,209.3466796875
2744,16.99507713317871,0.813388466835022,0.5887152552604675,0.23246891796588898,150000,15000,138.5441249985888,101.16219520568848,209.3466796875
2745,16.925067901611328,0.8161479830741882,0.5754561424255371,0.24532978236675262,150000,15000,139.15877899853513,100.85082054138184,209.3466796875
2746,17.025445699691772,0.8194939494132996,0.5854355096817017,0.24362687766551971,150000,15000,139.51384400206734,101.80926322937012,209.3466796875
2747,17.08441972732544,0.8226555585861206,0.5777369737625122,0.2229795902967453,150000,15000,141.81749899944407,100.88086128234863,209.3466796875
2748,17.448108196258545,0.8307490348815918,0.5822380781173706,0.23555026948451996,150000,15000,142.67659500183072,100.17251968383789,209.3466796875
2749,17.592023611068726,0.8354581594467163,0.5831940174102783,0.23107439279556274,150000,15000,140.84005399854505,102.6458740234375,209.3466796875
2750,17.56049871444702,0.8376357555389404,0.5776926279067993,0.23000697791576385,150000,15000,137.35479400202166,100.46505928039551,209.3466796875
2751,17.73289918899536,0.8405652046203613,0.5718922019004822,0.21700333058834076,150000,15000,137.19830799891497,99.83682632446289,209.3466796875
2752,17.92506694793701,0.8431437015533447,0.5628466010093689,0.2291131615638733,150000,15000,137.77788399966084,101.24945640563965,209.3466796875
2753,17.936161756515503,0.8420519232749939,0.5599497556686401,0.2385733425617218,150000,15000,136.52025500050513,100.08883476257324,209.3466796875
2754,17.983707189559937,0.8424420356750488,0.5475757122039795,0.22743196785449982,150000,15000,137.1719650014711,99.79510307312012,209.3466796875
2755,17.895185947418213,0.841819167137146,0.5533398985862732,0.21720661222934723,150000,15000,136.80580299842404,100.26311874389648,209.3466796875
2756,17.911230325698853,0.8403881788253784,0.551803469657898,0.23343658447265625,150000,15000,137.5752219973947,100.18301010131836,209.3466796875
2757,17.907145023345947,0.8407562971115112,0.5517131090164185,0.22601661086082458,150000,15000,135.80995899974369,99.55835342407227,209.3466796875
2758,17.949697971343994,0.8419626951217651,0.5392016172409058,0.21956400573253632,150000,15000,136.20654400074272,99.94173049926758,209.3466796875
2759,17.832748889923096,0.8380621671676636,0.5393025279045105,0.2283431738615036,150000,15000,137.88600399857387,99.84421730041504,209.3466796875
2760,17.68389582633972,0.8346650004386902,0.5398225784301758,0.21711209416389465,150000,15000,136.60846699713147,99.72548484802246,209.3466796875
2761,17.405452728271484,0.8290884494781494,0.5198265314102173,0.24488486349582672,150000,15000,137.14228100070613,100.13842582702637,209.3466796875
2762,17.24743962287903,0.8258702158927917,0.5276024341583252,0.23714378476142883,150000,15000,137.9348789996584,100.19612312316895,209.3466796875
2763,17.271924018859863,0.8195303678512573,0.5457545518875122,0.2193894237279892,150000,15000,137.48703899909742,101.0899543762207,209.3466796875
2764,17.351927757263184,0.8262999057769775,0.5401691198348999,0.21520447731018066,150000,15000,136.9335109993699,100.41522979736328,209.3466796875
2765,17.42621660232544,0.8285350799560547,0.5377007126808167,0.2074296772480011,150000,15000,137.6868219995231,100.08406639099121,209.3466796875
2766,17.656396627426147,0.8354315161705017,0.5313454866409302,0.19303369522094727,150000,15000,136.91162599934614,100.83985328674316,209.3466796875
2767,17.42210626602173,0.8303789496421814,0.5350634455680847,0.2185254991054535,150000,15000,136.7396749992622,100.06570816040039,209.3466796875
2768,17.38738775253296,0.8284964561462402,0.5409681797027588,0.20301538705825806,150000,15000,136.44399199984036,99.79677200317383,209.3466796875
2769,17.693909406661987,0.8332850337028503,0.5347220301628113,0.22450599074363708,150000,15000,136.63750699925004,99.67923164367676,209.3466796875
2770,16.922446489334106,0.8173655867576599,0.5381024479866028,0.22219978272914886,150000,15000,137.61914299902855,100.10647773742676,209.3466796875
2771,16.309781074523926,0.8012213706970215,0.5378620624542236,0.22364485263824463,150000,15000,136.5641179982049,100.0974178314209,209.3466796875
2772,16.585159301757812,0.8071297407150269,0.5454838275909424,0.22245243191719055,150000,15000,136.27357500081416,99.77459907531738,209.3466796875
2773,16.281651258468628,0.7993098497390747,0.5485343337059021,0.24360661208629608,150000,15000,137.02319199728663,99.5931625366211,209.3466796875
2774,15.903643369674683,0.7889179587364197,0.5526316165924072,0.23716574907302856,150000,15000,137.04812000287347,99.78699684143066,209.3466796875
2775,15.933796167373657,0.7855424880981445,0.5632457137107849,0.24017231166362762,150000,15000,136.40704399949755,99.83158111572266,209.3466796875
2776,16.114968061447144,0.7909384965896606,0.5690311193466187,0.2396649420261383,150000,15000,135.93541900263517,99.517822265625,209.3466796875
2777,15.923205614089966,0.7804590463638306,0.5765587687492371,0.2459937185049057,150000,15000,136.20826700207544,99.6394157409668,209.3466796875
2778,15.819954872131348,0.7739949226379395,0.58278888463974,0.27225592732429504,150000,15000,138.2832379968022,101.30023956298828,209.3466796875
2779,15.569181442260742,0.7638671398162842,0.6004385352134705,0.2487039417028427,150000,15000,137.63662400015164,100.4326343536377,209.3466796875
2780,15.423893928527832,0.753427267074585,0.6157402396202087,0.23125655949115753,150000,15000,137.74413499777438,100.62003135681152,209.3466796875
2781,15.544326305389404,0.7552277445793152,0.6133811473846436,0.24266210198402405,150000,15000,139.05196799896657,100.6011962890625,209.3466796875
2782,15.570311546325684,0.7556681036949158,0.615857720375061,0.2571150064468384,150000,15000,138.90447500307346,101.55916213989258,209.3466796875
2783,15.823205709457397,0.7563797235488892,0.6263028383255005,0.2549740672111511,150000,15000,144.48969500153908,100.77524185180664,209.3466796875
2784,15.881881713867188,0.7597491145133972,0.6297727823257446,0.24226422607898712,150000,15000,138.40131300094072,99.48277473449707,209.3466796875
2785,16.150670051574707,0.767891526222229,0.6376760601997375,0.24883879721164703,150000,15000,139.0951059984218,100.82125663757324,209.3466796875
2786,16.28011465072632,0.7728023529052734,0.633712887763977,0.25148236751556396,150000,15000,139.38726199921803,100.39925575256348,209.3466796875
2787,16.21963858604431,0.772659957408905,0.6278560757637024,0.23719985783100128,150000,15000,138.89840900083072,100.70300102233887,209.3466796875
2788,16.17852210998535,0.7706590890884399,0.646539568901062,0.24614998698234558,150000,15000,139.18355500209145,100.8446216583252,209.3466796875
2789,16.420222520828247,0.7768494486808777,0.6388595700263977,0.24008822441101074,150000,15000,140.16091899975436,100.6631851196289,209.3466796875
2790,16.44601821899414,0.7780768275260925,0.6372660994529724,0.23351675271987915,150000,15000,140.33756800199626,102.16975212097168,209.3466796875
2791,16.467981338500977,0.7748302817344666,0.6427586078643799,0.22796155512332916,150000,15000,138.06416500301566,100.43978691101074,209.3466796875
2792,16.460106372833252,0.779711902141571,0.6328634023666382,0.2438121736049652,150000,15000,137.24738599921693,100.06427764892578,209.3466796875
2793,16.393423080444336,0.7818569540977478,0.634916365146637,0.2324662208557129,150000,15000,141.23707700127852,101.44686698913574,209.3466796875
2794,16.463428735733032,0.7825990915298462,0.6333300471305847,0.23290731012821198,150000,15000,140.23156500115874,100.4183292388916,209.3466796875
2795,16.705952882766724,0.7854337096214294,0.6251057982444763,0.23136790096759796,150000,15000,139.25921599729918,100.07023811340332,209.3466796875
2796,16.64638042449951,0.7867608070373535,0.6182141900062561,0.20642593502998352,150000,15000,142.67610200113268,100.22950172424316,209.3466796875
2797,16.760700941085815,0.7884210348129272,0.6286720037460327,0.21435338258743286,150000,15000,144.68419699915103,100.46577453613281,209.3466796875
2798,16.734219789505005,0.7890229225158691,0.6310738325119019,0.20350049436092377,150000,15000,140.11488599862787,100.10719299316406,209.3466796875
2799,16.925901174545288,0.7914215326309204,0.6181238293647766,0.19367267191410065,150000,15000,140.1427880009578,101.71818733215332,209.3466796875
2800,16.971088647842407,0.793524444103241,0.6179369688034058,0.19859164953231812,137265,15000,146.58270799918682,99.89690780639648,209.3466796875
2801,17.0453941822052,0.7959732413291931,0.605806827545166,0.22333012521266937,137516,15000,146.26040399889462,99.71380233764648,209.3466796875
2802,17.081053256988525,0.7990471124649048,0.6040011644363403,0.20908716320991516,137761,15000,144.42753500043182,100.2953052520752,209.3466796875
2803,17.099993228912354,0.7993025779724121,0.5816048383712769,0.22321435809135437,138007,15000,140.6786670013389,99.7767448425293,209.3466796875
2804,17.465157508850098,0.8099570274353027,0.5746370553970337,0.2093217819929123,138165,15000,139.11529699907987,99.28631782531738,209.3466796875
2805,17.781975269317627,0.8164068460464478,0.5767935514450073,0.20779156684875488,138348,15000,139.20637699993677,99.3647575378418,209.3466796875
2806,18.07333469390869,0.8217703700065613,0.5716565251350403,0.18952420353889465,138551,15000,138.87141599843744,99.14517402648926,209.3466796875
2807,18.226733207702637,0.8291510343551636,0.5708313584327698,0.18483804166316986,138780,15000,141.37259299968719,101.04131698608398,209.3466796875
2808,18.348008394241333,0.8324639201164246,0.5813941359519958,0.19832594692707062,138979,15000,142.1837380003126,99.91860389709473,209.3466796875
2809,18.505021333694458,0.8342568278312683,0.5724413990974426,0.18315190076828003,139158,15000,142.13338999979896,99.63536262512207,209.3466796875
2810,18.831392526626587,0.8413493037223816,0.5594394207000732,0.18795619904994965,139356,15000,140.46979500199086,99.68376159667969,209.3466796875
2811,18.61067771911621,0.8399232625961304,0.5603750944137573,0.19694414734840393,139562,15000,140.5110429986962,99.67827796936035,209.3466796875
2812,18.62652063369751,0.8402506709098816,0.5598439574241638,0.20953147113323212,139781,15000,140.69986599861295,99.95317459106445,209.3466796875
2813,18.419384956359863,0.8319926261901855,0.5503942966461182,0.19671247899532318,139979,15000,143.64705800107913,101.4246940612793,209.3466796875
2814,17.915269136428833,0.8229912519454956,0.556610643863678,0.1921846568584442,140173,15000,142.581957999937,100.44026374816895,209.3466796875
2815,17.93801188468933,0.8215238451957703,0.5613964796066284,0.20205889642238617,140377,15000,141.91321200269158,100.28195381164551,209.3466796875
2816,17.2367000579834,0.8062745928764343,0.5596855878829956,0.205305278301239,140584,15000,141.8300139994244,99.70498085021973,209.3466796875
2817,16.692146062850952,0.7859443426132202,0.5627751350402832,0.20700475573539734,140784,15000,141.47072699779528,100.2655029296875,209.3466796875
2818,16.417932510375977,0.7811305522918701,0.5765094757080078,0.21172453463077545,140990,15000,146.07048299876624,100.69608688354492,209.3466796875
2819,16.26962184906006,0.7731403112411499,0.5752928853034973,0.2194976508617401,141195,15000,141.72778300053324,100.44121742248535,209.3466796875
2820,16.31160259246826,0.7745048403739929,0.6037251949310303,0.23520579934120178,141396,15000,142.50139000068884,100.0063419342041,209.3466796875
2821,16.517972946166992,0.7825344800949097,0.5996837019920349,0.22899064421653748,141595,15000,143.65696999811917,100.33655166625977,209.3466796875
2822,16.558282375335693,0.7819318771362305,0.6011272072792053,0.237188920378685,141816,15000,147.64632299920777,100.3420352935791,209.3466796875
2823,16.688183546066284,0.7851040363311768,0.6056112051010132,0.26090526580810547,142018,15000,150.06297299987637,101.81689262390137,209.3466796875
2824,16.518174409866333,0.7823955416679382,0.6060659289360046,0.24605830013751984,142227,15000,146.0783030015591,100.53038597106934,209.3466796875
2825,16.52100920677185,0.7811552286148071,0.6158275008201599,0.2547140419483185,142430,15000,147.0240950002335,100.1276969909668,209.3466796875
2826,16.44519329071045,0.7757806777954102,0.6200663447380066,0.25445643067359924,142643,15000,141.02483900205698,100.13699531555176,209.3466796875
2827,16.66479468345642,0.7818145155906677,0.6302359104156494,0.2496979832649231,142841,15000,145.89548299773014,100.54826736450195,209.3466796875
2828,16.749768257141113,0.7846865057945251,0.6271926760673523,0.2378978431224823,143045,15000,143.94706199891516,100.06380081176758,209.3466796875
2829,16.804293394088745,0.787256121635437,0.6333154439926147,0.255238801240921,143241,15000,146.0234420010238,100.40545463562012,209.3466796875
2830,17.076319456100464,0.7944135665893555,0.6344251036643982,0.23743456602096558,143453,15000,145.26810600000317,100.8157730102539,209.3466796875
2831,17.580325603485107,0.8080534934997559,0.6336545348167419,0.23735319077968597,143661,15000,145.36368499830132,99.95746612548828,209.3466796875
2832,17.942306995391846,0.8171758055686951,0.6342480182647705,0.21261726319789886,143863,15000,140.50392399803968,99.74431991577148,209.3466796875
2833,18.27571749687195,0.8250393271446228,0.627133846282959,0.20148426294326782,144052,15000,141.46219499889412,100.07238388061523,209.3466796875
2834,18.750522136688232,0.8358170986175537,0.620360255241394,0.23881812393665314,144262,15000,151.67326900336775,104.6137809753418,209.3466796875
2835,18.900474309921265,0.8405382633209229,0.6047201156616211,0.22019661962985992,144475,15000,147.48146599959,100.43025016784668,209.3466796875
2836,19.131215810775757,0.8436570167541504,0.6021490097045898,0.1923157125711441,144687,15000,144.57285800017416,100.65293312072754,209.3466796875
2837,18.903653621673584,0.8424321413040161,0.599921703338623,0.21092212200164795,144884,15000,141.79264699851046,100.30055046081543,209.3466796875
2838,19.01819944381714,0.8435016870498657,0.5898674130439758,0.22228682041168213,145090,15000,144.9445040016144,100.1749038696289,209.3466796875
2839,19.075418710708618,0.8431650400161743,0.5904381275177002,0.20436735451221466,145288,15000,145.07321999917622,100.32510757446289,209.3466796875
2840,18.94005537033081,0.8410792350769043,0.5835601091384888,0.20782163739204407,145500,15000,144.954212999437,100.16465187072754,209.3466796875
2841,18.93214464187622,0.841624915599823,0.5868092179298401,0.22290177643299103,145706,15000,147.7885950007476,101.64380073547363,209.3466796875
2842,18.43540072441101,0.833661675453186,0.5872809886932373,0.22365103662014008,145911,15000,144.16270400033682,100.44550895690918,209.3466796875
2843,17.97472357749939,0.8249324560165405,0.581733226776123,0.2351762056350708,146118,15000,143.32561999981408,100.34346580505371,209.3466796875
2844,17.427637577056885,0.8068884611129761,0.5916106700897217,0.22355665266513824,146316,15000,146.09941500020796,101.898193359375,209.3466796875
2845,17.586039304733276,0.8061121702194214,0.5827787518501282,0.23369520902633667,146530,15000,141.63460599957034,100.59547424316406,209.3466796875
2846,16.792316436767578,0.7833060026168823,0.5977903604507446,0.2465335577726364,146739,15000,140.7287960028043,100.2347469329834,209.3466796875
2847,16.780234575271606,0.7729047536849976,0.6070612072944641,0.2617090046405792,146939,15000,142.4364720005542,100.59857368469238,209.3466796875
2848,16.756449937820435,0.7711851000785828,0.6078035831451416,0.2537994682788849,147132,15000,142.9255870025372,101.11451148986816,209.3466796875
2849,16.831510066986084,0.7713234424591064,0.5999882817268372,0.24694710969924927,147334,15000,147.3979850015894,104.03656959533691,209.3466796875
2850,16.965411901474,0.7724248170852661,0.6040606498718262,0.275094598531723,147544,15000,141.2707710005634,101.00293159484863,209.3466796875
2851,17.650036811828613,0.786414623260498,0.6013379096984863,0.2623814344406128,147734,15000,139.4009499999811,100.09884834289551,209.3466796875
2852,17.868869304656982,0.7934877276420593,0.597095251083374,0.24448424577713013,147938,15000,142.088310996769,100.75211524963379,209.3466796875
2853,17.765443325042725,0.7883384227752686,0.6011636257171631,0.26225745677948,148136,15000,140.44349500181852,100.16703605651855,209.3466796875
2854,17.51659393310547,0.7208635210990906,0.6171141266822815,0.26917508244514465,148341,15000,140.96838499972364,100.0666618347168,209.3466796875
2855,17.524380683898926,0.7515794038772583,0.6107800006866455,0.242258682847023,148513,15000,145.1913719974982,102.8432846069336,209.3466796875
2856,17.699003219604492,0.7755858302116394,0.6149898767471313,0.2564198672771454,148704,15000,143.8101639978413,100.47435760498047,209.3466796875
2857,17.73642659187317,0.7850996851921082,0.6137375235557556,0.26950451731681824,148915,15000,141.91357199888444,100.2051830291748,209.3466796875
2858,18.442429304122925,0.7840954661369324,0.6019864082336426,0.2546922564506531,149122,15000,141.86213400171255,100.24905204772949,209.3466796875
2859,18.852065801620483,0.8007811307907104,0.5911514163017273,0.24150733649730682,149331,15000,142.52102599857608,100.29768943786621,209.3466796875
2860,19.080978631973267,0.8045989274978638,0.5924319624900818,0.22223979234695435,149524,15000,143.40459400045802,101.24611854553223,209.3466796875
2861,19.59441900253296,0.8225818872451782,0.5833395719528198,0.22940704226493835,149715,15000,142.5619399997231,100.77667236328125,209.3466796875
2862,19.356609582901,0.8257977366447449,0.5784486532211304,0.23673199117183685,149921,15000,143.82908399784355,101.67670249938965,209.3466796875
2863,19.268360137939453,0.8279032707214355,0.5753530263900757,0.19264131784439087,149981,15000,140.94846000079997,100.5549430847168,209.3466796875
2864,19.77828621864319,0.8346699476242065,0.5643227100372314,0.217266246676445,149995,15000,142.4380049975298,101.23825073242188,209.3466796875
2865,20.03138542175293,0.8356908559799194,0.5643216371536255,0.2159399390220642,149998,15000,142.5164809988928,101.07135772705078,209.3466796875
2866,20.00988245010376,0.8375374674797058,0.5640043020248413,0.20586152374744415,149999,15000,141.84047300295788,100.01468658447266,209.3466796875
2867,20.114336013793945,0.8380905985832214,0.5608182549476624,0.2136533111333847,150000,15000,144.0741070000513,103.07574272155762,209.3466796875
2868,19.95299220085144,0.8374063372612,0.5617878437042236,0.2090616226196289,150000,15000,139.2975499984459,101.11427307128906,209.3466796875
2869,19.457333087921143,0.8305873274803162,0.5572276711463928,0.2282988578081131,150000,15000,144.09363300001132,101.3333797454834,209.3466796875
2870,19.425251483917236,0.8290020227432251,0.5541719794273376,0.2242279350757599,150000,15000,139.68190300147398,102.10084915161133,209.3466796875
2871,19.51842427253723,0.8295897245407104,0.5459928512573242,0.2007913887500763,150000,15000,142.89363399802824,100.35157203674316,209.3466796875
2872,19.355822801589966,0.8277187347412109,0.5498816967010498,0.20035506784915924,150000,15000,138.4332080015156,101.51958465576172,209.3466796875
2873,19.10684585571289,0.8250794410705566,0.5495045185089111,0.2059226930141449,150000,15000,137.7256710002257,100.20661354064941,209.3466796875
2874,19.1797137260437,0.8254086375236511,0.5490997433662415,0.23551447689533234,150000,15000,137.59775400103536,99.89070892333984,209.3466796875
2875,18.729087114334106,0.8176884055137634,0.5551252961158752,0.22874516248703003,150000,15000,140.02297800107044,100.31723976135254,209.3466796875
2876,18.468925952911377,0.8109924793243408,0.5536831617355347,0.2088819146156311,150000,15000,140.54802899772767,101.37295722961426,209.3466796875
2877,18.262118101119995,0.8076506853103638,0.5665439963340759,0.2747637927532196,150000,15000,137.6276400005736,100.24809837341309,209.3466796875
2878,17.632737159729004,0.7932441234588623,0.5612298250198364,0.25781941413879395,150000,15000,140.68129299994325,101.74369812011719,209.3466796875
2879,17.144391536712646,0.7792545557022095,0.5932869911193848,0.25064271688461304,150000,15000,138.2676800021727,100.07953643798828,209.3466796875
2880,17.183769941329956,0.7780250310897827,0.5971903204917908,0.2623836100101471,150000,15000,137.0245399994019,100.14128684997559,209.3466796875
2881,17.46803045272827,0.782833993434906,0.5970153212547302,0.26475489139556885,150000,15000,139.13240400142968,100.17108917236328,209.3466796875
2882,17.192333936691284,0.7707040309906006,0.6010521054267883,0.2720012962818146,150000,15000,138.86974699926213,100.39353370666504,209.3466796875
2883,17.57200002670288,0.7755084037780762,0.6027845144271851,0.2540428042411804,150000,15000,139.92809100091108,99.87998008728027,209.3466796875
2884,17.870150804519653,0.7829124927520752,0.5998872518539429,0.24736781418323517,150000,15000,140.82535700072185,100.91114044189453,209.3466796875
2885,17.89679527282715,0.7821484804153442,0.6119058132171631,0.23858897387981415,150000,15000,304.86987699987367,100.63385963439941,209.3466796875
2886,18.424265384674072,0.7948849201202393,0.6064605712890625,0.23747533559799194,150000,15000,138.99370700164582,100.97861289978027,209.3466796875
2887,18.702234029769897,0.8023974299430847,0.5959272980690002,0.22609961032867432,150000,15000,138.14365699727205,100.40855407714844,209.3466796875
2888,18.591482639312744,0.7986981272697449,0.5967655181884766,0.2321500927209854,150000,15000,138.4969579994504,100.27289390563965,209.3466796875
2889,18.86804699897766,0.8043206930160522,0.5955284833908081,0.20410095155239105,150000,15000,138.26521000009961,100.43191909790039,209.3466796875
2890,18.8891863822937,0.8100250959396362,0.586823582649231,0.2279476374387741,150000,15000,139.21412999843596,101.18699073791504,209.3466796875
2891,19.16437268257141,0.8138100504875183,0.574907660484314,0.224990576505661,150000,15000,138.00598200032255,100.49581527709961,209.3466796875
2892,19.146592617034912,0.8156299591064453,0.5688415765762329,0.22108040750026703,150000,15000,137.8249869994761,99.97868537902832,209.3466796875
2893,18.804750442504883,0.80964195728302,0.5751643776893616,0.19796577095985413,150000,15000,138.16829699862865,99.51901435852051,209.3466796875
2894,18.636350631713867,0.8017815351486206,0.5634511709213257,0.21080054342746735,150000,15000,136.71364500260097,99.59721565246582,209.3466796875
2895,17.69934892654419,0.7730865478515625,0.5554189682006836,0.2229709029197693,150000,15000,137.52125199971488,99.74050521850586,209.3466796875
2896,16.948162317276,0.7508983016014099,0.5707827806472778,0.1991151124238968,150000,15000,136.73239299896522,99.61271286010742,209.3466796875
2897,16.46667718887329,0.7423954010009766,0.5697888135910034,0.21879597008228302,150000,15000,137.4195590033196,100.09384155273438,209.3466796875
2898,16.75163507461548,0.7488354444503784,0.5769331455230713,0.22884289920330048,150000,15000,138.0464829999255,99.95913505554199,209.3466796875
2899,16.983437538146973,0.7561180591583252,0.5843049883842468,0.21452389657497406,150000,15000,140.5154229978507,99.90954399108887,209.3466796875
2900,16.913658380508423,0.7555291056632996,0.5825206637382507,0.2294180542230606,116552,15000,152.1450799991726,99.49398040771484,209.3466796875
2901,17.66661286354065,0.773276686668396,0.5836818814277649,0.20099186897277832,116765,15000,137.46950499989907,99.20358657836914,209.3466796875
2902,18.16078782081604,0.7902159094810486,0.574784517288208,0.211281880736351,116974,15000,138.56390499859117,99.98393058776855,209.3466796875
2903,18.080815076828003,0.7926119565963745,0.5741653442382812,0.21202018857002258,117199,15000,139.81285299814772,100.03900527954102,209.3466796875
2904,17.928792238235474,0.7925397753715515,0.5834160447120667,0.22504942119121552,117384,15000,140.19949800058384,99.82442855834961,209.3466796875
2905,18.23391318321228,0.8044896125793457,0.5814045667648315,0.2190404087305069,117582,15000,143.1263199992827,99.37119483947754,209.3466796875
2906,18.729559183120728,0.8140336871147156,0.577764630317688,0.21103130280971527,117774,15000,138.42932699844823,99.85041618347168,209.3466796875
2907,18.3626389503479,0.8103479743003845,0.5692211985588074,0.1947423666715622,117977,15000,139.0061339989188,100.59928894042969,209.3466796875
2908,17.897212505340576,0.7991759777069092,0.5784067511558533,0.2238909900188446,118190,15000,138.74335199943744,99.6088981628418,209.3466796875
2909,17.639083862304688,0.7913378477096558,0.5790101289749146,0.22875605523586273,118399,15000,139.99754399992526,99.49922561645508,209.3466796875
2910,17.984437942504883,0.797728419303894,0.5757390260696411,0.20727671682834625,118589,15000,138.28880499931984,99.53689575195312,209.3466796875
2911,18.00717830657959,0.8007158041000366,0.5657271146774292,0.1997004747390747,118768,15000,139.4797729990387,100.08668899536133,209.3466796875
2912,16.45072340965271,0.7564868927001953,0.5841840505599976,0.2614684998989105,118979,15000,139.93906299947412,101.11808776855469,209.3466796875
2913,16.535338163375854,0.7564336061477661,0.5953891277313232,0.22857852280139923,119164,15000,139.04221800112282,99.74026679992676,209.3466796875
2914,17.364931106567383,0.7823380827903748,0.5848570466041565,0.22097669541835785,119358,15000,139.66481999887037,99.79438781738281,209.3466796875
2915,17.460713386535645,0.786095142364502,0.5763012766838074,0.2054486870765686,119562,15000,149.19784700032324,102.19883918762207,209.3466796875
2916,17.492811679840088,0.7842983603477478,0.5767319202423096,0.24035964906215668,119766,15000,145.1775989989983,101.06492042541504,209.3466796875
2917,17.834681272506714,0.7935948371887207,0.5685860514640808,0.21359142661094666,119967,15000,141.76938200034783,100.56900978088379,209.3466796875
2918,18.2857346534729,0.8071371912956238,0.5665788054466248,0.19096608459949493,120155,15000,144.77322899983847,101.47809982299805,209.3466796875
2919,18.430445194244385,0.8130620718002319,0.5710282325744629,0.20810559391975403,120359,15000,141.84869199743844,101.03654861450195,209.3466796875
2920,18.73841166496277,0.8165783286094666,0.5671943426132202,0.20815899968147278,120555,15000,140.69791499787243,100.5864143371582,209.3466796875
2921,18.87883186340332,0.8238184452056885,0.5565057396888733,0.19293592870235443,120757,15000,139.71110999773373,100.25453567504883,209.3466796875
2922,19.136523008346558,0.831242024898529,0.561916172504425,0.20436930656433105,120961,15000,144.6414409983845,100.65364837646484,209.3466796875
2923,19.31394338607788,0.834294319152832,0.5571390986442566,0.2004186362028122,121157,15000,141.52452899725176,102.31757164001465,209.3466796875
2924,19.53060746192932,0.8419184684753418,0.5495707392692566,0.2058878391981125,121355,15000,140.66157299748738,100.16655921936035,209.3466796875
2925,19.700647592544556,0.8475300669670105,0.5552568435668945,0.18517625331878662,121552,15000,144.38178699856508,101.26042366027832,209.3466796875
2926,19.571192264556885,0.8495321273803711,0.5446164608001709,0.1858643889427185,121750,15000,142.02124300209107,101.98307037353516,209.3466796875
2927,19.810192584991455,0.8508338928222656,0.5410078167915344,0.19829903542995453,121960,15000,144.0382340006181,100.18205642700195,209.3466796875
2928,19.865028858184814,0.8542643785476685,0.5395293831825256,0.18700623512268066,122166,15000,141.2783550003951,100.83889961242676,209.3466796875
2929,19.564112424850464,0.8493148684501648,0.5512044429779053,0.19318713247776031,122359,15000,144.18080299947178,100.98791122436523,209.3466796875
2930,18.80884289741516,0.834664523601532,0.5601120591163635,0.21175551414489746,122566,15000,143.32031400044798,101.54390335083008,209.3466796875
2931,19.158568382263184,0.8417014479637146,0.5586191415786743,0.19907210767269135,122774,15000,140.8903970004758,100.15368461608887,209.3466796875
2932,17.99285054206848,0.816983699798584,0.5596054792404175,0.21264800429344177,122979,15000,141.20227899911697,100.66461563110352,209.3466796875
2933,17.882449626922607,0.8149752616882324,0.5596531629562378,0.21083839237689972,123172,15000,141.43379100278253,100.68893432617188,209.3466796875
2934,18.13040256500244,0.823429524898529,0.5602325201034546,0.19329430162906647,123379,15000,143.36382300098194,102.6148796081543,209.3466796875
2935,18.189672231674194,0.8229016065597534,0.553080677986145,0.1987277716398239,123586,15000,141.27610600189655,100.81243515014648,209.3466796875
2936,18.70344877243042,0.8345915675163269,0.5457702875137329,0.2035812884569168,123788,15000,143.09738299925812,101.40037536621094,209.3466796875
2937,18.61739993095398,0.8335220813751221,0.5320116877555847,0.21664929389953613,123996,15000,146.35842500138097,102.02169418334961,209.3466796875
2938,18.633670806884766,0.836400032043457,0.5333253741264343,0.20871755480766296,124197,15000,143.48146799966344,101.35746002197266,209.3466796875
2939,18.843750953674316,0.8390278220176697,0.5328894853591919,0.1954852044582367,124393,15000,142.76049600084662,101.4096736907959,209.3466796875
2940,18.873989582061768,0.8416523933410645,0.5393717288970947,0.20078350603580475,124605,15000,145.9543710006983,101.47690773010254,209.3466796875
2941,18.61120581626892,0.8395352363586426,0.5406421422958374,0.2153477668762207,124816,15000,143.93750799717964,100.53324699401855,209.3466796875
2942,18.58974575996399,0.8402649164199829,0.5482478141784668,0.20558591187000275,125021,15000,141.13836699834792,100.68178176879883,209.3466796875
2943,18.794565200805664,0.8431097865104675,0.5427449345588684,0.20440711081027985,125225,15000,140.99578999957885,101.10211372375488,209.3466796875
2944,18.74497890472412,0.8407410383224487,0.5435521006584167,0.19683194160461426,125428,15000,144.9072569994314,104.35914993286133,209.3466796875
2945,18.806265592575073,0.8431892395019531,0.542742133140564,0.21483521163463593,125643,15000,143.82020000266493,100.47125816345215,209.3466796875
2946,18.99464726448059,0.8487197756767273,0.5418031811714172,0.19728052616119385,125847,15000,145.59989500048687,100.86488723754883,209.3466796875
2947,18.97940754890442,0.8494231104850769,0.5417455434799194,0.20138494670391083,126044,15000,140.19177799855242,100.69680213928223,209.3466796875
2948,18.85525941848755,0.8474920988082886,0.5325807332992554,0.20697279274463654,126243,15000,147.20719999968424,101.05586051940918,209.3466796875
2949,18.826122283935547,0.8488931059837341,0.5300447940826416,0.2041877955198288,126458,15000,144.0816209978948,100.86679458618164,209.3466796875
2950,18.57828378677368,0.8437173366546631,0.5375343561172485,0.20934809744358063,126674,15000,142.24351599841611,100.82197189331055,209.3466796875
2951,19.005725383758545,0.8517781496047974,0.5262975096702576,0.19502566754817963,126873,15000,143.64507299978868,100.92568397521973,209.3466796875
2952,18.611717224121094,0.8439666628837585,0.5255285501480103,0.20285671949386597,127075,15000,142.61434699801612,101.49550437927246,209.3466796875
2953,18.262215852737427,0.8374919891357422,0.5308149456977844,0.20879557728767395,127276,15000,149.02374099983717,101.44782066345215,209.3466796875
2954,18.409616947174072,0.8392585515975952,0.5266872048377991,0.21234937012195587,127484,15000,150.16623699921183,101.36961936950684,209.3466796875
2955,18.273295164108276,0.8393349051475525,0.5222052335739136,0.19970829784870148,127694,15000,143.66706000146223,101.09686851501465,209.3466796875
2956,18.38504195213318,0.8409497737884521,0.5224633812904358,0.19509266316890717,127898,15000,143.8129320013104,101.47762298583984,209.3466796875
2957,18.414924144744873,0.8448333740234375,0.5220544338226318,0.20156201720237732,128101,15000,143.93273899986525,101.20558738708496,209.3466796875
2958,18.20802092552185,0.8405485153198242,0.5238593220710754,0.2281004935503006,128320,15000,141.750343998865,101.05299949645996,209.3466796875
2959,18.617632389068604,0.8480095863342285,0.5229394435882568,0.21128401160240173,128535,15000,143.77455700014252,101.39918327331543,209.3466796875
2960,18.475642204284668,0.8475912809371948,0.5251215100288391,0.20565004646778107,128734,15000,145.09824400010984,101.77206993103027,209.3466796875
2961,18.45430016517639,0.8482581973075867,0.5283525586128235,0.20978567004203796,128937,15000,140.87504199778778,100.93092918395996,209.3466796875
2962,18.29110026359558,0.8457533717155457,0.5297866463661194,0.20592792332172394,129145,15000,141.46244999938062,100.80170631408691,209.3466796875
2963,18.26990008354187,0.8464279174804688,0.5256274342536926,0.21892417967319489,129346,15000,141.23252400167985,100.50296783447266,209.3466796875
2964,18.291466236114502,0.8462064266204834,0.5226707458496094,0.2264009267091751,129562,15000,143.72622500013676,100.58331489562988,209.3466796875
2965,18.174426555633545,0.8468300700187683,0.5158016085624695,0.21815569698810577,129765,15000,141.8385879987909,101.24492645263672,209.3466796875
2966,18.31933617591858,0.8515090942382812,0.514039158821106,0.2087790071964264,129978,15000,142.89911499872687,101.64093971252441,209.3466796875
2967,18.092215061187744,0.8432022929191589,0.5325173735618591,0.22304850816726685,130188,15000,143.96977499927743,103.42025756835938,209.3466796875
2968,18.441404104232788,0.8521639108657837,0.5243452191352844,0.2149515300989151,130393,15000,144.48795299904305,100.8458137512207,209.3466796875
2969,17.493712902069092,0.8330313563346863,0.5235384106636047,0.20795971155166626,130596,15000,152.10251999815227,104.1867733001709,209.3466796875
2970,16.993800401687622,0.822402834892273,0.5393202304840088,0.2229541540145874,130804,15000,147.23097200112534,101.71031951904297,209.3466796875
2971,16.84613347053528,0.8178619146347046,0.5403392314910889,0.234768345952034,131021,15000,147.0545789998141,100.2960205078125,209.3466796875
2972,17.042982578277588,0.8251464366912842,0.537833571434021,0.24411767721176147,131229,15000,142.12671700079227,100.63576698303223,209.3466796875
2973,16.792190074920654,0.8166840076446533,0.5535968542098999,0.26656875014305115,131439,15000,144.62961399840424,100.82578659057617,209.3466796875
2974,17.06484079360962,0.8261594176292419,0.5575873851776123,0.24504828453063965,131651,15000,148.39528700031224,104.29191589355469,209.3466796875
2975,17.35278606414795,0.8351461887359619,0.5535833239555359,0.26219800114631653,131858,15000,145.87802800087957,101.43613815307617,209.3466796875
2976,16.783854961395264,0.8220493197441101,0.547958254814148,0.2683778405189514,132062,15000,141.03674199941452,100.77619552612305,209.3466796875
2977,16.945711374282837,0.823625922203064,0.558360755443573,0.26377931237220764,132265,15000,140.46860500093317,100.40974617004395,209.3466796875
2978,17.15227246284485,0.8302785158157349,0.5560911297798157,0.24113523960113525,132468,15000,141.0966119983641,100.3561019897461,209.3466796875
2979,17.257388830184937,0.8329517245292664,0.563438355922699,0.2421485185623169,132671,15000,142.4887260000105,100.45218467712402,209.3466796875
2980,17.25743293762207,0.8336480855941772,0.5528081655502319,0.24750177562236786,132874,15000,143.82279600249603,100.71611404418945,209.3466796875
2981,17.387031316757202,0.8368722796440125,0.5507374405860901,0.23931366205215454,133081,15000,141.66833499984932,101.10020637512207,209.3466796875
2982,17.713501453399658,0.8444468379020691,0.5490034818649292,0.23779453337192535,133288,15000,142.5509949986008,100.94141960144043,209.3466796875
2983,17.57964253425598,0.8450462222099304,0.5507080554962158,0.2300206869840622,133484,15000,140.39334900007816,100.3265380859375,209.3466796875
2984,17.665430307388306,0.8462802767753601,0.5502169132232666,0.22882452607154846,133673,15000,140.70555700163823,100.6479263305664,209.3466796875
2985,17.49953866004944,0.8404215574264526,0.5557065606117249,0.25027093291282654,133868,15000,146.46403400183772,100.53825378417969,209.3466796875
2986,17.422118186950684,0.8383172750473022,0.5633863806724548,0.2572859227657318,134066,15000,147.37929299735697,100.50559043884277,209.3466796875
2987,17.224934101104736,0.8346008658409119,0.567575216293335,0.2410154789686203,134261,15000,141.38496600207873,100.46553611755371,209.3466796875
2988,17.084553241729736,0.8304073214530945,0.570665717124939,0.2366693913936615,134448,15000,144.8756460013101,101.29427909851074,209.3466796875
2989,16.86509609222412,0.8232774138450623,0.5728451013565063,0.24698461592197418,134635,15000,141.50316800078144,100.22211074829102,209.3466796875
2990,16.90589189529419,0.8226919174194336,0.5846631526947021,0.24705694615840912,134828,15000,141.91914399998495,100.4791259765625,209.3466796875
2991,16.962181329727173,0.8224761486053467,0.5822178721427917,0.2712923288345337,135013,15000,140.21761099866126,100.19850730895996,209.3466796875
2992,17.016685009002686,0.825014591217041,0.573564350605011,0.24044020473957062,135196,15000,146.10983800230315,100.65555572509766,209.3466796875
2993,17.10044503211975,0.8267302513122559,0.5703145861625671,0.24230742454528809,135380,15000,146.74293200005195,101.00460052490234,209.3466796875
2994,17.398152351379395,0.8335968255996704,0.5689528584480286,0.24299116432666779,135564,15000,141.68399199843407,100.61216354370117,209.3466796875
2995,17.469189167022705,0.8394917249679565,0.5582972764968872,0.23068395256996155,135748,15000,143.9352260022133,101.39322280883789,209.3466796875
2996,17.324340343475342,0.8364690542221069,0.5624460577964783,0.2340104728937149,135931,15000,141.93852600146784,100.93808174133301,209.3466796875
2997,17.712360620498657,0.8433369398117065,0.5537852048873901,0.23497742414474487,136119,15000,141.1198739988322,100.23689270019531,209.3466796875
2998,17.695969343185425,0.8456325531005859,0.5513287782669067,0.2450132817029953,136296,15000,142.2539790000883,101.14812850952148,209.3466796875
2999,17.60074257850647,0.8431863188743591,0.5561296343803406,0.25182995200157166,136478,15000,142.7087579977524,100.88348388671875,209.3466796875
3000,17.772387266159058,0.8459279537200928,0.5563069581985474,0.2129356563091278,134496,15000,145.7270979990426,101.00460052490234,209.3466796875
3001,17.986457347869873,0.8519424796104431,0.5540964603424072,0.25216418504714966,134682,15000,150.23090400063666,101.06134414672852,209.3466796875
3002,18.017760515213013,0.8546130657196045,0.5467201471328735,0.23186342418193817,134870,15000,144.69431299949065,102.06437110900879,209.3466796875
3003,18.184518814086914,0.859276294708252,0.5412590503692627,0.24604134261608124,135056,15000,143.7689379999938,101.49955749511719,209.3466796875
3004,18.406599760055542,0.8629769086837769,0.5386150479316711,0.20171861350536346,135215,15000,143.54878500307677,102.01287269592285,209.3466796875
3005,18.480374813079834,0.8652799129486084,0.5382794737815857,0.23215678334236145,135400,15000,143.18794200153206,100.94857215881348,209.3466796875
3006,18.420112133026123,0.8657476902008057,0.5411059260368347,0.2150607705116272,135577,15000,144.9894020006468,101.01103782653809,209.3466796875
3007,18.535687923431396,0.8669131994247437,0.5434991717338562,0.22421574592590332,135765,15000,143.0115749972174,101.20844841003418,209.3466796875
3008,18.412948846817017,0.8671430349349976,0.5394079685211182,0.221998393535614,135941,15000,142.86310800162028,100.62241554260254,209.3466796875
3009,18.395366668701172,0.8636683225631714,0.5446566939353943,0.24033324420452118,136119,15000,143.1503870007873,101.17030143737793,209.3466796875
3010,18.307172060012817,0.8642041683197021,0.5499331951141357,0.21759778261184692,136294,15000,143.75449599901913,101.83167457580566,209.3466796875
3011,18.51446032524109,0.8702349662780762,0.5502309203147888,0.25406917929649353,136482,15000,141.9095909986936,100.62479972839355,209.3466796875
3012,18.42343807220459,0.8683845400810242,0.5475730299949646,0.2433122843503952,136665,15000,142.92721099991468,100.85558891296387,209.3466796875
3013,18.61132025718689,0.8727233409881592,0.5447921752929688,0.2142849862575531,136841,15000,142.2405789999175,100.3415584564209,209.3466796875
3014,18.20859432220459,0.8688297271728516,0.5272647142410278,0.218356654047966,137016,15000,143.62083300147788,101.16720199584961,209.3466796875
3015,17.87324070930481,0.8586065173149109,0.5444933176040649,0.218292236328125,137191,15000,144.14666399898124,100.77714920043945,209.3466796875
3016,18.41082215309143,0.8710498809814453,0.5477034449577332,0.24237141013145447,137372,15000,144.0761609992478,103.67393493652344,209.3466796875
3017,18.520749807357788,0.8734382390975952,0.5500109195709229,0.2162594348192215,137551,15000,141.3545939976757,100.38137435913086,209.3466796875
3018,18.55487823486328,0.873515248298645,0.552367091178894,0.21948742866516113,137732,15000,144.32070400289376,100.87823867797852,209.3466796875
3019,18.390647172927856,0.872042179107666,0.5506144762039185,0.2256322056055069,137905,15000,142.53320699936012,100.9361743927002,209.3466796875
3020,18.15073251724243,0.8676194548606873,0.5524961948394775,0.2319505512714386,138077,15000,145.1400790028856,101.28951072692871,209.3466796875
3021,18.545820713043213,0.875442385673523,0.5530177354812622,0.2238653600215912,138257,15000,143.2370799993805,101.38750076293945,209.3466796875
3022,18.274887800216675,0.8712188601493835,0.5502550005912781,0.22234223783016205,138431,15000,149.3106509988138,101.49574279785156,209.3466796875
3023,18.38683009147644,0.8729375600814819,0.5470356345176697,0.22739742696285248,138603,15000,147.27333399787312,102.01764106750488,209.3466796875
3024,18.450769186019897,0.873323917388916,0.5397283434867859,0.2285851687192917,138785,15000,140.8006050005497,100.43692588806152,209.3466796875
3025,18.691483736038208,0.87874436378479,0.532018780708313,0.21499499678611755,138962,15000,141.14864400107763,100.85773468017578,209.3466796875
3026,18.64138126373291,0.8793286085128784,0.528907060623169,0.23811981081962585,139132,15000,145.9897099994123,104.71439361572266,209.3466796875
3027,18.251959085464478,0.8680981397628784,0.5322309136390686,0.21980950236320496,139303,15000,141.35235299909255,100.75092315673828,209.3466796875
3028,18.69179606437683,0.8766945600509644,0.5324729681015015,0.20829454064369202,139470,15000,141.32394099942758,101.02963447570801,209.3466796875
3029,18.498421907424927,0.8744673728942871,0.5320321321487427,0.24046778678894043,139651,15000,144.11548099815263,101.43470764160156,209.3466796875
3030,17.82062530517578,0.857693076133728,0.5478368997573853,0.22864288091659546,139823,15000,143.75629899950582,101.61399841308594,209.3466796875
3031,18.09617519378662,0.8626427054405212,0.5488712787628174,0.2373088151216507,139994,15000,141.41305500015733,100.34394264221191,209.3466796875
3032,18.15134882926941,0.8646976947784424,0.5379688143730164,0.230430006980896,140161,15000,141.4972669990675,100.68058967590332,209.3466796875
3033,18.060907125473022,0.8659111857414246,0.545375406742096,0.23444423079490662,140333,15000,142.91664299889817,100.65054893493652,209.3466796875
3034,18.34967851638794,0.8706583380699158,0.5477100014686584,0.23375746607780457,140510,15000,141.95436400041217,100.4476547241211,209.3466796875
3035,18.454322814941406,0.8737359046936035,0.5417011976242065,0.2300291359424591,140681,15000,142.6796439991449,100.90041160583496,209.3466796875
3036,18.795336484909058,0.8794378638267517,0.5380359888076782,0.20692355930805206,140846,15000,146.37361600034637,100.3122329711914,209.3466796875
3037,18.84244203567505,0.8797063827514648,0.532406210899353,0.2026471048593521,141017,15000,142.6139629984391,100.88515281677246,209.3466796875
3038,18.828192949295044,0.8792378306388855,0.523832380771637,0.2327025979757309,141189,15000,306.1648549992242,100.90446472167969,209.3466796875
3039,18.86172652244568,0.8824216723442078,0.5285292863845825,0.21152925491333008,141360,15000,144.45097900170367,101.34029388427734,209.3466796875
3040,18.9475417137146,0.8856366872787476,0.5349704027175903,0.20078448951244354,141523,15000,144.7236599997268,102.54573822021484,209.3466796875
3041,18.95796775817871,0.8831960558891296,0.5241385698318481,0.18804369866847992,141701,15000,144.56130499820574,101.17077827453613,209.3466796875
3042,18.521077632904053,0.8760527968406677,0.5212578773498535,0.1855163723230362,141875,15000,143.15724300104193,101.09472274780273,209.3466796875
3043,18.824474811553955,0.8810219764709473,0.5236228108406067,0.21949736773967743,142052,15000,145.1162960001966,102.22840309143066,209.3466796875
3044,19.00512456893921,0.8855457305908203,0.5242370963096619,0.21932567656040192,142216,15000,143.29965300203185,101.49574279785156,209.3466796875
3045,19.102784395217896,0.888241171836853,0.5168562531471252,0.21587027609348297,142386,15000,147.30067900018184,101.10998153686523,209.3466796875
3046,19.007807970046997,0.8885689973831177,0.5020993947982788,0.198564812541008,142548,15000,141.99082599952817,101.03464126586914,209.3466796875
3047,18.705575466156006,0.8791586756706238,0.5022651553153992,0.2301698476076126,142716,15000,142.80640899960417,101.11784934997559,209.3466796875
3048,18.719639778137207,0.8788832426071167,0.5203036665916443,0.23430487513542175,142882,15000,142.73270599733223,100.77929496765137,209.3466796875
3049,18.725402355194092,0.8803153038024902,0.5162209868431091,0.21775740385055542,143056,15000,143.61674100291566,101.0279655456543,209.3466796875
3050,18.382370471954346,0.871497631072998,0.5250376462936401,0.22338557243347168,143217,15000,142.95101999960025,101.71651840209961,209.3466796875
3051,18.872884511947632,0.8806005716323853,0.5273661613464355,0.2305915504693985,143386,15000,141.6827889988781,100.81148147583008,209.3466796875
3052,18.66649031639099,0.8792783617973328,0.534806489944458,0.21987153589725494,143548,15000,147.20052199845668,100.97956657409668,209.3466796875
3053,18.103501796722412,0.8620644807815552,0.5535226464271545,0.25022435188293457,143711,15000,146.76460600094288,100.13699531555176,209.3466796875
3054,18.436543941497803,0.8711456060409546,0.5559866428375244,0.24952803552150726,143874,15000,144.16555899879313,101.27830505371094,209.3466796875
3055,18.334470987319946,0.8705074191093445,0.5516555309295654,0.23790933191776276,144036,15000,145.1961289967585,101.02343559265137,209.3466796875
3056,18.457679748535156,0.8735949397087097,0.5504150390625,0.23434904217720032,144194,15000,143.60548500189907,101.33528709411621,209.3466796875
3057,18.76015543937683,0.8799723386764526,0.5487806797027588,0.24374763667583466,144353,15000,150.55988200037973,100.80361366271973,209.3466796875
3058,18.811711072921753,0.8836748003959656,0.5421700477600098,0.23931843042373657,144509,15000,147.77582600072492,100.77881813049316,209.3466796875
3059,19.024966955184937,0.8879163265228271,0.547082245349884,0.24447840452194214,144674,15000,147.50133599955007,101.18269920349121,209.3466796875
3060,19.132671356201172,0.8900956511497498,0.5452725887298584,0.2195850908756256,144836,15000,146.28490199902444,100.82507133483887,209.3466796875
3061,19.20387625694275,0.8918856382369995,0.5439935326576233,0.1859961897134781,144995,15000,151.06336299868417,102.99921035766602,209.3466796875
3062,19.295811653137207,0.8926867842674255,0.5340663194656372,0.2046629935503006,145148,15000,144.70303900088766,101.37057304382324,209.3466796875
3063,19.44748878479004,0.8957304954528809,0.526028037071228,0.22080987691879272,145300,15000,149.01448800083017,102.01668739318848,209.3466796875
3064,19.40341830253601,0.8961321711540222,0.5181266665458679,0.1963925063610077,145454,15000,148.22082599857822,100.62527656555176,209.3466796875
3065,19.33604598045349,0.8951821327209473,0.5137503743171692,0.1971798688173294,145611,15000,147.99488299831864,100.97312927246094,209.3466796875
3066,19.576293230056763,0.8988250494003296,0.5074253678321838,0.22002121806144714,145769,15000,145.75818799858098,100.56591033935547,209.3466796875
3067,19.651434421539307,0.8993470072746277,0.5082667469978333,0.216183140873909,145919,15000,144.12355899912654,100.58736801147461,209.3466796875
3068,19.64814782142639,0.8994373083114624,0.5202791690826416,0.2180415391921997,146073,15000,147.6393109987839,100.01921653747559,209.3466796875
3069,19.19644832611084,0.8926111459732056,0.5237550735473633,0.2243880033493042,146219,15000,145.61363800021354,100.17728805541992,209.3466796875
3070,19.26097869873047,0.8930090665817261,0.5199593901634216,0.23790867626667023,146364,15000,146.47596099894145,100.27813911437988,209.3466796875
3071,19.40806269645691,0.8958534002304077,0.5172720551490784,0.23623740673065186,146512,15000,149.36758300245856,100.70538520812988,209.3466796875
3072,19.45760488510132,0.8971907496452332,0.5087592005729675,0.20769232511520386,146659,15000,144.78500699988217,101.27472877502441,209.3466796875
3073,19.424597024917603,0.8985788822174072,0.5087458491325378,0.20584313571453094,146802,15000,145.5547609984933,101.50408744812012,209.3466796875
3074,19.119243621826172,0.891714334487915,0.5102322101593018,0.20585477352142334,146939,15000,145.47492299971054,101.62234306335449,209.3466796875
3075,19.246021509170532,0.8929986953735352,0.5096608996391296,0.20852868258953094,147077,15000,143.79790399834746,100.81601142883301,209.3466796875
3076,19.258393049240112,0.8926073908805847,0.5032877922058105,0.23167113959789276,147222,15000,143.55705900015892,101.29690170288086,209.3466796875
3077,19.12256360054016,0.8879618048667908,0.5025842189788818,0.22870728373527527,147359,15000,144.47296400248888,101.29356384277344,209.3466796875
3078,18.897743225097656,0.882394552230835,0.5143514275550842,0.23189713060855865,147500,15000,143.57191000090097,100.46958923339844,209.3466796875
3079,19.119913578033447,0.8885818719863892,0.5121620893478394,0.22548982501029968,147642,15000,144.94883099905564,100.80385208129883,209.3466796875
3080,19.17493462562561,0.8869491815567017,0.504020094871521,0.22338639199733734,147783,15000,145.3523429991037,100.31676292419434,209.3466796875
3081,18.69065284729004,0.8775138258934021,0.5123206973075867,0.23335880041122437,147920,15000,147.05035600127303,102.54263877868652,209.3466796875
3082,18.814363479614258,0.876560389995575,0.5243840217590332,0.2168530821800232,148059,15000,147.39191199987545,103.10745239257812,209.3466796875
3083,18.934985399246216,0.8777925372123718,0.5268157720565796,0.2161276638507843,148201,15000,144.50917599970126,101.18889808654785,209.3466796875
3084,18.570317029953003,0.8684368133544922,0.5274953842163086,0.2326934039592743,148338,15000,144.22680299685453,101.65858268737793,209.3466796875
3085,18.88376235961914,0.877152144908905,0.5316288471221924,0.21717604994773865,148476,15000,146.3810410023143,101.18532180786133,209.3466796875
3086,19.251949787139893,0.8854783773422241,0.530010461807251,0.21480326354503632,148615,15000,145.67110400093952,101.60303115844727,209.3466796875
3087,19.402024745941162,0.8904048800468445,0.5238187313079834,0.2133266180753708,148751,15000,144.5297459977155,101.32646560668945,209.3466796875
3088,19.553558826446533,0.8951269388198853,0.5127875208854675,0.2136271744966507,148892,15000,145.41609099978814,101.43804550170898,209.3466796875
3089,18.885170221328735,0.8833667039871216,0.52550208568573,0.23538731038570404,149030,15000,143.94438700037426,101.48215293884277,209.3466796875
3090,18.396048545837402,0.8714910745620728,0.525327742099762,0.23989565670490265,149167,15000,145.4112930005067,100.96311569213867,209.3466796875
3091,17.8813374042511,0.8578758239746094,0.5449039340019226,0.24097014963626862,149307,15000,150.8334169993759,101.98307037353516,209.3466796875
3092,17.344390153884888,0.8392689228057861,0.5486773252487183,0.2468203604221344,149447,15000,144.04916200146545,100.83246231079102,209.3466796875
3093,16.913644075393677,0.8212918043136597,0.5615066289901733,0.24020135402679443,149577,15000,144.72686700173654,101.14288330078125,209.3466796875
3094,16.26902937889099,0.8014153242111206,0.5754783153533936,0.25309011340141296,149715,15000,143.9318060001824,100.32463073730469,209.3466796875
3095,16.137453317642212,0.796390950679779,0.5918703079223633,0.3111730217933655,149860,15000,146.88055900114705,100.79145431518555,209.3466796875
3096,16.184767484664917,0.7980996370315552,0.5971750020980835,0.2544091045856476,149988,15000,143.9431640028488,101.11308097839355,209.3466796875
3097,16.552681922912598,0.8097860813140869,0.5935021638870239,0.28355440497398376,150000,15000,144.64591700016172,101.50980949401855,209.3466796875
3098,16.24019503593445,0.805290699005127,0.5822461843490601,0.26664483547210693,150000,15000,140.01060300142854,101.07302665710449,209.3466796875
3099,15.687365531921387,0.7863587737083435,0.6134586334228516,0.2866300344467163,150000,15000,144.55987100154744,100.4035472869873,209.3466796875
3100,15.682989358901978,0.7834166884422302,0.6276435852050781,0.30467188358306885,146179,15000,154.86817000055453,101.32384300231934,209.3466796875
3101,15.815461874008179,0.7854825258255005,0.6307790875434875,0.32522153854370117,146415,15000,146.96989900039625,102.7989387512207,209.3466796875
3102,15.909717082977295,0.7882198095321655,0.63880854845047,0.29601067304611206,146588,15000,144.52954400258022,100.8915901184082,209.3466796875
3103,16.108901500701904,0.7953375577926636,0.630588948726654,0.2992376983165741,146726,15000,147.81482900070841,101.59420967102051,209.3466796875
3104,16.250921487808228,0.8009836077690125,0.6336695551872253,0.30203351378440857,146854,15000,141.80222600043635,100.51918029785156,209.3466796875
3105,16.517220735549927,0.8139407634735107,0.6271743774414062,0.2977285087108612,146991,15000,147.63106800091919,101.6685962677002,209.3466796875
3106,16.91850781440735,0.8279625773429871,0.6284054517745972,0.26989635825157166,147135,15000,147.27208899785182,101.26781463623047,209.3466796875
3107,17.029366493225098,0.8322417736053467,0.6214455366134644,0.30285707116127014,147273,15000,143.11560599890072,101.22060775756836,209.3466796875
3108,17.00887441635132,0.8361639976501465,0.6221710443496704,0.27700552344322205,147414,15000,142.22534999862546,100.28743743896484,209.3466796875
3109,17.069501876831055,0.8395530581474304,0.6165561676025391,0.26305079460144043,147554,15000,142.70482799838646,100.31318664550781,209.3466796875
3110,17.120060920715332,0.8437210917472839,0.6111926436424255,0.2517600655555725,147690,15000,145.9244879988546,100.2044677734375,209.3466796875
3111,17.275915145874023,0.8495941162109375,0.6089643239974976,0.24063876271247864,147827,15000,143.78965799915022,100.31723976135254,209.3466796875
3112,17.467145919799805,0.8540056943893433,0.5878912806510925,0.2583012878894806,147965,15000,145.81093499873532,103.2707691192627,209.3466796875
3113,17.440640926361084,0.8539865016937256,0.5969753265380859,0.25990360975265503,148100,15000,144.11802799804718,101.83310508728027,209.3466796875
3114,17.563459873199463,0.8571174144744873,0.593910276889801,0.2607993185520172,148231,15000,143.25809100046172,100.5868911743164,209.3466796875
3115,17.74383544921875,0.8623683452606201,0.5856564044952393,0.24994249641895294,148359,15000,149.2033590002393,100.31867027282715,209.3466796875
3116,17.73664951324463,0.860305905342102,0.5915613770484924,0.2519345283508301,148483,15000,142.60988000023644,100.71277618408203,209.3466796875
3117,17.65060067176819,0.8585934042930603,0.5891762971878052,0.26608702540397644,148609,15000,147.11187799912295,103.12962532043457,209.3466796875
3118,17.55596399307251,0.8568116426467896,0.590936005115509,0.23258109390735626,148733,15000,141.99320999978227,100.61097145080566,209.3466796875
3119,17.643238306045532,0.8551181554794312,0.5838660597801208,0.2740669846534729,148855,15000,144.57594600025914,101.32837295532227,209.3466796875
3120,17.628352642059326,0.8487657308578491,0.5807701349258423,0.2645362317562103,148975,15000,145.23883700167062,100.7387638092041,209.3466796875
3121,17.437680959701538,0.8426787853240967,0.5933228731155396,0.28989720344543457,149096,15000,151.30461199805723,100.38256645202637,209.3466796875
3122,17.265876531600952,0.8350715041160583,0.5895863771438599,0.2831512689590454,149212,15000,142.09600500180386,100.79574584960938,209.3466796875
3123,16.846412420272827,0.8256208896636963,0.6068536639213562,0.2977679669857025,149330,15000,141.04040099846316,99.90835189819336,209.3466796875
3124,16.525551080703735,0.817940890789032,0.6183170676231384,0.2988840341567993,149447,15000,142.66817799943965,100.2960205078125,209.3466796875
3125,16.567163467407227,0.8176006078720093,0.6183467507362366,0.2946877181529999,149560,15000,141.27715200083912,100.11863708496094,209.3466796875
3126,16.38383388519287,0.810513436794281,0.619242250919342,0.31964054703712463,149673,15000,144.41135899687652,101.46880149841309,209.3466796875
3127,16.437513828277588,0.8107621073722839,0.6131751537322998,0.3034083843231201,149785,15000,141.48158600073657,100.46553611755371,209.3466796875
3128,16.243385076522827,0.8045592308044434,0.6185529232025146,0.29402345418930054,149900,15000,141.72325300023658,100.1136302947998,209.3466796875
3129,16.268848180770874,0.8006970882415771,0.6147407293319702,0.3269484341144562,149992,15000,141.7452570021851,100.13675689697266,210.46630859375
3130,16.23423457145691,0.8006218671798706,0.6132723689079285,0.30225321650505066,150000,15000,139.88971900107572,99.83181953430176,210.46630859375
3131,16.156718730926514,0.7999117374420166,0.6238164901733398,0.3168441653251648,150000,15000,139.26380499833613,100.0826358795166,210.46630859375
3132,16.051443815231323,0.7959584593772888,0.6258590817451477,0.33994051814079285,150000,15000,145.9049020013481,101.73416137695312,210.46630859375
3133,16.223032474517822,0.8022623062133789,0.620681643486023,0.3302874267101288,150000,15000,147.577851999813,101.97138786315918,210.46630859375
3134,16.266958713531494,0.8066215515136719,0.6255815625190735,0.32940176129341125,150000,15000,140.02812399849063,100.92353820800781,210.46630859375
3135,16.019411087036133,0.7942265272140503,0.6299868226051331,0.33078843355178833,150000,15000,140.0170410015562,100.62837600708008,210.46630859375
3136,16.04135513305664,0.795470118522644,0.6345394849777222,0.32812461256980896,150000,15000,140.04036199912662,100.56686401367188,210.46630859375
3137,16.31708264350891,0.8050312995910645,0.6289152503013611,0.34144726395606995,150000,15000,140.4543360004027,100.71420669555664,210.46630859375
3138,16.306533813476562,0.8061995506286621,0.6287714242935181,0.33955836296081543,150000,15000,141.75910000267322,101.39155387878418,210.46630859375
3139,16.051278114318848,0.7976502180099487,0.6219725012779236,0.3295597434043884,150000,15000,140.3644460006035,100.6627082824707,210.46630859375
3140,16.147972345352173,0.7996894717216492,0.6262783408164978,0.32793503999710083,150000,15000,141.4156760001788,102.33306884765625,210.46630859375
3141,16.25072956085205,0.8028304576873779,0.6236986517906189,0.34500399231910706,150000,15000,144.44138199905865,101.11474990844727,210.46630859375
3142,16.20167851448059,0.8028590083122253,0.6181111931800842,0.32900750637054443,150000,15000,140.82635899831075,101.10235214233398,210.46630859375
3143,16.15379810333252,0.8016908168792725,0.6234549880027771,0.3499188721179962,150000,15000,147.80993900058093,102.70094871520996,210.46630859375
3144,16.053534746170044,0.7978231906890869,0.6293146014213562,0.3458826541900635,150000,15000,143.98373500080197,100.69990158081055,210.46630859375
3145,15.879112482070923,0.7905928492546082,0.6230632066726685,0.351286381483078,150000,15000,142.66620200214675,100.81934928894043,210.46630859375
3146,16.198991537094116,0.7969293594360352,0.6234719157218933,0.3476952910423279,150000,15000,138.95893199878628,100.32033920288086,210.46630859375
3147,16.183689832687378,0.8009514808654785,0.6195351481437683,0.3483852744102478,150000,15000,144.56435400279588,100.85701942443848,210.46630859375
3148,15.936936140060425,0.7912893295288086,0.6331560611724854,0.3288000524044037,150000,15000,146.9940540009702,100.62360763549805,210.46630859375
3149,16.008753776550293,0.7885598540306091,0.6432663202285767,0.34660375118255615,150000,15000,141.86071700169123,100.92616081237793,210.46630859375
3150,16.19364023208618,0.799972414970398,0.6428665518760681,0.33286675810813904,150000,15000,141.9915160004166,100.69036483764648,210.46630859375
3151,16.114718914031982,0.7980765104293823,0.641861081123352,0.3204447031021118,150000,15000,140.3051460001734,100.96454620361328,210.46630859375
3152,16.09254479408264,0.7988120913505554,0.6314082145690918,0.3188917338848114,150000,15000,145.4121850001684,101.19509696960449,210.46630859375
3153,16.262214183807373,0.8056949973106384,0.6305180788040161,0.31559550762176514,150000,15000,141.12796499830438,100.50249099731445,210.46630859375
3154,16.24516725540161,0.8094949126243591,0.6265674829483032,0.32298797369003296,150000,15000,141.9842579998658,102.06079483032227,210.46630859375
3155,16.315523386001587,0.8111457228660583,0.6248635053634644,0.32201993465423584,150000,15000,139.25625599949853,100.48723220825195,210.46630859375
3156,16.30220651626587,0.8140686750411987,0.6220428943634033,0.2865455746650696,150000,15000,142.4936940020416,100.72636604309082,210.46630859375
3157,16.296416521072388,0.814949631690979,0.6271246671676636,0.29356828331947327,150000,15000,141.11303000026965,100.81672668457031,210.46630859375
3158,16.292582750320435,0.8140384554862976,0.6269413828849792,0.2855481505393982,150000,15000,140.08575999832829,100.5246639251709,210.46630859375
3159,16.369282007217407,0.8147815465927124,0.6330820322036743,0.2983585298061371,150000,15000,141.57890600108658,101.4404296875,210.46630859375
3160,16.38699173927307,0.8161405324935913,0.6388856172561646,0.2967655658721924,150000,15000,140.37409899901832,101.01127624511719,210.46630859375
3161,16.380040645599365,0.8172417879104614,0.6376206874847412,0.30720674991607666,150000,15000,142.00002800134826,100.34441947937012,210.46630859375
3162,16.412389278411865,0.8213546276092529,0.6387553215026855,0.28521689772605896,150000,15000,148.06196900099167,106.10365867614746,210.46630859375
3163,16.49676203727722,0.8241314888000488,0.6323192119598389,0.28121137619018555,150000,15000,151.0039439999673,107.37061500549316,210.46630859375
3164,16.433401107788086,0.8220133781433105,0.6304711699485779,0.27905920147895813,150000,15000,152.3900060019514,108.03961753845215,210.46630859375
3165,16.402335166931152,0.8217611312866211,0.6294664740562439,0.2628600001335144,150000,15000,150.246891000279,108.08825492858887,210.46630859375
3166,16.55471920967102,0.826506495475769,0.6249929666519165,0.29034483432769775,150000,15000,148.6080979993858,106.99915885925293,210.46630859375
3167,16.602284908294678,0.8294755816459656,0.6266870498657227,0.2655467689037323,150000,15000,160.39255100258742,110.9158992767334,210.46630859375
3168,16.50067448616028,0.8259195685386658,0.6261045932769775,0.2703968286514282,150000,15000,154.95123299842817,108.81447792053223,210.46630859375
3169,16.516058444976807,0.8271431922912598,0.6373998522758484,0.2702830731868744,150000,15000,148.78580499862437,105.87263107299805,210.46630859375
3170,16.606085300445557,0.8285142779350281,0.643799901008606,0.26659655570983887,150000,15000,149.492716001987,107.26284980773926,210.46630859375
3171,16.59055233001709,0.8293317556381226,0.64766526222229,0.26162809133529663,150000,15000,147.8131609983393,106.12607002258301,210.46630859375
3172,16.518574953079224,0.826295793056488,0.6404505372047424,0.2566951513290405,150000,15000,150.62106500045047,106.05931282043457,210.46630859375
3173,16.489914655685425,0.827400803565979,0.6391901969909668,0.25309962034225464,150000,15000,153.04810100133182,107.03849792480469,210.46630859375
3174,16.48998737335205,0.8261942863464355,0.6435427069664001,0.2609298527240753,150000,15000,150.32451799925184,107.57207870483398,210.46630859375
3175,16.50882601737976,0.8231943845748901,0.6513943076133728,0.2553054094314575,150000,15000,145.52342699971632,104.57134246826172,210.46630859375
3176,16.50011658668518,0.8237237334251404,0.6511951088905334,0.25027915835380554,150000,15000,145.67900600013672,105.52287101745605,210.46630859375
3177,16.497076749801636,0.8236550092697144,0.6476593017578125,0.23083242774009705,150000,15000,144.61994099838194,104.59613800048828,210.46630859375
3178,16.4773690700531,0.8212689757347107,0.6584379076957703,0.2516883909702301,150000,15000,145.25585099909222,104.84552383422852,210.46630859375
3179,16.375787258148193,0.8150596618652344,0.6592390537261963,0.24719879031181335,150000,15000,146.05202700113296,105.21245002746582,210.46630859375
3180,16.406022310256958,0.8144712448120117,0.659390926361084,0.26029860973358154,150000,15000,148.43571900200914,108.22272300720215,210.46630859375
3181,16.23625874519348,0.8090435266494751,0.6586183309555054,0.26304182410240173,150000,15000,146.66652199957753,105.40390014648438,210.46630859375
3182,16.31121516227722,0.810741662979126,0.6613038778305054,0.25768718123435974,150000,15000,145.7849910002551,105.00264167785645,210.46630859375
3183,16.358648538589478,0.8131853938102722,0.6460341811180115,0.25261369347572327,150000,15000,146.06464700045763,105.54933547973633,210.46630859375
3184,16.288939714431763,0.8103665113449097,0.6569638252258301,0.2491546869277954,150000,15000,322.16930399954435,107.8038215637207,210.46630859375
3185,16.356232166290283,0.8141418695449829,0.6605033278465271,0.24517382681369781,150000,15000,147.5935330017819,105.90553283691406,210.46630859375
3186,16.448689699172974,0.8171480894088745,0.6577823162078857,0.24224142730236053,150000,15000,146.3523249985883,106.45604133605957,210.46630859375
3187,16.422876119613647,0.8165887594223022,0.6613776087760925,0.2464909702539444,150000,15000,146.29826999953366,104.78472709655762,210.46630859375
3188,16.478877067565918,0.8198466300964355,0.6583206653594971,0.24049396812915802,150000,15000,144.6441039988713,104.24566268920898,210.46630859375
3189,16.566689014434814,0.8230952620506287,0.6615767478942871,0.23020650446414948,150000,15000,144.9485539997113,103.74832153320312,210.46630859375
3190,16.610639095306396,0.8259708881378174,0.6514149904251099,0.23273901641368866,150000,15000,144.15825600008247,103.3926010131836,210.46630859375
3191,16.511188745498657,0.8229014277458191,0.6496824622154236,0.22883963584899902,150000,15000,143.85344000038458,104.07400131225586,210.46630859375
3192,16.63580894470215,0.8248392939567566,0.6587221622467041,0.24007244408130646,150000,15000,145.106265998038,104.00867462158203,210.46630859375
3193,16.67858600616455,0.8257144689559937,0.6566016674041748,0.24887444078922272,150000,15000,149.84207100133062,103.546142578125,210.46630859375
3194,16.748851537704468,0.8300572633743286,0.6436913013458252,0.2224033921957016,150000,15000,147.14231100151665,104.36248779296875,210.46630859375
3195,16.830978393554688,0.8339614868164062,0.647071361541748,0.22026875615119934,150000,15000,147.07825699952082,103.04379463195801,210.46630859375
3196,16.906158924102783,0.8359626531600952,0.6311065554618835,0.2350555807352066,150000,15000,145.31981400068616,103.52039337158203,210.46630859375
3197,16.791813373565674,0.8349980711936951,0.6334601640701294,0.2208600640296936,150000,15000,150.88300700153923,108.17384719848633,210.46630859375
3198,16.775193214416504,0.8362457752227783,0.6327755451202393,0.2087363749742508,150000,15000,156.65159599666367,112.28418350219727,210.46630859375
3199,16.952929496765137,0.8412293195724487,0.6277233958244324,0.20733873546123505,150000,15000,167.00718900028733,116.44625663757324,210.46630859375
3200,17.016297578811646,0.8435656428337097,0.6160297393798828,0.21416793763637543,146415,15000,188.97552099952009,117.7823543548584,210.46630859375
3201,16.885595321655273,0.8383982181549072,0.6080982685089111,0.2031504213809967,146677,15000,158.28135199990356,110.3818416595459,210.46630859375
3202,17.019861936569214,0.84505695104599,0.5989370346069336,0.19905613362789154,146853,15000,155.37790400048834,108.22033882141113,210.46630859375
3203,17.059584856033325,0.8496497869491577,0.5981789827346802,0.19242681562900543,146997,15000,151.4392190001672,106.85610771179199,210.46630859375
3204,17.144864797592163,0.8547670245170593,0.595669686794281,0.18650461733341217,147123,15000,154.80591300001834,111.05775833129883,210.46630859375
3205,17.163658142089844,0.8517019152641296,0.5968425869941711,0.19371330738067627,147263,15000,146.21012700081337,103.64508628845215,210.46630859375
3206,17.09309697151184,0.850531280040741,0.5982692837715149,0.1919645220041275,147405,15000,158.57725699970615,108.02507400512695,210.46630859375
3207,17.05837607383728,0.8491659164428711,0.6061121821403503,0.18765945732593536,147541,15000,151.28524600004312,106.76002502441406,210.46630859375
3208,16.95043444633484,0.8462041616439819,0.6009321808815002,0.1923014521598816,147673,15000,149.55985599954147,104.17675971984863,210.46630859375
3209,16.891486644744873,0.8461465835571289,0.6007449626922607,0.207434743642807,147803,15000,152.9697190017032,105.52358627319336,210.46630859375
3210,17.071176767349243,0.8519258499145508,0.5838648676872253,0.19416262209415436,147935,15000,154.38876099869958,103.74689102172852,210.46630859375
3211,17.227165699005127,0.8588017225265503,0.5808588862419128,0.19005365669727325,148060,15000,151.1975169996731,105.84521293640137,210.46630859375
3212,17.098658084869385,0.8538308143615723,0.5779032707214355,0.18135832250118256,148184,15000,150.75431700097397,105.2544116973877,210.46630859375
3213,17.406692504882812,0.8622649908065796,0.582562267780304,0.1957644820213318,148304,15000,150.61179099939181,107.1019172668457,210.46630859375
3214,17.512211799621582,0.8661572337150574,0.582955002784729,0.1824093908071518,148425,15000,155.72529500059318,103.43003273010254,210.46630859375
3215,17.36843466758728,0.8620926141738892,0.5773122310638428,0.18387654423713684,148545,15000,158.03886900175712,110.87346076965332,210.46630859375
3216,17.417370080947876,0.8616008758544922,0.5847356915473938,0.20076124370098114,148658,15000,155.15271800177288,104.08878326416016,210.46630859375
3217,17.449923753738403,0.8644117712974548,0.5839664936065674,0.21134799718856812,148770,15000,157.7237999990757,104.58970069885254,210.46630859375
3218,17.59556531906128,0.8684662580490112,0.5863541960716248,0.197952002286911,148877,15000,158.04064000258222,106.60505294799805,210.46630859375
3219,17.538999319076538,0.8668529987335205,0.583977460861206,0.20159173011779785,148987,15000,157.12288899885607,105.29136657714844,210.46630859375
3220,17.34049081802368,0.8601147532463074,0.5828292965888977,0.20159976184368134,149095,15000,156.16652099924977,104.1865348815918,210.46630859375
3221,17.156991958618164,0.856744647026062,0.6003937721252441,0.19164812564849854,149205,15000,152.28630199999316,107.28168487548828,210.46630859375
3222,17.23513126373291,0.8572839498519897,0.5945988893508911,0.19162943959236145,149314,15000,146.73526499973377,104.11715507507324,210.46630859375
3223,17.06685781478882,0.851536750793457,0.6021730899810791,0.2009265124797821,149423,15000,155.78906399969128,106.08196258544922,210.46630859375
3224,17.04000234603882,0.8503395915031433,0.6219865679740906,0.21390400826931,149528,15000,149.6355039998889,103.68919372558594,210.46630859375
3225,16.909468173980713,0.845427393913269,0.6201192736625671,0.22658386826515198,149632,15000,154.03137099929154,105.29112815856934,210.46630859375
3226,16.685385704040527,0.8363847136497498,0.6199827194213867,0.22518578171730042,149729,15000,157.05995799726225,106.20403289794922,210.46630859375
3227,16.409292221069336,0.8248194456100464,0.6357295513153076,0.24202728271484375,149833,15000,155.78161899975385,105.93438148498535,210.46630859375
3228,16.350669860839844,0.8231784701347351,0.6423807144165039,0.2463386356830597,149935,15000,150.9366050013341,103.94644737243652,210.46630859375
3229,16.32003903388977,0.8210314512252808,0.6396755576133728,0.24819661676883698,149998,15000,154.36928499912028,103.32822799682617,210.46630859375
3230,15.933712720870972,0.80817049741745,0.6559997797012329,0.24569852650165558,150000,15000,153.15658200051985,107.61332511901855,210.46630859375
3231,15.9756600856781,0.8104841709136963,0.6402047872543335,0.2608882188796997,150000,15000,151.00878500015824,105.3762435913086,210.46630859375
3232,16.109217405319214,0.8120402693748474,0.6372605562210083,0.28655943274497986,150000,15000,149.18412999759312,104.3241024017334,210.46630859375
3233,15.961993932723999,0.8063144683837891,0.6358989477157593,0.26564133167266846,150000,15000,148.11131299939007,105.73077201843262,210.46630859375
3234,15.940079689025879,0.8050366640090942,0.6481440663337708,0.27666062116622925,150000,15000,146.87760599917965,104.58016395568848,210.46630859375
3235,16.00994348526001,0.8079169988632202,0.6445232629776001,0.26795026659965515,150000,15000,149.4613719987683,105.40199279785156,210.46630859375
3236,16.050984859466553,0.8057953715324402,0.6407214999198914,0.2764657139778137,150000,15000,145.48497400028282,104.3701171875,210.46630859375
3237,15.874216556549072,0.7939801216125488,0.656642735004425,0.27893006801605225,150000,15000,147.21318499869085,105.64422607421875,210.46630859375
3238,15.862255096435547,0.79234379529953,0.6735059022903442,0.30651408433914185,150000,15000,146.43191100185504,103.9113998413086,210.46630859375
3239,15.985429286956787,0.7968815565109253,0.6678638458251953,0.2889467775821686,150000,15000,150.6132409995189,105.86833953857422,210.46630859375
3240,15.994617938995361,0.7876834869384766,0.6566030979156494,0.2942332923412323,150000,15000,146.65564599999925,103.59311103820801,210.46630859375
3241,15.647132396697998,0.7635743021965027,0.6758418679237366,0.310503751039505,150000,15000,144.57576000131667,104.45165634155273,210.46630859375
3242,15.499154329299927,0.754507303237915,0.708096444606781,0.3149205446243286,150000,15000,146.8928859976586,106.30202293395996,210.46630859375
3243,15.710914134979248,0.7589306831359863,0.7019438147544861,0.34149590134620667,150000,15000,145.7677309990686,104.51507568359375,210.46630859375
3244,15.67591667175293,0.7573099136352539,0.6900768280029297,0.31729528307914734,150000,15000,146.81067200217512,104.11334037780762,210.46630859375
3245,15.660172700881958,0.7522487640380859,0.7005585432052612,0.33680593967437744,150000,15000,144.57956399928662,104.06804084777832,210.46630859375
3246,15.808606147766113,0.7619296312332153,0.6907070279121399,0.3301236033439636,150000,15000,153.2544190013141,106.88400268554688,210.46630859375
3247,15.958181619644165,0.7721177935600281,0.6902382373809814,0.3186175525188446,150000,15000,146.63086099972134,105.74579238891602,210.46630859375
3248,15.976226329803467,0.7691009044647217,0.6783261299133301,0.30020472407341003,150000,15000,147.2363819993916,104.96687889099121,210.46630859375
3249,15.958434343338013,0.7587775588035583,0.6868056058883667,0.3207539916038513,150000,15000,145.7383380002284,104.23922538757324,210.46630859375
3250,16.0983145236969,0.7739114165306091,0.6814762353897095,0.33491772413253784,150000,15000,146.5578059978725,105.49783706665039,210.46630859375
3251,16.17532730102539,0.7823621034622192,0.6709761619567871,0.30249103903770447,150000,15000,146.73694700104534,105.56674003601074,210.46630859375
3252,16.088297367095947,0.7712825536727905,0.682999312877655,0.3243771493434906,150000,15000,147.12320100079523,105.63492774963379,210.46630859375
3253,16.338610649108887,0.7852911949157715,0.6561498641967773,0.32387372851371765,150000,15000,146.78140099931625,105.18884658813477,210.46630859375
3254,16.14561915397644,0.7887876033782959,0.6804283261299133,0.29406312108039856,150000,15000,146.75304800039157,105.05056381225586,210.46630859375
3255,16.342642307281494,0.797395646572113,0.6766307353973389,0.2985806167125702,150000,15000,151.82311999888043,105.39507865905762,210.46630859375
3256,16.360530853271484,0.7926367521286011,0.6786298751831055,0.3242567181587219,150000,15000,149.74207900013425,104.01082038879395,210.46630859375
3257,16.49303674697876,0.8007371425628662,0.6714668273925781,0.2969922423362732,150000,15000,150.41085800112342,106.69708251953125,210.46630859375
3258,16.45084857940674,0.8041292428970337,0.6708348393440247,0.3108738362789154,150000,15000,149.18113100065966,107.38492012023926,210.46630859375
3259,16.49963140487671,0.8048232793807983,0.6690195798873901,0.2805928885936737,150000,15000,149.72914100144408,107.00821876525879,210.46630859375
3260,16.56615376472473,0.8075366020202637,0.6582142114639282,0.29369741678237915,150000,15000,147.35819199995603,107.45477676391602,210.46630859375
3261,16.645363569259644,0.8118574023246765,0.6596702933311462,0.2815997302532196,150000,15000,147.4382800006424,105.1323413848877,210.46630859375
3262,16.542965173721313,0.8124634623527527,0.6705161333084106,0.2705850899219513,150000,15000,146.31748600004357,105.61370849609375,210.46630859375
3263,16.661182641983032,0.8137611150741577,0.6750869750976562,0.26834729313850403,150000,15000,149.4890360008867,105.19886016845703,210.46630859375
3264,16.79129958152771,0.8192099332809448,0.6568081378936768,0.26412931084632874,150000,15000,151.42164799908642,104.89153861999512,210.46630859375
3265,16.80726408958435,0.8218492865562439,0.6617802381515503,0.27720358967781067,150000,15000,148.48026400068193,106.37331008911133,210.46630859375
3266,16.857141256332397,0.8261094093322754,0.6682021617889404,0.24572184681892395,150000,15000,151.74994499830063,108.0179214477539,210.46630859375
3267,17.0129132270813,0.8323650360107422,0.6543233394622803,0.27650049328804016,150000,15000,149.3327540010796,104.2182445526123,210.46630859375
3268,16.875901222229004,0.830580472946167,0.6602811813354492,0.24000796675682068,150000,15000,148.8059900002554,103.91783714294434,210.46630859375
3269,16.793959140777588,0.8288534879684448,0.6717954874038696,0.2626318335533142,150000,15000,147.17903299970203,103.99818420410156,210.46630859375
3270,16.852753162384033,0.830169677734375,0.6614122986793518,0.2535635232925415,150000,15000,154.34955400269246,103.66106033325195,210.46630859375
3271,17.01124906539917,0.8374994993209839,0.6548563838005066,0.25872603058815,150000,15000,146.8664970016107,106.88257217407227,210.46630859375
3272,16.939600706100464,0.837293803691864,0.6597052812576294,0.22793427109718323,150000,15000,145.2537660006783,103.79815101623535,210.46630859375
3273,16.989914178848267,0.8390628099441528,0.6566624641418457,0.23835760354995728,150000,15000,146.6771029990923,105.00144958496094,210.46630859375
3274,17.134283781051636,0.8437842726707458,0.6385616064071655,0.226533904671669,150000,15000,147.78872599708848,105.99327087402344,210.46630859375
3275,17.06599235534668,0.8424261808395386,0.6432295441627502,0.2103065699338913,150000,15000,148.40529299908667,106.92048072814941,210.46630859375
3276,17.22024440765381,0.8450850248336792,0.641366183757782,0.24927575886249542,150000,15000,146.26470300208894,104.52938079833984,210.46630859375
3277,17.260202169418335,0.84825599193573,0.6284950375556946,0.21019968390464783,150000,15000,145.13399499992374,103.69038581848145,210.46630859375
3278,17.176426649093628,0.8464611768722534,0.6244747638702393,0.22960364818572998,150000,15000,145.57434400194325,104.24470901489258,210.46630859375
3279,17.123262882232666,0.8476419448852539,0.6355876326560974,0.2080630511045456,150000,15000,149.26876800018363,106.62841796875,210.46630859375
3280,17.188202142715454,0.8492211699485779,0.631752073764801,0.20032332837581635,150000,15000,150.75375100059318,108.62016677856445,210.46630859375
3281,17.354668378829956,0.8539637327194214,0.6180839538574219,0.21858075261116028,150000,15000,151.4748800000234,106.6293716430664,210.46630859375
3282,17.287322282791138,0.8525210618972778,0.6284919381141663,0.2184172123670578,150000,15000,144.64361399950576,103.61027717590332,210.46630859375
3283,17.126095294952393,0.8482042551040649,0.635655403137207,0.21447734534740448,150000,15000,148.01356899988605,104.14266586303711,210.46630859375
3284,17.19434380531311,0.8498685359954834,0.6317875385284424,0.21304282546043396,150000,15000,145.4177340019669,104.54273223876953,210.46630859375
3285,17.117587327957153,0.8485385775566101,0.6393885612487793,0.22074025869369507,150000,15000,145.69150600073044,105.0567626953125,210.46630859375
3286,17.151849269866943,0.8496826887130737,0.6387105584144592,0.21728482842445374,150000,15000,145.05110800018883,104.71391677856445,210.46630859375
3287,16.98543429374695,0.8464081287384033,0.6242671012878418,0.21588440239429474,150000,15000,147.6760360019398,105.70168495178223,210.46630859375
3288,16.701027154922485,0.8380477428436279,0.6403366327285767,0.2185613214969635,150000,15000,147.32981099950848,104.72559928894043,210.46630859375
3289,16.794750690460205,0.8401095867156982,0.6501353979110718,0.2194737046957016,150000,15000,148.12379900104133,105.08608818054199,210.46630859375
3290,16.89285159111023,0.8436594009399414,0.6462290287017822,0.22627542912960052,150000,15000,144.67517099910765,104.22444343566895,210.46630859375
3291,16.897207498550415,0.8439962267875671,0.6485986709594727,0.22004520893096924,150000,15000,146.24489999914658,105.74722290039062,210.46630859375
3292,16.89197540283203,0.8441472053527832,0.6613352298736572,0.2232016772031784,150000,15000,145.9051499987254,105.30853271484375,210.46630859375
3293,17.00573444366455,0.8488947153091431,0.644832968711853,0.2120506316423416,150000,15000,147.26383199740667,106.40358924865723,210.46630859375
3294,16.88341975212097,0.8456625938415527,0.6505423784255981,0.20950016379356384,150000,15000,147.63307700195583,103.93238067626953,210.46630859375
3295,16.9647216796875,0.8492621183395386,0.66839200258255,0.20728014409542084,150000,15000,145.44021999972756,104.97689247131348,210.46630859375
3296,16.58911108970642,0.8385311961174011,0.643140435218811,0.20232616364955902,150000,15000,146.53846099827206,104.16555404663086,210.46630859375
3297,16.43605947494507,0.8337124586105347,0.6616872549057007,0.1988063007593155,150000,15000,146.76051999776973,105.88932037353516,210.46630859375
3298,16.974231004714966,0.8520781993865967,0.6604043245315552,0.1946527361869812,150000,15000,146.4032510011748,103.83796691894531,210.46630859375
3299,16.765035390853882,0.8474116325378418,0.6396775841712952,0.18604883551597595,150000,15000,145.21972699731123,103.96695137023926,210.46630859375
3300,16.585184335708618,0.8419605493545532,0.650243878364563,0.19257713854312897,147782,15000,159.04998000041815,104.36439514160156,210.46630859375
3301,16.088489294052124,0.8176417350769043,0.6534819602966309,0.20077288150787354,147994,15000,149.0581670004758,104.24041748046875,210.46630859375
3302,16.74539089202881,0.8449909090995789,0.6256510615348816,0.19950217008590698,148162,15000,157.44491000077687,105.04531860351562,210.46630859375
3303,17.0009708404541,0.856403112411499,0.6235274076461792,0.1964026838541031,148303,15000,153.96167499784497,104.9504280090332,210.46630859375
3304,16.915082931518555,0.8568719625473022,0.6144790053367615,0.18307186663150787,148429,15000,151.85181299966644,105.02362251281738,210.46630859375
3305,17.082301378250122,0.8632587194442749,0.616310715675354,0.17421942949295044,148561,15000,150.07623500059708,105.41367530822754,210.46630859375
3306,17.478864192962646,0.8716287016868591,0.6165241003036499,0.18020759522914886,148700,15000,153.2730380022258,107.19752311706543,210.46630859375
3307,17.585846185684204,0.877154529094696,0.6159011721611023,0.166328564286232,148836,15000,149.0504300018074,106.29773139953613,210.46630859375
3308,17.71440863609314,0.8797898292541504,0.6133034229278564,0.15946687757968903,148970,15000,148.2923120020132,104.70128059387207,210.46630859375
3309,17.57614254951477,0.8764843344688416,0.6072621941566467,0.16290684044361115,149101,15000,149.78251800130238,104.42876815795898,210.46630859375
3310,17.66172170639038,0.8794904947280884,0.6125112175941467,0.15889057517051697,149233,15000,149.49380600228324,106.57620429992676,210.46630859375
3311,17.747046947479248,0.8798332214355469,0.6043368577957153,0.15568441152572632,149368,15000,150.39366999917547,105.34906387329102,210.46630859375
3312,17.85657048225403,0.8834599256515503,0.5945913791656494,0.1500270813703537,149500,15000,153.13064499787288,106.27436637878418,210.46630859375
3313,18.08249831199646,0.8899374008178711,0.5886401534080505,0.14748001098632812,149630,15000,147.80726499884622,104.81452941894531,210.46630859375
3314,18.18955659866333,0.8934241533279419,0.5879955291748047,0.13946928083896637,149764,15000,152.20131600290188,106.96649551391602,210.46630859375
3315,18.05246114730835,0.889707088470459,0.584949254989624,0.13668979704380035,149896,15000,148.23819599769195,104.02870178222656,210.46630859375
3316,18.19990038871765,0.8943974375724792,0.5816960334777832,0.131035715341568,149997,15000,149.62324700172758,104.58850860595703,210.46630859375
3317,18.446942567825317,0.9005037546157837,0.585672914981842,0.1260591596364975,150000,15000,152.68243600075948,105.5898666381836,210.46630859375
3318,18.450039625167847,0.9019178152084351,0.5781393647193909,0.12161540240049362,150000,15000,147.429184999055,105.28564453125,210.46630859375
3319,18.42683434486389,0.9021636843681335,0.5749186277389526,0.12202709168195724,150000,15000,146.68152300146176,104.41851615905762,210.46630859375
3320,18.5625422000885,0.9058532118797302,0.5833685398101807,0.11255952715873718,150000,15000,147.39293300226564,105.79609870910645,210.46630859375
3321,18.68595600128174,0.9084240198135376,0.5669540166854858,0.11285020411014557,150000,15000,145.50836899798014,105.37171363830566,210.46630859375
3322,18.07233452796936,0.8973531126976013,0.5798162817955017,0.11470382660627365,150000,15000,152.33253999758745,107.92398452758789,210.46630859375
3323,18.223412036895752,0.902476966381073,0.5835224390029907,0.10654724389314651,150000,15000,152.3566670002765,106.75668716430664,210.46630859375
3324,18.518155813217163,0.9084283709526062,0.5775989294052124,0.10759879648685455,150000,15000,148.75891499832505,103.41572761535645,210.46630859375
3325,18.421971797943115,0.9071047306060791,0.579761266708374,0.10561312735080719,150000,15000,148.42113700069604,102.85449028015137,210.46630859375
3326,18.496211767196655,0.9095675945281982,0.5902552008628845,0.10086584836244583,150000,15000,151.31015999941155,107.30409622192383,210.46630859375
3327,18.66827130317688,0.9128592014312744,0.5826948285102844,0.0983547568321228,150000,15000,148.87674099736614,106.70661926269531,210.46630859375
3328,18.662965297698975,0.9140530824661255,0.5825457572937012,0.0990595892071724,150000,15000,149.3268000012904,105.75747489929199,210.46630859375
3329,18.67918848991394,0.9153568148612976,0.5759260654449463,0.0937267318367958,150000,15000,148.00370800003293,106.21118545532227,210.46630859375
3330,18.822383880615234,0.9171137809753418,0.5695645809173584,0.09376553446054459,150000,15000,149.44403800109285,106.38880729675293,210.46630859375
3331,18.958817720413208,0.9204502105712891,0.5611674189567566,0.09180612862110138,150000,15000,145.22569000109797,103.64842414855957,210.46630859375
3332,19.00804877281189,0.922038733959198,0.5586480498313904,0.08869617432355881,150000,15000,150.96326500133728,106.37569427490234,210.46630859375
3333,19.049406051635742,0.9227157831192017,0.5472584962844849,0.08619892597198486,150000,15000,148.90807700066944,104.72273826599121,210.46630859375
3334,19.180854558944702,0.9248372316360474,0.5515557527542114,0.08756081014871597,150000,15000,147.76753099795314,106.66036605834961,210.46630859375
3335,19.223371744155884,0.9263501167297363,0.5448654294013977,0.08397136628627777,150000,15000,151.7184760014061,105.49545288085938,210.46630859375
3336,19.04650092124939,0.9226841926574707,0.5384925603866577,0.08264173567295074,150000,15000,148.3152010005142,105.2393913269043,210.46630859375
3337,19.109890460968018,0.9244401454925537,0.5374600887298584,0.08500974625349045,150000,15000,146.58673300073133,106.15062713623047,210.46630859375
3338,19.20335054397583,0.9261242747306824,0.5314242243766785,0.08194009214639664,150000,15000,152.6130659985938,105.72671890258789,210.46630859375
3339,19.249963760375977,0.9268535375595093,0.5266765356063843,0.08161557465791702,150000,15000,147.60726099848398,105.58176040649414,210.46630859375
3340,19.23845648765564,0.9266554713249207,0.5255587100982666,0.08519742637872696,150000,15000,154.12053699765238,104.0945053100586,210.46630859375
3341,19.328137636184692,0.9281095266342163,0.5222406387329102,0.08032061904668808,150000,15000,149.86329399835085,106.01186752319336,210.46630859375
3342,19.17747139930725,0.9247593283653259,0.5250231623649597,0.08069679886102676,150000,15000,143.43333400029223,104.13146018981934,210.46630859375
3343,19.16237473487854,0.925218939781189,0.5200620293617249,0.0833330899477005,150000,15000,143.70513899848447,102.96630859375,210.46630859375
3344,18.871227502822876,0.9181432723999023,0.5239800214767456,0.08524986356496811,150000,15000,146.08674099872587,105.17716407775879,210.46630859375
3345,19.281710386276245,0.925879955291748,0.5155537128448486,0.0785834938287735,150000,15000,146.6143440011365,104.30502891540527,210.46630859375
3346,19.263062477111816,0.9242595434188843,0.5172457695007324,0.08145713061094284,150000,15000,144.50201200088486,105.13663291931152,210.46630859375
3347,19.359103441238403,0.9290876388549805,0.5167425274848938,0.08033954352140427,150000,15000,146.35531400199397,104.90751266479492,210.46630859375
3348,19.335145950317383,0.9279928207397461,0.5253452658653259,0.07926370948553085,150000,15000,145.69818100062548,104.84457015991211,210.46630859375
3349,19.368540048599243,0.9281551837921143,0.5180054903030396,0.0818638950586319,150000,15000,149.47503599978518,104.09331321716309,210.46630859375
3350,19.385279417037964,0.9302501678466797,0.5183688402175903,0.08132343739271164,150000,15000,144.8257960000774,103.84917259216309,210.46630859375
3351,19.547592401504517,0.9328855276107788,0.5255805850028992,0.07864642888307571,150000,15000,148.21171400035382,105.9415340423584,210.46630859375
3352,19.46867823600769,0.9317590594291687,0.5239540338516235,0.07752098888158798,150000,15000,146.14379500198993,104.85649108886719,210.46630859375
3353,19.697870016098022,0.9353201389312744,0.5244701504707336,0.07768606394529343,150000,15000,148.76958400054718,107.16867446899414,210.46630859375
3354,19.647541046142578,0.9344295263290405,0.5290321111679077,0.07556307315826416,150000,15000,146.90283099844237,104.92682456970215,210.46630859375
3355,19.665679931640625,0.9350008964538574,0.5325004458427429,0.07503419369459152,150000,15000,151.33024500028114,109.46869850158691,210.46630859375
3356,19.723281860351562,0.9364004135131836,0.5291265845298767,0.07618213444948196,150000,15000,148.9003419992514,103.66964340209961,210.46630859375
3357,19.649226665496826,0.9364570379257202,0.5302404761314392,0.07563566416501999,150000,15000,148.9214630018978,107.9707145690918,210.46630859375
3358,19.619895219802856,0.9360415935516357,0.535793125629425,0.0750475600361824,150000,15000,148.20920300189755,106.31227493286133,210.46630859375
3359,19.705476760864258,0.9373149275779724,0.5329556465148926,0.07505609095096588,150000,15000,150.43583800070337,104.11286354064941,210.46630859375
3360,19.720183610916138,0.9379414319992065,0.5341587662696838,0.07372577488422394,150000,15000,151.67748100066092,104.65097427368164,210.46630859375
3361,19.706541299819946,0.9372527003288269,0.5324573516845703,0.0727403461933136,150000,15000,153.2136210007593,105.23533821105957,210.46630859375
3362,19.552500247955322,0.9350227117538452,0.5409817099571228,0.07593140006065369,150000,15000,324.48577000104706,107.00464248657227,210.46630859375
3363,19.616795778274536,0.9363800883293152,0.539396345615387,0.07579827308654785,150000,15000,146.68539099875488,103.68609428405762,210.46630859375
3364,19.519145488739014,0.9339414834976196,0.5322664976119995,0.07400290668010712,150000,15000,149.08949299933738,104.04467582702637,210.46630859375
3365,19.67824697494507,0.9362859129905701,0.5327262878417969,0.07505451142787933,150000,15000,151.05284699893673,104.80523109436035,210.46630859375
3366,19.696078300476074,0.9370501041412354,0.534188449382782,0.07393421232700348,150000,15000,152.48793799764826,105.5607795715332,210.46630859375
3367,19.680969715118408,0.9373786449432373,0.5290924310684204,0.07092740386724472,150000,15000,150.00557600069442,104.50410842895508,210.46630859375
3368,19.589033126831055,0.9342116117477417,0.5382956266403198,0.0731358677148819,150000,15000,148.73298699967563,107.1784496307373,210.46630859375
3369,19.579240083694458,0.9350489974021912,0.5420492887496948,0.072647824883461,150000,15000,152.40940500007127,106.66370391845703,210.46630859375
3370,19.639968872070312,0.9359323382377625,0.5411960482597351,0.07187443971633911,150000,15000,147.8892659979465,105.73649406433105,210.46630859375
3371,19.579521417617798,0.935086727142334,0.5346531867980957,0.07357998937368393,150000,15000,144.82439999846974,104.1104793548584,210.46630859375
3372,19.477185010910034,0.9322212934494019,0.5247217416763306,0.07072867453098297,150000,15000,147.87335499931942,104.77328300476074,210.46630859375
3373,19.639430046081543,0.9360138773918152,0.528520941734314,0.06782730668783188,150000,15000,148.74876199974096,104.75850105285645,210.46630859375
3374,19.83332872390747,0.9396974444389343,0.5277613401412964,0.06810080260038376,150000,15000,146.32144800270908,104.41875457763672,210.46630859375
3375,19.815468788146973,0.939887523651123,0.5305187702178955,0.0666118860244751,150000,15000,147.67864500026917,105.9267520904541,210.46630859375
3376,19.73692297935486,0.9392657279968262,0.5276782512664795,0.06371383368968964,150000,15000,149.38545300174155,104.2020320892334,210.46630859375
3377,19.707282781600952,0.9387972354888916,0.5282124280929565,0.06444534659385681,150000,15000,144.9694160000945,105.1950454711914,210.46630859375
3378,19.881672859191895,0.9421011209487915,0.524724006652832,0.06413529813289642,150000,15000,146.188988997892,104.32195663452148,210.46630859375
3379,19.944387674331665,0.9429376125335693,0.5202582478523254,0.06138492748141289,150000,15000,154.32915199926356,107.23066329956055,210.46630859375
3380,19.86093044281006,0.9413700103759766,0.5223327875137329,0.0641612708568573,150000,15000,149.85540899942862,106.60433769226074,210.46630859375
3381,19.931881427764893,0.9429231882095337,0.5123960375785828,0.06377984583377838,150000,15000,150.01562999896123,105.52334785461426,210.46630859375
3382,19.743468761444092,0.9378185272216797,0.5148575305938721,0.0642356351017952,150000,15000,146.88448599918047,104.34174537658691,210.46630859375
3383,19.816845655441284,0.9414011836051941,0.5160020589828491,0.06361615657806396,150000,15000,146.42101199933677,105.32808303833008,210.46630859375
3384,19.95966672897339,0.9430127143859863,0.52010577917099,0.06428323686122894,150000,15000,146.92826899772626,105.9422492980957,210.46630859375
3385,19.733678102493286,0.9405462145805359,0.5259815454483032,0.06405459344387054,150000,15000,145.68999300172436,105.62610626220703,210.46630859375
3386,19.910389184951782,0.9418208003044128,0.5252390503883362,0.06565126031637192,150000,15000,148.9308140007779,107.1481704711914,210.46630859375
3387,19.678163528442383,0.9373501539230347,0.525076687335968,0.06672616302967072,150000,15000,145.41441799883614,104.76446151733398,210.46630859375
3388,19.75756049156189,0.9395955801010132,0.5242969989776611,0.06586360186338425,150000,15000,147.68309299688553,103.04546356201172,210.46630859375
3389,19.81304407119751,0.9413708448410034,0.5271819233894348,0.06679520756006241,150000,15000,146.67715900213807,105.96251487731934,210.46630859375
3390,19.643309116363525,0.938494086265564,0.5190226435661316,0.0662793293595314,150000,15000,144.25219999975525,104.16078567504883,210.46630859375
3391,19.470984935760498,0.9341356158256531,0.5201563239097595,0.07071805745363235,150000,15000,144.19918500061613,103.65700721740723,210.46630859375
3392,19.573838710784912,0.936966598033905,0.5198974013328552,0.07045769691467285,150000,15000,144.49778400012292,102.72502899169922,210.46630859375
3393,19.494096040725708,0.9354609847068787,0.5194792747497559,0.07015124708414078,150000,15000,149.4569850001426,105.75389862060547,210.46630859375
3394,19.553838968276978,0.9355973601341248,0.5221513509750366,0.07211928814649582,150000,15000,147.55194900135393,105.79633712768555,210.46630859375
3395,19.624494314193726,0.9374293684959412,0.5180204510688782,0.06956063210964203,150000,15000,148.70298599998932,107.54776000976562,210.46630859375
3396,19.602675437927246,0.9377944469451904,0.5187116265296936,0.07021688669919968,150000,15000,145.45487299983506,103.89089584350586,210.46630859375
3397,19.663830995559692,0.9392117857933044,0.5140794515609741,0.07133113592863083,150000,15000,146.259965000354,104.42709922790527,210.46630859375
3398,19.617141485214233,0.9385932683944702,0.5158995985984802,0.06979606300592422,150000,15000,147.5348389976716,105.39770126342773,210.46630859375
3399,19.685722589492798,0.939422070980072,0.5142138004302979,0.06920825690031052,150000,15000,150.34356100295554,104.31647300720215,210.46630859375
3400,19.821935892105103,0.9411994814872742,0.5095739364624023,0.06903234124183655,143675,15000,157.9328150000947,105.42440414428711,210.46630859375
3401,19.708131551742554,0.937593936920166,0.506312370300293,0.07526160776615143,143955,15000,152.87953000006382,103.37495803833008,210.46630859375
3402,19.812636375427246,0.9381716251373291,0.48934072256088257,0.0730261355638504,144148,15000,153.30481799901463,108.63852500915527,210.46630859375
3403,19.595927000045776,0.9340178370475769,0.47466564178466797,0.07268648594617844,144304,15000,147.45047999895178,103.60121726989746,210.46630859375
3404,19.910917282104492,0.9393255114555359,0.4690403938293457,0.07139726728200912,144433,15000,155.10207199986326,107.30457305908203,210.46630859375
3405,20.068717002868652,0.9421016573905945,0.4558224678039551,0.06894644349813461,144579,15000,150.25846599746728,104.42209243774414,210.46630859375
3406,19.984545707702637,0.9412767887115479,0.46629899740219116,0.0685790628194809,144722,15000,151.3888150002458,104.52890396118164,210.46630859375
3407,19.4537615776062,0.9390267729759216,0.48011669516563416,0.07113900035619736,144866,15000,152.72714300226653,105.32593727111816,210.46630859375
3408,19.316364526748657,0.9378522634506226,0.4747673273086548,0.07037674635648727,145002,15000,149.34298200023477,103.29627990722656,210.46630859375
3409,19.09285545349121,0.93829345703125,0.4653979539871216,0.06678962707519531,145139,15000,152.5750029977644,105.52740097045898,210.46630859375
3410,19.08771514892578,0.9399945139884949,0.46581754088401794,0.06863170862197876,145276,15000,150.35670200086315,105.64708709716797,210.46630859375
3411,19.140446186065674,0.9398746490478516,0.4717632234096527,0.06571797281503677,145412,15000,154.68242800125154,105.92150688171387,210.46630859375
3412,19.211573600769043,0.9415380954742432,0.47369566559791565,0.06276284903287888,145542,15000,152.9292870000063,106.06718063354492,210.46630859375
3413,19.405699968338013,0.9441072344779968,0.4665074348449707,0.06340575218200684,145670,15000,153.37202799855731,104.7208309173584,210.46630859375
3414,19.441460371017456,0.9443990588188171,0.4727230668067932,0.06126872077584267,145798,15000,151.26230000169016,106.83774948120117,210.46630859375
3415,19.539072513580322,0.9457826614379883,0.46691465377807617,0.06008654832839966,145928,15000,148.6663089999638,103.4398078918457,210.46630859375
3416,19.504369497299194,0.9459612369537354,0.46608060598373413,0.05973739176988602,146056,15000,150.79056300237426,106.16326332092285,210.46630859375
3417,19.501338005065918,0.9454957246780396,0.4713146388530731,0.05854889005422592,146178,15000,149.96328999768593,104.6750545501709,210.46630859375
3418,19.530287981033325,0.9461671113967896,0.4726489186286926,0.057670824229717255,146294,15000,149.5384390000254,106.4610481262207,210.46630859375
3419,19.61954951286316,0.9478034377098083,0.4740261137485504,0.05822170153260231,146414,15000,150.59609500167426,104.89296913146973,210.46630859375
3420,19.669795036315918,0.9484841823577881,0.4729959964752197,0.05641793832182884,146537,15000,151.53550999821164,106.29677772521973,210.46630859375
3421,19.72430944442749,0.9494416117668152,0.46418818831443787,0.057423900812864304,146659,15000,153.35349199813209,106.37187957763672,210.46630859375
3422,19.719107151031494,0.9488590955734253,0.4623805582523346,0.05934500694274902,146774,15000,154.67645000171615,108.22820663452148,210.46630859375
3423,19.706329107284546,0.9492202997207642,0.4633508622646332,0.057458408176898956,146890,15000,160.1003910000145,110.03255844116211,210.46630859375
3424,19.800978899002075,0.9504281878471375,0.4553465247154236,0.05779403820633888,147006,15000,155.30281699830084,108.27875137329102,210.46630859375
3425,19.89501118659973,0.9507361650466919,0.45210009813308716,0.059769224375486374,147114,15000,154.75196099941968,110.54635047912598,210.46630859375
3426,19.876060485839844,0.9510358572006226,0.4486948251724243,0.05764373764395714,147222,15000,154.20957400056068,109.12346839904785,210.46630859375
3427,19.846830368041992,0.9506227970123291,0.45041367411613464,0.05559209734201431,147329,15000,158.35788600088563,108.62040519714355,210.46630859375
3428,19.988950490951538,0.9523517489433289,0.43979910016059875,0.057249270379543304,147439,15000,162.3321240003861,117.3543930053711,210.46630859375
3429,19.8011577129364,0.9500430822372437,0.44184792041778564,0.056527674198150635,147547,15000,148.38287599923206,100.60667991638184,210.46630859375
3430,19.78548288345337,0.9509791135787964,0.4415754973888397,0.05475113168358803,147655,15000,144.562606998079,101.38106346130371,210.46630859375
3431,20.12340545654297,0.9541770219802856,0.4397047758102417,0.05638943240046501,147759,15000,147.2094089986058,101.8218994140625,210.46630859375
3432,20.01091241836548,0.9528000354766846,0.4429812729358673,0.05442047119140625,147864,15000,149.86323899938725,105.35216331481934,210.46630859375
3433,19.90462899208069,0.9519875049591064,0.44079315662384033,0.053450483828783035,147966,15000,144.35445799972513,101.59969329833984,210.46630859375
3434,20.068013668060303,0.9539608955383301,0.44593703746795654,0.053869158029556274,148070,15000,146.63994900183752,100.64911842346191,210.46630859375
3435,20.170574188232422,0.9550215005874634,0.441840797662735,0.05266730859875679,148171,15000,156.55401300318772,104.0794849395752,210.46630859375
3436,20.027320384979248,0.9536611437797546,0.4332941472530365,0.053388409316539764,148271,15000,154.2464900012419,102.11777687072754,210.46630859375
3437,20.012786388397217,0.9532479643821716,0.43739229440689087,0.055417221039533615,148371,15000,165.23410599984345,114.17412757873535,210.46630859375
3438,19.98013734817505,0.9527108669281006,0.4360707998275757,0.055058106780052185,148468,15000,160.1574679989426,112.19358444213867,210.46630859375
3439,19.85196828842163,0.9511822462081909,0.44193950295448303,0.05438660457730293,148566,15000,159.39221299777273,110.51177978515625,210.46630859375
3440,19.79826807975769,0.9495522379875183,0.45909929275512695,0.05800792947411537,148659,15000,162.713421999797,110.25881767272949,210.46630859375
3441,19.88486409187317,0.9503761529922485,0.45681342482566833,0.058532796800136566,148755,15000,158.09374800301157,110.13364791870117,210.46630859375
3442,19.8751437664032,0.9483281970024109,0.45351460576057434,0.05746114253997803,148841,15000,158.32185000181198,109.35783386230469,210.46630859375
3443,19.70793604850769,0.9438929557800293,0.4636631906032562,0.05888306722044945,148932,15000,147.08620800229255,101.6688346862793,210.46630859375
3444,19.821882247924805,0.9445171356201172,0.46094250679016113,0.060339804738759995,149018,15000,144.29440699677798,101.53889656066895,210.46630859375
3445,19.892563819885254,0.9449394941329956,0.4498215317726135,0.0579647459089756,149101,15000,147.65614899806678,102.30898857116699,210.46630859375
3446,19.837082624435425,0.9425437450408936,0.4463959336280823,0.061126548796892166,149191,15000,148.30576700114761,104.16460037231445,210.46630859375
3447,19.865915775299072,0.943617582321167,0.4464801251888275,0.06105099245905876,149282,15000,145.23538000139524,102.10633277893066,210.46630859375
3448,19.84185814857483,0.944722056388855,0.44977468252182007,0.05881406366825104,149375,15000,149.06517400231678,101.2871265411377,210.46630859375
3449,19.930081367492676,0.9450520277023315,0.4450584053993225,0.060580071061849594,149463,15000,145.32198300003074,101.85527801513672,210.46630859375
3450,20.043067932128906,0.9472194910049438,0.44090914726257324,0.06011125072836876,149552,15000,153.38882099968032,105.66592216491699,210.46630859375
3451,19.984363317489624,0.9483327269554138,0.44153207540512085,0.057162582874298096,149643,15000,152.53713200218044,104.55846786499023,210.46630859375
3452,20.01899003982544,0.9484596252441406,0.4403716027736664,0.05818161740899086,149731,15000,149.36173100068117,104.55775260925293,210.46630859375
3453,20.086326599121094,0.9501644968986511,0.4444374144077301,0.05874886363744736,149825,15000,156.30559800047195,105.74221611022949,210.46630859375
3454,20.033111572265625,0.9507079124450684,0.44555336236953735,0.056547507643699646,149919,15000,151.99372500137542,102.88381576538086,210.46630859375
3455,20.17897129058838,0.9513701796531677,0.4437297582626343,0.05679633095860481,149996,15000,147.07861699935165,103.33728790283203,210.46630859375
3456,20.10441541671753,0.9525176286697388,0.4428722560405731,0.057326026260852814,150000,15000,144.39701800074545,101.80091857910156,210.46630859375
3457,20.11849880218506,0.9534281492233276,0.43902453780174255,0.05511385202407837,150000,15000,142.54844799870625,102.23507881164551,210.46630859375
3458,20.175983905792236,0.953041672706604,0.43760502338409424,0.05543551594018936,150000,15000,143.52744400093798,102.05411911010742,210.46630859375
3459,20.2294921875,0.9542964696884155,0.4391491711139679,0.055979277938604355,150000,15000,150.75154100122745,103.03401947021484,210.46630859375
3460,20.16286611557007,0.9533342123031616,0.4375505745410919,0.05552787333726883,150000,15000,155.26502300053835,105.39817810058594,210.46630859375
3461,20.111689567565918,0.9512021541595459,0.4317740797996521,0.05774820223450661,150000,15000,158.74128900031792,103.25956344604492,210.46630859375
3462,20.15273094177246,0.9519510269165039,0.42956018447875977,0.057305946946144104,150000,15000,146.85418699809816,105.54647445678711,210.46630859375
3463,19.868183135986328,0.948100745677948,0.4274709224700928,0.057311173528432846,150000,15000,148.40728999843122,101.98855400085449,210.46630859375
3464,19.609967470169067,0.9427832961082458,0.44308358430862427,0.0625111386179924,150000,15000,149.40640399800031,102.1261215209961,210.46630859375
3465,19.703229665756226,0.9449095129966736,0.43764248490333557,0.062183938920497894,150000,15000,146.3554980000481,103.43408584594727,210.46630859375
3466,19.774374961853027,0.9461872577667236,0.44663864374160767,0.0607336089015007,150000,15000,145.42262499890057,103.1196117401123,210.46630859375
3467,19.833067655563354,0.9463263750076294,0.4412131905555725,0.06116525083780289,150000,15000,144.6778150020691,102.50020027160645,210.46630859375
3468,19.993997812271118,0.948828935623169,0.42694091796875,0.06056615337729454,150000,15000,144.2504699989513,101.68743133544922,210.46630859375
3469,19.96190309524536,0.9490894675254822,0.42278361320495605,0.05802610516548157,150000,15000,144.52476299993577,102.71668434143066,210.46630859375
3470,20.191514492034912,0.9507657289505005,0.41213029623031616,0.0594087578356266,150000,15000,142.85900100003346,101.62830352783203,210.46630859375
3471,20.144333839416504,0.9514347314834595,0.41434168815612793,0.05803428962826729,150000,15000,144.169012997736,101.78375244140625,210.46630859375
3472,20.164740085601807,0.9524451494216919,0.40653854608535767,0.05553685501217842,150000,15000,142.79194800110417,101.58610343933105,210.46630859375
3473,20.093016624450684,0.9506678581237793,0.4067595899105072,0.056394025683403015,150000,15000,147.26947300005122,102.05554962158203,210.46630859375
3474,20.19023895263672,0.9527930617332458,0.4083244204521179,0.056189898401498795,150000,15000,160.5150989998947,115.5552864074707,210.46630859375
3475,20.05180835723877,0.9516540765762329,0.4061618745326996,0.054133348166942596,150000,15000,154.92240399908042,110.24808883666992,210.46630859375
3476,19.793697595596313,0.9478321075439453,0.4101288914680481,0.0566168874502182,150000,15000,162.51303900207859,112.34426498413086,210.46630859375
3477,19.871490001678467,0.9481958746910095,0.4169691205024719,0.060787633061409,150000,15000,160.42826200282434,112.23745346069336,210.46630859375
3478,19.798346757888794,0.9463506937026978,0.4068341851234436,0.058969929814338684,150000,15000,166.96852200038848,116.56880378723145,210.46630859375
3479,19.140294790267944,0.9344927668571472,0.4219161570072174,0.06173773109912872,150000,15000,157.3017289993004,113.18540573120117,210.46630859375
3480,19.074503183364868,0.9336063265800476,0.4379409849643707,0.06850886344909668,150000,15000,164.2140500007372,111.38319969177246,210.46630859375
3481,19.386813640594482,0.9393856525421143,0.4348125457763672,0.0631810650229454,150000,15000,158.64525900178705,109.90095138549805,210.46630859375
3482,19.34747576713562,0.9393652677536011,0.42289209365844727,0.06330841034650803,150000,15000,159.69328400024096,112.00523376464844,210.46630859375
3483,19.35083270072937,0.9388655424118042,0.4331579804420471,0.06404496729373932,150000,15000,163.67546699984814,110.3973388671875,210.46630859375
3484,19.440687894821167,0.9406173229217529,0.4424586296081543,0.06409740447998047,150000,15000,148.98608399744262,104.35223579406738,210.46630859375
3485,19.354891777038574,0.9392663836479187,0.44775962829589844,0.06162610277533531,150000,15000,159.46197700031917,107.56778717041016,210.46630859375
3486,19.062618017196655,0.9351927042007446,0.44801172614097595,0.06435554474592209,150000,15000,154.3060339972726,104.87985610961914,210.46630859375
3487,19.16072964668274,0.9358131289482117,0.4571800231933594,0.06768579035997391,150000,15000,151.7161190022307,105.13710975646973,210.46630859375
3488,19.303879737854004,0.9385759234428406,0.4524451196193695,0.06590015441179276,150000,15000,152.1108019987878,108.78682136535645,210.46630859375
3489,19.03168797492981,0.9342932105064392,0.4601653218269348,0.066416434943676,150000,15000,149.75449700068566,105.38578033447266,210.46630859375
3490,19.437005519866943,0.9406037330627441,0.44716453552246094,0.06388674676418304,150000,15000,153.30438900127774,107.48434066772461,210.46630859375
3491,19.57815647125244,0.9425734877586365,0.43583542108535767,0.0621153898537159,150000,15000,163.14412399879075,112.81490325927734,210.46630859375
3492,19.21590805053711,0.9361557364463806,0.4491652250289917,0.06138056516647339,150000,15000,177.2940490009205,117.75088310241699,210.46630859375
3493,19.346073865890503,0.9374390840530396,0.4504309594631195,0.06397578865289688,150000,15000,186.4635329984594,113.77215385437012,210.46630859375
3494,19.470181465148926,0.9406604766845703,0.44551926851272583,0.06259273737668991,150000,15000,173.66503499943065,114.85004425048828,210.46630859375
3495,19.69629406929016,0.9441377520561218,0.4516386091709137,0.05899969860911369,150000,15000,154.94500799832167,108.64806175231934,210.46630859375
3496,19.618600606918335,0.9427365064620972,0.4407674968242645,0.05804624781012535,150000,15000,150.48145499895327,105.4685115814209,210.46630859375
3497,19.951579570770264,0.9468788504600525,0.43873581290245056,0.059640754014253616,150000,15000,151.79000300122425,106.83774948120117,210.46630859375
3498,19.823707342147827,0.9462432861328125,0.44481605291366577,0.05680086463689804,150000,15000,157.90219599875854,108.48307609558105,210.46630859375
3499,19.981578588485718,0.9483693838119507,0.44305717945098877,0.05478224903345108,150000,15000,326.2613440019777,104.43949699401855,210.46630859375
3500,20.028114318847656,0.9487451314926147,0.43801018595695496,0.0569392628967762,148980,15000,146.32478899875423,101.19438171386719,210.46630859375
3501,20.021145343780518,0.9483877420425415,0.4511268138885498,0.06885100901126862,149152,15000,146.53218799867318,101.02033615112305,210.46630859375
3502,19.95797038078308,0.9483370780944824,0.4476794898509979,0.06559660285711288,149300,15000,146.34897799987812,102.80966758728027,210.46630859375
3503,19.846014976501465,0.9472411870956421,0.449103444814682,0.06442027539014816,149427,15000,146.32588799941004,101.37581825256348,210.46630859375
3504,19.725501537322998,0.945884644985199,0.44815927743911743,0.061227452009916306,149543,15000,151.15602600053535,106.66680335998535,210.46630859375
3505,19.794172048568726,0.9469138383865356,0.4453495740890503,0.05616553872823715,149662,15000,149.16416800042498,104.6898365020752,210.46630859375
3506,19.920412302017212,0.9486713409423828,0.44456377625465393,0.05657399445772171,149784,15000,149.94239800216747,104.1877269744873,210.46630859375
3507,20.026493072509766,0.9492543935775757,0.4433436095714569,0.05686183646321297,149905,15000,160.32836500016856,112.91003227233887,210.46630859375
3508,20.011274814605713,0.949103832244873,0.4385077953338623,0.05611548572778702,149994,15000,164.95568699974683,116.96648597717285,210.46630859375
3509,20.02091646194458,0.9489364624023438,0.43110281229019165,0.05716567486524582,150000,15000,162.98254600042128,112.42270469665527,210.46630859375
3510,19.075809717178345,0.9356757402420044,0.4473456144332886,0.05997864902019501,150000,15000,152.6472539990209,108.76774787902832,210.46630859375
3511,19.584064483642578,0.942348837852478,0.4445507526397705,0.05733388289809227,150000,15000,145.46809599778499,102.9517650604248,210.46630859375
3512,20.021252632141113,0.9488145709037781,0.4407693147659302,0.05615668743848801,150000,15000,144.0664559995639,101.44162178039551,210.46630859375
3513,19.982115030288696,0.9487404823303223,0.4436749815940857,0.0564814917743206,150000,15000,143.79698999982793,101.30119323730469,210.46630859375
3514,19.924827814102173,0.9482258558273315,0.44679221510887146,0.056098777800798416,150000,15000,151.95029299866292,107.63049125671387,210.46630859375
3515,19.758625030517578,0.9450892210006714,0.4365278482437134,0.05874606594443321,150000,15000,157.52044200053206,110.45122146606445,210.46630859375
3516,20.02094268798828,0.9481486678123474,0.4373477101325989,0.05943438038229942,150000,15000,153.4315639983106,106.64010047912598,210.46630859375
3517,19.9600613117218,0.9481263160705566,0.4394173324108124,0.05627403408288956,150000,15000,154.5015779993264,109.30895805358887,210.46630859375
3518,20.15284538269043,0.9508442282676697,0.4351350665092468,0.055289167910814285,150000,15000,144.00737799951457,102.99944877624512,210.46630859375
3519,20.270845890045166,0.9519332647323608,0.4237443506717682,0.05685080215334892,150000,15000,141.19505700000445,100.29006004333496,210.46630859375
3520,20.27313232421875,0.9527528285980225,0.42573755979537964,0.05602174252271652,150000,15000,140.79724499970325,100.84962844848633,210.46630859375
3521,20.12789487838745,0.9512724280357361,0.43469002842903137,0.05289439857006073,150000,15000,142.0944059973408,100.91090202331543,210.46630859375
3522,20.142335891723633,0.9509444236755371,0.4396462142467499,0.05699967220425606,150000,15000,140.84988000104204,101.04513168334961,210.46630859375
3523,19.861665964126587,0.9483844041824341,0.44068750739097595,0.057794779539108276,150000,15000,146.6893290016742,102.53787040710449,210.46630859375
3524,19.892820119857788,0.9490973949432373,0.44148170948028564,0.0542975552380085,150000,15000,160.84467799737467,103.91688346862793,210.46630859375
3525,18.86194348335266,0.9330658912658691,0.4403594732284546,0.05823436379432678,150000,15000,152.31127900187857,106.8732738494873,210.46630859375
3526,19.40353035926819,0.9409679770469666,0.44617342948913574,0.0608358159661293,150000,15000,157.97109300183365,112.02406883239746,210.46630859375
3527,19.389978647232056,0.9408561587333679,0.45029217004776,0.06187865138053894,150000,15000,162.4375819992565,115.29254913330078,210.46630859375
3528,19.266756772994995,0.9392237663269043,0.455571711063385,0.06127193942666054,150000,15000,155.67221600213088,110.16321182250977,210.46630859375
3529,19.332343339920044,0.9403623342514038,0.4583379030227661,0.06308896839618683,150000,15000,165.14554099921952,108.64973068237305,210.46630859375
3530,19.434748888015747,0.9417123794555664,0.4419610798358917,0.06166791170835495,150000,15000,155.45452200240106,107.36370086669922,210.46630859375
3531,18.899296522140503,0.9326202273368835,0.44604355096817017,0.0649934932589531,150000,15000,159.14115800114814,111.64450645446777,210.46630859375
3532,19.231127500534058,0.9373337626457214,0.4408039450645447,0.06909260898828506,150000,15000,170.026138999674,108.7808609008789,210.46630859375
3533,19.214614629745483,0.9363154172897339,0.4444672465324402,0.06471166759729385,150000,15000,151.21561900014058,105.7734489440918,210.46630859375
3534,19.374396800994873,0.9404432773590088,0.43912187218666077,0.06279207020998001,150000,15000,147.3157740001625,104.65168952941895,210.46630859375
3535,19.39178228378296,0.9385366439819336,0.4417658746242523,0.0677865594625473,150000,15000,146.33856299769832,102.26869583129883,210.46630859375
3536,19.52064871788025,0.9414432048797607,0.4396681487560272,0.06462572515010834,150000,15000,145.10137000252143,101.08542442321777,210.46630859375
3537,19.587682485580444,0.9425010085105896,0.43433308601379395,0.0625937357544899,150000,15000,147.9911019996507,102.92696952819824,210.46630859375
3538,19.63978409767151,0.9425083994865417,0.4299185574054718,0.06522651761770248,150000,15000,142.9453700002341,101.77087783813477,210.46630859375
3539,19.653198719024658,0.9432374238967896,0.43201640248298645,0.06377548724412918,150000,15000,142.26561699979356,100.01778602600098,210.46630859375
3540,19.698796272277832,0.9448937773704529,0.42846617102622986,0.06062311679124832,150000,15000,157.51697199812043,110.19182205200195,210.46630859375
3541,19.63926672935486,0.9436007738113403,0.42107951641082764,0.06192157045006752,150000,15000,155.53182599978754,110.10527610778809,210.46630859375
3542,19.7653067111969,0.9460355043411255,0.42515233159065247,0.06232127919793129,150000,15000,157.49831900029676,108.31904411315918,210.46630859375
3543,19.739990234375,0.9454463720321655,0.4225250482559204,0.06110846623778343,150000,15000,153.77235900086816,107.63740539550781,210.46630859375
3544,19.81213927268982,0.9462440013885498,0.42091816663742065,0.06037047505378723,150000,15000,147.72607399936533,102.12111473083496,210.46630859375
3545,19.564874172210693,0.9431928396224976,0.4201074242591858,0.06279700249433517,150000,15000,141.35680599792977,100.80766677856445,210.46630859375
3546,19.659515619277954,0.9447716474533081,0.4204350709915161,0.06103461608290672,150000,15000,140.8342079994327,100.09288787841797,210.46630859375
3547,19.70128893852234,0.9450006484985352,0.4101346731185913,0.06167043372988701,150000,15000,143.36071200159495,101.64380073547363,210.46630859375
3548,19.77084755897522,0.9464932680130005,0.4073098599910736,0.06250885874032974,150000,15000,145.60755599814001,102.42843627929688,210.46630859375
3549,19.69432234764099,0.9457105398178101,0.41356390714645386,0.061650171875953674,150000,15000,155.18706500006374,104.9494743347168,210.46630859375
3550,19.7066068649292,0.9448528289794922,0.41780567169189453,0.064117431640625,150000,15000,161.05944700029795,110.8849048614502,210.46630859375
3551,19.69010829925537,0.9447121620178223,0.4196886718273163,0.0646979808807373,150000,15000,163.99327800172614,109.84039306640625,210.46630859375
3552,19.679874181747437,0.9451953768730164,0.41676267981529236,0.0645478218793869,150000,15000,169.4256190021406,110.45265197753906,210.46630859375
3553,19.692052602767944,0.9455686807632446,0.421475350856781,0.06345077604055405,150000,15000,157.8372260009928,109.2226505279541,210.46630859375
3554,19.754196405410767,0.9463295340538025,0.41718387603759766,0.06423460692167282,150000,15000,155.66212800331414,108.37197303771973,210.46630859375
3555,19.82852816581726,0.947481095790863,0.411327064037323,0.06253921985626221,150000,15000,152.52245400188258,105.48043251037598,210.46630859375
3556,19.90607976913452,0.9483462572097778,0.40779849886894226,0.06136399134993553,150000,15000,150.3011740023794,104.2017936706543,210.46630859375
3557,19.091904163360596,0.9377762079238892,0.4141732454299927,0.06447048485279083,150000,15000,156.63761799805798,104.35009002685547,210.46630859375
3558,19.240647554397583,0.939388632774353,0.42279213666915894,0.06708314269781113,150000,15000,150.2397540025413,101.98044776916504,210.46630859375
3559,19.537111520767212,0.9429653882980347,0.41790860891342163,0.06465956568717957,150000,15000,149.23094500045408,101.19080543518066,210.46630859375
3560,19.65755820274353,0.9456944465637207,0.42104095220565796,0.06326939165592194,150000,15000,152.7054930011218,101.35626792907715,210.46630859375
3561,19.695409536361694,0.9457795023918152,0.4212789237499237,0.06432868540287018,150000,15000,143.62512400111882,101.48215293884277,210.46630859375
3562,19.764461517333984,0.9466758966445923,0.4193255305290222,0.06402476876974106,150000,15000,146.5860900025291,100.54564476013184,210.46630859375
3563,19.775153398513794,0.9467190504074097,0.41914990544319153,0.06367034465074539,150000,15000,148.58439799718326,103.24835777282715,210.46630859375
3564,19.709662199020386,0.9457535743713379,0.42073220014572144,0.06510131806135178,150000,15000,144.59610400081147,101.17244720458984,210.46630859375
3565,19.69879984855652,0.9456928968429565,0.4196861684322357,0.0649372786283493,150000,15000,145.1280890032649,101.13739967346191,210.46630859375
3566,19.792284965515137,0.94658362865448,0.41292014718055725,0.06264922022819519,150000,15000,145.14698900165968,101.59802436828613,210.46630859375
3567,19.756040573120117,0.9456733465194702,0.4069942831993103,0.062552310526371,150000,15000,151.86426700165612,103.78384590148926,210.46630859375
3568,19.744162559509277,0.9454416036605835,0.40782538056373596,0.06374603509902954,150000,15000,149.43226899777073,102.56099700927734,210.46630859375
3569,19.675921201705933,0.9452385902404785,0.408993661403656,0.06192992627620697,150000,15000,149.27555000031134,101.20844841003418,210.46630859375
3570,19.751089811325073,0.9466581344604492,0.4078717827796936,0.06044049561023712,150000,15000,145.32436100125778,102.4022102355957,210.46630859375
3571,19.994804859161377,0.9498476982116699,0.3899369239807129,0.06235034391283989,150000,15000,145.13125300072716,101.8679141998291,210.46630859375
3572,19.66778039932251,0.9450143575668335,0.40642014145851135,0.058779340237379074,150000,15000,141.7582020003465,100.84724426269531,210.46630859375
3573,19.66399908065796,0.9464616179466248,0.39891424775123596,0.05664871633052826,150000,15000,146.35347799776355,104.16793823242188,210.46630859375
3574,19.802166223526,0.9467865824699402,0.39758121967315674,0.060557395219802856,150000,15000,142.61598300072365,101.98259353637695,210.46630859375
3575,19.730535745620728,0.9468967914581299,0.3950251042842865,0.05812869220972061,150000,15000,145.0970240002789,103.48963737487793,210.46630859375
3576,19.694215059280396,0.945730447769165,0.40274322032928467,0.055342622101306915,150000,15000,143.55119099855074,101.81760787963867,210.46630859375
3577,19.756784439086914,0.9467374086380005,0.407552570104599,0.054854098707437515,150000,15000,144.81985800011898,101.77206993103027,210.46630859375
3578,19.679551124572754,0.9454302191734314,0.4162921905517578,0.05351140722632408,150000,15000,146.59221299734781,104.23016548156738,210.46630859375
3579,19.580785036087036,0.945097804069519,0.41868436336517334,0.051503971219062805,150000,15000,148.68917300191242,102.27298736572266,210.46630859375
3580,19.48976159095764,0.9445523619651794,0.41279223561286926,0.05216524004936218,150000,15000,159.41218199805007,110.92138290405273,210.46630859375
3581,19.753085374832153,0.9479906558990479,0.40632879734039307,0.051905956119298935,150000,15000,153.38110299853724,109.24291610717773,210.46630859375
3582,19.533880949020386,0.9443905353546143,0.411823034286499,0.049375273287296295,150000,15000,156.36342899961164,108.90793800354004,210.46630859375
3583,19.71557378768921,0.9476132392883301,0.4146071970462799,0.04906599596142769,150000,15000,156.87493599762092,109.30228233337402,210.46630859375
3584,19.747859239578247,0.9478045701980591,0.4075944125652313,0.049810077995061874,150000,15000,155.65256199988653,109.81512069702148,210.46630859375
3585,19.97553586959839,0.9504841566085815,0.4046276807785034,0.04733138158917427,150000,15000,154.08653799750027,105.38101196289062,210.46630859375
3586,19.671603441238403,0.9472440481185913,0.394723117351532,0.0485997274518013,150000,15000,150.31863699914538,105.21817207336426,210.46630859375
3587,19.771864414215088,0.9478775858879089,0.4017355442047119,0.05198206007480621,150000,15000,145.33729899994796,100.79097747802734,210.46630859375
3588,19.861663579940796,0.9493252635002136,0.3974647521972656,0.049392834305763245,150000,15000,150.56595200076117,100.65150260925293,210.46630859375
3589,19.97916340827942,0.9512094259262085,0.39233535528182983,0.04962266981601715,150000,15000,146.08260699969833,101.48835182189941,210.46630859375
3590,19.870742559432983,0.9501364231109619,0.3965679109096527,0.051692184060811996,150000,15000,147.89863400073955,103.31463813781738,210.46630859375
3591,19.80001449584961,0.9489941596984863,0.4033673405647278,0.04952700063586235,150000,15000,144.277706000139,102.28276252746582,210.46630859375
3592,20.095763206481934,0.9528307914733887,0.39153337478637695,0.04840432107448578,150000,15000,145.62516400110326,103.29437255859375,210.46630859375
3593,20.23932695388794,0.9542232751846313,0.39371436834335327,0.049250662326812744,150000,15000,145.3160709970689,102.44035720825195,210.46630859375
3594,20.26123046875,0.9549683928489685,0.38760414719581604,0.04780224338173866,150000,15000,151.86272500068299,108.69574546813965,210.46630859375
3595,20.166325569152832,0.9535810947418213,0.38839346170425415,0.04798166826367378,150000,15000,145.89133300250978,102.13804244995117,210.46630859375
3596,20.2626633644104,0.9543197154998779,0.38926854729652405,0.04946582764387131,150000,15000,145.50640900051803,103.62434387207031,210.46630859375
3597,20.328261852264404,0.954960823059082,0.3911892771720886,0.047856204211711884,150000,15000,147.25355300106457,101.20630264282227,210.46630859375
3598,20.208888053894043,0.9539632201194763,0.3795715570449829,0.04737565666437149,150000,15000,150.0443240001914,107.84339904785156,210.46630859375
3599,20.316500663757324,0.954967737197876,0.386568546295166,0.048163823783397675,150000,15000,149.94662000026437,102.17809677124023,210.46630859375
3600,20.30324935913086,0.9549167156219482,0.3767547011375427,0.047492753714323044,149915,15000,150.54013100234442,100.77118873596191,210.46630859375
3601,19.625097513198853,0.9436931610107422,0.3789474070072174,0.049529146403074265,149994,15000,151.55383000092115,100.45123100280762,210.46630859375
3602,20.097472667694092,0.9494490623474121,0.3771398067474365,0.05063071474432945,149999,15000,159.15206899808254,106.10604286193848,210.46630859375
3603,19.99657154083252,0.9493870735168457,0.3774455785751343,0.049285177141427994,150000,15000,158.76823500002502,111.07325553894043,210.46630859375
3604,20.10903835296631,0.9512919187545776,0.3764256238937378,0.04964650422334671,150000,15000,158.55923699928098,111.39297485351562,210.46630859375
3605,20.179157257080078,0.952165961265564,0.3753044009208679,0.0491538867354393,150000,15000,154.46434799741837,109.83872413635254,210.46630859375
3606,20.10397434234619,0.9518822431564331,0.37805965542793274,0.04788704216480255,150000,15000,173.89054199884413,113.10601234436035,210.46630859375
3607,19.93582844734192,0.9504746794700623,0.37109172344207764,0.04750731959939003,150000,15000,161.61245699913707,110.89491844177246,210.46630859375
3608,20.140550136566162,0.95235675573349,0.36855608224868774,0.04982846975326538,150000,15000,158.0206940016069,109.77554321289062,210.46630859375
3609,20.170934200286865,0.9529666304588318,0.36981162428855896,0.0487394742667675,150000,15000,156.13851899979636,109.42912101745605,210.46630859375
3610,20.166690349578857,0.9532718658447266,0.3731054663658142,0.0501403845846653,150000,15000,162.58364899840672,116.60623550415039,210.46630859375
3611,20.150840282440186,0.9533580541610718,0.3712264895439148,0.05071914568543434,150000,15000,170.75309199935873,112.63489723205566,210.46630859375
3612,20.10518789291382,0.9534335136413574,0.36913326382637024,0.04977062717080116,150000,15000,172.06886100029806,112.73598670959473,210.46630859375
3613,18.963338136672974,0.9383158683776855,0.3825799524784088,0.0499710775911808,150000,15000,168.6335099984717,115.20147323608398,210.46630859375
3614,20.008442401885986,0.9522270560264587,0.3728543519973755,0.052612803876399994,150000,15000,177.08237699844176,119.45772171020508,210.46630859375
3615,20.138533115386963,0.9537212252616882,0.373799204826355,0.051484640687704086,150000,15000,174.90151800302556,118.99685859680176,210.46630859375
3616,20.15258550643921,0.9537123441696167,0.3758995532989502,0.05032655969262123,150000,15000,168.27356499925372,114.52174186706543,210.46630859375
3617,20.00704288482666,0.9518221616744995,0.3762432336807251,0.05248432978987694,150000,15000,164.30545800176333,112.98871040344238,210.46630859375
3618,19.98058795928955,0.9515523910522461,0.3821401298046112,0.05279829725623131,150000,15000,167.72049700011848,117.17510223388672,210.46630859375
3619,20.09070634841919,0.9523959159851074,0.3808584213256836,0.05085769668221474,150000,15000,161.55849599817884,113.50035667419434,210.46630859375
3620,19.58412766456604,0.9450358152389526,0.391754686832428,0.05412338301539421,150000,15000,161.62499299753108,112.50615119934082,210.46630859375
3621,19.51427459716797,0.9459906816482544,0.3879782557487488,0.05395723506808281,150000,15000,362.6638869973249,111.51623725891113,210.46630859375
3622,19.985885620117188,0.9515142440795898,0.3841339647769928,0.05198178440332413,150000,15000,159.32178499861038,111.14978790283203,210.46630859375
3623,20.046133995056152,0.951297402381897,0.3836226761341095,0.05359696224331856,150000,15000,164.0012370007753,116.65916442871094,210.46630859375
3624,19.94718909263611,0.9514402747154236,0.38070374727249146,0.05281456559896469,150000,15000,156.8638370008557,111.87362670898438,210.46630859375
3625,19.898407459259033,0.9511550664901733,0.37665536999702454,0.05336954444646835,150000,15000,158.77676699892618,112.55311965942383,210.46630859375
3626,19.757180213928223,0.9491275548934937,0.38309016823768616,0.05371139198541641,150000,15000,160.6108209998638,113.95645141601562,210.46630859375
3627,19.90849018096924,0.9500408172607422,0.3852519094944,0.05378255248069763,150000,15000,161.1603870005638,111.52243614196777,210.46630859375
3628,19.96871590614319,0.9503635764122009,0.38653236627578735,0.054028261452913284,150000,15000,153.64773500186857,108.25490951538086,210.46630859375
3629,19.87195372581482,0.9486889243125916,0.385590136051178,0.05587631091475487,150000,15000,153.67760799927055,103.00016403198242,210.46630859375
3630,19.95979070663452,0.9492844343185425,0.3816727101802826,0.05580931156873703,150000,15000,148.46986300108256,106.46867752075195,210.46630859375
3631,20.05669355392456,0.9496988654136658,0.3862059414386749,0.054410550743341446,150000,15000,151.11272500143969,107.45477676391602,210.46630859375
3632,20.059537887573242,0.9499305486679077,0.38322001695632935,0.055420465767383575,150000,15000,152.47056299995165,108.24823379516602,210.46630859375
3633,20.113167762756348,0.9506939649581909,0.3870816230773926,0.05477305129170418,150000,15000,147.8425489985966,104.88247871398926,210.46630859375
3634,20.157992839813232,0.9513105154037476,0.3802444040775299,0.0535542368888855,150000,15000,152.8860309990705,106.94622993469238,210.46630859375
3635,19.959887266159058,0.9483708143234253,0.38801053166389465,0.06074673682451248,150000,15000,151.36355700087734,104.80237007141113,210.46630859375
3636,20.08434534072876,0.9497644305229187,0.38618841767311096,0.06048835813999176,150000,15000,153.27225600049132,106.43291473388672,210.46630859375
3637,20.11958122253418,0.9504094123840332,0.3848707377910614,0.05850572511553764,150000,15000,153.74118800173164,107.9704761505127,210.46630859375
3638,20.066988468170166,0.9489580988883972,0.3785514831542969,0.06249037757515907,150000,15000,158.66814699984388,107.52725601196289,210.46630859375
3639,20.064663887023926,0.9491370916366577,0.38044458627700806,0.06032165139913559,150000,15000,153.23037300186115,106.23407363891602,210.46630859375
3640,19.852508306503296,0.9472254514694214,0.3804965615272522,0.06146756187081337,150000,15000,149.63926700147567,106.38284683227539,210.46630859375
3641,19.87810254096985,0.9466047286987305,0.38194575905799866,0.06401883065700531,150000,15000,159.90113999941968,106.81676864624023,210.46630859375
3642,19.912189245224,0.9469903707504272,0.3870987296104431,0.05964899808168411,150000,15000,150.5769089999376,104.19201850891113,210.46630859375
3643,19.950655698776245,0.9476301074028015,0.37852439284324646,0.05692465603351593,150000,15000,153.56154899927787,106.03952407836914,210.46630859375
3644,20.09610414505005,0.9493204951286316,0.37740227580070496,0.06046944484114647,150000,15000,154.08271799969953,104.71534729003906,210.46630859375
3645,19.154043197631836,0.9380542635917664,0.3869302272796631,0.06001747027039528,150000,15000,156.2713179991988,105.81064224243164,210.46630859375
3646,19.90293860435486,0.9470919370651245,0.382648766040802,0.06008124351501465,150000,15000,151.3153429987142,106.26101493835449,210.46630859375
3647,19.93496298789978,0.9474920034408569,0.38385534286499023,0.0582546629011631,150000,15000,149.5958449995669,105.95488548278809,210.46630859375
3648,19.358642101287842,0.9411340951919556,0.3860461711883545,0.061630215495824814,150000,15000,148.9344039982825,105.0105094909668,210.46630859375
3649,19.83359694480896,0.9469754099845886,0.3875695765018463,0.05971945449709892,150000,15000,155.3924330000882,107.70344734191895,210.46630859375
3650,19.903100728988647,0.9481856226921082,0.38045209646224976,0.05734686180949211,150000,15000,151.3152169973182,105.8344841003418,210.46630859375
3651,19.971014261245728,0.949403703212738,0.37742525339126587,0.05720057711005211,150000,15000,148.36982800261467,105.93652725219727,210.46630859375
3652,19.984394311904907,0.9498535394668579,0.37372034788131714,0.05627856031060219,150000,15000,147.48120899821515,105.24415969848633,210.46630859375
3653,20.093753337860107,0.9509550929069519,0.36630356311798096,0.05769890919327736,150000,15000,151.29122500002268,108.25753211975098,210.46630859375
3654,20.137534141540527,0.9516791105270386,0.36209961771965027,0.055250030010938644,150000,15000,149.8266499984311,106.00900650024414,210.46630859375
3655,20.062859058380127,0.9513082504272461,0.3636794686317444,0.055592458695173264,150000,15000,149.9231369998597,105.18670082092285,210.46630859375
3656,20.138545036315918,0.9517347812652588,0.3560003638267517,0.05574088543653488,150000,15000,150.33698200204526,106.63795471191406,210.46630859375
3657,20.179743766784668,0.9522671699523926,0.3577122092247009,0.05459115654230118,150000,15000,159.7702350009058,108.50310325622559,210.46630859375
3658,20.177299976348877,0.9519168734550476,0.3613906502723694,0.05579293891787529,150000,15000,152.58678299869644,105.88884353637695,210.46630859375
3659,20.13230562210083,0.9516611099243164,0.3585280179977417,0.05639081448316574,150000,15000,155.25717299897224,107.5749397277832,210.46630859375
3660,20.159006118774414,0.9518488645553589,0.3609675168991089,0.055443666875362396,150000,15000,164.92464099792414,105.76581954956055,210.46630859375
3661,20.117006301879883,0.9512227773666382,0.35967138409614563,0.05664330720901489,150000,15000,161.98825299943564,106.67824745178223,210.46630859375
3662,20.11850357055664,0.9512922167778015,0.3618541955947876,0.05605371668934822,150000,15000,158.9789360004943,104.75826263427734,210.46630859375
3663,20.194365978240967,0.9521009922027588,0.3590695261955261,0.054551124572753906,150000,15000,153.9374060012051,104.41160202026367,210.46630859375
3664,20.27369260787964,0.9527887105941772,0.3546565771102905,0.05428983271121979,150000,15000,153.5116150007525,106.77003860473633,210.46630859375
3665,20.299396514892578,0.9532486796379089,0.3503645360469818,0.05444041267037392,150000,15000,151.3025390013354,105.57794570922852,210.46630859375
3666,20.20801544189453,0.9528517723083496,0.3426133096218109,0.05090479925274849,150000,15000,154.08222900077817,109.70497131347656,210.46630859375
3667,20.249311923980713,0.9527878761291504,0.3455670475959778,0.054521940648555756,150000,15000,154.0748679981334,105.61704635620117,210.46630859375
3668,20.196828842163086,0.9523069262504578,0.35348817706108093,0.05571042373776436,150000,15000,154.42677800092497,103.94287109375,210.46630859375
