frame,config,policy,seed,densification_enabled,N_before,N_new,N_after,N_visible,N_optimized,PSNR,SSIM,depth_L1,coverage,opt_time_ms,frame_time_ms,delta_psnr_step,delta_psnr_cumul,has_nan_inf
1,new_init_new_dense,no_op,42,True,14073,599,14672,14073,0,11.622461080551147,0.5792478919029236,0.4352632462978363,0.8060807585716248,0.0,571.2783580092946,0.050187110900878906,0.050187110900878906,False
2,new_init_new_dense,no_op,42,True,14672,549,15221,14672,0,11.551741361618042,0.5546826124191284,0.3942236304283142,0.8107161521911621,0.0,480.5785479984479,-0.07071971893310547,-0.020532608032226562,False
3,new_init_new_dense,no_op,42,True,15221,512,15733,15218,0,11.444897651672363,0.5246058702468872,0.3810625672340393,0.8141927123069763,0.0,546.7664449970471,-0.10684370994567871,-0.12737631797790527,False
4,new_init_new_dense,no_op,42,True,15733,502,16235,15720,0,11.419541835784912,0.5055196285247803,0.3607267737388611,0.8192578554153442,0.0,518.0710029962938,-0.025355815887451172,-0.15273213386535645,False
5,new_init_new_dense,no_op,42,True,16235,564,16799,16202,0,11.398638486862183,0.49026283621788025,0.36829614639282227,0.8249609470367432,0.0,534.9510780069977,-0.020903348922729492,-0.17363548278808594,False
6,new_init_new_dense,no_op,42,True,16799,442,17241,16717,0,11.469049453735352,0.48948270082473755,0.3372763395309448,0.828125,0.0,558.5013749951031,0.07041096687316895,-0.10322451591491699,False
7,new_init_new_dense,no_op,42,True,17241,424,17665,17111,0,11.497021913528442,0.4865260124206543,0.33853429555892944,0.8312890529632568,0.0,556.9132370001171,0.02797245979309082,-0.07525205612182617,False
8,new_init_new_dense,no_op,42,True,17665,415,18080,17497,0,11.545077562332153,0.4872208833694458,0.32445472478866577,0.8340625166893005,0.0,570.1865180017194,0.04805564880371094,-0.027196407318115234,False
9,new_init_new_dense,no_op,42,True,18080,360,18440,17836,0,11.601587533950806,0.48401331901550293,0.31769222021102905,0.8360677361488342,0.0,567.5842709897552,0.056509971618652344,0.02931356430053711,False
10,new_init_new_dense,no_op,42,True,18440,402,18842,18093,0,11.637766361236572,0.47771698236465454,0.3172137141227722,0.8377734422683716,0.0,568.4884509973926,0.0361788272857666,0.06549239158630371,False
11,new_init_new_dense,no_op,42,True,18842,393,19235,18363,0,11.627897024154663,0.4624394178390503,0.31725868582725525,0.8402864933013916,0.0,587.0822159922682,-0.00986933708190918,0.05562305450439453,False
12,new_init_new_dense,no_op,42,True,19235,413,19648,18615,0,11.575108766555786,0.4411977231502533,0.3272835612297058,0.8409505486488342,0.0,584.306976001244,-0.05278825759887695,0.002834796905517578,False
13,new_init_new_dense,no_op,42,True,19648,495,20143,18862,0,11.509174108505249,0.4188564717769623,0.3442407250404358,0.8419531583786011,0.0,598.4931690036319,-0.06593465805053711,-0.06309986114501953,False
14,new_init_new_dense,no_op,42,True,20143,471,20614,19125,0,11.46932601928711,0.40326374769210815,0.3471173942089081,0.8435156345367432,0.0,626.8920479924418,-0.03984808921813965,-0.10294795036315918,False
15,new_init_new_dense,no_op,42,True,20614,524,21138,19386,0,11.454235315322876,0.3884355425834656,0.3559006154537201,0.8447526097297668,0.0,674.3687139969552,-0.015090703964233398,-0.11803865432739258,False
16,new_init_new_dense,no_op,42,True,21138,522,21660,19690,0,11.454650163650513,0.3785955607891083,0.36535829305648804,0.8454036712646484,0.0,686.6796060057823,0.00041484832763671875,-0.11762380599975586,False
17,new_init_new_dense,no_op,42,True,21660,562,22222,19922,0,11.465940475463867,0.3725593686103821,0.37669628858566284,0.8479427099227905,0.0,672.3608409956796,0.011290311813354492,-0.10633349418640137,False
18,new_init_new_dense,no_op,42,True,22222,567,22789,20163,0,11.436599493026733,0.35151180624961853,0.3779905438423157,0.8482943177223206,0.0,674.6512219979195,-0.02934098243713379,-0.13567447662353516,False
19,new_init_new_dense,no_op,42,True,22789,646,23435,20371,0,11.437139511108398,0.34400832653045654,0.3954344093799591,0.8488411903381348,0.0,704.3818599922815,0.0005400180816650391,-0.13513445854187012,False
20,new_init_new_dense,no_op,42,True,23435,666,24101,20604,0,11.476266384124756,0.3383829593658447,0.3953079283237457,0.8492578268051147,0.0,742.2240750020137,0.03912687301635742,-0.0960075855255127,False
21,new_init_new_dense,no_op,42,True,24101,631,24732,20841,0,11.481047868728638,0.32813799381256104,0.39899376034736633,0.849596381187439,0.0,726.917849999154,0.004781484603881836,-0.09122610092163086,False
22,new_init_new_dense,no_op,42,True,24732,664,25396,21059,0,11.500896215438843,0.32911011576652527,0.4035811126232147,0.8514062762260437,0.0,742.1120729995891,0.019848346710205078,-0.07137775421142578,False
23,new_init_new_dense,no_op,42,True,25396,600,25996,21202,0,11.540995836257935,0.33291682600975037,0.39734673500061035,0.8514583706855774,0.0,785.1670700038085,0.0400996208190918,-0.031278133392333984,False
24,new_init_new_dense,no_op,42,True,25996,593,26589,21358,0,11.590542793273926,0.34509024024009705,0.3831157982349396,0.8510807752609253,0.0,805.9056589991087,0.04954695701599121,0.018268823623657227,False
25,new_init_new_dense,no_op,42,True,26589,616,27205,21495,0,11.59348726272583,0.35488730669021606,0.3863605260848999,0.8507422208786011,0.0,824.7354719933355,0.002944469451904297,0.021213293075561523,False
26,new_init_new_dense,no_op,42,True,27205,529,27734,21573,0,11.556416749954224,0.3565751314163208,0.378982275724411,0.8512369990348816,0.0,786.8541740026558,-0.037070512771606445,-0.015857219696044922,False
27,new_init_new_dense,no_op,42,True,27734,537,28271,21698,0,11.591229438781738,0.3699021339416504,0.37739598751068115,0.8510807752609253,0.0,791.7526209930656,0.03481268882751465,0.018955469131469727,False
28,new_init_new_dense,no_op,42,True,28271,521,28792,21784,0,11.667463779449463,0.3896331191062927,0.3748074769973755,0.8509505391120911,0.0,804.1445280105108,0.07623434066772461,0.09518980979919434,False
29,new_init_new_dense,no_op,42,True,28792,487,29279,21865,0,11.662265062332153,0.389093279838562,0.36159852147102356,0.8506901264190674,0.0,812.1538520063041,-0.00519871711730957,0.08999109268188477,False
30,new_init_new_dense,no_op,42,True,29279,448,29727,21932,0,11.658130884170532,0.3868027627468109,0.34858477115631104,0.8498177528381348,0.0,824.2444130009972,-0.004134178161621094,0.08585691452026367,False
31,new_init_new_dense,no_op,42,True,29727,475,30202,21971,0,11.67221188545227,0.39002642035484314,0.3611314296722412,0.8499869704246521,0.0,834.7150850022445,0.014081001281738281,0.09993791580200195,False
32,new_init_new_dense,no_op,42,True,30202,471,30673,22044,0,11.673470735549927,0.3875665068626404,0.3565749526023865,0.8495312929153442,0.0,846.7637330031721,0.00125885009765625,0.1011967658996582,False
33,new_init_new_dense,no_op,42,True,30673,478,31151,22060,0,11.661148071289062,0.3852369487285614,0.3625960350036621,0.8491666913032532,0.0,859.9422060069628,-0.012322664260864258,0.08887410163879395,False
34,new_init_new_dense,no_op,42,True,31151,522,31673,22120,0,11.679545640945435,0.39083418250083923,0.3704276382923126,0.8487630486488342,0.0,884.3236259999685,0.01839756965637207,0.10727167129516602,False
35,new_init_new_dense,no_op,42,True,31673,478,32151,22178,0,11.655415296554565,0.38682693243026733,0.36643579602241516,0.8482552170753479,0.0,902.114005992189,-0.02413034439086914,0.08314132690429688,False
36,new_init_new_dense,no_op,42,True,32151,468,32619,22259,0,11.646151542663574,0.3830324411392212,0.3582378029823303,0.8479818105697632,0.0,895.8017230033875,-0.009263753890991211,0.07387757301330566,False
37,new_init_new_dense,no_op,42,True,32619,517,33136,22313,0,11.663436889648438,0.38403618335723877,0.36287084221839905,0.8475000262260437,0.0,955.8592590037733,0.01728534698486328,0.09116291999816895,False
38,new_init_new_dense,no_op,42,True,33136,508,33644,22325,0,11.667300462722778,0.3795461058616638,0.36410632729530334,0.8478646278381348,0.0,939.2115859955084,0.0038635730743408203,0.09502649307250977,False
39,new_init_new_dense,no_op,42,True,33644,493,34137,22377,0,11.647118330001831,0.37027105689048767,0.35421544313430786,0.84821617603302,0.0,959.3523489893414,-0.020182132720947266,0.0748443603515625,False
40,new_init_new_dense,no_op,42,True,34137,523,34660,22430,0,11.617676019668579,0.36003828048706055,0.36709895730018616,0.8487240076065063,0.0,959.0833719994407,-0.029442310333251953,0.04540205001831055,False
41,new_init_new_dense,no_op,42,True,34660,514,35174,22492,0,11.606283187866211,0.35646265745162964,0.3628675639629364,0.84996098279953,0.0,967.7100090048043,-0.011392831802368164,0.03400921821594238,False
42,new_init_new_dense,no_op,42,True,35174,572,35746,22551,0,11.613759994506836,0.35070058703422546,0.38465845584869385,0.8502604365348816,0.0,1030.6328479928197,0.007476806640625,0.04148602485656738,False
43,new_init_new_dense,no_op,42,True,35746,574,36320,22596,0,11.564488410949707,0.33814460039138794,0.37972933053970337,0.8503255248069763,0.0,1035.569334999309,-0.049271583557128906,-0.0077855587005615234,False
44,new_init_new_dense,no_op,42,True,36320,592,36912,22648,0,11.546061038970947,0.33276426792144775,0.3888394832611084,0.8500390648841858,0.0,1065.6905450014165,-0.018427371978759766,-0.02621293067932129,False
45,new_init_new_dense,no_op,42,True,36912,627,37539,22739,0,11.494771242141724,0.32406744360923767,0.3990229666233063,0.8507682681083679,0.0,1077.230408001924,-0.05128979682922363,-0.07750272750854492,False
46,new_init_new_dense,no_op,42,True,37539,595,38134,22810,0,11.487786769866943,0.32210320234298706,0.3826809227466583,0.8512369990348816,0.0,1058.793677992071,-0.0069844722747802734,-0.0844871997833252,False
47,new_init_new_dense,no_op,42,True,38134,639,38773,22954,0,11.491103172302246,0.323039710521698,0.3708197772502899,0.8518489599227905,0.0,1093.616533005843,0.0033164024353027344,-0.08117079734802246,False
48,new_init_new_dense,no_op,42,True,38773,611,39384,23022,0,11.480600833892822,0.3224474787712097,0.3671214282512665,0.8528385758399963,0.0,1105.0775899930159,-0.010502338409423828,-0.09167313575744629,False
49,new_init_new_dense,no_op,42,True,39384,590,39974,23142,0,11.444717645645142,0.31616950035095215,0.3560425341129303,0.8527604341506958,0.0,1116.2625740107615,-0.035883188247680664,-0.12755632400512695,False
50,new_init_new_dense,no_op,42,True,39974,612,40586,23236,0,11.417149305343628,0.31008681654930115,0.3600018322467804,0.8541015982627869,0.0,1142.4912320071599,-0.027568340301513672,-0.15512466430664062,False
51,new_init_new_dense,no_op,42,True,40586,603,41189,23397,0,11.394902467727661,0.3035975694656372,0.350503534078598,0.8544401526451111,0.0,1212.280855004792,-0.022246837615966797,-0.17737150192260742,False
52,new_init_new_dense,no_op,42,True,41189,569,41758,23523,0,11.387249231338501,0.30090224742889404,0.32361307740211487,0.8556250333786011,0.0,1240.1035079965368,-0.007653236389160156,-0.18502473831176758,False
53,new_init_new_dense,no_op,42,True,41758,636,42394,23660,0,11.402194499969482,0.3018661141395569,0.34736862778663635,0.8567838668823242,0.0,1210.1719140046043,0.014945268630981445,-0.17007946968078613,False
54,new_init_new_dense,no_op,42,True,42394,591,42985,23786,0,11.436570882797241,0.3086038827896118,0.3316050171852112,0.8567057251930237,0.0,1237.0438140060287,0.03437638282775879,-0.13570308685302734,False
55,new_init_new_dense,no_op,42,True,42985,591,43576,23872,0,11.435763835906982,0.311777800321579,0.3210912346839905,0.8565624952316284,0.0,1266.917012995691,-0.0008070468902587891,-0.13651013374328613,False
56,new_init_new_dense,no_op,42,True,43576,577,44153,23959,0,11.440051794052124,0.31247013807296753,0.3195340037345886,0.8580208420753479,0.0,1236.3501700019697,0.0042879581451416016,-0.13222217559814453,False
57,new_init_new_dense,no_op,42,True,44153,576,44729,24024,0,11.440253257751465,0.30964696407318115,0.3176018297672272,0.8592187762260437,0.0,1265.2761100034695,0.0002014636993408203,-0.1320207118988037,False
58,new_init_new_dense,no_op,42,True,44729,556,45285,24124,0,11.435415744781494,0.3073544204235077,0.3017757534980774,0.8595442771911621,0.0,1227.2276349976892,-0.004837512969970703,-0.13685822486877441,False
59,new_init_new_dense,no_op,42,True,45285,556,45841,24286,0,11.407147645950317,0.2971510887145996,0.30503809452056885,0.8601953387260437,0.0,1297.955804009689,-0.028268098831176758,-0.16512632369995117,False
60,new_init_new_dense,no_op,42,True,45841,546,46387,24361,0,11.418404579162598,0.2970532178878784,0.2988501191139221,0.8610807657241821,0.0,1295.584693987621,0.011256933212280273,-0.1538693904876709,False
61,new_init_new_dense,no_op,42,True,46387,566,46953,24535,0,11.456869840621948,0.30637621879577637,0.30045515298843384,0.8605078458786011,0.0,1306.877438997617,0.038465261459350586,-0.11540412902832031,False
62,new_init_new_dense,no_op,42,True,46953,567,47520,24601,0,11.788493394851685,0.30666953325271606,0.30262115597724915,0.8601822853088379,0.0,1279.039326007478,0.33162355422973633,0.21621942520141602,False
63,new_init_new_dense,no_op,42,True,47520,586,48106,24687,0,11.483591794967651,0.2989773750305176,0.3013709783554077,0.8604167103767395,0.0,1289.0006470115623,-0.3049015998840332,-0.08868217468261719,False
64,new_init_new_dense,no_op,42,True,48106,628,48734,24779,0,11.119757890701294,0.29819291830062866,0.30560100078582764,0.8605208396911621,0.0,1432.3330820043338,-0.3638339042663574,-0.4525160789489746,False
65,new_init_new_dense,no_op,42,True,48734,615,49349,24905,0,10.79322099685669,0.29508063197135925,0.3047773838043213,0.861315131187439,0.0,1521.2806530034868,-0.3265368938446045,-0.7790529727935791,False
66,new_init_new_dense,no_op,42,True,49349,615,49964,25031,0,10.480339527130127,0.293986976146698,0.2893940210342407,0.8623307347297668,0.0,1459.580886992626,-0.3128814697265625,-1.0919344425201416,False
67,new_init_new_dense,no_op,42,True,49964,641,50605,25234,0,10.111310482025146,0.2967270016670227,0.28671568632125854,0.8629947900772095,0.0,1378.731977994903,-0.36902904510498047,-1.460963487625122,False
68,new_init_new_dense,no_op,42,True,50605,781,51386,25417,0,9.57011103630066,0.2995641231536865,0.29150232672691345,0.8629427552223206,0.0,1377.8599630022654,-0.5411994457244873,-2.0021629333496094,False
69,new_init_new_dense,no_op,42,True,51386,766,52152,25829,0,9.311653971672058,0.3129954934120178,0.27536696195602417,0.8640625476837158,0.0,1417.725586987217,-0.2584570646286011,-2.2606199979782104,False
70,new_init_new_dense,no_op,42,True,52152,787,52939,26192,0,9.071950316429138,0.3174747824668884,0.25510868430137634,0.8640625476837158,0.0,1426.5755439992063,-0.23970365524291992,-2.5003236532211304,False
71,new_init_new_dense,no_op,42,True,52939,854,53793,26556,0,8.696708083152771,0.3217625021934509,0.2557539939880371,0.8650781512260437,0.0,1406.6332329966826,-0.3752422332763672,-2.8755658864974976,False
72,new_init_new_dense,no_op,42,True,53793,853,54646,27020,0,8.435319662094116,0.32883837819099426,0.2618723213672638,0.8664713501930237,0.0,1473.8687150093028,-0.2613884210586548,-3.1369543075561523,False
73,new_init_new_dense,no_op,42,True,54646,759,55405,27425,0,8.962623476982117,0.3498800992965698,0.24575911462306976,0.867942750453949,0.0,1507.7783150045434,0.5273038148880005,-2.609650492668152,False
74,new_init_new_dense,no_op,42,True,55405,734,56139,27722,0,9.044119715690613,0.35489508509635925,0.24053530395030975,0.8684505224227905,0.0,1498.5001040040515,0.0814962387084961,-2.5281542539596558,False
75,new_init_new_dense,no_op,42,True,56139,732,56871,28015,0,9.114317297935486,0.36001476645469666,0.2470637559890747,0.869335949420929,0.0,1529.8815100104548,0.07019758224487305,-2.4579566717147827,False
76,new_init_new_dense,no_op,42,True,56871,695,57566,28190,0,9.221329689025879,0.37192070484161377,0.2365720421075821,0.8691666722297668,0.0,1576.8024800054263,0.10701239109039307,-2.3509442806243896,False
77,new_init_new_dense,no_op,42,True,57566,650,58216,28445,0,9.305045008659363,0.383253276348114,0.24262230098247528,0.8701953291893005,0.0,1516.8218330072705,0.08371531963348389,-2.2672289609909058,False
78,new_init_new_dense,no_op,42,True,58216,666,58882,28559,0,9.338198900222778,0.3841637372970581,0.233988419175148,0.8705338835716248,0.0,1541.1560089996783,0.03315389156341553,-2.2340750694274902,False
79,new_init_new_dense,no_op,42,True,58882,624,59506,28726,0,9.376220107078552,0.3875514268875122,0.22994957864284515,0.8716015815734863,0.0,1591.1233269871445,0.038021206855773926,-2.1960538625717163,False
80,new_init_new_dense,no_op,42,True,59506,622,60128,28904,0,9.397581219673157,0.3866456151008606,0.23445770144462585,0.8713151216506958,0.0,1627.2283510043053,0.021361112594604492,-2.174692749977112,False
81,new_init_new_dense,no_op,42,True,60128,633,60761,28963,0,9.45557713508606,0.3940792977809906,0.23058775067329407,0.8712369799613953,0.0,1611.7923150013667,0.05799591541290283,-2.116696834564209,False
82,new_init_new_dense,no_op,42,True,60761,618,61379,29055,0,9.473270773887634,0.3960455358028412,0.22751349210739136,0.8716145753860474,0.0,1610.9776079974836,0.017693638801574707,-2.0990031957626343,False
83,new_init_new_dense,no_op,42,True,61379,658,62037,29278,0,9.505001902580261,0.39759835600852966,0.22169342637062073,0.872057318687439,0.0,1600.5960430047708,0.03173112869262695,-2.0672720670700073,False
84,new_init_new_dense,no_op,42,True,62037,676,62713,29383,0,9.567179679870605,0.40544939041137695,0.22218957543373108,0.8725781440734863,0.0,1605.2108990115812,0.06217777729034424,-2.005094289779663,False
85,new_init_new_dense,no_op,42,True,62713,631,63344,29509,0,9.586784839630127,0.40714913606643677,0.21257203817367554,0.8721354603767395,0.0,1621.9324039993808,0.019605159759521484,-1.9854891300201416,False
86,new_init_new_dense,no_op,42,True,63344,669,64013,29587,0,9.612795114517212,0.40976715087890625,0.21655982732772827,0.8733593821525574,0.0,1694.0486230014358,0.02601027488708496,-1.9594788551330566,False
87,new_init_new_dense,no_op,42,True,64013,646,64659,29657,0,9.661668539047241,0.41537731885910034,0.2085578292608261,0.8742057681083679,0.0,1741.519754010369,0.0488734245300293,-1.9106054306030273,False
88,new_init_new_dense,no_op,42,True,64659,638,65297,29742,0,9.682504534721375,0.41574281454086304,0.2066589742898941,0.8756640553474426,0.0,1722.7110149979126,0.0208359956741333,-1.889769434928894,False
89,new_init_new_dense,no_op,42,True,65297,653,65950,29942,0,9.680790305137634,0.41060301661491394,0.2142333835363388,0.8760807514190674,0.0,1757.227887006593,-0.0017142295837402344,-1.8914836645126343,False
90,new_init_new_dense,no_op,42,True,65950,624,66574,29998,0,9.708501696586609,0.410550057888031,0.20145629346370697,0.8766015768051147,0.0,1733.0043709953316,0.02771139144897461,-1.8637722730636597,False
91,new_init_new_dense,no_op,42,True,66574,608,67182,30099,0,9.751284718513489,0.4141944348812103,0.2007216364145279,0.8777864575386047,0.0,1733.1579309975496,0.04278302192687988,-1.8209892511367798,False
92,new_init_new_dense,no_op,42,True,67182,603,67785,30218,0,9.810734391212463,0.4204704165458679,0.20737044513225555,0.8783463835716248,0.0,1785.5192590068327,0.05944967269897461,-1.7615395784378052,False
93,new_init_new_dense,no_op,42,True,67785,615,68400,30322,0,9.848333597183228,0.42524194717407227,0.21093228459358215,0.8783984780311584,0.0,1808.6986279959092,0.03759920597076416,-1.723940372467041,False
94,new_init_new_dense,no_op,42,True,68400,641,69041,30402,0,9.84250783920288,0.4238758087158203,0.211945042014122,0.8787369728088379,0.0,1776.6918380075367,-0.00582575798034668,-1.7297661304473877,False
95,new_init_new_dense,no_op,42,True,69041,608,69649,30448,0,9.80816900730133,0.41431301832199097,0.20301127433776855,0.8794531226158142,0.0,1840.129046002403,-0.03433883190155029,-1.764104962348938,False
96,new_init_new_dense,no_op,42,True,69649,617,70266,30568,0,9.834097027778625,0.41517364978790283,0.20220042765140533,0.8807291984558105,0.0,1868.2966310007032,0.025928020477294922,-1.738176941871643,False
97,new_init_new_dense,no_op,42,True,70266,622,70888,30660,0,9.796285033226013,0.40658038854599,0.19822250306606293,0.8809114694595337,0.0,1859.3395380012225,-0.037811994552612305,-1.7759889364242554,False
98,new_init_new_dense,no_op,42,True,70888,559,71447,30790,0,9.83094871044159,0.40597376227378845,0.18186615407466888,0.88260418176651,0.0,1833.7333360104822,0.03466367721557617,-1.7413252592086792,False
99,new_init_new_dense,no_op,42,True,71447,653,72100,30904,0,9.920433163642883,0.4181329607963562,0.221333846449852,0.8834375143051147,0.0,1891.8795179924928,0.08948445320129395,-1.6518408060073853,False
100,new_init_new_dense,no_op,42,True,72100,0,56954,31017,0,9.960240721702576,0.4218200445175171,0.1980772167444229,0.8839974403381348,0.0,1908.6301229981473,0.03980755805969238,-1.6120332479476929,False
101,new_init_new_dense,no_op,42,True,56954,560,57514,31117,0,9.97400164604187,0.42293214797973633,0.19894345104694366,0.8843750357627869,0.0,1536.5561259968672,0.013760924339294434,-1.5982723236083984,False
102,new_init_new_dense,no_op,42,True,57514,566,58080,31194,0,10.022319555282593,0.430198609828949,0.2023918181657791,0.8843229413032532,0.0,1566.4663510106038,0.048317909240722656,-1.5499544143676758,False
103,new_init_new_dense,no_op,42,True,58080,607,58687,31257,0,10.002325773239136,0.42619240283966064,0.20955391228199005,0.8846614956855774,0.0,1518.9750069985166,-0.01999378204345703,-1.5699481964111328,False
104,new_init_new_dense,no_op,42,True,58687,573,59260,31275,0,9.93248999118805,0.40712833404541016,0.18829184770584106,0.8850390911102295,0.0,1557.392158996663,-0.06983578205108643,-1.6397839784622192,False
105,new_init_new_dense,no_op,42,True,59260,594,59854,31303,0,9.960277080535889,0.40880268812179565,0.19640222191810608,0.8845052123069763,0.0,1582.4785730073927,0.027787089347839355,-1.6119968891143799,False
106,new_init_new_dense,no_op,42,True,59854,649,60503,31411,0,9.964197874069214,0.4080776572227478,0.2010846734046936,0.884765625,0.0,1606.6056980052963,0.003920793533325195,-1.6080760955810547,False
107,new_init_new_dense,no_op,42,True,60503,634,61137,31440,0,9.956973791122437,0.4010075330734253,0.20789526402950287,0.8857031464576721,0.0,1638.1642350024777,-0.007224082946777344,-1.615300178527832,False
108,new_init_new_dense,no_op,42,True,61137,600,61737,31501,0,10.075459480285645,0.41777142882347107,0.19502076506614685,0.8863932490348816,0.0,1645.9854179993272,0.11848568916320801,-1.496814489364624,False
109,new_init_new_dense,no_op,42,True,61737,615,62352,31559,0,10.107084512710571,0.42308640480041504,0.19310316443443298,0.8874348998069763,0.0,1693.4333550016163,0.03162503242492676,-1.4651894569396973,False
110,new_init_new_dense,no_op,42,True,62352,600,62952,31620,0,10.161666870117188,0.42929336428642273,0.18634353578090668,0.8876432776451111,0.0,1658.3920769917313,0.05458235740661621,-1.410607099533081,False
111,new_init_new_dense,no_op,42,True,62952,636,63588,31681,0,10.214370489120483,0.43194255232810974,0.19249041378498077,0.8877995014190674,0.0,1686.0373609961243,0.0527036190032959,-1.3579034805297852,False
112,new_init_new_dense,no_op,42,True,63588,695,64283,31701,0,10.205365419387817,0.4279599189758301,0.20518215000629425,0.8889453411102295,0.0,1727.3811230115825,-0.009005069732666016,-1.3669085502624512,False
113,new_init_new_dense,no_op,42,True,64283,715,64998,31745,0,10.233653783798218,0.4271239936351776,0.18627296388149261,0.8901562690734863,0.0,1764.8458019975806,0.02828836441040039,-1.3386201858520508,False
114,new_init_new_dense,no_op,42,True,64998,687,65685,31731,0,10.254955291748047,0.42360585927963257,0.19351592659950256,0.8911198377609253,0.0,1723.5807449906133,0.0213015079498291,-1.3173186779022217,False
115,new_init_new_dense,no_op,42,True,65685,708,66393,31769,0,10.310856103897095,0.4308322072029114,0.19959700107574463,0.8930208683013916,0.0,1784.2127650073962,0.05590081214904785,-1.2614178657531738,False
116,new_init_new_dense,no_op,42,True,66393,600,66993,31847,0,10.368388891220093,0.436286062002182,0.16996915638446808,0.8932942748069763,0.0,1780.121464995318,0.05753278732299805,-1.2038850784301758,False
117,new_init_new_dense,no_op,42,True,66993,649,67642,31876,0,10.389736890792847,0.4336213767528534,0.17462339997291565,0.8943619728088379,0.0,1809.0278489980847,0.021347999572753906,-1.1825370788574219,False
118,new_init_new_dense,no_op,42,True,67642,709,68351,31948,0,10.357369184494019,0.42521095275878906,0.1861567348241806,0.8951302170753479,0.0,1779.6691300027305,-0.032367706298828125,-1.21490478515625,False
119,new_init_new_dense,no_op,42,True,68351,715,69066,32006,0,10.331768989562988,0.41876479983329773,0.18183664977550507,0.8969140648841858,0.0,1778.3867209946038,-0.025600194931030273,-1.2405049800872803,False
120,new_init_new_dense,no_op,42,True,69066,778,69844,32129,0,10.310969352722168,0.4086917042732239,0.19264335930347443,0.8977473974227905,0.0,1865.0680360005936,-0.020799636840820312,-1.2613046169281006,False
121,new_init_new_dense,no_op,42,True,69844,782,70626,32252,0,10.34633994102478,0.40918636322021484,0.19338662922382355,0.899817705154419,0.0,1881.7317609937163,0.035370588302612305,-1.2259340286254883,False
122,new_init_new_dense,no_op,42,True,70626,734,71360,32304,0,10.439616441726685,0.4188511371612549,0.18864767253398895,0.9012500047683716,0.0,1842.3371849930845,0.0932765007019043,-1.132657527923584,False
123,new_init_new_dense,no_op,42,True,71360,694,72054,32377,0,10.473880767822266,0.41882097721099854,0.17979469895362854,0.9025781750679016,0.0,1921.922829002142,0.034264326095581055,-1.098393201828003,False
124,new_init_new_dense,no_op,42,True,72054,728,72782,32465,0,10.511552095413208,0.42114394903182983,0.18510103225708008,0.9035547375679016,0.0,1921.1074069899041,0.03767132759094238,-1.0607218742370605,False
125,new_init_new_dense,no_op,42,True,72782,709,73491,32521,0,10.52462100982666,0.42064422369003296,0.18072374165058136,0.9051041603088379,0.0,1889.6218810114078,0.013068914413452148,-1.0476529598236084,False
126,new_init_new_dense,no_op,42,True,73491,711,74202,32574,0,10.528862476348877,0.4164988696575165,0.17822952568531036,0.9064062833786011,0.0,1975.6007980031427,0.004241466522216797,-1.0434114933013916,False
127,new_init_new_dense,no_op,42,True,74202,784,74986,32671,0,10.50638198852539,0.40859073400497437,0.19120356440544128,0.9073567986488342,0.0,1947.5735220039496,-0.022480487823486328,-1.065891981124878,False
128,new_init_new_dense,no_op,42,True,74986,779,75765,32727,0,10.54503083229065,0.41178879141807556,0.183431476354599,0.9084895849227905,0.0,1955.9045919886557,0.03864884376525879,-1.0272431373596191,False
129,new_init_new_dense,no_op,42,True,75765,825,76590,32787,0,10.586265325546265,0.4139966368675232,0.1910712718963623,0.9101172089576721,0.0,1996.1699650011724,0.041234493255615234,-0.9860086441040039,False
130,new_init_new_dense,no_op,42,True,76590,775,77365,32911,0,10.634630918502808,0.4185134768486023,0.19982250034809113,0.9104297161102295,0.0,2031.9522450008662,0.04836559295654297,-0.9376430511474609,False
131,new_init_new_dense,no_op,42,True,77365,734,78099,32956,0,10.688743591308594,0.42538630962371826,0.17891734838485718,0.9106640815734863,0.0,2070.382828998845,0.05411267280578613,-0.8835303783416748,False
132,new_init_new_dense,no_op,42,True,78099,773,78872,32957,0,10.685482025146484,0.4208070635795593,0.18659770488739014,0.9111458659172058,0.0,2068.403817989747,-0.003261566162109375,-0.8867919445037842,False
133,new_init_new_dense,no_op,42,True,78872,784,79656,33025,0,10.689737796783447,0.4204521179199219,0.1964332014322281,0.9116666913032532,0.0,2075.732470009825,0.004255771636962891,-0.8825361728668213,False
134,new_init_new_dense,no_op,42,True,79656,728,80384,33072,0,10.738365650177002,0.4269518554210663,0.18888334929943085,0.9116145968437195,0.0,2106.033402000321,0.04862785339355469,-0.8339083194732666,False
135,new_init_new_dense,no_op,42,True,80384,747,81131,33056,0,10.780292749404907,0.43431228399276733,0.19565488398075104,0.911328136920929,0.0,2137.058803011314,0.04192709922790527,-0.7919812202453613,False
136,new_init_new_dense,no_op,42,True,81131,708,81839,33027,0,10.757993459701538,0.4269624948501587,0.1794363260269165,0.9118099212646484,0.0,2127.029018010944,-0.02229928970336914,-0.8142805099487305,False
137,new_init_new_dense,no_op,42,True,81839,753,82592,33102,0,10.723901987075806,0.4215802550315857,0.19389264285564423,0.91148442029953,0.0,2163.9890559890773,-0.03409147262573242,-0.8483719825744629,False
138,new_init_new_dense,no_op,42,True,82592,770,83362,33138,0,10.667734146118164,0.4095298945903778,0.19241711497306824,0.9112630486488342,0.0,2218.954391006264,-0.0561678409576416,-0.9045398235321045,False
139,new_init_new_dense,no_op,42,True,83362,791,84153,33174,0,10.591553449630737,0.39488697052001953,0.19528065621852875,0.9112499952316284,0.0,2210.344676001114,-0.07618069648742676,-0.9807205200195312,False
140,new_init_new_dense,no_op,42,True,84153,804,84957,33192,0,10.544277429580688,0.38790032267570496,0.1895371675491333,0.9111979603767395,0.0,2227.0368799945572,-0.04727602005004883,-1.02799654006958,False
141,new_init_new_dense,no_op,42,True,84957,826,85783,33182,0,10.53834319114685,0.38460883498191833,0.1945582926273346,0.9119531512260437,0.0,2299.448511999799,-0.005934238433837891,-1.033930778503418,False
142,new_init_new_dense,no_op,42,True,85783,830,86613,33291,0,10.528801679611206,0.38149917125701904,0.18798691034317017,0.9122526049613953,0.0,2263.3006399992155,-0.009541511535644531,-1.0434722900390625,False
143,new_init_new_dense,no_op,42,True,86613,787,87400,33356,0,10.507502555847168,0.37439751625061035,0.17279139161109924,0.9129166603088379,0.0,2236.3029859989183,-0.021299123764038086,-1.0647714138031006,False
144,new_init_new_dense,no_op,42,True,87400,855,88255,33443,0,10.46389102935791,0.3652699887752533,0.18757480382919312,0.9141927361488342,0.0,2255.1915579970228,-0.04361152648925781,-1.1083829402923584,False
145,new_init_new_dense,no_op,42,True,88255,865,89120,33504,0,10.422948598861694,0.3512588441371918,0.1863228678703308,0.9159765839576721,0.0,2285.3481890051626,-0.04094243049621582,-1.1493253707885742,False
146,new_init_new_dense,no_op,42,True,89120,899,90019,33614,0,10.365115404129028,0.336566686630249,0.188368022441864,0.9173046946525574,0.0,2291.6842870035907,-0.057833194732666016,-1.2071585655212402,False
147,new_init_new_dense,no_op,42,True,90019,917,90936,33720,0,10.403163433074951,0.3403743505477905,0.18710963428020477,0.91950523853302,0.0,2360.141058001318,0.03804802894592285,-1.1691105365753174,False
148,new_init_new_dense,no_op,42,True,90936,901,91837,33847,0,10.514456033706665,0.3520704209804535,0.1931660920381546,0.9201692938804626,0.0,2407.6702110032784,0.11129260063171387,-1.0578179359436035,False
149,new_init_new_dense,no_op,42,True,91837,888,92725,33953,0,10.593236684799194,0.36039695143699646,0.19110597670078278,0.9203776121139526,0.0,2442.860583003494,0.0787806510925293,-0.9790372848510742,False
150,new_init_new_dense,no_op,42,True,92725,825,93550,34001,0,10.61393141746521,0.3615971505641937,0.1791023313999176,0.9205468893051147,0.0,2477.090145010152,0.020694732666015625,-0.9583425521850586,False
1,new_init_new_dense,error_only,42,True,14073,599,14672,14073,3740,11.858139038085938,0.5874313712120056,0.4352632462978363,0.8081120252609253,190.99831581115723,636.7858180019539,0.28586506843566895,0.28586506843566895,False
2,new_init_new_dense,error_only,42,True,14672,444,15116,14672,3740,11.855701208114624,0.5691360235214233,0.3640615940093994,0.8130468726158142,96.05932235717773,587.0353579957737,-0.0024378299713134766,0.28342723846435547,False
3,new_init_new_dense,error_only,42,True,15116,351,15467,15105,3740,11.828649044036865,0.5471225380897522,0.33682981133461,0.81578129529953,91.54510498046875,584.9397339916322,-0.02705216407775879,0.2563750743865967,False
4,new_init_new_dense,error_only,42,True,15467,373,15840,15430,3740,11.837399005889893,0.5297951102256775,0.31268125772476196,0.8224088549613953,85.44540405273438,577.67438099836,0.008749961853027344,0.265125036239624,False
5,new_init_new_dense,error_only,42,True,15840,444,16284,15777,3740,11.888697147369385,0.5205899477005005,0.31319063901901245,0.8294791579246521,86.8220329284668,595.4702269955305,0.05129814147949219,0.3164231777191162,False
6,new_init_new_dense,error_only,42,True,16284,294,16578,16175,3740,11.99345350265503,0.5279542803764343,0.2785637676715851,0.8335156440734863,84.45024490356445,611.7994420055766,0.10475635528564453,0.42117953300476074,False
7,new_init_new_dense,error_only,42,True,16578,300,16878,16409,3740,12.1134614944458,0.5354148745536804,0.2774374783039093,0.8381380438804626,86.26914024353027,610.6526399962604,0.12000799179077148,0.5411875247955322,False
8,new_init_new_dense,error_only,42,True,16878,270,17148,16645,3740,12.261440753936768,0.5483436584472656,0.25961869955062866,0.8424088954925537,87.30792999267578,615.3346619976219,0.1479792594909668,0.689166784286499,False
9,new_init_new_dense,error_only,42,True,17148,252,17400,16825,3740,12.374279499053955,0.5518509149551392,0.250601202249527,0.8468880653381348,84.31363105773926,641.5760460076854,0.1128387451171875,0.8020055294036865,False
10,new_init_new_dense,error_only,42,True,17400,279,17679,16989,3741,12.397056818008423,0.543777585029602,0.24573162198066711,0.8488020896911621,85.13665199279785,641.0333009989699,0.022777318954467773,0.8247828483581543,False
11,new_init_new_dense,error_only,42,True,17679,307,17986,17176,3741,12.340012788772583,0.5222976207733154,0.24333456158638,0.8518359661102295,90.68608283996582,643.7200229993323,-0.057044029235839844,0.7677388191223145,False
12,new_init_new_dense,error_only,42,True,17986,340,18326,17384,3741,12.27670431137085,0.5024445652961731,0.24934466183185577,0.8524609804153442,85.5555534362793,722.3856509954203,-0.0633084774017334,0.704430341720581,False
13,new_init_new_dense,error_only,42,True,18326,384,18710,17556,3741,12.18984603881836,0.4804781675338745,0.25971242785453796,0.8544010519981384,86.27963066101074,671.724195999559,-0.08685827255249023,0.6175720691680908,False
14,new_init_new_dense,error_only,42,True,18710,403,19113,17756,3741,12.152876853942871,0.4665641188621521,0.2625219225883484,0.8563020825386047,88.5920524597168,686.3487600057852,-0.03696918487548828,0.5806028842926025,False
15,new_init_new_dense,error_only,42,True,19113,412,19525,17963,3741,12.115898132324219,0.45269832015037537,0.26984500885009766,0.8563151359558105,85.87408065795898,662.2953220066847,-0.036978721618652344,0.5436241626739502,False
16,new_init_new_dense,error_only,42,True,19525,411,19936,18143,3741,12.098885774612427,0.4435271620750427,0.27980807423591614,0.8570833802223206,83.81915092468262,673.3018100057961,-0.017012357711791992,0.5266118049621582,False
17,new_init_new_dense,error_only,42,True,19936,465,20401,18328,3741,12.153679132461548,0.44466766715049744,0.2876659631729126,0.8595442771911621,85.45780181884766,715.3852070041467,0.054793357849121094,0.5814051628112793,False
18,new_init_new_dense,error_only,42,True,20401,437,20838,18496,3741,12.091522216796875,0.4245901107788086,0.2871668338775635,0.8598828315734863,85.86502075195312,726.5241400018567,-0.06215691566467285,0.5192482471466064,False
19,new_init_new_dense,error_only,42,True,20838,512,21350,18668,3741,12.093844413757324,0.42037415504455566,0.30217915773391724,0.8609505295753479,84.34724807739258,742.628362000687,0.0023221969604492188,0.5215704441070557,False
20,new_init_new_dense,error_only,42,True,21350,516,21866,18839,3742,12.152875661849976,0.4216774106025696,0.301003098487854,0.8614844083786011,85.113525390625,736.7549649934517,0.05903124809265137,0.580601692199707,False
21,new_init_new_dense,error_only,42,True,21866,511,22377,19031,3742,12.130682468414307,0.41185545921325684,0.30467939376831055,0.8618229627609253,85.0517749786377,749.5884080126416,-0.022193193435668945,0.5584084987640381,False
22,new_init_new_dense,error_only,42,True,22377,503,22880,19214,3742,12.188067436218262,0.42007768154144287,0.3106837868690491,0.8633724451065063,87.57519721984863,780.9662079962436,0.05738496780395508,0.6157934665679932,False
23,new_init_new_dense,error_only,42,True,22880,495,23375,19379,3742,12.283481359481812,0.43435215950012207,0.3036203980445862,0.8638672232627869,86.84659004211426,815.3289640031289,0.0954139232635498,0.711207389831543,False
24,new_init_new_dense,error_only,42,True,23375,425,23800,19552,3742,12.374886274337769,0.45135629177093506,0.2915409207344055,0.8638672232627869,104.71367835998535,883.8738060003379,0.09140491485595703,0.8026123046875,False
25,new_init_new_dense,error_only,42,True,23800,445,24245,19678,3742,12.34776496887207,0.454878568649292,0.29245322942733765,0.863476574420929,97.27215766906738,904.7921629971825,-0.027121305465698242,0.7754909992218018,False
26,new_init_new_dense,error_only,42,True,24245,441,24686,19774,3742,12.253808975219727,0.4470774829387665,0.2824145555496216,0.8639062643051147,94.11954879760742,865.6502250087215,-0.09395599365234375,0.681535005569458,False
27,new_init_new_dense,error_only,42,True,24686,406,25092,19938,3742,12.266868352890015,0.45484861731529236,0.2803386151790619,0.86363285779953,98.0982780456543,894.4615489890566,0.013059377670288086,0.6945943832397461,False
28,new_init_new_dense,error_only,42,True,25092,411,25503,20021,3742,12.322900295257568,0.46750789880752563,0.27872753143310547,0.8638932704925537,100.1434326171875,929.4127100001788,0.05603194236755371,0.7506263256072998,False
29,new_init_new_dense,error_only,42,True,25503,411,25914,20113,3742,12.401463985443115,0.47952038049697876,0.26552802324295044,0.8642317652702332,99.90954399108887,957.1396300016204,0.07856369018554688,0.8291900157928467,False
30,new_init_new_dense,error_only,42,True,25914,320,26234,20165,3743,12.499185800552368,0.4925420880317688,0.24822209775447845,0.8638020753860474,80.38735389709473,933.175004000077,0.09772181510925293,0.9269118309020996,False
31,new_init_new_dense,error_only,42,True,26234,284,26518,20241,3742,12.58359670639038,0.504680871963501,0.2514423131942749,0.8634635806083679,81.23040199279785,817.0036149967927,0.0844109058380127,1.0113227367401123,False
32,new_init_new_dense,error_only,42,True,26518,266,26784,20286,3742,12.66070008277893,0.5133819580078125,0.24430890381336212,0.8634635806083679,81.14147186279297,816.7586239869706,0.0771033763885498,1.088426113128662,False
33,new_init_new_dense,error_only,42,True,26784,239,27023,20318,3742,12.71048903465271,0.5202634334564209,0.24502070248126984,0.8631250262260437,81.78114891052246,828.0501979897963,0.0497889518737793,1.1382150650024414,False
34,new_init_new_dense,error_only,42,True,27023,266,27289,20311,3742,12.77980089187622,0.531268298625946,0.24226073920726776,0.862708330154419,82.14759826660156,826.1629070038907,0.06931185722351074,1.2075269222259521,False
35,new_init_new_dense,error_only,42,True,27289,217,27506,20364,3742,12.796564102172852,0.5338080525398254,0.23325805366039276,0.8624479174613953,81.7861557006836,861.9538110069698,0.01676321029663086,1.224290132522583,False
36,new_init_new_dense,error_only,42,True,27506,183,27689,20443,3742,12.835114002227783,0.5373870134353638,0.22607627511024475,0.8629947900772095,81.18343353271484,851.4509689994156,0.03854990005493164,1.2628400325775146,False
37,new_init_new_dense,error_only,42,True,27689,200,27889,20444,3742,12.908835411071777,0.5447177290916443,0.22423842549324036,0.8634114861488342,81.43782615661621,851.5966650011251,0.07372140884399414,1.3365614414215088,False
38,new_init_new_dense,error_only,42,True,27889,213,28102,20509,3742,12.91879653930664,0.5416196584701538,0.22313961386680603,0.863854169845581,81.11023902893066,861.2485210032901,0.009961128234863281,1.346522569656372,False
39,new_init_new_dense,error_only,42,True,28102,210,28312,20505,3742,12.853821516036987,0.5295228958129883,0.21858394145965576,0.8650000095367432,81.54916763305664,861.8242919910699,-0.06497502326965332,1.2815475463867188,False
40,new_init_new_dense,error_only,42,True,28312,271,28583,20535,3742,12.783849239349365,0.5168728828430176,0.22849585115909576,0.8660286664962769,81.85911178588867,869.7283710062038,-0.06997227668762207,1.2115752696990967,False
41,new_init_new_dense,error_only,42,True,28583,268,28851,20544,3742,12.829556465148926,0.5203534364700317,0.2283102422952652,0.8679036498069763,80.84249496459961,872.5616579904454,0.04570722579956055,1.2572824954986572,False
42,new_init_new_dense,error_only,42,True,28851,318,29169,20591,3742,12.86774754524231,0.5195908546447754,0.23724332451820374,0.8693099021911621,81.40826225280762,877.8741039859597,0.03819108009338379,1.295473575592041,False
43,new_init_new_dense,error_only,42,True,29169,322,29491,20611,3742,12.801485061645508,0.5076436400413513,0.23600535094738007,0.8704427480697632,84.46907997131348,888.7770969886333,-0.06626248359680176,1.2292110919952393,False
44,new_init_new_dense,error_only,42,True,29491,362,29853,20654,3742,12.809160947799683,0.505828857421875,0.24252858757972717,0.8712760806083679,81.52580261230469,902.1394489973318,0.007675886154174805,1.236886978149414,False
45,new_init_new_dense,error_only,42,True,29853,449,30302,20696,3742,12.784162759780884,0.5024080276489258,0.25879815220832825,0.8720703125,81.0859203338623,900.2741369913565,-0.024998188018798828,1.2118887901306152,False
46,new_init_new_dense,error_only,42,True,30302,398,30700,20742,3742,12.837387323379517,0.5082003474235535,0.2474646121263504,0.8732552528381348,81.17365837097168,913.8150390062947,0.05322456359863281,1.265113353729248,False
47,new_init_new_dense,error_only,42,True,30700,432,31132,20850,3743,12.870122194290161,0.5122418403625488,0.2406410425901413,0.8738802075386047,80.72376251220703,925.4162620054558,0.03273487091064453,1.2978482246398926,False
48,new_init_new_dense,error_only,42,True,31132,453,31585,20903,3743,12.816189527511597,0.5054697394371033,0.24208131432533264,0.87479168176651,81.50458335876465,931.4462170004845,-0.05393266677856445,1.2439155578613281,False
49,new_init_new_dense,error_only,42,True,31585,465,32050,20974,3743,12.717869281768799,0.49278709292411804,0.238569438457489,0.8749349117279053,82.30185508728027,939.7400579910027,-0.09832024574279785,1.1455953121185303,False
50,new_init_new_dense,error_only,42,True,32050,519,32569,21030,3743,12.653617858886719,0.4830526113510132,0.2444852888584137,0.8759375214576721,81.49313926696777,961.8531010055449,-0.06425142288208008,1.0813438892364502,False
51,new_init_new_dense,error_only,42,True,32569,518,33087,21129,3743,12.58165717124939,0.4715549647808075,0.23790337145328522,0.8763542175292969,81.44545555114746,981.3297049986431,-0.0719606876373291,1.009383201599121,False
52,new_init_new_dense,error_only,42,True,33087,469,33556,21231,3743,12.545475959777832,0.46496590971946716,0.22151698172092438,0.8776953220367432,82.0467472076416,1018.6985920008738,-0.03618121147155762,0.9732019901275635,False
53,new_init_new_dense,error_only,42,True,33556,522,34078,21282,3743,12.54793405532837,0.46430349349975586,0.2402220070362091,0.8781771063804626,82.66758918762207,1022.970322999754,0.0024580955505371094,0.9756600856781006,False
54,new_init_new_dense,error_only,42,True,34078,531,34609,21356,3743,12.580822706222534,0.4687272906303406,0.22823931276798248,0.8792057633399963,81.28929138183594,1035.6005799985724,0.03288865089416504,1.0085487365722656,False
55,new_init_new_dense,error_only,42,True,34609,495,35104,21428,3743,12.61292815208435,0.47485119104385376,0.21733978390693665,0.8802604675292969,81.71558380126953,1055.368831002852,0.032105445861816406,1.040654182434082,False
56,new_init_new_dense,error_only,42,True,35104,471,35575,21506,3743,12.622438669204712,0.4749099016189575,0.21548470854759216,0.8817578554153442,86.90023422241211,1044.3229600059567,0.009510517120361328,1.0501646995544434,False
57,new_init_new_dense,error_only,42,True,35575,467,36042,21576,3743,12.619540691375732,0.4726772904396057,0.2164379060268402,0.8829557299613953,82.42630958557129,1078.8661909900839,-0.002897977828979492,1.0472667217254639,False
58,new_init_new_dense,error_only,42,True,36042,441,36483,21684,3743,12.604595422744751,0.4691047668457031,0.20213398337364197,0.8828255534172058,82.70812034606934,1078.1991119874874,-0.014945268630981445,1.0323214530944824,False
59,new_init_new_dense,error_only,42,True,36483,478,36961,21729,3743,12.553631067276001,0.4588305354118347,0.20780806243419647,0.883567750453949,80.87015151977539,1063.0919000104768,-0.05096435546875,0.9813570976257324,False
60,new_init_new_dense,error_only,42,True,36961,453,37414,21739,3743,12.574644088745117,0.4602077901363373,0.2063301056623459,0.885169267654419,81.8474292755127,1114.341685999534,0.02101302146911621,1.0023701190948486,False
61,new_init_new_dense,error_only,42,True,37414,458,37872,21896,3743,12.655596733093262,0.47358953952789307,0.20392441749572754,0.8846744894981384,81.50553703308105,1116.8147860007593,0.08095264434814453,1.0833227634429932,False
62,new_init_new_dense,error_only,42,True,37872,416,38288,21936,3743,13.017914295196533,0.4830227494239807,0.1973305195569992,0.8842447996139526,81.76970481872559,1125.7759370055282,0.3623175621032715,1.4456403255462646,False
63,new_init_new_dense,error_only,42,True,38288,422,38710,21943,3743,12.763012647628784,0.4797544479370117,0.1965622454881668,0.8854036927223206,80.74784278869629,1137.7349099930143,-0.254901647567749,1.1907386779785156,False
64,new_init_new_dense,error_only,42,True,38710,413,39123,21995,3743,12.458631992340088,0.48227056860923767,0.1981109380722046,0.8858463764190674,81.32791519165039,1133.90959300159,-0.3043806552886963,0.8863580226898193,False
65,new_init_new_dense,error_only,42,True,39123,440,39563,22046,3743,12.163687944412231,0.48150739073753357,0.19573406875133514,0.8870443105697632,81.63928985595703,1137.9524730000412,-0.29494404792785645,0.5914139747619629,False
66,new_init_new_dense,error_only,42,True,39563,410,39973,22088,3742,11.860922574996948,0.47924965620040894,0.18820063769817352,0.8889583349227905,81.53986930847168,1197.7604540006723,-0.3027653694152832,0.2886486053466797,False
67,new_init_new_dense,error_only,42,True,39973,407,40380,22268,3742,11.520975828170776,0.48419663310050964,0.18336093425750732,0.8897005319595337,82.52191543579102,1183.1020700046793,-0.3399467468261719,-0.05129814147949219,False
68,new_init_new_dense,error_only,42,True,40380,422,40802,22326,3742,10.952199697494507,0.4815630614757538,0.18332217633724213,0.8912109732627869,80.61504364013672,1155.50040800008,-0.5687761306762695,-0.6200742721557617,False
69,new_init_new_dense,error_only,42,True,40802,459,41261,22328,3742,10.641058683395386,0.48197829723358154,0.17749881744384766,0.8924869894981384,81.59756660461426,1172.1342439996079,-0.3111410140991211,-0.9312152862548828,False
70,new_init_new_dense,error_only,42,True,41261,517,41778,22429,3742,10.393861532211304,0.4799768924713135,0.16600659489631653,0.8947135806083679,81.73751831054688,1189.4312020012876,-0.24719715118408203,-1.1784124374389648,False
71,new_init_new_dense,error_only,42,True,41778,612,42390,22532,3742,9.983859658241272,0.47687408328056335,0.1715838760137558,0.8969792127609253,81.65192604064941,1221.249701004126,-0.41000187397003174,-1.5884143114089966,False
72,new_init_new_dense,error_only,42,True,42390,699,43089,22661,3742,9.714687466621399,0.48017072677612305,0.17731153964996338,0.8989843726158142,82.16357231140137,1260.9666289936285,-0.26917219161987305,-1.8575865030288696,False
73,new_init_new_dense,error_only,42,True,43089,530,43619,22954,3742,10.276350975036621,0.4960651397705078,0.16521024703979492,0.9004948139190674,81.90321922302246,1273.1131909968099,0.5616635084152222,-1.2959229946136475,False
74,new_init_new_dense,error_only,42,True,43619,522,44141,23069,3741,10.376946926116943,0.4995235800743103,0.16860471665859222,0.9027343988418579,81.36558532714844,1267.6862909866031,0.10059595108032227,-1.1953270435333252,False
75,new_init_new_dense,error_only,42,True,44141,502,44643,23160,3742,10.476394891738892,0.5042089819908142,0.17229318618774414,0.904296875,81.70318603515625,1297.629175009206,0.09944796562194824,-1.095879077911377,False
76,new_init_new_dense,error_only,42,True,44643,467,45110,23157,3741,10.6271231174469,0.5169501304626465,0.16004414856433868,0.9057161808013916,81.62784576416016,1262.258340997505,0.1507282257080078,-0.9451508522033691,False
77,new_init_new_dense,error_only,42,True,45110,443,45553,23166,3741,10.776362419128418,0.5310350060462952,0.16571789979934692,0.9080078601837158,81.64215087890625,1278.1822090037167,0.14923930168151855,-0.7959115505218506,False
78,new_init_new_dense,error_only,42,True,45553,451,46004,23293,3741,10.83680272102356,0.5329762697219849,0.15808884799480438,0.9085286855697632,82.44776725769043,1275.5282750003971,0.0604403018951416,-0.735471248626709,False
79,new_init_new_dense,error_only,42,True,46004,410,46414,23339,3741,10.91130256652832,0.5380257368087769,0.1525460183620453,0.9092838764190674,81.71701431274414,1285.1122040010523,0.07449984550476074,-0.6609714031219482,False
80,new_init_new_dense,error_only,42,True,46414,435,46849,23379,3742,10.958880186080933,0.538587212562561,0.15461412072181702,0.9102734327316284,81.66956901550293,1302.5231789943064,0.047577619552612305,-0.6133937835693359,False
81,new_init_new_dense,error_only,42,True,46849,465,47314,23428,3741,11.082981824874878,0.549437403678894,0.1550661325454712,0.911705732345581,81.80022239685059,1316.174998995848,0.12410163879394531,-0.4892921447753906,False
82,new_init_new_dense,error_only,42,True,47314,433,47747,23448,3741,11.148656606674194,0.5534430146217346,0.14914897084236145,0.9137760400772095,81.8634033203125,1370.1250580052147,0.0656747817993164,-0.4236173629760742,False
83,new_init_new_dense,error_only,42,True,47747,466,48213,23504,3741,11.229169368743896,0.5577595233917236,0.1439317911863327,0.9164323210716248,81.37059211730957,1400.2821429894539,0.08051276206970215,-0.34310460090637207,False
84,new_init_new_dense,error_only,42,True,48213,427,48640,23530,3741,11.36242389678955,0.5687906742095947,0.14342015981674194,0.919908881187439,81.62355422973633,1421.0664499987615,0.1332545280456543,-0.20985007286071777,False
85,new_init_new_dense,error_only,42,True,48640,468,49108,23598,3741,11.45637035369873,0.5741751194000244,0.14140059053897858,0.9239453077316284,82.45849609375,1396.7750150040956,0.09394645690917969,-0.11590361595153809,False
86,new_init_new_dense,error_only,42,True,49108,505,49613,23636,3741,11.595466136932373,0.5850059986114502,0.14256685972213745,0.9279947876930237,82.75127410888672,1407.6410090056015,0.13909578323364258,0.023192167282104492,False
87,new_init_new_dense,error_only,42,True,49613,448,50061,23618,3741,11.765061616897583,0.5990579128265381,0.1333252191543579,0.9310286641120911,82.28135108947754,1417.3740959959105,0.16959547996520996,0.19278764724731445,False
88,new_init_new_dense,error_only,42,True,50061,440,50501,23579,3741,11.894409656524658,0.6072733402252197,0.13354730606079102,0.93436199426651,81.13908767700195,1390.969790998497,0.1293480396270752,0.32213568687438965,False
89,new_init_new_dense,error_only,42,True,50501,481,50982,23679,3740,11.988416910171509,0.6092414259910583,0.14467251300811768,0.9372005462646484,80.75547218322754,1428.5301560012158,0.09400725364685059,0.41614294052124023,False
90,new_init_new_dense,error_only,42,True,50982,475,51457,23705,3740,12.102248668670654,0.612762451171875,0.1353081464767456,0.9399088621139526,81.74705505371094,1445.7159680023324,0.11383175849914551,0.5299746990203857,False
91,new_init_new_dense,error_only,42,True,51457,434,51891,23767,3740,12.251526117324829,0.6206951141357422,0.13139060139656067,0.9424088597297668,81.91919326782227,1446.0073520021979,0.1492774486541748,0.6792521476745605,False
92,new_init_new_dense,error_only,42,True,51891,436,52327,23815,3740,12.396334409713745,0.629516065120697,0.137565016746521,0.9447656273841858,81.25686645507812,1437.3226309980964,0.14480829238891602,0.8240604400634766,False
93,new_init_new_dense,error_only,42,True,52327,485,52812,23819,3740,12.60204792022705,0.6449955701828003,0.1389429122209549,0.9472265839576721,81.61449432373047,1432.3566259990912,0.20571351051330566,1.0297739505767822,False
94,new_init_new_dense,error_only,42,True,52812,502,53314,23923,3740,12.719837427139282,0.6515424251556396,0.13980354368686676,0.9493099451065063,81.8331241607666,1453.9368280093186,0.11778950691223145,1.1475634574890137,False
95,new_init_new_dense,error_only,42,True,53314,458,53772,23903,3740,12.753403186798096,0.6470935940742493,0.12950068712234497,0.9509766101837158,81.43424987792969,1457.5412900012452,0.03356575965881348,1.1811292171478271,False
96,new_init_new_dense,error_only,42,True,53772,450,54222,23985,3740,12.910423278808594,0.6558286547660828,0.13017266988754272,0.9526953101158142,81.01963996887207,1516.8799049861263,0.15702009201049805,1.3381493091583252,False
97,new_init_new_dense,error_only,42,True,54222,470,54692,24030,3740,12.926833629608154,0.6515892744064331,0.12621282041072845,0.95445317029953,86.58838272094727,1537.4180149956373,0.016410350799560547,1.3545596599578857,False
98,new_init_new_dense,error_only,42,True,54692,426,55118,24060,3741,12.960877418518066,0.6495373845100403,0.11716727912425995,0.9555338621139526,83.65273475646973,1547.4773620080668,0.03404378890991211,1.3886034488677979,False
99,new_init_new_dense,error_only,42,True,55118,557,55675,24116,3742,13.11672568321228,0.6624554395675659,0.14784575998783112,0.9563542008399963,81.30788803100586,1538.7191629997687,0.15584826469421387,1.5444517135620117,False
100,new_init_new_dense,error_only,42,True,55675,0,47466,24152,3743,13.19614052772522,0.6688994765281677,0.1265161782503128,0.9566797018051147,81.31909370422363,1555.0705720088445,0.07941484451293945,1.6238665580749512,False
101,new_init_new_dense,error_only,42,True,47466,440,47906,24132,3743,13.182227611541748,0.6653051376342773,0.12585040926933289,0.9576823115348816,82.4127197265625,1332.0692389970645,-0.01391291618347168,1.6099536418914795,False
102,new_init_new_dense,error_only,42,True,47906,450,48356,24143,3742,13.314778804779053,0.6762120127677917,0.1304876059293747,0.958580732345581,83.3883285522461,1348.9092450035969,0.1325511932373047,1.7425048351287842,False
103,new_init_new_dense,error_only,42,True,48356,463,48819,24153,3742,13.305079936981201,0.6740694046020508,0.1318521946668625,0.9595052599906921,81.6190242767334,1361.8254440079909,-0.009698867797851562,1.7328059673309326,False
104,new_init_new_dense,error_only,42,True,48819,459,49278,24216,3743,13.100022077560425,0.6493436098098755,0.12251700460910797,0.9603906273841858,81.7408561706543,1400.209862011252,-0.20505785942077637,1.5277481079101562,False
105,new_init_new_dense,error_only,42,True,49278,525,49803,24255,3743,13.131539821624756,0.6514658331871033,0.13227231800556183,0.9614453315734863,81.36796951293945,1415.7165619981242,0.031517744064331055,1.5592658519744873,False
106,new_init_new_dense,error_only,42,True,49803,512,50315,24274,3743,13.160029649734497,0.6533810496330261,0.12813721597194672,0.9626562595367432,81.77304267883301,1441.007625995553,0.02848982810974121,1.5877556800842285,False
107,new_init_new_dense,error_only,42,True,50315,582,50897,24326,3743,13.124955892562866,0.6476344466209412,0.13648660480976105,0.9636979103088379,83.00256729125977,1406.5693599986844,-0.03507375717163086,1.5526819229125977,False
108,new_init_new_dense,error_only,42,True,50897,546,51443,24378,3743,13.33006501197815,0.6660451292991638,0.13231128454208374,0.964440107345581,81.45594596862793,1455.145864005317,0.2051091194152832,1.7577910423278809,False
109,new_init_new_dense,error_only,42,True,51443,568,52011,24322,3743,13.33737850189209,0.6677546501159668,0.12502343952655792,0.9647656679153442,86.88640594482422,1476.783026009798,0.00731348991394043,1.7651045322418213,False
110,new_init_new_dense,error_only,42,True,52011,507,52518,24327,3743,13.416613340377808,0.6736494898796082,0.11818850785493851,0.9647656679153442,84.1989517211914,1475.2293530036695,0.07923483848571777,1.844339370727539,False
111,new_init_new_dense,error_only,42,True,52518,602,53120,24303,3743,13.405007123947144,0.6689502596855164,0.1225765198469162,0.9660026431083679,81.91347122192383,1495.2152490004664,-0.011606216430664062,1.832733154296875,False
112,new_init_new_dense,error_only,42,True,53120,663,53783,24349,3743,13.285417556762695,0.6552726030349731,0.1382690966129303,0.9681119918823242,82.02576637268066,1537.208895009826,-0.11958956718444824,1.7131435871124268,False
113,new_init_new_dense,error_only,42,True,53783,636,54419,24318,3743,13.323003053665161,0.6560810804367065,0.12357169389724731,0.9710156321525574,82.2746753692627,1508.1327450025128,0.03758549690246582,1.7507290840148926,False
114,new_init_new_dense,error_only,42,True,54419,638,55057,24321,3743,13.326092958450317,0.6521764397621155,0.12768180668354034,0.9763932824134827,83.73141288757324,1534.297021004022,0.00308990478515625,1.7538189888000488,False
115,new_init_new_dense,error_only,42,True,55057,696,55753,24332,3743,13.433470726013184,0.6604302525520325,0.13523340225219727,0.9810807704925537,87.00728416442871,1526.9193389976863,0.10737776756286621,1.861196756362915,False
116,new_init_new_dense,error_only,42,True,55753,519,56272,24355,3742,13.59266996383667,0.6724664568901062,0.10617255419492722,0.9833593964576721,81.15530014038086,1540.7410949992482,0.15919923782348633,2.0203959941864014,False
117,new_init_new_dense,error_only,42,True,56272,525,56797,24337,3742,13.631595373153687,0.672728419303894,0.11223041266202927,0.9849218726158142,85.33763885498047,1549.6549470117316,0.0389254093170166,2.059321403503418,False
118,new_init_new_dense,error_only,42,True,56797,667,57464,24369,3742,13.574327230453491,0.6660606861114502,0.12227995693683624,0.9866927266120911,84.86723899841309,1676.4590779930586,-0.05726814270019531,2.0020532608032227,False
119,new_init_new_dense,error_only,42,True,57464,650,58114,24390,3741,13.542168140411377,0.6612553000450134,0.11869115382432938,0.988854169845581,83.84227752685547,1641.5961860038806,-0.03215909004211426,1.9698941707611084,False
120,new_init_new_dense,error_only,42,True,58114,745,58859,24398,3741,13.402589559555054,0.6462172269821167,0.1345500499010086,0.9901562929153442,85.65902709960938,1681.4287710003555,-0.13957858085632324,1.8303155899047852,False
121,new_init_new_dense,error_only,42,True,58859,716,59575,24452,3741,13.53475570678711,0.6572189331054688,0.12868110835552216,0.9910807609558105,85.56437492370605,1696.2511190067744,0.13216614723205566,1.9624817371368408,False
122,new_init_new_dense,error_only,42,True,59575,709,60284,24531,3741,13.676875829696655,0.6673445701599121,0.1278463900089264,0.9918619990348816,82.31902122497559,1634.6392010018462,0.1421201229095459,2.1046018600463867,False
123,new_init_new_dense,error_only,42,True,60284,630,60914,24506,3741,13.718990087509155,0.6689690947532654,0.11980309337377548,0.9922916889190674,85.69478988647461,1722.3726880038157,0.0421142578125,2.1467161178588867,False
124,new_init_new_dense,error_only,42,True,60914,653,61567,24544,3740,13.83880615234375,0.6770147681236267,0.12420212477445602,0.9924739599227905,89.09487724304199,1748.3845590031706,0.11981606483459473,2.2665321826934814,False
125,new_init_new_dense,error_only,42,True,61567,676,62243,24584,3741,13.880313634872437,0.6784718036651611,0.11620969325304031,0.99295574426651,85.00218391418457,1878.5990030009998,0.04150748252868652,2.308039665222168,False
126,new_init_new_dense,error_only,42,True,62243,667,62910,24653,3741,13.828485012054443,0.6705989837646484,0.11638244241476059,0.9933203458786011,86.11035346984863,1763.1476940005086,-0.051828622817993164,2.256211042404175,False
127,new_init_new_dense,error_only,42,True,62910,769,63679,24595,3741,13.814997673034668,0.6680119037628174,0.1265338957309723,0.9936458468437195,84.3343734741211,1735.0835990073392,-0.01348733901977539,2.2427237033843994,False
128,new_init_new_dense,error_only,42,True,63679,774,64453,24689,3741,13.871822357177734,0.6727558374404907,0.12065631151199341,0.9939453601837158,84.06901359558105,1849.5641170011368,0.056824684143066406,2.299548387527466,False
129,new_init_new_dense,error_only,42,True,64453,768,65221,24770,3741,13.897217512130737,0.6742202639579773,0.12916898727416992,0.9941927194595337,83.56690406799316,1839.1677440085914,0.02539515495300293,2.3249435424804688,False
130,new_init_new_dense,error_only,42,True,65221,781,66002,24675,3741,14.01276707649231,0.6840804815292358,0.1349657028913498,0.99449223279953,84.32555198669434,1842.1181600133423,0.11554956436157227,2.440493106842041,False
131,new_init_new_dense,error_only,42,True,66002,730,66732,24789,3741,14.125818014144897,0.6928597688674927,0.11906412243843079,0.9946094155311584,85.7381820678711,1808.916166992276,0.11305093765258789,2.553544044494629,False
132,new_init_new_dense,error_only,42,True,66732,744,67476,24889,3741,14.13280963897705,0.692102313041687,0.12914104759693146,0.9946094155311584,84.22565460205078,1862.3780630005058,0.00699162483215332,2.5605356693267822,False
133,new_init_new_dense,error_only,42,True,67476,782,68258,24908,3741,14.168384075164795,0.6952316164970398,0.13768281042575836,0.9947786927223206,82.4892520904541,1871.3952929974766,0.03557443618774414,2.5961101055145264,False
134,new_init_new_dense,error_only,42,True,68258,729,68987,24897,3741,14.292265176773071,0.7051107287406921,0.1320355236530304,0.9948567748069763,82.62777328491211,1835.7538899872452,0.12388110160827637,2.7199912071228027,False
135,new_init_new_dense,error_only,42,True,68987,773,69760,24880,3742,14.308171272277832,0.7069520354270935,0.13428010046482086,0.9948437809944153,90.20042419433594,1870.5785629863385,0.015906095504760742,2.7358973026275635,False
136,new_init_new_dense,error_only,42,True,69760,675,70435,24888,3742,14.2690110206604,0.7027077674865723,0.12302003055810928,0.9948567748069763,90.1648998260498,1975.9953649918316,-0.03916025161743164,2.696737051010132,False
137,new_init_new_dense,error_only,42,True,70435,724,71159,24915,3742,14.328408241271973,0.7071606516838074,0.13342832028865814,0.9948177337646484,84.17153358459473,1918.550510003115,0.059397220611572266,2.756134271621704,False
138,new_init_new_dense,error_only,42,True,71159,755,71914,24912,3742,14.233182668685913,0.6987923383712769,0.1303940713405609,0.9948437809944153,91.58778190612793,2039.6054410084616,-0.09522557258605957,2.6609086990356445,False
139,new_init_new_dense,error_only,42,True,71914,804,72718,24909,3743,14.115136861801147,0.6897057294845581,0.1356579214334488,0.9949349164962769,89.18952941894531,2032.187257995247,-0.11804580688476562,2.542862892150879,False
140,new_init_new_dense,error_only,42,True,72718,826,73544,24925,3743,14.050095081329346,0.6854228973388672,0.13374824821949005,0.9948698282241821,89.5390510559082,2029.6173800015822,-0.06504178047180176,2.477821111679077,False
141,new_init_new_dense,error_only,42,True,73544,843,74387,24919,3743,14.024808406829834,0.6834554076194763,0.13860748708248138,0.9949349164962769,92.93270111083984,2026.4057429885725,-0.02528667449951172,2.4525344371795654,False
142,new_init_new_dense,error_only,42,True,74387,847,75234,25004,3743,14.000197649002075,0.6819161176681519,0.1317760944366455,0.9949739575386047,106.4906120300293,2038.359322003089,-0.02461075782775879,2.4279236793518066,False
143,new_init_new_dense,error_only,42,True,75234,839,76073,25027,3743,13.934237957000732,0.6755415797233582,0.11882366985082626,0.99490886926651,90.8052921295166,2171.8187530059367,-0.06595969200134277,2.361963987350464,False
144,new_init_new_dense,error_only,42,True,76073,921,76994,25075,3743,13.788573741912842,0.6634899973869324,0.13032738864421844,0.9948437809944153,94.66171264648438,2204.973510990385,-0.14566421508789062,2.2162997722625732,False
145,new_init_new_dense,error_only,42,True,76994,902,77896,25260,3743,13.621114492416382,0.6474902629852295,0.1296805441379547,0.9947395920753479,91.67647361755371,2127.608771988889,-0.16745924949645996,2.0488405227661133,False
146,new_init_new_dense,error_only,42,True,77896,970,78866,25339,3743,13.382809162139893,0.6253962516784668,0.13581949472427368,0.9946354627609253,90.04783630371094,2209.83125299972,-0.23830533027648926,1.810535192489624,False
147,new_init_new_dense,error_only,42,True,78866,1003,79869,25486,3742,13.387813568115234,0.6270831823348999,0.13467755913734436,0.9945703148841858,87.5861644744873,2196.419097002945,0.005004405975341797,1.8155395984649658,False
148,new_init_new_dense,error_only,42,True,79869,958,80827,25599,3742,13.544449806213379,0.6417869925498962,0.1386762261390686,0.9944531321525574,91.78471565246582,2221.1325709940866,0.15663623809814453,1.9721758365631104,False
149,new_init_new_dense,error_only,42,True,80827,946,81773,25727,3742,13.667528629302979,0.6530959010124207,0.13904164731502533,0.9944791793823242,85.49380302429199,2263.739757996518,0.12307882308959961,2.09525465965271,False
150,new_init_new_dense,error_only,42,True,81773,871,82644,25838,3742,13.74143362045288,0.6602105498313904,0.12729912996292114,0.9946484565734863,95.7496166229248,2250.475102002383,0.07390499114990234,2.1691596508026123,False
1,new_init_new_dense,ours,42,True,14073,599,14672,14073,3739,11.955784559249878,0.5978974103927612,0.4352632462978363,0.81033855676651,86.43841743469238,563.3858520013746,0.3835105895996094,0.3835105895996094,False
2,new_init_new_dense,ours,42,True,14672,431,15103,14672,3739,12.03345537185669,0.587450385093689,0.366827130317688,0.8179687857627869,84.46764945983887,584.4260059966473,0.07767081260681152,0.4611814022064209,False
3,new_init_new_dense,ours,42,True,15103,372,15475,15090,3739,12.074272632598877,0.5709268450737,0.3409891128540039,0.8245312571525574,83.61077308654785,592.0738089916995,0.0408172607421875,0.5019986629486084,False
4,new_init_new_dense,ours,42,True,15475,378,15853,15459,3739,12.140573263168335,0.5585123300552368,0.3156275153160095,0.832994818687439,84.11359786987305,562.3722980089951,0.06630063056945801,0.5682992935180664,False
5,new_init_new_dense,ours,42,True,15853,438,16291,15813,3739,12.241736650466919,0.5532729625701904,0.3149886131286621,0.8427473902702332,84.24735069274902,573.8770369935082,0.10116338729858398,0.6694626808166504,False
6,new_init_new_dense,ours,42,True,16291,293,16584,16192,3739,12.39133596420288,0.5626581907272339,0.2820024788379669,0.8479427099227905,89.19095993041992,622.152420997736,0.14959931373596191,0.8190619945526123,False
7,new_init_new_dense,ours,42,True,16584,285,16869,16426,3739,12.532517910003662,0.5703063011169434,0.27943259477615356,0.8533203601837158,83.62698554992676,619.9642649880843,0.14118194580078125,0.9602439403533936,False
8,new_init_new_dense,ours,42,True,16869,296,17165,16649,3739,12.693489789962769,0.5819923877716064,0.2626588046550751,0.85721355676651,84.58757400512695,638.7765330000548,0.16097187995910645,1.1212158203125,False
9,new_init_new_dense,ours,42,True,17165,265,17430,16829,3739,12.794700860977173,0.583380401134491,0.2529969811439514,0.8607291579246521,84.808349609375,610.7369730016217,0.1012110710144043,1.2224268913269043,False
10,new_init_new_dense,ours,42,True,17430,279,17709,16977,3739,12.779185771942139,0.5708550214767456,0.2477734088897705,0.86328125,84.41781997680664,611.3103719981154,-0.01551508903503418,1.2069118022918701,False
11,new_init_new_dense,ours,42,True,17709,304,18013,17122,3739,12.682056427001953,0.5464344024658203,0.24428695440292358,0.8661458492279053,85.19816398620605,624.1371060023084,-0.09712934494018555,1.1097824573516846,False
12,new_init_new_dense,ours,42,True,18013,374,18387,17310,3739,12.604179382324219,0.5257300734519958,0.2506524622440338,0.8678255677223206,86.02333068847656,673.8271229987731,-0.07787704467773438,1.0319054126739502,False
13,new_init_new_dense,ours,42,True,18387,407,18794,17490,3739,12.53782033920288,0.5069286823272705,0.26238876581192017,0.8699479103088379,85.07990837097168,639.581203009584,-0.06635904312133789,0.9655463695526123,False
14,new_init_new_dense,ours,42,True,18794,407,19201,17697,3739,12.500524520874023,0.49418291449546814,0.2635304927825928,0.8719010353088379,84.51700210571289,708.2039969973266,-0.03729581832885742,0.9282505512237549,False
15,new_init_new_dense,ours,42,True,19201,445,19646,17903,3739,12.48578429222107,0.48354825377464294,0.2712712585926056,0.8735807538032532,85.72125434875488,706.8790279881796,-0.014740228652954102,0.9135103225708008,False
16,new_init_new_dense,ours,42,True,19646,469,20115,18080,3740,12.49194860458374,0.47843098640441895,0.28019213676452637,0.8745182752609253,84.4733715057373,718.300212000031,0.0061643123626708984,0.9196746349334717,False
17,new_init_new_dense,ours,42,True,20115,502,20617,18253,3740,12.559973001480103,0.4816283583641052,0.2860766649246216,0.876953125,84.9466323852539,732.6868660020409,0.0680243968963623,0.987699031829834,False
18,new_init_new_dense,ours,42,True,20617,474,21091,18425,3740,12.495812177658081,0.4632110297679901,0.28589802980422974,0.877708375453949,87.46695518493652,709.328036988154,-0.06416082382202148,0.9235382080078125,False
19,new_init_new_dense,ours,42,True,21091,511,21602,18615,3740,12.505762577056885,0.4612991511821747,0.30025771260261536,0.8788542151451111,84.7468376159668,705.4737110011047,0.009950399398803711,0.9334886074066162,False
20,new_init_new_dense,ours,42,True,21602,560,22162,18758,3741,12.58937954902649,0.4651523232460022,0.2992497384548187,0.879869818687439,85.38293838500977,780.2826700062724,0.08361697196960449,1.0171055793762207,False
21,new_init_new_dense,ours,42,True,22162,562,22724,18865,3741,12.601968050003052,0.4607328772544861,0.3012164831161499,0.8809635639190674,87.7230167388916,793.8455099938437,0.0125885009765625,1.0296940803527832,False
22,new_init_new_dense,ours,42,True,22724,563,23287,19043,3741,12.711948156356812,0.4749019742012024,0.3066823184490204,0.8829687833786011,83.95695686340332,744.9909759889124,0.10998010635375977,1.139674186706543,False
23,new_init_new_dense,ours,42,True,23287,534,23821,19196,3741,12.849386930465698,0.4925191402435303,0.29798880219459534,0.8842057585716248,83.47654342651367,756.4680560026318,0.13743877410888672,1.2771129608154297,False
24,new_init_new_dense,ours,42,True,23821,454,24275,19272,3741,12.963682413101196,0.509431004524231,0.2840215861797333,0.8848307728767395,83.19616317749023,766.652221995173,0.11429548263549805,1.3914084434509277,False
25,new_init_new_dense,ours,42,True,24275,477,24752,19444,3741,12.932155132293701,0.5111082792282104,0.2854264974594116,0.8858854174613953,83.1305980682373,789.4618940044893,-0.03152728080749512,1.3598811626434326,False
26,new_init_new_dense,ours,42,True,24752,460,25212,19539,3741,12.823375463485718,0.5024608969688416,0.27532920241355896,0.8870443105697632,84.71918106079102,858.4755240008235,-0.1087796688079834,1.2511014938354492,False
27,new_init_new_dense,ours,42,True,25212,465,25677,19681,3740,12.834856510162354,0.5080969333648682,0.27450963854789734,0.8883203268051147,85.15048027038574,854.6720760059543,0.011481046676635742,1.262582540512085,False
28,new_init_new_dense,ours,42,True,25677,512,26189,19809,3740,12.886804342269897,0.5174071788787842,0.2740981876850128,0.8895833492279053,85.51597595214844,873.2341369905043,0.051947832107543945,1.314530372619629,False
29,new_init_new_dense,ours,42,True,26189,441,26630,19823,3740,13.020156621932983,0.5338168144226074,0.26171159744262695,0.890625,85.11114120483398,889.8916259931866,0.13335227966308594,1.4478826522827148,False
30,new_init_new_dense,ours,42,True,26630,363,26993,19859,3740,13.208116292953491,0.5549351572990417,0.24448275566101074,0.8912890553474426,84.98334884643555,854.4020019908203,0.1879596710205078,1.6358423233032227,False
31,new_init_new_dense,ours,42,True,26993,345,27338,19838,3740,13.347365856170654,0.5708650946617126,0.2500397264957428,0.8920312523841858,85.11805534362793,881.5066490060417,0.13924956321716309,1.7750918865203857,False
32,new_init_new_dense,ours,42,True,27338,267,27605,19872,3740,13.499274253845215,0.5860316753387451,0.24336937069892883,0.8928125500679016,83.9085578918457,907.4913910008036,0.15190839767456055,1.9270002841949463,False
33,new_init_new_dense,ours,42,True,27605,283,27888,19888,3740,13.600891828536987,0.5968707799911499,0.24640071392059326,0.8933724164962769,83.33420753479004,875.8114610100165,0.10161757469177246,2.0286178588867188,False
34,new_init_new_dense,ours,42,True,27888,314,28202,19921,3740,13.715893030166626,0.6100649833679199,0.24581106007099152,0.8941406607627869,85.48712730407715,868.3584239915945,0.11500120162963867,2.1436190605163574,False
35,new_init_new_dense,ours,42,True,28202,272,28474,19945,3740,13.775066137313843,0.6160225868225098,0.23884692788124084,0.8949609398841858,84.38396453857422,916.8777659942862,0.0591731071472168,2.202792167663574,False
36,new_init_new_dense,ours,42,True,28474,241,28715,20009,3739,13.851395845413208,0.62213134765625,0.2305745631456375,0.8964192867279053,84.54775810241699,921.136740988004,0.07632970809936523,2.2791218757629395,False
37,new_init_new_dense,ours,42,True,28715,225,28940,20057,3739,13.960292339324951,0.6316538453102112,0.22901277244091034,0.8975521326065063,84.686279296875,955.6673379993299,0.10889649391174316,2.3880183696746826,False
38,new_init_new_dense,ours,42,True,28940,285,29225,20075,3739,13.974171876907349,0.6294645071029663,0.22773021459579468,0.8986849188804626,85.38460731506348,916.9791750027798,0.013879537582397461,2.40189790725708,False
39,new_init_new_dense,ours,42,True,29225,257,29482,20106,3738,13.900405168533325,0.6187249422073364,0.22112169861793518,0.8998047113418579,88.29760551452637,973.4773649979616,-0.07376670837402344,2.3281311988830566,False
40,new_init_new_dense,ours,42,True,29482,281,29763,20096,3738,13.824445009231567,0.6081633567810059,0.23215612769126892,0.9006640911102295,85.43801307678223,954.7325369931059,-0.07596015930175781,2.252171039581299,False
41,new_init_new_dense,ours,42,True,29763,347,30110,20129,3738,13.91273021697998,0.615877628326416,0.23113681375980377,0.9015104174613953,84.3040943145752,956.6845259978436,0.08828520774841309,2.340456247329712,False
42,new_init_new_dense,ours,42,True,30110,380,30490,20138,3738,13.97113561630249,0.6176653504371643,0.24076202511787415,0.901940107345581,85.53457260131836,929.1715190047398,0.058405399322509766,2.3988616466522217,False
43,new_init_new_dense,ours,42,True,30490,384,30874,20156,3738,13.887635469436646,0.6063820123672485,0.23874390125274658,0.9025000333786011,84.67602729797363,951.4867329999106,-0.08350014686584473,2.315361499786377,False
44,new_init_new_dense,ours,42,True,30874,434,31308,20157,3738,13.922839164733887,0.6082267761230469,0.245157852768898,0.902539074420929,84.18035507202148,977.1534430037718,0.03520369529724121,2.350565195083618,False
45,new_init_new_dense,ours,42,True,31308,496,31804,20212,3738,13.923906087875366,0.6078974008560181,0.25770825147628784,0.9030729532241821,87.7988338470459,1001.8583700002637,0.0010669231414794922,2.3516321182250977,False
46,new_init_new_dense,ours,42,True,31804,469,32273,20286,3738,14.004454612731934,0.6155210733413696,0.24699576199054718,0.90367192029953,89.54787254333496,1034.9498440045863,0.08054852485656738,2.432180643081665,False
47,new_init_new_dense,ours,42,True,32273,497,32770,20329,3739,14.060406684875488,0.6202695369720459,0.238135427236557,0.9043359756469727,85.57248115539551,1034.3758810049621,0.05595207214355469,2.4881327152252197,False
48,new_init_new_dense,ours,42,True,32770,489,33259,20373,3739,13.96543025970459,0.6109877824783325,0.23905476927757263,0.90485680103302,85.5252742767334,999.6321399958106,-0.09497642517089844,2.3931562900543213,False
49,new_init_new_dense,ours,42,True,33259,523,33782,20354,3739,13.863309621810913,0.6006956100463867,0.23445993661880493,0.9047917127609253,87.75925636291504,1042.434860006324,-0.10212063789367676,2.2910356521606445,False
50,new_init_new_dense,ours,42,True,33782,533,34315,20362,3739,13.80583643913269,0.593428909778595,0.23985305428504944,0.9058984518051147,83.71090888977051,1010.3954709920799,-0.057473182678222656,2.233562469482422,False
51,new_init_new_dense,ours,42,True,34315,547,34862,20380,3739,13.772425651550293,0.5879474878311157,0.2318539172410965,0.9062760472297668,85.15763282775879,1054.25135299447,-0.03341078758239746,2.2001516819000244,False
52,new_init_new_dense,ours,42,True,34862,532,35394,20415,3739,13.765780925750732,0.5849499702453613,0.21268820762634277,0.9074609875679016,85.71147918701172,1112.385244006873,-0.006644725799560547,2.193506956100464,False
53,new_init_new_dense,ours,42,True,35394,581,35975,20448,3739,13.796226978302002,0.5866639614105225,0.2329598218202591,0.9078515768051147,85.73508262634277,1105.9448570013046,0.03044605255126953,2.2239530086517334,False
54,new_init_new_dense,ours,42,True,35975,530,36505,20526,3740,13.879368305206299,0.5948901176452637,0.21891218423843384,0.9082812666893005,89.24293518066406,1126.9758519920288,0.08314132690429688,2.3070943355560303,False
55,new_init_new_dense,ours,42,True,36505,513,37018,20548,3740,14.009701013565063,0.6074628233909607,0.208345428109169,0.9095703363418579,83.1141471862793,1127.852953999536,0.13033270835876465,2.437427043914795,False
56,new_init_new_dense,ours,42,True,37018,487,37505,20548,3740,14.063663482666016,0.6107183694839478,0.20707570016384125,0.9113411903381348,84.06257629394531,1134.417338995263,0.05396246910095215,2.491389513015747,False
57,new_init_new_dense,ours,42,True,37505,509,38014,20520,3740,14.071470499038696,0.6094262599945068,0.20588462054729462,0.9130339026451111,84.53869819641113,1150.4327139991801,0.007807016372680664,2.4991965293884277,False
58,new_init_new_dense,ours,42,True,38014,510,38524,20604,3740,14.06849980354309,0.6082481741905212,0.19304928183555603,0.9137369990348816,84.13290977478027,1162.54838599707,-0.0029706954956054688,2.4962258338928223,False
59,new_init_new_dense,ours,42,True,38524,494,39018,20603,3740,13.979852199554443,0.5969101190567017,0.1969783753156662,0.914635419845581,85.91866493225098,1156.2794519995805,-0.08864760398864746,2.407578229904175,False
60,new_init_new_dense,ours,42,True,39018,488,39506,20536,3740,14.02072548866272,0.6001538634300232,0.19584453105926514,0.9163020849227905,84.5632553100586,1220.6760679982835,0.04087328910827637,2.448451519012451,False
61,new_init_new_dense,ours,42,True,39506,475,39981,20642,3740,14.178452491760254,0.6173438429832458,0.19407503306865692,0.9163541793823242,88.0274772644043,1192.3147100023925,0.15772700309753418,2.6061785221099854,False
62,new_init_new_dense,ours,42,True,39981,455,40436,20678,3741,14.538915157318115,0.6248369216918945,0.18904875218868256,0.91636723279953,85.44039726257324,1219.5790219993796,0.36046266555786133,2.9666411876678467,False
63,new_init_new_dense,ours,42,True,40436,442,40878,20670,3741,14.232656955718994,0.6191041469573975,0.1879342496395111,0.916588544845581,84.9905014038086,1254.6331769990502,-0.3062582015991211,2.6603829860687256,False
64,new_init_new_dense,ours,42,True,40878,458,41336,20688,3741,13.916455507278442,0.6218616962432861,0.19042034447193146,0.9170182347297668,94.07782554626465,1293.9526099944487,-0.31620144844055176,2.344181537628174,False
65,new_init_new_dense,ours,42,True,41336,443,41779,20702,3741,13.555896282196045,0.6181597113609314,0.18720488250255585,0.9167969226837158,92.68546104431152,1337.6905369950691,-0.36055922508239746,1.9836223125457764,False
66,new_init_new_dense,ours,42,True,41779,428,42207,20701,3741,13.179211616516113,0.6121001243591309,0.17921094596385956,0.9176822900772095,86.97652816772461,1286.12684799009,-0.37668466567993164,1.6069376468658447,False
67,new_init_new_dense,ours,42,True,42207,426,42633,20751,3741,12.763605117797852,0.6127258539199829,0.17454667389392853,0.9170963764190674,88.56058120727539,1308.874640002614,-0.4156064987182617,1.191331148147583,False
68,new_init_new_dense,ours,42,True,42633,438,43071,20820,3741,12.091827392578125,0.605473518371582,0.1762804388999939,0.9173177480697632,85.5875015258789,1328.1346459989436,-0.6717777252197266,0.5195534229278564,False
69,new_init_new_dense,ours,42,True,43071,438,43509,20826,3741,11.679660081863403,0.5974493026733398,0.17030352354049683,0.9176822900772095,88.8826847076416,1346.1840219970327,-0.4121673107147217,0.10738611221313477,False
70,new_init_new_dense,ours,42,True,43509,457,43966,20840,3741,11.31722092628479,0.5848662257194519,0.1553504467010498,0.9180859327316284,86.98868751525879,1332.4020189902512,-0.3624391555786133,-0.2550530433654785,False
71,new_init_new_dense,ours,42,True,43966,582,44548,20862,3740,10.798412561416626,0.5721048712730408,0.16063065826892853,0.9191797375679016,88.09781074523926,1343.328274000669,-0.5188083648681641,-0.7738614082336426,False
72,new_init_new_dense,ours,42,True,44548,652,45200,20889,3740,10.43771505355835,0.5657104253768921,0.16813644766807556,0.9196224212646484,93.75166893005371,1372.2062050073873,-0.36069750785827637,-1.134558916091919,False
73,new_init_new_dense,ours,42,True,45200,512,45712,21015,3740,11.003053188323975,0.5755442976951599,0.15655262768268585,0.9205989837646484,85.95776557922363,1379.9874039978022,0.565338134765625,-0.569220781326294,False
74,new_init_new_dense,ours,42,True,45712,519,46231,21067,3740,11.037933826446533,0.5706378221511841,0.15746267139911652,0.9219270944595337,87.57805824279785,1399.836986005539,0.034880638122558594,-0.5343401432037354,False
75,new_init_new_dense,ours,42,True,46231,515,46746,21092,3739,11.114224195480347,0.5730271339416504,0.16228905320167542,0.9244921803474426,87.67294883728027,1429.9709779879777,0.07629036903381348,-0.4580497741699219,False
76,new_init_new_dense,ours,42,True,46746,459,47205,21041,3739,11.271525621414185,0.5852510333061218,0.15021824836730957,0.927721381187439,85.93940734863281,1434.653995995177,0.1573014259338379,-0.300748348236084,False
77,new_init_new_dense,ours,42,True,47205,459,47664,21053,3739,11.434569358825684,0.598834753036499,0.15686801075935364,0.9296875,88.46807479858398,1451.6347360040527,0.16304373741149902,-0.13770461082458496,False
78,new_init_new_dense,ours,42,True,47664,454,48118,21091,3738,11.515505313873291,0.600967288017273,0.14988946914672852,0.9332682490348816,88.22250366210938,1420.4541299986886,0.08093595504760742,-0.05676865577697754,False
79,new_init_new_dense,ours,42,True,48118,421,48539,21104,3738,11.585978269577026,0.6046599745750427,0.14446960389614105,0.9346745014190674,107.48910903930664,1483.210792997852,0.07047295570373535,0.013704299926757812,False
80,new_init_new_dense,ours,42,True,48539,455,48994,21114,3738,11.622488498687744,0.6038247346878052,0.1474246084690094,0.9359375238418579,87.8448486328125,1603.714561992092,0.03651022911071777,0.050214529037475586,False
81,new_init_new_dense,ours,42,True,48994,503,49497,21126,3737,11.768604516983032,0.6155043840408325,0.14701685309410095,0.9372005462646484,85.40534973144531,1464.0074769995408,0.14611601829528809,0.19633054733276367,False
82,new_init_new_dense,ours,42,True,49497,473,49970,21115,3737,11.830778121948242,0.618806779384613,0.1411472111940384,0.9383072853088379,87.30769157409668,1497.2176059964113,0.06217360496520996,0.25850415229797363,False
83,new_init_new_dense,ours,42,True,49970,467,50437,21090,3737,11.914218664169312,0.6220396757125854,0.13610701262950897,0.9392838478088379,87.00370788574219,1513.5109370021382,0.08344054222106934,0.34194469451904297,False
84,new_init_new_dense,ours,42,True,50437,530,50967,21028,3736,12.061564922332764,0.633248507976532,0.13472042977809906,0.9407421946525574,85.67309379577637,1498.9035600010538,0.14734625816345215,0.4892909526824951,False
85,new_init_new_dense,ours,42,True,50967,509,51476,21007,3736,12.14130163192749,0.6371442675590515,0.12923842668533325,0.9418229460716248,86.9145393371582,1495.1436770061264,0.07973670959472656,0.5690276622772217,False
86,new_init_new_dense,ours,42,True,51476,538,52014,20944,3736,12.292592525482178,0.6475099325180054,0.1314840316772461,0.9432812929153442,88.0742073059082,1608.678136006347,0.1512908935546875,0.7203185558319092,False
87,new_init_new_dense,ours,42,True,52014,471,52485,20893,3736,12.45283842086792,0.6592525243759155,0.12373504787683487,0.9451692700386047,88.97256851196289,1587.1578980004415,0.1602458953857422,0.8805644512176514,False
88,new_init_new_dense,ours,42,True,52485,471,52956,20811,3736,12.545640468597412,0.6644761562347412,0.12196627259254456,0.94608074426651,93.68681907653809,1578.8070890121162,0.09280204772949219,0.9733664989471436,False
89,new_init_new_dense,ours,42,True,52956,549,53505,20836,3736,12.574214935302734,0.6630332469940186,0.13506759703159332,0.946861982345581,96.75288200378418,1635.9243580081966,0.028574466705322266,1.0019409656524658,False
90,new_init_new_dense,ours,42,True,53505,475,53980,20824,3737,12.634904384613037,0.664723813533783,0.12253880500793457,0.9481770992279053,86.67993545532227,1565.8558169961907,0.060689449310302734,1.0626304149627686,False
91,new_init_new_dense,ours,42,True,53980,473,54453,20798,3737,12.751922607421875,0.6723513603210449,0.12003645300865173,0.9495052099227905,85.71004867553711,1587.227209995035,0.11701822280883789,1.1796486377716064,False
92,new_init_new_dense,ours,42,True,54453,490,54943,20786,3737,12.864536046981812,0.6806427240371704,0.1279374659061432,0.9501562714576721,93.63126754760742,1651.5692209941335,0.11261343955993652,1.292262077331543,False
93,new_init_new_dense,ours,42,True,54943,528,55471,20738,3737,12.984405755996704,0.6903344392776489,0.1305217295885086,0.9507031440734863,86.2281322479248,1616.7247889970895,0.11986970901489258,1.4121317863464355,False
94,new_init_new_dense,ours,42,True,55471,500,55971,20741,3737,13.04125428199768,0.6941356658935547,0.13038542866706848,0.9511849284172058,87.77570724487305,1637.3298800026532,0.05684852600097656,1.468980312347412,False
95,new_init_new_dense,ours,42,True,55971,481,56452,20698,3738,13.011497259140015,0.6881527900695801,0.1203683614730835,0.951927125453949,85.54840087890625,1679.8009860067395,-0.029757022857666016,1.439223289489746,False
96,new_init_new_dense,ours,42,True,56452,510,56962,20645,3738,13.068099021911621,0.6903972625732422,0.1217384859919548,0.9529427289962769,86.94100379943848,1679.6988520072773,0.056601762771606445,1.4958250522613525,False
97,new_init_new_dense,ours,42,True,56962,479,57441,20684,3738,12.970994710922241,0.6809386014938354,0.11692529916763306,0.9526041746139526,86.1198902130127,1689.0902169980109,-0.09710431098937988,1.3987207412719727,False
98,new_init_new_dense,ours,42,True,57441,405,57846,20593,3738,12.985162734985352,0.6791433691978455,0.10589411854743958,0.953880250453949,89.2477035522461,1660.2453779923962,0.014168024063110352,1.412888765335083,False
99,new_init_new_dense,ours,42,True,57846,564,58410,20548,3738,13.146634101867676,0.6907767057418823,0.1409754604101181,0.9551953077316284,91.2787914276123,1712.0471029920736,0.16147136688232422,1.5743601322174072,False
100,new_init_new_dense,ours,42,True,58410,0,47737,20513,3738,13.245153427124023,0.6983059644699097,0.11933643370866776,0.9563542008399963,83.56118202209473,1689.0910679940134,0.09851932525634766,1.6728794574737549,False
101,new_init_new_dense,ours,42,True,47737,444,48181,20476,3741,13.237736225128174,0.6950713992118835,0.11934076249599457,0.9581510424613953,85.66403388977051,1417.8989629872376,-0.007417201995849609,1.6654622554779053,False
102,new_init_new_dense,ours,42,True,48181,464,48645,20486,3740,13.407598733901978,0.70571368932724,0.12273555994033813,0.9610546827316284,84.95545387268066,1423.8135329942452,0.1698625087738037,1.835324764251709,False
103,new_init_new_dense,ours,42,True,48645,502,49147,20525,3740,13.440583944320679,0.7061153650283813,0.12620607018470764,0.9647396206855774,84.87462997436523,1412.6520760037238,0.03298521041870117,1.8683099746704102,False
104,new_init_new_dense,ours,42,True,49147,441,49588,20550,3740,13.203349113464355,0.6799177527427673,0.11162297427654266,0.9681901335716248,91.25208854675293,1538.1972960021812,-0.23723483085632324,1.631075143814087,False
105,new_init_new_dense,ours,42,True,49588,525,50113,20560,3740,13.227185010910034,0.678200364112854,0.123335100710392,0.9711588621139526,88.92345428466797,1654.0761070064036,0.02383589744567871,1.6549110412597656,False
106,new_init_new_dense,ours,42,True,50113,571,50684,20559,3740,13.317866325378418,0.6836351752281189,0.12231380492448807,0.9734375476837158,88.40274810791016,1451.9694930058904,0.09068131446838379,1.7455923557281494,False
107,new_init_new_dense,ours,42,True,50684,601,51285,20462,3740,13.265949487686157,0.6763469576835632,0.1299409121274948,0.9745442867279053,89.02931213378906,1493.1453470053384,-0.05191683769226074,1.6936755180358887,False
108,new_init_new_dense,ours,42,True,51285,548,51833,20468,3740,13.512042760848999,0.6944568157196045,0.1226356029510498,0.9764062762260437,86.29059791564941,1483.6106599977938,0.2460932731628418,1.9397687911987305,False
109,new_init_new_dense,ours,42,True,51833,595,52428,20504,3739,13.542801141738892,0.6966861486434937,0.11670625954866409,0.9776822924613953,100.16679763793945,1734.3431679910282,0.030758380889892578,1.970527172088623,False
110,new_init_new_dense,ours,42,True,52428,545,52973,20411,3740,13.720639944076538,0.7084605693817139,0.11018649488687515,0.9788411855697632,112.87736892700195,1970.616834005341,0.17783880233764648,2.1483659744262695,False
111,new_init_new_dense,ours,42,True,52973,601,53574,20360,3740,13.75009298324585,0.7057040929794312,0.11648505926132202,0.9799349308013916,84.99884605407715,1547.7937019895762,0.029453039169311523,2.177819013595581,False
112,new_init_new_dense,ours,42,True,53574,694,54268,20315,3739,13.650126457214355,0.6952921152114868,0.12898753583431244,0.9811458587646484,83.87875556945801,1522.3252799914917,-0.09996652603149414,2.077852487564087,False
113,new_init_new_dense,ours,42,True,54268,624,54892,20241,3739,13.726208209991455,0.6986815929412842,0.11561192572116852,0.9816666841506958,84.91921424865723,1570.0549699977273,0.07608175277709961,2.1539342403411865,False
114,new_init_new_dense,ours,42,True,54892,648,55540,20246,3739,13.762335777282715,0.6977074146270752,0.11862398684024811,0.9821484684944153,88.91129493713379,1587.8200820006896,0.036127567291259766,2.1900618076324463,False
115,new_init_new_dense,ours,42,True,55540,704,56244,20212,3739,13.971401453018188,0.7119311094284058,0.1279478371143341,0.9828515648841858,84.03968811035156,1638.9363369962666,0.20906567573547363,2.39912748336792,False
116,new_init_new_dense,ours,42,True,56244,524,56768,20172,3739,14.201648235321045,0.7264618873596191,0.09884418547153473,0.9834635853767395,83.70327949523926,1598.7361820007209,0.23024678230285645,2.6293742656707764,False
117,new_init_new_dense,ours,42,True,56768,559,57327,20138,3739,14.302916526794434,0.7302417159080505,0.10452020168304443,0.9842317700386047,84.71155166625977,1572.2562270093476,0.10126829147338867,2.730642557144165,False
118,new_init_new_dense,ours,42,True,57327,682,58009,20075,3738,14.240782260894775,0.7243579626083374,0.11548728495836258,0.9844270944595337,85.34526824951172,1664.0880100021604,-0.0621342658996582,2.668508291244507,False
119,new_init_new_dense,ours,42,True,58009,712,58721,20154,3738,14.213662147521973,0.720490574836731,0.11154212057590485,0.9849870204925537,85.76035499572754,1627.5366470072186,-0.027120113372802734,2.641388177871704,False
120,new_init_new_dense,ours,42,True,58721,714,59435,20129,3738,14.026848077774048,0.7050288915634155,0.12707018852233887,0.9858464002609253,84.30171012878418,1647.346716010361,-0.1868140697479248,2.4545741081237793,False
121,new_init_new_dense,ours,42,True,59435,719,60154,20142,3739,14.201838970184326,0.7168263792991638,0.12428215891122818,0.9870182275772095,84.24592018127441,1688.6454589985078,0.17499089241027832,2.6295650005340576,False
122,new_init_new_dense,ours,42,True,60154,710,60864,20249,3739,14.329715967178345,0.7246894836425781,0.12133897095918655,0.987083375453949,86.77029609680176,1771.659976002411,0.12787699699401855,2.757441997528076,False
123,new_init_new_dense,ours,42,True,60864,686,61550,20352,3739,14.38288688659668,0.7273563146591187,0.11485306173563004,0.9874218702316284,85.07442474365234,1706.5173410082934,0.05317091941833496,2.810612916946411,False
124,new_init_new_dense,ours,42,True,61550,715,62265,20331,3739,14.521511793136597,0.7358287572860718,0.1196644976735115,0.9877474308013916,84.02013778686523,1736.5135489962995,0.138624906539917,2.949237823486328,False
125,new_init_new_dense,ours,42,True,62265,716,62981,20281,3739,14.537127017974854,0.7364468574523926,0.11281382292509079,0.9883072972297668,86.87281608581543,1769.792259001406,0.015615224838256836,2.964853048324585,False
126,new_init_new_dense,ours,42,True,62981,723,63704,20302,3739,14.42373275756836,0.7273341417312622,0.11349973827600479,0.9890625476837158,84.42497253417969,1808.3846990048187,-0.11339426040649414,2.851458787918091,False
127,new_init_new_dense,ours,42,True,63704,781,64485,20237,3740,14.367305040359497,0.7221997976303101,0.12337940186262131,0.989830732345581,84.34915542602539,1827.9959490027977,-0.056427717208862305,2.7950310707092285,False
128,new_init_new_dense,ours,42,True,64485,772,65257,20268,3740,14.407094717025757,0.7242175936698914,0.11722184717655182,0.9906510710716248,85.0226879119873,1789.4066479930189,0.039789676666259766,2.8348207473754883,False
129,new_init_new_dense,ours,42,True,65257,801,66058,20365,3740,14.392716884613037,0.7225021123886108,0.12762533128261566,0.9910417199134827,92.58389472961426,1884.737706001033,-0.014377832412719727,2.8204429149627686,False
130,new_init_new_dense,ours,42,True,66058,796,66854,20381,3740,14.50465440750122,0.730198860168457,0.13340464234352112,0.99100261926651,84.61499214172363,1869.2011960083619,0.1119375228881836,2.932380437850952,False
131,new_init_new_dense,ours,42,True,66854,727,67581,20387,3740,14.593108892440796,0.7363309264183044,0.1146930456161499,0.9909765720367432,88.75417709350586,1881.266651005717,0.0884544849395752,3.0208349227905273,False
132,new_init_new_dense,ours,42,True,67581,774,68355,20426,3740,14.545084238052368,0.7324889898300171,0.125405952334404,0.9909765720367432,83.99081230163574,1902.7060350053944,-0.048024654388427734,2.9728102684020996,False
133,new_init_new_dense,ours,42,True,68355,791,69146,20463,3740,14.572399854660034,0.7346552610397339,0.13631005585193634,0.990989625453949,93.37377548217773,1924.301912993542,0.027315616607666016,3.0001258850097656,False
134,new_init_new_dense,ours,42,True,69146,765,69911,20426,3741,14.694069623947144,0.742998480796814,0.1299149990081787,0.9909114837646484,88.78302574157715,1964.4582409964642,0.12166976928710938,3.121795654296875,False
135,new_init_new_dense,ours,42,True,69911,784,70695,20382,3741,14.736484289169312,0.7460718154907227,0.13234591484069824,0.9908593893051147,90.7890796661377,1999.3041589914355,0.04241466522216797,3.164210319519043,False
136,new_init_new_dense,ours,42,True,70695,737,71432,20400,3741,14.619066715240479,0.7379146814346313,0.11899303644895554,0.9909114837646484,86.61532402038574,1970.469243999105,-0.11741757392883301,3.04679274559021,False
137,new_init_new_dense,ours,42,True,71432,767,72199,20461,3741,14.605410099029541,0.7375153303146362,0.13091285526752472,0.9907682538032532,83.75191688537598,1977.078347990755,-0.0136566162109375,3.0331361293792725,False
138,new_init_new_dense,ours,42,True,72199,784,72983,20473,3742,14.398748874664307,0.7230361700057983,0.13094736635684967,0.9907161593437195,83.65106582641602,1971.6409069951624,-0.20666122436523438,2.826474905014038,False
139,new_init_new_dense,ours,42,True,72983,857,73840,20478,3742,14.183505773544312,0.7084894180297852,0.13563847541809082,0.9906120300292969,88.22989463806152,2000.4968459979864,-0.21524310111999512,2.611231803894043,False
140,new_init_new_dense,ours,42,True,73840,878,74718,20473,3743,14.052859544754028,0.7002596855163574,0.1331876516342163,0.9903385639190674,89.45274353027344,2130.5558489984833,-0.1306462287902832,2.4805855751037598,False
141,new_init_new_dense,ours,42,True,74718,908,75626,20493,3743,13.978999853134155,0.6950689554214478,0.13795173168182373,0.9900911450386047,89.28465843200684,2097.006395997596,-0.07385969161987305,2.4067258834838867,False
142,new_init_new_dense,ours,42,True,75626,887,76513,20560,3743,13.913569450378418,0.6906890869140625,0.13129565119743347,0.989830732345581,89.26248550415039,2138.292047995492,-0.0654304027557373,2.3412954807281494,False
143,new_init_new_dense,ours,42,True,76513,808,77321,20613,3744,13.780864477157593,0.679663896560669,0.11755242943763733,0.9893620014190674,89.42675590515137,2149.363642995013,-0.1327049732208252,2.208590507507324,False
144,new_init_new_dense,ours,42,True,77321,914,78235,20612,3744,13.554646968841553,0.6623783111572266,0.12996652722358704,0.9889973998069763,90.84033966064453,2147.9910960042616,-0.22621750831604004,1.9823729991912842,False
145,new_init_new_dense,ours,42,True,78235,930,79165,20643,3744,13.300213813781738,0.6391872763633728,0.1314549744129181,0.98863285779953,88.54007720947266,2148.7162289995467,-0.25443315505981445,1.7279398441314697,False
146,new_init_new_dense,ours,42,True,79165,970,80135,20694,3744,12.97039270401001,0.6085782051086426,0.13791653513908386,0.9884114861488342,88.97900581359863,2119.3915930052754,-0.3298211097717285,1.3981187343597412,False
147,new_init_new_dense,ours,42,True,80135,988,81123,20811,3745,12.930762767791748,0.604658842086792,0.1390666365623474,0.9883593916893005,89.77770805358887,2287.7396769908955,-0.03962993621826172,1.3584887981414795,False
148,new_init_new_dense,ours,42,True,81123,996,82119,20903,3745,12.99573540687561,0.6103028059005737,0.14697802066802979,0.9882161617279053,89.89763259887695,2285.9709990007104,0.0649726390838623,1.4234614372253418,False
149,new_init_new_dense,ours,42,True,82119,983,83102,21020,3745,13.013014793395996,0.6112515926361084,0.14906324446201324,0.9881120324134827,89.19310569763184,2265.0461820012424,0.017279386520385742,1.4407408237457275,False
150,new_init_new_dense,ours,42,True,83102,950,84052,21064,3745,12.97532320022583,0.6072663068771362,0.13889531791210175,0.9873567819595337,90.40141105651855,2274.690705991816,-0.037691593170166016,1.4030492305755615,False
1,new_init_new_dense,full,42,True,14073,599,14672,14073,14672,12.339729070663452,0.624503493309021,0.4352632462978363,0.8121615052223206,46.90051078796387,508.2649370015133,0.7674551010131836,0.7674551010131836,False
2,new_init_new_dense,full,42,True,14672,401,15073,14670,15073,12.718546390533447,0.6324459314346313,0.3166019916534424,0.8214322924613953,44.86250877380371,538.3907179930247,0.3788173198699951,1.1462724208831787,False
3,new_init_new_dense,full,42,True,15073,326,15399,15059,15399,12.957452535629272,0.6307549476623535,0.2527308464050293,0.8312109708786011,45.89533805847168,530.1526249968447,0.2389061450958252,1.385178565979004,False
4,new_init_new_dense,full,42,True,15399,339,15738,15382,15738,13.189623355865479,0.6348679065704346,0.2021893560886383,0.8395052552223206,46.13614082336426,552.751476992853,0.23217082023620605,1.61734938621521,False
5,new_init_new_dense,full,42,True,15738,377,16115,15679,16115,13.434140682220459,0.6449387073516846,0.1839245855808258,0.8511198163032532,45.93610763549805,546.2518529966474,0.24451732635498047,1.8618667125701904,False
6,new_init_new_dense,full,42,True,16115,273,16388,15995,16388,13.749406337738037,0.6674951910972595,0.13907410204410553,0.8566927313804626,46.55170440673828,541.0260560020106,0.3152656555175781,2.1771323680877686,False
7,new_init_new_dense,full,42,True,16388,269,16657,16180,16657,14.012901782989502,0.6850373148918152,0.12806503474712372,0.8630078434944153,47.79696464538574,575.79670099949,0.26349544525146484,2.4406278133392334,False
8,new_init_new_dense,full,42,True,16657,237,16894,16359,16894,14.306271076202393,0.7049693465232849,0.10761039704084396,0.8689453601837158,47.36042022705078,589.1043610026827,0.2933692932128906,2.733997106552124,False
9,new_init_new_dense,full,42,True,16894,205,17099,16470,17099,14.467508792877197,0.7108559608459473,0.09674432873725891,0.8761197924613953,51.49507522583008,598.7868320080452,0.1612377166748047,2.8952348232269287,False
10,new_init_new_dense,full,42,True,17099,243,17342,16565,17342,14.415806531906128,0.7013109922409058,0.09388235956430435,0.8813411593437195,52.278995513916016,619.4411479955306,-0.051702260971069336,2.8435325622558594,False
11,new_init_new_dense,full,42,True,17342,282,17624,16666,17624,14.320375919342041,0.6869040727615356,0.09092097729444504,0.8882812857627869,51.59449577331543,626.2077810097253,-0.09543061256408691,2.7481019496917725,False
12,new_init_new_dense,full,42,True,17624,340,17964,16754,17964,14.281013011932373,0.6780164241790771,0.0987003892660141,0.8932031393051147,52.492618560791016,622.8078249987448,-0.03936290740966797,2.7087390422821045,False
13,new_init_new_dense,full,42,True,17964,386,18350,16843,18350,14.212255477905273,0.666546106338501,0.11321407556533813,0.8977213501930237,53.44581604003906,633.7735810084268,-0.06875753402709961,2.639981508255005,False
14,new_init_new_dense,full,42,True,18350,450,18800,16961,18800,14.238975048065186,0.6622915267944336,0.1191384345293045,0.9028906226158142,51.90110206604004,636.7261289997259,0.02671957015991211,2.666701078414917,False
15,new_init_new_dense,full,42,True,18800,477,19277,17023,19277,14.293045997619629,0.660934329032898,0.12919531762599945,0.9074349403381348,51.52153968811035,647.4903939961223,0.05407094955444336,2.7207720279693604,False
16,new_init_new_dense,full,42,True,19277,465,19742,17110,19742,14.448963403701782,0.6685198545455933,0.1414215862751007,0.9112760424613953,52.83331871032715,639.3313640000997,0.15591740608215332,2.8766894340515137,False
17,new_init_new_dense,full,42,True,19742,506,20248,17222,20248,14.73365306854248,0.6853014230728149,0.14782363176345825,0.9155729413032532,57.678937911987305,694.0731739887269,0.28468966484069824,3.161379098892212,False
18,new_init_new_dense,full,42,True,20248,512,20760,17360,20760,14.681189060211182,0.6751908659934998,0.15030522644519806,0.9186328053474426,55.01437187194824,689.8154549999163,-0.05246400833129883,3.108915090560913,False
19,new_init_new_dense,full,42,True,20760,592,21352,17459,21352,14.866589307785034,0.6862348318099976,0.16574673354625702,0.9213932752609253,66.57290458679199,727.2597859991947,0.18540024757385254,3.2943153381347656,False
20,new_init_new_dense,full,42,True,21352,585,21937,17577,21937,15.153295993804932,0.7021755576133728,0.16597110033035278,0.9240104556083679,57.90543556213379,699.0170140052214,0.28670668601989746,3.581022024154663,False
21,new_init_new_dense,full,42,True,21937,596,22533,17629,22533,15.233941078186035,0.7038573622703552,0.1713005006313324,0.9266666769981384,55.9999942779541,766.8661330098985,0.08064508438110352,3.6616671085357666,False
22,new_init_new_dense,full,42,True,22533,592,23125,17741,23125,15.628499984741211,0.7283889651298523,0.17820969223976135,0.9308333396911621,63.9948844909668,753.097312990576,0.3945589065551758,4.056226015090942,False
23,new_init_new_dense,full,42,True,23125,581,23706,17813,23706,15.977307558059692,0.7480475902557373,0.17044836282730103,0.9337239861488342,59.47375297546387,766.2933510000585,0.34880757331848145,4.405033588409424,False
24,new_init_new_dense,full,42,True,23706,544,24250,17914,24250,15.958313941955566,0.7450917959213257,0.16004441678524017,0.9372656345367432,61.618804931640625,788.579218002269,-0.018993616104125977,4.386039972305298,False
25,new_init_new_dense,full,42,True,24250,598,24848,17990,24848,15.752229690551758,0.7305963039398193,0.1621846705675125,0.9408854246139526,62.25442886352539,790.3076340007829,-0.2060842514038086,4.179955720901489,False
26,new_init_new_dense,full,42,True,24848,607,25455,18049,25455,15.521177053451538,0.7153133749961853,0.15358760952949524,0.9443359375,73.36783409118652,1009.1097289987374,-0.23105263710021973,3.9489030838012695,False
27,new_init_new_dense,full,42,True,25455,671,26126,18095,26126,15.58803915977478,0.7187864780426025,0.15695905685424805,0.9477213621139526,68.66264343261719,901.4619340014178,0.06686210632324219,4.015765190124512,False
28,new_init_new_dense,full,42,True,26126,669,26795,18123,26795,15.730475187301636,0.7267400026321411,0.15615685284137726,0.9508854150772095,72.44110107421875,913.7895140011096,0.14243602752685547,4.158201217651367,False
29,new_init_new_dense,full,42,True,26795,650,27445,18202,27445,16.4093816280365,0.7659355401992798,0.14305607974529266,0.9540234804153442,66.68615341186523,895.0885319936788,0.6789064407348633,4.8371076583862305,False
30,new_init_new_dense,full,42,True,27445,480,27925,18224,27925,17.219550609588623,0.8052686452865601,0.12486223131418228,0.9574479460716248,68.31169128417969,903.067015009583,0.810168981552124,5.6472766399383545,False
31,new_init_new_dense,full,42,True,27925,411,28336,18250,28336,17.8267765045166,0.8302106261253357,0.12890218198299408,0.9608333706855774,68.56131553649902,925.4526480071945,0.6072258949279785,6.254502534866333,False
32,new_init_new_dense,full,42,True,28336,371,28707,18277,28707,18.433396816253662,0.8512141108512878,0.12155597656965256,0.9639323353767395,67.9774284362793,907.3344869975699,0.6066203117370605,6.8611228466033936,False
33,new_init_new_dense,full,42,True,28707,346,29053,18388,29053,18.643497228622437,0.8574618101119995,0.12360347807407379,0.9666927456855774,70.34111022949219,986.7266579967691,0.21010041236877441,7.071223258972168,False
34,new_init_new_dense,full,42,True,29053,364,29417,18445,29417,19.205535650253296,0.8746441602706909,0.12160611897706985,0.9691666960716248,71.37823104858398,957.8432050038828,0.5620384216308594,7.633261680603027,False
35,new_init_new_dense,full,42,True,29417,306,29723,18593,29723,19.651354551315308,0.886401355266571,0.11400219798088074,0.9716406464576721,73.8525390625,1075.317256996641,0.4458189010620117,8.079080581665039,False
36,new_init_new_dense,full,42,True,29723,270,29993,18679,29993,19.77022886276245,0.8887782096862793,0.10895786434412003,0.9739583730697632,72.85666465759277,994.1458310058806,0.11887431144714355,8.197954893112183,False
37,new_init_new_dense,full,42,True,29993,297,30290,18778,30290,19.805195331573486,0.8887709975242615,0.10855564475059509,0.9759635925292969,74.2182731628418,963.9860739989672,0.034966468811035156,8.232921361923218,False
38,new_init_new_dense,full,42,True,30290,379,30669,18830,30669,19.186264276504517,0.8697425127029419,0.109774149954319,0.978111982345581,70.07050514221191,946.9956009997986,-0.6189310550689697,7.613990306854248,False
39,new_init_new_dense,full,42,True,30669,437,31106,18836,31106,18.73371958732605,0.8537353277206421,0.10766260325908661,0.9803385734558105,70.18017768859863,923.5470629937481,-0.4525446891784668,7.161445617675781,False
40,new_init_new_dense,full,42,True,31106,528,31634,18871,31634,18.60801935195923,0.8486281633377075,0.11700493842363358,0.98277348279953,70.18160820007324,937.346485996386,-0.1257002353668213,7.03574538230896,False
41,new_init_new_dense,full,42,True,31634,436,32070,18871,32070,19.159371852874756,0.8662891387939453,0.11608761548995972,0.9851562976837158,71.62308692932129,950.4261739930371,0.5513525009155273,7.587097883224487,False
42,new_init_new_dense,full,42,True,32070,460,32530,18866,32530,19.570813179016113,0.8771731853485107,0.12167573720216751,0.9873567819595337,73.10795783996582,959.2355060012778,0.4114413261413574,7.998539209365845,False
43,new_init_new_dense,full,42,True,32530,526,33056,18898,33056,19.25452470779419,0.8666770458221436,0.12174435704946518,0.9889973998069763,73.69279861450195,970.8531829965068,-0.31628847122192383,7.682250738143921,False
44,new_init_new_dense,full,42,True,33056,601,33657,18951,33657,19.371458292007446,0.8691508173942566,0.12798912823200226,0.9904036521911621,73.42171669006348,1026.4542709919624,0.11693358421325684,7.799184322357178,False
45,new_init_new_dense,full,42,True,33657,749,34406,19052,34406,19.51168179512024,0.8719891309738159,0.1401706337928772,0.9917448163032532,75.96230506896973,1064.7639380040346,0.14022350311279297,7.939407825469971,False
46,new_init_new_dense,full,42,True,34406,727,35133,19023,35133,19.827985763549805,0.8796366453170776,0.13136403262615204,0.9931640625,77.96478271484375,1086.0778750065947,0.31630396842956543,8.255711793899536,False
47,new_init_new_dense,full,42,True,35133,760,35893,19003,35893,20.098137855529785,0.8854742050170898,0.12700214982032776,0.9944140911102295,80.32798767089844,1088.533390997327,0.27015209197998047,8.525863885879517,False
48,new_init_new_dense,full,42,True,35893,861,36754,18871,36754,20.05741596221924,0.8828641772270203,0.13009501993656158,0.995690107345581,78.18818092346191,1082.7302870020503,-0.040721893310546875,8.48514199256897,False
49,new_init_new_dense,full,42,True,36754,962,37716,18769,37716,20.297682285308838,0.8885268568992615,0.13184945285320282,0.9967969059944153,86.23409271240234,1147.7957790048094,0.2402663230895996,8.72540831565857,False
50,new_init_new_dense,full,42,True,37716,971,38687,18561,38687,20.540049076080322,0.8938598036766052,0.13159674406051636,0.9978125095367432,83.16683769226074,1148.6670290032635,0.24236679077148438,8.967775106430054,False
51,new_init_new_dense,full,42,True,38687,1043,39730,18451,39730,20.807247161865234,0.8999287486076355,0.12564301490783691,0.9985156655311584,84.72657203674316,1190.218689996982,0.2671980857849121,9.234973192214966,False
52,new_init_new_dense,full,42,True,39730,981,40711,18321,40711,21.020278930664062,0.9048001170158386,0.10915146768093109,0.9990494847297668,86.50326728820801,1213.5804040008225,0.21303176879882812,9.448004961013794,False
53,new_init_new_dense,full,42,True,40711,1140,41851,18146,41851,21.46869421005249,0.9142194986343384,0.13025476038455963,0.9993359446525574,86.7772102355957,1199.2542179941665,0.44841527938842773,9.896420240402222,False
54,new_init_new_dense,full,42,True,41851,1148,42999,18049,42999,22.09115743637085,0.9257950782775879,0.1197875365614891,0.99958336353302,89.09988403320312,1274.2581799975596,0.6224632263183594,10.518883466720581,False
55,new_init_new_dense,full,42,True,42999,1171,44170,17908,44170,23.031108379364014,0.940417468547821,0.11367513984441757,0.9997526407241821,92.58913993835449,1283.1820939900354,0.9399509429931641,11.458834409713745,False
56,new_init_new_dense,full,42,True,44170,1197,45367,17780,45367,23.556969165802002,0.9472036361694336,0.1111239418387413,0.9998177289962769,93.92309188842773,1316.8991849961458,0.5258607864379883,11.984695196151733,False
57,new_init_new_dense,full,42,True,45367,1266,46633,17656,46633,23.739027976989746,0.9493850469589233,0.11333253979682922,0.9999219179153442,96.50492668151855,1341.0164200031431,0.18205881118774414,12.166754007339478,False
58,new_init_new_dense,full,42,True,46633,1261,47894,17666,47894,23.86152744293213,0.9507472515106201,0.101967953145504,0.9999739527702332,97.51772880554199,1452.8472959937062,0.12249946594238281,12.28925347328186,False
59,new_init_new_dense,full,42,True,47894,1304,49198,17582,49198,23.304917812347412,0.9439660310745239,0.10736919194459915,1.0,98.38747978210449,1386.0465829930035,-0.5566096305847168,11.732643842697144,False
60,new_init_new_dense,full,42,True,49198,1303,50501,17532,50501,23.701279163360596,0.9490928649902344,0.10853725671768188,1.0,100.07929801940918,1412.4833829991985,0.3963613510131836,12.129005193710327,False
61,new_init_new_dense,full,42,True,50501,1299,51800,17490,51800,24.616575241088867,0.9589080810546875,0.10521379858255386,1.0,104.02750968933105,1483.6494220071472,0.9152960777282715,13.044301271438599,False
62,new_init_new_dense,full,42,True,51800,1255,53055,17559,53055,25.524921417236328,0.9679617881774902,0.10261263698339462,1.0,105.06081581115723,1555.6539309909567,0.9083461761474609,13.95264744758606,False
63,new_init_new_dense,full,42,True,53055,1277,54332,17539,54332,25.340664386749268,0.965157687664032,0.10306767374277115,1.0,108.39200019836426,1557.0851520024007,-0.18425703048706055,13.768390417098999,False
64,new_init_new_dense,full,42,True,54332,1288,55620,17583,55620,25.530998706817627,0.9690372347831726,0.10228803008794785,1.0,109.35544967651367,1618.999365993659,0.19033432006835938,13.958724737167358,False
65,new_init_new_dense,full,42,True,55620,1312,56932,17692,56932,24.979605674743652,0.9676755666732788,0.09927000850439072,1.0,112.93435096740723,1615.3715480031678,-0.5513930320739746,13.407331705093384,False
66,new_init_new_dense,full,42,True,56932,1320,58252,17861,58252,24.234507083892822,0.9640809297561646,0.09349651634693146,1.0,114.96520042419434,1678.5718000028282,-0.7450985908508301,12.662233114242554,False
67,new_init_new_dense,full,42,True,58252,1257,59509,17966,59509,23.297715187072754,0.9604270458221436,0.0825643315911293,1.0,116.27054214477539,1660.4649270011578,-0.9367918968200684,11.725441217422485,False
68,new_init_new_dense,full,42,True,59509,1304,60813,17987,60813,21.6550874710083,0.9515221118927002,0.08715005964040756,1.0,120.73683738708496,1700.0478729896713,-1.6426277160644531,10.082813501358032,False
69,new_init_new_dense,full,42,True,60813,1305,62118,18013,62118,20.952889919281006,0.9448890686035156,0.08186189830303192,1.0,121.23847007751465,1780.1958079944598,-0.7021975517272949,9.380615949630737,False
70,new_init_new_dense,full,42,True,62118,1306,63424,18041,63424,20.302565097808838,0.9356624484062195,0.07152129709720612,1.0,123.32653999328613,1806.431541001075,-0.650324821472168,8.73029112815857,False
71,new_init_new_dense,full,42,True,63424,1324,64748,17893,64748,19.317907094955444,0.924416720867157,0.07910586148500443,1.0,126.47390365600586,1851.9974270020612,-0.9846580028533936,7.745633125305176,False
72,new_init_new_dense,full,42,True,64748,1306,66054,17844,66054,18.845031261444092,0.9202799201011658,0.0809059590101242,1.0,127.9900074005127,1882.4213249899913,-0.47287583351135254,7.272757291793823,False
73,new_init_new_dense,full,42,True,66054,1284,67338,17645,67338,20.62406063079834,0.9340163469314575,0.07470130175352097,1.0,129.24718856811523,1849.776123999618,1.779029369354248,9.051786661148071,False
74,new_init_new_dense,full,42,True,67338,1306,68644,17556,68644,20.86700677871704,0.9362806081771851,0.07660359144210815,1.0,132.1730613708496,1947.3876449919771,0.24294614791870117,9.294732809066772,False
75,new_init_new_dense,full,42,True,68644,1284,69928,17526,69928,21.295416355133057,0.9421982169151306,0.08001643419265747,1.0,134.04560089111328,1988.3354119956493,0.4284095764160156,9.723142385482788,False
76,new_init_new_dense,full,42,True,69928,1222,71150,17461,71150,22.080676555633545,0.9518143534660339,0.06928052008152008,1.0,137.59374618530273,2014.6279220061842,0.7852602005004883,10.508402585983276,False
77,new_init_new_dense,full,42,True,71150,1280,72430,17425,72430,22.649414539337158,0.9575168490409851,0.07891099900007248,1.0,137.91775703430176,1950.9972639934858,0.5687379837036133,11.07714056968689,False
78,new_init_new_dense,full,42,True,72430,1285,73715,17354,73715,23.121883869171143,0.961422324180603,0.07331022620201111,1.0,144.57225799560547,2065.181580997887,0.4724693298339844,11.549609899520874,False
79,new_init_new_dense,full,42,True,73715,1255,74970,17215,74970,23.682680130004883,0.966134786605835,0.0666993036866188,1.0,150.11978149414062,2141.8364469864173,0.5607962608337402,12.110406160354614,False
80,new_init_new_dense,full,42,True,74970,1300,76270,17106,76270,23.635880947113037,0.9654384851455688,0.07008728384971619,1.0,152.11868286132812,2139.993571996456,-0.0467991828918457,12.063606977462769,False
81,new_init_new_dense,full,42,True,76270,1308,77578,17018,77578,23.893613815307617,0.9673601388931274,0.07125740498304367,1.0,153.26833724975586,2152.3218599904794,0.2577328681945801,12.321339845657349,False
82,new_init_new_dense,full,42,True,77578,1283,78861,16881,78861,24.054315090179443,0.9686962366104126,0.06488027423620224,1.0,152.5590419769287,2145.782261999557,0.16070127487182617,12.482041120529175,False
83,new_init_new_dense,full,42,True,78861,1287,80148,16711,80148,24.130613803863525,0.9692322611808777,0.06331512331962585,1.0,158.92457962036133,2175.7959249953274,0.07629871368408203,12.558339834213257,False
84,new_init_new_dense,full,42,True,80148,1242,81390,16514,81390,24.374754428863525,0.9710912704467773,0.060825590044260025,0.9999479651451111,157.0425033569336,2211.6200820019003,0.244140625,12.802480459213257,False
85,new_init_new_dense,full,42,True,81390,1267,82657,16370,82657,24.472193717956543,0.9719383716583252,0.061509083956480026,0.9999349117279053,162.0159149169922,2320.1663290092256,0.09743928909301758,12.899919748306274,False
86,new_init_new_dense,full,42,True,82657,1216,83873,16261,83873,24.82750177383423,0.9743523597717285,0.06140116602182388,1.0,164.8426055908203,2367.797498998698,0.35530805587768555,13.25522780418396,False
87,new_init_new_dense,full,42,True,83873,1215,85088,16115,85088,25.36769151687622,0.9774541854858398,0.06071259453892708,1.0,160.4292392730713,2367.7667750016553,0.5401897430419922,13.795417547225952,False
88,new_init_new_dense,full,42,True,85088,1231,86319,16035,86319,25.369675159454346,0.9775500297546387,0.05879942700266838,1.0,162.36352920532227,2377.3112219932955,0.001983642578125,13.797401189804077,False
89,new_init_new_dense,full,42,True,86319,1286,87605,16003,87605,24.804134368896484,0.9744173884391785,0.06716585159301758,1.0,168.05791854858398,2363.165196002228,-0.5655407905578613,13.231860399246216,False
90,new_init_new_dense,full,42,True,87605,1269,88874,15984,88874,24.56181049346924,0.9731032252311707,0.06497436761856079,1.0,166.2888526916504,2435.3294759930577,-0.2423238754272461,12.98953652381897,False
91,new_init_new_dense,full,42,True,88874,1240,90114,15910,90114,25.119404792785645,0.9763908386230469,0.05846580117940903,1.0,169.8453426361084,2535.517725002137,0.5575942993164062,13.547130823135376,False
92,new_init_new_dense,full,42,True,90114,1244,91358,15807,91358,25.650603771209717,0.979160487651825,0.06105341762304306,1.0,174.88908767700195,2565.7058700016933,0.5311989784240723,14.078329801559448,False
93,new_init_new_dense,full,42,True,91358,1291,92649,15802,92649,25.880005359649658,0.9802460670471191,0.06243571639060974,1.0,176.2678623199463,2607.227130996762,0.2294015884399414,14.30773138999939,False
94,new_init_new_dense,full,42,True,92649,1327,93976,15830,93976,26.367831230163574,0.98236083984375,0.06744159758090973,1.0,180.47308921813965,2641.3803219911642,0.487825870513916,14.795557260513306,False
95,new_init_new_dense,full,42,True,93976,1324,95300,15842,95300,25.283713340759277,0.97737717628479,0.060944441705942154,1.0,175.89044570922852,2666.342292999616,-1.0841178894042969,13.711439371109009,False
96,new_init_new_dense,full,42,True,95300,1308,96608,15919,96608,25.66373586654663,0.9793238043785095,0.059975653886795044,1.0,188.30204010009766,2654.7875350079266,0.3800225257873535,14.091461896896362,False
97,new_init_new_dense,full,42,True,96608,1318,97926,16092,97926,25.796451568603516,0.9798891544342041,0.05690982565283775,1.0,180.2499294281006,2726.744920000783,0.13271570205688477,14.224177598953247,False
98,new_init_new_dense,full,42,True,97926,1289,99215,16215,99215,25.659072399139404,0.9791597127914429,0.05484985187649727,1.0,183.87937545776367,2752.927841997007,-0.13737916946411133,14.086798429489136,False
99,new_init_new_dense,full,42,True,99215,1352,100567,16284,100567,26.143553256988525,0.9813522696495056,0.07322559505701065,1.0,190.50264358520508,2776.1721080023563,0.4844808578491211,14.571279287338257,False
100,new_init_new_dense,full,42,True,100567,0,86856,16341,101877,26.142945289611816,0.9813747406005859,0.05972950905561447,1.0,187.8654956817627,2865.7674019923434,-0.0006079673767089844,14.570671319961548,False
101,new_init_new_dense,full,42,True,86856,1339,88195,16459,88195,26.018450260162354,0.9808546900749207,0.05816901475191116,1.0,172.47271537780762,2460.1366739952937,-0.12449502944946289,14.446176290512085,False
102,new_init_new_dense,full,42,True,88195,1308,89503,16572,89503,26.9106125831604,0.9843942523002625,0.06018299236893654,1.0,169.57807540893555,2488.8715199922444,0.8921623229980469,15.338338613510132,False
103,new_init_new_dense,full,42,True,89503,1342,90845,16626,90845,27.24964141845703,0.9855296015739441,0.0583026297390461,1.0,177.49905586242676,2515.9281240048585,0.33902883529663086,15.677367448806763,False
104,new_init_new_dense,full,42,True,90845,1324,92169,16792,92169,23.71939182281494,0.9671540260314941,0.0578414686024189,1.0,179.61406707763672,2548.3158030110644,-3.53024959564209,12.147117853164673,False
105,new_init_new_dense,full,42,True,92169,1268,93437,16978,93437,23.108294010162354,0.9622666239738464,0.06786514073610306,1.0,176.33986473083496,2516.6882729972713,-0.6110978126525879,11.536020040512085,False
106,new_init_new_dense,full,42,True,93437,1329,94766,16988,94766,23.38771343231201,0.9647625684738159,0.06553936004638672,1.0,186.65289878845215,2563.9097899984336,0.2794194221496582,11.815439462661743,False
107,new_init_new_dense,full,42,True,94766,1318,96084,16899,96084,23.362655639648438,0.9647349119186401,0.07298668473958969,1.0,182.91401863098145,2594.4407869974384,-0.02505779266357422,11.790381669998169,False
108,new_init_new_dense,full,42,True,96084,1279,97363,16800,97363,24.322047233581543,0.9717773199081421,0.07072024047374725,1.0,182.99174308776855,2641.490663998411,0.9593915939331055,12.749773263931274,False
109,new_init_new_dense,full,42,True,97363,1272,98635,16768,98635,23.328769207000732,0.9649094343185425,0.06555812805891037,1.0,186.5520477294922,2772.4262209958397,-0.9932780265808105,11.756495237350464,False
110,new_init_new_dense,full,42,True,98635,1241,99876,16578,99876,24.63623046875,0.974256157875061,0.059721946716308594,1.0,191.65515899658203,2784.872816002462,1.3074612617492676,13.063956499099731,False
111,new_init_new_dense,full,42,True,99876,1222,101098,16251,101098,24.716346263885498,0.9747494459152222,0.061339396983385086,1.0,189.2104148864746,2824.0844510000898,0.08011579513549805,13.14407229423523,False
112,new_init_new_dense,full,42,True,101098,1271,102369,16086,102369,23.22359800338745,0.9648439288139343,0.07557430118322372,1.0,189.666748046875,2823.8730449957075,-1.4927482604980469,11.651324033737183,False
113,new_init_new_dense,full,42,True,102369,1224,103593,15676,103593,24.05008554458618,0.9710763692855835,0.07007517665624619,1.0,191.8339729309082,2836.0785269906046,0.8264875411987305,12.477811574935913,False
114,new_init_new_dense,full,42,True,103593,1267,104860,15420,104860,24.223334789276123,0.9722687602043152,0.07311557233333588,1.0,195.2829360961914,2882.874388000346,0.1732492446899414,12.651060819625854,False
115,new_init_new_dense,full,42,True,104860,1268,106128,15317,106128,24.411542415618896,0.9735480546951294,0.07842937856912613,1.0,191.57886505126953,2917.5400889944285,0.18820762634277344,12.839268445968628,False
116,new_init_new_dense,full,42,True,106128,1122,107250,15206,107250,25.660645961761475,0.9802258014678955,0.054617639631032944,1.0,196.98858261108398,2928.805203002412,1.2491035461425781,14.088371992111206,False
117,new_init_new_dense,full,42,True,107250,1160,108410,15091,108410,26.235225200653076,0.9827089309692383,0.05594731867313385,1.0,201.00712776184082,2976.905285002431,0.5745792388916016,14.662951231002808,False
118,new_init_new_dense,full,42,True,108410,1302,109712,15231,109712,25.515382289886475,0.9796234965324402,0.06809666752815247,1.0,199.1255283355713,3030.120531999273,-0.7198429107666016,13.943108320236206,False
119,new_init_new_dense,full,42,True,109712,1250,110962,15163,110962,24.037563800811768,0.9712342023849487,0.06396213173866272,1.0,204.85663414001465,3088.110771001084,-1.477818489074707,12.465289831161499,False
120,new_init_new_dense,full,42,True,110962,1304,112266,15134,112266,22.070343494415283,0.9549636244773865,0.07937805354595184,1.0,204.67114448547363,3060.4845810012193,-1.9672203063964844,10.498069524765015,False
121,new_init_new_dense,full,42,True,112266,1284,113550,15230,113550,23.64302158355713,0.9687656164169312,0.07509268075227737,1.0,201.80654525756836,3098.2412730081705,1.5726780891418457,12.07074761390686,False
122,new_init_new_dense,full,42,True,113550,1246,114796,15335,114796,24.03416872024536,0.9713555574417114,0.07512164115905762,1.0,204.92887496948242,3169.6622210001806,0.3911471366882324,12.461894750595093,False
123,new_init_new_dense,full,42,True,114796,1252,116048,15475,116048,24.401893615722656,0.9737434387207031,0.06589903682470322,1.0,206.20965957641602,3203.486119004083,0.3677248954772949,12.829619646072388,False
124,new_init_new_dense,full,42,True,116048,1285,117333,15656,117333,25.147042274475098,0.9778985381126404,0.07189329713582993,1.0,206.4664363861084,3217.1172429953003,0.7451486587524414,13.574768304824829,False
125,new_init_new_dense,full,42,True,117333,1277,118610,15809,118610,25.375728607177734,0.9790853261947632,0.06884026527404785,1.0,209.51151847839355,3166.018775998964,0.22868633270263672,13.803454637527466,False
126,new_init_new_dense,full,42,True,118610,1296,119906,15765,119906,23.701541423797607,0.9694072008132935,0.06757526099681854,1.0,215.2261734008789,3321.0929859924363,-1.674187183380127,12.129267454147339,False
127,new_init_new_dense,full,42,True,119906,1294,121200,15758,121200,23.830149173736572,0.9703869819641113,0.07744326442480087,1.0,214.0212059020996,3277.9144319938496,0.12860774993896484,12.257875204086304,False
128,new_init_new_dense,full,42,True,121200,1295,122495,15737,122495,24.48115825653076,0.9745244979858398,0.07363613694906235,1.0,220.08466720581055,3361.605171012343,0.6510090827941895,12.908884286880493,False
129,new_init_new_dense,full,42,True,122495,1288,123783,15660,123783,23.00839900970459,0.9643256068229675,0.07815580070018768,1.0,220.4596996307373,3404.4064890040318,-1.4727592468261719,11.436125040054321,False
130,new_init_new_dense,full,42,True,123783,1292,125075,15716,125075,24.18353796005249,0.9727673530578613,0.08062618970870972,1.0,221.0228443145752,3395.7908129959833,1.1751389503479004,12.611263990402222,False
131,new_init_new_dense,full,42,True,125075,1259,126334,15876,126334,24.751598834991455,0.9759906530380249,0.070393867790699,1.0,226.24468803405762,3531.022422001115,0.5680608749389648,13.179324865341187,False
132,new_init_new_dense,full,42,True,126334,1337,127671,16001,127671,24.363234043121338,0.9737112522125244,0.07482966035604477,1.0,225.68702697753906,3472.955698991427,-0.3883647918701172,12.79096007347107,False
133,new_init_new_dense,full,42,True,127671,1351,129022,16114,129022,24.588654041290283,0.975075364112854,0.08148834854364395,1.0,231.69898986816406,3566.375435999362,0.2254199981689453,13.016380071640015,False
134,new_init_new_dense,full,42,True,129022,1311,130333,16285,130333,25.479278564453125,0.9796603918075562,0.07396811991930008,1.0,231.08458518981934,3588.5045800096123,0.8906245231628418,13.907004594802856,False
135,new_init_new_dense,full,42,True,130333,1289,131622,16483,131622,25.22632598876953,0.9782969355583191,0.07284625619649887,1.0,232.06090927124023,3625.397591997171,-0.25295257568359375,13.654052019119263,False
136,new_init_new_dense,full,42,True,131622,1348,132970,16740,132970,24.641902446746826,0.9751317501068115,0.07055387645959854,1.0,232.56778717041016,3656.631837991881,-0.5844235420227051,13.069628477096558,False
137,new_init_new_dense,full,42,True,132970,1350,134320,16957,134320,24.01932954788208,0.9713190793991089,0.0757329985499382,1.0,239.53676223754883,3676.7381340032443,-0.6225728988647461,12.447055578231812,False
138,new_init_new_dense,full,42,True,134320,1311,135631,17172,135631,22.69214153289795,0.9610805511474609,0.0730365663766861,1.0,236.3724708557129,3720.422728001722,-1.3271880149841309,11.11986756324768,False
139,new_init_new_dense,full,42,True,135631,1311,136942,17246,136942,22.12930917739868,0.9559507369995117,0.08219727873802185,1.0,242.60497093200684,3706.381918003899,-0.5628323554992676,10.557035207748413,False
140,new_init_new_dense,full,42,True,136942,1368,138310,17130,138310,22.584421634674072,0.9606428146362305,0.0826156884431839,1.0,245.43261528015137,3772.1447549993172,0.4551124572753906,11.012147665023804,False
141,new_init_new_dense,full,42,True,138310,1348,139658,17003,139658,23.19864511489868,0.9661005735397339,0.08897939324378967,1.0,245.82743644714355,3805.2827049978077,0.6142234802246094,11.626371145248413,False
142,new_init_new_dense,full,42,True,139658,1333,140991,16735,140991,24.004299640655518,0.9719970226287842,0.08006478101015091,1.0,244.72332000732422,3841.103012993699,0.8056545257568359,12.432025671005249,False
143,new_init_new_dense,full,42,True,140991,1327,142318,16632,142318,24.231362342834473,0.9735261797904968,0.0728074163198471,1.0,244.33445930480957,3843.0380880017765,0.22706270217895508,12.659088373184204,False
144,new_init_new_dense,full,42,True,142318,1347,143665,16488,143665,23.409228324890137,0.9682350158691406,0.08546075224876404,1.0,248.8551139831543,3956.0048220009776,-0.8221340179443359,11.836954355239868,False
145,new_init_new_dense,full,42,True,143665,1355,145020,16265,145020,22.8433895111084,0.9638855457305908,0.08070361614227295,1.0,258.00228118896484,4016.9390240043867,-0.5658388137817383,11.27111554145813,False
146,new_init_new_dense,full,42,True,145020,1361,146381,16063,146381,22.09623098373413,0.9573043584823608,0.08956937491893768,1.0,249.9082088470459,4213.597893001861,-0.7471585273742676,10.523957014083862,False
147,new_init_new_dense,full,42,True,146381,1370,147751,15878,147751,22.36078977584839,0.9601607322692871,0.09147198498249054,1.0,256.09421730041504,4099.56737900211,0.2645587921142578,10.78851580619812,False
148,new_init_new_dense,full,42,True,147751,1368,149119,15674,149119,23.393161296844482,0.9687775373458862,0.08871746063232422,1.0,255.01704216003418,4482.098042004509,1.0323715209960938,11.820887327194214,False
149,new_init_new_dense,full,42,True,149119,818,149937,15646,149937,24.198803901672363,0.9741441607475281,0.0858980119228363,1.0,253.82471084594727,4249.458753998624,0.8056426048278809,12.626529932022095,False
150,new_init_new_dense,full,42,True,149937,59,149996,15521,149996,24.35804843902588,0.975143313407898,0.07903776317834854,1.0,254.23121452331543,4183.541193007841,0.15924453735351562,12.78577446937561,False
