frame,config,policy,seed,densification_enabled,N_before,N_new,N_after,N_visible,N_optimized,PSNR,SSIM,depth_L1,coverage,opt_time_ms,frame_time_ms,delta_psnr_step,delta_psnr_cumul,has_nan_inf
1,new_init_new_dense,no_op,42,True,14073,1267,15340,14073,0,11.622461080551147,0.5792478919029236,1.3533592224121094,0.8232682347297668,0.0,6258.785789003014,-0.019440650939941406,-0.019440650939941406,False
2,new_init_new_dense,no_op,42,True,15340,1257,16597,15339,0,11.618233919143677,0.5617170333862305,1.3560621738433838,0.8252604603767395,0.0,6258.814649001579,-0.004227161407470703,-0.02366781234741211,False
3,new_init_new_dense,no_op,42,True,16597,1240,17837,16585,0,11.562250852584839,0.5375009775161743,1.3608897924423218,0.8269140720367432,0.0,6640.3176540043205,-0.05598306655883789,-0.07965087890625,False
4,new_init_new_dense,no_op,42,True,17837,1281,19118,17793,0,11.556048393249512,0.5212917327880859,1.3368854522705078,0.8319010734558105,0.0,7070.155860994419,-0.0062024593353271484,-0.08585333824157715,False
5,new_init_new_dense,no_op,42,True,19118,1270,20388,19014,0,11.582324504852295,0.5134291052818298,1.36764395236969,0.8357682228088379,0.0,7495.454653006163,0.026276111602783203,-0.059577226638793945,False
6,new_init_new_dense,no_op,42,True,20388,1294,21682,20187,0,11.680476665496826,0.5182279348373413,1.3397855758666992,0.8387370109558105,0.0,8212.381602003006,0.09815216064453125,0.038574934005737305,False
7,new_init_new_dense,no_op,42,True,21682,1275,22957,21316,0,11.775912046432495,0.5229462385177612,1.3465946912765503,0.8417578339576721,0.0,8562.092384003336,0.09543538093566895,0.13401031494140625,False
8,new_init_new_dense,no_op,42,True,22957,1277,24234,22361,0,11.866170167922974,0.5281139612197876,1.3449037075042725,0.8441666960716248,0.0,9050.416120997397,0.09025812149047852,0.22426843643188477,False
9,new_init_new_dense,no_op,42,True,24234,1283,25517,23355,0,11.958752870559692,0.5299281477928162,1.330196738243103,0.8463151454925537,0.0,9725.936870003352,0.09258270263671875,0.3168511390686035,False
10,new_init_new_dense,no_op,42,True,25517,1287,26804,24251,0,12.020046710968018,0.5277420878410339,1.329634428024292,0.8472786545753479,0.0,10167.012146004708,0.061293840408325195,0.3781449794769287,False
11,new_init_new_dense,no_op,42,True,26804,1275,28079,25048,0,11.987229585647583,0.5126850605010986,1.3303253650665283,0.84940105676651,0.0,10655.163233997882,-0.03281712532043457,0.34532785415649414,False
12,new_init_new_dense,no_op,42,True,28079,1292,29371,25723,0,11.888632774353027,0.49006280303001404,1.3418779373168945,0.8497265577316284,0.0,11218.685166000796,-0.09859681129455566,0.24673104286193848,False
13,new_init_new_dense,no_op,42,True,29371,1282,30653,26225,0,11.773619651794434,0.46703797578811646,1.3744534254074097,0.8519921898841858,0.0,11766.940371999226,-0.11501312255859375,0.13171792030334473,False
14,new_init_new_dense,no_op,42,True,30653,1264,31917,26673,0,11.694355010986328,0.45036014914512634,1.3736311197280884,0.8525781631469727,0.0,12241.829313999915,-0.07926464080810547,0.05245327949523926,False
15,new_init_new_dense,no_op,42,True,31917,1274,33191,27086,0,11.611642837524414,0.43236610293388367,1.3793480396270752,0.8532161712646484,0.0,12675.682895998762,-0.08271217346191406,-0.030258893966674805,False
16,new_init_new_dense,no_op,42,True,33191,1266,34457,27418,0,11.565090417861938,0.4213537573814392,1.3964228630065918,0.8547005653381348,0.0,13109.883684999659,-0.046552419662475586,-0.07681131362915039,False
17,new_init_new_dense,no_op,42,True,34457,1258,35715,27647,0,11.552600860595703,0.4155629575252533,1.4090666770935059,0.857200562953949,0.0,13684.696308999264,-0.012489557266235352,-0.08930087089538574,False
18,new_init_new_dense,no_op,42,True,35715,1285,37000,27858,0,11.48108720779419,0.39592403173446655,1.4057201147079468,0.8575000166893005,0.0,14080.840820002777,-0.07151365280151367,-0.16081452369689941,False
19,new_init_new_dense,no_op,42,True,37000,1287,38287,28068,0,11.455484628677368,0.3894772231578827,1.421609878540039,0.8583984375,0.0,14938.566958997399,-0.02560257911682129,-0.1864171028137207,False
20,new_init_new_dense,no_op,42,True,38287,1279,39566,28181,0,11.464569568634033,0.3847582936286926,1.424498438835144,0.8592187762260437,0.0,15331.791672004329,0.009084939956665039,-0.17733216285705566,False
21,new_init_new_dense,no_op,42,True,39566,1298,40864,28341,0,11.41994595527649,0.3732585310935974,1.4319705963134766,0.8592969179153442,0.0,15911.812313002883,-0.044623613357543945,-0.2219557762145996,False
22,new_init_new_dense,no_op,42,True,40864,1267,42131,28476,0,11.419867277145386,0.374194860458374,1.4348652362823486,0.8611458539962769,0.0,16584.139286998834,-7.867813110351562e-05,-0.22203445434570312,False
23,new_init_new_dense,no_op,42,True,42131,1270,43401,28575,0,11.450692415237427,0.378872275352478,1.4314640760421753,0.8611848950386047,0.0,17067.081488996337,0.030825138092041016,-0.1912093162536621,False
24,new_init_new_dense,no_op,42,True,43401,1271,44672,28706,0,11.522136926651001,0.3929106593132019,1.4347059726715088,0.8611719012260437,0.0,17414.203295003972,0.07144451141357422,-0.11976480484008789,False
25,new_init_new_dense,no_op,42,True,44672,1265,45937,28843,0,11.568025350570679,0.4053313732147217,1.4379076957702637,0.8609505295753479,0.0,17924.974918998487,0.045888423919677734,-0.07387638092041016,False
26,new_init_new_dense,no_op,42,True,45937,1274,47211,28893,0,11.55470609664917,0.4098847508430481,1.436058521270752,0.8612239956855774,0.0,18462.59488099895,-0.013319253921508789,-0.08719563484191895,False
27,new_init_new_dense,no_op,42,True,47211,1310,48521,28966,0,11.624265909194946,0.42534181475639343,1.454829454421997,0.8609505295753479,0.0,19031.101439999475,0.06955981254577637,-0.017635822296142578,False
28,new_init_new_dense,no_op,42,True,48521,1287,49808,28995,0,11.772311925888062,0.4505605101585388,1.462035894393921,0.8612109422683716,0.0,19596.206134003296,0.14804601669311523,0.13041019439697266,False
29,new_init_new_dense,no_op,42,True,49808,1266,51074,29068,0,11.770702600479126,0.45127055048942566,1.4478615522384644,0.8607682585716248,0.0,20061.69143599982,-0.0016093254089355469,0.1288008689880371,False
30,new_init_new_dense,no_op,42,True,51074,1255,52329,29070,0,11.75620436668396,0.4491640031337738,1.427314043045044,0.8601042032241821,0.0,20422.522328000923,-0.014498233795166016,0.1143026351928711,False
31,new_init_new_dense,no_op,42,True,52329,1243,53572,29077,0,11.787129640579224,0.45412227511405945,1.4418420791625977,0.859570324420929,0.0,20894.38708900707,0.030925273895263672,0.14522790908813477,False
32,new_init_new_dense,no_op,42,True,53572,1293,54865,29084,0,11.77216649055481,0.4508034884929657,1.4375771284103394,0.859153687953949,0.0,21425.82945000322,-0.014963150024414062,0.1302647590637207,False
33,new_init_new_dense,no_op,42,True,54865,1269,56134,29167,0,11.760876178741455,0.44984158873558044,1.4492182731628418,0.8591015934944153,0.0,21572.04961300158,-0.011290311813354492,0.11897444725036621,False
34,new_init_new_dense,no_op,42,True,56134,1250,57384,29252,0,11.802661418914795,0.45709237456321716,1.4608134031295776,0.8586198091506958,0.0,22259.936237998772,0.041785240173339844,0.16075968742370605,False
35,new_init_new_dense,no_op,42,True,57384,1277,58661,29304,0,11.774430274963379,0.4539411664009094,1.4784067869186401,0.8579167127609253,0.0,22987.73169299966,-0.028231143951416016,0.13252854347229004,False
36,new_init_new_dense,no_op,42,True,58661,1297,59958,29311,0,11.758544445037842,0.45123785734176636,1.4489569664001465,0.8578515648841858,0.0,23451.037056998757,-0.01588582992553711,0.11664271354675293,False
37,new_init_new_dense,no_op,42,True,59958,1286,61244,29346,0,11.786280870437622,0.45363420248031616,1.451666235923767,0.8574870228767395,0.0,24268.13626600051,0.027736425399780273,0.1443791389465332,False
38,new_init_new_dense,no_op,42,True,61244,1272,62516,29395,0,11.768461465835571,0.448519766330719,1.4464293718338013,0.8580599427223206,0.0,24824.336260004202,-0.01781940460205078,0.12655973434448242,False
39,new_init_new_dense,no_op,42,True,62516,1271,63787,29451,0,11.71558141708374,0.43832868337631226,1.4435722827911377,0.8585807681083679,0.0,25352.07863499818,-0.052880048751831055,0.07367968559265137,False
40,new_init_new_dense,no_op,42,True,63787,1269,65056,29490,0,11.632773876190186,0.4249023199081421,1.4544697999954224,0.8591797351837158,0.0,25483.816046005813,-0.08280754089355469,-0.00912785530090332,False
41,new_init_new_dense,no_op,42,True,65056,1276,66332,29506,0,11.596310138702393,0.4197564721107483,1.4133528470993042,0.8606380224227905,0.0,26007.951096005854,-0.03646373748779297,-0.04559159278869629,False
42,new_init_new_dense,no_op,42,True,66332,1258,67590,29555,0,11.558657884597778,0.4109119772911072,1.4553874731063843,0.860924482345581,0.0,26767.87306299957,-0.03765225410461426,-0.08324384689331055,False
43,new_init_new_dense,no_op,42,True,67590,1266,68856,29552,0,11.480075120925903,0.39745208621025085,1.4428434371948242,0.8613802194595337,0.0,27396.950666996418,-0.078582763671875,-0.16182661056518555,False
44,new_init_new_dense,no_op,42,True,68856,1260,70116,29672,0,11.452940702438354,0.3927193582057953,1.4436490535736084,0.8625911474227905,0.0,27698.2542899932,-0.027134418487548828,-0.18896102905273438,False
45,new_init_new_dense,no_op,42,True,70116,1258,71374,29720,0,11.414748430252075,0.386851966381073,1.450226068496704,0.8627604246139526,0.0,28507.107543999155,-0.0381922721862793,-0.22715330123901367,False
46,new_init_new_dense,no_op,42,True,71374,1286,72660,29851,0,11.424287557601929,0.3884451389312744,1.4327998161315918,0.8626822829246521,0.0,28066.782166002668,0.009539127349853516,-0.21761417388916016,False
47,new_init_new_dense,no_op,42,True,72660,1254,73914,29875,0,11.44513726234436,0.39151984453201294,1.420297622680664,0.8637890815734863,0.0,29352.444768002897,0.02084970474243164,-0.19676446914672852,False
48,new_init_new_dense,no_op,42,True,73914,1258,75172,29908,0,11.435128450393677,0.3906179666519165,1.410164713859558,0.8642187714576721,0.0,29898.068524998962,-0.010008811950683594,-0.2067732810974121,False
49,new_init_new_dense,no_op,42,True,75172,1261,76433,29917,0,11.395213603973389,0.3856203258037567,1.411436915397644,0.864036500453949,0.0,30215.155486002914,-0.039914846420288086,-0.2466881275177002,False
50,new_init_new_dense,no_op,42,True,76433,1270,77703,29978,0,11.358460187911987,0.3799874186515808,1.407375693321228,0.86460942029953,0.0,30367.847298002744,-0.03675341606140137,-0.28344154357910156,False
51,new_init_new_dense,no_op,42,True,77703,1291,78994,30047,0,11.315230131149292,0.3726615607738495,1.392424464225769,0.8644010424613953,0.0,31227.088460000232,-0.04323005676269531,-0.3266716003417969,False
52,new_init_new_dense,no_op,42,True,78994,1283,80277,30028,0,11.300036907196045,0.37041863799095154,1.3624248504638672,0.8648046851158142,0.0,31968.08574500028,-0.01519322395324707,-0.34186482429504395,False
53,new_init_new_dense,no_op,42,True,80277,1281,81558,30120,0,11.331013441085815,0.3749433755874634,1.387477993965149,0.8663411736488342,0.0,32399.073084998236,0.030976533889770508,-0.31088829040527344,False
54,new_init_new_dense,no_op,42,True,81558,1258,82816,30215,0,11.376358270645142,0.3826773166656494,1.374165415763855,0.8664973974227905,0.0,32922.00760199921,0.04534482955932617,-0.26554346084594727,False
55,new_init_new_dense,no_op,42,True,82816,1254,84070,30238,0,11.400896310806274,0.38878941535949707,1.3711662292480469,0.86697918176651,0.0,33212.86885399604,0.024538040161132812,-0.24100542068481445,False
56,new_init_new_dense,no_op,42,True,84070,1271,85341,30224,0,11.425254344940186,0.392957866191864,1.3845583200454712,0.8677083253860474,0.0,33601.68777600484,0.024358034133911133,-0.21664738655090332,False
57,new_init_new_dense,no_op,42,True,85341,1260,86601,30215,0,11.429545879364014,0.393158495426178,1.3748096227645874,0.8694140911102295,0.0,34439.529798000876,0.004291534423828125,-0.2123558521270752,False
58,new_init_new_dense,no_op,42,True,86601,1264,87865,30363,0,11.423264741897583,0.3917502164840698,1.3477661609649658,0.8697916865348816,0.0,34690.70031899901,-0.006281137466430664,-0.21863698959350586,False
59,new_init_new_dense,no_op,42,True,87865,1273,89138,30311,0,11.36530876159668,0.3821399211883545,1.3479055166244507,0.8706120252609253,0.0,35414.605213998584,-0.05795598030090332,-0.2765929698944092,False
60,new_init_new_dense,no_op,42,True,89138,1254,90392,30380,0,11.366585493087769,0.3823382258415222,1.3437286615371704,0.8717057704925537,0.0,36451.79541900143,0.0012767314910888672,-0.2753162384033203,False
61,new_init_new_dense,no_op,42,True,90392,1301,91693,30559,0,11.426631212234497,0.39337265491485596,1.354610562324524,0.8708203434944153,0.0,36748.20294800156,0.060045719146728516,-0.2152705192565918,False
62,new_init_new_dense,no_op,42,True,91693,1291,92984,30580,0,11.647326946258545,0.39287054538726807,1.3717020750045776,0.8706640601158142,0.0,36753.055470006075,0.22069573402404785,0.005425214767456055,False
63,new_init_new_dense,no_op,42,True,92984,1259,94243,30655,0,11.438971757888794,0.3899291157722473,1.3626277446746826,0.8705729246139526,0.0,37375.89377100085,-0.20835518836975098,-0.20292997360229492,False
64,new_init_new_dense,no_op,42,True,94243,1292,95535,30710,0,11.185691356658936,0.3925832509994507,1.364060878753662,0.8708333373069763,0.0,38225.368922998314,-0.2532804012298584,-0.4562103748321533,False
65,new_init_new_dense,no_op,42,True,95535,1277,96812,30764,0,10.930217504501343,0.3915349841117859,1.3756120204925537,0.8716145753860474,0.0,38776.80103000603,-0.2554738521575928,-0.7116842269897461,False
66,new_init_new_dense,no_op,42,True,96812,1278,98090,30885,0,10.683155059814453,0.39279791712760925,1.3627278804779053,0.8727474212646484,0.0,39400.625497000874,-0.24706244468688965,-0.9587466716766357,False
67,new_init_new_dense,no_op,42,True,98090,1269,99359,30872,0,10.379949808120728,0.3974642753601074,1.361810564994812,0.8728775978088379,0.0,38826.519051996,-0.3032052516937256,-1.2619519233703613,False
68,new_init_new_dense,no_op,42,True,99359,1263,100622,30935,0,9.896115064620972,0.39923787117004395,1.3645156621932983,0.8731640577316284,0.0,40470.742186997086,-0.48383474349975586,-1.7457866668701172,False
69,new_init_new_dense,no_op,42,True,100622,1286,101908,31001,0,9.596120119094849,0.39994966983795166,1.359578251838684,0.8745052218437195,0.0,40227.19664000033,-0.29999494552612305,-2.0457816123962402,False
70,new_init_new_dense,no_op,42,True,101908,1266,103174,31094,0,9.317739605903625,0.39482253789901733,1.3423728942871094,0.8750651478767395,0.0,40660.589822000475,-0.27838051319122314,-2.3241621255874634,False
71,new_init_new_dense,no_op,42,True,103174,1267,104441,31087,0,8.897597789764404,0.3877910375595093,1.3447009325027466,0.8760677576065063,0.0,40766.941112000495,-0.4201418161392212,-2.7443039417266846,False
72,new_init_new_dense,no_op,42,True,104441,1254,105695,31307,0,8.571065068244934,0.38197165727615356,1.3419320583343506,0.8767969012260437,0.0,42219.21289999591,-0.3265327215194702,-3.070836663246155,False
73,new_init_new_dense,no_op,42,True,105695,1272,106967,31372,0,8.996189832687378,0.3904058337211609,1.3315285444259644,0.8774609565734863,0.0,42525.85488600016,0.42512476444244385,-2.645711898803711,False
74,new_init_new_dense,no_op,42,True,106967,1276,108243,31462,0,9.014801979064941,0.38783401250839233,1.3322374820709229,0.8779687881469727,0.0,42893.477518999134,0.018612146377563477,-2.6270997524261475,False
75,new_init_new_dense,no_op,42,True,108243,1282,109525,31551,0,9.045653939247131,0.3885149657726288,1.3443942070007324,0.8805989623069763,0.0,43554.46821900114,0.03085196018218994,-2.5962477922439575,False
76,new_init_new_dense,no_op,42,True,109525,1272,110797,31681,0,9.117868542671204,0.39614933729171753,1.3385463953018188,0.8817968964576721,0.0,44259.24865900015,0.07221460342407227,-2.5240331888198853,False
77,new_init_new_dense,no_op,42,True,110797,1257,112054,31680,0,9.194556474685669,0.4061591625213623,1.3417234420776367,0.8819922208786011,0.0,45063.19899799564,0.07668793201446533,-2.44734525680542,False
78,new_init_new_dense,no_op,42,True,112054,1283,113337,31842,0,9.209047555923462,0.4061221778392792,1.3466461896896362,0.8829687833786011,0.0,45175.10885899537,0.014491081237792969,-2.432854175567627,False
79,new_init_new_dense,no_op,42,True,113337,1246,114583,31922,0,9.224883317947388,0.40721437335014343,1.3451929092407227,0.8827734589576721,0.0,45432.735046000744,0.01583576202392578,-2.417018413543701,False
80,new_init_new_dense,no_op,42,True,114583,1244,115827,32008,0,9.228073358535767,0.4059743881225586,1.3504843711853027,0.8825651407241821,0.0,46712.82198299741,0.0031900405883789062,-2.4138283729553223,False
81,new_init_new_dense,no_op,42,True,115827,1273,117100,32079,0,9.281363487243652,0.4132377505302429,1.3502604961395264,0.8830599188804626,0.0,46911.21939699951,0.05329012870788574,-2.3605382442474365,False
82,new_init_new_dense,no_op,42,True,117100,1286,118386,32122,0,9.298864603042603,0.4157962501049042,1.3412173986434937,0.88316410779953,0.0,47178.90549800359,0.017501115798950195,-2.3430371284484863,False
83,new_init_new_dense,no_op,42,True,118386,1277,119663,32217,0,9.314680695533752,0.4164677858352661,1.333648681640625,0.8832942843437195,0.0,47863.10465000133,0.015816092491149902,-2.3272210359573364,False
84,new_init_new_dense,no_op,42,True,119663,1276,120939,32355,0,9.370011687278748,0.4248267114162445,1.3333102464675903,0.8837500214576721,0.0,47919.17883900169,0.05533099174499512,-2.2718900442123413,False
85,new_init_new_dense,no_op,42,True,120939,1291,122230,32423,0,9.371426701545715,0.4252980649471283,1.3166240453720093,0.8845833539962769,0.0,48379.18821299536,0.0014150142669677734,-2.2704750299453735,False
86,new_init_new_dense,no_op,42,True,122230,1275,123505,32536,0,9.417824149131775,0.4306325316429138,1.3270506858825684,0.8851041793823242,0.0,49179.43307400128,0.04639744758605957,-2.224077582359314,False
87,new_init_new_dense,no_op,42,True,123505,1288,124793,32554,0,9.465855956077576,0.4373346269130707,1.3208286762237549,0.8860807418823242,0.0,50034.75799500302,0.04803180694580078,-2.176045775413513,False
88,new_init_new_dense,no_op,42,True,124793,1295,126088,32634,0,9.4845050573349,0.43929168581962585,1.3166840076446533,0.8867447972297668,0.0,50456.04658299999,0.01864910125732422,-2.157396674156189,False
89,new_init_new_dense,no_op,42,True,126088,1308,127396,32798,0,9.489193558692932,0.4375015199184418,1.3206790685653687,0.8879297375679016,0.0,50960.490217999904,0.0046885013580322266,-2.1527081727981567,False
90,new_init_new_dense,no_op,42,True,127396,1260,128656,32868,0,9.528074264526367,0.44099339842796326,1.3081055879592896,0.8885416984558105,0.0,51184.40101500164,0.03888070583343506,-2.1138274669647217,False
91,new_init_new_dense,no_op,42,True,128656,1298,129954,32937,0,9.566287398338318,0.44534367322921753,1.3037711381912231,0.8904687762260437,0.0,51424.113307999505,0.038213133811950684,-2.075614333152771,False
92,new_init_new_dense,no_op,42,True,129954,1271,131225,33026,0,9.621626138687134,0.45224127173423767,1.3154677152633667,0.8909505605697632,0.0,51314.86343200231,0.05533874034881592,-2.020275592803955,False
93,new_init_new_dense,no_op,42,True,131225,1280,132505,33086,0,9.677432179450989,0.46072298288345337,1.3346221446990967,0.891028642654419,0.0,52505.556036005146,0.05580604076385498,-1.9644695520401,False
94,new_init_new_dense,no_op,42,True,132505,1288,133793,33145,0,9.703204035758972,0.46422886848449707,1.3386588096618652,0.8916536569595337,0.0,53360.58983000112,0.0257718563079834,-1.9386976957321167,False
95,new_init_new_dense,no_op,42,True,133793,1277,135070,33232,0,9.692044258117676,0.46024078130722046,1.3230162858963013,0.8922786712646484,0.0,53837.25813599449,-0.011159777641296387,-1.949857473373413,False
96,new_init_new_dense,no_op,42,True,135070,1309,136379,33254,0,9.723479151725769,0.463847815990448,1.3192285299301147,0.8933594226837158,0.0,54459.240872995,0.03143489360809326,-1.9184225797653198,False
97,new_init_new_dense,no_op,42,True,136379,1275,137654,33467,0,9.675554037094116,0.45655617117881775,1.3086724281311035,0.8931249976158142,0.0,55374.685235998186,-0.04792511463165283,-1.9663476943969727,False
98,new_init_new_dense,no_op,42,True,137654,1263,138917,33481,0,9.676746726036072,0.4540954828262329,1.3028206825256348,0.8945572972297668,0.0,55332.675888996164,0.0011926889419555664,-1.965155005455017,False
99,new_init_new_dense,no_op,42,True,138917,1285,140202,33513,0,9.76305902004242,0.46608710289001465,1.3388479948043823,0.8954427242279053,0.0,56031.858327994996,0.08631229400634766,-1.8788427114486694,False
100,new_init_new_dense,no_op,42,True,140202,0,97113,33658,0,9.806544184684753,0.47289329767227173,1.3209826946258545,0.8963802456855774,0.0,56615.8107759984,0.043485164642333984,-1.8353575468063354,False
101,new_init_new_dense,no_op,42,True,97113,1302,98415,33803,0,9.844794273376465,0.4737989902496338,1.328037977218628,0.8972135782241821,0.0,39537.6542649974,0.038250088691711426,-1.797107458114624,False
102,new_init_new_dense,no_op,42,True,98415,1269,99684,33921,0,9.920587539672852,0.48406848311424255,1.327100157737732,0.8977344036102295,0.0,39918.98141799902,0.07579326629638672,-1.7213141918182373,False
103,new_init_new_dense,no_op,42,True,99684,1306,100990,33974,0,9.90738332271576,0.48157238960266113,1.3383896350860596,0.8977994918823242,0.0,40221.749725002155,-0.013204216957092285,-1.7345184087753296,False
104,new_init_new_dense,no_op,42,True,100990,1262,102252,34082,0,9.831411242485046,0.465894877910614,1.3086590766906738,0.8983594179153442,0.0,40760.17504899937,-0.07597208023071289,-1.8104904890060425,False
105,new_init_new_dense,no_op,42,True,102252,1285,103537,34210,0,9.858227968215942,0.46838998794555664,1.3087007999420166,0.8985807299613953,0.0,41297.01337000006,0.026816725730895996,-1.7836737632751465,False
106,new_init_new_dense,no_op,42,True,103537,1290,104827,34303,0,9.87540066242218,0.46973344683647156,1.3138054609298706,0.8994531631469727,0.0,42677.47624799813,0.017172694206237793,-1.7665010690689087,False
107,new_init_new_dense,no_op,42,True,104827,1328,106155,34356,0,9.861253499984741,0.4640156626701355,1.3286925554275513,0.9001562595367432,0.0,43088.26457700343,-0.014147162437438965,-1.7806482315063477,False
108,new_init_new_dense,no_op,42,True,106155,1318,107473,34417,0,9.983212947845459,0.4792787432670593,1.3028126955032349,0.9010286927223206,0.0,43709.32304699818,0.12195944786071777,-1.6586887836456299,False
109,new_init_new_dense,no_op,42,True,107473,1305,108778,34462,0,10.000241994857788,0.4820358157157898,1.307445764541626,0.9020052552223206,0.0,44309.60185299773,0.0170290470123291,-1.6416597366333008,False
110,new_init_new_dense,no_op,42,True,108778,1301,110079,34574,0,10.041941404342651,0.48629361391067505,1.305091142654419,0.902330756187439,0.0,44831.78931799921,0.04169940948486328,-1.5999603271484375,False
111,new_init_new_dense,no_op,42,True,110079,1285,111364,34672,0,10.074892044067383,0.486564576625824,1.3066682815551758,0.9025260806083679,0.0,45583.85475599789,0.032950639724731445,-1.567009687423706,False
112,new_init_new_dense,no_op,42,True,111364,1306,112670,34690,0,10.025160312652588,0.4782230257987976,1.3304604291915894,0.9036588668823242,0.0,45684.3362100044,-0.04973173141479492,-1.616741418838501,False
113,new_init_new_dense,no_op,42,True,112670,1325,113995,34725,0,10.053244829177856,0.47882771492004395,1.3092291355133057,0.9046745300292969,0.0,46575.294529997336,0.028084516525268555,-1.5886569023132324,False
114,new_init_new_dense,no_op,42,True,113995,1295,115290,34814,0,10.060172080993652,0.47578001022338867,1.309228539466858,0.9057943224906921,0.0,47147.83030399849,0.0069272518157958984,-1.5817296504974365,False
115,new_init_new_dense,no_op,42,True,115290,1317,116607,34781,0,10.119391679763794,0.48322999477386475,1.3183434009552002,0.907799482345581,0.0,47862.672997005575,0.0592195987701416,-1.522510051727295,False
116,new_init_new_dense,no_op,42,True,116607,1291,117898,34761,0,10.207093954086304,0.49223846197128296,1.2853578329086304,0.9085156321525574,0.0,48423.97517199424,0.08770227432250977,-1.4348077774047852,False
117,new_init_new_dense,no_op,42,True,117898,1304,119202,34787,0,10.217955112457275,0.49002036452293396,1.2942657470703125,0.9095963835716248,0.0,48680.25967799622,0.01086115837097168,-1.4239466190338135,False
118,new_init_new_dense,no_op,42,True,119202,1329,120531,34874,0,10.175949335098267,0.4822988510131836,1.307700514793396,0.9104166626930237,0.0,49058.853546004684,-0.04200577735900879,-1.4659523963928223,False
119,new_init_new_dense,no_op,42,True,120531,1322,121853,34892,0,10.149749517440796,0.4780460000038147,1.2961095571517944,0.91169273853302,0.0,49963.773313000274,-0.026199817657470703,-1.492152214050293,False
120,new_init_new_dense,no_op,42,True,121853,1330,123183,34954,0,10.113846063613892,0.4699521064758301,1.306192398071289,0.9133463501930237,0.0,50345.07419399597,-0.0359034538269043,-1.5280556678771973,False
121,new_init_new_dense,no_op,42,True,123183,1326,124509,34972,0,10.135700702667236,0.4702351987361908,1.3053157329559326,0.9147656559944153,0.0,51312.22110299859,0.021854639053344727,-1.5062010288238525,False
122,new_init_new_dense,no_op,42,True,124509,1323,125832,35054,0,10.227086544036865,0.4803600013256073,1.2945432662963867,0.9161328077316284,0.0,51781.22922699549,0.0913858413696289,-1.4148151874542236,False
123,new_init_new_dense,no_op,42,True,125832,1318,127150,35125,0,10.25301456451416,0.480608195066452,1.2851842641830444,0.9172917008399963,0.0,51793.46678299771,0.025928020477294922,-1.3888871669769287,False
124,new_init_new_dense,no_op,42,True,127150,1299,128449,35312,0,10.273935794830322,0.4813065528869629,1.2922919988632202,0.9181901216506958,0.0,52374.320351998904,0.02092123031616211,-1.3679659366607666,False
125,new_init_new_dense,no_op,42,True,128449,1350,129799,35265,0,10.29797911643982,0.4828883111476898,1.2843356132507324,0.9188151359558105,0.0,53191.28157099476,0.02404332160949707,-1.3439226150512695,False
126,new_init_new_dense,no_op,42,True,129799,1347,131146,35353,0,10.293740034103394,0.4794442653656006,1.2802475690841675,0.9202995300292969,0.0,53217.129693999595,-0.004239082336425781,-1.3481616973876953,False
127,new_init_new_dense,no_op,42,True,131146,1332,132478,35452,0,10.24599313735962,0.4694612920284271,1.290414810180664,0.9209244847297668,0.0,53845.52729799907,-0.047746896743774414,-1.3959085941314697,False
128,new_init_new_dense,no_op,42,True,132478,1340,133818,35559,0,10.279672145843506,0.4722994565963745,1.279068946838379,0.9219270944595337,0.0,55047.43305499869,0.03367900848388672,-1.362229585647583,False
129,new_init_new_dense,no_op,42,True,133818,1325,135143,35593,0,10.334479808807373,0.47781842947006226,1.2924282550811768,0.9227343797683716,0.0,54881.38099599746,0.05480766296386719,-1.3074219226837158,False
130,new_init_new_dense,no_op,42,True,135143,1322,136465,35589,0,10.386457443237305,0.4827757477760315,1.2973061800003052,0.9229947924613953,0.0,55606.18116200203,0.05197763442993164,-1.2554442882537842,False
131,new_init_new_dense,no_op,42,True,136465,1311,137776,35686,0,10.464353561401367,0.49181294441223145,1.2716032266616821,0.9231510758399963,0.0,56222.767750994535,0.0778961181640625,-1.1775481700897217,False
132,new_init_new_dense,no_op,42,True,137776,1340,139116,35810,0,10.474514961242676,0.4907119870185852,1.2870255708694458,0.9236458539962769,0.0,56691.92688899784,0.010161399841308594,-1.167386770248413,False
133,new_init_new_dense,no_op,42,True,139116,1348,140464,35826,0,10.492016077041626,0.49192678928375244,1.2934283018112183,0.9244661927223206,0.0,57373.251536999305,0.017501115798950195,-1.149885654449463,False
134,new_init_new_dense,no_op,42,True,140464,1331,141795,35955,0,10.556445121765137,0.4993221163749695,1.2849596738815308,0.92417973279953,0.0,57905.13613799703,0.06442904472351074,-1.0854566097259521,False
135,new_init_new_dense,no_op,42,True,141795,1326,143121,35994,0,10.630451440811157,0.5093370676040649,1.2931007146835327,0.9241927266120911,0.0,58690.153605995874,0.07400631904602051,-1.0114502906799316,False
136,new_init_new_dense,no_op,42,True,143121,1339,144460,36107,0,10.611809492111206,0.5039061307907104,1.2779381275177002,0.9245573282241821,0.0,58864.2577990031,-0.018641948699951172,-1.0300922393798828,False
137,new_init_new_dense,no_op,42,True,144460,1325,145785,36152,0,10.566909313201904,0.49716997146606445,1.2957440614700317,0.9239844083786011,0.0,59486.93397599709,-0.04490017890930176,-1.0749924182891846,False
138,new_init_new_dense,no_op,42,True,145785,1326,147111,36216,0,10.480456352233887,0.4841751456260681,1.2869006395339966,0.9235547184944153,0.0,59737.59622000216,-0.08645296096801758,-1.1614453792572021,False
139,new_init_new_dense,no_op,42,True,147111,1336,148447,36321,0,10.357527732849121,0.4664385914802551,1.2852039337158203,0.9233854413032532,0.0,60706.07058000314,-0.12292861938476562,-1.2843739986419678,False
140,new_init_new_dense,no_op,42,True,148447,1322,149769,36438,0,10.284278392791748,0.45627984404563904,1.276439905166626,0.9230338931083679,0.0,61072.25121599913,-0.07324934005737305,-1.3576233386993408,False
141,new_init_new_dense,no_op,42,True,149769,208,149977,36485,0,10.225831270217896,0.44742271304130554,1.2853752374649048,0.9225130677223206,0.0,61934.87283500144,-0.05844712257385254,-1.4160704612731934,False
142,new_init_new_dense,no_op,42,True,149977,19,149996,36523,0,10.141457319259644,0.4363057315349579,1.2794228792190552,0.9219141006469727,0.0,61965.44061800523,-0.08437395095825195,-1.5004444122314453,False
143,new_init_new_dense,no_op,42,True,149996,4,150000,36523,0,10.011285543441772,0.4169028401374817,1.2599226236343384,0.921302080154419,0.0,61800.9176189953,-0.1301717758178711,-1.6306161880493164,False
144,new_init_new_dense,no_op,42,True,150000,0,150000,36512,0,9.871251583099365,0.39780062437057495,1.2760220766067505,0.9205468893051147,0.0,61730.079906003084,-0.14003396034240723,-1.7706501483917236,False
145,new_init_new_dense,no_op,42,True,150000,0,150000,36510,0,9.745011925697327,0.37704354524612427,1.2749170064926147,0.9198437929153442,0.0,61419.77163899719,-0.12623965740203857,-1.8968898057937622,False
146,new_init_new_dense,no_op,42,True,150000,0,150000,36551,0,9.592201113700867,0.35368311405181885,1.2725327014923096,0.9188802242279053,0.0,61841.433792003954,-0.15281081199645996,-2.049700617790222,False
147,new_init_new_dense,no_op,42,True,150000,0,150000,36591,0,9.524968266487122,0.34595784544944763,1.2662973403930664,0.9182291626930237,0.0,62040.998317999765,-0.06723284721374512,-2.1169334650039673,False
148,new_init_new_dense,no_op,42,True,150000,0,150000,36543,0,9.484974145889282,0.33992964029312134,1.277588963508606,0.9178515672683716,0.0,61907.2893900011,-0.039994120597839355,-2.1569275856018066,False
149,new_init_new_dense,no_op,42,True,150000,0,150000,36512,0,9.437952041625977,0.3325379490852356,1.2770923376083374,0.9176432490348816,0.0,62047.96654600068,-0.047022104263305664,-2.2039496898651123,False
150,new_init_new_dense,no_op,42,True,150000,0,150000,36587,0,9.397467970848083,0.3261526823043823,1.2631714344024658,0.9175130724906921,0.0,61104.2990950009,-0.040484070777893066,-2.2444337606430054,False
1,new_init_new_dense,error_only,42,True,14073,1267,15340,14073,3741,11.833475828170776,0.5905787944793701,1.3533592224121094,0.8233724236488342,404.4773578643799,7324.534183004289,0.1915740966796875,0.1915740966796875,False
2,new_init_new_dense,error_only,42,True,15340,1248,16588,15340,3741,11.822280883789062,0.57321697473526,1.3541496992111206,0.8244531154632568,339.52951431274414,7744.382526005211,-0.011194944381713867,0.18037915229797363,False
3,new_init_new_dense,error_only,42,True,16588,1258,17846,16579,3742,11.775374412536621,0.5501262545585632,1.3580039739608765,0.826367199420929,232.47170448303223,8053.210952006339,-0.046906471252441406,0.13347268104553223,False
4,new_init_new_dense,error_only,42,True,17846,1290,19136,17798,3742,11.782546043395996,0.5361520051956177,1.3343807458877563,0.8312630653381348,227.31375694274902,8880.604760001006,0.007171630859375,0.14064431190490723,False
5,new_init_new_dense,error_only,42,True,19136,1262,20398,19018,3743,11.796493530273438,0.5268327593803406,1.3651461601257324,0.8373568058013916,214.3702507019043,9497.737909994612,0.013947486877441406,0.15459179878234863,False
6,new_init_new_dense,error_only,42,True,20398,1287,21685,20157,3743,11.874970197677612,0.5303748846054077,1.3372896909713745,0.8405859470367432,216.7341709136963,10073.906999998144,0.0784766674041748,0.23306846618652344,False
7,new_init_new_dense,error_only,42,True,21685,1283,22968,21263,3744,11.950820684432983,0.5331350564956665,1.3436931371688843,0.8436849117279053,206.21371269226074,10640.909308996925,0.0758504867553711,0.30891895294189453,False
8,new_init_new_dense,error_only,42,True,22968,1287,24255,22307,3744,12.032827138900757,0.537896454334259,1.340819239616394,0.8447786569595337,199.22614097595215,11159.2423339971,0.08200645446777344,0.39092540740966797,False
9,new_init_new_dense,error_only,42,True,24255,1284,25539,23262,3745,12.112723588943481,0.5390625,1.325581669807434,0.8497135639190674,194.11182403564453,11871.717816000455,0.07989645004272461,0.4708218574523926,False
10,new_init_new_dense,error_only,42,True,25539,1276,26815,24146,3745,12.153527736663818,0.5352708101272583,1.32583749294281,0.8517708778381348,192.17181205749512,12332.422108003811,0.040804147720336914,0.5116260051727295,False
11,new_init_new_dense,error_only,42,True,26815,1279,28094,24932,3745,12.121180295944214,0.5211942195892334,1.3270026445388794,0.8542317748069763,200.84095001220703,13024.126137002895,-0.03234744071960449,0.479278564453125,False
12,new_init_new_dense,error_only,42,True,28094,1283,29377,25586,3746,11.999603509902954,0.49801361560821533,1.3390684127807617,0.8547005653381348,185.51182746887207,13573.99157499458,-0.12157678604125977,0.35770177841186523,False
13,new_init_new_dense,error_only,42,True,29377,1296,30673,26128,3746,11.873703002929688,0.47411203384399414,1.3717845678329468,0.8563281297683716,190.14954566955566,14120.888150006067,-0.1259005069732666,0.23180127143859863,False
14,new_init_new_dense,error_only,42,True,30673,1284,31957,26495,3746,11.781589984893799,0.4564930200576782,1.3712177276611328,0.8568229079246521,201.11656188964844,14867.303852006444,-0.09211301803588867,0.13968825340270996,False
15,new_init_new_dense,error_only,42,True,31957,1271,33228,26851,3746,11.698005199432373,0.43926915526390076,1.3769373893737793,0.8574609756469727,183.04753303527832,15247.487189000822,-0.08358478546142578,0.05610346794128418,False
16,new_init_new_dense,error_only,42,True,33228,1287,34515,27187,3746,11.636044979095459,0.4270753264427185,1.3943644762039185,0.8584244847297668,177.92105674743652,15871.681539996644,-0.06196022033691406,-0.005856752395629883,False
17,new_init_new_dense,error_only,42,True,34515,1275,35790,27438,3745,11.641262769699097,0.42297202348709106,1.4064751863479614,0.8612239956855774,176.5906810760498,16486.638515001687,0.005217790603637695,-0.0006389617919921875,False
18,new_init_new_dense,error_only,42,True,35790,1291,37081,27619,3745,11.549241542816162,0.40197405219078064,1.4029289484024048,0.8619791865348816,175.43435096740723,17061.28770200303,-0.09202122688293457,-0.09266018867492676,False
19,new_init_new_dense,error_only,42,True,37081,1264,38345,27876,3745,11.511017084121704,0.3945361077785492,1.4187564849853516,0.862708330154419,183.78901481628418,17648.76186100446,-0.03822445869445801,-0.13088464736938477,False
20,new_init_new_dense,error_only,42,True,38345,1288,39633,28095,3745,11.512885093688965,0.3890936076641083,1.4215492010116577,0.8635026216506958,181.69260025024414,18196.671220997814,0.0018680095672607422,-0.12901663780212402,False
21,new_init_new_dense,error_only,42,True,39633,1284,40917,28294,3745,11.46838665008545,0.3778863847255707,1.429553747177124,0.8637890815734863,186.57588958740234,18858.637507997628,-0.044498443603515625,-0.17351508140563965,False
22,new_init_new_dense,error_only,42,True,40917,1279,42196,28431,3745,11.473171710968018,0.3796703517436981,1.4330227375030518,0.8653125166893005,177.86002159118652,19571.11314199574,0.004785060882568359,-0.1687300205230713,False
23,new_init_new_dense,error_only,42,True,42196,1262,43458,28532,3745,11.506102085113525,0.3846103847026825,1.4290465116500854,0.8652604222297668,178.4067153930664,20048.099886000273,0.03293037414550781,-0.13579964637756348,False
24,new_init_new_dense,error_only,42,True,43458,1276,44734,28752,3745,11.578521728515625,0.3980148434638977,1.4324970245361328,0.8647786378860474,188.03858757019043,20352.42482800095,0.07241964340209961,-0.06338000297546387,False
25,new_init_new_dense,error_only,42,True,44734,1275,46009,28812,3745,11.627260446548462,0.41029030084609985,1.4356558322906494,0.8645833730697632,186.53631210327148,21073.877101996914,0.048738718032836914,-0.014641284942626953,False
26,new_init_new_dense,error_only,42,True,46009,1264,47273,28892,3745,11.619734764099121,0.41512760519981384,1.4333535432815552,0.8651302456855774,180.24134635925293,21498.747514997376,-0.00752568244934082,-0.022166967391967773,False
27,new_init_new_dense,error_only,42,True,47273,1289,48562,29032,3745,11.693546772003174,0.43105512857437134,1.451520323753357,0.8652604222297668,178.22670936584473,22371.275764999154,0.07381200790405273,0.05164504051208496,False
28,new_init_new_dense,error_only,42,True,48562,1284,49846,29035,3745,11.837517023086548,0.45494240522384644,1.4591212272644043,0.8653906583786011,186.4156723022461,22603.031930004363,0.14397025108337402,0.19561529159545898,False
29,new_init_new_dense,error_only,42,True,49846,1273,51119,29165,3745,11.839529275894165,0.4562142491340637,1.444778561592102,0.8647786378860474,183.22134017944336,23720.493852997606,0.0020122528076171875,0.19762754440307617,False
30,new_init_new_dense,error_only,42,True,51119,1262,52381,29279,3745,11.829102039337158,0.45478424429893494,1.4237852096557617,0.8641015887260437,183.95185470581055,24020.095211002626,-0.010427236557006836,0.18720030784606934,False
31,new_init_new_dense,error_only,42,True,52381,1250,53631,29341,3745,11.855701208114624,0.45931529998779297,1.4386343955993652,0.8637760877609253,183.3658218383789,24679.253603004327,0.02659916877746582,0.21379947662353516,False
32,new_init_new_dense,error_only,42,True,53631,1261,54892,29401,3745,11.840590238571167,0.4562159478664398,1.4344573020935059,0.863268256187439,180.10950088500977,25209.038746004808,-0.015110969543457031,0.19868850708007812,False
33,new_init_new_dense,error_only,42,True,54892,1273,56165,29504,3745,11.838613748550415,0.4562314450740814,1.4465107917785645,0.8633072972297668,180.40132522583008,26076.89350399596,-0.001976490020751953,0.19671201705932617,False
34,new_init_new_dense,error_only,42,True,56165,1254,57419,29581,3746,11.881920099258423,0.463680624961853,1.4573894739151,0.8627213835716248,184.891939163208,26234.075619002397,0.04330635070800781,0.24001836776733398,False
35,new_init_new_dense,error_only,42,True,57419,1253,58672,29654,3746,11.850762367248535,0.4603254795074463,1.4744597673416138,0.8618489503860474,187.51144409179688,27347.377580998,-0.031157732009887695,0.2088606357574463,False
36,new_init_new_dense,error_only,42,True,58672,1286,59958,29719,3746,11.838129758834839,0.45783036947250366,1.445518136024475,0.8617448210716248,183.84695053100586,27642.640169004153,-0.012632608413696289,0.19622802734375,False
37,new_init_new_dense,error_only,42,True,59958,1272,61230,29845,3746,11.863986253738403,0.4600026607513428,1.4476783275604248,0.8620182275772095,185.33873558044434,28464.415420996374,0.025856494903564453,0.22208452224731445,False
38,new_init_new_dense,error_only,42,True,61230,1267,62497,29951,3746,11.847906112670898,0.4549046456813812,1.4429491758346558,0.8621354103088379,177.57415771484375,28635.742309998022,-0.016080141067504883,0.20600438117980957,False
39,new_init_new_dense,error_only,42,True,62497,1277,63774,30033,3746,11.78354263305664,0.44369763135910034,1.4397294521331787,0.862083375453949,187.50786781311035,29445.98160500027,-0.06436347961425781,0.14164090156555176,False
40,new_init_new_dense,error_only,42,True,63774,1272,65046,30122,3746,11.703667640686035,0.43103301525115967,1.4500484466552734,0.8623046875,182.16252326965332,30174.018121004337,-0.07987499237060547,0.06176590919494629,False
41,new_init_new_dense,error_only,42,True,65046,1257,66303,30255,3746,11.667996644973755,0.42603540420532227,1.4378712177276611,0.8629427552223206,179.95429039001465,30659.6275089978,-0.03567099571228027,0.026094913482666016,False
42,new_init_new_dense,error_only,42,True,66303,1256,67559,30307,3746,11.626367568969727,0.4170992374420166,1.4516468048095703,0.8628515601158142,179.57305908203125,31058.480303996475,-0.04162907600402832,-0.015534162521362305,False
43,new_init_new_dense,error_only,42,True,67559,1252,68811,30337,3746,11.554383039474487,0.4044129252433777,1.4387173652648926,0.86404949426651,179.0790557861328,31660.01678199973,-0.07198452949523926,-0.08751869201660156,False
44,new_init_new_dense,error_only,42,True,68811,1274,70085,30483,3746,11.53618574142456,0.40041500329971313,1.439787745475769,0.8647656440734863,173.295259475708,32076.393663999625,-0.018197298049926758,-0.10571599006652832,False
45,new_init_new_dense,error_only,42,True,70085,1248,71333,30538,3746,11.500239372253418,0.39497196674346924,1.4461581707000732,0.8657552003860474,182.98888206481934,33131.1685269975,-0.03594636917114258,-0.1416623592376709,False
46,new_init_new_dense,error_only,42,True,71333,1262,72595,30618,3746,11.508049964904785,0.3967193365097046,1.4469457864761353,0.8657552003860474,180.18865585327148,33600.21833599603,0.0078105926513671875,-0.1338517665863037,False
47,new_init_new_dense,error_only,42,True,72595,1272,73867,30708,3746,11.529873609542847,0.3997099995613098,1.4166532754898071,0.8658984303474426,180.5400848388672,33912.29529600241,0.021823644638061523,-0.11202812194824219,False
48,new_init_new_dense,error_only,42,True,73867,1284,75151,30755,3746,11.518566608428955,0.3988543748855591,1.4072433710098267,0.8664193153381348,176.66149139404297,34849.53387999849,-0.011307001113891602,-0.12333512306213379,False
49,new_init_new_dense,error_only,42,True,75151,1272,76423,30836,3746,11.486320495605469,0.3949577808380127,1.4084436893463135,0.8665755391120911,176.21755599975586,35114.11767500249,-0.03224611282348633,-0.15558123588562012,False
50,new_init_new_dense,error_only,42,True,76423,1274,77697,30902,3746,11.467748880386353,0.39134034514427185,1.4048428535461426,0.8679296970367432,179.97193336486816,35688.3650239979,-0.01857161521911621,-0.17415285110473633,False
51,new_init_new_dense,error_only,42,True,77697,1326,79023,31005,3746,11.430517435073853,0.3849256634712219,1.3899463415145874,0.8678385615348816,186.05613708496094,36528.72573299828,-0.0372314453125,-0.21138429641723633,False
52,new_init_new_dense,error_only,42,True,79023,1279,80302,31115,3747,11.416643857955933,0.38273724913597107,1.3600966930389404,0.8687890768051147,186.59424781799316,37209.446191001916,-0.013873577117919922,-0.22525787353515625,False
53,new_init_new_dense,error_only,42,True,80302,1276,81578,31133,3747,11.421473026275635,0.3828903138637543,1.3848886489868164,0.8704036474227905,182.49773979187012,37874.91761799902,0.0048291683197021484,-0.2204287052154541,False
54,new_init_new_dense,error_only,42,True,81578,1285,82863,31227,3747,11.468063592910767,0.3908388018608093,1.3714135885238647,0.8708463907241821,184.54265594482422,38424.80845600221,0.046590566635131836,-0.17383813858032227,False
55,new_init_new_dense,error_only,42,True,82863,1244,84107,31205,3747,11.487553119659424,0.39610588550567627,1.3686227798461914,0.8713932633399963,183.64691734313965,38762.058159001754,0.019489526748657227,-0.15434861183166504,False
56,new_init_new_dense,error_only,42,True,84107,1263,85370,31167,3747,11.490705013275146,0.3971397876739502,1.3813642263412476,0.8710417151451111,175.01211166381836,39644.586822003475,0.0031518936157226562,-0.15119671821594238,False
57,new_init_new_dense,error_only,42,True,85370,1291,86661,31259,3747,11.485333442687988,0.39508289098739624,1.3723429441452026,0.8733724355697632,183.3198070526123,39813.91624700336,-0.005371570587158203,-0.15656828880310059,False
58,new_init_new_dense,error_only,42,True,86661,1271,87932,31343,3747,11.477736234664917,0.3938250243663788,1.3450804948806763,0.8730599284172058,182.92713165283203,40694.28060700011,-0.007597208023071289,-0.16416549682617188,False
59,new_init_new_dense,error_only,42,True,87932,1292,89224,31419,3747,11.437547206878662,0.3857925534248352,1.3460299968719482,0.8737500309944153,176.95856094360352,41327.729190001264,-0.04018902778625488,-0.20435452461242676,False
60,new_init_new_dense,error_only,42,True,89224,1254,90478,31457,3747,11.454434394836426,0.3877060115337372,1.3412595987319946,0.874987006187439,195.3871250152588,41661.60656699503,0.016887187957763672,-0.18746733665466309,False
61,new_init_new_dense,error_only,42,True,90478,1293,91771,31584,3747,11.502574682235718,0.3976442217826843,1.3526414632797241,0.8740885853767395,180.57775497436523,42194.54021898855,0.04814028739929199,-0.1393270492553711,False
62,new_init_new_dense,error_only,42,True,91771,1279,93050,31622,3747,11.718730926513672,0.3962098956108093,1.3690667152404785,0.8737630248069763,236.91344261169434,42871.81302798854,0.2161562442779541,0.07682919502258301,False
63,new_init_new_dense,error_only,42,True,93050,1276,94326,31748,3747,11.514739990234375,0.39362096786499023,1.360428810119629,0.8739973902702332,182.71350860595703,43518.52747099474,-0.20399093627929688,-0.12716174125671387,False
64,new_init_new_dense,error_only,42,True,94326,1294,95620,31793,3747,11.276217699050903,0.3972977101802826,1.3622442483901978,0.8748047351837158,182.47294425964355,44104.6520939999,-0.23852229118347168,-0.36568403244018555,False
65,new_init_new_dense,error_only,42,True,95620,1292,96912,31869,3747,11.039615869522095,0.39794406294822693,1.3737739324569702,0.8751302361488342,176.34296417236328,44706.23884200177,-0.2366018295288086,-0.6022858619689941,False
66,new_init_new_dense,error_only,42,True,96912,1270,98182,31872,3747,10.784885883331299,0.39777135848999023,1.360643744468689,0.8757161498069763,186.55633926391602,45368.84451599326,-0.2547299861907959,-0.85701584815979,False
67,new_init_new_dense,error_only,42,True,98182,1251,99433,32005,3747,10.480016469955444,0.40298956632614136,1.3593319654464722,0.8752344250679016,173.25735092163086,46185.895315997186,-0.3048694133758545,-1.1618852615356445,False
68,new_init_new_dense,error_only,42,True,99433,1259,100692,32052,3747,10.011274814605713,0.4060823619365692,1.3622230291366577,0.8762239813804626,175.36187171936035,46226.49126598844,-0.46874165534973145,-1.630626916885376,False
69,new_init_new_dense,error_only,42,True,100692,1276,101968,32187,3747,9.725174307823181,0.40876492857933044,1.3572756052017212,0.8771615028381348,167.9973602294922,46751.38158698974,-0.28610050678253174,-1.9167274236679077,False
70,new_init_new_dense,error_only,42,True,101968,1266,103234,32324,3747,9.45087730884552,0.40392136573791504,1.3400986194610596,0.8773698210716248,176.81145668029785,47264.90419699985,-0.27429699897766113,-2.191024422645569,False
71,new_init_new_dense,error_only,42,True,103234,1260,104494,32415,3747,9.02471125125885,0.3968700170516968,1.342076301574707,0.8780859708786011,172.2266674041748,47563.928929987014,-0.4261660575866699,-2.6171904802322388,False
72,new_init_new_dense,error_only,42,True,104494,1247,105741,32436,3747,8.70949387550354,0.3922017216682434,1.3400871753692627,0.8787109851837158,179.5649528503418,48574.332680000225,-0.31521737575531006,-2.932407855987549,False
73,new_init_new_dense,error_only,42,True,105741,1264,107005,32611,3747,9.127488732337952,0.4001438021659851,1.3292059898376465,0.8801172375679016,186.1746311187744,49561.4849949925,0.4179948568344116,-2.514412999153137,False
74,new_init_new_dense,error_only,42,True,107005,1258,108263,32686,3747,9.145669341087341,0.3975926637649536,1.330005168914795,0.881054699420929,183.31670761108398,49905.800396009,0.01818060874938965,-2.4962323904037476,False
75,new_init_new_dense,error_only,42,True,108263,1294,109557,32850,3747,9.174091219902039,0.3973221480846405,1.3421496152877808,0.8824609518051147,183.4847927093506,50256.50262599811,0.028421878814697266,-2.4678105115890503,False
76,new_init_new_dense,error_only,42,True,109557,1298,110855,32884,3747,9.25114095211029,0.4059438705444336,1.3358451128005981,0.8833463788032532,192.1384334564209,51248.37207500241,0.07704973220825195,-2.3907607793807983,False
77,new_init_new_dense,error_only,42,True,110855,1267,112122,33028,3747,9.3216472864151,0.4152238965034485,1.3396300077438354,0.8832812905311584,183.37178230285645,51807.46577899845,0.07050633430480957,-2.3202544450759888,False
78,new_init_new_dense,error_only,42,True,112122,1263,113385,33151,3747,9.335378408432007,0.41525959968566895,1.3441424369812012,0.8840755224227905,180.27734756469727,52382.90300000517,0.013731122016906738,-2.306523323059082,False
79,new_init_new_dense,error_only,42,True,113385,1253,114638,33288,3747,9.351645708084106,0.41672441363334656,1.3426547050476074,0.8839583396911621,186.98692321777344,52846.94834299444,0.01626729965209961,-2.2902560234069824,False
80,new_init_new_dense,error_only,42,True,114638,1265,115903,33383,3747,9.356238842010498,0.41550230979919434,1.3481074571609497,0.8840104341506958,177.21867561340332,53237.84991799039,0.0045931339263916016,-2.285662889480591,False
81,new_init_new_dense,error_only,42,True,115903,1277,117180,33502,3747,9.4361013174057,0.42555662989616394,1.3472719192504883,0.8848958611488342,175.30417442321777,53730.35726598755,0.07986247539520264,-2.205800414085388,False
82,new_init_new_dense,error_only,42,True,117180,1278,118458,33607,3747,9.45521891117096,0.4286566376686096,1.3386861085891724,0.8852995038032532,187.67714500427246,54705.929083997034,0.01911759376525879,-2.1866828203201294,False
83,new_init_new_dense,error_only,42,True,118458,1281,119739,33627,3747,9.476084113121033,0.42937251925468445,1.3307832479476929,0.8854687809944153,189.49079513549805,55367.4283069995,0.020865201950073242,-2.165817618370056,False
84,new_init_new_dense,error_only,42,True,119739,1290,121029,33720,3747,9.545453190803528,0.43930983543395996,1.3307394981384277,0.8856380581855774,186.21253967285156,55708.38247500069,0.06936907768249512,-2.096448540687561,False
85,new_init_new_dense,error_only,42,True,121029,1294,122323,33872,3747,9.557733535766602,0.44112393260002136,1.313952088356018,0.8857552409172058,188.44175338745117,56202.403406990925,0.01228034496307373,-2.0841681957244873,False
86,new_init_new_dense,error_only,42,True,122323,1271,123594,33950,3747,9.597443342208862,0.4463675916194916,1.3239821195602417,0.8875260353088379,193.82047653198242,56550.123232998885,0.03970980644226074,-2.0444583892822266,False
87,new_init_new_dense,error_only,42,True,123594,1296,124890,33930,3747,9.655256271362305,0.4542400538921356,1.3178654909133911,0.8881510496139526,192.49367713928223,57439.612311005476,0.05781292915344238,-1.9866454601287842,False
88,new_init_new_dense,error_only,42,True,124890,1269,126159,33971,3747,9.682788252830505,0.45730695128440857,1.3137794733047485,0.8889453411102295,179.11076545715332,57938.82179798675,0.027531981468200684,-1.9591134786605835,False
89,new_init_new_dense,error_only,42,True,126159,1303,127462,34142,3747,9.691169261932373,0.4562409818172455,1.3173282146453857,0.8894531726837158,179.04949188232422,58553.15760700614,0.008381009101867676,-1.9507324695587158,False
90,new_init_new_dense,error_only,42,True,127462,1278,128740,34178,3747,9.71717655658722,0.45796260237693787,1.3048717975616455,0.890221357345581,179.20947074890137,59267.20251298684,0.02600729465484619,-1.9247251749038696,False
91,new_init_new_dense,error_only,42,True,128740,1294,130034,34174,3747,9.766285419464111,0.46295198798179626,1.300137996673584,0.8910026550292969,186.45715713500977,60225.5040040036,0.04910886287689209,-1.8756163120269775,False
92,new_init_new_dense,error_only,42,True,130034,1262,131296,34269,3747,9.818880558013916,0.4695820212364197,1.311711311340332,0.8919271230697632,200.4873752593994,60290.3965269943,0.05259513854980469,-1.8230211734771729,False
93,new_init_new_dense,error_only,42,True,131296,1280,132576,34433,3747,9.893171191215515,0.4792135953903198,1.3312326669692993,0.892773449420929,181.78367614746094,60944.279450006434,0.07429063320159912,-1.7487305402755737,False
94,new_init_new_dense,error_only,42,True,132576,1294,133870,34475,3747,9.917024374008179,0.4824633300304413,1.3349331617355347,0.8934375047683716,188.30060958862305,62033.310560000245,0.023853182792663574,-1.7248773574829102,False
95,new_init_new_dense,error_only,42,True,133870,1269,135139,34633,3747,9.900658130645752,0.4781743884086609,1.31925368309021,0.8936067819595337,184.62824821472168,62207.433456991566,-0.016366243362426758,-1.741243600845337,False
96,new_init_new_dense,error_only,42,True,135139,1292,136431,34763,3747,9.94489848613739,0.48352664709091187,1.3155529499053955,0.8941927552223206,187.74676322937012,62537.73349800031,0.044240355491638184,-1.6970032453536987,False
97,new_init_new_dense,error_only,42,True,136431,1256,137687,34889,3747,9.903662204742432,0.4771708846092224,1.3043931722640991,0.89390629529953,194.55218315124512,63056.83036601113,-0.041236281394958496,-1.7382395267486572,False
98,new_init_new_dense,error_only,42,True,137687,1278,138965,35018,3747,9.921352863311768,0.4755516052246094,1.2987914085388184,0.8953255414962769,193.77422332763672,64047.55271799513,0.017690658569335938,-1.7205488681793213,False
99,new_init_new_dense,error_only,42,True,138965,1286,140251,35053,3747,10.021542310714722,0.4873061180114746,1.3338971138000488,0.8971224427223206,193.86982917785645,64893.793802009895,0.1001894474029541,-1.6203594207763672,False
100,new_init_new_dense,error_only,42,True,140251,0,98630,35171,3747,10.066138505935669,0.4929635524749756,1.3165091276168823,0.8976693153381348,196.11501693725586,65371.646468003746,0.044596195220947266,-1.57576322555542,False
101,new_init_new_dense,error_only,42,True,98630,1263,99893,35255,3747,10.11648416519165,0.49369606375694275,1.3237146139144897,0.8986198306083679,201.06768608093262,45902.84263099602,0.050345659255981445,-1.5254175662994385,False
102,new_init_new_dense,error_only,42,True,99893,1300,101193,35369,3747,10.202679634094238,0.5044434666633606,1.3225136995315552,0.8992578387260437,190.7522678375244,46744.6825470106,0.08619546890258789,-1.4392220973968506,False
103,new_init_new_dense,error_only,42,True,101193,1302,102495,35482,3747,10.202672481536865,0.5038330554962158,1.333312749862671,0.8995703458786011,199.5863914489746,47115.298053002334,-7.152557373046875e-06,-1.4392292499542236,False
104,new_init_new_dense,error_only,42,True,102495,1276,103771,35639,3747,10.118919610977173,0.4864674210548401,1.3038756847381592,0.9004036784172058,208.95147323608398,47676.11977599154,-0.08375287055969238,-1.522982120513916,False
105,new_init_new_dense,error_only,42,True,103771,1278,105049,35673,3747,10.152275562286377,0.48937901854515076,1.3036837577819824,0.9004427194595337,201.157808303833,48210.92920200317,0.0333559513092041,-1.489626169204712,False
106,new_init_new_dense,error_only,42,True,105049,1292,106341,35740,3747,10.158640146255493,0.4891968369483948,1.3089896440505981,0.9006901383399963,198.60053062438965,48763.85211999877,0.006364583969116211,-1.4832615852355957,False
107,new_init_new_dense,error_only,42,True,106341,1336,107677,35803,3747,10.135295391082764,0.4832168221473694,1.3235318660736084,0.901145875453949,200.58441162109375,49586.35549800238,-0.023344755172729492,-1.5066063404083252,False
108,new_init_new_dense,error_only,42,True,107677,1284,108961,35881,3747,10.266854763031006,0.49987632036209106,1.2978273630142212,0.9015755653381348,204.24747467041016,50200.96516000922,0.1315593719482422,-1.375046968460083,False
109,new_init_new_dense,error_only,42,True,108961,1294,110255,35893,3747,10.319640636444092,0.5071563124656677,1.30238938331604,0.9028515815734863,208.53781700134277,51911.28345300967,0.05278587341308594,-1.322261095046997,False
110,new_init_new_dense,error_only,42,True,110255,1306,111561,35984,3747,10.365949869155884,0.5119274854660034,1.2999293804168701,0.9033463597297668,210.72936058044434,52751.217109995196,0.04630923271179199,-1.275951862335205,False
111,new_init_new_dense,error_only,42,True,111561,1303,112864,36020,3747,10.420578718185425,0.514805257320404,1.3008664846420288,0.9039974212646484,210.53600311279297,53637.031919002766,0.054628849029541016,-1.221323013305664,False
112,new_init_new_dense,error_only,42,True,112864,1294,114158,36103,3747,10.400557518005371,0.5096870064735413,1.3248465061187744,0.9048828482627869,196.03872299194336,54057.55596900417,-0.02002120018005371,-1.2413442134857178,False
113,new_init_new_dense,error_only,42,True,114158,1320,115478,36125,3747,10.42556643486023,0.5099453330039978,1.303923487663269,0.9058594107627869,221.71592712402344,55159.793294995325,0.0250089168548584,-1.2163352966308594,False
114,new_init_new_dense,error_only,42,True,115478,1303,116781,36113,3747,10.438659191131592,0.5075454711914062,1.304443120956421,0.9070833325386047,215.90089797973633,56580.3024390043,0.013092756271362305,-1.203242540359497,False
115,new_init_new_dense,error_only,42,True,116781,1314,118095,36100,3747,10.505919456481934,0.5147389769554138,1.3133299350738525,0.9088541865348816,227.47230529785156,57090.27652601071,0.0672602653503418,-1.1359822750091553,False
116,new_init_new_dense,error_only,42,True,118095,1288,119383,36038,3747,10.587589740753174,0.5231385231018066,1.2803082466125488,0.90973961353302,222.8069305419922,58129.24048399145,0.08167028427124023,-1.054311990737915,False
117,new_init_new_dense,error_only,42,True,119383,1296,120679,36059,3747,10.598338842391968,0.5209927558898926,1.289282202720642,0.9104166626930237,219.55204010009766,58382.72772599885,0.010749101638793945,-1.043562889099121,False
118,new_init_new_dense,error_only,42,True,120679,1328,122007,36070,3747,10.553416013717651,0.5133200883865356,1.3018319606781006,0.911536455154419,227.5073528289795,59279.895989006036,-0.044922828674316406,-1.0884857177734375,False
119,new_init_new_dense,error_only,42,True,122007,1330,123337,36134,3747,10.538697242736816,0.5093998312950134,1.29062020778656,0.9130339026451111,215.75570106506348,59838.49186000589,-0.014718770980834961,-1.1032044887542725,False
120,new_init_new_dense,error_only,42,True,123337,1313,124650,36162,3747,10.492041110992432,0.5000095367431641,1.3009061813354492,0.9144921898841858,230.39722442626953,60142.0345200022,-0.046656131744384766,-1.1498606204986572,False
121,new_init_new_dense,error_only,42,True,124650,1323,125973,36262,3747,10.507460832595825,0.5000890493392944,1.2998278141021729,0.9157422184944153,238.5580539703369,60833.543849992566,0.015419721603393555,-1.1344408988952637,False
122,new_init_new_dense,error_only,42,True,125973,1304,127277,36244,3747,10.608562231063843,0.5102517604827881,1.2896684408187866,0.9173828363418579,221.33255004882812,61597.88779099472,0.10110139846801758,-1.033339500427246,False
123,new_init_new_dense,error_only,42,True,127277,1324,128601,36322,3747,10.622272491455078,0.509756326675415,1.2799276113510132,0.9181771278381348,236.55986785888672,62372.28672900528,0.013710260391235352,-1.0196292400360107,False
124,new_init_new_dense,error_only,42,True,128601,1299,129900,36515,3747,10.646136999130249,0.5107179284095764,1.2870994806289673,0.918724000453949,225.24690628051758,62454.25775399781,0.0238645076751709,-0.9957647323608398,False
125,new_init_new_dense,error_only,42,True,129900,1337,131237,36625,3747,10.66699504852295,0.5116920471191406,1.278691053390503,0.9192448258399963,224.47752952575684,63639.221549005015,0.020858049392700195,-0.9749066829681396,False
126,new_init_new_dense,error_only,42,True,131237,1323,132560,36677,3747,10.654505491256714,0.5072915554046631,1.2751590013504028,0.919908881187439,234.18235778808594,64337.77902499423,-0.012489557266235352,-0.987396240234375,False
127,new_init_new_dense,error_only,42,True,132560,1325,133885,36773,3747,10.596756935119629,0.49689003825187683,1.2848581075668335,0.92069011926651,226.05013847351074,64450.13478001056,-0.05774855613708496,-1.04514479637146,False
128,new_init_new_dense,error_only,42,True,133885,1342,135227,36867,3747,10.645781755447388,0.5017080307006836,1.2738803625106812,0.9219531416893005,234.22908782958984,65249.288434002665,0.04902482032775879,-0.9961199760437012,False
129,new_init_new_dense,error_only,42,True,135227,1328,136555,36897,3747,10.690594911575317,0.504626989364624,1.286669373512268,0.9234896302223206,232.87320137023926,66248.88129100145,0.04481315612792969,-0.9513068199157715,False
130,new_init_new_dense,error_only,42,True,136555,1327,137882,37008,3747,10.74360966682434,0.5097516775131226,1.2918438911437988,0.9240104556083679,238.10482025146484,65755.44003500545,0.05301475524902344,-0.898292064666748,False
131,new_init_new_dense,error_only,42,True,137882,1318,139200,37084,3747,10.820857286453247,0.5181716680526733,1.2656108140945435,0.92459636926651,224.12919998168945,66482.18665200693,0.07724761962890625,-0.8210444450378418,False
132,new_init_new_dense,error_only,42,True,139200,1317,140517,37148,3747,10.828362703323364,0.5162517428398132,1.280991792678833,0.9249870181083679,242.9673671722412,67624.09155600471,0.0075054168701171875,-0.8135390281677246,False
133,new_init_new_dense,error_only,42,True,140517,1334,141851,37285,3747,10.861363410949707,0.5190590620040894,1.288170576095581,0.9253515601158142,238.29102516174316,68105.68873999,0.03300070762634277,-0.7805383205413818,False
134,new_init_new_dense,error_only,42,True,141851,1331,143182,37336,3746,10.93476414680481,0.5275203585624695,1.2792198657989502,0.9252474308013916,239.86339569091797,68679.44396399253,0.07340073585510254,-0.7071375846862793,False
135,new_init_new_dense,error_only,42,True,143182,1324,144506,37388,3746,11.032495498657227,0.5391756892204285,1.2871301174163818,0.9249088764190674,246.22750282287598,69227.13822599326,0.09773135185241699,-0.6094062328338623,False
136,new_init_new_dense,error_only,42,True,144506,1346,145852,37491,3746,11.019610166549683,0.5350845456123352,1.2719603776931763,0.9251171946525574,241.72258377075195,69269.32293300342,-0.012885332107543945,-0.6222915649414062,False
137,new_init_new_dense,error_only,42,True,145852,1312,147164,37569,3746,10.964562892913818,0.5280905365943909,1.289489984512329,0.9248828291893005,241.26029014587402,68148.94965400163,-0.05504727363586426,-0.6773388385772705,False
138,new_init_new_dense,error_only,42,True,147164,1342,148506,37669,3746,10.874484777450562,0.5151070952415466,1.2810958623886108,0.9248828291893005,223.38175773620605,66442.95671199507,-0.09007811546325684,-0.7674169540405273,False
139,new_init_new_dense,error_only,42,True,148506,1330,149836,37727,3746,10.739976167678833,0.49732813239097595,1.2797080278396606,0.9246875047683716,219.82550621032715,69215.39384199423,-0.13450860977172852,-0.9019255638122559,False
140,new_init_new_dense,error_only,42,True,149836,148,149984,37864,3746,10.6170654296875,0.4822593927383423,1.2705121040344238,0.9242187738418579,230.79228401184082,69750.32035600452,-0.12291073799133301,-1.0248363018035889,False
141,new_init_new_dense,error_only,42,True,149984,15,149999,37891,3746,10.51493525505066,0.46887049078941345,1.2793453931808472,0.9238411784172058,235.4109287261963,67873.73503300478,-0.10213017463684082,-1.1269664764404297,False
142,new_init_new_dense,error_only,42,True,149999,1,150000,37933,3746,10.420156717300415,0.4566069543361664,1.2733540534973145,0.9233464002609253,233.0617904663086,68102.6173630089,-0.09477853775024414,-1.2217450141906738,False
143,new_init_new_dense,error_only,42,True,150000,0,150000,38045,3746,10.299510955810547,0.43908512592315674,1.254225492477417,0.9225260615348816,227.522611618042,67512.96551300038,-0.12064576148986816,-1.342390775680542,False
144,new_init_new_dense,error_only,42,True,150000,0,150000,38017,3746,10.147215127944946,0.4188741147518158,1.270438551902771,0.9218489527702332,219.9726104736328,71338.6562710075,-0.15229582786560059,-1.4946866035461426,False
145,new_init_new_dense,error_only,42,True,150000,0,150000,38042,3746,9.999091029167175,0.39551931619644165,1.269031286239624,0.9206250309944153,223.77824783325195,68947.82426999882,-0.148124098777771,-1.6428107023239136,False
146,new_init_new_dense,error_only,42,True,150000,0,150000,38097,3746,9.837231636047363,0.37153786420822144,1.2667964696884155,0.9202864766120911,227.21195220947266,68420.68529699463,-0.161859393119812,-1.8046700954437256,False
147,new_init_new_dense,error_only,42,True,150000,0,150000,38076,3746,9.771607518196106,0.36414751410484314,1.2606068849563599,0.9198567867279053,287.5795364379883,68041.24416700506,-0.06562411785125732,-1.870294213294983,False
148,new_init_new_dense,error_only,42,True,150000,0,150000,38119,3746,9.738190770149231,0.3590805232524872,1.2713037729263306,0.91950523853302,237.1654510498047,68360.55784700147,-0.033416748046875,-1.903710961341858,False
149,new_init_new_dense,error_only,42,True,150000,0,150000,38192,3746,9.700508117675781,0.3531588017940521,1.2709349393844604,0.9193359613418579,225.50320625305176,67729.33715500403,-0.03768265247344971,-1.9413936138153076,False
150,new_init_new_dense,error_only,42,True,150000,0,150000,38145,3746,9.65969204902649,0.34660229086875916,1.2570298910140991,0.9184505343437195,260.6377601623535,67179.1505029978,-0.04081606864929199,-1.9822096824645996,False
1,new_init_new_dense,ours,42,True,14073,1267,15340,14073,3739,11.857103109359741,0.5932319164276123,1.3533592224121094,0.8235156536102295,326.07221603393555,6757.58350500837,0.21520137786865234,0.21520137786865234,False
2,new_init_new_dense,ours,42,True,15340,1276,16616,15340,3740,11.874388456344604,0.5787531733512878,1.3537755012512207,0.8260546922683716,345.60251235961914,7478.57635600667,0.01728534698486328,0.23248672485351562,False
3,new_init_new_dense,ours,42,True,16616,1253,17869,16602,3740,11.829204559326172,0.5560914278030396,1.3578095436096191,0.8301823139190674,326.0784149169922,7774.646543999552,-0.04518389701843262,0.187302827835083,False
4,new_init_new_dense,ours,42,True,17869,1280,19149,17803,3741,11.829767227172852,0.5416144728660583,1.333855390548706,0.8354948163032532,312.2241497039795,8261.7916349991,0.0005626678466796875,0.1878654956817627,False
5,new_init_new_dense,ours,42,True,19149,1273,20422,18998,3742,11.86362624168396,0.5337592959403992,1.3644405603408813,0.8414843678474426,305.4337501525879,8772.067146986956,0.0338590145111084,0.2217245101928711,False
6,new_init_new_dense,ours,42,True,20422,1273,21695,20141,3742,11.963444948196411,0.5387178659439087,1.3363831043243408,0.8442838788032532,324.8152732849121,9390.884106993326,0.09981870651245117,0.32154321670532227,False
7,new_init_new_dense,ours,42,True,21695,1280,22975,21226,3742,12.041691541671753,0.541756808757782,1.3428153991699219,0.8461588621139526,296.79131507873535,10009.563291998347,0.0782465934753418,0.39978981018066406,False
8,new_init_new_dense,ours,42,True,22975,1280,24255,22233,3743,12.122454643249512,0.54615318775177,1.3398568630218506,0.8483723998069763,292.6292419433594,10812.82473000465,0.08076310157775879,0.48055291175842285,False
9,new_init_new_dense,ours,42,True,24255,1289,25544,23192,3743,12.207781076431274,0.547958493232727,1.32388174533844,0.8504036664962769,291.4245128631592,11045.966097997734,0.0853264331817627,0.5658793449401855,False
10,new_init_new_dense,ours,42,True,25544,1288,26832,24115,3743,12.246116399765015,0.5441652536392212,1.32316255569458,0.8519791960716248,295.08471488952637,11794.01054000482,0.038335323333740234,0.6042146682739258,False
11,new_init_new_dense,ours,42,True,26832,1285,28117,24891,3743,12.225412130355835,0.5310945510864258,1.3240315914154053,0.8544010519981384,284.7027778625488,12171.326174007845,-0.020704269409179688,0.5835103988647461,False
12,new_init_new_dense,ours,42,True,28117,1297,29414,25545,3743,12.104038000106812,0.5079047083854675,1.335943341255188,0.8552343845367432,286.32283210754395,12928.181121998932,-0.12137413024902344,0.46213626861572266,False
13,new_init_new_dense,ours,42,True,29414,1266,30680,26047,3744,11.981638669967651,0.485385537147522,1.3687807321548462,0.8567838668823242,271.8336582183838,13529.082063003443,-0.12239933013916016,0.3397369384765625,False
14,new_init_new_dense,ours,42,True,30680,1300,31980,26479,3744,11.886327266693115,0.4679381847381592,1.3675298690795898,0.8586848974227905,265.90752601623535,14142.880294995848,-0.09531140327453613,0.24442553520202637,False
15,new_init_new_dense,ours,42,True,31980,1300,33280,26840,3744,11.798874139785767,0.4508183002471924,1.3731359243392944,0.8596484661102295,278.0416011810303,15326.623639994068,-0.08745312690734863,0.15697240829467773,False
16,new_init_new_dense,ours,42,True,33280,1258,34538,27170,3744,11.738677024841309,0.4388211667537689,1.390140414237976,0.8601692914962769,253.38387489318848,16364.542059993255,-0.06019711494445801,0.09677529335021973,False
17,new_init_new_dense,ours,42,True,34538,1266,35804,27389,3744,11.727641820907593,0.4332822263240814,1.4021610021591187,0.8617448210716248,250.5819797515869,15364.449037006125,-0.01103520393371582,0.0857400894165039,False
18,new_init_new_dense,ours,42,True,35804,1298,37102,27646,3744,11.625745296478271,0.4115743637084961,1.3976482152938843,0.8621094226837158,250.34403800964355,15970.83913499955,-0.10189652442932129,-0.016156435012817383,False
19,new_init_new_dense,ours,42,True,37102,1281,38383,27837,3744,11.58886194229126,0.40463149547576904,1.4138588905334473,0.8629687428474426,264.4531726837158,17867.238386999816,-0.03688335418701172,-0.0530397891998291,False
20,new_init_new_dense,ours,42,True,38383,1279,39662,28046,3744,11.585946083068848,0.39904898405075073,1.4172441959381104,0.8629427552223206,258.29291343688965,18571.752443007426,-0.0029158592224121094,-0.05595564842224121,False
21,new_init_new_dense,ours,42,True,39662,1302,40964,28181,3744,11.53490424156189,0.3873888850212097,1.424301266670227,0.862877607345581,279.9403667449951,18458.105630008504,-0.05104184150695801,-0.10699748992919922,False
22,new_init_new_dense,ours,42,True,40964,1282,42246,28313,3744,11.54780626296997,0.39040130376815796,1.4271695613861084,0.863268256187439,252.44402885437012,18558.411823003553,0.012902021408081055,-0.09409546852111816,False
23,new_init_new_dense,ours,42,True,42246,1268,43514,28427,3744,11.586511135101318,0.3965819776058197,1.423545002937317,0.8631510734558105,256.1314105987549,19134.01666098798,0.038704872131347656,-0.05539059638977051,False
24,new_init_new_dense,ours,42,True,43514,1281,44795,28627,3744,11.663700342178345,0.4103010892868042,1.4265503883361816,0.8644010424613953,274.6453285217285,20277.065325004514,0.07718920707702637,0.02179861068725586,False
25,new_init_new_dense,ours,42,True,44795,1272,46067,28687,3744,11.723325252532959,0.42411142587661743,1.4299871921539307,0.8640755414962769,256.87241554260254,20433.857923999312,0.05962491035461426,0.08142352104187012,False
26,new_init_new_dense,ours,42,True,46067,1295,47362,28757,3744,11.709294319152832,0.42816293239593506,1.4273977279663086,0.8638281226158142,271.9693183898926,21011.913856011233,-0.014030933380126953,0.06739258766174316,False
27,new_init_new_dense,ours,42,True,47362,1299,48661,28865,3744,11.781127452850342,0.4432640075683594,1.4461275339126587,0.8639713525772095,279.16622161865234,22193.692698987434,0.07183313369750977,0.13922572135925293,False
28,new_init_new_dense,ours,42,True,48661,1292,49953,28934,3744,11.92551851272583,0.46697479486465454,1.4531689882278442,0.8639973998069763,267.31419563293457,22792.9304420104,0.14439105987548828,0.2836167812347412,False
29,new_init_new_dense,ours,42,True,49953,1280,51233,29000,3744,11.932260990142822,0.4688502252101898,1.4379961490631104,0.8639323115348816,262.3000144958496,23131.20988299488,0.0067424774169921875,0.2903592586517334,False
30,new_init_new_dense,ours,42,True,51233,1251,52484,29076,3744,11.933176517486572,0.46896252036094666,1.4174020290374756,0.8635026216506958,267.0598030090332,23415.241640002932,0.00091552734375,0.2912747859954834,False
31,new_init_new_dense,ours,42,True,52484,1261,53745,29117,3744,11.97122573852539,0.4745754897594452,1.4317837953567505,0.862877607345581,254.55999374389648,24546.832524007186,0.03804922103881836,0.32932400703430176,False
32,new_init_new_dense,ours,42,True,53745,1278,55023,29233,3744,11.969201564788818,0.47297582030296326,1.4276944398880005,0.8625651001930237,261.4011764526367,24700.314211004297,-0.0020241737365722656,0.3272998332977295,False
33,new_init_new_dense,ours,42,True,55023,1256,56279,29349,3744,11.988188028335571,0.47580480575561523,1.4391486644744873,0.8620312809944153,257.5840950012207,25690.674758006935,0.01898646354675293,0.3462862968444824,False
34,new_init_new_dense,ours,42,True,56279,1248,57527,29465,3744,12.034037113189697,0.48352789878845215,1.4499846696853638,0.8614844083786011,333.4486484527588,27133.52685100108,0.04584908485412598,0.3921353816986084,False
35,new_init_new_dense,ours,42,True,57527,1273,58800,29559,3744,12.008044719696045,0.4810377061367035,1.4692647457122803,0.8610026240348816,248.99649620056152,27188.657045000582,-0.025992393493652344,0.36614298820495605,False
36,new_init_new_dense,ours,42,True,58800,1289,60089,29654,3744,12.010300159454346,0.4804233908653259,1.4381518363952637,0.86070317029953,263.83113861083984,28440.632886005915,0.0022554397583007812,0.36839842796325684,False
37,new_init_new_dense,ours,42,True,60089,1296,61385,29771,3744,12.045005559921265,0.4839104115962982,1.4398553371429443,0.8604167103767395,264.50252532958984,29350.691049010493,0.034705400466918945,0.4031038284301758,False
38,new_init_new_dense,ours,42,True,61385,1260,62645,29827,3744,12.044621706008911,0.4810839593410492,1.4352000951766968,0.8606119751930237,278.1071662902832,30199.17420799902,-0.0003838539123535156,0.40271997451782227,False
39,new_init_new_dense,ours,42,True,62645,1279,63924,29892,3744,11.98259711265564,0.47027891874313354,1.4321496486663818,0.8608723878860474,269.305944442749,30567.744575993856,-0.062024593353271484,0.3406953811645508,False
40,new_init_new_dense,ours,42,True,63924,1274,65198,29969,3744,11.89277172088623,0.4568166732788086,1.444763422012329,0.8608723878860474,266.45803451538086,31159.03846999572,-0.08982539176940918,0.2508699893951416,False
41,new_init_new_dense,ours,42,True,65198,1257,66455,30086,3744,11.855272054672241,0.45185941457748413,1.4027906656265259,0.8619661927223206,266.65234565734863,31862.739453004906,-0.03749966621398926,0.21337032318115234,False
42,new_init_new_dense,ours,42,True,66455,1270,67725,30198,3744,11.821354627609253,0.44402557611465454,1.443588137626648,0.8624739646911621,259.8764896392822,32412.223963008728,-0.03391742706298828,0.17945289611816406,False
43,new_init_new_dense,ours,42,True,67725,1242,68967,30250,3745,11.743834018707275,0.43108007311820984,1.430533528327942,0.8635807633399963,313.6415481567383,32939.96114100446,-0.07752060890197754,0.10193228721618652,False
44,new_init_new_dense,ours,42,True,68967,1262,70229,30381,3745,11.714928150177002,0.4263564348220825,1.4316767454147339,0.8634505271911621,257.80653953552246,33567.78306700289,-0.028905868530273438,0.07302641868591309,False
45,new_init_new_dense,ours,42,True,70229,1263,71492,30478,3745,11.67741060256958,0.4212079644203186,1.4380221366882324,0.8639193177223206,265.28334617614746,33982.02639300143,-0.037517547607421875,0.03550887107849121,False
46,new_init_new_dense,ours,42,True,71492,1269,72761,30537,3745,11.69501543045044,0.4240834712982178,1.4202680587768555,0.8637630343437195,252.93588638305664,32024.552625007345,0.017604827880859375,0.053113698959350586,False
47,new_init_new_dense,ours,42,True,72761,1279,74040,30594,3745,11.715483665466309,0.42684659361839294,1.40744948387146,0.8644922375679016,265.50745964050293,32774.66708800057,0.02046823501586914,0.07358193397521973,False
48,new_init_new_dense,ours,42,True,74040,1270,75310,30725,3745,11.6997230052948,0.42518576979637146,1.397723913192749,0.8648567795753479,262.8483772277832,33505.943815005594,-0.01576066017150879,0.05782127380371094,False
49,new_init_new_dense,ours,42,True,75310,1272,76582,30850,3745,11.64528489112854,0.4181339144706726,1.3997364044189453,0.8648437857627869,269.09828186035156,34488.19013198954,-0.054438114166259766,0.003383159637451172,False
50,new_init_new_dense,ours,42,True,76582,1264,77846,30926,3745,11.611006259918213,0.41248607635498047,1.395668387413025,0.8658463954925537,243.9124584197998,34636.861041988595,-0.03427863121032715,-0.030895471572875977,False
51,new_init_new_dense,ours,42,True,77846,1304,79150,31016,3746,11.555018424987793,0.4037403464317322,1.3803452253341675,0.8662369847297668,242.44141578674316,34237.093133997405,-0.05598783493041992,-0.0868833065032959,False
52,new_init_new_dense,ours,42,True,79150,1282,80432,31087,3746,11.527659893035889,0.3994814157485962,1.3506393432617188,0.8677734732627869,241.424560546875,34950.96537799691,-0.027358531951904297,-0.1142418384552002,False
53,new_init_new_dense,ours,42,True,80432,1286,81718,31204,3746,11.538974046707153,0.4006919860839844,1.376204490661621,0.8687109351158142,254.41479682922363,35841.254247003235,0.011314153671264648,-0.10292768478393555,False
54,new_init_new_dense,ours,42,True,81718,1265,82983,31237,3746,11.585437059402466,0.4083697497844696,1.3626095056533813,0.8698046803474426,253.3421516418457,37198.39078199584,0.0464630126953125,-0.05646467208862305,False
55,new_init_new_dense,ours,42,True,82983,1257,84240,31281,3746,11.602092981338501,0.41325101256370544,1.3599591255187988,0.8701953291893005,277.97460556030273,39829.74888299941,0.016655921936035156,-0.03980875015258789,False
56,new_init_new_dense,ours,42,True,84240,1272,85512,31310,3746,11.609845161437988,0.41404712200164795,1.3725206851959229,0.8713151216506958,232.99074172973633,38418.480295993504,0.007752180099487305,-0.032056570053100586,False
57,new_init_new_dense,ours,42,True,85512,1280,86792,31371,3746,11.61601185798645,0.4137212038040161,1.3626675605773926,0.8724349141120911,253.78680229187012,38692.982902008225,0.006166696548461914,-0.025889873504638672,False
58,new_init_new_dense,ours,42,True,86792,1263,88055,31618,3746,11.612862348556519,0.4124473035335541,1.33613121509552,0.8725000023841858,240.42415618896484,40322.63585599139,-0.0031495094299316406,-0.029039382934570312,False
59,new_init_new_dense,ours,42,True,88055,1283,89338,31721,3746,11.57302975654602,0.4050968885421753,1.335944652557373,0.8732552528381348,257.1837902069092,41077.2704629926,-0.03983259201049805,-0.06887197494506836,False
60,new_init_new_dense,ours,42,True,89338,1257,90595,31765,3747,11.588780879974365,0.40687617659568787,1.3318551778793335,0.8736458420753479,241.61481857299805,41813.87649101089,0.015751123428344727,-0.05312085151672363,False
61,new_init_new_dense,ours,42,True,90595,1260,91855,31869,3747,11.640642881393433,0.4168945550918579,1.3427157402038574,0.872825562953949,258.95094871520996,42419.947294009035,0.05186200141906738,-0.00125885009765625,False
62,new_init_new_dense,ours,42,True,91855,1268,93123,31931,3747,11.879847049713135,0.41770076751708984,1.3597187995910645,0.8726041913032532,245.8336353302002,41340.295592992334,0.23920416831970215,0.2379453182220459,False
63,new_init_new_dense,ours,42,True,93123,1268,94391,32041,3747,11.679394245147705,0.41674837470054626,1.3508015871047974,0.8727474212646484,262.39633560180664,42797.58371600474,-0.2004528045654297,0.03749251365661621,False
64,new_init_new_dense,ours,42,True,94391,1295,95686,32149,3747,11.42915964126587,0.419707715511322,1.3523635864257812,0.8728906512260437,254.86278533935547,44452.881741002784,-0.25023460388183594,-0.21274209022521973,False
65,new_init_new_dense,ours,42,True,95686,1274,96960,32340,3747,11.181976795196533,0.4200007915496826,1.3637220859527588,0.872825562953949,260.0362300872803,44682.62726000103,-0.24718284606933594,-0.45992493629455566,False
66,new_init_new_dense,ours,42,True,96960,1271,98231,32397,3747,10.922614336013794,0.4194888472557068,1.3506873846054077,0.874218761920929,242.27547645568848,45181.45982400165,-0.25936245918273926,-0.7192873954772949,False
67,new_init_new_dense,ours,42,True,98231,1245,99476,32580,3747,10.62645673751831,0.42503589391708374,1.3506426811218262,0.8753255605697632,254.3632984161377,45800.447282992536,-0.2961575984954834,-1.0154449939727783,False
68,new_init_new_dense,ours,42,True,99476,1257,100733,32654,3747,10.135082006454468,0.4266749620437622,1.3532657623291016,0.8752864599227905,262.829065322876,47245.32509398705,-0.4913747310638428,-1.506819725036621,False
69,new_init_new_dense,ours,42,True,100733,1251,101984,32754,3747,9.834790825843811,0.42788729071617126,1.3487721681594849,0.8761328458786011,260.15591621398926,48375.925783999264,-0.30029118061065674,-1.8071109056472778,False
70,new_init_new_dense,ours,42,True,101984,1257,103241,32807,3747,9.55833613872528,0.4229561686515808,1.3316128253936768,0.8767708539962769,262.15624809265137,48557.31860900414,-0.2764546871185303,-2.083565592765808,False
71,new_init_new_dense,ours,42,True,103241,1258,104499,32897,3747,9.135324954986572,0.4164564609527588,1.3339205980300903,0.8780338764190674,273.01883697509766,50898.67583999876,-0.4230111837387085,-2.5065767765045166,False
72,new_init_new_dense,ours,42,True,104499,1227,105726,33007,3747,8.808873295783997,0.41078245639801025,1.331322193145752,0.8787500262260437,300.1532554626465,52041.545585001586,-0.3264516592025757,-2.8330284357070923,False
73,new_init_new_dense,ours,42,True,105726,1263,106989,33111,3747,9.230185747146606,0.4180140495300293,1.3209859132766724,0.8791536688804626,267.9440975189209,52520.73948200268,0.42131245136260986,-2.4117159843444824,False
74,new_init_new_dense,ours,42,True,106989,1246,108235,33229,3747,9.250435829162598,0.4155312478542328,1.3215569257736206,0.8801041841506958,268.62049102783203,52410.619508009404,0.02025008201599121,-2.391465902328491,False
75,new_init_new_dense,ours,42,True,108235,1278,109513,33357,3748,9.292258024215698,0.41718024015426636,1.3335760831832886,0.8813802003860474,274.74021911621094,52511.74038600584,0.041822195053100586,-2.3496437072753906,False
76,new_init_new_dense,ours,42,True,109513,1282,110795,33420,3748,9.363495707511902,0.4250391125679016,1.3274978399276733,0.8818489909172058,275.93994140625,54928.20409699925,0.07123768329620361,-2.278406023979187,False
77,new_init_new_dense,ours,42,True,110795,1256,112051,33608,3748,9.436222314834595,0.4341360032558441,1.3318243026733398,0.8819661736488342,296.3693141937256,55348.7159130018,0.07272660732269287,-2.205679416656494,False
78,new_init_new_dense,ours,42,True,112051,1272,113323,33738,3748,9.458073377609253,0.4350624680519104,1.336666226387024,0.8831380605697632,288.4378433227539,55422.08072000358,0.021851062774658203,-2.183828353881836,False
79,new_init_new_dense,ours,42,True,113323,1251,114574,33788,3748,9.486742615699768,0.4376007914543152,1.335303544998169,0.8838672041893005,283.40959548950195,56338.77730500535,0.028669238090515137,-2.155159115791321,False
80,new_init_new_dense,ours,42,True,114574,1273,115847,33920,3748,9.50505256652832,0.4380750060081482,1.3406579494476318,0.8841797113418579,267.9166793823242,55821.98418000189,0.018309950828552246,-2.1368491649627686,False
81,new_init_new_dense,ours,42,True,115847,1290,117137,33967,3748,9.570276737213135,0.44619354605674744,1.3406717777252197,0.8843750357627869,263.5021209716797,53526.988342011464,0.06522417068481445,-2.071624994277954,False
82,new_init_new_dense,ours,42,True,117137,1288,118425,34095,3748,9.592435359954834,0.44961199164390564,1.3314638137817383,0.8840104341506958,258.75043869018555,53615.84109500109,0.02215862274169922,-2.049466371536255,False
83,new_init_new_dense,ours,42,True,118425,1278,119703,34072,3748,9.615284204483032,0.45040398836135864,1.3247419595718384,0.884765625,275.0387191772461,53666.36550000112,0.022848844528198242,-2.0266175270080566,False
84,new_init_new_dense,ours,42,True,119703,1279,120982,34182,3748,9.679189324378967,0.4587293565273285,1.3245362043380737,0.8852474093437195,267.73786544799805,54256.19712700427,0.06390511989593506,-1.9627124071121216,False
85,new_init_new_dense,ours,42,True,120982,1298,122280,34226,3748,9.705471992492676,0.46076107025146484,1.307876467704773,0.8854948282241821,268.9473628997803,54432.42089699197,0.026282668113708496,-1.936429738998413,False
86,new_init_new_dense,ours,42,True,122280,1272,123552,34272,3748,9.742070436477661,0.4653439521789551,1.318734884262085,0.8863411545753479,266.0098075866699,54861.97084200103,0.03659844398498535,-1.8998312950134277,False
87,new_init_new_dense,ours,42,True,123552,1313,124865,34253,3748,9.800550937652588,0.4722725749015808,1.312404751777649,0.8870964050292969,261.5823745727539,56159.78774300311,0.05848050117492676,-1.841350793838501,False
88,new_init_new_dense,ours,42,True,124865,1263,126128,34358,3748,9.834378957748413,0.4742155075073242,1.3089051246643066,0.8884114623069763,260.49065589904785,55978.64285799733,0.033828020095825195,-1.8075227737426758,False
89,new_init_new_dense,ours,42,True,126128,1290,127418,34391,3748,9.850294589996338,0.47363147139549255,1.313279151916504,0.8891536593437195,263.8721466064453,56777.42611999565,0.015915632247924805,-1.791607141494751,False
90,new_init_new_dense,ours,42,True,127418,1273,128691,34408,3748,9.884884357452393,0.47603386640548706,1.301177740097046,0.8901041746139526,269.8626518249512,57328.53082900692,0.03458976745605469,-1.7570173740386963,False
91,new_init_new_dense,ours,42,True,128691,1307,129998,34436,3748,9.93349015712738,0.4804238975048065,1.2971866130828857,0.8903385400772095,263.9005184173584,57213.67033298884,0.04860579967498779,-1.7084115743637085,False
92,new_init_new_dense,ours,42,True,129998,1277,131275,34423,3748,9.97962474822998,0.48611634969711304,1.3093098402023315,0.890625,270.02477645874023,58832.39923699875,0.0461345911026001,-1.6622769832611084,False
93,new_init_new_dense,ours,42,True,131275,1293,132568,34439,3748,10.06232500076294,0.4972569942474365,1.3282479047775269,0.8910156488418579,334.93733406066895,59132.384511001874,0.08270025253295898,-1.5795767307281494,False
94,new_init_new_dense,ours,42,True,132568,1274,133842,34500,3748,10.081995725631714,0.5005506277084351,1.332538366317749,0.8912760615348816,275.94566345214844,59860.80485099228,0.019670724868774414,-1.559906005859375,False
95,new_init_new_dense,ours,42,True,133842,1279,135121,34534,3748,10.079036951065063,0.49709880352020264,1.3173105716705322,0.8932161927223206,262.9127502441406,60003.02571200882,-0.0029587745666503906,-1.5628647804260254,False
96,new_init_new_dense,ours,42,True,135121,1288,136409,34618,3748,10.12097954750061,0.5011297464370728,1.3139584064483643,0.8942578434944153,283.59365463256836,60464.040532009676,0.041942596435546875,-1.5209221839904785,False
97,new_init_new_dense,ours,42,True,136409,1274,137683,34664,3748,10.095006227493286,0.49570202827453613,1.3034377098083496,0.8945703506469727,281.7070484161377,60934.49281800713,-0.02597332000732422,-1.5468955039978027,False
98,new_init_new_dense,ours,42,True,137683,1286,138969,34692,3748,10.09019136428833,0.4924912452697754,1.297637701034546,0.8948568105697632,269.092321395874,62491.44908899325,-0.004814863204956055,-1.5517103672027588,False
99,new_init_new_dense,ours,42,True,138969,1289,140258,34694,3748,10.184944868087769,0.5045444369316101,1.3337658643722534,0.8958203196525574,273.94819259643555,62184.70576600521,0.09475350379943848,-1.4569568634033203,False
100,new_init_new_dense,ours,42,True,140258,0,98702,34758,3748,10.234951972961426,0.5105449557304382,1.3158154487609863,0.8979036808013916,285.9992980957031,62585.616280994145,0.05000710487365723,-1.406949758529663,False
101,new_init_new_dense,ours,42,True,98702,1273,99975,34717,3746,10.28535008430481,0.5118998885154724,1.3228267431259155,0.8983724117279053,287.7817153930664,44194.51010100602,0.05039811134338379,-1.3565516471862793,False
102,new_init_new_dense,ours,42,True,99975,1301,101276,34891,3747,10.371724367141724,0.5222127437591553,1.3221033811569214,0.8991667032241821,359.6992492675781,45203.77551499405,0.08637428283691406,-1.2701773643493652,False
103,new_init_new_dense,ours,42,True,101276,1287,102563,34927,3747,10.367752313613892,0.5207220315933228,1.3334331512451172,0.8993099331855774,286.53717041015625,45820.998809998855,-0.003972053527832031,-1.2741494178771973,False
104,new_init_new_dense,ours,42,True,102563,1259,103822,35104,3747,10.271539688110352,0.5026427507400513,1.3041397333145142,0.8994271159172058,293.1020259857178,46515.42392899864,-0.09621262550354004,-1.3703620433807373,False
105,new_init_new_dense,ours,42,True,103822,1288,105110,35193,3747,10.30541181564331,0.5053282380104065,1.3041518926620483,0.8994922041893005,288.96117210388184,47011.18452200899,0.033872127532958984,-1.3364899158477783,False
106,new_init_new_dense,ours,42,True,105110,1290,106400,35267,3747,10.314315557479858,0.5057353973388672,1.3096511363983154,0.8999348878860474,292.647123336792,47879.44257000345,0.008903741836547852,-1.3275861740112305,False
107,new_init_new_dense,ours,42,True,106400,1312,107712,35408,3747,10.297605991363525,0.4999099671840668,1.3243176937103271,0.9007031321525574,299.81184005737305,47422.705320001114,-0.016709566116333008,-1.3442957401275635,False
108,new_init_new_dense,ours,42,True,107712,1293,109005,35435,3747,10.430922508239746,0.5163151025772095,1.2987521886825562,0.9008594155311584,279.21080589294434,47455.98489000986,0.1333165168762207,-1.2109792232513428,False
109,new_init_new_dense,ours,42,True,109005,1299,110304,35554,3747,10.470936298370361,0.521897554397583,1.303277850151062,0.9017578363418579,290.09079933166504,48959.53497700975,0.040013790130615234,-1.1709654331207275,False
110,new_init_new_dense,ours,42,True,110304,1299,111603,35659,3747,10.525909662246704,0.5275223255157471,1.3012629747390747,0.90213543176651,292.4020290374756,53021.00740399328,0.05497336387634277,-1.1159920692443848,False
111,new_init_new_dense,ours,42,True,111603,1303,112906,35680,3747,10.577843189239502,0.5293649435043335,1.302526831626892,0.9035026431083679,291.44883155822754,52713.541111006634,0.05193352699279785,-1.064058542251587,False
112,new_init_new_dense,ours,42,True,112906,1306,114212,35781,3747,10.546832084655762,0.522865891456604,1.32657790184021,0.9044531583786011,292.7594184875488,54088.30973600561,-0.031011104583740234,-1.0950696468353271,False
113,new_init_new_dense,ours,42,True,114212,1300,115512,35811,3747,10.572118759155273,0.5230512022972107,1.3054070472717285,0.9058073163032532,274.9059200286865,54068.701752999914,0.02528667449951172,-1.0697829723358154,False
114,new_init_new_dense,ours,42,True,115512,1299,116811,35744,3747,10.584516525268555,0.5206010341644287,1.3056366443634033,0.906445324420929,282.2399139404297,54860.34323100466,0.01239776611328125,-1.0573852062225342,False
115,new_init_new_dense,ours,42,True,116811,1303,118114,35805,3747,10.667598247528076,0.5293350219726562,1.3145827054977417,0.9083463549613953,291.45359992980957,55438.98027201067,0.08308172225952148,-0.9743034839630127,False
116,new_init_new_dense,ours,42,True,118114,1284,119398,35876,3747,10.74804425239563,0.5380138158798218,1.2818634510040283,0.9091406464576721,286.4835262298584,56465.56617200258,0.08044600486755371,-0.893857479095459,False
117,new_init_new_dense,ours,42,True,119398,1293,120691,35821,3748,10.763188600540161,0.5361946821212769,1.2910480499267578,0.9099609851837158,286.1950397491455,57375.59283101291,0.01514434814453125,-0.8787131309509277,False
118,new_init_new_dense,ours,42,True,120691,1311,122002,35852,3748,10.706948041915894,0.5281716585159302,1.3042867183685303,0.9113411903381348,294.70157623291016,57700.8878159977,-0.05624055862426758,-0.9349536895751953,False
119,new_init_new_dense,ours,42,True,122002,1324,123326,35895,3748,10.703500509262085,0.5258954763412476,1.2932159900665283,0.9121484756469727,291.92066192626953,58185.284776991466,-0.0034475326538085938,-0.9384012222290039,False
120,new_init_new_dense,ours,42,True,123326,1314,124640,35847,3748,10.656359195709229,0.517295777797699,1.3033961057662964,0.91343754529953,299.5421886444092,59436.12612600555,-0.047141313552856445,-0.9855425357818604,False
121,new_init_new_dense,ours,42,True,124640,1319,125959,35853,3748,10.669553279876709,0.5171816349029541,1.3021957874298096,0.9147526025772095,307.811975479126,60425.17307201342,0.013194084167480469,-0.9723484516143799,False
122,new_init_new_dense,ours,42,True,125959,1315,127274,35908,3748,10.77214002609253,0.5273405909538269,1.2917107343673706,0.9165365099906921,286.81349754333496,59803.08622500161,0.10258674621582031,-0.8697617053985596,False
123,new_init_new_dense,ours,42,True,127274,1322,128596,35955,3748,10.780084133148193,0.5257176160812378,1.2824796438217163,0.9175130724906921,295.9156036376953,60414.604507997865,0.007944107055664062,-0.8618175983428955,False
124,new_init_new_dense,ours,42,True,128596,1316,129912,36100,3748,10.82324743270874,0.5283078551292419,1.2894030809402466,0.9187760353088379,307.38234519958496,62099.38320200308,0.043163299560546875,-0.8186542987823486,False
125,new_init_new_dense,ours,42,True,129912,1334,131246,36179,3748,10.841673612594604,0.5291563272476196,1.2812989950180054,0.919518232345581,297.4724769592285,62069.03774300008,0.018426179885864258,-0.8002281188964844,False
126,new_init_new_dense,ours,42,True,131246,1345,132591,36253,3748,10.833290815353394,0.5248372554779053,1.2776747941970825,0.9205208420753479,310.6088638305664,62278.24876199884,-0.008382797241210938,-0.8086109161376953,False
127,new_init_new_dense,ours,42,True,132591,1315,133906,36384,3748,10.783703327178955,0.5156419277191162,1.2878812551498413,0.921093761920929,314.42975997924805,64072.03287900484,-0.04958748817443848,-0.8581984043121338,False
128,new_init_new_dense,ours,42,True,133906,1331,135237,36427,3748,10.822736024856567,0.5191382765769958,1.2767136096954346,0.9220182299613953,329.8227787017822,64211.27966498898,0.039032697677612305,-0.8191657066345215,False
129,new_init_new_dense,ours,42,True,135237,1326,136563,36604,3748,10.86248517036438,0.5219760537147522,1.2896840572357178,0.9227604269981384,312.2224807739258,64374.22496000363,0.0397491455078125,-0.779416561126709,False
130,new_init_new_dense,ours,42,True,136563,1338,137901,36646,3748,10.893521308898926,0.524954617023468,1.2948576211929321,0.9230599403381348,303.50422859191895,65422.68619600509,0.0310361385345459,-0.7483804225921631,False
131,new_init_new_dense,ours,42,True,137901,1315,139216,36738,3748,10.959968566894531,0.5318995714187622,1.2690547704696655,0.9240104556083679,306.31041526794434,67097.45223999198,0.06644725799560547,-0.6819331645965576,False
132,new_init_new_dense,ours,42,True,139216,1324,140540,36815,3748,10.966870784759521,0.5304087996482849,1.2840940952301025,0.9242578148841858,303.97653579711914,65669.066596005,0.006902217864990234,-0.6750309467315674,False
133,new_init_new_dense,ours,42,True,140540,1330,141870,36892,3748,10.982335805892944,0.5313438773155212,1.2906700372695923,0.9251692891120911,315.1593208312988,67184.65253600152,0.015465021133422852,-0.6595659255981445,False
134,new_init_new_dense,ours,42,True,141870,1328,143198,36955,3748,11.055054664611816,0.5396445989608765,1.2823166847229004,0.9251171946525574,306.0741424560547,67529.98830699653,0.07271885871887207,-0.5868470668792725,False
135,new_init_new_dense,ours,42,True,143198,1339,144537,37048,3748,11.149322986602783,0.5504813194274902,1.2902261018753052,0.9251692891120911,306.6074848175049,67812.87470000098,0.0942683219909668,-0.49257874488830566,False
136,new_init_new_dense,ours,42,True,144537,1357,145894,37035,3748,11.123119592666626,0.5450838804244995,1.275354266166687,0.925208330154419,287.3682975769043,65190.576796012465,-0.026203393936157227,-0.5187821388244629,False
137,new_init_new_dense,ours,42,True,145894,1323,147217,37092,3748,11.075315475463867,0.5388938784599304,1.2932076454162598,0.9248046875,277.64058113098145,64088.963147994946,-0.04780411720275879,-0.5665862560272217,False
138,new_init_new_dense,ours,42,True,147217,1332,148549,37131,3748,10.984557867050171,0.5265151858329773,1.2845838069915771,0.9244531393051147,296.77867889404297,68519.91262201045,-0.09075760841369629,-0.657343864440918,False
139,new_init_new_dense,ours,42,True,148549,1286,149835,37199,3748,10.849766731262207,0.5096518993377686,1.2831006050109863,0.9240625500679016,307.0492744445801,71244.17102600273,-0.13479113578796387,-0.7921350002288818,False
140,new_init_new_dense,ours,42,True,149835,147,149982,37306,3748,10.716032981872559,0.49398860335350037,1.274465560913086,0.9232812523841858,302.9155731201172,71166.37051099679,-0.13373374938964844,-0.9258687496185303,False
141,new_init_new_dense,ours,42,True,149982,17,149999,37287,3748,10.607662200927734,0.4802198112010956,1.2833354473114014,0.9230078458786011,294.05903816223145,70153.15387000737,-0.10837078094482422,-1.0342395305633545,False
142,new_init_new_dense,ours,42,True,149999,1,150000,37330,3748,10.514461994171143,0.46855592727661133,1.277367353439331,0.9225911498069763,278.81383895874023,67050.07383599877,-0.0932002067565918,-1.1274397373199463,False
143,new_init_new_dense,ours,42,True,150000,0,150000,37285,3748,10.389996767044067,0.45110273361206055,1.257874608039856,0.9216015934944153,330.68108558654785,68902.26037100365,-0.1244652271270752,-1.2519049644470215,False
144,new_init_new_dense,ours,42,True,150000,0,150000,37334,3748,10.24080514907837,0.431919664144516,1.2739986181259155,0.9206640720367432,283.30016136169434,65110.065796005074,-0.14919161796569824,-1.4010965824127197,False
145,new_init_new_dense,ours,42,True,150000,0,150000,37288,3748,10.093879699707031,0.4094276428222656,1.2728071212768555,0.9200781583786011,283.6871147155762,64523.97644800658,-0.1469254493713379,-1.5480220317840576,False
146,new_init_new_dense,ours,42,True,150000,0,150000,37290,3748,9.928450584411621,0.3855869174003601,1.2703198194503784,0.9193099141120911,281.4974784851074,64356.80422000587,-0.16542911529541016,-1.7134511470794678,False
147,new_init_new_dense,ours,42,True,150000,0,150000,37330,3748,9.860493540763855,0.37814223766326904,1.264288306236267,0.9190104603767395,324.80859756469727,65970.15515799285,-0.06795704364776611,-1.7814081907272339,False
148,new_init_new_dense,ours,42,True,150000,0,150000,37304,3748,9.823770523071289,0.37278446555137634,1.2754786014556885,0.9186979532241821,305.79066276550293,67220.57701701124,-0.03672301769256592,-1.8181312084197998,False
149,new_init_new_dense,ours,42,True,150000,0,150000,37267,3748,9.782524108886719,0.36655163764953613,1.2750983238220215,0.9182943105697632,305.0851821899414,68573.05935298791,-0.04124641418457031,-1.8593776226043701,False
150,new_init_new_dense,ours,42,True,150000,0,150000,37278,3748,9.742719531059265,0.36036252975463867,1.2608730792999268,0.9178385734558105,336.1964225769043,70503.89718000952,-0.03980457782745361,-1.8991822004318237,False
1,new_init_new_dense,full,42,True,14073,1267,15340,14073,15340,11.933484077453613,0.5981945991516113,1.3533592224121094,0.8236067891120911,736.4540100097656,7644.140007992974,0.2915823459625244,0.2915823459625244,False
2,new_init_new_dense,full,42,True,15340,1268,16608,15340,16608,12.013721466064453,0.5881075263023376,1.3500676155090332,0.8276432752609253,769.7250843048096,8416.9234699948,0.08023738861083984,0.37181973457336426,False
3,new_init_new_dense,full,42,True,16608,1258,17866,16590,17866,12.007054090499878,0.5679184794425964,1.3537307977676392,0.8321354389190674,790.8604145050049,9116.946435999125,-0.006667375564575195,0.36515235900878906,False
4,new_init_new_dense,full,42,True,17866,1276,19142,17808,19142,12.039637565612793,0.5563176870346069,1.329956293106079,0.8366276025772095,868.4260845184326,9590.028991995496,0.03258347511291504,0.3977358341217041,False
5,new_init_new_dense,full,42,True,19142,1257,20399,19005,20399,12.095119953155518,0.5507321357727051,1.3576617240905762,0.843737006187439,844.5649147033691,9381.059143997845,0.05548238754272461,0.4532182216644287,False
6,new_init_new_dense,full,42,True,20399,1277,21676,20112,21676,12.193598747253418,0.5554231405258179,1.3271864652633667,0.8469792008399963,871.6001510620117,9750.60873500479,0.09847879409790039,0.5516970157623291,False
7,new_init_new_dense,full,42,True,21676,1263,22939,21145,22939,12.28152871131897,0.5588833689689636,1.3301444053649902,0.8508073091506958,979.0616035461426,10869.168883000384,0.08792996406555176,0.6396269798278809,False
8,new_init_new_dense,full,42,True,22939,1274,24213,22055,24213,12.37342119216919,0.564384937286377,1.3249309062957764,0.8543750047683716,930.0789833068848,11458.75898101076,0.09189248085021973,0.7315194606781006,False
9,new_init_new_dense,full,42,True,24213,1264,25477,22811,25477,12.456330060958862,0.566387414932251,1.3069170713424683,0.8561719059944153,992.3315048217773,12172.673989989562,0.08290886878967285,0.8144283294677734,False
10,new_init_new_dense,full,42,True,25477,1296,26773,23467,26773,12.499154806137085,0.5642037391662598,1.3027770519256592,0.8582161664962769,1042.6485538482666,12582.832240994321,0.042824745178222656,0.8572530746459961,False
11,new_init_new_dense,full,42,True,26773,1288,28061,23854,28061,12.436188459396362,0.5496095418930054,1.3014553785324097,0.8600521087646484,1080.2419185638428,13612.279396998929,-0.06296634674072266,0.7942867279052734,False
12,new_init_new_dense,full,42,True,28061,1262,29323,24176,29323,12.279471158981323,0.5256428122520447,1.3109468221664429,0.8613802194595337,1138.1876468658447,15404.771418005112,-0.15671730041503906,0.6375694274902344,False
13,new_init_new_dense,full,42,True,29323,1269,30592,24355,30592,12.119531631469727,0.5016942024230957,1.3437086343765259,0.8636198043823242,1223.6120700836182,14450.765967994812,-0.15993952751159668,0.4776298999786377,False
14,new_init_new_dense,full,42,True,30592,1267,31859,24534,31859,12.00353741645813,0.48382768034935,1.339769721031189,0.8647266030311584,1097.787618637085,15228.623228002107,-0.11599421501159668,0.361635684967041,False
15,new_init_new_dense,full,42,True,31859,1266,33125,24621,33125,11.896597146987915,0.4657191038131714,1.3427830934524536,0.8661068081855774,1174.3698120117188,15387.634581013117,-0.10694026947021484,0.25469541549682617,False
16,new_init_new_dense,full,42,True,33125,1282,34407,24689,34407,11.81698203086853,0.45271050930023193,1.3548604249954224,0.866783857345581,1224.0281105041504,16818.969308005762,-0.07961511611938477,0.1750802993774414,False
17,new_init_new_dense,full,42,True,34407,1235,35642,24752,35642,11.801811456680298,0.44749531149864197,1.364158034324646,0.86893230676651,1224.365234375,17590.21340899926,-0.015170574188232422,0.15990972518920898,False
18,new_init_new_dense,full,42,True,35642,1305,36947,24807,36947,11.687983274459839,0.4259941279888153,1.3583779335021973,0.869713544845581,1262.869119644165,16818.49436199991,-0.11382818222045898,0.04608154296875,False
19,new_init_new_dense,full,42,True,36947,1294,38241,24875,38241,11.645560264587402,0.4190928637981415,1.3727781772613525,0.8706640601158142,1258.3098411560059,17439.48706499941,-0.04242300987243652,0.0036585330963134766,False
20,new_init_new_dense,full,42,True,38241,1264,39505,24942,39505,11.654386520385742,0.41531193256378174,1.3721522092819214,0.8716927170753479,1307.5075149536133,18472.927281007287,0.008826255798339844,0.01248478889465332,False
21,new_init_new_dense,full,42,True,39505,1287,40792,25019,40792,11.609067916870117,0.40537258982658386,1.3786507844924927,0.8723958730697632,1381.0131549835205,19108.97164599737,-0.045318603515625,-0.03283381462097168,False
22,new_init_new_dense,full,42,True,40792,1288,42080,25046,42080,11.636279821395874,0.4093303680419922,1.3801240921020508,0.8731120228767395,1409.3716144561768,19927.87754999881,0.027211904525756836,-0.005621910095214844,False
23,new_init_new_dense,full,42,True,42080,1287,43367,25119,43367,11.684389114379883,0.41523540019989014,1.374384880065918,0.8739062547683716,1404.4339656829834,20152.09428500384,0.04810929298400879,0.042487382888793945,False
24,new_init_new_dense,full,42,True,43367,1277,44644,25152,44644,11.781779527664185,0.4294739365577698,1.3792686462402344,0.8748307228088379,1453.7570476531982,21099.259050999535,0.09739041328430176,0.1398777961730957,False
25,new_init_new_dense,full,42,True,44644,1286,45930,25223,45930,11.857486963272095,0.4425073266029358,1.380873441696167,0.8752083778381348,1484.6220016479492,21736.224576990935,0.07570743560791016,0.21558523178100586,False
26,new_init_new_dense,full,42,True,45930,1282,47212,25225,47212,11.862853765487671,0.44742339849472046,1.3745150566101074,0.8760026097297668,1534.604549407959,22254.215941997245,0.005366802215576172,0.22095203399658203,False
27,new_init_new_dense,full,42,True,47212,1298,48510,25302,48510,11.964842081069946,0.4643101692199707,1.390650987625122,0.8766015768051147,1500.1213550567627,23078.087953006616,0.10198831558227539,0.3229403495788574,False
28,new_init_new_dense,full,42,True,48510,1295,49805,25331,49805,12.14651107788086,0.4894929528236389,1.3963663578033447,0.8776041865348816,1581.221580505371,23004.322309003328,0.18166899681091309,0.5046093463897705,False
29,new_init_new_dense,full,42,True,49805,1271,51076,25381,51076,12.175878286361694,0.4931142330169678,1.3813035488128662,0.8780338764190674,1598.6392498016357,23655.27104200737,0.02936720848083496,0.5339765548706055,False
30,new_init_new_dense,full,42,True,51076,1286,52362,25360,52362,12.19849944114685,0.49505120515823364,1.3605551719665527,0.8782682418823242,1611.274003982544,24236.36056401301,0.02262115478515625,0.5565977096557617,False
31,new_init_new_dense,full,42,True,52362,1273,53635,25441,53635,12.26330041885376,0.5025413036346436,1.3728440999984741,0.8783593773841858,1695.5952644348145,24837.353253999026,0.06480097770690918,0.6213986873626709,False
32,new_init_new_dense,full,42,True,53635,1291,54926,25542,54926,12.291309833526611,0.5037212371826172,1.3679933547973633,0.8785807490348816,1727.1480560302734,25280.53700500459,0.028009414672851562,0.6494081020355225,False
33,new_init_new_dense,full,42,True,54926,1277,56203,25619,56203,12.341281175613403,0.5090762376785278,1.379187822341919,0.87869793176651,1753.528118133545,25837.44179199857,0.04997134208679199,0.6993794441223145,False
34,new_init_new_dense,full,42,True,56203,1250,57453,25669,57453,12.421400547027588,0.5190263986587524,1.3877233266830444,0.8790494799613953,1780.787706375122,26468.57436900609,0.08011937141418457,0.779498815536499,False
35,new_init_new_dense,full,42,True,57453,1274,58727,25744,58727,12.423691749572754,0.5190365314483643,1.4037278890609741,0.8794010877609253,1806.288719177246,27303.2912100025,0.0022912025451660156,0.781790018081665,False
36,new_init_new_dense,full,42,True,58727,1269,59996,25840,59996,12.447541952133179,0.5204116106033325,1.3742294311523438,0.8798958659172058,1799.074649810791,27692.317616994842,0.023850202560424805,0.8056402206420898,False
37,new_init_new_dense,full,42,True,59996,1276,61272,25947,61272,12.513478994369507,0.5260816216468811,1.3766615390777588,0.8802213668823242,1902.9419422149658,28707.704360000207,0.06593704223632812,0.871577262878418,False
38,new_init_new_dense,full,42,True,61272,1298,62570,26045,62570,12.51843810081482,0.5232361555099487,1.3715113401412964,0.8808333277702332,2013.6387348175049,30699.133547997917,0.0049591064453125,0.8765363693237305,False
39,new_init_new_dense,full,42,True,62570,1283,63853,26180,63853,12.46071457862854,0.5134193897247314,1.3660844564437866,0.8813281655311584,2068.6120986938477,31892.931196009158,-0.0577235221862793,0.8188128471374512,False
40,new_init_new_dense,full,42,True,63853,1280,65133,26283,65133,12.37391710281372,0.5010825991630554,1.3770989179611206,0.8818750381469727,2041.517972946167,33978.256389003946,-0.08679747581481934,0.7320153713226318,False
41,new_init_new_dense,full,42,True,65133,1274,66407,26405,66407,12.355722188949585,0.4980608820915222,1.3343936204910278,0.883385419845581,2336.350679397583,34362.5508529949,-0.018194913864135742,0.7138204574584961,False
42,new_init_new_dense,full,42,True,66407,1275,67682,26516,67682,12.329680919647217,0.4914066791534424,1.379137635231018,0.8841536641120911,2082.597255706787,33148.2079540001,-0.026041269302368164,0.6877791881561279,False
43,new_init_new_dense,full,42,True,67682,1280,68962,26634,68962,12.239621877670288,0.47755521535873413,1.3639298677444458,0.8851562738418579,2057.4278831481934,32659.763349991408,-0.09005904197692871,0.5977201461791992,False
44,new_init_new_dense,full,42,True,68962,1275,70237,26755,70237,12.212133407592773,0.47226792573928833,1.364288330078125,0.8868099451065063,2178.46941947937,32894.69088599435,-0.02748847007751465,0.5702316761016846,False
45,new_init_new_dense,full,42,True,70237,1293,71530,26844,71530,12.1840238571167,0.4679742753505707,1.3680974245071411,0.8876172304153442,2163.367748260498,33977.45902299357,-0.02810955047607422,0.5421221256256104,False
46,new_init_new_dense,full,42,True,71530,1275,72805,26986,72805,12.237249612808228,0.47390255331993103,1.350675106048584,0.8888411521911621,2150.230884552002,34055.506159988,0.05322575569152832,0.5953478813171387,False
47,new_init_new_dense,full,42,True,72805,1296,74101,27080,74101,12.295831441879272,0.4798353612422943,1.3394204378128052,0.8897265791893005,2183.309316635132,33957.61294499971,0.05858182907104492,0.6539297103881836,False
48,new_init_new_dense,full,42,True,74101,1285,75386,27219,75386,12.302128076553345,0.4798804521560669,1.3276903629302979,0.890625,2158.73384475708,33225.12891099905,0.006296634674072266,0.6602263450622559,False
49,new_init_new_dense,full,42,True,75386,1283,76669,27358,76669,12.265138626098633,0.47475969791412354,1.3291631937026978,0.8912760615348816,2234.5616817474365,34440.46916200023,-0.036989450454711914,0.623236894607544,False
50,new_init_new_dense,full,42,True,76669,1298,77967,27494,77967,12.24440336227417,0.47015365958213806,1.32369863986969,0.8939713835716248,2220.158100128174,34246.118884999305,-0.02073526382446289,0.602501630783081,False
51,new_init_new_dense,full,42,True,77967,1328,79295,27554,79295,12.222617864608765,0.46556878089904785,1.3084405660629272,0.8945833444595337,2266.418933868408,35900.79264900123,-0.021785497665405273,0.5807161331176758,False
52,new_init_new_dense,full,42,True,79295,1298,80593,27660,80593,12.220503091812134,0.46393299102783203,1.2787750959396362,0.89627605676651,2346.82035446167,36375.12475499534,-0.0021147727966308594,0.5786013603210449,False
53,new_init_new_dense,full,42,True,80593,1303,81896,27759,81896,12.23888874053955,0.4653763175010681,1.302297830581665,0.8973568081855774,2361.3438606262207,37724.58930700668,0.018385648727416992,0.5969870090484619,False
54,new_init_new_dense,full,42,True,81896,1274,83170,27852,83170,12.277082204818726,0.47039327025413513,1.2895194292068481,0.8980990052223206,2476.2051105499268,38729.470582999056,0.038193464279174805,0.6351804733276367,False
55,new_init_new_dense,full,42,True,83170,1286,84456,27924,84456,12.31996774673462,0.4768311381340027,1.2881295680999756,0.8997005224227905,2478.6808490753174,38664.733978002914,0.042885541915893555,0.6780660152435303,False
56,new_init_new_dense,full,42,True,84456,1280,85736,27982,85736,12.34862208366394,0.4796726107597351,1.2992342710494995,0.9001432657241821,2470.492362976074,39051.48804899363,0.02865433692932129,0.7067203521728516,False
57,new_init_new_dense,full,42,True,85736,1295,87031,28074,87031,12.348190546035767,0.47831594944000244,1.28946053981781,0.9013281464576721,2495.7175254821777,39090.25696000026,-0.0004315376281738281,0.7062888145446777,False
58,new_init_new_dense,full,42,True,87031,1303,88334,28199,88334,12.341424226760864,0.4767240285873413,1.262520432472229,0.9022265672683716,2534.0657234191895,39359.96550699929,-0.006766319274902344,0.6995224952697754,False
59,new_init_new_dense,full,42,True,88334,1303,89637,28260,89637,12.299730777740479,0.46984896063804626,1.265318512916565,0.902122437953949,2523.3407020568848,40062.1597559948,-0.04169344902038574,0.6578290462493896,False
60,new_init_new_dense,full,42,True,89637,1278,90915,28351,90915,12.336139678955078,0.47374722361564636,1.2605655193328857,0.9043489694595337,2628.062963485718,40716.95090799767,0.03640890121459961,0.6942379474639893,False
61,new_init_new_dense,full,42,True,90915,1302,92217,28471,92217,12.42088794708252,0.48690056800842285,1.2709484100341797,0.9046614766120911,2605.863571166992,41404.86909799802,0.0847482681274414,0.7789862155914307,False
62,new_init_new_dense,full,42,True,92217,1316,93533,28574,93533,12.6840341091156,0.49176034331321716,1.2879632711410522,0.9050781726837158,2644.0210342407227,41560.8192459913,0.26314616203308105,1.0421323776245117,False
63,new_init_new_dense,full,42,True,93533,1297,94830,28745,94830,12.518106698989868,0.4938497543334961,1.2786184549331665,0.9055078625679016,2703.226089477539,42529.1035239934,-0.16592741012573242,0.8762049674987793,False
64,new_init_new_dense,full,42,True,94830,1313,96143,28851,96143,12.289185523986816,0.49850350618362427,1.2816275358200073,0.9059765934944153,2748.0201721191406,42746.05402900488,-0.22892117500305176,0.6472837924957275,False
65,new_init_new_dense,full,42,True,96143,1300,97443,29004,97443,12.048181295394897,0.49942684173583984,1.2921593189239502,0.90680992603302,2705.311059951782,43354.17261000839,-0.24100422859191895,0.4062795639038086,False
66,new_init_new_dense,full,42,True,97443,1290,98733,29104,98733,11.792027950286865,0.5004708766937256,1.2768893241882324,0.907981812953949,2750.1800060272217,44107.35669899441,-0.2561533451080322,0.15012621879577637,False
67,new_init_new_dense,full,42,True,98733,1263,99996,29241,99996,11.470746994018555,0.5051038265228271,1.2787196636199951,0.9079166650772095,2804.9156665802,44427.03233400243,-0.32128095626831055,-0.17115473747253418,False
68,new_init_new_dense,full,42,True,99996,1293,101289,29352,101289,10.943779945373535,0.5038780570030212,1.2813293933868408,0.9089844226837158,2859.9913120269775,44968.15606800374,-0.5269670486450195,-0.6981217861175537,False
69,new_init_new_dense,full,42,True,101289,1283,102572,29486,102572,10.605683326721191,0.5014755129814148,1.2775572538375854,0.9094401001930237,2846.271276473999,45485.13100600394,-0.33809661865234375,-1.0362184047698975,False
70,new_init_new_dense,full,42,True,102572,1287,103859,29644,103859,10.308122634887695,0.4961182475090027,1.2599462270736694,0.9100130200386047,2932.953357696533,45959.922611989896,-0.2975606918334961,-1.3337790966033936,False
71,new_init_new_dense,full,42,True,103859,1298,105157,29770,105157,9.845079183578491,0.4874624013900757,1.261017918586731,0.9109635353088379,2934.1025352478027,47090.83012799965,-0.4630434513092041,-1.7968225479125977,False
72,new_init_new_dense,full,42,True,105157,1285,106442,29873,106442,9.499170780181885,0.4816986918449402,1.2601795196533203,0.9111979603767395,3035.8898639678955,48355.59527199075,-0.34590840339660645,-2.142730951309204,False
73,new_init_new_dense,full,42,True,106442,1294,107736,30062,107736,9.965057373046875,0.4902099072933197,1.2501779794692993,0.9125911593437195,3171.530246734619,49679.34764000529,0.46588659286499023,-1.6768443584442139,False
74,new_init_new_dense,full,42,True,107736,1286,109022,30203,109022,10.001070499420166,0.48942965269088745,1.2518121004104614,0.9141666889190674,3142.338275909424,51896.272571000736,0.036013126373291016,-1.6408312320709229,False
75,new_init_new_dense,full,42,True,109022,1323,110345,30378,110345,10.063447952270508,0.49274343252182007,1.2656397819519043,0.9149479269981384,3199.312686920166,52773.75653901254,0.0623774528503418,-1.578453779220581,False
76,new_init_new_dense,full,42,True,110345,1288,111633,30513,111633,10.164341926574707,0.5022326111793518,1.2582036256790161,0.9152994751930237,3240.1418685913086,52750.05960499402,0.10089397430419922,-1.4775598049163818,False
77,new_init_new_dense,full,42,True,111633,1288,112921,30659,112921,10.26292085647583,0.513460636138916,1.2658498287200928,0.9145573377609253,3310.0781440734863,53160.90554698894,0.09857892990112305,-1.3789808750152588,False
78,new_init_new_dense,full,42,True,112921,1303,114224,30826,114224,10.316364765167236,0.5162133574485779,1.2712706327438354,0.9164713621139526,3171.8344688415527,52861.714643004234,0.05344390869140625,-1.3255369663238525,False
79,new_init_new_dense,full,42,True,114224,1286,115510,31011,115510,10.365374088287354,0.5201601386070251,1.2702319622039795,0.9171745181083679,3202.892780303955,51395.57115000207,0.04900932312011719,-1.2765276432037354,False
80,new_init_new_dense,full,42,True,115510,1280,116790,31192,116790,10.388492345809937,0.5196624994277954,1.275970697402954,0.9178776144981384,3256.2501430511475,52068.78788099857,0.023118257522583008,-1.2534093856811523,False
81,new_init_new_dense,full,42,True,116790,1283,118073,31306,118073,10.481231212615967,0.5280808806419373,1.2750295400619507,0.9189192652702332,3256.290912628174,51854.16915199312,0.09273886680603027,-1.160670518875122,False
82,new_init_new_dense,full,42,True,118073,1283,119356,31488,119356,10.521789789199829,0.5314082503318787,1.2686805725097656,0.919348955154419,3276.162624359131,52777.27987499384,0.040558576583862305,-1.1201119422912598,False
83,new_init_new_dense,full,42,True,119356,1312,120668,31645,120668,10.565378665924072,0.5330779552459717,1.261030673980713,0.9195703268051147,3354.8855781555176,53508.93988300231,0.043588876724243164,-1.0765230655670166,False
84,new_init_new_dense,full,42,True,120668,1283,121951,31760,121951,10.628654956817627,0.5388937592506409,1.2623690366744995,0.9199609756469727,3368.2408332824707,53956.499759995495,0.06327629089355469,-1.013246774673462,False
85,new_init_new_dense,full,42,True,121951,1302,123253,31862,123253,10.660041570663452,0.5408934950828552,1.2445714473724365,0.9205599427223206,3436.312437057495,56627.69817998924,0.031386613845825195,-0.9818601608276367,False
86,new_init_new_dense,full,42,True,123253,1297,124550,31967,124550,10.742913484573364,0.549537181854248,1.2550419569015503,0.9213802218437195,3449.535369873047,56004.48933998996,0.08287191390991211,-0.8989882469177246,False
87,new_init_new_dense,full,42,True,124550,1288,125838,32053,125838,10.83613634109497,0.5591813921928406,1.2508444786071777,0.9215885400772095,3482.7141761779785,55875.440167001216,0.09322285652160645,-0.8057653903961182,False
88,new_init_new_dense,full,42,True,125838,1309,127147,32104,127147,10.898399353027344,0.5642656087875366,1.247820258140564,0.9226171970367432,3652.7626514434814,58376.817980999476,0.06226301193237305,-0.7435023784637451,False
89,new_init_new_dense,full,42,True,127147,1322,128469,32158,128469,10.93355417251587,0.5650885105133057,1.256385087966919,0.9229167103767395,3551.32794380188,59371.47446200834,0.03515481948852539,-0.7083475589752197,False
90,new_init_new_dense,full,42,True,128469,1286,129755,32218,129755,10.986608266830444,0.5679901838302612,1.2424522638320923,0.923828125,3624.9330043792725,61170.08752700349,0.053054094314575195,-0.6552934646606445,False
91,new_init_new_dense,full,42,True,129755,1329,131084,32267,131084,11.078039407730103,0.5760981440544128,1.2372044324874878,0.9246354103088379,3619.5666790008545,59341.131886001676,0.0914311408996582,-0.5638623237609863,False
92,new_init_new_dense,full,42,True,131084,1301,132385,32219,132385,11.175994873046875,0.5845487117767334,1.2495620250701904,0.9253515601158142,3667.8683757781982,59562.22367899318,0.09795546531677246,-0.46590685844421387,False
93,new_init_new_dense,full,42,True,132385,1321,133706,32249,133706,11.290980577468872,0.5957023501396179,1.2680778503417969,0.9263802170753479,3726.9113063812256,59944.66858400847,0.11498570442199707,-0.3509211540222168,False
94,new_init_new_dense,full,42,True,133706,1321,135027,32285,135027,11.353378295898438,0.6011559367179871,1.273964524269104,0.9271745085716248,3735.386848449707,60307.14275898936,0.06239771842956543,-0.28852343559265137,False
95,new_init_new_dense,full,42,True,135027,1302,136329,32201,136329,11.35853886604309,0.5982571840286255,1.2602794170379639,0.9283463954925537,4073.9665031433105,62480.265181991854,0.00516057014465332,-0.28336286544799805,False
96,new_init_new_dense,full,42,True,136329,1325,137654,32286,137654,11.444675922393799,0.605026364326477,1.2604564428329468,0.9293490052223206,3783.043384552002,60834.011623999686,0.08613705635070801,-0.19722580909729004,False
97,new_init_new_dense,full,42,True,137654,1309,138963,32313,138963,11.431940793991089,0.6016222238540649,1.2503975629806519,0.9317838549613953,3782.0794582366943,63465.852527995594,-0.012735128402709961,-0.2099609375,False
98,new_init_new_dense,full,42,True,138963,1299,140262,32315,140262,11.455347537994385,0.6012651324272156,1.245924472808838,0.9326302409172058,3793.5173511505127,62702.278936005314,0.0234067440032959,-0.1865541934967041,False
99,new_init_new_dense,full,42,True,140262,1335,141597,32254,141597,11.601240634918213,0.6146713495254517,1.2762237787246704,0.9338672161102295,3900.981664657593,65797.93677799171,0.14589309692382812,-0.04066109657287598,False
100,new_init_new_dense,full,42,True,141597,0,96595,32359,142914,11.716561317443848,0.625389575958252,1.2601155042648315,0.9359896183013916,3839.4739627838135,63640.874350006925,0.11532068252563477,0.07465958595275879,False
101,new_init_new_dense,full,42,True,96595,1307,97902,32255,97902,11.742770671844482,0.6241201758384705,1.2659832239151,0.9366406202316284,2911.4913940429688,44473.52187101205,0.026209354400634766,0.10086894035339355,False
102,new_init_new_dense,full,42,True,97902,1315,99217,32227,99217,11.879806518554688,0.6357843279838562,1.2656323909759521,0.93729168176651,2837.8493785858154,44721.879557007924,0.13703584671020508,0.23790478706359863,False
103,new_init_new_dense,full,42,True,99217,1333,100550,32282,100550,11.891815662384033,0.6353528499603271,1.2763854265213013,0.9381120204925537,2960.0625038146973,46411.2921479973,0.012009143829345703,0.24991393089294434,False
104,new_init_new_dense,full,42,True,100550,1330,101880,32383,101880,11.720595359802246,0.6137484312057495,1.245270013809204,0.9388932585716248,2826.169013977051,45374.01456400403,-0.1712203025817871,0.07869362831115723,False
105,new_init_new_dense,full,42,True,101880,1332,103212,32545,103212,11.74733281135559,0.6141566038131714,1.2433552742004395,0.9396354556083679,2918.518304824829,45946.68581199949,0.026737451553344727,0.10543107986450195,False
106,new_init_new_dense,full,42,True,103212,1297,104509,32553,104509,11.767274141311646,0.6147111654281616,1.2519007921218872,0.9403776526451111,3024.146556854248,48859.30953199568,0.019941329956054688,0.12537240982055664,False
107,new_init_new_dense,full,42,True,104509,1367,105876,32593,105876,11.73250675201416,0.6078527569770813,1.262516975402832,0.9412890672683716,3105.185031890869,49198.24232599058,-0.03476738929748535,0.09060502052307129,False
108,new_init_new_dense,full,42,True,105876,1328,107204,32595,107204,11.877433061599731,0.6200098395347595,1.235853910446167,0.9422526359558105,3101.4580726623535,49813.911247998476,0.1449263095855713,0.23553133010864258,False
109,new_init_new_dense,full,42,True,107204,1349,108553,32676,108553,11.928987503051758,0.624093234539032,1.2403429746627808,0.9429166913032532,3176.562547683716,50107.46276800637,0.05155444145202637,0.28708577156066895,False
110,new_init_new_dense,full,42,True,108553,1331,109884,32783,109884,11.996442079544067,0.6288472414016724,1.234188199043274,0.9434375166893005,3094.5184230804443,49614.37494700658,0.06745457649230957,0.3545403480529785,False
111,new_init_new_dense,full,42,True,109884,1341,111225,32799,111225,11.956430673599243,0.6210152506828308,1.2372839450836182,0.9442057609558105,3209.5389366149902,51236.23933499039,-0.04001140594482422,0.3145289421081543,False
112,new_init_new_dense,full,42,True,111225,1320,112545,32838,112545,11.860008239746094,0.6103256940841675,1.2597320079803467,0.9448437690734863,3167.7486896514893,51052.69798300287,-0.09642243385314941,0.21810650825500488,False
113,new_init_new_dense,full,42,True,112545,1339,113884,32775,113884,11.870815753936768,0.6095219254493713,1.2413766384124756,0.9449349045753479,3208.7743282318115,51404.294306004886,0.010807514190673828,0.2289140224456787,False
114,new_init_new_dense,full,42,True,113884,1355,115239,32753,115239,11.8379807472229,0.6035321354866028,1.241556167602539,0.9453906416893005,3227.8542518615723,52122.61841099826,-0.03283500671386719,0.19607901573181152,False
115,new_init_new_dense,full,42,True,115239,1346,116585,32742,116585,11.940330266952515,0.6125266551971436,1.2508574724197388,0.9459896087646484,3244.744300842285,52268.06051199674,0.10234951972961426,0.2984285354614258,False
116,new_init_new_dense,full,42,True,116585,1316,117901,32721,117901,12.075413465499878,0.6233305335044861,1.2198504209518433,0.9464974403381348,3254.7121047973633,52984.489146008855,0.13508319854736328,0.43351173400878906,False
117,new_init_new_dense,full,42,True,117901,1328,119229,32722,119229,12.062820196151733,0.620262861251831,1.2264686822891235,0.9472135901451111,3318.9220428466797,53601.15042600955,-0.012593269348144531,0.42091846466064453,False
118,new_init_new_dense,full,42,True,119229,1355,120584,32823,120584,11.986340284347534,0.6123917102813721,1.2429529428482056,0.9469140768051147,3386.1331939697266,54710.63769499597,-0.07647991180419922,0.3444385528564453,False
119,new_init_new_dense,full,42,True,120584,1351,121935,32827,121935,11.944359540939331,0.6070385575294495,1.2318098545074463,0.9473568201065063,3391.2582397460938,54833.76579999458,-0.041980743408203125,0.3024578094482422,False
120,new_init_new_dense,full,42,True,121935,1359,123294,32917,123294,11.820697784423828,0.5944735407829285,1.2375937700271606,0.9473958611488342,3397.4432945251465,55711.18619099434,-0.12366175651550293,0.17879605293273926,False
121,new_init_new_dense,full,42,True,123294,1361,124655,32965,124655,11.834336519241333,0.5951547622680664,1.2393139600753784,0.9477734565734863,3471.2648391723633,56066.55711100029,0.013638734817504883,0.19243478775024414,False
122,new_init_new_dense,full,42,True,124655,1324,125979,32926,125979,11.937310695648193,0.6032799482345581,1.2277296781539917,0.9479297399520874,3427.612066268921,56848.94111100584,0.10297417640686035,0.2954089641571045,False
123,new_init_new_dense,full,42,True,125979,1363,127342,33123,127342,11.95751428604126,0.6042022705078125,1.2194756269454956,0.9489453434944153,3553.1535148620605,57168.3447430114,0.020203590393066406,0.3156125545501709,False
124,new_init_new_dense,full,42,True,127342,1337,128679,33172,128679,11.989619731903076,0.6062326431274414,1.227573275566101,0.9493359327316284,3567.579507827759,57445.04965899978,0.032105445861816406,0.3477180004119873,False
125,new_init_new_dense,full,42,True,128679,1359,130038,33326,130038,12.009191513061523,0.6072027683258057,1.2201365232467651,0.9498437643051147,3558.6252212524414,58534.4547820132,0.019571781158447266,0.36728978157043457,False
126,new_init_new_dense,full,42,True,130038,1375,131413,33484,131413,11.970402002334595,0.6025701761245728,1.216447353363037,0.9502474069595337,3599.109411239624,59114.983988998574,-0.03878951072692871,0.32850027084350586,False
127,new_init_new_dense,full,42,True,131413,1342,132755,33681,132755,11.863101720809937,0.5913682579994202,1.2256203889846802,0.9511067867279053,3623.2314109802246,59293.7804809917,-0.1073002815246582,0.22119998931884766,False
128,new_init_new_dense,full,42,True,132755,1364,134119,33924,134119,11.906906366348267,0.5943072438240051,1.2157188653945923,0.9523047208786011,3695.152759552002,60594.428903990774,0.04380464553833008,0.26500463485717773,False
129,new_init_new_dense,full,42,True,134119,1373,135492,34023,135492,11.960422992706299,0.5985154509544373,1.2271058559417725,0.9530338644981384,3739.694118499756,61027.89451200806,0.05351662635803223,0.31852126121520996,False
130,new_init_new_dense,full,42,True,135492,1370,136862,34126,136862,12.049990892410278,0.6064068078994751,1.2305248975753784,0.9535156488418579,3722.139596939087,61330.56241899612,0.08956789970397949,0.40808916091918945,False
131,new_init_new_dense,full,42,True,136862,1367,138229,34231,138229,12.17822551727295,0.6169841885566711,1.2062723636627197,0.9542708396911621,3778.5847187042236,61749.1995679884,0.1282346248626709,0.5363237857818604,False
132,new_init_new_dense,full,42,True,138229,1357,139586,34425,139586,12.174052000045776,0.6150696277618408,1.2192871570587158,0.9545182585716248,3852.7207374572754,62968.39572599856,-0.0041735172271728516,0.5321502685546875,False
133,new_init_new_dense,full,42,True,139586,1365,140951,34527,140951,12.203127145767212,0.6175012588500977,1.226116418838501,0.9550520777702332,3827.1703720092773,63543.70433599979,0.029075145721435547,0.561225414276123,False
134,new_init_new_dense,full,42,True,140951,1355,142306,34634,142306,12.35012412071228,0.630065381526947,1.2161208391189575,0.9552213549613953,3911.9927883148193,64027.14341800311,0.14699697494506836,0.7082223892211914,False
135,new_init_new_dense,full,42,True,142306,1368,143674,34722,143674,12.501649856567383,0.642176628112793,1.224692702293396,0.9555469155311584,3856.341600418091,63830.389137001475,0.15152573585510254,0.859748125076294,False
136,new_init_new_dense,full,42,True,143674,1362,145036,34813,145036,12.454050779342651,0.636885404586792,1.2090266942977905,0.9562109708786011,3917.5894260406494,64418.40441999375,-0.047599077224731445,0.8121490478515625,False
137,new_init_new_dense,full,42,True,145036,1358,146394,34868,146394,12.430901527404785,0.6349772810935974,1.22779381275177,0.9564323425292969,4132.299900054932,70343.91376799613,-0.02314925193786621,0.7889997959136963,False
138,new_init_new_dense,full,42,True,146394,1362,147756,34939,147756,12.282570600509644,0.6211249828338623,1.2191981077194214,0.9566406607627869,4264.206886291504,69919.93961100525,-0.1483309268951416,0.6406688690185547,False
139,new_init_new_dense,full,42,True,147756,1362,149118,35054,149118,12.117142677307129,0.6062438488006592,1.2166786193847656,0.9567317962646484,4175.540208816528,71066.9747100037,-0.16542792320251465,0.47524094581604004,False
140,new_init_new_dense,full,42,True,149118,798,149916,35235,149916,12.018718719482422,0.5980154275894165,1.2089544534683228,0.9565495252609253,4179.463148117065,69935.74999900011,-0.09842395782470703,0.376816987991333,False
141,new_init_new_dense,full,42,True,149916,80,149996,35447,149996,11.925032138824463,0.5892793536186218,1.2163331508636475,0.956627607345581,4077.697992324829,68244.35425299453,-0.09368658065795898,0.283130407333374,False
142,new_init_new_dense,full,42,True,149996,4,150000,35408,150000,11.856251955032349,0.5827879905700684,1.208824634552002,0.9567317962646484,4141.543865203857,68819.53589600744,-0.06878018379211426,0.21435022354125977,False
143,new_init_new_dense,full,42,True,150000,0,150000,35403,150000,11.739823818206787,0.5706636905670166,1.189795732498169,0.9565495252609253,4141.217231750488,69061.27378500241,-0.11642813682556152,0.09792208671569824,False
144,new_init_new_dense,full,42,True,150000,0,150000,35429,150000,11.541471481323242,0.5516497492790222,1.2047687768936157,0.9568619728088379,4177.93345451355,68899.93282299838,-0.19835233688354492,-0.10043025016784668,False
145,new_init_new_dense,full,42,True,150000,0,150000,35399,150000,11.324106454849243,0.5276498794555664,1.2010276317596436,0.9569922089576721,4150.189399719238,68879.696005999,-0.21736502647399902,-0.3177952766418457,False
146,new_init_new_dense,full,42,True,150000,0,150000,35378,150000,11.068335771560669,0.4998859167098999,1.1980979442596436,0.9567708373069763,4272.6569175720215,68820.18788800633,-0.2557706832885742,-0.5735659599304199,False
147,new_init_new_dense,full,42,True,150000,0,150000,35353,150000,10.993448495864868,0.4935491681098938,1.1914403438568115,0.9569792151451111,4135.842084884644,68015.43544299784,-0.07488727569580078,-0.6484532356262207,False
148,new_init_new_dense,full,42,True,150000,0,150000,35321,150000,10.984035730361938,0.49244219064712524,1.199331283569336,0.9570833444595337,4147.366046905518,68212.95097999973,-0.009412765502929688,-0.6578660011291504,False
149,new_init_new_dense,full,42,True,150000,0,150000,35215,150000,10.959856510162354,0.4894704818725586,1.199660062789917,0.9575000405311584,4160.550832748413,68672.79407399474,-0.02417922019958496,-0.6820452213287354,False
150,new_init_new_dense,full,42,True,150000,0,150000,35164,150000,10.9187650680542,0.4847980737686157,1.1849067211151123,0.9569661617279053,4130.372762680054,68209.86510299554,-0.0410914421081543,-0.7231366634368896,False
