frame,config,policy,seed,densification_enabled,N_before,N_new,N_after,N_visible,N_optimized,PSNR,SSIM,depth_L1,coverage,opt_time_ms,frame_time_ms,delta_psnr_step,delta_psnr_cumul,has_nan_inf
1,new_init_new_dense,no_op,42,True,14073,569,14642,14073,0,20.961694717407227,0.6329941749572754,0.1917351633310318,0.8106901049613953,0.0,611.6017199965427,-1.3777732849121094,-1.3777732849121094,False
2,new_init_new_dense,no_op,42,True,14642,524,15166,14629,0,17.85884976387024,0.5762892961502075,0.1577678769826889,0.8179687857627869,0.0,524.6146699937526,-3.1028449535369873,-4.480618238449097,False
3,new_init_new_dense,no_op,42,True,15166,711,15877,15141,0,16.5679669380188,0.5370830297470093,0.1585550457239151,0.8245833516120911,0.0,534.2296949966112,-1.2908828258514404,-5.771501064300537,False
4,new_init_new_dense,no_op,42,True,15877,792,16669,15802,0,15.872801542282104,0.5091256499290466,0.14932319521903992,0.832994818687439,0.0,550.0494510051794,-0.6951653957366943,-6.4666664600372314,False
5,new_init_new_dense,no_op,42,True,16669,797,17466,16475,0,16.341758966445923,0.524532675743103,0.15284764766693115,0.8428125381469727,0.0,566.5583759982837,0.46895742416381836,-5.997709035873413,False
6,new_init_new_dense,no_op,42,True,17466,635,18101,17100,0,16.692675352096558,0.5353052616119385,0.1322796493768692,0.8468099236488342,0.0,611.3550260051852,0.35091638565063477,-5.646792650222778,False
7,new_init_new_dense,no_op,42,True,18101,564,18665,17500,0,17.139525413513184,0.555414080619812,0.13721001148223877,0.8513932228088379,0.0,652.2465949965408,0.446850061416626,-5.199942588806152,False
8,new_init_new_dense,no_op,42,True,18665,583,19248,17819,0,17.046724557876587,0.5537752509117126,0.13064882159233093,0.85484379529953,0.0,629.0400270081591,-0.09280085563659668,-5.292743444442749,False
9,new_init_new_dense,no_op,42,True,19248,642,19890,18151,0,16.44377827644348,0.5286253690719604,0.12652383744716644,0.8574739694595337,0.0,637.0765329920687,-0.6029462814331055,-5.8956897258758545,False
10,new_init_new_dense,no_op,42,True,19890,686,20576,18519,0,16.475058794021606,0.5296813249588013,0.1281658411026001,0.8580338954925537,0.0,641.5115220006555,0.031280517578125,-5.8644092082977295,False
11,new_init_new_dense,no_op,42,True,20576,639,21215,18822,0,16.71168327331543,0.5342175364494324,0.12594158947467804,0.8588151335716248,0.0,647.6072660007048,0.23662447929382324,-5.627784729003906,False
12,new_init_new_dense,no_op,42,True,21215,753,21968,19088,0,16.676254272460938,0.5279302597045898,0.13950397074222565,0.8600390553474426,0.0,687.7659310121089,-0.03542900085449219,-5.663213729858398,False
13,new_init_new_dense,no_op,42,True,21968,765,22733,19320,0,16.819056272506714,0.5244145393371582,0.15306226909160614,0.8591145873069763,0.0,716.3209020072827,0.14280200004577637,-5.520411729812622,False
14,new_init_new_dense,no_op,42,True,22733,773,23506,19533,0,16.76694631576538,0.5151395201683044,0.1560792475938797,0.860755205154419,0.0,709.4544379942818,-0.05210995674133301,-5.572521686553955,False
15,new_init_new_dense,no_op,42,True,23506,857,24363,19757,0,16.483465433120728,0.4943883419036865,0.16971012949943542,0.8590885400772095,0.0,745.842945005279,-0.2834808826446533,-5.856002569198608,False
16,new_init_new_dense,no_op,42,True,24363,925,25288,20000,0,16.221224069595337,0.4765654504299164,0.1825520098209381,0.858593761920929,0.0,773.1889879942173,-0.2622413635253906,-6.118243932723999,False
17,new_init_new_dense,no_op,42,True,25288,959,26247,20190,0,16.26783847808838,0.4742790460586548,0.1956663429737091,0.8592838644981384,0.0,790.2899340115255,0.04661440849304199,-6.071629524230957,False
18,new_init_new_dense,no_op,42,True,26247,1012,27259,20304,0,15.654823780059814,0.43927764892578125,0.20311878621578217,0.8598437905311584,0.0,815.7813949947013,-0.6130146980285645,-6.6846442222595215,False
19,new_init_new_dense,no_op,42,True,27259,1143,28402,20642,0,15.544602870941162,0.42973756790161133,0.22087112069129944,0.8592187762260437,0.0,823.8551760005066,-0.11022090911865234,-6.794865131378174,False
20,new_init_new_dense,no_op,42,True,28402,1132,29534,20886,0,15.474244356155396,0.4211122393608093,0.2163148820400238,0.8589062690734863,0.0,856.1339209991274,-0.0703585147857666,-6.86522364616394,False
21,new_init_new_dense,no_op,42,True,29534,1201,30735,21137,0,14.939074516296387,0.3899446427822113,0.22624821960926056,0.8619270920753479,0.0,886.3397170061944,-0.5351698398590088,-7.400393486022949,False
22,new_init_new_dense,no_op,42,True,30735,1209,31944,21403,0,15.265494585037231,0.41115817427635193,0.2281072586774826,0.8661198019981384,0.0,944.8496870027157,0.3264200687408447,-7.0739734172821045,False
23,new_init_new_dense,no_op,42,True,31944,1211,33155,21626,0,15.44265627861023,0.41751569509506226,0.22166824340820312,0.8660286664962769,0.0,970.9389070048928,0.17716169357299805,-6.8968117237091064,False
24,new_init_new_dense,no_op,42,True,33155,1141,34296,21562,0,15.356388092041016,0.42116743326187134,0.21422351896762848,0.8691145777702332,0.0,1015.6114989949856,-0.08626818656921387,-6.98307991027832,False
25,new_init_new_dense,no_op,42,True,34296,1268,35564,21475,0,15.144619941711426,0.4275714159011841,0.234906867146492,0.8737630248069763,0.0,1040.568450000137,-0.21176815032958984,-7.19484806060791,False
26,new_init_new_dense,no_op,42,True,35564,1328,36892,21312,0,14.957271814346313,0.4271634519100189,0.24510358273983002,0.87730473279953,0.0,1119.1877459932584,-0.1873481273651123,-7.3821961879730225,False
27,new_init_new_dense,no_op,42,True,36892,1424,38316,21299,0,14.877582788467407,0.44522446393966675,0.2536129355430603,0.8818880319595337,0.0,1129.3648749997374,-0.07968902587890625,-7.461885213851929,False
28,new_init_new_dense,no_op,42,True,38316,1376,39692,21392,0,15.16331672668457,0.4710494875907898,0.2532486915588379,0.8838021159172058,0.0,1113.5711319948314,0.2857339382171631,-7.176151275634766,False
29,new_init_new_dense,no_op,42,True,39692,1342,41034,21368,0,15.313537120819092,0.4720819890499115,0.2393481284379959,0.8827344179153442,0.0,1143.8537889916915,0.15022039413452148,-7.025930881500244,False
30,new_init_new_dense,no_op,42,True,41034,1202,42236,21353,0,15.354281663894653,0.47298499941825867,0.22529567778110504,0.8811067938804626,0.0,1175.0096009927802,0.04074454307556152,-6.985186338424683,False
31,new_init_new_dense,no_op,42,True,42236,1238,43474,21387,0,15.442073345184326,0.47946131229400635,0.23813828825950623,0.8804948329925537,0.0,1200.8802089985693,0.08779168128967285,-6.89739465713501,False
32,new_init_new_dense,no_op,42,True,43474,1255,44729,21406,0,15.520323514938354,0.47463688254356384,0.23014022409915924,0.8778906464576721,0.0,1233.7623509956757,0.07825016975402832,-6.8191444873809814,False
33,new_init_new_dense,no_op,42,True,44729,1162,45891,21403,0,15.624117851257324,0.4735200107097626,0.23353564739227295,0.8750260472297668,0.0,1265.1022560021374,0.10379433631896973,-6.715350151062012,False
34,new_init_new_dense,no_op,42,True,45891,1246,47137,21333,0,15.715221166610718,0.4904540777206421,0.2507230043411255,0.8769922256469727,0.0,1304.8871169885388,0.09110331535339355,-6.624246835708618,False
35,new_init_new_dense,no_op,42,True,47137,1266,48403,21203,0,15.712265968322754,0.4909648299217224,0.2510734796524048,0.8763151168823242,0.0,1329.8001609946368,-0.002955198287963867,-6.627202033996582,False
36,new_init_new_dense,no_op,42,True,48403,1178,49581,21169,0,15.712867975234985,0.4921625554561615,0.23848962783813477,0.8749219179153442,0.0,1395.092784994631,0.0006020069122314453,-6.626600027084351,False
37,new_init_new_dense,no_op,42,True,49581,1190,50771,21229,0,15.966321229934692,0.4951556324958801,0.24159827828407288,0.8721615076065063,0.0,1421.0585450055078,0.25345325469970703,-6.3731467723846436,False
38,new_init_new_dense,no_op,42,True,50771,1153,51924,21421,0,16.051065921783447,0.4838268458843231,0.23438207805156708,0.8683463931083679,0.0,1435.1931619894458,0.08474469184875488,-6.288402080535889,False
39,new_init_new_dense,no_op,42,True,51924,1109,53033,21535,0,15.873777866363525,0.4635411500930786,0.2242739498615265,0.8642187714576721,0.0,1468.0245600029593,-0.17728805541992188,-6.4656901359558105,False
40,new_init_new_dense,no_op,42,True,53033,1139,54172,21558,0,15.640723705291748,0.4565725326538086,0.23461809754371643,0.86167973279953,0.0,1631.9878729991615,-0.23305416107177734,-6.698744297027588,False
41,new_init_new_dense,no_op,42,True,54172,1044,55216,21496,0,15.670288801193237,0.46572285890579224,0.22007088363170624,0.8625260591506958,0.0,1525.024743998074,0.029565095901489258,-6.669179201126099,False
42,new_init_new_dense,no_op,42,True,55216,1157,56373,21504,0,15.733405351638794,0.4673473536968231,0.23804917931556702,0.8596224188804626,0.0,1534.8292010021396,0.06311655044555664,-6.606062650680542,False
43,new_init_new_dense,no_op,42,True,56373,1225,57598,21540,0,15.17224907875061,0.4413984715938568,0.23867057263851166,0.8588281273841858,0.0,1560.1577110064682,-0.5611562728881836,-7.167218923568726,False
44,new_init_new_dense,no_op,42,True,57598,1219,58817,21674,0,15.228248834609985,0.4483422636985779,0.23625145852565765,0.8581119775772095,0.0,1575.1639520021854,0.055999755859375,-7.111219167709351,False
45,new_init_new_dense,no_op,42,True,58817,1325,60142,21734,0,14.845970869064331,0.42837023735046387,0.2548450231552124,0.8584375381469727,0.0,1624.2959199880715,-0.3822779655456543,-7.493497133255005,False
46,new_init_new_dense,no_op,42,True,60142,1205,61347,21711,0,14.786667823791504,0.43198472261428833,0.22863638401031494,0.8570833802223206,0.0,1664.4151079963194,-0.05930304527282715,-7.552800178527832,False
47,new_init_new_dense,no_op,42,True,61347,1282,62629,21854,0,14.510809183120728,0.413286030292511,0.21729376912117004,0.8585807681083679,0.0,1694.5379649987444,-0.27585864067077637,-7.828658819198608,False
48,new_init_new_dense,no_op,42,True,62629,1214,63843,22001,0,14.324766397476196,0.3999996781349182,0.2103375792503357,0.8596614599227905,0.0,1760.095816993271,-0.18604278564453125,-8.01470160484314,False
49,new_init_new_dense,no_op,42,True,63843,1263,65106,22175,0,14.19559359550476,0.38796985149383545,0.20639118552207947,0.8602864742279053,0.0,1754.011334007373,-0.12917280197143555,-8.143874406814575,False
50,new_init_new_dense,no_op,42,True,65106,1276,66382,22420,0,14.115201234817505,0.38412901759147644,0.2007453292608261,0.8630338907241821,0.0,1766.8571620015427,-0.08039236068725586,-8.224266767501831,False
51,new_init_new_dense,no_op,42,True,66382,1315,67697,22728,0,14.008312225341797,0.3790047764778137,0.1948510706424713,0.8648567795753479,0.0,1799.6789650060236,-0.10688900947570801,-8.331155776977539,False
52,new_init_new_dense,no_op,42,True,67697,1226,68923,22930,0,13.977842330932617,0.38375401496887207,0.16204141080379486,0.8670573234558105,0.0,1828.23606999591,-0.030469894409179688,-8.361625671386719,False
53,new_init_new_dense,no_op,42,True,68923,1368,70291,23143,0,13.83466124534607,0.37706729769706726,0.19689849019050598,0.8689713478088379,0.0,1862.8653199994005,-0.14318108558654785,-8.504806756973267,False
54,new_init_new_dense,no_op,42,True,70291,1296,71587,23290,0,13.901757001876831,0.3878648281097412,0.1800745129585266,0.8703776001930237,0.0,1908.046340002329,0.06709575653076172,-8.437711000442505,False
55,new_init_new_dense,no_op,42,True,71587,1273,72860,23326,0,14.021676778793335,0.40315958857536316,0.17187725007534027,0.8718359470367432,0.0,1928.5103490110487,0.1199197769165039,-8.317791223526001,False
56,new_init_new_dense,no_op,42,True,72860,1329,74189,23376,0,14.064828157424927,0.41448912024497986,0.1767340451478958,0.8739583492279053,0.0,2031.5340289962478,0.0431513786315918,-8.27463984489441,False
57,new_init_new_dense,no_op,42,True,74189,1341,75530,23467,0,13.811725378036499,0.39377760887145996,0.18157370388507843,0.8743489980697632,0.0,2091.799200003152,-0.25310277938842773,-8.527742624282837,False
58,new_init_new_dense,no_op,42,True,75530,1314,76844,23781,0,13.553909063339233,0.36765775084495544,0.16397692263126373,0.8743098974227905,0.0,2067.9165289911907,-0.2578163146972656,-8.785558938980103,False
59,new_init_new_dense,no_op,42,True,76844,1370,78214,23856,0,13.488056659698486,0.3584912419319153,0.1749637871980667,0.874987006187439,0.0,2132.8399019985227,-0.06585240364074707,-8.85141134262085,False
60,new_init_new_dense,no_op,42,True,78214,1293,79507,24014,0,13.728621006011963,0.38351938128471375,0.1605275422334671,0.8774479627609253,0.0,2121.4714600064326,0.24056434631347656,-8.610846996307373,False
61,new_init_new_dense,no_op,42,True,79507,1310,80817,24100,0,13.952082395553589,0.402453750371933,0.16645896434783936,0.8785156607627869,0.0,2155.6070020014886,0.22346138954162598,-8.387385606765747,False
62,new_init_new_dense,no_op,42,True,80817,1308,82125,24073,0,14.288055896759033,0.3956880271434784,0.17776326835155487,0.8752474188804626,0.0,2229.047733009793,0.33597350120544434,-8.051412105560303,False
63,new_init_new_dense,no_op,42,True,82125,1350,83475,24140,0,13.977779150009155,0.38596639037132263,0.17905455827713013,0.8753906488418579,0.0,2219.3315780023113,-0.31027674674987793,-8.36168885231018,False
64,new_init_new_dense,no_op,42,True,83475,1320,84795,24292,0,13.7034010887146,0.3905680179595947,0.17493383586406708,0.8764843940734863,0.0,2229.1933039959986,-0.27437806129455566,-8.636066913604736,False
65,new_init_new_dense,no_op,42,True,84795,1364,86159,24438,0,13.344351053237915,0.3797738552093506,0.17959491908550262,0.8756380677223206,0.0,2346.831269998802,-0.35905003547668457,-8.995116949081421,False
66,new_init_new_dense,no_op,42,True,86159,1372,87531,24448,0,12.960833311080933,0.3697889447212219,0.16525135934352875,0.8774219155311584,0.0,2313.3408869907726,-0.3835177421569824,-9.378634691238403,False
67,new_init_new_dense,no_op,42,True,87531,1385,88916,24292,0,12.678338289260864,0.3695365786552429,0.1765030175447464,0.8780338764190674,0.0,2430.615883000428,-0.28249502182006836,-9.661129713058472,False
68,new_init_new_dense,no_op,42,True,88916,1445,90361,24382,0,12.055282592773438,0.371641606092453,0.18295586109161377,0.8805989623069763,0.0,2413.370544993086,-0.6230556964874268,-10.284185409545898,False
69,new_init_new_dense,no_op,42,True,90361,1457,91818,24479,0,11.66109323501587,0.3654819428920746,0.1741282343864441,0.8811718821525574,0.0,2459.273895001388,-0.39418935775756836,-10.678374767303467,False
70,new_init_new_dense,no_op,42,True,91818,1467,93285,24556,0,11.383754014968872,0.36094698309898376,0.16179615259170532,0.8825260400772095,0.0,2422.43139600032,-0.27733922004699707,-10.955713987350464,False
71,new_init_new_dense,no_op,42,True,93285,1519,94804,24639,0,10.973113775253296,0.35556262731552124,0.16960066556930542,0.8826823234558105,0.0,2455.9827909979504,-0.41064023971557617,-11.36635422706604,False
72,new_init_new_dense,no_op,42,True,94804,1584,96388,24795,0,10.8229398727417,0.3679550588130951,0.17219339311122894,0.884544312953949,0.0,2538.9489000081085,-0.15017390251159668,-11.516528129577637,False
73,new_init_new_dense,no_op,42,True,96388,1440,97828,25050,0,11.594229936599731,0.3916281461715698,0.1613597571849823,0.8862109780311584,0.0,2643.335989996558,0.7712900638580322,-10.745238065719604,False
74,new_init_new_dense,no_op,42,True,97828,1385,99213,25180,0,11.734155416488647,0.39525124430656433,0.15545625984668732,0.8863411545753479,0.0,2630.3323559986893,0.13992547988891602,-10.605312585830688,False
75,new_init_new_dense,no_op,42,True,99213,1429,100642,25333,0,11.920255422592163,0.40454503893852234,0.16501851379871368,0.8865494728088379,0.0,2716.297384002246,0.18610000610351562,-10.419212579727173,False
76,new_init_new_dense,no_op,42,True,100642,1349,101991,25471,0,12.132246494293213,0.42163515090942383,0.14826488494873047,0.8873177170753479,0.0,2751.797342993086,0.2119910717010498,-10.207221508026123,False
77,new_init_new_dense,no_op,42,True,101991,1362,103353,25722,0,12.199287414550781,0.42737138271331787,0.1546982228755951,0.8874348998069763,0.0,2720.2240640035598,0.06704092025756836,-10.140180587768555,False
78,new_init_new_dense,no_op,42,True,103353,1369,104722,25826,0,12.30621337890625,0.4341771602630615,0.15336944162845612,0.8883854150772095,0.0,2737.162263991195,0.10692596435546875,-10.033254623413086,False
79,new_init_new_dense,no_op,42,True,104722,1321,106043,25842,0,12.31587529182434,0.432589054107666,0.15410193800926208,0.8880338668823242,0.0,2819.7552870115032,0.00966191291809082,-10.023592710494995,False
80,new_init_new_dense,no_op,42,True,106043,1335,107378,25958,0,12.280124425888062,0.4299015998840332,0.15829381346702576,0.8888411521911621,0.0,2842.5809879990993,-0.0357508659362793,-10.059343576431274,False
81,new_init_new_dense,no_op,42,True,107378,1365,108743,26128,0,12.307602167129517,0.440223753452301,0.15866652131080627,0.8915755152702332,0.0,2880.295378010487,0.027477741241455078,-10.03186583518982,False
82,new_init_new_dense,no_op,42,True,108743,1377,110120,26315,0,12.250591516494751,0.43616676330566406,0.15539543330669403,0.8929166793823242,0.0,2875.3650139988167,-0.057010650634765625,-10.088876485824585,False
83,new_init_new_dense,no_op,42,True,110120,1424,111544,26356,0,12.115728855133057,0.42003268003463745,0.1621367186307907,0.8933854103088379,0.0,2948.16177499888,-0.13486266136169434,-10.22373914718628,False
84,new_init_new_dense,no_op,42,True,111544,1381,112925,26423,0,12.199994325637817,0.42811155319213867,0.15680672228336334,0.8944922089576721,0.0,3001.2199979973957,0.08426547050476074,-10.139473676681519,False
85,new_init_new_dense,no_op,42,True,112925,1413,114338,26507,0,12.184488773345947,0.42777466773986816,0.151198148727417,0.8963021039962769,0.0,3003.8607829919783,-0.015505552291870117,-10.154979228973389,False
86,new_init_new_dense,no_op,42,True,114338,1406,115744,26486,0,12.378904819488525,0.4418375492095947,0.15587013959884644,0.8972005248069763,0.0,3040.3626470069867,0.19441604614257812,-9.96056318283081,False
87,new_init_new_dense,no_op,42,True,115744,1387,117131,26441,0,12.400983572006226,0.4409577250480652,0.15168221294879913,0.8965625166893005,0.0,3147.9800750094,0.022078752517700195,-9.93848443031311,False
88,new_init_new_dense,no_op,42,True,117131,1393,118524,26463,0,12.415553331375122,0.44190487265586853,0.15254777669906616,0.8967838883399963,0.0,3189.999483001884,0.014569759368896484,-9.923914670944214,False
89,new_init_new_dense,no_op,42,True,118524,1530,120054,26590,0,12.362524271011353,0.4348909258842468,0.1636030524969101,0.8971614837646484,0.0,3246.6027830087114,-0.05302906036376953,-9.976943731307983,False
90,new_init_new_dense,no_op,42,True,120054,1429,121483,26744,0,12.393593788146973,0.4391941428184509,0.15360383689403534,0.8977083563804626,0.0,3181.4898279990302,0.031069517135620117,-9.945874214172363,False
91,new_init_new_dense,no_op,42,True,121483,1406,122889,26799,0,12.393323183059692,0.4369720220565796,0.1529034972190857,0.8971614837646484,0.0,3216.9296740030404,-0.00027060508728027344,-9.946144819259644,False
92,new_init_new_dense,no_op,42,True,122889,1418,124307,26859,0,12.524439096450806,0.4468863904476166,0.15498708188533783,0.8972656726837158,0.0,3290.4912139929365,0.13111591339111328,-9.81502890586853,False
93,new_init_new_dense,no_op,42,True,124307,1366,125673,26781,0,12.626984119415283,0.45885491371154785,0.1558518260717392,0.8996354341506958,0.0,3306.2779439933365,0.10254502296447754,-9.712483882904053,False
94,new_init_new_dense,no_op,42,True,125673,1423,127096,26688,0,12.52362608909607,0.44907698035240173,0.1620246320962906,0.898424506187439,0.0,3394.952765011112,-0.10335803031921387,-9.815841913223267,False
95,new_init_new_dense,no_op,42,True,127096,1427,128523,26682,0,12.459487915039062,0.44175633788108826,0.16374000906944275,0.8986849188804626,0.0,3364.3582860095194,-0.06413817405700684,-9.879980087280273,False
96,new_init_new_dense,no_op,42,True,128523,1394,129917,26794,0,12.530786991119385,0.4501722455024719,0.15400175750255585,0.9005599021911621,0.0,3477.89772899705,0.07129907608032227,-9.808681011199951,False
97,new_init_new_dense,no_op,42,True,129917,1344,131261,26863,0,12.617989778518677,0.45673081278800964,0.14391984045505524,0.9002083539962769,0.0,3490.989982004976,0.08720278739929199,-9.72147822380066,False
98,new_init_new_dense,no_op,42,True,131261,1272,132533,26830,0,12.632699012756348,0.4505421817302704,0.13945934176445007,0.8984114527702332,0.0,3415.030496995314,0.014709234237670898,-9.706768989562988,False
99,new_init_new_dense,no_op,42,True,132533,1490,134023,26857,0,12.649866342544556,0.4547904431819916,0.17208445072174072,0.9019531607627869,0.0,3512.7615419914946,0.017167329788208008,-9.68960165977478,False
100,new_init_new_dense,no_op,42,True,134023,0,94786,26931,0,12.717723846435547,0.4603188931941986,0.15040870010852814,0.9015495181083679,0.0,3608.5213940095855,0.06785750389099121,-9.621744155883789,False
101,new_init_new_dense,no_op,42,True,94786,1359,96145,26915,0,12.674422264099121,0.45325252413749695,0.15130743384361267,0.8993489742279053,0.0,2623.3715699927416,-0.04330158233642578,-9.665045738220215,False
102,new_init_new_dense,no_op,42,True,96145,1406,97551,27078,0,12.663644552230835,0.4612872302532196,0.1502525806427002,0.9016016125679016,0.0,2604.4694500014884,-0.010777711868286133,-9.675823450088501,False
103,new_init_new_dense,no_op,42,True,97551,1463,99014,27154,0,12.46328353881836,0.43758463859558105,0.16283383965492249,0.8999348878860474,0.0,2618.002905001049,-0.20036101341247559,-9.876184463500977,False
104,new_init_new_dense,no_op,42,True,99014,1456,100470,27331,0,12.19199538230896,0.41137248277664185,0.15856342017650604,0.9002864956855774,0.0,2751.7622400046093,-0.2712881565093994,-10.147472620010376,False
105,new_init_new_dense,no_op,42,True,100470,1512,101982,27531,0,12.054791450500488,0.40054357051849365,0.16682761907577515,0.9026432633399963,0.0,2749.856523005292,-0.13720393180847168,-10.284676551818848,False
106,new_init_new_dense,no_op,42,True,101982,1506,103488,27665,0,12.145651578903198,0.4110223650932312,0.1692958027124405,0.9030338525772095,0.0,2778.2857959973626,0.09086012840270996,-10.193816423416138,False
107,new_init_new_dense,no_op,42,True,103488,1541,105029,27720,0,12.433120012283325,0.4242844581604004,0.1739579141139984,0.9030338525772095,0.0,2924.9888850026764,0.28746843338012695,-9.90634799003601,False
108,new_init_new_dense,no_op,42,True,105029,1438,106467,27774,0,12.461998462677002,0.4279153347015381,0.16255679726600647,0.9045442938804626,0.0,2895.9268470061943,0.028878450393676758,-9.877469539642334,False
109,new_init_new_dense,no_op,42,True,106467,1459,107926,27699,0,12.49613881111145,0.43750616908073425,0.1584215760231018,0.9062239527702332,0.0,2844.167042989284,0.03414034843444824,-9.843329191207886,False
110,new_init_new_dense,no_op,42,True,107926,1440,109366,27703,0,12.491127252578735,0.43547022342681885,0.1553410142660141,0.9060547351837158,0.0,2825.954562998959,-0.005011558532714844,-9.8483407497406,False
111,new_init_new_dense,no_op,42,True,109366,1449,110815,27672,0,12.366912364959717,0.4195748269557953,0.16136330366134644,0.9067317843437195,0.0,2911.748444996192,-0.12421488761901855,-9.97255563735962,False
112,new_init_new_dense,no_op,42,True,110815,1578,112393,27746,0,12.227193117141724,0.41164088249206543,0.17631514370441437,0.9091536402702332,0.0,2908.479049001471,-0.13971924781799316,-10.112274885177612,False
113,new_init_new_dense,no_op,42,True,112393,1547,113940,27738,0,12.20301628112793,0.4084576368331909,0.16569112241268158,0.9089453220367432,0.0,3032.234676007647,-0.024176836013793945,-10.136451721191406,False
114,new_init_new_dense,no_op,42,True,113940,1582,115522,27741,0,12.228904962539673,0.40712594985961914,0.17344698309898376,0.9094271063804626,0.0,3035.3669459873345,0.025888681411743164,-10.110563039779663,False
115,new_init_new_dense,no_op,42,True,115522,1566,117088,27617,0,12.34271764755249,0.4210405945777893,0.1722700148820877,0.9109635353088379,0.0,3105.018755988567,0.11381268501281738,-9.996750354766846,False
116,new_init_new_dense,no_op,42,True,117088,1473,118561,27490,0,12.335480451583862,0.4180222749710083,0.15067119896411896,0.9108203053474426,0.0,3206.6253810044145,-0.00723719596862793,-10.003987550735474,False
117,new_init_new_dense,no_op,42,True,118561,1493,120054,27655,0,12.336704730987549,0.4211774468421936,0.1520961970090866,0.9123307466506958,0.0,3207.020740999724,0.0012242794036865234,-10.002763271331787,False
118,new_init_new_dense,no_op,42,True,120054,1621,121675,27802,0,12.134827375411987,0.4054521322250366,0.1673337072134018,0.9121745228767395,0.0,3209.6024950005813,-0.20187735557556152,-10.204640626907349,False
119,new_init_new_dense,no_op,42,True,121675,1558,123233,27798,0,12.08430290222168,0.4008568227291107,0.16391611099243164,0.9133203625679016,0.0,3217.672395010595,-0.05052447319030762,-10.255165100097656,False
120,new_init_new_dense,no_op,42,True,123233,1660,124893,27956,0,12.030010223388672,0.3902738094329834,0.18016304075717926,0.9150651097297668,0.0,3334.2911469953833,-0.05429267883300781,-10.309457778930664,False
121,new_init_new_dense,no_op,42,True,124893,1628,126521,28058,0,12.10355281829834,0.4020448327064514,0.17338016629219055,0.9167578220367432,0.0,3416.129823992378,0.07354259490966797,-10.235915184020996,False
122,new_init_new_dense,no_op,42,True,126521,1561,128082,28058,0,12.290359735488892,0.4158502221107483,0.17054206132888794,0.916770875453949,0.0,3422.2031669924036,0.18680691719055176,-10.049108266830444,False
123,new_init_new_dense,no_op,42,True,128082,1573,129655,27942,0,12.316396236419678,0.4166313409805298,0.16229364275932312,0.9169531464576721,0.0,3413.956653996138,0.026036500930786133,-10.023071765899658,False
124,new_init_new_dense,no_op,42,True,129655,1585,131240,27938,0,12.253061532974243,0.41253015398979187,0.16787150502204895,0.9172526001930237,0.0,3429.4789639970986,-0.06333470344543457,-10.086406469345093,False
125,new_init_new_dense,no_op,42,True,131240,1604,132844,28024,0,12.200038433074951,0.4123203754425049,0.1680009365081787,0.9171614646911621,0.0,3567.200073011918,-0.05302309989929199,-10.139429569244385,False
126,new_init_new_dense,no_op,42,True,132844,1667,134511,28052,0,12.073721885681152,0.3950121998786926,0.17321838438510895,0.9176042079925537,0.0,3456.65351000207,-0.12631654739379883,-10.265746116638184,False
127,new_init_new_dense,no_op,42,True,134511,1657,136168,28308,0,12.00300931930542,0.3927459418773651,0.18038710951805115,0.9177734851837158,0.0,3589.7175719874213,-0.07071256637573242,-10.336458683013916,False
128,new_init_new_dense,no_op,42,True,136168,1654,137822,28283,0,12.010533809661865,0.39688968658447266,0.17922329902648926,0.9191666841506958,0.0,3666.7657169891754,0.0075244903564453125,-10.32893419265747,False
129,new_init_new_dense,no_op,42,True,137822,1654,139476,28256,0,12.140190601348877,0.4005889594554901,0.18654505908489227,0.9195963740348816,0.0,3620.381365006324,0.12965679168701172,-10.199277400970459,False
130,new_init_new_dense,no_op,42,True,139476,1684,141160,28331,0,12.260432243347168,0.41580915451049805,0.18920479714870453,0.9201692938804626,0.0,3899.6705829922576,0.12024164199829102,-10.079035758972168,False
131,new_init_new_dense,no_op,42,True,141160,1563,142723,28414,0,12.367883920669556,0.4260300099849701,0.17433400452136993,0.9189583659172058,0.0,3778.96680199774,0.1074516773223877,-9.97158408164978,False
132,new_init_new_dense,no_op,42,True,142723,1609,144332,28396,0,12.374041080474854,0.4204656779766083,0.17874817550182343,0.9189192652702332,0.0,3835.924671002431,0.0061571598052978516,-9.965426921844482,False
133,new_init_new_dense,no_op,42,True,144332,1591,145923,28346,0,12.374405860900879,0.4238058924674988,0.18192847073078156,0.9198698401451111,0.0,3882.119154994143,0.0003647804260253906,-9.965062141418457,False
134,new_init_new_dense,no_op,42,True,145923,1591,147514,28253,0,12.560724020004272,0.4391745924949646,0.17161524295806885,0.9205989837646484,0.0,3940.8258000039496,0.18631815910339355,-9.778743982315063,False
135,new_init_new_dense,no_op,42,True,147514,1276,148790,28173,0,12.684348821640015,0.4487706124782562,0.1767510026693344,0.9197916984558105,0.0,3958.6180089972913,0.12362480163574219,-9.655119180679321,False
136,new_init_new_dense,no_op,42,True,148790,643,149433,28020,0,12.542855739593506,0.4335842728614807,0.16889044642448425,0.9185807704925537,0.0,3945.228604003205,-0.1414930820465088,-9.79661226272583,False
137,new_init_new_dense,no_op,42,True,149433,317,149750,28058,0,12.338396310806274,0.4161706864833832,0.18429207801818848,0.9176042079925537,0.0,3960.601384009351,-0.20445942878723145,-10.001071691513062,False
138,new_init_new_dense,no_op,42,True,149750,136,149886,28206,0,12.006824016571045,0.38332247734069824,0.19369909167289734,0.9151692986488342,0.0,3964.3153960059863,-0.3315722942352295,-10.332643985748291,False
139,new_init_new_dense,no_op,42,True,149886,60,149946,28279,0,11.660851240158081,0.35797572135925293,0.20900040864944458,0.9151042103767395,0.0,3930.2225729916245,-0.34597277641296387,-10.678616762161255,False
140,new_init_new_dense,no_op,42,True,149946,34,149980,28325,0,11.427137851715088,0.34459981322288513,0.21095438301563263,0.9145052433013916,0.0,4121.01619799796,-0.23371338844299316,-10.912330150604248,False
141,new_init_new_dense,no_op,42,True,149980,16,149996,28161,0,11.271731853485107,0.3330070972442627,0.22256556153297424,0.9147917032241821,0.0,3979.9425919918576,-0.15540599822998047,-11.067736148834229,False
142,new_init_new_dense,no_op,42,True,149996,4,150000,28075,0,11.152008771896362,0.32174763083457947,0.21822190284729004,0.9141276478767395,0.0,3959.8139470035676,-0.11972308158874512,-11.187459230422974,False
143,new_init_new_dense,no_op,42,True,150000,0,150000,28124,0,10.976256132125854,0.30693814158439636,0.21369557082653046,0.9138802289962769,0.0,4013.5004309995566,-0.1757526397705078,-11.363211870193481,False
144,new_init_new_dense,no_op,42,True,150000,0,150000,28305,0,10.76665997505188,0.29075950384140015,0.23698833584785461,0.9125521183013916,0.0,3942.8712259978056,-0.2095961570739746,-11.572808027267456,False
145,new_init_new_dense,no_op,42,True,150000,0,150000,28376,0,10.564653873443604,0.26812928915023804,0.24321073293685913,0.9112499952316284,0.0,3975.265082990518,-0.20200610160827637,-11.774814128875732,False
146,new_init_new_dense,no_op,42,True,150000,0,150000,28379,0,10.346827507019043,0.2476382851600647,0.25402316451072693,0.9104818105697632,0.0,3941.3199559930945,-0.21782636642456055,-11.992640495300293,False
147,new_init_new_dense,no_op,42,True,150000,0,150000,28192,0,10.231763124465942,0.24060150980949402,0.2639169991016388,0.909166693687439,0.0,3972.5825500063365,-0.11506438255310059,-12.107704877853394,False
148,new_init_new_dense,no_op,42,True,150000,0,150000,28098,0,10.177119970321655,0.23516422510147095,0.27208325266838074,0.9077474474906921,0.0,3963.7002290110104,-0.05464315414428711,-12.16234803199768,False
149,new_init_new_dense,no_op,42,True,150000,0,150000,27986,0,10.119340419769287,0.2280777096748352,0.2711964547634125,0.9063802361488342,0.0,3902.987766006845,-0.057779550552368164,-12.220127582550049,False
150,new_init_new_dense,no_op,42,True,150000,0,150000,27898,0,10.069993734359741,0.22341251373291016,0.27126482129096985,0.9045833349227905,0.0,3979.9478570057545,-0.0493466854095459,-12.269474267959595,False
1,new_init_new_dense,error_only,42,True,14073,569,14642,14073,7476,23.417949676513672,0.6606893539428711,0.1917351633310318,0.817161500453949,223.07825088500977,729.0772160049528,1.078481674194336,1.078481674194336,False
2,new_init_new_dense,error_only,42,True,14642,413,15055,14626,7476,20.812764167785645,0.6371700763702393,0.1406625658273697,0.8274869918823242,97.50533103942871,600.3948309953557,-2.6051855087280273,-1.5267038345336914,False
3,new_init_new_dense,error_only,42,True,15055,613,15668,15023,7477,19.705277681350708,0.6221799850463867,0.13495305180549622,0.8355859518051147,96.10819816589355,638.195793988416,-1.1074864864349365,-2.634190320968628,False
4,new_init_new_dense,error_only,42,True,15668,685,16353,15595,7478,19.181612730026245,0.6136435270309448,0.11936747282743454,0.8442317843437195,99.32851791381836,641.011610001442,-0.5236649513244629,-3.157855272293091,False
5,new_init_new_dense,error_only,42,True,16353,627,16980,16180,7479,19.154810905456543,0.6159687638282776,0.11924724280834198,0.8533984422683716,95.48497200012207,677.3125000036089,-0.02680182456970215,-3.184657096862793,False
6,new_init_new_dense,error_only,42,True,16980,444,17424,16684,7480,19.39916491508484,0.6261353492736816,0.10230614989995956,0.8582291603088379,96.42982482910156,659.8441590031143,0.2443540096282959,-2.940303087234497,False
7,new_init_new_dense,error_only,42,True,17424,435,17859,16903,7481,19.88163113594055,0.6452518701553345,0.10764198005199432,0.8638932704925537,97.16272354125977,674.2715239961399,0.4824662208557129,-2.457836866378784,False
8,new_init_new_dense,error_only,42,True,17859,405,18264,17112,7481,20.080180168151855,0.6566520929336548,0.10107298195362091,0.8674349188804626,97.46551513671875,712.0166050008265,0.1985490322113037,-2.2592878341674805,False
9,new_init_new_dense,error_only,42,True,18264,470,18734,17366,7481,19.72366690635681,0.6450883746147156,0.09720755368471146,0.8697916865348816,97.40471839904785,717.0173149934271,-0.35651326179504395,-2.6158010959625244,False
10,new_init_new_dense,error_only,42,True,18734,538,19272,17592,7482,19.477797746658325,0.6411160230636597,0.09778491407632828,0.8721224069595337,97.686767578125,733.3513839985244,-0.24586915969848633,-2.8616702556610107,False
11,new_init_new_dense,error_only,42,True,19272,483,19755,17788,7483,18.95610213279724,0.6261143684387207,0.09483879804611206,0.8743359446525574,103.39593887329102,741.3304000074277,-0.521695613861084,-3.3833658695220947,False
12,new_init_new_dense,error_only,42,True,19755,655,20410,17940,7483,18.74612331390381,0.6170800924301147,0.10609450936317444,0.875,96.00639343261719,738.5378530016169,-0.20997881889343262,-3.5933446884155273,False
13,new_init_new_dense,error_only,42,True,20410,658,21068,18119,7483,18.700973987579346,0.6107630133628845,0.11773624271154404,0.8764714002609253,97.47123718261719,768.1760620034765,-0.04514932632446289,-3.6384940147399902,False
14,new_init_new_dense,error_only,42,True,21068,686,21754,18303,7483,18.68263006210327,0.6078923344612122,0.12191344052553177,0.878684937953949,96.92716598510742,797.746661992278,-0.01834392547607422,-3.6568379402160645,False
15,new_init_new_dense,error_only,42,True,21754,734,22488,18474,7483,18.39667797088623,0.5948158502578735,0.13295334577560425,0.878333330154419,97.43857383728027,857.6764410099713,-0.285952091217041,-3.9427900314331055,False
16,new_init_new_dense,error_only,42,True,22488,723,23211,18653,7483,18.153034448623657,0.5802550315856934,0.14401473104953766,0.8774609565734863,98.24228286743164,832.9238699952839,-0.24364352226257324,-4.186433553695679,False
17,new_init_new_dense,error_only,42,True,23211,719,23930,18806,7483,18.411645889282227,0.5860424041748047,0.15507729351520538,0.87890625,96.88496589660645,861.587959996541,0.25861144065856934,-3.9278221130371094,False
18,new_init_new_dense,error_only,42,True,23930,879,24809,18918,7483,17.503193616867065,0.5553082227706909,0.1643645018339157,0.88044273853302,99.30586814880371,935.2285749919247,-0.9084522724151611,-4.8362743854522705,False
19,new_init_new_dense,error_only,42,True,24809,974,25783,19295,7483,17.566004991531372,0.5538245439529419,0.17406970262527466,0.8813672065734863,100.2492904663086,994.3819299951429,0.06281137466430664,-4.773463010787964,False
20,new_init_new_dense,error_only,42,True,25783,901,26684,19536,7483,17.699438333511353,0.5533214807510376,0.17149591445922852,0.8825520873069763,95.50666809082031,1017.2379380092025,0.13343334197998047,-4.640029668807983,False
21,new_init_new_dense,error_only,42,True,26684,953,27637,19838,7484,17.13711142539978,0.5288189649581909,0.18125022947788239,0.8835156559944153,104.01034355163574,1083.818961007637,-0.5623269081115723,-5.202356576919556,False
22,new_init_new_dense,error_only,42,True,27637,974,28611,20084,7484,17.56272315979004,0.5472347140312195,0.1871488094329834,0.8877734541893005,114.04609680175781,1186.3579839991871,0.4256117343902588,-4.776744842529297,False
23,new_init_new_dense,error_only,42,True,28611,910,29521,20323,7484,18.02241802215576,0.5597913861274719,0.1778583824634552,0.8898568153381348,110.44526100158691,1220.3459150041454,0.45969486236572266,-4.317049980163574,False
24,new_init_new_dense,error_only,42,True,29521,873,30394,20334,7484,17.879494428634644,0.5663424730300903,0.17564621567726135,0.8931249976158142,91.61829948425293,1196.8891230062582,-0.14292359352111816,-4.459973573684692,False
25,new_init_new_dense,error_only,42,True,30394,1044,31438,20150,7484,17.276480197906494,0.5682162046432495,0.19368356466293335,0.8984114527702332,88.68765830993652,961.6098659898853,-0.6030142307281494,-5.062987804412842,False
26,new_init_new_dense,error_only,42,True,31438,1109,32547,20117,7484,16.847370862960815,0.5643649101257324,0.19849933683872223,0.9015364646911621,88.09876441955566,1009.3133570044301,-0.4291093349456787,-5.4920971393585205,False
27,new_init_new_dense,error_only,42,True,32547,1164,33711,20126,7484,16.652331352233887,0.5773651599884033,0.20707595348358154,0.9046354293823242,87.85581588745117,1022.1150770084932,-0.1950395107269287,-5.687136650085449,False
28,new_init_new_dense,error_only,42,True,33711,1226,34937,20357,7484,16.72930359840393,0.5896369218826294,0.20364199578762054,0.90680992603302,91.93277359008789,1047.1459419932216,0.07697224617004395,-5.610164403915405,False
29,new_init_new_dense,error_only,42,True,34937,1046,35983,20448,7484,17.688692808151245,0.6184526681900024,0.18479180335998535,0.9064192771911621,88.72222900390625,1062.1046500018565,0.9593892097473145,-4.650775194168091,False
30,new_init_new_dense,error_only,42,True,35983,774,36757,20474,7484,18.510096073150635,0.643095850944519,0.16737313568592072,0.9043489694595337,90.46602249145508,1122.5409280013992,0.8214032649993896,-3.829371929168701,False
31,new_init_new_dense,error_only,42,True,36757,782,37539,20560,7484,19.259787797927856,0.667047381401062,0.17151455581188202,0.9046224355697632,88.1810188293457,1125.6408679910237,0.7496917247772217,-3.0796802043914795,False
32,new_init_new_dense,error_only,42,True,37539,668,38207,20642,7484,19.968154430389404,0.6797384023666382,0.16293543577194214,0.9045572876930237,88.6225700378418,1126.5469990030397,0.7083666324615479,-2.3713135719299316,False
33,new_init_new_dense,error_only,42,True,38207,636,38843,20756,7484,19.832658767700195,0.6746835708618164,0.16331428289413452,0.9030729532241821,87.61978149414062,1174.785980998422,-0.13549566268920898,-2.5068092346191406,False
34,new_init_new_dense,error_only,42,True,38843,576,39419,20696,7484,20.780348777770996,0.706002414226532,0.1673487424850464,0.9033854603767395,87.34488487243652,1160.9045939985663,0.9476900100708008,-1.5591192245483398,False
35,new_init_new_dense,error_only,42,True,39419,470,39889,20698,7484,21.31887197494507,0.7187473773956299,0.1608298122882843,0.90269535779953,93.67823600769043,1250.3216519980924,0.5385231971740723,-1.0205960273742676,False
36,new_init_new_dense,error_only,42,True,39889,485,40374,20620,7484,20.809447765350342,0.7115848064422607,0.1606847494840622,0.9014192819595337,94.4821834564209,1227.5754860020243,-0.5094242095947266,-1.5300202369689941,False
37,new_init_new_dense,error_only,42,True,40374,480,40854,20791,7483,20.115792751312256,0.6936649084091187,0.1564580351114273,0.90115886926651,88.38534355163574,1215.530036992277,-0.6936550140380859,-2.22367525100708,False
38,new_init_new_dense,error_only,42,True,40854,677,41531,20938,7483,18.82059931755066,0.653028130531311,0.1619943529367447,0.9001302123069763,87.70394325256348,1243.5456230014097,-1.2951934337615967,-3.5188686847686768,False
39,new_init_new_dense,error_only,42,True,41531,769,42300,21099,7484,18.120874166488647,0.6171931028366089,0.16114036738872528,0.8981770873069763,87.01515197753906,1216.4701930014417,-0.6997251510620117,-4.2185938358306885,False
40,new_init_new_dense,error_only,42,True,42300,765,43065,20970,7484,17.93436050415039,0.6102156639099121,0.1640099138021469,0.896080732345581,100.15273094177246,1247.6871780090732,-0.18651366233825684,-4.405107498168945,False
41,new_init_new_dense,error_only,42,True,43065,657,43722,20890,7484,18.612792491912842,0.6346485614776611,0.15962649881839752,0.8968489766120911,89.26057815551758,1328.421490994515,0.6784319877624512,-3.726675510406494,False
42,new_init_new_dense,error_only,42,True,43722,722,44444,20903,7484,18.832260370254517,0.6393367052078247,0.17034395039081573,0.8951693177223206,95.91889381408691,1384.8466380004538,0.2194678783416748,-3.5072076320648193,False
43,new_init_new_dense,error_only,42,True,44444,842,45286,20929,7484,17.694783210754395,0.6058202981948853,0.17229630053043365,0.8932942748069763,88.90223503112793,1346.8195089953952,-1.137477159500122,-4.644684791564941,False
44,new_init_new_dense,error_only,42,True,45286,864,46150,21052,7484,17.53121018409729,0.6054604649543762,0.1741706281900406,0.893151044845581,88.34719657897949,1312.1690440020757,-0.1635730266571045,-4.808257818222046,False
45,new_init_new_dense,error_only,42,True,46150,1107,47257,21085,7485,17.031526565551758,0.5872635841369629,0.1970752328634262,0.8921875357627869,97.69272804260254,1396.8467919912655,-0.4996836185455322,-5.307941436767578,False
46,new_init_new_dense,error_only,42,True,47257,1040,48297,21082,7485,16.754062175750732,0.584932267665863,0.17845241725444794,0.892578125,99.06721115112305,1433.2215650065336,-0.2774643898010254,-5.5854058265686035,False
47,new_init_new_dense,error_only,42,True,48297,1076,49373,21194,7484,16.31412625312805,0.5671274065971375,0.16928690671920776,0.8928645849227905,98.58489036560059,1537.0544629986398,-0.43993592262268066,-6.025341749191284,False
48,new_init_new_dense,error_only,42,True,49373,1144,50517,21412,7484,15.861926078796387,0.545274019241333,0.16786083579063416,0.8926172256469727,96.56238555908203,1503.739912994206,-0.45220017433166504,-6.477541923522949,False
49,new_init_new_dense,error_only,42,True,50517,1155,51672,21546,7484,15.792241096496582,0.537490963935852,0.1657312661409378,0.8933724164962769,102.6005744934082,1552.8588199958904,-0.06968498229980469,-6.547226905822754,False
50,new_init_new_dense,error_only,42,True,51672,1192,52864,21692,7485,15.857102870941162,0.5420732498168945,0.16672353446483612,0.8953906297683716,98.72961044311523,1604.2193949979264,0.06486177444458008,-6.482365131378174,False
51,new_init_new_dense,error_only,42,True,52864,1179,54043,22005,7485,15.890392065048218,0.5452765226364136,0.1566411852836609,0.8975260853767395,107.80572891235352,1689.7390730009647,0.033289194107055664,-6.449075937271118,False
52,new_init_new_dense,error_only,42,True,54043,1095,55138,22209,7486,15.973880290985107,0.5546609163284302,0.13498555123806,0.9002083539962769,97.96404838562012,1699.4063929887488,0.08348822593688965,-6.3655877113342285,False
53,new_init_new_dense,error_only,42,True,55138,1243,56381,22430,7486,15.903129577636719,0.5489728450775146,0.16605401039123535,0.9002344012260437,97.79596328735352,1661.437032991671,-0.07075071334838867,-6.436338424682617,False
54,new_init_new_dense,error_only,42,True,56381,1098,57479,22579,7486,16.06050729751587,0.5636801719665527,0.14533884823322296,0.9016927480697632,96.76599502563477,1700.550937996013,0.1573777198791504,-6.278960704803467,False
55,new_init_new_dense,error_only,42,True,57479,1065,58544,22557,7486,16.357300281524658,0.5837373733520508,0.13768786191940308,0.9025000333786011,96.9092845916748,1745.331256010104,0.29679298400878906,-5.982167720794678,False
56,new_init_new_dense,error_only,42,True,58544,1078,59622,22643,7487,16.527332067489624,0.598311185836792,0.1419912874698639,0.9020052552223206,98.05154800415039,1778.9483590022428,0.17003178596496582,-5.812135934829712,False
57,new_init_new_dense,error_only,42,True,59622,1108,60730,22765,7487,16.39529585838318,0.5929369330406189,0.1446787714958191,0.902916669845581,96.04001045227051,1829.0007350005908,-0.1320362091064453,-5.944172143936157,False
58,new_init_new_dense,error_only,42,True,60730,1136,61866,22924,7487,16.3020658493042,0.5874512791633606,0.13602249324321747,0.9053906202316284,94.85006332397461,1774.4171810045373,-0.09323000907897949,-6.037402153015137,False
59,new_init_new_dense,error_only,42,True,61866,1128,62994,22909,7487,16.226218938827515,0.5858728289604187,0.1432543247938156,0.9057552218437195,98.38151931762695,1879.4381100015016,-0.07584691047668457,-6.113249063491821,False
60,new_init_new_dense,error_only,42,True,62994,984,63978,23038,7487,16.614713668823242,0.6134737730026245,0.12898454070091248,0.9065234661102295,103.78623008728027,1919.5427910017315,0.38849472999572754,-5.724754333496094,False
61,new_init_new_dense,error_only,42,True,63978,1023,65001,23120,7487,17.03343629837036,0.6359392404556274,0.13035191595554352,0.9062630534172058,99.82728958129883,1921.643526002299,0.41872262954711914,-5.306031703948975,False
62,new_init_new_dense,error_only,42,True,65001,1011,66012,22942,7487,17.365905046463013,0.6398229598999023,0.14089418947696686,0.9065104126930237,96.72689437866211,1932.5872600020375,0.33246874809265137,-4.973562955856323,False
63,new_init_new_dense,error_only,42,True,66012,1064,67076,22952,7488,17.11683750152588,0.6391667723655701,0.142315074801445,0.9064583778381348,113.28291893005371,2000.1327869977104,-0.2490675449371338,-5.222630500793457,False
64,new_init_new_dense,error_only,42,True,67076,992,68068,23062,7488,17.120660543441772,0.6525144577026367,0.13296273350715637,0.9059115052223206,96.83775901794434,1996.1663340072846,0.0038230419158935547,-5.2188074588775635,False
65,new_init_new_dense,error_only,42,True,68068,1042,69110,23102,7487,16.679832935333252,0.647404670715332,0.13996729254722595,0.9060156345367432,98.81377220153809,2046.542245996534,-0.4408276081085205,-5.659635066986084,False
66,new_init_new_dense,error_only,42,True,69110,1095,70205,23109,7487,16.137174367904663,0.6388492584228516,0.13179825246334076,0.9072005152702332,102.81991958618164,2029.8579649970634,-0.5426585674285889,-6.202293634414673,False
67,new_init_new_dense,error_only,42,True,70205,1094,71299,22877,7487,15.646120309829712,0.6347992420196533,0.1412779837846756,0.9071484804153442,99.14803504943848,2097.562951996224,-0.49105405807495117,-6.693347692489624,False
68,new_init_new_dense,error_only,42,True,71299,1128,72427,22774,7487,14.919527769088745,0.6320245265960693,0.14234817028045654,0.9080598950386047,103.57975959777832,2109.043151998776,-0.7265925407409668,-7.419940233230591,False
69,new_init_new_dense,error_only,42,True,72427,1155,73582,22809,7487,14.307233095169067,0.6176012754440308,0.1377633810043335,0.9075390696525574,102.57911682128906,2159.800630994141,-0.6122946739196777,-8.032234907150269,False
70,new_init_new_dense,error_only,42,True,73582,1227,74809,22654,7487,13.850579261779785,0.607097864151001,0.1317777782678604,0.9101172089576721,101.03559494018555,2128.415838989895,-0.4566538333892822,-8.48888874053955,False
71,new_init_new_dense,error_only,42,True,74809,1328,76137,22593,7487,13.273165225982666,0.5951118469238281,0.138160839676857,0.9110286831855774,100.30269622802734,2188.294521998614,-0.5774140357971191,-9.06630277633667,False
72,new_init_new_dense,error_only,42,True,76137,1379,77516,22526,7486,13.171350955963135,0.6022131443023682,0.14080190658569336,0.9121745228767395,98.66762161254883,2220.221274998039,-0.10181427001953125,-9.168117046356201,False
73,new_init_new_dense,error_only,42,True,77516,1186,78702,22650,7487,14.027961492538452,0.6144671440124512,0.13189519941806793,0.9140104651451111,105.61823844909668,2305.0899009977,0.8566105365753174,-8.311506509780884,False
74,new_init_new_dense,error_only,42,True,78702,1159,79861,22605,7486,14.236879348754883,0.6178182363510132,0.13051819801330566,0.916588544845581,100.72064399719238,2297.6534829940647,0.20891785621643066,-8.102588653564453,False
75,new_init_new_dense,error_only,42,True,79861,1081,80942,22608,7486,14.537098407745361,0.627874493598938,0.13359922170639038,0.9189062714576721,104.68792915344238,2267.1802010008832,0.3002190589904785,-7.802369594573975,False
76,new_init_new_dense,error_only,42,True,80942,982,81924,22710,7486,14.929102659225464,0.6452869176864624,0.11778644472360611,0.9216927289962769,104.8429012298584,2259.852725008386,0.39200425148010254,-7.410365343093872,False
77,new_init_new_dense,error_only,42,True,81924,971,82895,22745,7485,15.23612380027771,0.6557766795158386,0.12393501400947571,0.9246094226837158,103.1193733215332,2323.8115749991266,0.3070211410522461,-7.103344202041626,False
78,new_init_new_dense,error_only,42,True,82895,958,83853,22825,7484,15.58367371559143,0.6681033968925476,0.11910637468099594,0.9276302456855774,107.22494125366211,2411.2264269933803,0.3475499153137207,-6.755794286727905,False
79,new_init_new_dense,error_only,42,True,83853,892,84745,22770,7484,15.802849531173706,0.6736458539962769,0.11595333367586136,0.9293619990348816,108.50667953491211,2429.564001999097,0.2191758155822754,-6.53661847114563,False
80,new_init_new_dense,error_only,42,True,84745,939,85684,22800,7483,15.873360633850098,0.6743614673614502,0.12069382518529892,0.9309765696525574,103.88326644897461,2509.7545119933784,0.0705111026763916,-6.466107368469238,False
81,new_init_new_dense,error_only,42,True,85684,972,86656,22876,7484,16.089917421340942,0.6847631335258484,0.12045813351869583,0.9331250190734863,103.63554954528809,2486.0319470026297,0.21655678749084473,-6.2495505809783936,False
82,new_init_new_dense,error_only,42,True,86656,917,87573,22951,7482,16.063668727874756,0.6876956820487976,0.11538217961788177,0.9362630248069763,97.39112854003906,2512.272393985768,-0.026248693466186523,-6.27579927444458,False
83,new_init_new_dense,error_only,42,True,87573,1051,88624,22891,7482,15.891773700714111,0.6815699338912964,0.12146931886672974,0.9389714002609253,104.8433780670166,2491.136053009541,-0.17189502716064453,-6.447694301605225,False
84,new_init_new_dense,error_only,42,True,88624,1036,89660,22753,7481,15.909404754638672,0.6845912337303162,0.11803341656923294,0.9399740099906921,103.60288619995117,2564.9521260056645,0.017631053924560547,-6.430063247680664,False
85,new_init_new_dense,error_only,42,True,89660,1127,90787,22637,7481,15.909672975540161,0.6884840726852417,0.11763498932123184,0.9415104389190674,107.12647438049316,2598.8931020110613,0.0002682209014892578,-6.429795026779175,False
86,new_init_new_dense,error_only,42,True,90787,1098,91885,22427,7482,16.129612922668457,0.697763204574585,0.12201051414012909,0.9435156583786011,103.82485389709473,2635.0118340051267,0.2199399471282959,-6.209855079650879,False
87,new_init_new_dense,error_only,42,True,91885,1101,92986,22254,7482,16.19586944580078,0.6999515891075134,0.11709792166948318,0.9441927075386047,107.92684555053711,2533.530165994307,0.06625652313232422,-6.143598556518555,False
88,new_init_new_dense,error_only,42,True,92986,1082,94068,22109,7481,16.259268522262573,0.7046505212783813,0.11590910702943802,0.9454036951065063,103.49893569946289,2628.3235940063605,0.06339907646179199,-6.080199480056763,False
89,new_init_new_dense,error_only,42,True,94068,1245,95313,22085,7481,16.24974489212036,0.7048113346099854,0.1308394819498062,0.9481120109558105,99.7920036315918,2705.036138999276,-0.009523630142211914,-6.089723110198975,False
90,new_init_new_dense,error_only,42,True,95313,1137,96450,21975,7480,16.311070919036865,0.7100977897644043,0.11941484361886978,0.9505078196525574,104.01153564453125,2651.5503550035646,0.061326026916503906,-6.028397083282471,False
91,new_init_new_dense,error_only,42,True,96450,1126,97576,21900,7480,16.33868932723999,0.7106956839561462,0.12009109556674957,0.951158881187439,96.95768356323242,2771.568059004494,0.027618408203125,-6.000778675079346,False
92,new_init_new_dense,error_only,42,True,97576,1122,98698,21713,7480,16.61763072013855,0.7193281650543213,0.12276776134967804,0.9518359899520874,96.71211242675781,2800.993427008507,0.27894139289855957,-5.721837282180786,False
93,new_init_new_dense,error_only,42,True,98698,1150,99848,21598,7480,16.91001057624817,0.7315952181816101,0.12866289913654327,0.9532942771911621,105.6511402130127,2834.74837099493,0.29237985610961914,-5.429457426071167,False
94,new_init_new_dense,error_only,42,True,99848,1236,101084,21504,7480,16.84652805328369,0.7286972999572754,0.133285254240036,0.9532812833786011,104.42304611206055,2808.6099779902725,-0.06348252296447754,-5.4929399490356445,False
95,new_init_new_dense,error_only,42,True,101084,1250,102334,21423,7480,16.695382595062256,0.724320113658905,0.1307835727930069,0.9557942748069763,98.7846851348877,2949.313043995062,-0.15114545822143555,-5.64408540725708,False
96,new_init_new_dense,error_only,42,True,102334,1146,103480,21463,7480,17.081303596496582,0.7398685216903687,0.12228605151176453,0.9573958516120911,108.2906723022461,2825.9950909996405,0.38592100143432617,-5.258164405822754,False
97,new_init_new_dense,error_only,42,True,103480,1054,104534,21462,7480,17.418839931488037,0.7532472014427185,0.11395946145057678,0.9583854675292969,105.92436790466309,2910.5778009979986,0.3375363349914551,-4.920628070831299,False
98,new_init_new_dense,error_only,42,True,104534,961,105495,21435,7480,17.263628244400024,0.7470923662185669,0.10630886256694794,0.9591927528381348,103.83224487304688,2922.147577002761,-0.1552116870880127,-5.0758397579193115,False
99,new_init_new_dense,error_only,42,True,105495,1250,106745,21353,7480,17.685147523880005,0.7612637281417847,0.14120592176914215,0.9621875286102295,106.22620582580566,2945.9743129991693,0.42151927947998047,-4.654320478439331,False
100,new_init_new_dense,error_only,42,True,106745,0,82370,21363,7479,17.992879152297974,0.773751974105835,0.11914478242397308,0.9626041650772095,108.69312286376953,3031.2482270092005,0.30773162841796875,-4.346588850021362,False
101,new_init_new_dense,error_only,42,True,82370,1069,83439,21334,7479,17.955174446105957,0.7726635336875916,0.11822134256362915,0.9635677337646484,103.31392288208008,2367.028876004042,-0.0377047061920166,-4.384293556213379,False
102,new_init_new_dense,error_only,42,True,83439,1142,84581,21302,7479,18.280789852142334,0.785519003868103,0.11650163680315018,0.9659115076065063,103.41167449951172,2471.762828005012,0.32561540603637695,-4.058678150177002,False
103,new_init_new_dense,error_only,42,True,84581,1236,85817,21361,7479,17.934327125549316,0.7788532972335815,0.12822368741035461,0.9676302075386047,103.71971130371094,2501.031194013194,-0.3464627265930176,-4.4051408767700195,False
104,new_init_new_dense,error_only,42,True,85817,1281,87098,21533,7478,17.374403476715088,0.7612272500991821,0.11747123301029205,0.9707552194595337,103.53899002075195,2461.8470090063056,-0.5599236488342285,-4.965064525604248,False
105,new_init_new_dense,error_only,42,True,87098,1355,88453,21671,7478,17.20697283744812,0.7593746185302734,0.12549415230751038,0.9761068224906921,97.96953201293945,2479.5313850045204,-0.16743063926696777,-5.132495164871216,False
106,new_init_new_dense,error_only,42,True,88453,1388,89841,21641,7478,17.233377695083618,0.7654751539230347,0.13017648458480835,0.9815495014190674,103.07836532592773,2576.2194089911645,0.026404857635498047,-5.106090307235718,False
107,new_init_new_dense,error_only,42,True,89841,1446,91287,21469,7477,17.298399209976196,0.7687262892723083,0.1361735314130783,0.9866015911102295,101.26280784606934,2610.3894769912586,0.06502151489257812,-5.04106879234314,False
108,new_init_new_dense,error_only,42,True,91287,1410,92697,21229,7477,17.378737926483154,0.7739818096160889,0.13052935898303986,0.9922526478767395,99.10178184509277,2615.1787990093,0.08033871650695801,-4.960730075836182,False
109,new_init_new_dense,error_only,42,True,92697,1460,94157,21127,7476,17.29422092437744,0.7788480520248413,0.12449777871370316,0.9983333349227905,102.56075859069824,2689.144520001719,-0.08451700210571289,-5.0452470779418945,False
110,new_init_new_dense,error_only,42,True,94157,1440,95597,20976,7476,17.368837594985962,0.787475049495697,0.12214351445436478,1.0,97.73635864257812,2695.9576129884226,0.07461667060852051,-4.970630407333374,False
111,new_init_new_dense,error_only,42,True,95597,1586,97183,20989,7475,17.120137214660645,0.7831045985221863,0.128465473651886,1.0,101.68910026550293,2871.626043008291,-0.24870038032531738,-5.219330787658691,False
112,new_init_new_dense,error_only,42,True,97183,1831,99014,20924,7476,16.67169213294983,0.7747659087181091,0.1428958773612976,1.0,112.16139793395996,2829.596063995268,-0.44844508171081543,-5.667775869369507,False
113,new_init_new_dense,error_only,42,True,99014,1785,100799,20975,7476,16.641610860824585,0.7816942930221558,0.12921199202537537,1.0,94.93088722229004,2780.892783004674,-0.03008127212524414,-5.697857141494751,False
114,new_init_new_dense,error_only,42,True,100799,1863,102662,20960,7475,16.58172369003296,0.7860393524169922,0.13710255920886993,1.0,93.93191337585449,2727.1677589887986,-0.05988717079162598,-5.757744312286377,False
115,new_init_new_dense,error_only,42,True,102662,1989,104651,20840,7477,16.739530563354492,0.7980254888534546,0.14347340166568756,1.0,93.38951110839844,2646.4973850088427,0.1578068733215332,-5.599937438964844,False
116,new_init_new_dense,error_only,42,True,104651,1778,106429,20648,7477,16.857330799102783,0.8083552122116089,0.11745043843984604,1.0,88.82474899291992,2702.400911002769,0.11780023574829102,-5.482137203216553,False
117,new_init_new_dense,error_only,42,True,106429,2001,108430,20765,7476,17.096227407455444,0.8236589431762695,0.12475722283124924,1.0,97.29743003845215,2757.644135999726,0.23889660835266113,-5.243240594863892,False
118,new_init_new_dense,error_only,42,True,108430,2174,110604,20766,7476,16.864248514175415,0.8233672380447388,0.13377293944358826,1.0,99.50780868530273,3023.8935660017887,-0.2319788932800293,-5.475219488143921,False
119,new_init_new_dense,error_only,42,True,110604,2234,112838,20844,7474,16.911808252334595,0.8308407664299011,0.12761391699314117,1.0,103.92880439758301,3237.8900030016666,0.04755973815917969,-5.427659749984741,False
120,new_init_new_dense,error_only,42,True,112838,2407,115245,20838,7475,16.764485836029053,0.8267723917961121,0.1435849517583847,1.0,102.01835632324219,3329.9270650022663,-0.147322416305542,-5.574982166290283,False
121,new_init_new_dense,error_only,42,True,115245,2446,117691,20923,7475,17.05998659133911,0.8388272523880005,0.13989314436912537,1.0,104.59756851196289,3404.0853469923604,0.2955007553100586,-5.279481410980225,False
122,new_init_new_dense,error_only,42,True,117691,2500,120191,20825,7474,17.406750917434692,0.8501851558685303,0.13729119300842285,1.0,100.62813758850098,3442.4355259980075,0.34676432609558105,-4.9327170848846436,False
123,new_init_new_dense,error_only,42,True,120191,2550,122741,20782,7474,17.494750022888184,0.8540662527084351,0.13203692436218262,1.0,106.22572898864746,3509.363688994199,0.08799910545349121,-4.844717979431152,False
124,new_init_new_dense,error_only,42,True,122741,2559,125300,20736,7475,17.71454691886902,0.8601126074790955,0.1364065706729889,1.0,116.65177345275879,3603.7328359961975,0.21979689598083496,-4.624921083450317,False
125,new_init_new_dense,error_only,42,True,125300,2563,127863,20838,7475,17.760876417160034,0.8613486289978027,0.13248050212860107,1.0,105.83972930908203,3571.923241004697,0.046329498291015625,-4.578591585159302,False
126,new_init_new_dense,error_only,42,True,127863,2560,130423,20983,7474,17.50781536102295,0.8536795973777771,0.13212496042251587,1.0,101.78899765014648,3657.216971987509,-0.25306105613708496,-4.831652641296387,False
127,new_init_new_dense,error_only,42,True,130423,2555,132978,21116,7475,17.64599323272705,0.8567314147949219,0.1415257453918457,1.0,99.35593605041504,3681.856492999941,0.13817787170410156,-4.693474769592285,False
128,new_init_new_dense,error_only,42,True,132978,2537,135515,21205,7475,17.676453590393066,0.8570876121520996,0.13612431287765503,1.0,99.5187759399414,3732.192934010527,0.030460357666015625,-4.6630144119262695,False
129,new_init_new_dense,error_only,42,True,135515,2578,138093,21120,7476,17.56725788116455,0.852301299571991,0.14357179403305054,1.0,99.56169128417969,3787.852003995795,-0.10919570922851562,-4.772210121154785,False
130,new_init_new_dense,error_only,42,True,138093,2540,140633,21059,7476,18.056535720825195,0.8665862083435059,0.14826257526874542,1.0,104.86793518066406,3912.8975559870014,0.48927783966064453,-4.282932281494141,False
131,new_init_new_dense,error_only,42,True,140633,2491,143124,21036,7475,18.359925746917725,0.8749823570251465,0.13245724141597748,1.0,97.83768653869629,3946.30034500733,0.3033900260925293,-3.9795422554016113,False
132,new_init_new_dense,error_only,42,True,143124,2463,145587,21021,7474,18.33872675895691,0.8743177652359009,0.13534528017044067,1.0,102.04577445983887,4075.0015880039427,-0.02119898796081543,-4.000741243362427,False
133,new_init_new_dense,error_only,42,True,145587,2522,148109,21031,7476,18.36982250213623,0.8758906722068787,0.140532448887825,1.0,101.45974159240723,4228.054363993579,0.03109574317932129,-3.9696455001831055,False
134,new_init_new_dense,error_only,42,True,148109,1606,149715,21031,7477,18.84504795074463,0.8880383968353271,0.1321018487215042,1.0,102.93316841125488,4182.916436999221,0.47522544860839844,-3.494420051574707,False
135,new_init_new_dense,error_only,42,True,149715,244,149959,20985,7476,19.046001434326172,0.8932371139526367,0.1338210552930832,1.0,99.04789924621582,4241.961391002405,0.20095348358154297,-3.293466567993164,False
136,new_init_new_dense,error_only,42,True,149959,36,149995,21016,7476,18.62881898880005,0.8834384679794312,0.12514576315879822,1.0,107.54585266113281,4165.33012498985,-0.41718244552612305,-3.710649013519287,False
137,new_init_new_dense,error_only,42,True,149995,5,150000,20939,7476,18.108190298080444,0.8703917264938354,0.13842621445655823,1.0,104.39634323120117,4089.779942005407,-0.5206286907196045,-4.231277704238892,False
138,new_init_new_dense,error_only,42,True,150000,0,150000,20999,7476,16.88656210899353,0.833770751953125,0.14138592779636383,1.0,96.68302536010742,4079.147821001243,-1.221628189086914,-5.452905893325806,False
139,new_init_new_dense,error_only,42,True,150000,0,150000,20967,7476,16.102519035339355,0.8066716194152832,0.1532028615474701,1.0,106.12750053405762,4224.940036001499,-0.7840430736541748,-6.2369489669799805,False
140,new_init_new_dense,error_only,42,True,150000,0,150000,20848,7475,15.84841012954712,0.7986503839492798,0.15153416991233826,1.0,105.02076148986816,4267.771080994862,-0.25410890579223633,-6.491057872772217,False
141,new_init_new_dense,error_only,42,True,150000,0,150000,20487,7474,15.799553394317627,0.7980915307998657,0.15817877650260925,1.0,102.25057601928711,4272.908717000973,-0.04885673522949219,-6.539914608001709,False
142,new_init_new_dense,error_only,42,True,150000,0,150000,20358,7472,15.994436740875244,0.806036114692688,0.151748925447464,1.0,103.96051406860352,4357.907163008349,0.1948833465576172,-6.345031261444092,False
143,new_init_new_dense,error_only,42,True,150000,0,150000,20127,7472,15.810925960540771,0.800614058971405,0.14123597741127014,1.0,101.5474796295166,4148.09858200897,-0.18351078033447266,-6.5285420417785645,False
144,new_init_new_dense,error_only,42,True,150000,0,150000,19979,7475,15.504748821258545,0.7880991697311401,0.15755769610404968,1.0,99.4720458984375,4127.371872004005,-0.30617713928222656,-6.834719181060791,False
145,new_init_new_dense,error_only,42,True,150000,0,150000,19904,7474,15.381431579589844,0.7804878950119019,0.15934918820858002,1.0,104.01630401611328,4086.851215994102,-0.12331724166870117,-6.958036422729492,False
146,new_init_new_dense,error_only,42,True,150000,0,150000,19618,7474,15.01656174659729,0.7657296061515808,0.16525277495384216,1.0,105.33714294433594,4047.4933110090205,-0.3648698329925537,-7.322906255722046,False
147,new_init_new_dense,error_only,42,True,150000,0,150000,19065,7473,14.987621307373047,0.7654516100883484,0.16816355288028717,1.0,98.9532470703125,4086.6905769944424,-0.028940439224243164,-7.351846694946289,False
148,new_init_new_dense,error_only,42,True,150000,0,150000,18347,7469,15.29532790184021,0.7804223895072937,0.1742325723171234,1.0,105.53574562072754,4045.4794170073,0.3077065944671631,-7.044140100479126,False
149,new_init_new_dense,error_only,42,True,150000,0,150000,17769,7468,15.497379302978516,0.7902915477752686,0.17158883810043335,1.0,98.34837913513184,4114.353029988706,0.20205140113830566,-6.84208869934082,False
150,new_init_new_dense,error_only,42,True,150000,0,150000,17485,7468,15.745649337768555,0.8008958697319031,0.16324415802955627,1.0,103.30319404602051,4114.742543999455,0.24827003479003906,-6.593818664550781,False
1,new_init_new_dense,ours,42,True,14073,569,14642,14073,7471,23.316645622253418,0.6587134599685669,0.1917351633310318,0.8171094059944153,98.50668907165527,608.1842230050825,0.977177619934082,0.977177619934082,False
2,new_init_new_dense,ours,42,True,14642,415,15057,14627,7471,20.647668838500977,0.6371895670890808,0.1420355886220932,0.8278906345367432,97.96953201293945,622.3429219971877,-2.6689767837524414,-1.6917991638183594,False
3,new_init_new_dense,ours,42,True,15057,649,15706,15027,7470,19.509308338165283,0.6236958503723145,0.1356981247663498,0.8361198306083679,95.6578254699707,616.5844759962056,-1.1383605003356934,-2.8301596641540527,False
4,new_init_new_dense,ours,42,True,15706,749,16455,15627,7470,19.078073501586914,0.6163701415061951,0.11959914863109589,0.8451432585716248,95.367431640625,619.8732379998546,-0.43123483657836914,-3.261394500732422,False
5,new_init_new_dense,ours,42,True,16455,670,17125,16287,7469,19.130969047546387,0.6234338283538818,0.1165015771985054,0.8533723950386047,95.80707550048828,670.1270620105788,0.052895545959472656,-3.208498954772949,False
6,new_init_new_dense,ours,42,True,17125,519,17644,16796,7468,19.654096364974976,0.6383053064346313,0.09786951541900635,0.8576692938804626,95.95632553100586,675.4399350029416,0.5231273174285889,-2.6853716373443604,False
7,new_init_new_dense,ours,42,True,17644,448,18092,17073,7467,20.360231399536133,0.6600279808044434,0.10081804543733597,0.8638802170753479,95.41058540344238,672.4375379999401,0.7061350345611572,-1.9792366027832031,False
8,new_init_new_dense,ours,42,True,18092,409,18501,17351,7467,20.76545476913452,0.6732772588729858,0.09198574721813202,0.8682812452316284,94.20251846313477,680.6635320099303,0.40522336959838867,-1.5740132331848145,False
9,new_init_new_dense,ours,42,True,18501,476,18977,17572,7466,20.15277624130249,0.6577410697937012,0.08593587577342987,0.8700781464576721,95.38888931274414,689.250348994392,-0.6126785278320312,-2.1866917610168457,False
10,new_init_new_dense,ours,42,True,18977,602,19579,17831,7466,19.786940813064575,0.6537588834762573,0.08665013313293457,0.8736328482627869,93.92499923706055,701.8112480000127,-0.36583542823791504,-2.5525271892547607,False
11,new_init_new_dense,ours,42,True,19579,559,20138,18118,7465,19.364811182022095,0.6444061994552612,0.08153065294027328,0.8763021230697632,97.11146354675293,723.0231499997899,-0.42212963104248047,-2.974656820297241,False
12,new_init_new_dense,ours,42,True,20138,628,20766,18341,7465,19.12093162536621,0.6389783024787903,0.09132181107997894,0.8781510591506958,96.72045707702637,740.6402429915033,-0.2438795566558838,-3.218536376953125,False
13,new_init_new_dense,ours,42,True,20766,663,21429,18554,7465,19.22320008277893,0.638638973236084,0.10185492783784866,0.8798307776451111,95.84522247314453,779.1295380011434,0.10226845741271973,-3.1162679195404053,False
14,new_init_new_dense,ours,42,True,21429,730,22159,18709,7464,19.124350547790527,0.6370007991790771,0.10520145297050476,0.8832682371139526,94.41971778869629,803.9850940112956,-0.09884953498840332,-3.2151174545288086,False
15,new_init_new_dense,ours,42,True,22159,771,22930,18849,7464,18.851044178009033,0.6277360320091248,0.11665956676006317,0.8838411569595337,95.55459022521973,822.8449390007881,-0.27330636978149414,-3.4884238243103027,False
16,new_init_new_dense,ours,42,True,22930,776,23706,19019,7464,18.70862603187561,0.6198936700820923,0.12771926820278168,0.8842318058013916,97.01871871948242,858.0465150007512,-0.14241814613342285,-3.6308419704437256,False
17,new_init_new_dense,ours,42,True,23706,848,24554,19214,7464,19.15298104286194,0.6318503618240356,0.13695263862609863,0.8869271278381348,110.27884483337402,882.9970490041887,0.4443550109863281,-3.1864869594573975,False
18,new_init_new_dense,ours,42,True,24554,921,25475,19247,7463,18.08479905128479,0.6090314388275146,0.14412501454353333,0.8895052075386047,97.91040420532227,945.5199689982692,-1.0681819915771484,-4.254668951034546,False
19,new_init_new_dense,ours,42,True,25475,1028,26503,19515,7463,18.191834688186646,0.6141879558563232,0.15837474167346954,0.8924219012260437,96.72689437866211,925.0844339985633,0.10703563690185547,-4.14763331413269,False
20,new_init_new_dense,ours,42,True,26503,974,27477,19688,7463,18.332571983337402,0.6200742125511169,0.15388953685760498,0.89509117603302,104.66504096984863,969.9607799993828,0.14073729515075684,-4.006896018981934,False
21,new_init_new_dense,ours,42,True,27477,1125,28602,19855,7463,17.562057971954346,0.6013941764831543,0.1645408570766449,0.8985807299613953,99.89166259765625,961.9201919995248,-0.7705140113830566,-4.77741003036499,False
22,new_init_new_dense,ours,42,True,28602,1106,29708,20128,7463,18.119994401931763,0.6281721591949463,0.16811349987983704,0.9057552218437195,97.00179100036621,1019.1959240037249,0.557936429977417,-4.219473600387573,False
23,new_init_new_dense,ours,42,True,29708,1137,30845,20261,7462,18.554108142852783,0.6481930613517761,0.16182482242584229,0.9113151431083679,99.50900077819824,1055.9671129885828,0.4341137409210205,-3.7853598594665527,False
24,new_init_new_dense,ours,42,True,30845,1108,31953,20298,7462,18.328895568847656,0.6598485708236694,0.15535633265972137,0.9181771278381348,98.04368019104004,1067.1749500033911,-0.22521257400512695,-4.01057243347168,False
25,new_init_new_dense,ours,42,True,31953,1304,33257,20271,7461,17.66776204109192,0.6638487577438354,0.17570942640304565,0.9271875023841858,102.81944274902344,1078.2884119980736,-0.6611335277557373,-4.671705961227417,False
26,new_init_new_dense,ours,42,True,33257,1386,34643,20160,7460,17.22744345664978,0.6669370532035828,0.18074709177017212,0.93296879529953,96.04430198669434,1114.879524000571,-0.44031858444213867,-5.112024545669556,False
27,new_init_new_dense,ours,42,True,34643,1465,36108,20023,7460,16.93873882293701,0.6735894680023193,0.18894034624099731,0.9370573163032532,95.67928314208984,1137.6737230020808,-0.28870463371276855,-5.400729179382324,False
28,new_init_new_dense,ours,42,True,36108,1507,37615,20170,7459,17.07491159439087,0.6875662207603455,0.18597009778022766,0.9417968988418579,98.59180450439453,1251.2489149958128,0.13617277145385742,-5.264556407928467,False
29,new_init_new_dense,ours,42,True,37615,1357,38972,20250,7459,18.254836797714233,0.7263894081115723,0.16744720935821533,0.9444401264190674,97.27931022644043,1282.688742998289,1.1799252033233643,-4.0846312046051025,False
30,new_init_new_dense,ours,42,True,38972,1160,40132,20206,7459,19.309866428375244,0.7567097544670105,0.15142922103405,0.9463151097297668,95.67379951477051,1284.243586997036,1.0550296306610107,-3.029601573944092,False
31,new_init_new_dense,ours,42,True,40132,1099,41231,20294,7458,20.213146209716797,0.7830898761749268,0.15575310587882996,0.9497396349906921,99.30062294006348,1280.7069469999988,0.9032797813415527,-2.126321792602539,False
32,new_init_new_dense,ours,42,True,41231,1038,42269,20318,7458,20.996298789978027,0.799182653427124,0.14858992397785187,0.9526562690734863,96.09603881835938,1283.6541209981078,0.7831525802612305,-1.3431692123413086,False
33,new_init_new_dense,ours,42,True,42269,1047,43316,20427,7458,20.661723613739014,0.7919024229049683,0.1481383889913559,0.9551172256469727,96.49085998535156,1318.7585139967268,-0.33457517623901367,-1.6777443885803223,False
34,new_init_new_dense,ours,42,True,43316,1060,44376,20305,7457,21.84654712677002,0.8202259540557861,0.15452340245246887,0.9579297304153442,103.13916206359863,1399.1574489919003,1.1848235130310059,-0.4929208755493164,False
35,new_init_new_dense,ours,42,True,44376,996,45372,20185,7457,22.480523586273193,0.8322714567184448,0.14884541928768158,0.9605729579925537,95.83520889282227,1406.7834059969755,0.6339764595031738,0.14105558395385742,False
36,new_init_new_dense,ours,42,True,45372,870,46242,20036,7456,21.928043365478516,0.8270555734634399,0.14497120678424835,0.9630078077316284,96.68850898742676,1470.6861039885553,-0.5524802207946777,-0.4114246368408203,False
37,new_init_new_dense,ours,42,True,46242,989,47231,20177,7456,21.130905151367188,0.8193358182907104,0.14327406883239746,0.9665625095367432,96.65250778198242,1465.0145699997665,-0.7971382141113281,-1.2085628509521484,False
38,new_init_new_dense,ours,42,True,47231,1110,48341,20304,7456,19.481407403945923,0.7817028760910034,0.14287562668323517,0.9698047041893005,95.92247009277344,1470.1878710038727,-1.6494977474212646,-2.858060598373413,False
39,new_init_new_dense,ours,42,True,48341,1211,49552,20435,7456,18.53387713432312,0.7422703504562378,0.14037969708442688,0.9715755581855774,94.89893913269043,1506.3455839990638,-0.9475302696228027,-3.805590867996216,False
40,new_init_new_dense,ours,42,True,49552,1316,50868,20350,7456,18.33712100982666,0.7341452836990356,0.1468317210674286,0.9739062786102295,97.2127914428711,1533.3812150056474,-0.19675612449645996,-4.002346992492676,False
41,new_init_new_dense,ours,42,True,50868,1128,51996,20235,7456,19.046189785003662,0.7666348814964294,0.13704057037830353,0.9776692986488342,98.8473892211914,1536.032970994711,0.709068775177002,-3.293278217315674,False
42,new_init_new_dense,ours,42,True,51996,1267,53263,20174,7456,19.309855699539185,0.7779693603515625,0.1529436856508255,0.9803646206855774,96.60887718200684,1659.8031539906515,0.26366591453552246,-3.0296123027801514,False
43,new_init_new_dense,ours,42,True,53263,1405,54668,20313,7456,18.020471334457397,0.7411280870437622,0.15051628649234772,0.982825517654419,95.53670883178711,1593.8695130025735,-1.289384365081787,-4.3189966678619385,False
44,new_init_new_dense,ours,42,True,54668,1480,56148,20363,7456,17.836782932281494,0.7465245723724365,0.1542273312807083,0.98493492603302,96.20428085327148,1639.8845449875807,-0.18368840217590332,-4.502685070037842,False
45,new_init_new_dense,ours,42,True,56148,1724,57872,20397,7455,17.275110483169556,0.7298141717910767,0.17373432219028473,0.9868099093437195,96.91166877746582,1676.2028240045765,-0.5616724491119385,-5.06435751914978,False
46,new_init_new_dense,ours,42,True,57872,1709,59581,20360,7455,17.099515199661255,0.7383846044540405,0.15700408816337585,0.9897135496139526,97.35512733459473,1753.247132000979,-0.17559528350830078,-5.239952802658081,False
47,new_init_new_dense,ours,42,True,59581,1778,61359,20401,7455,16.816153526306152,0.732313334941864,0.14938750863075256,0.9922266006469727,97.56302833557129,1778.2303650019458,-0.28336167335510254,-5.523314476013184,False
48,new_init_new_dense,ours,42,True,61359,1867,63226,20464,7454,16.49432897567749,0.7221946716308594,0.148270383477211,0.9940755367279053,97.06282615661621,1938.5967289999826,-0.3218245506286621,-5.845139026641846,False
49,new_init_new_dense,ours,42,True,63226,1943,65169,20479,7454,16.540274620056152,0.7233397364616394,0.14774367213249207,0.9960286617279053,102.55789756774902,1941.622393002035,0.04594564437866211,-5.799193382263184,False
50,new_init_new_dense,ours,42,True,65169,2016,67185,20564,7453,16.615980863571167,0.7315928936004639,0.14776240289211273,0.9969531297683716,99.58744049072266,2030.4038710019086,0.07570624351501465,-5.723487138748169,False
51,new_init_new_dense,ours,42,True,67185,2067,69252,20634,7453,16.80172562599182,0.7415899634361267,0.1412605345249176,0.9975130558013916,101.01819038391113,2073.3278580009937,0.1857447624206543,-5.537742376327515,False
52,new_init_new_dense,ours,42,True,69252,1995,71247,20637,7453,17.10499405860901,0.7616325616836548,0.11288736015558243,0.9981901049613953,100.11816024780273,2078.9184689929243,0.3032684326171875,-5.234473943710327,False
53,new_init_new_dense,ours,42,True,71247,2188,73435,20631,7452,17.234219312667847,0.762981116771698,0.14877378940582275,0.9988802075386047,98.26374053955078,2169.558516005054,0.1292252540588379,-5.105248689651489,False
54,new_init_new_dense,ours,42,True,73435,2167,75602,20530,7452,17.503862380981445,0.7877523303031921,0.13103829324245453,0.999596357345581,98.73557090759277,2166.8136619991856,0.26964306831359863,-4.835605621337891,False
55,new_init_new_dense,ours,42,True,75602,2269,77871,20320,7451,18.099887371063232,0.820751428604126,0.12366694957017899,0.9999088644981384,98.49095344543457,2322.2489769977983,0.5960249900817871,-4.2395806312561035,False
56,new_init_new_dense,ours,42,True,77871,2413,80284,20176,7450,18.501756191253662,0.8421059846878052,0.13003720343112946,0.999987006187439,96.98915481567383,2282.6058030041168,0.4018688201904297,-3.837711811065674,False
57,new_init_new_dense,ours,42,True,80284,2492,82776,19958,7449,18.496222496032715,0.8444075584411621,0.13600312173366547,1.0,100.5411148071289,2375.1863020006567,-0.005533695220947266,-3.843245506286621,False
58,new_init_new_dense,ours,42,True,82776,2502,85278,19950,7449,18.523738384246826,0.8430139422416687,0.12130019068717957,1.0,98.4640121459961,2409.2392059974372,0.027515888214111328,-3.8157296180725098,False
59,new_init_new_dense,ours,42,True,85278,2524,87802,19835,7448,18.546282052993774,0.8408352136611938,0.12923714518547058,1.0,101.19223594665527,2560.767696995754,0.022543668746948242,-3.7931859493255615,False
60,new_init_new_dense,ours,42,True,87802,2583,90385,19721,7448,19.2769992351532,0.8677585124969482,0.11528634279966354,1.0,103.88374328613281,2576.673518997268,0.7307171821594238,-3.0624687671661377,False
61,new_init_new_dense,ours,42,True,90385,2618,93003,19540,7447,19.820603132247925,0.8848280906677246,0.12225183844566345,1.0,98.13404083251953,2647.870179003803,0.5436038970947266,-2.518864870071411,False
62,new_init_new_dense,ours,42,True,93003,2700,95703,19252,7447,20.15645742416382,0.8906390070915222,0.13236598670482635,1.0,108.03723335266113,2684.5834880077746,0.33585429191589355,-2.1830105781555176,False
63,new_init_new_dense,ours,42,True,95703,2749,98452,18967,7446,20.23630142211914,0.8910506963729858,0.13218440115451813,1.0,96.75955772399902,2747.7415159955854,0.07984399795532227,-2.1031665802001953,False
64,new_init_new_dense,ours,42,True,98452,2718,101170,18818,7446,20.744128227233887,0.9072011709213257,0.1258518546819687,1.0,101.53937339782715,2908.666791001451,0.5078268051147461,-1.5953397750854492,False
65,new_init_new_dense,ours,42,True,101170,2730,103900,18601,7446,20.37846088409424,0.9036890864372253,0.13150183856487274,1.0,99.53141212463379,2886.3681130023906,-0.36566734313964844,-1.9610071182250977,False
66,new_init_new_dense,ours,42,True,103900,2713,106613,18497,7447,19.77167248725891,0.8949324488639832,0.12115830928087234,1.0,97.5179672241211,2999.4786190072773,-0.6067883968353271,-2.567795515060425,False
67,new_init_new_dense,ours,42,True,106613,2706,109319,18101,7446,19.549741744995117,0.894395112991333,0.12243141978979111,1.0,103.95026206970215,3046.317196000018,-0.22193074226379395,-2.7897262573242188,False
68,new_init_new_dense,ours,42,True,109319,2715,112034,17667,7446,18.816481828689575,0.8920618891716003,0.12361129373311996,1.0,104.34150695800781,3250.7192750053946,-0.733259916305542,-3.5229861736297607,False
69,new_init_new_dense,ours,42,True,112034,2723,114757,17383,7448,17.950996160507202,0.8751930594444275,0.12206641584634781,1.0,100.23045539855957,3220.8069799962686,-0.865485668182373,-4.388471841812134,False
70,new_init_new_dense,ours,42,True,114757,2774,117531,17067,7448,17.247109413146973,0.8607012033462524,0.11314120888710022,1.0,103.65843772888184,3224.0211730095325,-0.7038867473602295,-5.092358589172363,False
71,new_init_new_dense,ours,42,True,117531,2749,120280,16794,7449,16.384481191635132,0.8430003523826599,0.11761406809091568,1.0,99.98965263366699,3363.5815199959325,-0.8626282215118408,-5.954986810684204,False
72,new_init_new_dense,ours,42,True,120280,2746,123026,16491,7449,16.02245569229126,0.8388271331787109,0.12411707639694214,1.0,101.71771049499512,3309.7201859927736,-0.36202549934387207,-6.317012310028076,False
73,new_init_new_dense,ours,42,True,123026,2707,125733,16180,7451,17.009950876235962,0.8500701785087585,0.11606666445732117,1.0,97.79763221740723,3515.684317011619,0.9874951839447021,-5.329517126083374,False
74,new_init_new_dense,ours,42,True,125733,2749,128482,15959,7453,17.218823432922363,0.8539987802505493,0.11668398976325989,1.0,101.20964050292969,3474.9793270020746,0.20887255668640137,-5.120644569396973,False
75,new_init_new_dense,ours,42,True,128482,2750,131232,15882,7454,17.847598791122437,0.871217668056488,0.12085539102554321,1.0,102.30064392089844,3617.8988620085875,0.6287753582000732,-4.491869211196899,False
76,new_init_new_dense,ours,42,True,131232,2751,133983,15831,7457,18.68201732635498,0.8920563459396362,0.10830014944076538,1.0,96.52566909790039,3740.12632999802,0.834418535232544,-3.6574506759643555,False
77,new_init_new_dense,ours,42,True,133983,2739,136722,15790,7459,19.2433500289917,0.9049558639526367,0.11499330401420593,1.0,96.16661071777344,3745.1666650013067,0.5613327026367188,-3.0961179733276367,False
78,new_init_new_dense,ours,42,True,136722,2766,139488,15862,7463,19.825780391693115,0.9158525466918945,0.1116984412074089,1.0,99.4253158569336,3774.689240992302,0.582430362701416,-2.5136876106262207,False
79,new_init_new_dense,ours,42,True,139488,2713,142201,15851,7465,20.187008380889893,0.9215754270553589,0.10740289092063904,1.0,97.20587730407715,3842.362701994716,0.36122798919677734,-2.1524596214294434,False
80,new_init_new_dense,ours,42,True,142201,2745,144946,15898,7469,20.204317569732666,0.9211070537567139,0.11419858038425446,1.0,97.6107120513916,4010.3758689947426,0.017309188842773438,-2.13515043258667,False
81,new_init_new_dense,ours,42,True,144946,2706,147652,15929,7472,20.24446725845337,0.9206600189208984,0.11459062993526459,1.0,95.72577476501465,3959.848140992108,0.040149688720703125,-2.095000743865967,False
82,new_init_new_dense,ours,42,True,147652,2102,149754,16041,7473,20.084378719329834,0.9165863990783691,0.11139590293169022,1.0,103.21164131164551,4120.282490999671,-0.16008853912353516,-2.255089282989502,False
83,new_init_new_dense,ours,42,True,149754,223,149977,15997,7473,18.619059324264526,0.8903012275695801,0.11409033089876175,1.0,97.72586822509766,4127.420702003292,-1.4653193950653076,-3.7204086780548096,False
84,new_init_new_dense,ours,42,True,149977,21,149998,15918,7473,18.054139614105225,0.8746275901794434,0.11534275859594345,1.0,103.52587699890137,4243.24379900645,-0.5649197101593018,-4.285328388214111,False
85,new_init_new_dense,ours,42,True,149998,2,150000,15819,7473,17.395484447479248,0.8562671542167664,0.11933650821447372,1.0,103.04570198059082,4255.291353998473,-0.6586551666259766,-4.943983554840088,False
86,new_init_new_dense,ours,42,True,150000,0,150000,15642,7472,17.678686380386353,0.863741397857666,0.1244969516992569,1.0,103.97744178771973,4140.927472006297,0.2832019329071045,-4.660781621932983,False
87,new_init_new_dense,ours,42,True,150000,0,150000,15348,7472,17.58796453475952,0.8600961565971375,0.12270116060972214,1.0,96.12536430358887,4088.6974120076047,-0.09072184562683105,-4.7515034675598145,False
88,new_init_new_dense,ours,42,True,150000,0,150000,15198,7471,17.505017518997192,0.8570253252983093,0.12186818569898605,1.0,99.35188293457031,4149.565479994635,-0.0829470157623291,-4.8344504833221436,False
89,new_init_new_dense,ours,42,True,150000,0,150000,14977,7472,17.364436388015747,0.8526766300201416,0.13766872882843018,1.0,98.45972061157227,4070.4690939892316,-0.1405811309814453,-4.975031614303589,False
90,new_init_new_dense,ours,42,True,150000,0,150000,14837,7471,17.432003021240234,0.8550196886062622,0.12990741431713104,1.0,95.42560577392578,4191.831866992288,0.0675666332244873,-4.907464981079102,False
91,new_init_new_dense,ours,42,True,150000,0,150000,14598,7472,17.330433130264282,0.8534382581710815,0.13128118216991425,1.0,98.19507598876953,4140.548252995359,-0.10156989097595215,-5.009034872055054,False
92,new_init_new_dense,ours,42,True,150000,0,150000,14440,7470,17.815558910369873,0.8653733134269714,0.1369793564081192,1.0,95.77083587646484,4045.047085994156,0.4851257801055908,-4.523909091949463,False
93,new_init_new_dense,ours,42,True,150000,0,150000,14176,7470,18.483335971832275,0.8784648180007935,0.1393985152244568,1.0,103.65629196166992,4110.101637998014,0.6677770614624023,-3.8561320304870605,False
94,new_init_new_dense,ours,42,True,150000,0,150000,13996,7471,18.36081027984619,0.8775347471237183,0.14466522634029388,1.0,102.0963191986084,4062.3883020016365,-0.12252569198608398,-3.9786577224731445,False
95,new_init_new_dense,ours,42,True,150000,0,150000,13824,7471,18.000913858413696,0.8686338663101196,0.13677845895290375,1.0,96.25458717346191,4221.085053999559,-0.3598964214324951,-4.33855414390564,False
96,new_init_new_dense,ours,42,True,150000,0,150000,13642,7471,18.800148963928223,0.8878659009933472,0.13053153455257416,1.0,98.83260726928711,4132.060981995892,0.7992351055145264,-3.5393190383911133,False
97,new_init_new_dense,ours,42,True,150000,0,150000,13511,7469,19.3551766872406,0.8998755216598511,0.12276078015565872,1.0,96.29678726196289,4053.9749870076776,0.5550277233123779,-2.9842913150787354,False
98,new_init_new_dense,ours,42,True,150000,0,150000,13312,7470,19.167197942733765,0.8966507911682129,0.11600542813539505,1.0,102.70047187805176,4237.144491999061,-0.18797874450683594,-3.1722700595855713,False
99,new_init_new_dense,ours,42,True,150000,0,150000,13183,7470,19.843422174453735,0.9066355228424072,0.14393210411071777,1.0,96.07291221618652,4158.381790999556,0.6762242317199707,-2.4960458278656006,False
100,new_init_new_dense,ours,42,True,150000,0,108725,12889,7471,20.139648914337158,0.9121038913726807,0.12416846305131912,1.0,99.68757629394531,4123.125844998867,0.29622673988342285,-2.1998190879821777,False
101,new_init_new_dense,ours,42,True,108725,2390,111115,12687,7442,20.818684101104736,0.9240446090698242,0.12300413846969604,1.0,102.95867919921875,2999.016481000581,0.6790351867675781,-1.5207839012145996,False
102,new_init_new_dense,ours,42,True,111115,2461,113576,12737,7442,20.905110836029053,0.9274218082427979,0.1174430325627327,1.0,99.98178482055664,3202.415605002898,0.0864267349243164,-1.4343571662902832,False
103,new_init_new_dense,ours,42,True,113576,2581,116157,13175,7442,20.95409631729126,0.9320400953292847,0.12103786319494247,1.0,97.17941284179688,3234.0761609957553,0.04898548126220703,-1.3853716850280762,False
104,new_init_new_dense,ours,42,True,116157,2553,118710,13566,7445,19.993040561676025,0.9161683320999146,0.10664203017950058,1.0,97.90945053100586,3184.4185380032286,-0.9610557556152344,-2.3464274406433105,False
105,new_init_new_dense,ours,42,True,118710,2524,121234,14168,7446,19.716485738754272,0.9109033346176147,0.11345533281564713,1.0,102.6773452758789,3330.6945100048324,-0.27655482292175293,-2.6229822635650635,False
106,new_init_new_dense,ours,42,True,121234,2560,123794,14523,7448,19.837093353271484,0.9124277830123901,0.11410506814718246,1.0,102.07223892211914,3446.700262997183,0.12060761451721191,-2.5023746490478516,False
107,new_init_new_dense,ours,42,True,123794,2590,126384,14592,7450,20.023353099822998,0.9159740209579468,0.12111619114875793,1.0,98.11782836914062,3424.5963970024604,0.18625974655151367,-2.316114902496338,False
108,new_init_new_dense,ours,42,True,126384,2576,128960,14571,7453,20.150320529937744,0.9154428243637085,0.11004079878330231,1.0,97.08333015441895,3424.0089090017136,0.1269674301147461,-2.189147472381592,False
109,new_init_new_dense,ours,42,True,128960,2613,131573,14594,7454,19.836686849594116,0.9109067320823669,0.10767515748739243,1.0,97.32818603515625,3533.35597399564,-0.31363368034362793,-2.5027811527252197,False
110,new_init_new_dense,ours,42,True,131573,2625,134198,14424,7456,20.27893304824829,0.9181766510009766,0.10540960729122162,1.0,101.29404067993164,3748.0494460032787,0.4422461986541748,-2.060534954071045,False
111,new_init_new_dense,ours,42,True,134198,2565,136763,14279,7458,19.884029626846313,0.9045090079307556,0.11009636521339417,1.0,102.7827262878418,3816.317798002274,-0.39490342140197754,-2.4554383754730225,False
112,new_init_new_dense,ours,42,True,136763,2584,139347,14232,7461,19.14486289024353,0.8867592811584473,0.12799495458602905,1.0,103.16276550292969,3726.1947500082897,-0.7391667366027832,-3.1946051120758057,False
113,new_init_new_dense,ours,42,True,139347,2618,141965,14255,7465,19.19103980064392,0.8904961347579956,0.11314012855291367,1.0,101.64093971252441,3820.38627199654,0.046176910400390625,-3.148428201675415,False
114,new_init_new_dense,ours,42,True,141965,2539,144504,14186,7469,19.181426763534546,0.8885814547538757,0.11788230389356613,1.0,96.48609161376953,3913.9269669976784,-0.009613037109375,-3.15804123878479,False
115,new_init_new_dense,ours,42,True,144504,2580,147084,14008,7472,19.568769931793213,0.8958312273025513,0.1271742433309555,1.0,101.3948917388916,4082.333133002976,0.387343168258667,-2.770698070526123,False
116,new_init_new_dense,ours,42,True,147084,2409,149493,13872,7475,19.63115692138672,0.8992905616760254,0.10339897125959396,1.0,101.61924362182617,4152.731189009501,0.06238698959350586,-2.708311080932617,False
117,new_init_new_dense,ours,42,True,149493,427,149920,14010,7475,19.936199188232422,0.9061564803123474,0.10831768065690994,1.0,100.23021697998047,4047.464654999203,0.3050422668457031,-2.403268814086914,False
118,new_init_new_dense,ours,42,True,149920,75,149995,13922,7475,18.92941951751709,0.8901604413986206,0.11787914484739304,1.0,95.81685066223145,4087.7590220043203,-1.006779670715332,-3.410048484802246,False
119,new_init_new_dense,ours,42,True,149995,3,149998,13938,7475,18.38200569152832,0.8804019689559937,0.11281587928533554,1.0,99.12681579589844,4137.348246003967,-0.5474138259887695,-3.9574623107910156,False
120,new_init_new_dense,ours,42,True,149998,2,150000,13815,7475,17.235777378082275,0.8529369235038757,0.12915240228176117,1.0,101.94134712219238,4156.5496630064445,-1.146228313446045,-5.1036906242370605,False
121,new_init_new_dense,ours,42,True,150000,0,150000,13812,7474,17.51664161682129,0.8611453771591187,0.13107624650001526,1.0,99.89500045776367,4025.9119190013735,0.28086423873901367,-4.822826385498047,False
122,new_init_new_dense,ours,42,True,150000,0,150000,13558,7475,17.998934984207153,0.8729404807090759,0.12730678915977478,1.0,95.88766098022461,4034.6866109903203,0.48229336738586426,-4.340533018112183,False
123,new_init_new_dense,ours,42,True,150000,0,150000,13263,7474,18.029968738555908,0.872809886932373,0.1202935129404068,1.0,96.65155410766602,3999.5873549924,0.031033754348754883,-4.309499263763428,False
124,new_init_new_dense,ours,42,True,150000,0,150000,13127,7475,18.11020016670227,0.8733621835708618,0.12438558787107468,1.0,96.75121307373047,4183.014698995976,0.0802314281463623,-4.229267835617065,False
125,new_init_new_dense,ours,42,True,150000,0,150000,13006,7474,18.137807846069336,0.8733096122741699,0.11781327426433563,1.0,95.35408020019531,4028.9378830057103,0.02760767936706543,-4.20166015625,False
126,new_init_new_dense,ours,42,True,150000,0,150000,12854,7474,17.32955813407898,0.851580798625946,0.11873619258403778,1.0,101.70483589172363,4088.366151001537,-0.8082497119903564,-5.0099098682403564,False
127,new_init_new_dense,ours,42,True,150000,0,150000,12786,7473,17.02346682548523,0.8436887264251709,0.1307985931634903,1.0,101.95302963256836,4198.767636000412,-0.30609130859375,-5.3160011768341064,False
128,new_init_new_dense,ours,42,True,150000,0,150000,12669,7474,16.85250997543335,0.8389176726341248,0.12631067633628845,1.0,98.32906723022461,4036.8547109974315,-0.17095685005187988,-5.486958026885986,False
129,new_init_new_dense,ours,42,True,150000,0,150000,12488,7474,16.655738353729248,0.83028644323349,0.13989821076393127,1.0,101.95779800415039,4136.768305004807,-0.19677162170410156,-5.683729648590088,False
130,new_init_new_dense,ours,42,True,150000,0,150000,12192,7474,17.204290628433228,0.8487066030502319,0.14709369838237762,1.0,96.96769714355469,4106.528543998138,0.5485522747039795,-5.135177373886108,False
131,new_init_new_dense,ours,42,True,150000,0,150000,12042,7472,17.786169052124023,0.8665417432785034,0.12362714111804962,1.0,99.79987144470215,4076.611304990365,0.5818784236907959,-4.5532989501953125,False
132,new_init_new_dense,ours,42,True,150000,0,150000,12015,7473,17.76230812072754,0.8637046813964844,0.13273324072360992,1.0,104.27141189575195,3987.936808000086,-0.023860931396484375,-4.577159881591797,False
133,new_init_new_dense,ours,42,True,150000,0,150000,11943,7474,17.775208950042725,0.8628644943237305,0.13907387852668762,1.0,94.3765640258789,4066.0484330001054,0.012900829315185547,-4.564259052276611,False
134,new_init_new_dense,ours,42,True,150000,0,150000,11803,7473,18.37231159210205,0.8763226866722107,0.1330597996711731,1.0,106.07600212097168,3985.557409992907,0.5971026420593262,-3.967156410217285,False
135,new_init_new_dense,ours,42,True,150000,0,150000,11683,7474,18.983469009399414,0.8901984691619873,0.13772672414779663,1.0,99.66468811035156,4028.9674649975495,0.6111574172973633,-3.355998992919922,False
136,new_init_new_dense,ours,42,True,150000,0,150000,11642,7474,18.730146884918213,0.8813592791557312,0.12289603054523468,1.0,103.28459739685059,4093.4543179901084,-0.25332212448120117,-3.609321117401123,False
137,new_init_new_dense,ours,42,True,150000,0,150000,11652,7474,18.038991689682007,0.8612347841262817,0.13679924607276917,1.0,101.66716575622559,4080.215071007842,-0.691155195236206,-4.300476312637329,False
138,new_init_new_dense,ours,42,True,150000,0,150000,11654,7473,16.997177600860596,0.8284520506858826,0.1374267190694809,1.0,94.20561790466309,4107.533504007733,-1.0418140888214111,-5.34229040145874,False
139,new_init_new_dense,ours,42,True,150000,0,150000,11562,7473,16.31197452545166,0.805404543876648,0.14152611792087555,1.0,94.71273422241211,3852.7061630011303,-0.6852030754089355,-6.027493476867676,False
140,new_init_new_dense,ours,42,True,150000,0,150000,11283,7474,16.196237802505493,0.8053255081176758,0.13821889460086823,1.0,92.26655960083008,3871.890805006842,-0.11573672294616699,-6.143230199813843,False
141,new_init_new_dense,ours,42,True,150000,0,150000,10982,7472,16.186177730560303,0.8043572306632996,0.1440318524837494,1.0,92.69595146179199,3889.4925939966924,-0.01006007194519043,-6.153290271759033,False
142,new_init_new_dense,ours,42,True,150000,0,150000,10686,7473,16.372904777526855,0.8109502792358398,0.13977327942848206,1.0,93.61410140991211,3940.198258002056,0.18672704696655273,-5.9665632247924805,False
143,new_init_new_dense,ours,42,True,150000,0,150000,10433,7474,16.09797716140747,0.8013244867324829,0.12245466560125351,1.0,103.32202911376953,4204.115403001197,-0.27492761611938477,-6.241490840911865,False
144,new_init_new_dense,ours,42,True,150000,0,150000,10263,7472,15.689619779586792,0.7885810732841492,0.13818806409835815,1.0,95.41535377502441,4133.203357007005,-0.4083573818206787,-6.649848222732544,False
145,new_init_new_dense,ours,42,True,150000,0,150000,9934,7472,15.308226346969604,0.7717288732528687,0.1404990404844284,1.0,100.11601448059082,4125.016425998183,-0.3813934326171875,-7.0312416553497314,False
146,new_init_new_dense,ours,42,True,150000,0,150000,9619,7471,14.798693656921387,0.749595046043396,0.1449749916791916,1.0,98.9372730255127,4011.7941920034355,-0.5095326900482178,-7.540774345397949,False
147,new_init_new_dense,ours,42,True,150000,0,150000,9325,7472,14.729020595550537,0.7468791007995605,0.14848105609416962,1.0,105.89122772216797,4091.6691009915667,-0.06967306137084961,-7.610447406768799,False
148,new_init_new_dense,ours,42,True,150000,0,150000,8919,7471,14.92180347442627,0.7582629919052124,0.15722344815731049,1.0,96.71425819396973,4144.641020000563,0.19278287887573242,-7.417664527893066,False
149,new_init_new_dense,ours,42,True,150000,0,150000,8500,7469,14.96624231338501,0.7615551948547363,0.15453776717185974,1.0,97.02420234680176,4015.4174729977967,0.044438838958740234,-7.373225688934326,False
150,new_init_new_dense,ours,42,True,150000,0,150000,8105,7467,15.03023386001587,0.7635160684585571,0.14432691037654877,1.0,99.72858428955078,4161.304057008238,0.06399154663085938,-7.309234142303467,False
1,new_init_new_dense,full,42,True,14073,569,14642,14073,14642,24.329652786254883,0.6669458150863647,0.1917351633310318,0.8194271326065063,56.61273002624512,537.8498310019495,1.9901847839355469,1.9901847839355469,False
2,new_init_new_dense,full,42,True,14642,398,15040,14626,15040,21.448605060577393,0.6509225368499756,0.13055163621902466,0.8317708373069763,44.50559616088867,560.5045019910904,-2.8810477256774902,-0.8908629417419434,False
3,new_init_new_dense,full,42,True,15040,621,15661,15011,15661,20.262539386749268,0.6419433355331421,0.116193488240242,0.8391667008399963,47.63984680175781,559.6291919937357,-1.186065673828125,-2.0769286155700684,False
4,new_init_new_dense,full,42,True,15661,730,16391,15577,16391,19.867998361587524,0.6424887180328369,0.09620914608240128,0.8476953506469727,49.23295974731445,566.2996890023351,-0.39454102516174316,-2.4714696407318115,False
5,new_init_new_dense,full,42,True,16391,636,17027,16180,17027,20.00075340270996,0.6525588035583496,0.09228219836950302,0.85623699426651,51.104068756103516,584.2483000014909,0.13275504112243652,-2.338714599609375,False
6,new_init_new_dense,full,42,True,17027,467,17494,16643,17494,20.498521327972412,0.6650958061218262,0.07248849421739578,0.8604297041893005,52.191734313964844,607.5260430079652,0.49776792526245117,-1.8409466743469238,False
7,new_init_new_dense,full,42,True,17494,426,17920,16869,17920,21.219980716705322,0.6836363673210144,0.0759391114115715,0.8660547137260437,53.8945198059082,624.3052709905896,0.7214593887329102,-1.1194872856140137,False
8,new_init_new_dense,full,42,True,17920,417,18337,17044,18337,21.84692621231079,0.6980220079421997,0.06685513257980347,0.87046879529953,51.43308639526367,641.7833040031837,0.6269454956054688,-0.4925417900085449,False
9,new_init_new_dense,full,42,True,18337,467,18804,17309,18804,20.996148586273193,0.6825716495513916,0.06290952861309052,0.8728646039962769,50.1255989074707,632.1876500005601,-0.8507776260375977,-1.3433194160461426,False
10,new_init_new_dense,full,42,True,18804,542,19346,17546,19346,20.418517589569092,0.6766099333763123,0.0672530084848404,0.8763932585716248,54.3675422668457,685.3892649960471,-0.5776309967041016,-1.9209504127502441,False
11,new_init_new_dense,full,42,True,19346,491,19837,17751,19837,19.68531847000122,0.6632596254348755,0.06276475638151169,0.8793619871139526,56.32615089416504,712.0534339919686,-0.7331991195678711,-2.6541495323181152,False
12,new_init_new_dense,full,42,True,19837,633,20470,17882,20470,19.70086097717285,0.6629645228385925,0.07204149663448334,0.8814843893051147,56.65445327758789,675.5371449980885,0.01554250717163086,-2.6386070251464844,False
13,new_init_new_dense,full,42,True,20470,632,21102,18031,21102,19.841099977493286,0.6639734506607056,0.08025196939706802,0.8832291960716248,55.907249450683594,722.1021760051372,0.14023900032043457,-2.49836802482605,False
14,new_init_new_dense,full,42,True,21102,674,21776,18092,21776,19.636244773864746,0.6617295742034912,0.08261806517839432,0.8860546946525574,59.153079986572266,735.4971729946556,-0.20485520362854004,-2.70322322845459,False
15,new_init_new_dense,full,42,True,21776,756,22532,18155,22532,19.495582580566406,0.656050443649292,0.09371092915534973,0.8871484398841858,66.58148765563965,786.4917569968384,-0.14066219329833984,-2.8438854217529297,False
16,new_init_new_dense,full,42,True,22532,728,23260,18272,23260,19.35073733329773,0.6494362354278564,0.1029241606593132,0.8880599141120911,65.43231010437012,910.5884689925006,-0.14484524726867676,-2.9887306690216064,False
17,new_init_new_dense,full,42,True,23260,761,24021,18337,24021,19.865275621414185,0.6617494821548462,0.11242882907390594,0.8904687762260437,66.01595878601074,856.8634550028946,0.5145382881164551,-2.4741923809051514,False
18,new_init_new_dense,full,42,True,24021,903,24924,18397,24924,18.633283376693726,0.6389952898025513,0.12145791947841644,0.8930729627609253,67.22187995910645,849.8899129917845,-1.231992244720459,-3.7061846256256104,False
19,new_init_new_dense,full,42,True,24924,954,25878,18709,25878,18.863741159439087,0.6461741924285889,0.13058358430862427,0.896263062953949,67.99554824829102,874.262445999193,0.23045778274536133,-3.475726842880249,False
20,new_init_new_dense,full,42,True,25878,925,26803,18887,26803,19.062042236328125,0.6525980234146118,0.1274743527173996,0.8993620276451111,70.43671607971191,903.6534870101605,0.19830107688903809,-3.277425765991211,False
21,new_init_new_dense,full,42,True,26803,1035,27838,19083,27838,18.323099613189697,0.6372222304344177,0.13686586916446686,0.9029948115348816,72.4632740020752,903.6193669890054,-0.7389426231384277,-4.016368389129639,False
22,new_init_new_dense,full,42,True,27838,1041,28879,19249,28879,19.120723009109497,0.6669825315475464,0.14366140961647034,0.9096745252609253,73.4870433807373,973.0861690040911,0.7976233959197998,-3.218744993209839,False
23,new_init_new_dense,full,42,True,28879,968,29847,19424,29847,19.66609477996826,0.6869690418243408,0.1344316154718399,0.9159635901451111,74.57518577575684,991.887055002735,0.5453717708587646,-2.673373222351074,False
24,new_init_new_dense,full,42,True,29847,981,30828,19299,30828,19.366761445999146,0.6994662284851074,0.12991727888584137,0.9228125214576721,74.9361515045166,1019.9335659999633,-0.2993333339691162,-2.9727065563201904,False
25,new_init_new_dense,full,42,True,30828,1199,32027,19106,32027,18.306753635406494,0.6963009834289551,0.14780786633491516,0.9317708611488342,76.62129402160645,1065.2315890038153,-1.0600078105926514,-4.032714366912842,False
26,new_init_new_dense,full,42,True,32027,1269,33296,19042,33296,17.74135112762451,0.696366548538208,0.15160945057868958,0.9369140863418579,80.37924766540527,1029.7335149953142,-0.5654025077819824,-4.598116874694824,False
27,new_init_new_dense,full,42,True,33296,1437,34733,18897,34733,17.33214497566223,0.6960618495941162,0.160227969288826,0.9401562809944153,83.50753784179688,1098.2114240032388,-0.4092061519622803,-5.0073230266571045,False
28,new_init_new_dense,full,42,True,34733,1456,36189,19035,36189,17.386393547058105,0.7067275047302246,0.1587560623884201,0.945299506187439,85.93106269836426,1166.2343070056522,0.05424857139587402,-4.9530744552612305,False
29,new_init_new_dense,full,42,True,36189,1281,37470,19089,37470,18.91756296157837,0.7522214651107788,0.13769948482513428,0.9477604627609253,90.25740623474121,1189.0549630043097,1.5311694145202637,-3.421905040740967,False
30,new_init_new_dense,full,42,True,37470,946,38416,19093,38416,20.20887851715088,0.7818414568901062,0.12053897976875305,0.9496614933013916,89.55645561218262,1222.5441530026728,1.2913155555725098,-2.130589485168457,False
31,new_init_new_dense,full,42,True,38416,920,39336,19186,39336,21.443922519683838,0.8105626106262207,0.12320999801158905,0.9532942771911621,91.39657020568848,1263.4538319980493,1.235044002532959,-0.895545482635498,False
32,new_init_new_dense,full,42,True,39336,778,40114,19307,40114,22.435264587402344,0.8272005915641785,0.11411035060882568,0.9562109708786011,92.88525581359863,1295.9856060042512,0.9913420677185059,0.09579658508300781,False
33,new_init_new_dense,full,42,True,40114,781,40895,19341,40895,21.52853012084961,0.8148815631866455,0.11368953436613083,0.9588021039962769,95.42298316955566,1326.696832999005,-0.9067344665527344,-0.8109378814697266,False
34,new_init_new_dense,full,42,True,40895,753,41648,19303,41648,23.25791597366333,0.8439885973930359,0.1163315698504448,0.961692750453949,94.56968307495117,1356.8563570006518,1.7293858528137207,0.9184479713439941,False
35,new_init_new_dense,full,42,True,41648,576,42224,19250,42224,24.273133277893066,0.85724276304245,0.1105090081691742,0.964270830154419,98.42967987060547,1345.0982780050253,1.0152173042297363,1.9336652755737305,False
36,new_init_new_dense,full,42,True,42224,543,42767,19157,42767,23.183884620666504,0.8506378531455994,0.11104951798915863,0.9668489694595337,99.6241569519043,1380.6849899992812,-1.0892486572265625,0.844416618347168,False
37,new_init_new_dense,full,42,True,42767,639,43406,19350,43406,21.90847396850586,0.841596782207489,0.1052442193031311,0.9700521230697632,98.01363945007324,1375.087111009634,-1.2754106521606445,-0.43099403381347656,False
38,new_init_new_dense,full,42,True,43406,979,44385,19536,44385,19.974141120910645,0.8035449981689453,0.10985961556434631,0.9731510877609253,98.56581687927246,1347.0884080015821,-1.9343328475952148,-2.3653268814086914,False
39,new_init_new_dense,full,42,True,44385,1079,45464,19648,45464,19.178284406661987,0.7691820859909058,0.10853999853134155,0.9750911593437195,102.73385047912598,1368.2493670057738,-0.7958567142486572,-3.1611835956573486,False
40,new_init_new_dense,full,42,True,45464,1141,46605,19511,46605,19.161863327026367,0.7643437385559082,0.11196333169937134,0.9773828387260437,103.91521453857422,1407.1363559924066,-0.016421079635620117,-3.1776046752929688,False
41,new_init_new_dense,full,42,True,46605,934,47539,19379,47539,20.320923328399658,0.8016632795333862,0.10724840313196182,0.9802995324134827,105.16977310180664,1429.6398209990002,1.159060001373291,-2.0185446739196777,False
42,new_init_new_dense,full,42,True,47539,1014,48553,19351,48553,20.846004486083984,0.8160020112991333,0.11669845134019852,0.9824870228767395,107.19466209411621,1569.5748930011177,0.5250811576843262,-1.4934635162353516,False
43,new_init_new_dense,full,42,True,48553,1244,49797,19537,49797,19.225480556488037,0.781692385673523,0.11715053021907806,0.9842708706855774,109.30848121643066,1525.7005550083704,-1.6205239295959473,-3.113987445831299,False
44,new_init_new_dense,full,42,True,49797,1336,51133,19591,51133,18.971720933914185,0.7864014506340027,0.12021902203559875,0.9860026240348816,108.56413841247559,1546.8134849943453,-0.25375962257385254,-3.3677470684051514,False
45,new_init_new_dense,full,42,True,51133,1625,52758,19515,52758,18.34375262260437,0.7737674713134766,0.14238832890987396,0.9876432418823242,117.11645126342773,1617.7881890034769,-0.6279683113098145,-3.995715379714966,False
46,new_init_new_dense,full,42,True,52758,1635,54393,19491,54393,18.250824213027954,0.7873684763908386,0.12854912877082825,0.9898567795753479,115.85545539855957,1618.2880039996235,-0.09292840957641602,-4.088643789291382,False
47,new_init_new_dense,full,42,True,54393,1732,56125,19402,56125,17.924680709838867,0.7863137722015381,0.12170340865850449,0.9917448163032532,118.2851791381836,1673.8119649962755,-0.3261435031890869,-4.414787292480469,False
48,new_init_new_dense,full,42,True,56125,1851,57976,19359,57976,17.562565803527832,0.7776031494140625,0.1250719279050827,0.9935937523841858,122.91812896728516,1744.3833850120427,-0.36211490631103516,-4.776902198791504,False
49,new_init_new_dense,full,42,True,57976,1898,59874,19296,59874,17.89193868637085,0.7884768843650818,0.1268351674079895,0.9953646063804626,128.57627868652344,1743.6139870114857,0.3293728828430176,-4.447529315948486,False
50,new_init_new_dense,full,42,True,59874,1933,61807,19291,61807,18.267678022384644,0.8050280809402466,0.12567074596881866,0.9966146349906921,128.3550262451172,1791.175503996783,0.37573933601379395,-4.071789979934692,False
51,new_init_new_dense,full,42,True,61807,2005,63812,19314,63812,18.581000566482544,0.8164790868759155,0.11842090636491776,0.9975130558013916,126.8463134765625,1871.1379650048912,0.3133225440979004,-3.758467435836792,False
52,new_init_new_dense,full,42,True,63812,1939,65751,19330,65751,18.933026790618896,0.8324980735778809,0.09846748411655426,0.998242199420929,137.08138465881348,1864.4575880025513,0.35202622413635254,-3.4064412117004395,False
53,new_init_new_dense,full,42,True,65751,2164,67915,19298,67915,19.004347324371338,0.8313478231430054,0.13083572685718536,0.9989453554153442,137.76659965515137,1977.1157610084629,0.0713205337524414,-3.335120677947998,False
54,new_init_new_dense,full,42,True,67915,2147,70062,19260,70062,19.36169981956482,0.8524888753890991,0.10977010428905487,0.9993359446525574,130.22303581237793,1927.7476619899971,0.35735249519348145,-2.9777681827545166,False
55,new_init_new_dense,full,42,True,70062,2118,72180,19194,72180,20.012061595916748,0.877524733543396,0.10261687636375427,0.9995573163032532,148.43344688415527,2031.7548439925304,0.6503617763519287,-2.327406406402588,False
56,new_init_new_dense,full,42,True,72180,2237,74417,19071,74417,20.41574001312256,0.8923537135124207,0.10738150775432587,0.9997135400772095,156.04186058044434,2078.1329439923866,0.40367841720581055,-1.9237279891967773,False
57,new_init_new_dense,full,42,True,74417,2379,76796,19079,76796,20.36705255508423,0.8938631415367126,0.11114112287759781,0.9998828172683716,160.12167930603027,2239.6414219983853,-0.04868745803833008,-1.9724154472351074,False
58,new_init_new_dense,full,42,True,76796,2490,79286,19048,79286,20.491502285003662,0.8963323831558228,0.10602463036775589,1.0,145.5531120300293,2183.851918001892,0.1244497299194336,-1.8479657173156738,False
59,new_init_new_dense,full,42,True,79286,2523,81809,19137,81809,20.322258472442627,0.8925577402114868,0.11194058507680893,0.999987006187439,155.80010414123535,2301.2117090111133,-0.16924381256103516,-2.017209529876709,False
60,new_init_new_dense,full,42,True,81809,2479,84288,19125,84288,21.192896366119385,0.9132868647575378,0.09714768826961517,1.0,159.36851501464844,2360.8262310008286,0.8706378936767578,-1.1465716361999512,False
61,new_init_new_dense,full,42,True,84288,2428,86716,19066,86716,21.832141876220703,0.9256857633590698,0.0977749153971672,0.999987006187439,160.72511672973633,2465.9228709933814,0.6392455101013184,-0.5073261260986328,False
62,new_init_new_dense,full,42,True,86716,2447,89163,18846,89163,21.945860385894775,0.9282716512680054,0.10357436537742615,1.0,168.3337688446045,2520.602118995157,0.11371850967407227,-0.39360761642456055,False
63,new_init_new_dense,full,42,True,89163,2537,91700,18762,91700,21.908836364746094,0.9269425272941589,0.10163284838199615,1.0,166.5959358215332,2489.551492006285,-0.03702402114868164,-0.4306316375732422,False
64,new_init_new_dense,full,42,True,91700,2491,94191,18811,94191,22.683262825012207,0.9402310252189636,0.09743880480527878,1.0,176.74612998962402,2652.8719210036797,0.7744264602661133,0.3437948226928711,False
65,new_init_new_dense,full,42,True,94191,2534,96725,18888,96725,22.12636947631836,0.9366883039474487,0.1013593003153801,1.0,178.41005325317383,2710.214084989275,-0.5568933486938477,-0.21309852600097656,False
66,new_init_new_dense,full,42,True,96725,2564,99289,18859,99289,21.31340265274048,0.928438663482666,0.09275602549314499,1.0,186.5532398223877,2760.9025839919923,-0.8129668235778809,-1.0260653495788574,False
67,new_init_new_dense,full,42,True,99289,2503,101792,18652,101792,20.744750499725342,0.9237112402915955,0.09408614784479141,1.0,203.93705368041992,2885.397195001133,-0.5686521530151367,-1.5947175025939941,False
68,new_init_new_dense,full,42,True,101792,2574,104366,18546,104366,19.62970733642578,0.9187444448471069,0.09246793389320374,1.0,204.56337928771973,3014.067205003812,-1.1150431632995605,-2.7097606658935547,False
69,new_init_new_dense,full,42,True,104366,2648,107014,18355,107014,18.585950136184692,0.9023448824882507,0.09335848689079285,1.0,205.10125160217285,3092.5130199902924,-1.0437572002410889,-3.7535178661346436,False
70,new_init_new_dense,full,42,True,107014,2721,109735,18126,109735,17.704484462738037,0.886167049407959,0.09081132709980011,1.0,210.6771469116211,3076.831917001982,-0.8814656734466553,-4.634983539581299,False
71,new_init_new_dense,full,42,True,109735,2726,112461,17884,112461,16.710678339004517,0.866055428981781,0.09780929237604141,1.0,213.9577865600586,3233.444422003231,-0.9938061237335205,-5.628789663314819,False
72,new_init_new_dense,full,42,True,112461,2744,115205,17699,115205,16.381969451904297,0.8630224466323853,0.09960527718067169,1.0,203.57394218444824,3206.0169860051246,-0.3287088871002197,-5.957498550415039,False
73,new_init_new_dense,full,42,True,115205,2745,117950,17549,117950,17.681617736816406,0.8777458071708679,0.09233134239912033,1.0,219.71416473388672,3225.331706009456,1.2996482849121094,-4.65785026550293,False
74,new_init_new_dense,full,42,True,117950,2724,120674,17455,120674,18.1683611869812,0.8863518238067627,0.09429856389760971,1.0,210.40034294128418,3221.0393639979884,0.4867434501647949,-4.171106815338135,False
75,new_init_new_dense,full,42,True,120674,2702,123376,17401,123376,19.10066843032837,0.9065214991569519,0.0958111584186554,1.0,218.4748649597168,3266.925280011492,0.932307243347168,-3.238799571990967,False
76,new_init_new_dense,full,42,True,123376,2654,126030,17172,126030,20.42555332183838,0.9298846125602722,0.08125995099544525,1.0,222.3975658416748,3563.3386480039917,1.3248848915100098,-1.913914680480957,False
77,new_init_new_dense,full,42,True,126030,2677,128707,17087,128707,21.326050758361816,0.9426178932189941,0.08341682702302933,1.0,234.19785499572754,3487.219065995305,0.9004974365234375,-1.0134172439575195,False
78,new_init_new_dense,full,42,True,128707,2656,131363,17077,131363,22.1505069732666,0.952265202999115,0.08188816905021667,1.0,242.65694618225098,3610.578395993798,0.8244562149047852,-0.18896102905273438,False
79,new_init_new_dense,full,42,True,131363,2623,133986,16916,133986,22.695002555847168,0.957385241985321,0.07651844620704651,1.0,246.78587913513184,3621.158399997512,0.5444955825805664,0.35553455352783203,False
80,new_init_new_dense,full,42,True,133986,2633,136619,16775,136619,22.680068016052246,0.9570304751396179,0.07723215222358704,1.0,235.3358268737793,3657.273371994961,-0.014934539794921875,0.34060001373291016,False
81,new_init_new_dense,full,42,True,136619,2614,139233,16798,139233,22.789270877838135,0.9572832584381104,0.07791920006275177,1.0,241.70970916748047,3819.9983810045524,0.10920286178588867,0.44980287551879883,False
82,new_init_new_dense,full,42,True,139233,2545,141778,16903,141778,22.684056758880615,0.9559664726257324,0.07340361922979355,1.0,250.87213516235352,3822.878563994891,-0.10521411895751953,0.3445887565612793,False
83,new_init_new_dense,full,42,True,141778,2654,144432,16780,144432,21.963706016540527,0.9489194750785828,0.07653900980949402,1.0,250.1823902130127,3997.5378710078076,-0.7203507423400879,-0.3757619857788086,False
84,new_init_new_dense,full,42,True,144432,2503,146935,16391,146935,21.86422109603882,0.9461995363235474,0.06962571293115616,1.0,265.1219367980957,4047.386142992764,-0.09948492050170898,-0.4752469062805176,False
85,new_init_new_dense,full,42,True,146935,2552,149487,16249,149487,21.581590175628662,0.9435539245605469,0.07298200577497482,1.0,254.01854515075684,4091.1711160006234,-0.28263092041015625,-0.7578778266906738,False
86,new_init_new_dense,full,42,True,149487,449,149936,16124,149936,22.031543254852295,0.9497332572937012,0.07308423519134521,1.0,270.94340324401855,4154.346743001952,0.4499530792236328,-0.307924747467041,False
87,new_init_new_dense,full,42,True,149936,62,149998,15889,149998,21.647624969482422,0.9466838836669922,0.070870041847229,1.0,258.0904960632324,4188.823542004684,-0.38391828536987305,-0.6918430328369141,False
88,new_init_new_dense,full,42,True,149998,2,150000,15641,150000,21.120634078979492,0.9418491125106812,0.07396623492240906,1.0,270.21098136901855,4128.263125006924,-0.5269908905029297,-1.2188339233398438,False
89,new_init_new_dense,full,42,True,150000,0,150000,15364,150000,20.480387210845947,0.934919536113739,0.08977314829826355,1.0,256.5956115722656,4083.7313589872792,-0.6402468681335449,-1.8590807914733887,False
90,new_init_new_dense,full,42,True,150000,0,150000,15225,150000,20.588786602020264,0.9359213709831238,0.08445761352777481,1.0,257.5221061706543,4188.782644007006,0.1083993911743164,-1.7506814002990723,False
91,new_init_new_dense,full,42,True,150000,0,150000,14930,150000,20.067813396453857,0.9306472539901733,0.08319219946861267,1.0,271.0587978363037,4166.580318007618,-0.5209732055664062,-2.2716546058654785,False
92,new_init_new_dense,full,42,True,150000,0,150000,14674,150000,20.918288230895996,0.9417874217033386,0.08715992420911789,1.0,269.53673362731934,4110.638553000172,0.8504748344421387,-1.4211797714233398,False
93,new_init_new_dense,full,42,True,150000,0,150000,14521,150000,21.909899711608887,0.9513980746269226,0.08005184680223465,1.0,282.759428024292,4238.206919006188,0.9916114807128906,-0.4295682907104492,False
94,new_init_new_dense,full,42,True,150000,0,150000,14401,150000,21.659157276153564,0.9498977065086365,0.08404392749071121,1.0,278.95116806030273,4247.963081012131,-0.25074243545532227,-0.6803107261657715,False
95,new_init_new_dense,full,42,True,150000,0,150000,14222,150000,20.713083744049072,0.9381146430969238,0.08280708640813828,1.0,263.5993957519531,4207.473761998699,-0.9460735321044922,-1.6263842582702637,False
96,new_init_new_dense,full,42,True,150000,0,150000,14055,150000,22.30353832244873,0.95610111951828,0.07574755698442459,1.0,260.73360443115234,4198.043473006692,1.5904545783996582,-0.03592967987060547,False
97,new_init_new_dense,full,42,True,150000,0,150000,14043,150000,23.28603982925415,0.9647630453109741,0.06702231615781784,1.0,273.07653427124023,4098.994130996289,0.9825015068054199,0.9465718269348145,False
98,new_init_new_dense,full,42,True,150000,0,150000,13950,150000,22.581937313079834,0.9592644572257996,0.06760679930448532,1.0,252.7463436126709,4115.5299700039905,-0.7041025161743164,0.24246931076049805,False
99,new_init_new_dense,full,42,True,150000,0,150000,14043,150000,23.995559215545654,0.9691727161407471,0.08084237575531006,1.0,258.774995803833,4098.857801000122,1.4136219024658203,1.6560912132263184,False
100,new_init_new_dense,full,42,True,150000,0,114271,13943,150000,24.15818452835083,0.9705438017845154,0.06984902173280716,1.0,270.2298164367676,4084.454044001177,0.16262531280517578,1.8187165260314941,False
101,new_init_new_dense,full,42,True,114271,2227,116498,13840,116498,24.267008304595947,0.9709829092025757,0.06726061552762985,1.0,207.05127716064453,3203.1708319991594,0.10882377624511719,1.9275403022766113,False
102,new_init_new_dense,full,42,True,116498,2653,119151,14429,119151,23.678956031799316,0.9664162397384644,0.06908077746629715,1.0,230.0572395324707,3263.8639229990076,-0.5880522727966309,1.3394880294799805,False
103,new_init_new_dense,full,42,True,119151,2750,121901,14895,121901,23.589000701904297,0.9670276641845703,0.07102080434560776,1.0,236.7856502532959,3385.0886649888707,-0.08995532989501953,1.249532699584961,False
104,new_init_new_dense,full,42,True,121901,2678,124579,15250,124579,21.815288066864014,0.9483214616775513,0.07366569340229034,1.0,243.35956573486328,3423.924386006547,-1.7737126350402832,-0.5241799354553223,False
105,new_init_new_dense,full,42,True,124579,2639,127218,15543,127218,21.692054271697998,0.9455946683883667,0.0796845331788063,1.0,241.13202095031738,3639.5557960058795,-0.12323379516601562,-0.6474137306213379,False
106,new_init_new_dense,full,42,True,127218,2572,129790,15596,129790,21.75774335861206,0.9460817575454712,0.07543409615755081,1.0,233.3395481109619,3614.790196996182,0.0656890869140625,-0.5817246437072754,False
107,new_init_new_dense,full,42,True,129790,2573,132363,15322,132363,21.971447467803955,0.9482409358024597,0.08342362940311432,1.0,234.32064056396484,3691.451855993364,0.21370410919189453,-0.36802053451538086,False
108,new_init_new_dense,full,42,True,132363,2507,134870,15103,134870,22.212226390838623,0.9482571482658386,0.08284175395965576,1.0,229.31337356567383,3758.86597900535,0.24077892303466797,-0.1272416114807129,False
109,new_init_new_dense,full,42,True,134870,2474,137344,15233,137344,21.489670276641846,0.9405268430709839,0.07292463630437851,1.0,241.5604591369629,3752.7781649987446,-0.7225561141967773,-0.8497977256774902,False
110,new_init_new_dense,full,42,True,137344,2440,139784,15303,139784,22.247467041015625,0.9505100250244141,0.07166507840156555,1.0,255.6898593902588,3857.5172159908107,0.7577967643737793,-0.09200096130371094,False
111,new_init_new_dense,full,42,True,139784,2447,142231,15202,142231,21.663079261779785,0.942440390586853,0.07140585035085678,1.0,258.8508129119873,3907.0548489980865,-0.5843877792358398,-0.6763887405395508,False
112,new_init_new_dense,full,42,True,142231,2496,144727,15359,144727,20.737435817718506,0.9305793642997742,0.08624889701604843,1.0,246.57273292541504,3982.6155720074894,-0.9256434440612793,-1.60203218460083,False
113,new_init_new_dense,full,42,True,144727,2547,147274,15537,147274,20.857107639312744,0.9342412948608398,0.0791974738240242,1.0,264.17064666748047,4000.849752992508,0.11967182159423828,-1.4823603630065918,False
114,new_init_new_dense,full,42,True,147274,2270,149544,15414,149544,20.940158367156982,0.9339035749435425,0.08159331977367401,1.0,266.04533195495605,4079.5991949999006,0.08305072784423828,-1.3993096351623535,False
115,new_init_new_dense,full,42,True,149544,391,149935,15292,149935,21.49362564086914,0.9392269849777222,0.08986395597457886,1.0,260.394811630249,4168.98294899147,0.5534672737121582,-0.8458423614501953,False
116,new_init_new_dense,full,42,True,149935,57,149992,15086,149992,21.735315322875977,0.9428622126579285,0.07010405510663986,1.0,266.57986640930176,4209.107268994558,0.24168968200683594,-0.6041526794433594,False
117,new_init_new_dense,full,42,True,149992,7,149999,15055,149999,22.3159122467041,0.9493622183799744,0.07349910587072372,1.0,256.00719451904297,4201.330274008797,0.580596923828125,-0.023555755615234375,False
118,new_init_new_dense,full,42,True,149999,1,150000,14983,150000,21.178112030029297,0.9388848543167114,0.08550529927015305,1.0,274.0921974182129,4216.543570000795,-1.1378002166748047,-1.161355972290039,False
119,new_init_new_dense,full,42,True,150000,0,150000,14699,150000,20.54774045944214,0.9325589537620544,0.08195892721414566,1.0,264.65725898742676,4176.484583003912,-0.6303715705871582,-1.7917275428771973,False
120,new_init_new_dense,full,42,True,150000,0,150000,14389,150000,19.115760326385498,0.9110289812088013,0.09853943437337875,1.0,253.5855770111084,4106.35048300901,-1.4319801330566406,-3.223707675933838,False
121,new_init_new_dense,full,42,True,150000,0,150000,14121,150000,20.122883319854736,0.9273420572280884,0.08759154379367828,1.0,281.3403606414795,4202.546693006298,1.0071229934692383,-2.2165846824645996,False
122,new_init_new_dense,full,42,True,150000,0,150000,13994,150000,20.842206478118896,0.938429057598114,0.08641218394041061,1.0,278.87439727783203,4439.494193007704,0.7193231582641602,-1.4972615242004395,False
123,new_init_new_dense,full,42,True,150000,0,150000,13769,150000,21.09374761581421,0.941797137260437,0.0785129964351654,1.0,282.52220153808594,4317.043246002868,0.2515411376953125,-1.245720386505127,False
124,new_init_new_dense,full,42,True,150000,0,150000,13724,150000,21.621220111846924,0.947281539440155,0.08009219914674759,1.0,280.0724506378174,4379.558710003039,0.5274724960327148,-0.7182478904724121,False
125,new_init_new_dense,full,42,True,150000,0,150000,13606,150000,21.754276752471924,0.9499192237854004,0.07571591436862946,1.0,279.8435688018799,4253.776709010708,0.133056640625,-0.5851912498474121,False
126,new_init_new_dense,full,42,True,150000,0,150000,13298,150000,20.452983379364014,0.9363522529602051,0.07986878603696823,1.0,270.40743827819824,4224.486499995692,-1.3012933731079102,-1.8864846229553223,False
127,new_init_new_dense,full,42,True,150000,0,150000,13131,150000,20.725595951080322,0.9393763542175293,0.08768319338560104,1.0,265.11144638061523,4393.399199994747,0.2726125717163086,-1.6138720512390137,False
128,new_init_new_dense,full,42,True,150000,0,150000,12736,150000,20.413999557495117,0.9304112195968628,0.0836479514837265,1.0,278.17249298095703,4336.653148988262,-0.3115963935852051,-1.9254684448242188,False
129,new_init_new_dense,full,42,True,150000,0,150000,12290,150000,19.949582815170288,0.9232425689697266,0.09172633290290833,1.0,278.83267402648926,4378.832553004031,-0.4644167423248291,-2.389885187149048,False
130,new_init_new_dense,full,42,True,150000,0,150000,12135,150000,21.219255924224854,0.9411841630935669,0.0917600691318512,1.0,262.3298168182373,4314.646797996829,1.2696731090545654,-1.1202120780944824,False
131,new_init_new_dense,full,42,True,150000,0,150000,12019,150000,21.925084590911865,0.9486278295516968,0.07549003511667252,1.0,266.9706344604492,4267.234465994989,0.7058286666870117,-0.4143834114074707,False
132,new_init_new_dense,full,42,True,150000,0,150000,12064,150000,21.88605546951294,0.9501361846923828,0.07259501516819,1.0,275.2811908721924,4320.252096993499,-0.03902912139892578,-0.4534125328063965,False
133,new_init_new_dense,full,42,True,150000,0,150000,11955,150000,22.01890230178833,0.9542735815048218,0.07589603960514069,1.0,273.6532688140869,4390.898023993941,0.13284683227539062,-0.32056570053100586,False
134,new_init_new_dense,full,42,True,150000,0,150000,11840,150000,22.732324600219727,0.9615607261657715,0.06917056441307068,1.0,282.5145721435547,4286.557768005878,0.7134222984313965,0.3928565979003906,False
135,new_init_new_dense,full,42,True,150000,0,150000,11888,150000,23.252475261688232,0.9659337997436523,0.07101995497941971,1.0,266.3273811340332,4384.776385006262,0.5201506614685059,0.9130072593688965,False
136,new_init_new_dense,full,42,True,150000,0,150000,11913,150000,22.613489627838135,0.9621095657348633,0.06465243548154831,1.0,272.125244140625,4315.194890004932,-0.6389856338500977,0.27402162551879883,False
137,new_init_new_dense,full,42,True,150000,0,150000,12062,150000,21.067986488342285,0.94764244556427,0.07223465293645859,1.0,276.6234874725342,4337.7107700071065,-1.5455031394958496,-1.2714815139770508,False
138,new_init_new_dense,full,42,True,150000,0,150000,11933,150000,19.345492124557495,0.923418402671814,0.08042759448289871,1.0,271.63219451904297,4245.855012006359,-1.72249436378479,-2.993975877761841,False
139,new_init_new_dense,full,42,True,150000,0,150000,11631,150000,18.680166006088257,0.9111706614494324,0.08924287557601929,1.0,275.19679069519043,4237.295911007095,-0.6653261184692383,-3.659301996231079,False
140,new_init_new_dense,full,42,True,150000,0,150000,11161,150000,19.093393087387085,0.9204487800598145,0.08605236560106277,1.0,273.6783027648926,4318.31042500562,0.4132270812988281,-3.246074914932251,False
141,new_init_new_dense,full,42,True,150000,0,150000,10585,150000,19.55904722213745,0.9282970428466797,0.0910414531826973,1.0,278.81574630737305,4327.3843549977755,0.4656541347503662,-2.7804207801818848,False
142,new_init_new_dense,full,42,True,150000,0,150000,10251,150000,20.24568796157837,0.9384042620658875,0.08066592365503311,1.0,276.7453193664551,4217.290026004775,0.686640739440918,-2.093780040740967,False
143,new_init_new_dense,full,42,True,150000,0,150000,10114,150000,20.167393684387207,0.934840202331543,0.07549349963665009,1.0,275.0964164733887,4302.965183000197,-0.07829427719116211,-2.172074317932129,False
144,new_init_new_dense,full,42,True,150000,0,150000,9877,150000,19.93619441986084,0.9344632625579834,0.09264449775218964,1.0,277.79340744018555,4249.566217011306,-0.2311992645263672,-2.403273582458496,False
145,new_init_new_dense,full,42,True,150000,0,150000,9534,150000,19.769768714904785,0.9311038255691528,0.08783528208732605,1.0,272.2439765930176,4250.107868007035,-0.1664257049560547,-2.569699287414551,False
146,new_init_new_dense,full,42,True,150000,0,150000,9174,150000,19.230506420135498,0.9189722537994385,0.09572537988424301,1.0,274.1556167602539,4246.571985000628,-0.5392622947692871,-3.108961582183838,False
147,new_init_new_dense,full,42,True,150000,0,150000,8780,150000,19.22962784767151,0.9202748537063599,0.10228610783815384,1.0,273.52261543273926,4359.106313000666,-0.0008785724639892578,-3.109840154647827,False
148,new_init_new_dense,full,42,True,150000,0,150000,8417,150000,19.91980791091919,0.9301401972770691,0.09970580041408539,1.0,279.89792823791504,4300.233130008564,0.6901800632476807,-2.4196600914001465,False
149,new_init_new_dense,full,42,True,150000,0,150000,8279,150000,18.660447597503662,0.9064685702323914,0.09693320095539093,1.0,259.71198081970215,4330.536394001683,-1.2593603134155273,-3.679020404815674,False
150,new_init_new_dense,full,42,True,150000,0,150000,8052,150000,20.282411575317383,0.9346855878829956,0.09263230115175247,1.0,267.5507068634033,4156.71280999959,1.6219639778137207,-2.057056427001953,False
