frame,seed,policy,psnr,psnr_pre,psnr_post,delta_q_step,delta_q_trajectory,delta_q_cumulative,ssim,depth_l1,n_gaussians,n_gaussians_before,n_densified,n_candidate,n_selected,n_pruned,fraction_selected,predicted_cost,scheduled_cost,budget_ms,actual_opt_ms,frame_wall_ms,is_pred_violation,is_opt_violation,is_frame_violation,jaccard_overlap,rejected_negative_count,norm_drift,vram_allocated_mb,vram_max_mb,statestore_synced,zero_oracle_verified,zero_future_leakage
1,42,no_op,13.458311557769775,13.458311557769775,13.458311557769775,0.0,0.023282766342163086,0.023282766342163086,0.653879702091217,1.3533592224121094,3568,3502,66,3568,0,0,0.0,0.0,0.0,15.0,0.0,5735.30977099972,False,False,True,0.0,0,0.0,50.80029296875,68.0712890625,True,True,True
2,42,no_op,13.427187204360962,13.427187204360962,13.427187204360962,0.0,-0.031124353408813477,-0.00784158706665039,0.650276243686676,1.3560621738433838,3635,3568,67,3635,0,0,0.0,0.0,0.0,15.0,0.0,5879.498862999753,False,False,True,0.0,0,0.0,50.822265625,68.6669921875,True,True,True
3,42,no_op,13.296022415161133,13.296022415161133,13.296022415161133,0.0,-0.1311647891998291,-0.1390063762664795,0.637103796005249,1.3608897924423218,3703,3635,68,3703,0,0,0.0,0.0,0.0,15.0,0.0,7074.721051999859,False,False,True,0.0,0,0.0,50.83349609375,68.69140625,True,True,True
4,42,no_op,13.115640878677368,13.115640878677368,13.115640878677368,0.0,-0.18038153648376465,-0.31938791275024414,0.6200441122055054,1.3368854522705078,3775,3703,72,3775,0,0,0.0,0.0,0.0,15.0,0.0,6157.033456000136,False,False,True,0.0,0,0.0,50.85498046875,68.705078125,True,True,True
5,42,no_op,12.948522567749023,12.948522567749023,12.948522567749023,0.0,-0.16711831092834473,-0.48650622367858887,0.6036054491996765,1.36764395236969,3846,3775,71,3846,0,0,0.0,0.0,0.0,15.0,0.0,6088.0035619998125,False,False,True,0.0,0,0.0,50.8837890625,68.73388671875,True,True,True
6,42,no_op,12.887736558914185,12.887736558914185,12.887736558914185,0.0,-0.06078600883483887,-0.5472922325134277,0.5980209708213806,1.3397855758666992,3922,3846,76,3922,0,0,0.0,0.0,0.0,15.0,0.0,6036.65595099983,False,False,True,0.0,0,0.0,50.89501953125,68.78466796875,True,True,True
7,42,no_op,12.8402841091156,12.8402841091156,12.8402841091156,0.0,-0.047452449798583984,-0.5947446823120117,0.5932621359825134,1.3465946912765503,3988,3922,66,3988,0,0,0.0,0.0,0.0,15.0,0.0,6111.731226000302,False,False,True,0.0,0,0.0,50.91650390625,68.79833984375,True,True,True
8,42,no_op,12.833518981933594,12.833518981933594,12.833518981933594,0.0,-0.006765127182006836,-0.6015098094940186,0.593241810798645,1.3449037075042725,4055,3988,67,4055,0,0,0.0,0.0,0.0,15.0,0.0,6079.48855099994,False,False,True,0.0,0,0.0,50.93017578125,68.8173828125,True,True,True
9,42,no_op,12.791733741760254,12.791733741760254,12.791733741760254,0.0,-0.041785240173339844,-0.6432950496673584,0.5848839282989502,1.330196738243103,4125,4055,70,4125,0,0,0.0,0.0,0.0,15.0,0.0,6343.623649000165,False,False,True,0.0,0,0.0,50.95068359375,68.84814453125,True,True,True
10,42,no_op,12.717790603637695,12.717790603637695,12.717790603637695,0.0,-0.0739431381225586,-0.717238187789917,0.5739136338233948,1.329634428024292,4197,4125,72,4197,0,0,0.0,0.0,0.0,15.0,0.0,6363.821611000276,False,False,True,0.0,0,0.0,50.9638671875,68.87109375,True,True,True
11,42,no_op,12.649879455566406,12.649879455566406,12.649879455566406,0.0,-0.06791114807128906,-0.785149335861206,0.5621045827865601,1.3303253650665283,4268,4197,71,4268,0,0,0.0,0.0,0.0,15.0,0.0,6306.711184000051,False,False,True,0.0,0,0.0,50.986328125,68.9111328125,True,True,True
12,42,no_op,12.531801462173462,12.531801462173462,12.531801462173462,0.0,-0.11807799339294434,-0.9032273292541504,0.5460014343261719,1.3418779373168945,4334,4268,66,4334,0,0,0.0,0.0,0.0,15.0,0.0,6581.134276000284,False,False,True,0.0,0,0.0,50.99755859375,68.94580078125,True,True,True
13,42,no_op,12.356104850769043,12.356104850769043,12.356104850769043,0.0,-0.17569661140441895,-1.0789239406585693,0.5227648615837097,1.3744534254074097,4401,4334,67,4401,0,0,0.0,0.0,0.0,15.0,0.0,6319.513136999831,False,False,True,0.0,0,0.0,51.01904296875,68.9541015625,True,True,True
14,42,no_op,12.226564884185791,12.226564884185791,12.226564884185791,0.0,-0.12953996658325195,-1.2084639072418213,0.5048880577087402,1.3736311197280884,4474,4401,73,4474,0,0,0.0,0.0,0.0,15.0,0.0,6258.52691099999,False,False,True,0.0,0,0.0,51.0302734375,68.97802734375,True,True,True
15,42,no_op,12.099219560623169,12.099219560623169,12.099219560623169,0.0,-0.12734532356262207,-1.3358092308044434,0.48637863993644714,1.3793480396270752,4544,4474,70,4544,0,0,0.0,0.0,0.0,15.0,0.0,6272.441465999691,False,False,True,0.0,0,0.0,51.0517578125,68.99658203125,True,True,True
16,42,no_op,11.991214752197266,11.991214752197266,11.991214752197266,0.0,-0.10800480842590332,-1.4438140392303467,0.47059106826782227,1.3964228630065918,4609,4544,65,4609,0,0,0.0,0.0,0.0,15.0,0.0,6433.267346999855,False,False,True,0.0,0,0.0,51.0810546875,69.0400390625,True,True,True
17,42,no_op,11.940466165542603,11.940466165542603,11.940466165542603,0.0,-0.050748586654663086,-1.4945626258850098,0.46202874183654785,1.4090666770935059,4674,4609,65,4674,0,0,0.0,0.0,0.0,15.0,0.0,6556.162018999657,False,False,True,0.0,0,0.0,51.09228515625,69.07666015625,True,True,True
18,42,no_op,11.815102100372314,11.815102100372314,11.815102100372314,0.0,-0.12536406517028809,-1.6199266910552979,0.4402879476547241,1.4057201147079468,4746,4674,72,4746,0,0,0.0,0.0,0.0,15.0,0.0,6484.859529999994,False,False,True,0.0,0,0.0,51.11376953125,69.08984375,True,True,True
19,42,no_op,11.742609739303589,11.742609739303589,11.742609739303589,0.0,-0.07249236106872559,-1.6924190521240234,0.42998480796813965,1.421609878540039,4816,4746,70,4816,0,0,0.0,0.0,0.0,15.0,0.0,6470.727205000003,False,False,True,0.0,0,0.0,51.125,69.10888671875,True,True,True
20,42,no_op,11.73110842704773,11.73110842704773,11.73110842704773,0.0,-0.011501312255859375,-1.7039203643798828,0.42374187707901,1.424498438835144,4888,4816,72,4888,0,0,0.0,0.0,0.0,15.0,0.0,6417.432626999926,False,False,True,0.0,0,0.0,51.146484375,69.12255859375,True,True,True
21,42,no_op,11.662253141403198,11.662253141403198,11.662253141403198,0.0,-0.06885528564453125,-1.772775650024414,0.4104612469673157,1.4319705963134766,4962,4888,74,4962,0,0,0.0,0.0,0.0,15.0,0.0,6160.36737200011,False,False,True,0.0,0,0.0,51.16064453125,69.1318359375,True,True,True
22,42,no_op,11.639635562896729,11.639635562896729,11.639635562896729,0.0,-0.022617578506469727,-1.7953932285308838,0.40839940309524536,1.4348652362823486,5022,4962,60,5022,0,0,0.0,0.0,0.0,15.0,0.0,6326.3236660000075,False,False,True,0.0,0,0.0,51.18017578125,69.1337890625,True,True,True
23,42,no_op,11.66559100151062,11.66559100151062,11.66559100151062,0.0,0.0259554386138916,-1.7694377899169922,0.4113242030143738,1.4314640760421753,5093,5022,71,5093,0,0,0.0,0.0,0.0,15.0,0.0,6617.8587530002915,False,False,True,0.0,0,0.0,51.193359375,69.17041015625,True,True,True
24,42,no_op,11.758512258529663,11.758512258529663,11.758512258529663,0.0,0.09292125701904297,-1.6765165328979492,0.4261762499809265,1.4347059726715088,5160,5093,67,5160,0,0,0.0,0.0,0.0,15.0,0.0,6556.683569999677,False,False,True,0.0,0,0.0,51.2138671875,69.18115234375,True,True,True
25,42,no_op,11.857333183288574,11.857333183288574,11.857333183288574,0.0,0.09882092475891113,-1.577695608139038,0.4423835873603821,1.4379076957702637,5230,5160,70,5230,0,0,0.0,0.0,0.0,15.0,0.0,6468.400798999937,False,False,True,0.0,0,0.0,51.2265625,69.21337890625,True,True,True
26,42,no_op,11.878472566604614,11.878472566604614,11.878472566604614,0.0,0.02113938331604004,-1.556556224822998,0.45073479413986206,1.436058521270752,5295,5230,65,5295,0,0,0.0,0.0,0.0,15.0,0.0,6786.9410619996415,False,False,True,0.0,0,0.0,51.2490234375,69.2333984375,True,True,True
27,42,no_op,11.966613531112671,11.966613531112671,11.966613531112671,0.0,0.08814096450805664,-1.4684152603149414,0.46649986505508423,1.454829454421997,5362,5295,67,5362,0,0,0.0,0.0,0.0,15.0,0.0,6447.507242000029,False,False,True,0.0,0,0.0,51.26025390625,69.25341796875,True,True,True
28,42,no_op,12.140172719955444,12.140172719955444,12.140172719955444,0.0,0.17355918884277344,-1.294856071472168,0.49139922857284546,1.462035894393921,5431,5362,69,5431,0,0,0.0,0.0,0.0,15.0,0.0,6483.732360999966,False,False,True,0.0,0,0.0,51.28173828125,69.26708984375,True,True,True
29,42,no_op,12.139074802398682,12.139074802398682,12.139074802398682,0.0,-0.0010979175567626953,-1.2959539890289307,0.4915401339530945,1.4478615522384644,5499,5431,68,5499,0,0,0.0,0.0,0.0,15.0,0.0,6709.467760999814,False,False,True,0.0,0,0.0,51.29296875,69.29052734375,True,True,True
1,42,error_only,13.465136289596558,13.458311557769775,13.465136289596558,0.0068247318267822266,0.030107498168945312,0.030107498168945312,0.6541094183921814,1.3533592224121094,3574,3502,72,3574,2,0,0.0005595970900951316,13.609405517578125,14.970345973968506,15.0,33.63656997680664,5308.291889999964,False,True,True,0.0,0,0.0,61.90185546875,81.3544921875,True,True,True
2,42,error_only,13.42924952507019,13.42585563659668,13.42924952507019,0.003393888473510742,-0.03588676452636719,-0.005779266357421875,0.650265097618103,1.3560621738433838,3639,3574,65,3639,1,0,0.0002748007694421544,8.516422271728516,9.368064880371094,15.0,6.549358367919922,5515.881721999904,False,False,True,0.0,0,0.0,61.9287109375,81.48681640625,True,True,True
3,42,error_only,13.30426812171936,13.294932842254639,13.30426812171936,0.00933527946472168,-0.12498140335083008,-0.13076066970825195,0.6374542117118835,1.3608897924423218,3710,3639,71,3710,1,0,0.00026954177897574127,8.505819320678711,9.356401443481445,15.0,10.119199752807617,6078.190489999997,False,False,True,0.0,0,0.0,61.94287109375,81.515625,True,True,True
4,42,error_only,13.130381107330322,13.117276430130005,13.130381107330322,0.013104677200317383,-0.17388701438903809,-0.30464768409729004,0.62065190076828,1.3368854522705078,3779,3710,69,3779,1,0,0.0002646202699126753,8.495326042175293,9.34485912322998,15.0,7.335424423217773,5990.870950000044,False,False,True,0.0,0,0.0,61.9765625,81.58935546875,True,True,True
5,42,error_only,12.960329055786133,12.954269647598267,12.960329055786133,0.006059408187866211,-0.17005205154418945,-0.4746997356414795,0.6041117906570435,1.36764395236969,3848,3779,69,3848,1,0,0.0002598752598752599,8.484457969665527,9.332903861999512,15.0,8.971929550170898,6131.565378000232,False,False,True,0.0,0,0.0,62.00390625,81.626953125,True,True,True
6,42,error_only,12.89258599281311,12.880645990371704,12.89258599281311,0.01194000244140625,-0.06774306297302246,-0.542442798614502,0.5980731844902039,1.3397855758666992,3916,3848,68,3916,1,0,0.0002553626149131767,8.47425651550293,9.32168197631836,15.0,5.539655685424805,6058.661495000251,False,False,True,0.0,0,0.0,62.01806640625,81.626953125,True,True,True
7,42,error_only,12.845547199249268,12.832257747650146,12.845547199249268,0.013289451599121094,-0.04703879356384277,-0.5894815921783447,0.5933252573013306,1.3465946912765503,3988,3916,72,3988,1,0,0.00025075225677031093,8.464438438415527,9.310882568359375,15.0,9.26518440246582,6220.10576699995,False,False,True,0.0,0,0.0,62.04443359375,81.71044921875,True,True,True
8,42,error_only,12.834752798080444,12.82655954360962,12.834752798080444,0.008193254470825195,-0.010794401168823242,-0.600275993347168,0.5928272604942322,1.3449037075042725,4059,3988,71,4059,1,0,0.0002463661000246366,8.455289840698242,9.300819396972656,15.0,11.56926155090332,6131.310848999874,False,False,True,0.0,0,0.0,62.0625,81.76904296875,True,True,True
9,42,error_only,12.792786359786987,12.773782014846802,12.792786359786987,0.019004344940185547,-0.04196643829345703,-0.642242431640625,0.584432065486908,1.330196738243103,4131,4059,72,4131,1,0,0.0002420721374969741,8.445998191833496,9.290597915649414,15.0,6.528615951538086,6097.0360930000425,False,False,True,0.0,0,0.0,62.08740234375,81.8125,True,True,True
10,42,error_only,12.715709209442139,12.695857286453247,12.715709209442139,0.0198519229888916,-0.07707715034484863,-0.7193195819854736,0.5727528929710388,1.329634428024292,4203,4131,72,4203,1,0,0.00023792529145848205,8.436718940734863,9.280390739440918,15.0,9.129524230957031,6075.860541000111,False,False,True,0.0,0,0.0,62.1044921875,81.8798828125,True,True,True
11,42,error_only,12.641414403915405,12.629674673080444,12.641414403915405,0.011739730834960938,-0.0742948055267334,-0.793614387512207,0.5602459907531738,1.3303253650665283,4273,4203,70,4273,1,0,0.0002340276152586005,8.427106857299805,9.269817352294922,15.0,7.982969284057617,6187.509236000096,False,False,True,0.0,0,0.0,62.1318359375,81.90478515625,True,True,True
12,42,error_only,12.530635595321655,12.5078284740448,12.530635595321655,0.02280712127685547,-0.11077880859375,-0.904393196105957,0.5440308451652527,1.3418779373168945,4344,4273,71,4344,1,0,0.00023020257826887662,8.417665481567383,9.259431838989258,15.0,8.186101913452148,6201.544276000277,False,False,True,0.0,0,0.0,62.14599609375,81.93212890625,True,True,True
13,42,error_only,12.357598543167114,12.340872287750244,12.357598543167114,0.016726255416870117,-0.17303705215454102,-1.077430248260498,0.5207875967025757,1.3744534254074097,4414,4344,70,4414,1,0,0.00022655188038060717,8.407800674438477,9.248580932617188,15.0,5.327463150024414,6157.70832599992,False,False,True,0.0,0,0.0,62.17236328125,82.13671875,True,True,True
14,42,error_only,12.223317623138428,12.218471765518188,12.223317623138428,0.004845857620239258,-0.13428092002868652,-1.2117111682891846,0.5026377439498901,1.3736311197280884,4481,4414,67,4481,1,0,0.0002231644722160232,8.397902488708496,9.237692832946777,15.0,6.222009658813477,6559.827473000041,False,False,True,0.0,0,0.0,62.20654296875,82.1943359375,True,True,True
15,42,error_only,12.083617448806763,12.076531648635864,12.083617448806763,0.0070858001708984375,-0.13970017433166504,-1.3514113426208496,0.4828248918056488,1.3793480396270752,4548,4481,67,4548,1,0,0.00021987686895338611,8.38820743560791,9.227028846740723,15.0,8.646965026855469,6513.86969799978,False,False,True,0.0,0,0.0,62.22119140625,82.2119140625,True,True,True
16,42,error_only,11.965585947036743,11.955571174621582,11.965585947036743,0.010014772415161133,-0.11803150177001953,-1.4694428443908691,0.46633315086364746,1.3964228630065918,4617,4548,69,4617,1,0,0.00021659085986571366,8.378612518310547,9.216473579406738,15.0,5.56635856628418,6609.204791000138,False,False,True,0.0,0,0.0,62.248046875,82.2119140625,True,True,True
17,42,error_only,11.91246747970581,11.905548572540283,11.91246747970581,0.006918907165527344,-0.05311846733093262,-1.5225613117218018,0.45758694410324097,1.4090666770935059,4685,4617,68,4685,1,0,0.00021344717182497332,8.36937141418457,9.206308364868164,15.0,7.281780242919922,7050.13511099969,False,False,True,0.0,0,0.0,62.26220703125,82.24072265625,True,True,True
18,42,error_only,11.787680387496948,11.775552034378052,11.787680387496948,0.012128353118896484,-0.1247870922088623,-1.647348403930664,0.43536776304244995,1.4057201147079468,4758,4685,73,4758,1,0,0.0002101723413198823,8.360552787780762,9.196608543395996,15.0,9.432554244995117,6689.103269000043,False,False,True,0.0,0,0.0,62.28857421875,82.31787109375,True,True,True
19,42,error_only,11.717078685760498,11.709544658660889,11.717078685760498,0.007534027099609375,-0.0706017017364502,-1.7179501056671143,0.42554211616516113,1.421609878540039,4830,4758,72,4830,1,0,0.00020703933747412008,8.352090835571289,9.187299728393555,15.0,9.066343307495117,6640.099671999906,False,False,True,0.0,0,0.0,62.306640625,82.36669921875,True,True,True
20,42,error_only,11.703349351882935,11.693702936172485,11.703349351882935,0.009646415710449219,-0.013729333877563477,-1.7316794395446777,0.4188924729824066,1.424498438835144,4897,4830,67,4897,1,0,0.00020420665713702266,8.343893051147461,9.178282737731934,15.0,9.886026382446289,7213.9108999999735,False,False,True,0.0,0,0.0,62.3310546875,82.47412109375,True,True,True
21,42,error_only,11.641055345535278,11.62900686264038,11.641055345535278,0.012048482894897461,-0.06229400634765625,-1.793973445892334,0.4059930741786957,1.4319705963134766,4972,4897,75,4972,1,0,0.00020112630732099757,8.33609390258789,9.169703483581543,15.0,6.7119598388671875,7124.2932129998735,False,False,True,0.0,0,0.0,62.34814453125,82.50439453125,True,True,True
22,42,error_only,11.62416934967041,11.615030765533447,11.62416934967041,0.00913858413696289,-0.016885995864868164,-1.8108594417572021,0.4047684073448181,1.4348652362823486,5041,4972,69,5041,1,0,0.00019837333862328903,8.329188346862793,9.162107467651367,15.0,8.152008056640625,7183.248763999927,False,False,True,0.0,0,0.0,62.37548828125,82.576171875,True,True,True
23,42,error_only,11.647698879241943,11.639368534088135,11.647698879241943,0.008330345153808594,0.023529529571533203,-1.787329912185669,0.40760645270347595,1.4314640760421753,5109,5041,68,5109,1,0,0.00019573302016050108,8.323424339294434,9.155767440795898,15.0,6.040334701538086,6960.674519999884,False,False,True,0.0,0,0.0,62.3896484375,82.63720703125,True,True,True
24,42,error_only,11.745120286941528,11.735306978225708,11.745120286941528,0.009813308715820312,0.09742140769958496,-1.689908504486084,0.4228498935699463,1.4347059726715088,5181,5109,72,5181,1,0,0.00019301293186643504,8.318549156188965,9.15040397644043,15.0,8.132457733154297,6617.196493000392,False,False,True,0.0,0,0.0,62.41650390625,82.69140625,True,True,True
25,42,error_only,11.853880882263184,11.85088038444519,11.853880882263184,0.003000497817993164,0.10876059532165527,-1.5811479091644287,0.44086501002311707,1.4379076957702637,5249,5181,68,5249,1,0,0.00019051247856734617,8.313858985900879,9.145245552062988,15.0,9.414434432983398,6872.781849000148,False,False,True,0.0,0,0.0,62.45068359375,82.74755859375,True,True,True
26,42,error_only,11.882078647613525,11.878246068954468,11.882078647613525,0.003832578659057617,0.028197765350341797,-1.552950143814087,0.45026081800460815,1.436058521270752,5318,5249,69,5318,1,0,0.000188040616773223,8.310563087463379,9.141619682312012,15.0,6.526708602905273,7297.869981000076,False,False,True,0.0,0,0.0,62.46533203125,82.806640625,True,True,True
27,42,error_only,11.984233856201172,11.977479457855225,11.984233856201172,0.006754398345947266,0.10215520858764648,-1.4507949352264404,0.46764302253723145,1.454829454421997,5388,5318,70,5388,1,0,0.0001855976243504083,8.307486534118652,9.138235092163086,15.0,9.858846664428711,7597.854276999897,False,False,True,0.0,0,0.0,62.49169921875,82.86328125,True,True,True
28,42,error_only,12.15783953666687,12.154185771942139,12.15783953666687,0.0036537647247314453,0.17360568046569824,-1.2771892547607422,0.492501437664032,1.462035894393921,5459,5388,71,5459,1,0,0.00018318373328448433,8.305245399475098,9.135769844055176,15.0,8.870124816894531,7576.709457000106,False,False,True,0.0,0,0.0,62.505859375,82.8994140625,True,True,True
29,42,error_only,12.15455412864685,12.15259313583374,12.15455412864685,0.0019609928131103516,-0.0032854080200195312,-1.2804746627807617,0.49266454577445984,1.4478615522384644,5531,5459,72,5531,1,0,0.0001807991321641656,8.3030424118042,9.133346557617188,15.0,6.279945373535156,7639.009698999871,False,False,True,0.0,0,0.0,62.5322265625,82.9423828125,True,True,True
1,42,ours,13.464378118515015,13.458311557769775,13.464378118515015,0.006066560745239258,0.029349327087402344,0.029349327087402344,0.6541410684585571,1.3533592224121094,3569,3502,67,3569,1,0,0.0002801905295601009,12.672670364379883,13.939937591552734,15.0,11.842012405395508,6144.27815099998,False,False,True,0.0,3488,0.830956220626831,61.90185546875,82.9423828125,True,True,True
2,42,ours,13.425371646881104,13.425371646881104,13.425371646881104,0.0,-0.03900647163391113,-0.009657144546508789,0.6501965522766113,1.3560621738433838,3640,3569,71,3640,0,0,0.0,0.0,0.0,15.0,0.0,5889.629065000008,False,False,True,0.0,3639,0.7532034516334534,61.732421875,82.9423828125,True,True,True
3,42,ours,13.298478126525879,13.298478126525879,13.298478126525879,0.0,-0.1268935203552246,-0.1365506649017334,0.6373605728149414,1.3608897924423218,3710,3640,70,3710,0,0,0.0,0.0,0.0,15.0,0.0,5673.605777000375,False,False,True,0.0,2961,0.6838179230690002,61.74365234375,82.9423828125,True,True,True
4,42,ours,13.113037347793579,13.113037347793579,13.113037347793579,0.0,-0.1854407787322998,-0.3219914436340332,0.6199372410774231,1.3368854522705078,3771,3710,61,3771,0,0,0.0,0.0,0.0,15.0,0.0,5893.858735999856,False,False,True,0.0,3230,0.6215694546699524,61.76513671875,82.9423828125,True,True,True
5,42,ours,12.942581176757812,12.942581176757812,12.942581176757812,0.0,-0.1704561710357666,-0.4924476146697998,0.6033703684806824,1.36764395236969,3842,3771,71,3842,0,0,0.0,0.0,0.0,15.0,0.0,5759.5775810000305,False,False,True,0.0,3359,0.5658795833587646,61.7939453125,82.9423828125,True,True,True
6,42,ours,12.881356477737427,12.881356477737427,12.881356477737427,0.0,-0.06122469902038574,-0.5536723136901855,0.5979106426239014,1.3397855758666992,3906,3842,64,3906,0,0,0.0,0.0,0.0,15.0,0.0,5958.043775999613,False,False,True,0.0,3452,0.5161510705947876,61.80517578125,82.9423828125,True,True,True
7,42,ours,12.837859392166138,12.837859392166138,12.837859392166138,0.0,-0.04349708557128906,-0.5971693992614746,0.5935401320457458,1.3465946912765503,3973,3906,67,3973,0,0,0.0,0.0,0.0,15.0,0.0,6021.064554000077,False,False,True,0.0,3548,0.47146451473236084,61.82666015625,82.9423828125,True,True,True
8,42,ours,12.837458848953247,12.830148935317993,12.837458848953247,0.007309913635253906,-0.000400543212890625,-0.5975699424743652,0.5938305854797363,1.3449037075042725,4038,3973,65,4038,1,0,0.00024764735017335313,13.52419376373291,14.87661361694336,15.0,11.333703994750977,6304.770585999904,False,False,True,0.0,3609,0.4315636456012726,62.05859375,82.9423828125,True,True,True
9,42,ours,12.794569730758667,12.77890920639038,12.794569730758667,0.015660524368286133,-0.04288911819458008,-0.6404590606689453,0.585608959197998,1.330196738243103,4110,4038,72,4110,1,0,0.00024330900243309004,13.205446243286133,14.525991439819336,15.0,14.013051986694336,6500.728880000224,False,False,True,0.0,3686,0.3957667350769043,62.08544921875,82.9423828125,True,True,True
10,42,ours,12.720123529434204,12.702221870422363,12.720123529434204,0.01790165901184082,-0.07444620132446289,-0.7149052619934082,0.5744130611419678,1.329634428024292,4178,4110,68,4178,1,0,0.00023934897079942556,13.475628852844238,14.82319164276123,15.0,22.369384765625,6616.935147999811,False,True,True,0.0,3766,0.3637772500514984,62.099609375,82.9423828125,True,True,True
11,42,ours,12.641619443893433,12.632805109024048,12.641619443893433,0.008814334869384766,-0.07850408554077148,-0.7934093475341797,0.5614498853683472,1.3303253650665283,4250,4178,72,4250,1,0,0.00023529411764705883,13.615631103515625,14.977194786071777,15.0,11.679887771606445,6850.432308000109,False,False,True,0.0,3850,0.33614403009414673,62.1259765625,82.9423828125,True,True,True
12,42,ours,12.512990236282349,12.50548243522644,12.512990236282349,0.007507801055908203,-0.12862920761108398,-0.9220385551452637,0.5443064570426941,1.3418779373168945,4321,4250,71,4321,1,0,0.00023142791020597085,12.92933177947998,14.222265243530273,15.0,14.215230941772461,6768.38636399998,False,False,True,0.0,3929,0.31417107582092285,62.14501953125,82.9423828125,True,True,True
13,42,ours,12.33305811882019,12.323169708251953,12.33305811882019,0.009888410568237305,-0.1799321174621582,-1.1019706726074219,0.5209074020385742,1.3744534254074097,4380,4321,59,4380,1,0,0.00022831050228310502,11.446921348571777,12.59161376953125,15.0,14.174461364746094,6844.443946999945,False,False,True,0.0,4000,0.294479101896286,62.16748046875,82.9423828125,True,True,True
14,42,ours,12.209975719451904,12.195490598678589,12.209975719451904,0.01448512077331543,-0.12308239936828613,-1.225053071975708,0.5035892128944397,1.3736311197280884,4452,4380,72,4452,1,0,0.00022461814914645105,10.984756469726562,12.083231925964355,15.0,14.715194702148438,6542.071789999682,False,False,True,0.0,4096,0.2759580910205841,62.185546875,82.9423828125,True,True,True
15,42,ours,12.075674533843994,12.065812349319458,12.075674533843994,0.009862184524536133,-0.13430118560791016,-1.3593542575836182,0.4842852056026459,1.3793480396270752,4521,4452,69,4521,1,0,0.00022119000221190003,9.590848922729492,10.549934387207031,15.0,14.474630355834961,6726.0709789998145,False,False,True,0.0,4158,0.25960803031921387,62.208984375,82.9423828125,True,True,True
16,42,ours,11.959278583526611,11.95099949836731,11.959278583526611,0.008279085159301758,-0.11639595031738281,-1.475750207901001,0.46806806325912476,1.3964228630065918,4591,4521,70,4591,1,0,0.00021781746896101068,9.257394790649414,10.183134078979492,15.0,14.647245407104492,6889.9346780003725,False,False,True,0.0,4232,0.2447032481431961,62.22607421875,82.9423828125,True,True,True
17,42,ours,11.91747784614563,11.89997673034668,11.91747784614563,0.017501115798950195,-0.041800737380981445,-1.5175509452819824,0.45985841751098633,1.4090666770935059,4659,4591,68,4659,1,0,0.000214638334406525,8.840620994567871,9.72468376159668,15.0,10.371923446655273,6665.117779999946,False,False,True,0.0,4175,0.2311827689409256,62.25390625,82.9423828125,True,True,True
18,42,ours,11.795897483825684,11.783138513565063,11.795897483825684,0.012758970260620117,-0.12158036231994629,-1.6391313076019287,0.43804931640625,1.4057201147079468,4723,4659,64,4723,1,0,0.00021172983273343214,8.097477912902832,8.907225608825684,15.0,11.457681655883789,7050.9184610000375,False,False,True,0.0,4115,0.21902023255825043,62.26806640625,82.9423828125,True,True,True
19,42,ours,11.72350525856018,11.718158721923828,11.72350525856018,0.005346536636352539,-0.07239222526550293,-1.7115235328674316,0.4278329610824585,1.421609878540039,4792,4723,69,4792,1,0,0.00020868113522537563,8.64830493927002,9.51313591003418,15.0,11.178016662597656,6794.155602000046,False,False,True,0.0,4138,0.20771192014217377,62.29443359375,82.9423828125,True,True,True
20,42,ours,11.710842847824097,11.697815656661987,11.710842847824097,0.013027191162109375,-0.012662410736083984,-1.7241859436035156,0.42158278822898865,1.424498438835144,4866,4792,74,4866,1,0,0.0002055076037813399,9.996932983398438,10.996626853942871,15.0,9.948968887329102,6905.279327999779,False,False,True,0.0,4202,0.19729456305503845,62.3291015625,82.9423828125,True,True,True
21,42,ours,11.644679307937622,11.636006832122803,11.644679307937622,0.008672475814819336,-0.06616353988647461,-1.7903494834899902,0.4086337089538574,1.4319705963134766,4934,4866,68,4934,1,0,0.00020267531414673692,12.209945678710938,13.430940628051758,15.0,15.98215103149414,7426.360405999731,False,True,True,0.0,4282,0.1883394718170166,62.34326171875,82.9423828125,True,True,True
22,42,ours,11.624823808670044,11.618419885635376,11.624823808670044,0.006403923034667969,-0.019855499267578125,-1.8102049827575684,0.40635937452316284,1.4348652362823486,5005,4934,71,5005,2,0,0.0003996003996003996,13.470748901367188,14.81782341003418,15.0,18.45097541809082,7324.886705000154,False,True,True,0.0,4302,0.17967742681503296,62.36962890625,82.9423828125,True,True,True
23,42,ours,11.645581722259521,11.63816213607788,11.645581722259521,0.007419586181640625,0.02075791358947754,-1.7894470691680908,0.4087028503417969,1.4314640760421753,5075,5005,70,5075,1,0,0.00019704433497536947,10.415596961975098,11.457157135009766,15.0,8.071184158325195,7224.969826000233,False,False,True,0.0,4387,0.1721562296152115,62.3837890625,82.9423828125,True,True,True
24,42,ours,11.739543676376343,11.736085414886475,11.739543676376343,0.003458261489868164,0.09396195411682129,-1.6954851150512695,0.423637330532074,1.4347059726715088,5144,5075,69,5144,1,0,0.00019440124416796267,13.34091854095459,14.675010681152344,15.0,13.567447662353516,6974.175844000001,False,False,True,0.0,4429,0.16502021253108978,62.41064453125,82.9423828125,True,True,True
25,42,ours,11.844984292984009,11.841051578521729,11.844984292984009,0.0039327144622802734,0.10544061660766602,-1.5900444984436035,0.44114869832992554,1.4379076957702637,5213,5144,69,5213,1,0,0.0001918281220026856,13.331178665161133,14.664297103881836,15.0,10.686874389648438,7532.598685000266,False,False,True,0.0,4496,0.1588435173034668,62.4287109375,82.9423828125,True,True,True
26,42,ours,11.867767572402954,11.864380836486816,11.867767572402954,0.0033867359161376953,0.022783279418945312,-1.5672612190246582,0.4498053193092346,1.436058521270752,5284,5213,71,5284,1,0,0.00018925056775170325,12.892730712890625,14.18200397491455,15.0,10.879993438720703,7336.033442000371,False,False,True,0.0,4570,0.15332312881946564,62.453125,82.9423828125,True,True,True
27,42,ours,11.963245868682861,11.960288286209106,11.963245868682861,0.002957582473754883,0.09547829627990723,-1.471782922744751,0.4664851129055023,1.454829454421997,5351,5284,67,5351,1,0,0.00018688095683049897,13.218881607055664,14.540770530700684,15.0,10.614156723022461,7437.345118999929,False,False,True,0.0,4595,0.14859452843666077,62.47021484375,82.9423828125,True,True,True
28,42,ours,12.139885425567627,12.13591456413269,12.139885425567627,0.0039708614349365234,0.17663955688476562,-1.2951433658599854,0.4918995797634125,1.462035894393921,5418,5351,67,5418,1,0,0.00018456995201181247,13.484363555908203,14.832799911499023,15.0,8.210182189941406,7123.023792000367,False,False,True,0.0,4663,0.14421187341213226,62.49365234375,82.9423828125,True,True,True
29,42,ours,12.141588926315308,12.13488221168518,12.141588926315308,0.006706714630126953,0.001703500747680664,-1.2934398651123047,0.49242398142814636,1.4478615522384644,5487,5418,69,5487,1,0,0.00018224895206852561,12.434076309204102,13.677484512329102,15.0,14.917612075805664,7245.571294000001,False,False,True,0.0,4684,0.13998308777809143,62.5107421875,82.98486328125,True,True,True
1,42,full,13.461652994155884,13.458311557769775,13.461652994155884,0.0033414363861083984,0.026624202728271484,0.026624202728271484,0.6539566516876221,1.3533592224121094,3571,3502,0,3502,3571,0,1.0197030268418046,0.0,0.0,15.0,450.1769542694092,6099.674890999722,False,False,False,0.0,0,0.0,60.11669921875,449.47900390625,True,True,True
2,42,full,13.428963422775269,13.424146175384521,13.428963422775269,0.00481724739074707,-0.032689571380615234,-0.00606536865234375,0.6502811908721924,1.3560621738433838,3640,3571,0,3571,3640,0,1.0193223186782414,0.0,0.0,15.0,423.6030578613281,6233.52206699974,False,False,False,0.0,0,0.0,60.14306640625,452.87451171875,True,True,True
3,42,full,13.30406665802002,13.295331001281738,13.30406665802002,0.00873565673828125,-0.12489676475524902,-0.13096213340759277,0.637612521648407,1.3608897924423218,3704,3640,0,3640,3704,0,1.0175824175824175,0.0,0.0,15.0,450.61731338500977,6577.3713829999,False,False,False,0.0,0,0.0,60.15673828125,455.662109375,True,True,True
4,42,full,13.125852346420288,13.1171715259552,13.125852346420288,0.00868082046508789,-0.17821431159973145,-0.3091764450073242,0.6206846237182617,1.3368854522705078,3767,3704,0,3704,3767,0,1.0170086393088553,0.0,0.0,15.0,457.0181369781494,6682.121692999772,False,False,False,0.0,0,0.0,60.1826171875,458.41748046875,True,True,True
5,42,full,12.963932752609253,12.950083017349243,12.963932752609253,0.013849735260009766,-0.16191959381103516,-0.4710960388183594,0.6045318841934204,1.36764395236969,3833,3767,0,3767,3833,0,1.017520573400584,0.0,0.0,15.0,432.2934150695801,6670.52454900022,False,False,False,0.0,0,0.0,60.1962890625,460.97705078125,True,True,True
6,42,full,12.898766994476318,12.884656190872192,12.898766994476318,0.014110803604125977,-0.06516575813293457,-0.536261796951294,0.5987161993980408,1.3397855758666992,3905,3833,0,3833,3905,0,1.0187842421080093,0.0,0.0,15.0,440.74010848999023,6428.894381000191,False,False,False,0.0,0,0.0,60.22900390625,463.9736328125,True,True,True
7,42,full,12.84935712814331,12.838863134384155,12.84935712814331,0.010493993759155273,-0.04940986633300781,-0.5856716632843018,0.5936781167984009,1.3465946912765503,3975,3905,0,3905,3975,0,1.0179257362355953,0.0,0.0,15.0,437.6075267791748,6692.896864000431,False,False,False,0.0,0,0.0,60.255859375,466.619140625,True,True,True
8,42,full,12.839962244033813,12.828741073608398,12.839962244033813,0.011221170425415039,-0.00939488410949707,-0.5950665473937988,0.5933254957199097,1.3449037075042725,4047,3975,0,3975,4047,0,1.0181132075471697,0.0,0.0,15.0,460.6153964996338,7056.491316999654,False,False,False,0.0,0,0.0,60.26953125,469.9931640625,True,True,True
9,42,full,12.79966115951538,12.781778573989868,12.79966115951538,0.017882585525512695,-0.04030108451843262,-0.6353676319122314,0.5853734612464905,1.330196738243103,4119,4047,0,4047,4119,0,1.0177909562638991,0.0,0.0,15.0,447.02839851379395,6977.33436999988,False,False,False,0.0,0,0.0,60.2958984375,473.08056640625,True,True,True
10,42,full,12.734172344207764,12.709026336669922,12.734172344207764,0.025146007537841797,-0.06548881530761719,-0.7008564472198486,0.5744806528091431,1.329634428024292,4188,4119,0,4119,4188,0,1.0167516387472688,0.0,0.0,15.0,437.5793933868408,6572.014979000414,False,False,False,0.0,0,0.0,60.3134765625,476.67041015625,True,True,True
11,42,full,12.669363021850586,12.648202180862427,12.669363021850586,0.02116084098815918,-0.06480932235717773,-0.7656657695770264,0.5624700784683228,1.3303253650665283,4254,4188,0,4188,4254,0,1.015759312320917,0.0,0.0,15.0,434.41009521484375,6587.538407000011,False,False,False,0.0,0,0.0,60.33642578125,479.529296875,True,True,True
12,42,full,12.55577564239502,12.534687519073486,12.55577564239502,0.021088123321533203,-0.1135873794555664,-0.8792531490325928,0.5461813807487488,1.3418779373168945,4324,4254,0,4254,4324,0,1.0164551010813352,0.0,0.0,15.0,445.6470012664795,6686.312742999689,False,False,False,0.0,0,0.0,60.35400390625,482.46728515625,True,True,True
13,42,full,12.377594709396362,12.365906238555908,12.377594709396362,0.011688470840454102,-0.17818093299865723,-1.05743408203125,0.5229542851448059,1.3744534254074097,4393,4324,0,4324,4393,0,1.0159574468085106,0.0,0.0,15.0,503.8645267486572,6771.838908000063,False,False,False,0.0,0,0.0,60.376953125,486.13037109375,True,True,True
14,42,full,12.252116203308105,12.237956523895264,12.252116203308105,0.014159679412841797,-0.12547850608825684,-1.1829125881195068,0.5053421258926392,1.3736311197280884,4462,4393,0,4393,4462,0,1.0157068062827226,0.0,0.0,15.0,484.7385883331299,7139.184130999638,False,False,False,0.0,0,0.0,60.3935546875,490.58642578125,True,True,True
15,42,full,12.11545705795288,12.106901407241821,12.11545705795288,0.00855565071105957,-0.1366591453552246,-1.3195717334747314,0.48564431071281433,1.3793480396270752,4530,4462,0,4462,4530,0,1.0152398027790228,0.0,0.0,15.0,446.1407661437988,7247.3206409999875,False,False,False,0.0,0,0.0,60.42041015625,493.16650390625,True,True,True
16,42,full,11.994274854660034,11.990432739257812,11.994274854660034,0.0038421154022216797,-0.12118220329284668,-1.4407539367675781,0.4688150882720947,1.3964228630065918,4596,4530,0,4530,4596,0,1.014569536423841,0.0,0.0,15.0,458.09102058410645,7237.471985999946,False,False,False,0.0,0,0.0,60.43408203125,494.43603515625,True,True,True
17,42,full,11.940298080444336,11.934865713119507,11.940298080444336,0.0054323673248291016,-0.05397677421569824,-1.4947307109832764,0.45986756682395935,1.4090666770935059,4663,4596,0,4596,4663,0,1.0145778938207137,0.0,0.0,15.0,455.7538032531738,7046.518734000074,False,False,False,0.0,0,0.0,60.46044921875,498.39453125,True,True,True
18,42,full,11.813384294509888,11.80416226387024,11.813384294509888,0.009222030639648438,-0.12691378593444824,-1.6216444969177246,0.4376659393310547,1.4057201147079468,4735,4663,0,4663,4735,0,1.015440703409822,0.0,0.0,15.0,478.67679595947266,7199.020267000378,False,False,False,0.0,0,0.0,60.47412109375,501.87255859375,True,True,True
19,42,full,11.745928525924683,11.735047101974487,11.745928525924683,0.010881423950195312,-0.06745576858520508,-1.6891002655029297,0.4278404414653778,1.421609878540039,4811,4735,0,4735,4811,0,1.0160506863780359,0.0,0.0,15.0,469.1438674926758,7474.616958999832,False,False,False,0.0,0,0.0,60.5068359375,505.5068359375,True,True,True
20,42,full,11.73227310180664,11.722756624221802,11.73227310180664,0.009516477584838867,-0.013655424118041992,-1.7027556896209717,0.4211708903312683,1.424498438835144,4880,4811,0,4811,4880,0,1.0143421326127624,0.0,0.0,15.0,450.1979351043701,7277.920975000143,False,False,False,0.0,0,0.0,60.53369140625,509.166015625,True,True,True
21,42,full,11.664867401123047,11.657629013061523,11.664867401123047,0.0072383880615234375,-0.06740570068359375,-1.7701613903045654,0.40840548276901245,1.4319705963134766,4943,4880,0,4880,4943,0,1.0129098360655737,0.0,0.0,15.0,465.56615829467773,7127.432857999793,False,False,False,0.0,0,0.0,60.54736328125,511.474609375,True,True,True
22,42,full,11.652446985244751,11.639156341552734,11.652446985244751,0.013290643692016602,-0.012420415878295898,-1.7825818061828613,0.4074624180793762,1.4348652362823486,5015,4943,0,4943,5015,0,1.0145660530042484,0.0,0.0,15.0,504.8086643218994,7667.702025999915,False,False,False,0.0,0,0.0,60.5732421875,513.7666015625,True,True,True
23,42,full,11.679984331130981,11.668305397033691,11.679984331130981,0.011678934097290039,0.02753734588623047,-1.7550444602966309,0.4101041555404663,1.4314640760421753,5080,5015,0,5015,5080,0,1.0129611166500498,0.0,0.0,15.0,542.2918796539307,7336.310146999949,False,False,False,0.0,0,0.0,60.5908203125,516.79541015625,True,True,True
24,42,full,11.769217252731323,11.765817403793335,11.769217252731323,0.0033998489379882812,0.0892329216003418,-1.665811538696289,0.42438873648643494,1.4347059726715088,5146,5080,0,5080,5146,0,1.012992125984252,0.0,0.0,15.0,472.1064567565918,7414.779831000033,False,False,False,0.0,0,0.0,60.6142578125,518.77978515625,True,True,True
25,42,full,11.876362562179565,11.867963075637817,11.876362562179565,0.008399486541748047,0.10714530944824219,-1.5586662292480469,0.4418015480041504,1.4379076957702637,5215,5146,0,5146,5215,0,1.0134084726000778,0.0,0.0,15.0,523.0238437652588,7574.213651000264,False,False,False,0.0,0,0.0,60.630859375,521.37158203125,True,True,True
26,42,full,11.908702850341797,11.902145147323608,11.908702850341797,0.0065577030181884766,0.032340288162231445,-1.5263259410858154,0.45150893926620483,1.436058521270752,5291,5215,0,5215,5291,0,1.0145733461169704,0.0,0.0,15.0,483.5677146911621,7679.081048999706,False,False,False,0.0,0,0.0,60.65869140625,526.87060546875,True,True,True
27,42,full,12.012654542922974,12.005946636199951,12.012654542922974,0.006707906723022461,0.10395169258117676,-1.4223742485046387,0.4691656827926636,1.454829454421997,5357,5291,0,5291,5357,0,1.0124740124740124,0.0,0.0,15.0,508.3291530609131,7965.127462000055,False,False,False,0.0,0,0.0,60.67236328125,529.39990234375,True,True,True
28,42,full,12.186088562011719,12.182495594024658,12.186088562011719,0.003592967987060547,0.17343401908874512,-1.2489402294158936,0.49413877725601196,1.462035894393921,5426,5357,0,5357,5426,0,1.012880343475826,0.0,0.0,15.0,490.1401996612549,7655.399169000248,False,False,False,0.0,0,0.0,60.6982421875,532.09619140625,True,True,True
29,42,full,12.184364795684814,12.17963457107544,12.184364795684814,0.004730224609375,-0.0017237663269042969,-1.2506639957427979,0.4944149851799011,1.4478615522384644,5496,5426,0,5426,5496,0,1.0129008477699963,0.0,0.0,15.0,507.8873634338379,7597.366425000018,False,False,False,0.0,0,0.0,60.7119140625,536.63818359375,True,True,True
1,43,no_op,13.458311557769775,13.458311557769775,13.458311557769775,0.0,0.023282766342163086,0.023282766342163086,0.653879702091217,1.3533592224121094,3570,3502,68,3570,0,0,0.0,0.0,0.0,15.0,0.0,5576.829197999814,False,False,True,0.0,0,0.0,59.92529296875,536.63818359375,True,True,True
2,43,no_op,13.423688411712646,13.423688411712646,13.423688411712646,0.0,-0.034623146057128906,-0.01134037971496582,0.6499506235122681,1.3560621738433838,3637,3570,67,3637,0,0,0.0,0.0,0.0,15.0,0.0,5702.144103999672,False,False,True,0.0,0,0.0,59.947265625,536.63818359375,True,True,True
3,43,no_op,13.295191526412964,13.295191526412964,13.295191526412964,0.0,-0.12849688529968262,-0.13983726501464844,0.6369707584381104,1.3608897924423218,3711,3637,74,3711,0,0,0.0,0.0,0.0,15.0,0.0,5882.345498000177,False,False,True,0.0,0,0.0,59.95849609375,536.63818359375,True,True,True
4,43,no_op,13.114668130874634,13.114668130874634,13.114668130874634,0.0,-0.18052339553833008,-0.3203606605529785,0.6198911666870117,1.3368854522705078,3779,3711,68,3779,0,0,0.0,0.0,0.0,15.0,0.0,5888.584134000212,False,False,True,0.0,0,0.0,59.986328125,536.63818359375,True,True,True
5,43,no_op,12.94701337814331,12.94701337814331,12.94701337814331,0.0,-0.16765475273132324,-0.48801541328430176,0.6033748984336853,1.36764395236969,3845,3779,66,3845,0,0,0.0,0.0,0.0,15.0,0.0,5865.424385000097,False,False,True,0.0,0,0.0,60.0087890625,536.63818359375,True,True,True
6,43,no_op,12.885361909866333,12.885361909866333,12.885361909866333,0.0,-0.06165146827697754,-0.5496668815612793,0.5978070497512817,1.3397855758666992,3912,3845,67,3912,0,0,0.0,0.0,0.0,15.0,0.0,6257.78881899987,False,False,True,0.0,0,0.0,60.02001953125,536.63818359375,True,True,True
7,43,no_op,12.837166786193848,12.837166786193848,12.837166786193848,0.0,-0.04819512367248535,-0.5978620052337646,0.5929744243621826,1.3465946912765503,3984,3912,72,3984,0,0,0.0,0.0,0.0,15.0,0.0,5754.132334999667,False,False,True,0.0,0,0.0,60.04150390625,536.63818359375,True,True,True
8,43,no_op,12.829005718231201,12.829005718231201,12.829005718231201,0.0,-0.008161067962646484,-0.6060230731964111,0.5926399230957031,1.3449037075042725,4054,3984,70,4054,0,0,0.0,0.0,0.0,15.0,0.0,6001.768938000168,False,False,True,0.0,0,0.0,60.05517578125,536.63818359375,True,True,True
9,43,no_op,12.784308195114136,12.784308195114136,12.784308195114136,0.0,-0.04469752311706543,-0.6507205963134766,0.58417809009552,1.330196738243103,4117,4054,63,4117,0,0,0.0,0.0,0.0,15.0,0.0,6029.999422999936,False,False,True,0.0,0,0.0,60.07568359375,536.63818359375,True,True,True
10,43,no_op,12.699275016784668,12.699275016784668,12.699275016784668,0.0,-0.08503317832946777,-0.7357537746429443,0.5719540119171143,1.329634428024292,4187,4117,70,4187,0,0,0.0,0.0,0.0,15.0,0.0,6007.222920999993,False,False,True,0.0,0,0.0,60.08837890625,536.63818359375,True,True,True
11,43,no_op,12.641633749008179,12.641633749008179,12.641633749008179,0.0,-0.05764126777648926,-0.7933950424194336,0.5606976747512817,1.3303253650665283,4258,4187,71,4258,0,0,0.0,0.0,0.0,15.0,0.0,6366.922188999979,False,False,True,0.0,0,0.0,60.10888671875,536.63818359375,True,True,True
12,43,no_op,12.523794174194336,12.523794174194336,12.523794174194336,0.0,-0.11783957481384277,-0.9112346172332764,0.5445846319198608,1.3418779373168945,4324,4258,66,4324,0,0,0.0,0.0,0.0,15.0,0.0,6257.881369000188,False,False,True,0.0,0,0.0,60.12158203125,536.63818359375,True,True,True
13,43,no_op,12.345954179763794,12.345954179763794,12.345954179763794,0.0,-0.177839994430542,-1.0890746116638184,0.5210723280906677,1.3744534254074097,4393,4324,69,4393,0,0,0.0,0.0,0.0,15.0,0.0,6134.767717999694,False,False,True,0.0,0,0.0,60.1416015625,536.63818359375,True,True,True
14,43,no_op,12.218567132949829,12.218567132949829,12.218567132949829,0.0,-0.12738704681396484,-1.2164616584777832,0.5034353137016296,1.3736311197280884,4464,4393,71,4464,0,0,0.0,0.0,0.0,15.0,0.0,6463.260601000002,False,False,True,0.0,0,0.0,60.154296875,536.63818359375,True,True,True
15,43,no_op,12.090456485748291,12.090456485748291,12.090456485748291,0.0,-0.12811064720153809,-1.3445723056793213,0.48490583896636963,1.3793480396270752,4534,4464,70,4534,0,0,0.0,0.0,0.0,15.0,0.0,6493.489877000229,False,False,True,0.0,0,0.0,60.1767578125,536.63818359375,True,True,True
16,43,no_op,11.979039907455444,11.979039907455444,11.979039907455444,0.0,-0.11141657829284668,-1.455988883972168,0.4684700667858124,1.3964228630065918,4609,4534,75,4609,0,0,0.0,0.0,0.0,15.0,0.0,6336.442011000145,False,False,True,0.0,0,0.0,60.2060546875,536.63818359375,True,True,True
17,43,no_op,11.938263177871704,11.938263177871704,11.938263177871704,0.0,-0.040776729583740234,-1.4967656135559082,0.4603814482688904,1.4090666770935059,4677,4609,68,4677,0,0,0.0,0.0,0.0,15.0,0.0,6626.727301999836,False,False,True,0.0,0,0.0,60.21728515625,536.63818359375,True,True,True
18,43,no_op,11.805906295776367,11.805906295776367,11.805906295776367,0.0,-0.13235688209533691,-1.6291224956512451,0.437821626663208,1.4057201147079468,4744,4677,67,4744,0,0,0.0,0.0,0.0,15.0,0.0,6515.1978630001395,False,False,True,0.0,0,0.0,60.23876953125,536.63818359375,True,True,True
19,43,no_op,11.731128692626953,11.731128692626953,11.731128692626953,0.0,-0.07477760314941406,-1.7039000988006592,0.4273104667663574,1.421609878540039,4806,4744,62,4806,0,0,0.0,0.0,0.0,15.0,0.0,6439.7634759998255,False,False,True,0.0,0,0.0,60.25,536.63818359375,True,True,True
20,43,no_op,11.713504791259766,11.713504791259766,11.713504791259766,0.0,-0.0176239013671875,-1.7215240001678467,0.42045021057128906,1.424498438835144,4872,4806,66,4872,0,0,0.0,0.0,0.0,15.0,0.0,6717.726291999952,False,False,True,0.0,0,0.0,60.271484375,536.63818359375,True,True,True
21,43,no_op,11.64541244506836,11.64541244506836,11.64541244506836,0.0,-0.06809234619140625,-1.789616346359253,0.40755122900009155,1.4319705963134766,4941,4872,69,4941,0,0,0.0,0.0,0.0,15.0,0.0,6756.783026999983,False,False,True,0.0,0,0.0,60.28271484375,536.63818359375,True,True,True
22,43,no_op,11.634334325790405,11.634334325790405,11.634334325790405,0.0,-0.011078119277954102,-1.800694465637207,0.4061293303966522,1.4348652362823486,5014,4941,73,5014,0,0,0.0,0.0,0.0,15.0,0.0,6531.090211999981,False,False,True,0.0,0,0.0,60.30419921875,536.63818359375,True,True,True
23,43,no_op,11.665993928909302,11.665993928909302,11.665993928909302,0.0,0.031659603118896484,-1.7690348625183105,0.40959715843200684,1.4314640760421753,5084,5014,70,5084,0,0,0.0,0.0,0.0,15.0,0.0,6818.736394000098,False,False,True,0.0,0,0.0,60.31787109375,536.63818359375,True,True,True
24,43,no_op,11.758338212966919,11.758338212966919,11.758338212966919,0.0,0.09234428405761719,-1.6766905784606934,0.42430341243743896,1.4347059726715088,5155,5084,71,5155,0,0,0.0,0.0,0.0,15.0,0.0,6857.727522999994,False,False,True,0.0,0,0.0,60.3388671875,536.63818359375,True,True,True
25,43,no_op,11.86510443687439,11.86510443687439,11.86510443687439,0.0,0.1067662239074707,-1.5699243545532227,0.4420088231563568,1.4379076957702637,5229,5155,74,5229,0,0,0.0,0.0,0.0,15.0,0.0,7009.167103999971,False,False,True,0.0,0,0.0,60.3515625,536.63818359375,True,True,True
26,43,no_op,11.889451742172241,11.889451742172241,11.889451742172241,0.0,0.024347305297851562,-1.545577049255371,0.4505634009838104,1.436058521270752,5301,5229,72,5301,0,0,0.0,0.0,0.0,15.0,0.0,6784.1647309996915,False,False,True,0.0,0,0.0,60.3740234375,536.63818359375,True,True,True
27,43,no_op,11.986771821975708,11.986771821975708,11.986771821975708,0.0,0.0973200798034668,-1.4482569694519043,0.46730202436447144,1.454829454421997,5373,5301,72,5373,0,0,0.0,0.0,0.0,15.0,0.0,6770.494589999998,False,False,True,0.0,0,0.0,60.38525390625,536.63818359375,True,True,True
28,43,no_op,12.161943912506104,12.161943912506104,12.161943912506104,0.0,0.1751720905303955,-1.2730848789215088,0.4921424984931946,1.462035894393921,5442,5373,69,5442,0,0,0.0,0.0,0.0,15.0,0.0,6992.826829000023,False,False,True,0.0,0,0.0,60.4130859375,536.63818359375,True,True,True
29,43,no_op,12.161511182785034,12.161511182785034,12.161511182785034,0.0,-0.00043272972106933594,-1.2735176086425781,0.49236243963241577,1.4478615522384644,5506,5442,64,5506,0,0,0.0,0.0,0.0,15.0,0.0,7411.423593000109,False,False,True,0.0,0,0.0,60.435546875,536.63818359375,True,True,True
1,43,error_only,13.458311557769775,13.458311557769775,13.458311557769775,0.0,0.023282766342163086,0.023282766342163086,0.653879702091217,1.3533592224121094,3569,3502,67,3569,0,0,0.0,0.0,0.0,15.0,0.0,5831.362846000047,False,False,True,0.0,0,0.0,59.92529296875,536.63818359375,True,True,True
2,43,error_only,13.424530029296875,13.424530029296875,13.424530029296875,0.0,-0.03378152847290039,-0.010498762130737305,0.650067925453186,1.3560621738433838,3634,3569,65,3634,0,0,0.0,0.0,0.0,15.0,0.0,5895.491527000104,False,False,True,0.0,0,0.0,59.947265625,536.63818359375,True,True,True
3,43,error_only,13.297531604766846,13.297531604766846,13.297531604766846,0.0,-0.1269984245300293,-0.1374971866607666,0.6371805667877197,1.3608897924423218,3703,3634,69,3703,0,0,0.0,0.0,0.0,15.0,0.0,5622.293874999741,False,False,True,0.0,0,0.0,59.95849609375,536.63818359375,True,True,True
4,43,error_only,13.118332624435425,13.118332624435425,13.118332624435425,0.0,-0.1791989803314209,-0.3166961669921875,0.6200311183929443,1.3368854522705078,3773,3703,70,3773,0,0,0.0,0.0,0.0,15.0,0.0,5867.663812000046,False,False,True,0.0,0,0.0,59.97998046875,536.63818359375,True,True,True
5,43,error_only,12.947930097579956,12.947930097579956,12.947930097579956,0.0,-0.17040252685546875,-0.48709869384765625,0.6033935546875,1.36764395236969,3838,3773,65,3838,0,0,0.0,0.0,0.0,15.0,0.0,6132.738318000065,False,False,True,0.0,0,0.0,59.9912109375,536.63818359375,True,True,True
6,43,error_only,12.877899408340454,12.877899408340454,12.877899408340454,0.0,-0.07003068923950195,-0.5571293830871582,0.5972458720207214,1.3397855758666992,3911,3838,73,3911,0,0,0.0,0.0,0.0,15.0,0.0,6050.214254999901,False,False,True,0.0,0,0.0,60.01904296875,536.63818359375,True,True,True
7,43,error_only,12.83291220664978,12.83291220664978,12.83291220664978,0.0,-0.04498720169067383,-0.602116584777832,0.5924971103668213,1.3465946912765503,3979,3911,68,3979,0,0,0.0,0.0,0.0,15.0,0.0,6081.887766999898,False,False,True,0.0,0,0.0,60.04150390625,536.63818359375,True,True,True
8,43,error_only,12.825977802276611,12.825977802276611,12.825977802276611,0.0,-0.006934404373168945,-0.609050989151001,0.592132568359375,1.3449037075042725,4046,3979,67,4046,0,0,0.0,0.0,0.0,15.0,0.0,6087.436096999227,False,False,True,0.0,0,0.0,60.052734375,536.63818359375,True,True,True
9,43,error_only,12.790800333023071,12.790800333023071,12.790800333023071,0.0,-0.03517746925354004,-0.644228458404541,0.5841585397720337,1.330196738243103,4116,4046,70,4116,0,0,0.0,0.0,0.0,15.0,0.0,6212.783795000178,False,False,True,0.0,0,0.0,60.07470703125,536.63818359375,True,True,True
10,43,error_only,12.70918607711792,12.70918607711792,12.70918607711792,0.0,-0.08161425590515137,-0.7258427143096924,0.5721325874328613,1.329634428024292,4183,4116,67,4183,0,0,0.0,0.0,0.0,15.0,0.0,6096.964112000023,False,False,True,0.0,0,0.0,60.08837890625,536.63818359375,True,True,True
11,43,error_only,12.639062404632568,12.639062404632568,12.639062404632568,0.0,-0.07012367248535156,-0.795966386795044,0.5601044297218323,1.3303253650665283,4252,4183,69,4252,0,0,0.0,0.0,0.0,15.0,0.0,6160.529499999939,False,False,True,0.0,0,0.0,60.1083984375,536.63818359375,True,True,True
12,43,error_only,12.518346309661865,12.518346309661865,12.518346309661865,0.0,-0.12071609497070312,-0.9166824817657471,0.5434783697128296,1.3418779373168945,4318,4252,66,4318,0,0,0.0,0.0,0.0,15.0,0.0,6292.633703999854,False,False,True,0.0,0,0.0,60.12109375,536.63818359375,True,True,True
13,43,error_only,12.340900897979736,12.340900897979736,12.340900897979736,0.0,-0.1774454116821289,-1.094127893447876,0.5202293395996094,1.3744534254074097,4387,4318,69,4387,0,0,0.0,0.0,0.0,15.0,0.0,6308.592462999513,False,False,True,0.0,0,0.0,60.1416015625,536.63818359375,True,True,True
14,43,error_only,12.211741209030151,12.211741209030151,12.211741209030151,0.0,-0.12915968894958496,-1.223287582397461,0.5026318430900574,1.3736311197280884,4461,4387,74,4461,0,0,0.0,0.0,0.0,15.0,0.0,6207.947345999855,False,False,True,0.0,0,0.0,60.154296875,536.63818359375,True,True,True
15,43,error_only,12.074810266494751,12.074810266494751,12.074810266494751,0.0,-0.1369309425354004,-1.3602185249328613,0.4830865263938904,1.3793480396270752,4527,4461,66,4527,0,0,0.0,0.0,0.0,15.0,0.0,6451.249609000115,False,False,True,0.0,0,0.0,60.1767578125,536.63818359375,True,True,True
16,43,error_only,11.966829299926758,11.966829299926758,11.966829299926758,0.0,-0.10798096656799316,-1.4681994915008545,0.4673585891723633,1.3964228630065918,4596,4527,69,4596,0,0,0.0,0.0,0.0,15.0,0.0,6588.17505100069,False,False,True,0.0,0,0.0,60.18798828125,536.63818359375,True,True,True
17,43,error_only,11.917786598205566,11.917786598205566,11.917786598205566,0.0,-0.049042701721191406,-1.517242193222046,0.45875558257102966,1.4090666770935059,4668,4596,72,4668,0,0,0.0,0.0,0.0,15.0,0.0,6460.477876000368,False,False,True,0.0,0,0.0,60.2099609375,536.63818359375,True,True,True
18,43,error_only,11.793733835220337,11.793733835220337,11.793733835220337,0.0,-0.12405276298522949,-1.6412949562072754,0.43699324131011963,1.4057201147079468,4735,4668,67,4735,0,0,0.0,0.0,0.0,15.0,0.0,6634.254369999326,False,False,True,0.0,0,0.0,60.22119140625,536.63818359375,True,True,True
19,43,error_only,11.720232963562012,11.720232963562012,11.720232963562012,0.0,-0.0735008716583252,-1.7147958278656006,0.42685770988464355,1.421609878540039,4802,4735,67,4802,0,0,0.0,0.0,0.0,15.0,0.0,6395.780640999874,False,False,True,0.0,0,0.0,60.2490234375,536.63818359375,True,True,True
20,43,error_only,11.70121431350708,11.70121431350708,11.70121431350708,0.0,-0.01901865005493164,-1.7338144779205322,0.41968855261802673,1.424498438835144,4861,4802,59,4861,0,0,0.0,0.0,0.0,15.0,0.0,6721.770737000043,False,False,True,0.0,0,0.0,60.25390625,536.63818359375,True,True,True
21,43,error_only,11.631584167480469,11.631584167480469,11.631584167480469,0.0,-0.06963014602661133,-1.8034446239471436,0.406728595495224,1.4319705963134766,4927,4861,66,4927,0,0,0.0,0.0,0.0,15.0,0.0,6595.297587999994,False,False,True,0.0,0,0.0,60.275390625,536.63818359375,True,True,True
22,43,error_only,11.614305973052979,11.614305973052979,11.614305973052979,0.0,-0.017278194427490234,-1.8207228183746338,0.40512681007385254,1.4348652362823486,4999,4927,72,4999,0,0,0.0,0.0,0.0,15.0,0.0,6834.83310199972,False,False,True,0.0,0,0.0,60.30419921875,536.63818359375,True,True,True
23,43,error_only,11.641759872436523,11.641759872436523,11.641759872436523,0.0,0.027453899383544922,-1.7932689189910889,0.40796029567718506,1.4314640760421753,5070,4999,71,5070,0,0,0.0,0.0,0.0,15.0,0.0,6890.856091000387,False,False,True,0.0,0,0.0,60.3154296875,536.63818359375,True,True,True
24,43,error_only,11.742234230041504,11.742234230041504,11.742234230041504,0.0,0.10047435760498047,-1.6927945613861084,0.42348116636276245,1.4347059726715088,5146,5070,76,5146,0,0,0.0,0.0,0.0,15.0,0.0,6690.805676000309,False,False,True,0.0,0,0.0,60.33740234375,536.63818359375,True,True,True
25,43,error_only,11.854467391967773,11.854467391967773,11.854467391967773,0.0,0.11223316192626953,-1.5805613994598389,0.4412994384765625,1.4379076957702637,5212,5146,66,5212,0,0,0.0,0.0,0.0,15.0,0.0,6872.538741999961,False,False,True,0.0,0,0.0,60.35107421875,536.63818359375,True,True,True
26,43,error_only,11.881492137908936,11.881492137908936,11.881492137908936,0.0,0.02702474594116211,-1.5535366535186768,0.45013245940208435,1.436058521270752,5283,5212,71,5283,0,0,0.0,0.0,0.0,15.0,0.0,6664.899720999529,False,False,True,0.0,0,0.0,60.37158203125,536.63818359375,True,True,True
27,43,error_only,11.978306770324707,11.978306770324707,11.978306770324707,0.0,0.09681463241577148,-1.4567220211029053,0.4668688476085663,1.454829454421997,5348,5283,65,5348,0,0,0.0,0.0,0.0,15.0,0.0,6555.194237000251,False,False,True,0.0,0,0.0,60.38427734375,536.63818359375,True,True,True
28,43,error_only,12.150336503982544,12.150336503982544,12.150336503982544,0.0,0.17202973365783691,-1.2846922874450684,0.49169623851776123,1.462035894393921,5417,5348,69,5417,0,0,0.0,0.0,0.0,15.0,0.0,7005.374674999985,False,False,True,0.0,0,0.0,60.404296875,536.63818359375,True,True,True
29,43,error_only,12.149627208709717,12.149627208709717,12.149627208709717,0.0,-0.0007092952728271484,-1.2854015827178955,0.4919734001159668,1.4478615522384644,5491,5417,74,5491,0,0,0.0,0.0,0.0,15.0,0.0,6911.86659899995,False,False,True,0.0,0,0.0,60.4169921875,536.63818359375,True,True,True
1,43,ours,13.458311557769775,13.458311557769775,13.458311557769775,0.0,0.023282766342163086,0.023282766342163086,0.653879702091217,1.3533592224121094,3572,3502,70,3572,0,0,0.0,0.0,0.0,15.0,0.0,5658.802506000029,False,False,True,0.0,2153,0.8310185074806213,59.92529296875,536.63818359375,True,True,True
2,43,ours,13.422921895980835,13.422921895980835,13.422921895980835,0.0,-0.03538966178894043,-0.012106895446777344,0.6500442028045654,1.3560621738433838,3643,3572,71,3643,0,0,0.0,0.0,0.0,15.0,0.0,5477.5538330004565,False,False,True,0.0,842,0.753326952457428,59.947265625,536.63818359375,True,True,True
3,43,ours,13.296021223068237,13.296021223068237,13.296021223068237,0.0,-0.12690067291259766,-0.139007568359375,0.6371523141860962,1.3608897924423218,3716,3643,73,3716,0,0,0.0,0.0,0.0,15.0,0.0,5554.713857000024,False,False,True,0.0,598,0.6838988661766052,59.97607421875,536.63818359375,True,True,True
4,43,ours,13.116377592086792,13.116377592086792,13.116377592086792,0.0,-0.1796436309814453,-0.3186511993408203,0.6201598644256592,1.3368854522705078,3785,3716,69,3785,0,0,0.0,0.0,0.0,15.0,0.0,5626.542767000501,False,False,True,0.0,607,0.6218073964118958,59.9873046875,536.63818359375,True,True,True
5,43,ours,12.947543859481812,12.947543859481812,12.947543859481812,0.0,-0.16883373260498047,-0.4874849319458008,0.6036187410354614,1.36764395236969,3853,3785,68,3853,0,0,0.0,0.0,0.0,15.0,0.0,5855.349308000768,False,False,True,0.0,846,0.566102921962738,60.0087890625,536.63818359375,True,True,True
6,43,ours,12.878377437591553,12.878377437591553,12.878377437591553,0.0,-0.06916642189025879,-0.5566513538360596,0.5977673530578613,1.3397855758666992,3918,3853,65,3918,0,0,0.0,0.0,0.0,15.0,0.0,5853.066326999397,False,False,True,0.0,1214,0.5162967443466187,60.02001953125,536.63818359375,True,True,True
7,43,ours,12.830860614776611,12.830860614776611,12.830860614776611,0.0,-0.047516822814941406,-0.604168176651001,0.5931372046470642,1.3465946912765503,3983,3918,65,3983,0,0,0.0,0.0,0.0,15.0,0.0,5752.1860859997105,False,False,True,0.0,1637,0.47160032391548157,60.04150390625,536.63818359375,True,True,True
8,43,ours,12.83229947090149,12.83229947090149,12.83229947090149,0.0,0.0014388561248779297,-0.602729320526123,0.5934113264083862,1.3449037075042725,4046,3983,63,4046,0,0,0.0,0.0,0.0,15.0,0.0,5953.594261000035,False,False,True,0.0,2228,0.4315580427646637,60.052734375,536.63818359375,True,True,True
9,43,ours,12.784770727157593,12.784770727157593,12.784770727157593,0.0,-0.047528743743896484,-0.6502580642700195,0.5848696231842041,1.330196738243103,4117,4046,71,4117,0,0,0.0,0.0,0.0,15.0,0.0,5917.078498999217,False,False,True,0.0,2771,0.39573657512664795,60.07470703125,536.63818359375,True,True,True
10,43,ours,12.717818021774292,12.717818021774292,12.717818021774292,0.0,-0.06695270538330078,-0.7172107696533203,0.574286699295044,1.329634428024292,4190,4117,73,4190,0,0,0.0,0.0,0.0,15.0,0.0,5990.644067000176,False,False,True,0.0,2971,0.3637874722480774,60.08837890625,536.63818359375,True,True,True
11,43,ours,12.645915746688843,12.645915746688843,12.645915746688843,0.0,-0.07190227508544922,-0.7891130447387695,0.5617894530296326,1.3303253650665283,4259,4190,69,4259,0,0,0.0,0.0,0.0,15.0,0.0,6040.614416000608,False,False,True,0.0,3008,0.3362240493297577,60.10888671875,536.63818359375,True,True,True
12,43,ours,12.526777982711792,12.526777982711792,12.526777982711792,0.0,-0.11913776397705078,-0.9082508087158203,0.5454107522964478,1.3418779373168945,4326,4259,67,4326,0,0,0.0,0.0,0.0,15.0,0.0,6070.296940999469,False,False,True,0.0,3075,0.3141923248767853,60.12158203125,536.63818359375,True,True,True
13,43,ours,12.350062131881714,12.350062131881714,12.350062131881714,0.0,-0.17671585083007812,-1.0849666595458984,0.5219635367393494,1.3744534254074097,4398,4326,72,4398,0,0,0.0,0.0,0.0,15.0,0.0,6112.324804000309,False,False,True,0.0,3034,0.29413965344429016,60.14404296875,536.63818359375,True,True,True
14,43,ours,12.223634719848633,12.223634719848633,12.223634719848633,0.0,-0.12642741203308105,-1.2113940715789795,0.5046507120132446,1.3736311197280884,4466,4398,68,4466,0,0,0.0,0.0,0.0,15.0,0.0,6275.114661000771,False,False,True,0.0,3019,0.27605733275413513,60.1552734375,536.63818359375,True,True,True
15,43,ours,12.096298933029175,12.096298933029175,12.096298933029175,0.0,-0.127335786819458,-1.3387298583984375,0.48591673374176025,1.3793480396270752,4538,4466,72,4538,0,0,0.0,0.0,0.0,15.0,0.0,6361.278805999973,False,False,True,0.0,3010,0.2595269978046417,60.1767578125,536.63818359375,True,True,True
16,43,ours,11.987825632095337,11.987825632095337,11.987825632095337,0.0,-0.10847330093383789,-1.4472031593322754,0.47041481733322144,1.3964228630065918,4608,4538,70,4608,0,0,0.0,0.0,0.0,15.0,0.0,6238.068163000207,False,False,True,0.0,2872,0.24466472864151,60.18798828125,536.63818359375,True,True,True
17,43,ours,11.936525106430054,11.936525106430054,11.936525106430054,0.0,-0.0513005256652832,-1.4985036849975586,0.4615854024887085,1.4090666770935059,4677,4608,69,4677,0,0,0.0,0.0,0.0,15.0,0.0,6270.848409999417,False,False,True,0.0,2773,0.2311418205499649,60.21630859375,536.63818359375,True,True,True
18,43,ours,11.811319589614868,11.811319589614868,11.811319589614868,0.0,-0.12520551681518555,-1.6237092018127441,0.43996697664260864,1.4057201147079468,4748,4677,71,4748,0,0,0.0,0.0,0.0,15.0,0.0,6385.823886999788,False,False,True,0.0,2743,0.21883082389831543,60.23876953125,536.63818359375,True,True,True
19,43,ours,11.746524572372437,11.746524572372437,11.746524572372437,0.0,-0.06479501724243164,-1.6885042190551758,0.4300597906112671,1.421609878540039,4815,4748,67,4815,0,0,0.0,0.0,0.0,15.0,0.0,6347.484367000106,False,False,True,0.0,2659,0.20771144330501556,60.25,536.63818359375,True,True,True
20,43,ours,11.725845336914062,11.725845336914062,11.725845336914062,0.0,-0.020679235458374023,-1.7091834545135498,0.4227350950241089,1.424498438835144,4885,4815,70,4885,0,0,0.0,0.0,0.0,15.0,0.0,6453.358793000007,False,False,True,0.0,2616,0.1973855346441269,60.271484375,536.63818359375,True,True,True
21,43,ours,11.654833555221558,11.654833555221558,11.654833555221558,0.0,-0.07101178169250488,-1.7801952362060547,0.4095332622528076,1.4319705963134766,4950,4885,65,4950,0,0,0.0,0.0,0.0,15.0,0.0,6451.22037100009,False,False,True,0.0,2518,0.18827666342258453,60.28515625,536.63818359375,True,True,True
22,43,ours,11.63522481918335,11.63522481918335,11.63522481918335,0.0,-0.019608736038208008,-1.7998039722442627,0.4078294634819031,1.4348652362823486,5020,4950,70,5020,0,0,0.0,0.0,0.0,15.0,0.0,6387.967188999937,False,False,True,0.0,2417,0.17962764203548431,60.30517578125,536.63818359375,True,True,True
23,43,ours,11.657413244247437,11.657413244247437,11.657413244247437,0.0,0.022188425064086914,-1.7776155471801758,0.4102427363395691,1.4314640760421753,5095,5020,75,5095,0,0,0.0,0.0,0.0,15.0,0.0,6510.683273999348,False,False,True,0.0,2415,0.17188559472560883,60.318359375,536.63818359375,True,True,True
24,43,ours,11.742817163467407,11.742817163467407,11.742817163467407,0.0,0.0854039192199707,-1.692211627960205,0.4241860806941986,1.4347059726715088,5166,5095,71,5166,0,0,0.0,0.0,0.0,15.0,0.0,6734.642246000476,False,False,True,0.0,2367,0.1649177521467209,60.34130859375,536.63818359375,True,True,True
25,43,ours,11.835938692092896,11.835938692092896,11.835938692092896,0.0,0.09312152862548828,-1.5990900993347168,0.4402862787246704,1.4379076957702637,5231,5166,65,5231,0,0,0.0,0.0,0.0,15.0,0.0,6679.107646000375,False,False,True,0.0,2374,0.15896520018577576,60.3525390625,536.63818359375,True,True,True
26,43,ours,11.85602068901062,11.85602068901062,11.85602068901062,0.0,0.02008199691772461,-1.5790081024169922,0.4485244154930115,1.436058521270752,5301,5231,70,5301,0,0,0.0,0.0,0.0,15.0,0.0,6769.572506999793,False,False,True,0.0,2310,0.15329693257808685,60.3740234375,536.63818359375,True,True,True
27,43,ours,11.958378553390503,11.958378553390503,11.958378553390503,0.0,0.10235786437988281,-1.4766502380371094,0.46609339118003845,1.454829454421997,5371,5301,70,5371,0,0,0.0,0.0,0.0,15.0,0.0,6860.0891550004235,False,False,True,0.0,2237,0.14841990172863007,60.38525390625,536.63818359375,True,True,True
28,43,ours,12.132972478866577,12.132972478866577,12.132972478866577,0.0,0.17459392547607422,-1.3020563125610352,0.4912394881248474,1.462035894393921,5447,5371,76,5447,0,0,0.0,0.0,0.0,15.0,0.0,7405.403064999518,False,False,True,0.0,2174,0.1437981128692627,60.4130859375,536.63818359375,True,True,True
29,43,ours,12.13104248046875,12.13104248046875,12.13104248046875,0.0,-0.0019299983978271484,-1.3039863109588623,0.4914260804653168,1.4478615522384644,5518,5447,71,5518,0,0,0.0,0.0,0.0,15.0,0.0,6689.378742000372,False,False,True,0.0,2114,0.1399870067834854,60.435546875,536.63818359375,True,True,True
1,44,no_op,13.458311557769775,13.458311557769775,13.458311557769775,0.0,0.023282766342163086,0.023282766342163086,0.653879702091217,1.3533592224121094,3573,3502,71,3573,0,0,0.0,0.0,0.0,15.0,0.0,5343.677953999759,False,False,True,0.0,0,0.0,59.92529296875,536.63818359375,True,True,True
2,44,no_op,13.422671556472778,13.422671556472778,13.422671556472778,0.0,-0.03564000129699707,-0.012357234954833984,0.6499521732330322,1.3560621738433838,3635,3573,62,3635,0,0,0.0,0.0,0.0,15.0,0.0,5496.321474999604,False,False,True,0.0,0,0.0,59.947265625,536.63818359375,True,True,True
3,44,no_op,13.295983076095581,13.295983076095581,13.295983076095581,0.0,-0.12668848037719727,-0.13904571533203125,0.6371524333953857,1.3608897924423218,3702,3635,67,3702,0,0,0.0,0.0,0.0,15.0,0.0,5550.949952999872,False,False,True,0.0,0,0.0,59.95849609375,536.63818359375,True,True,True
4,44,no_op,13.115488290786743,13.115488290786743,13.115488290786743,0.0,-0.1804947853088379,-0.31954050064086914,0.6200026869773865,1.3368854522705078,3772,3702,70,3772,0,0,0.0,0.0,0.0,15.0,0.0,5870.055074999982,False,False,True,0.0,0,0.0,59.97998046875,536.63818359375,True,True,True
5,44,no_op,12.946149110794067,12.946149110794067,12.946149110794067,0.0,-0.16933917999267578,-0.4888796806335449,0.6034711599349976,1.36764395236969,3845,3772,73,3845,0,0,0.0,0.0,0.0,15.0,0.0,5884.705438999845,False,False,True,0.0,0,0.0,60.0087890625,536.63818359375,True,True,True
6,44,no_op,12.878780364990234,12.878780364990234,12.878780364990234,0.0,-0.06736874580383301,-0.5562484264373779,0.5974472761154175,1.3397855758666992,3915,3845,70,3915,0,0,0.0,0.0,0.0,15.0,0.0,5826.999115000035,False,False,True,0.0,0,0.0,60.02001953125,536.63818359375,True,True,True
7,44,no_op,12.832309007644653,12.832309007644653,12.832309007644653,0.0,-0.046471357345581055,-0.602719783782959,0.5925491452217102,1.3465946912765503,3982,3915,67,3982,0,0,0.0,0.0,0.0,15.0,0.0,5715.519084999869,False,False,True,0.0,0,0.0,60.04150390625,536.63818359375,True,True,True
8,44,no_op,12.820190191268921,12.820190191268921,12.820190191268921,0.0,-0.012118816375732422,-0.6148386001586914,0.5918821692466736,1.3449037075042725,4049,3982,67,4049,0,0,0.0,0.0,0.0,15.0,0.0,5935.158322999996,False,False,True,0.0,0,0.0,60.052734375,536.63818359375,True,True,True
9,44,no_op,12.776422500610352,12.776422500610352,12.776422500610352,0.0,-0.043767690658569336,-0.6586062908172607,0.5836469531059265,1.330196738243103,4114,4049,65,4114,0,0,0.0,0.0,0.0,15.0,0.0,6051.612526999634,False,False,True,0.0,0,0.0,60.07470703125,536.63818359375,True,True,True
10,44,no_op,12.699832916259766,12.699832916259766,12.699832916259766,0.0,-0.07658958435058594,-0.7351958751678467,0.572048008441925,1.329634428024292,4177,4114,63,4177,0,0,0.0,0.0,0.0,15.0,0.0,6043.495465999513,False,False,True,0.0,0,0.0,60.0859375,536.63818359375,True,True,True
11,44,no_op,12.625633478164673,12.625633478164673,12.625633478164673,0.0,-0.07419943809509277,-0.8093953132629395,0.5594860315322876,1.3303253650665283,4243,4177,66,4243,0,0,0.0,0.0,0.0,15.0,0.0,5904.712783999457,False,False,True,0.0,0,0.0,60.107421875,536.63818359375,True,True,True
12,44,no_op,12.514692544937134,12.514692544937134,12.514692544937134,0.0,-0.11094093322753906,-0.9203362464904785,0.5436251163482666,1.3418779373168945,4312,4243,69,4312,0,0,0.0,0.0,0.0,15.0,0.0,6080.120162999265,False,False,True,0.0,0,0.0,60.12109375,536.63818359375,True,True,True
13,44,no_op,12.333670854568481,12.333670854568481,12.333670854568481,0.0,-0.18102169036865234,-1.1013579368591309,0.520099401473999,1.3744534254074097,4383,4312,71,4383,0,0,0.0,0.0,0.0,15.0,0.0,6308.540150999761,False,False,True,0.0,0,0.0,60.14111328125,536.63818359375,True,True,True
14,44,no_op,12.205804586410522,12.205804586410522,12.205804586410522,0.0,-0.12786626815795898,-1.2292242050170898,0.5026194453239441,1.3736311197280884,4452,4383,69,4452,0,0,0.0,0.0,0.0,15.0,0.0,6374.0341000002445,False,False,True,0.0,0,0.0,60.154296875,536.63818359375,True,True,True
15,44,no_op,12.069963216781616,12.069963216781616,12.069963216781616,0.0,-0.13584136962890625,-1.365065574645996,0.48297297954559326,1.3793480396270752,4518,4452,66,4518,0,0,0.0,0.0,0.0,15.0,0.0,6192.811270000675,False,False,True,0.0,0,0.0,60.17431640625,536.63818359375,True,True,True
16,44,no_op,11.952475309371948,11.952475309371948,11.952475309371948,0.0,-0.11748790740966797,-1.482553482055664,0.46647143363952637,1.3964228630065918,4587,4518,69,4587,0,0,0.0,0.0,0.0,15.0,0.0,6416.720711999915,False,False,True,0.0,0,0.0,60.18701171875,536.63818359375,True,True,True
17,44,no_op,11.907038688659668,11.907038688659668,11.907038688659668,0.0,-0.04543662071228027,-1.5279901027679443,0.4583817422389984,1.4090666770935059,4657,4587,70,4657,0,0,0.0,0.0,0.0,15.0,0.0,6652.610692000053,False,False,True,0.0,0,0.0,60.2099609375,536.63818359375,True,True,True
18,44,no_op,11.777305603027344,11.777305603027344,11.777305603027344,0.0,-0.12973308563232422,-1.6577231884002686,0.43587741255760193,1.4057201147079468,4728,4657,71,4728,0,0,0.0,0.0,0.0,15.0,0.0,6450.847293000152,False,False,True,0.0,0,0.0,60.22119140625,536.63818359375,True,True,True
19,44,no_op,11.706438064575195,11.706438064575195,11.706438064575195,0.0,-0.07086753845214844,-1.728590726852417,0.425901859998703,1.421609878540039,4802,4728,74,4802,0,0,0.0,0.0,0.0,15.0,0.0,6677.792243000113,False,False,True,0.0,0,0.0,60.2490234375,536.63818359375,True,True,True
20,44,no_op,11.697391271591187,11.697391271591187,11.697391271591187,0.0,-0.009046792984008789,-1.7376375198364258,0.4199606776237488,1.424498438835144,4865,4802,63,4865,0,0,0.0,0.0,0.0,15.0,0.0,6872.419706000073,False,False,True,0.0,0,0.0,60.271484375,536.63818359375,True,True,True
21,44,no_op,11.640688180923462,11.640688180923462,11.640688180923462,0.0,-0.05670309066772461,-1.7943406105041504,0.407540500164032,1.4319705963134766,4940,4865,75,4940,0,0,0.0,0.0,0.0,15.0,0.0,6830.08704400072,False,False,True,0.0,0,0.0,60.28271484375,536.63818359375,True,True,True
22,44,no_op,11.625783443450928,11.625783443450928,11.625783443450928,0.0,-0.01490473747253418,-1.8092453479766846,0.4060167670249939,1.4348652362823486,5006,4940,66,5006,0,0,0.0,0.0,0.0,15.0,0.0,6788.87270299947,False,False,True,0.0,0,0.0,60.30419921875,536.63818359375,True,True,True
23,44,no_op,11.648446321487427,11.648446321487427,11.648446321487427,0.0,0.022662878036499023,-1.7865824699401855,0.408872127532959,1.4314640760421753,5077,5006,71,5077,0,0,0.0,0.0,0.0,15.0,0.0,6462.99314099997,False,False,True,0.0,0,0.0,60.3154296875,536.63818359375,True,True,True
24,44,no_op,11.73965334892273,11.73965334892273,11.73965334892273,0.0,0.09120702743530273,-1.6953754425048828,0.42376014590263367,1.4347059726715088,5144,5077,67,5144,0,0,0.0,0.0,0.0,15.0,0.0,6843.3381550003105,False,False,True,0.0,0,0.0,60.33740234375,536.63818359375,True,True,True
25,44,no_op,11.842221021652222,11.842221021652222,11.842221021652222,0.0,0.10256767272949219,-1.5928077697753906,0.4408404529094696,1.4379076957702637,5209,5144,65,5209,0,0,0.0,0.0,0.0,15.0,0.0,6618.872666000243,False,False,True,0.0,0,0.0,60.35107421875,536.63818359375,True,True,True
26,44,no_op,11.876840591430664,11.876840591430664,11.876840591430664,0.0,0.03461956977844238,-1.5581881999969482,0.45015865564346313,1.436058521270752,5277,5209,68,5277,0,0,0.0,0.0,0.0,15.0,0.0,6667.426318999787,False,False,True,0.0,0,0.0,60.37109375,536.63818359375,True,True,True
27,44,no_op,11.978342533111572,11.978342533111572,11.978342533111572,0.0,0.1015019416809082,-1.45668625831604,0.4672026038169861,1.454829454421997,5348,5277,71,5348,0,0,0.0,0.0,0.0,15.0,0.0,6344.6844170002805,False,False,True,0.0,0,0.0,60.38427734375,536.63818359375,True,True,True
28,44,no_op,12.15199589729309,12.15199589729309,12.15199589729309,0.0,0.17365336418151855,-1.2830328941345215,0.4921499192714691,1.462035894393921,5418,5348,70,5418,0,0,0.0,0.0,0.0,15.0,0.0,6779.590314000416,False,False,True,0.0,0,0.0,60.404296875,536.63818359375,True,True,True
29,44,no_op,12.150859832763672,12.150859832763672,12.150859832763672,0.0,-0.0011360645294189453,-1.2841689586639404,0.49244794249534607,1.4478615522384644,5487,5418,69,5487,0,0,0.0,0.0,0.0,15.0,0.0,6851.243174999581,False,False,True,0.0,0,0.0,60.4169921875,536.63818359375,True,True,True
1,44,error_only,13.458311557769775,13.458311557769775,13.458311557769775,0.0,0.023282766342163086,0.023282766342163086,0.653879702091217,1.3533592224121094,3569,3502,67,3569,0,0,0.0,0.0,0.0,15.0,0.0,5598.024979000002,False,False,True,0.0,0,0.0,59.92529296875,536.63818359375,True,True,True
2,44,error_only,13.424005508422852,13.424005508422852,13.424005508422852,0.0,-0.03430604934692383,-0.011023283004760742,0.6501500606536865,1.3560621738433838,3637,3569,68,3637,0,0,0.0,0.0,0.0,15.0,0.0,5808.290226999816,False,False,True,0.0,0,0.0,59.947265625,536.63818359375,True,True,True
3,44,error_only,13.296414613723755,13.296414613723755,13.296414613723755,0.0,-0.12759089469909668,-0.13861417770385742,0.6372446417808533,1.3608897924423218,3707,3637,70,3707,0,0,0.0,0.0,0.0,15.0,0.0,5852.995594999811,False,False,True,0.0,0,0.0,59.95849609375,536.63818359375,True,True,True
4,44,error_only,13.114180564880371,13.114180564880371,13.114180564880371,0.0,-0.1822340488433838,-0.3208482265472412,0.6201521158218384,1.3368854522705078,3772,3707,65,3772,0,0,0.0,0.0,0.0,15.0,0.0,5943.279408000308,False,False,True,0.0,0,0.0,59.97998046875,536.63818359375,True,True,True
5,44,error_only,12.945051193237305,12.945051193237305,12.945051193237305,0.0,-0.1691293716430664,-0.4899775981903076,0.6036332845687866,1.36764395236969,3839,3772,67,3839,0,0,0.0,0.0,0.0,15.0,0.0,5889.859431000332,False,False,True,0.0,0,0.0,59.9912109375,536.63818359375,True,True,True
6,44,error_only,12.876927852630615,12.876927852630615,12.876927852630615,0.0,-0.06812334060668945,-0.5581009387969971,0.5976395010948181,1.3397855758666992,3905,3839,66,3905,0,0,0.0,0.0,0.0,15.0,0.0,5867.998673000329,False,False,True,0.0,0,0.0,60.01904296875,536.63818359375,True,True,True
7,44,error_only,12.827428579330444,12.827428579330444,12.827428579330444,0.0,-0.0494992733001709,-0.607600212097168,0.59260094165802,1.3465946912765503,3970,3905,65,3970,0,0,0.0,0.0,0.0,15.0,0.0,5980.298911000318,False,False,True,0.0,0,0.0,60.04150390625,536.63818359375,True,True,True
8,44,error_only,12.817931175231934,12.817931175231934,12.817931175231934,0.0,-0.009497404098510742,-0.6170976161956787,0.592249870300293,1.3449037075042725,4042,3970,72,4042,0,0,0.0,0.0,0.0,15.0,0.0,6164.033050999933,False,False,True,0.0,0,0.0,60.052734375,536.63818359375,True,True,True
9,44,error_only,12.765451669692993,12.765451669692993,12.765451669692993,0.0,-0.05247950553894043,-0.6695771217346191,0.5831525325775146,1.330196738243103,4108,4042,66,4108,0,0,0.0,0.0,0.0,15.0,0.0,6126.839007999479,False,False,True,0.0,0,0.0,60.07470703125,536.63818359375,True,True,True
10,44,error_only,12.688212394714355,12.688212394714355,12.688212394714355,0.0,-0.0772392749786377,-0.7468163967132568,0.5717136263847351,1.329634428024292,4177,4108,69,4177,0,0,0.0,0.0,0.0,15.0,0.0,5798.398410000118,False,False,True,0.0,0,0.0,60.0859375,536.63818359375,True,True,True
11,44,error_only,12.614428997039795,12.614428997039795,12.614428997039795,0.0,-0.07378339767456055,-0.8205997943878174,0.5591611862182617,1.3303253650665283,4246,4177,69,4246,0,0,0.0,0.0,0.0,15.0,0.0,6315.449061000436,False,False,True,0.0,0,0.0,60.107421875,536.63818359375,True,True,True
12,44,error_only,12.493948936462402,12.493948936462402,12.493948936462402,0.0,-0.12048006057739258,-0.94107985496521,0.5426034331321716,1.3418779373168945,4319,4246,73,4319,0,0,0.0,0.0,0.0,15.0,0.0,6290.345851000893,False,False,True,0.0,0,0.0,60.12109375,536.63818359375,True,True,True
13,44,error_only,12.322360277175903,12.322360277175903,12.322360277175903,0.0,-0.17158865928649902,-1.112668514251709,0.5196707844734192,1.3744534254074097,4388,4319,69,4388,0,0,0.0,0.0,0.0,15.0,0.0,6220.340516999386,False,False,True,0.0,0,0.0,60.1416015625,536.63818359375,True,True,True
14,44,error_only,12.203280925750732,12.203280925750732,12.203280925750732,0.0,-0.1190793514251709,-1.2317478656768799,0.5025989413261414,1.3736311197280884,4459,4388,71,4459,0,0,0.0,0.0,0.0,15.0,0.0,6457.603989000745,False,False,True,0.0,0,0.0,60.154296875,536.63818359375,True,True,True
15,44,error_only,12.073428630828857,12.073428630828857,12.073428630828857,0.0,-0.129852294921875,-1.3616001605987549,0.48359984159469604,1.3793480396270752,4531,4459,72,4531,0,0,0.0,0.0,0.0,15.0,0.0,6480.582352000056,False,False,True,0.0,0,0.0,60.1767578125,536.63818359375,True,True,True
16,44,error_only,11.958643198013306,11.958643198013306,11.958643198013306,0.0,-0.11478543281555176,-1.4763855934143066,0.4675348699092865,1.3964228630065918,4603,4531,72,4603,0,0,0.0,0.0,0.0,15.0,0.0,6276.480358999834,False,False,True,0.0,0,0.0,60.18798828125,536.63818359375,True,True,True
17,44,error_only,11.908588409423828,11.908588409423828,11.908588409423828,0.0,-0.05005478858947754,-1.5264403820037842,0.4590650498867035,1.4090666770935059,4671,4603,68,4671,0,0,0.0,0.0,0.0,15.0,0.0,6371.22049699974,False,False,True,0.0,0,0.0,60.2099609375,536.63818359375,True,True,True
18,44,error_only,11.787530183792114,11.787530183792114,11.787530183792114,0.0,-0.12105822563171387,-1.647498607635498,0.4370880126953125,1.4057201147079468,4738,4671,67,4738,0,0,0.0,0.0,0.0,15.0,0.0,6527.073395000116,False,False,True,0.0,0,0.0,60.23876953125,536.63818359375,True,True,True
19,44,error_only,11.716614961624146,11.716614961624146,11.716614961624146,0.0,-0.07091522216796875,-1.7184138298034668,0.4269060492515564,1.421609878540039,4802,4738,64,4802,0,0,0.0,0.0,0.0,15.0,0.0,6384.4734839995,False,False,True,0.0,0,0.0,60.25,536.63818359375,True,True,True
20,44,error_only,11.699787378311157,11.699787378311157,11.699787378311157,0.0,-0.01682758331298828,-1.735241413116455,0.4200977087020874,1.424498438835144,4871,4802,69,4871,0,0,0.0,0.0,0.0,15.0,0.0,6526.236534000418,False,False,True,0.0,0,0.0,60.271484375,536.63818359375,True,True,True
21,44,error_only,11.630743741989136,11.630743741989136,11.630743741989136,0.0,-0.06904363632202148,-1.8042850494384766,0.407015323638916,1.4319705963134766,4934,4871,63,4934,0,0,0.0,0.0,0.0,15.0,0.0,6489.091684000414,False,False,True,0.0,0,0.0,60.28271484375,536.63818359375,True,True,True
22,44,error_only,11.617816686630249,11.617816686630249,11.617816686630249,0.0,-0.012927055358886719,-1.8172121047973633,0.40621230006217957,1.4348652362823486,5003,4934,69,5003,0,0,0.0,0.0,0.0,15.0,0.0,6613.647234999917,False,False,True,0.0,0,0.0,60.30419921875,536.63818359375,True,True,True
23,44,error_only,11.640713214874268,11.640713214874268,11.640713214874268,0.0,0.022896528244018555,-1.7943155765533447,0.4089486598968506,1.4314640760421753,5074,5003,71,5074,0,0,0.0,0.0,0.0,15.0,0.0,6677.867171000798,False,False,True,0.0,0,0.0,60.3154296875,536.63818359375,True,True,True
24,44,error_only,11.73368215560913,11.73368215560913,11.73368215560913,0.0,0.09296894073486328,-1.7013466358184814,0.42371082305908203,1.4347059726715088,5139,5074,65,5139,0,0,0.0,0.0,0.0,15.0,0.0,6613.912736000202,False,False,True,0.0,0,0.0,60.33740234375,536.63818359375,True,True,True
25,44,error_only,11.83426022529602,11.83426022529602,11.83426022529602,0.0,0.10057806968688965,-1.6007685661315918,0.44066867232322693,1.4379076957702637,5208,5139,69,5208,0,0,0.0,0.0,0.0,15.0,0.0,6840.059277000364,False,False,True,0.0,0,0.0,60.35107421875,536.63818359375,True,True,True
26,44,error_only,11.854963302612305,11.854963302612305,11.854963302612305,0.0,0.02070307731628418,-1.5800654888153076,0.44876033067703247,1.436058521270752,5278,5208,70,5278,0,0,0.0,0.0,0.0,15.0,0.0,6628.366460000507,False,False,True,0.0,0,0.0,60.37109375,536.63818359375,True,True,True
27,44,error_only,11.947177648544312,11.947177648544312,11.947177648544312,0.0,0.09221434593200684,-1.4878511428833008,0.4650149941444397,1.454829454421997,5347,5278,69,5347,0,0,0.0,0.0,0.0,15.0,0.0,7060.64672499997,False,False,True,0.0,0,0.0,60.38427734375,536.63818359375,True,True,True
28,44,error_only,12.116249799728394,12.116249799728394,12.116249799728394,0.0,0.16907215118408203,-1.3187789916992188,0.48941123485565186,1.462035894393921,5416,5347,69,5416,0,0,0.0,0.0,0.0,15.0,0.0,7191.560573999595,False,False,True,0.0,0,0.0,60.404296875,536.63818359375,True,True,True
29,44,error_only,12.115421295166016,12.115421295166016,12.115421295166016,0.0,-0.0008285045623779297,-1.3196074962615967,0.4897647798061371,1.4478615522384644,5487,5416,71,5487,0,0,0.0,0.0,0.0,15.0,0.0,6876.935678000336,False,False,True,0.0,0,0.0,60.4169921875,536.63818359375,True,True,True
1,44,ours,13.458311557769775,13.458311557769775,13.458311557769775,0.0,0.023282766342163086,0.023282766342163086,0.653879702091217,1.3533592224121094,3574,3502,72,3574,0,0,0.0,0.0,0.0,15.0,0.0,5584.966221999821,False,False,True,0.0,3196,0.8310648202896118,59.92529296875,536.63818359375,True,True,True
2,44,ours,13.425942659378052,13.425942659378052,13.425942659378052,0.0,-0.03236889839172363,-0.009086132049560547,0.6501500606536865,1.3560621738433838,3638,3574,64,3638,0,0,0.0,0.0,0.0,15.0,0.0,5611.84008500004,False,False,True,0.0,64,0.7531249523162842,59.947265625,536.63818359375,True,True,True
3,44,ours,13.295845985412598,13.295845985412598,13.295845985412598,0.0,-0.1300966739654541,-0.13918280601501465,0.6371197700500488,1.3608897924423218,3711,3638,73,3711,0,0,0.0,0.0,0.0,15.0,0.0,5844.279883000127,False,False,True,0.0,137,0.6837347745895386,59.95849609375,536.63818359375,True,True,True
4,44,ours,13.118395805358887,13.118395805358887,13.118395805358887,0.0,-0.17745018005371094,-0.3166329860687256,0.6203322410583496,1.3368854522705078,3785,3711,74,3785,0,0,0.0,0.0,0.0,15.0,0.0,5957.024940999872,False,False,True,0.0,104,0.6217448711395264,59.986328125,536.63818359375,True,True,True
5,44,ours,12.948594093322754,12.948594093322754,12.948594093322754,0.0,-0.1698017120361328,-0.4864346981048584,0.6038577556610107,1.36764395236969,3850,3785,65,3850,0,0,0.0,0.0,0.0,15.0,0.0,5824.6882160001405,False,False,True,0.0,74,0.5660383701324463,60.0087890625,536.63818359375,True,True,True
6,44,ours,12.881799936294556,12.881799936294556,12.881799936294556,0.0,-0.06679415702819824,-0.5532288551330566,0.5979593396186829,1.3397855758666992,3922,3850,72,3922,0,0,0.0,0.0,0.0,15.0,0.0,5821.095792999586,False,False,True,0.0,77,0.5162731409072876,60.02001953125,536.63818359375,True,True,True
7,44,ours,12.83875823020935,12.83875823020935,12.83875823020935,0.0,-0.04304170608520508,-0.5962705612182617,0.593519389629364,1.3465946912765503,3989,3922,67,3989,0,0,0.0,0.0,0.0,15.0,0.0,5748.419710999769,False,False,True,0.0,72,0.4717208743095398,60.04150390625,536.63818359375,True,True,True
8,44,ours,12.836744785308838,12.836744785308838,12.836744785308838,0.0,-0.0020134449005126953,-0.5982840061187744,0.5938522815704346,1.3449037075042725,4060,3989,71,4060,0,0,0.0,0.0,0.0,15.0,0.0,5900.353062000249,False,False,True,0.0,74,0.43176546692848206,60.05517578125,536.63818359375,True,True,True
9,44,ours,12.796037197113037,12.796037197113037,12.796037197113037,0.0,-0.04070758819580078,-0.6389915943145752,0.5854274034500122,1.330196738243103,4130,4060,70,4130,0,0,0.0,0.0,0.0,15.0,0.0,5922.944904999895,False,False,True,0.0,71,0.39593765139579773,60.076171875,536.63818359375,True,True,True
10,44,ours,12.71578073501587,12.71578073501587,12.71578073501587,0.0,-0.08025646209716797,-0.7192480564117432,0.5736567378044128,1.329634428024292,4194,4130,64,4194,0,0,0.0,0.0,0.0,15.0,0.0,6047.461248000218,False,False,True,0.0,64,0.3639535903930664,60.0888671875,536.63818359375,True,True,True
11,44,ours,12.643581628799438,12.643581628799438,12.643581628799438,0.0,-0.07219910621643066,-0.7914471626281738,0.56122225522995,1.3303253650665283,4264,4194,70,4264,0,0,0.0,0.0,0.0,15.0,0.0,6102.786096000273,False,False,True,0.0,72,0.336147665977478,60.10888671875,536.63818359375,True,True,True
12,44,ours,12.519932985305786,12.519932985305786,12.519932985305786,0.0,-0.12364864349365234,-0.9150958061218262,0.5444955229759216,1.3418779373168945,4334,4264,70,4334,0,0,0.0,0.0,0.0,15.0,0.0,6229.2884720000075,False,False,True,0.0,82,0.3141466975212097,60.12158203125,536.63818359375,True,True,True
13,44,ours,12.354040145874023,12.354040145874023,12.354040145874023,0.0,-0.1658928394317627,-1.0809886455535889,0.5220474004745483,1.3744534254074097,4407,4334,73,4407,0,0,0.0,0.0,0.0,15.0,0.0,6199.7979230000055,False,False,True,0.0,109,0.29409629106521606,60.14404296875,536.63818359375,True,True,True
14,44,ours,12.224303483963013,12.224303483963013,12.224303483963013,0.0,-0.12973666191101074,-1.2107253074645996,0.5041290521621704,1.3736311197280884,4475,4407,68,4475,0,0,0.0,0.0,0.0,15.0,0.0,6303.826147999644,False,False,True,0.0,125,0.27608129382133484,60.1552734375,536.63818359375,True,True,True
15,44,ours,12.088470458984375,12.088470458984375,12.088470458984375,0.0,-0.1358330249786377,-1.3465583324432373,0.4845004677772522,1.3793480396270752,4548,4475,73,4548,0,0,0.0,0.0,0.0,15.0,0.0,6423.607314999572,False,False,True,0.0,155,0.2594867944717407,60.18310546875,536.63818359375,True,True,True
16,44,ours,11.980379819869995,11.980379819869995,11.980379819869995,0.0,-0.10809063911437988,-1.4546489715576172,0.4686594605445862,1.3964228630065918,4615,4548,67,4615,0,0,0.0,0.0,0.0,15.0,0.0,6266.579123000156,False,False,True,0.0,165,0.2447681576013565,60.2060546875,536.63818359375,True,True,True
17,44,ours,11.928950548171997,11.928950548171997,11.928950548171997,0.0,-0.05142927169799805,-1.5060782432556152,0.45965802669525146,1.4090666770935059,4681,4615,66,4681,0,0,0.0,0.0,0.0,15.0,0.0,6307.802166000329,False,False,True,0.0,194,0.2311936318874359,60.21728515625,536.63818359375,True,True,True
18,44,ours,11.794930696487427,11.794930696487427,11.794930696487427,0.0,-0.1340198516845703,-1.6400980949401855,0.43689781427383423,1.4057201147079468,4750,4681,69,4750,0,0,0.0,0.0,0.0,15.0,0.0,6550.574912999764,False,False,True,0.0,205,0.21884018182754517,60.23876953125,536.63818359375,True,True,True
19,44,ours,11.727781295776367,11.727781295776367,11.727781295776367,0.0,-0.06714940071105957,-1.7072474956512451,0.4271049499511719,1.421609878540039,4818,4750,68,4818,0,0,0.0,0.0,0.0,15.0,0.0,6271.830548999787,False,False,True,0.0,214,0.20770953595638275,60.25,536.63818359375,True,True,True
20,44,ours,11.716289520263672,11.716289520263672,11.716289520263672,0.0,-0.011491775512695312,-1.7187392711639404,0.4199359118938446,1.424498438835144,4887,4818,69,4887,0,0,0.0,0.0,0.0,15.0,0.0,6490.428256999621,False,False,True,0.0,227,0.19735436141490936,60.271484375,536.63818359375,True,True,True
21,44,ours,11.645485162734985,11.645485162734985,11.645485162734985,0.0,-0.07080435752868652,-1.789543628692627,0.4066750705242157,1.4319705963134766,4955,4887,68,4955,0,0,0.0,0.0,0.0,15.0,0.0,6714.06716599995,False,False,True,0.0,235,0.18819059431552887,60.28515625,536.63818359375,True,True,True
22,44,ours,11.626213788986206,11.626213788986206,11.626213788986206,0.0,-0.019271373748779297,-1.8088150024414062,0.4050293564796448,1.4348652362823486,5026,4955,71,5026,0,0,0.0,0.0,0.0,15.0,0.0,6697.455851000086,False,False,True,0.0,249,0.17965465784072876,60.3056640625,536.63818359375,True,True,True
23,44,ours,11.648998260498047,11.648998260498047,11.648998260498047,0.0,0.02278447151184082,-1.7860305309295654,0.40748417377471924,1.4314640760421753,5097,5026,71,5097,0,0,0.0,0.0,0.0,15.0,0.0,6818.916960000024,False,False,True,0.0,282,0.17213991284370422,60.318359375,536.63818359375,True,True,True
24,44,ours,11.737806797027588,11.737806797027588,11.737806797027588,0.0,0.08880853652954102,-1.6972219944000244,0.4217366576194763,1.4347059726715088,5166,5097,69,5166,0,0,0.0,0.0,0.0,15.0,0.0,6651.322724999773,False,False,True,0.0,290,0.16498370468616486,60.34130859375,536.63818359375,True,True,True
25,44,ours,11.845825910568237,11.845825910568237,11.845825910568237,0.0,0.10801911354064941,-1.589202880859375,0.43950241804122925,1.4379076957702637,5236,5166,70,5236,0,0,0.0,0.0,0.0,15.0,0.0,6428.798396000275,False,False,True,0.0,316,0.15887579321861267,60.3525390625,536.63818359375,True,True,True
26,44,ours,11.875,11.875,11.875,0.0,0.029174089431762695,-1.5600287914276123,0.4490496516227722,1.436058521270752,5308,5236,72,5308,0,0,0.0,0.0,0.0,15.0,0.0,6556.423463000101,False,False,True,0.0,334,0.1533488631248474,60.3740234375,536.63818359375,True,True,True
27,44,ours,11.972705125808716,11.972705125808716,11.972705125808716,0.0,0.09770512580871582,-1.4623236656188965,0.46593213081359863,1.454829454421997,5375,5308,67,5375,0,0,0.0,0.0,0.0,15.0,0.0,6711.450426000738,False,False,True,0.0,356,0.14862214028835297,60.38525390625,536.63818359375,True,True,True
28,44,ours,12.148550748825073,12.148550748825073,12.148550748825073,0.0,0.17584562301635742,-1.286478042602539,0.491390585899353,1.462035894393921,5445,5375,70,5445,0,0,0.0,0.0,0.0,15.0,0.0,6657.00609599935,False,False,True,0.0,366,0.14408090710639954,60.4130859375,536.63818359375,True,True,True
29,44,ours,12.148722410202026,12.148722410202026,12.148722410202026,0.0,0.000171661376953125,-1.286306381225586,0.49185603857040405,1.4478615522384644,5513,5445,68,5513,0,0,0.0,0.0,0.0,15.0,0.0,6996.027883000352,False,False,True,0.0,594,0.14011026918888092,60.435546875,536.63818359375,True,True,True
1,45,no_op,13.458311557769775,13.458311557769775,13.458311557769775,0.0,0.023282766342163086,0.023282766342163086,0.653879702091217,1.3533592224121094,3575,3502,73,3575,0,0,0.0,0.0,0.0,15.0,0.0,5674.518024999998,False,False,True,0.0,0,0.0,59.92529296875,536.63818359375,True,True,True
2,45,no_op,13.425194025039673,13.425194025039673,13.425194025039673,0.0,-0.03311753273010254,-0.009834766387939453,0.6501211524009705,1.3560621738433838,3639,3575,64,3639,0,0,0.0,0.0,0.0,15.0,0.0,5478.755380000621,False,False,True,0.0,0,0.0,59.947265625,536.63818359375,True,True,True
3,45,no_op,13.295962810516357,13.295962810516357,13.295962810516357,0.0,-0.12923121452331543,-0.13906598091125488,0.6371684074401855,1.3608897924423218,3708,3639,69,3708,0,0,0.0,0.0,0.0,15.0,0.0,5643.119927000043,False,False,True,0.0,0,0.0,59.95849609375,536.63818359375,True,True,True
4,45,no_op,13.1149423122406,13.1149423122406,13.1149423122406,0.0,-0.18102049827575684,-0.3200864791870117,0.6200549602508545,1.3368854522705078,3778,3708,70,3778,0,0,0.0,0.0,0.0,15.0,0.0,5894.800969999778,False,False,True,0.0,0,0.0,59.986328125,536.63818359375,True,True,True
5,45,no_op,12.950085401535034,12.950085401535034,12.950085401535034,0.0,-0.1648569107055664,-0.4849433898925781,0.6036700010299683,1.36764395236969,3846,3778,68,3846,0,0,0.0,0.0,0.0,15.0,0.0,5678.335277999395,False,False,True,0.0,0,0.0,60.0087890625,536.63818359375,True,True,True
6,45,no_op,12.890058755874634,12.890058755874634,12.890058755874634,0.0,-0.06002664566040039,-0.5449700355529785,0.5981256365776062,1.3397855758666992,3917,3846,71,3917,0,0,0.0,0.0,0.0,15.0,0.0,5756.893183999637,False,False,True,0.0,0,0.0,60.02001953125,536.63818359375,True,True,True
7,45,no_op,12.845512628555298,12.845512628555298,12.845512628555298,0.0,-0.04454612731933594,-0.5895161628723145,0.5934704542160034,1.3465946912765503,3985,3917,68,3985,0,0,0.0,0.0,0.0,15.0,0.0,5933.389273000103,False,False,True,0.0,0,0.0,60.04150390625,536.63818359375,True,True,True
8,45,no_op,12.839462757110596,12.839462757110596,12.839462757110596,0.0,-0.0060498714447021484,-0.5955660343170166,0.5931071043014526,1.3449037075042725,4057,3985,72,4057,0,0,0.0,0.0,0.0,15.0,0.0,5726.768516999982,False,False,True,0.0,0,0.0,60.05517578125,536.63818359375,True,True,True
9,45,no_op,12.787528038024902,12.787528038024902,12.787528038024902,0.0,-0.05193471908569336,-0.64750075340271,0.5843200087547302,1.330196738243103,4128,4057,71,4128,0,0,0.0,0.0,0.0,15.0,0.0,6063.711671999954,False,False,True,0.0,0,0.0,60.07568359375,536.63818359375,True,True,True
10,45,no_op,12.705769538879395,12.705769538879395,12.705769538879395,0.0,-0.08175849914550781,-0.7292592525482178,0.5725098848342896,1.329634428024292,4204,4128,76,4204,0,0,0.0,0.0,0.0,15.0,0.0,6314.552894999906,False,False,True,0.0,0,0.0,60.0888671875,536.63818359375,True,True,True
11,45,no_op,12.633517980575562,12.633517980575562,12.633517980575562,0.0,-0.07225155830383301,-0.8015108108520508,0.5596479773521423,1.3303253650665283,4277,4204,73,4277,0,0,0.0,0.0,0.0,15.0,0.0,5965.985836000073,False,False,True,0.0,0,0.0,60.111328125,536.63818359375,True,True,True
12,45,no_op,12.515162229537964,12.515162229537964,12.515162229537964,0.0,-0.11835575103759766,-0.9198665618896484,0.5431222915649414,1.3418779373168945,4346,4277,69,4346,0,0,0.0,0.0,0.0,15.0,0.0,6270.993241999349,False,False,True,0.0,0,0.0,60.12255859375,536.63818359375,True,True,True
13,45,no_op,12.335505485534668,12.335505485534668,12.335505485534668,0.0,-0.1796567440032959,-1.0995233058929443,0.5199953317642212,1.3744534254074097,4419,4346,73,4419,0,0,0.0,0.0,0.0,15.0,0.0,6281.321217999903,False,False,True,0.0,0,0.0,60.150390625,536.63818359375,True,True,True
14,45,no_op,12.211993932723999,12.211993932723999,12.211993932723999,0.0,-0.12351155281066895,-1.2230348587036133,0.5026955008506775,1.3736311197280884,4487,4419,68,4487,0,0,0.0,0.0,0.0,15.0,0.0,6331.456566999805,False,False,True,0.0,0,0.0,60.1728515625,536.63818359375,True,True,True
15,45,no_op,12.07701325416565,12.07701325416565,12.07701325416565,0.0,-0.1349806785583496,-1.358015537261963,0.4830736517906189,1.3793480396270752,4559,4487,72,4559,0,0,0.0,0.0,0.0,15.0,0.0,6369.474053999511,False,False,True,0.0,0,0.0,60.18408203125,536.63818359375,True,True,True
16,45,no_op,11.95887565612793,11.95887565612793,11.95887565612793,0.0,-0.11813759803771973,-1.4761531352996826,0.4665760397911072,1.3964228630065918,4624,4559,65,4624,0,0,0.0,0.0,0.0,15.0,0.0,6323.895481999898,False,False,True,0.0,0,0.0,60.2060546875,536.63818359375,True,True,True
17,45,no_op,11.906468868255615,11.906468868255615,11.906468868255615,0.0,-0.05240678787231445,-1.528559923171997,0.457622766494751,1.4090666770935059,4692,4624,68,4692,0,0,0.0,0.0,0.0,15.0,0.0,6258.331185000316,False,False,True,0.0,0,0.0,60.21728515625,536.63818359375,True,True,True
18,45,no_op,11.776940822601318,11.776940822601318,11.776940822601318,0.0,-0.12952804565429688,-1.658087968826294,0.4353805184364319,1.4057201147079468,4754,4692,62,4754,0,0,0.0,0.0,0.0,15.0,0.0,6613.259447999553,False,False,True,0.0,0,0.0,60.23876953125,536.63818359375,True,True,True
19,45,no_op,11.71238899230957,11.71238899230957,11.71238899230957,0.0,-0.06455183029174805,-1.722639799118042,0.4261713922023773,1.421609878540039,4826,4754,72,4826,0,0,0.0,0.0,0.0,15.0,0.0,6639.726446000168,False,False,True,0.0,0,0.0,60.25244140625,536.63818359375,True,True,True
20,45,no_op,11.705989837646484,11.705989837646484,11.705989837646484,0.0,-0.0063991546630859375,-1.729038953781128,0.4197731018066406,1.424498438835144,4894,4826,68,4894,0,0,0.0,0.0,0.0,15.0,0.0,6566.650339999796,False,False,True,0.0,0,0.0,60.2724609375,536.63818359375,True,True,True
21,45,no_op,11.647177934646606,11.647177934646606,11.647177934646606,0.0,-0.05881190299987793,-1.7878508567810059,0.40753087401390076,1.4319705963134766,4963,4894,69,4963,0,0,0.0,0.0,0.0,15.0,0.0,6464.928188000158,False,False,True,0.0,0,0.0,60.28564453125,536.63818359375,True,True,True
22,45,no_op,11.63143277168274,11.63143277168274,11.63143277168274,0.0,-0.015745162963867188,-1.803596019744873,0.40622955560684204,1.4348652362823486,5031,4963,68,5031,0,0,0.0,0.0,0.0,15.0,0.0,6465.217154000129,False,False,True,0.0,0,0.0,60.3056640625,536.63818359375,True,True,True
23,45,no_op,11.65181279182434,11.65181279182434,11.65181279182434,0.0,0.020380020141601562,-1.7832159996032715,0.4085833728313446,1.4314640760421753,5102,5031,71,5102,0,0,0.0,0.0,0.0,15.0,0.0,6473.170813999786,False,False,True,0.0,0,0.0,60.318359375,536.63818359375,True,True,True
24,45,no_op,11.751174926757812,11.751174926757812,11.751174926757812,0.0,0.09936213493347168,-1.6838538646697998,0.42403194308280945,1.4347059726715088,5166,5102,64,5166,0,0,0.0,0.0,0.0,15.0,0.0,6539.147599999524,False,False,True,0.0,0,0.0,60.34130859375,536.63818359375,True,True,True
25,45,no_op,11.861647367477417,11.861647367477417,11.861647367477417,0.0,0.11047244071960449,-1.5733814239501953,0.442194402217865,1.4379076957702637,5237,5166,71,5237,0,0,0.0,0.0,0.0,15.0,0.0,6852.654901000278,False,False,True,0.0,0,0.0,60.3525390625,536.63818359375,True,True,True
26,45,no_op,11.885359287261963,11.885359287261963,11.885359287261963,0.0,0.0237119197845459,-1.5496695041656494,0.45108863711357117,1.436058521270752,5309,5237,72,5309,0,0,0.0,0.0,0.0,15.0,0.0,6931.1704600004305,False,False,True,0.0,0,0.0,60.3740234375,536.63818359375,True,True,True
27,45,no_op,11.986905336380005,11.986905336380005,11.986905336380005,0.0,0.10154604911804199,-1.4481234550476074,0.468187540769577,1.454829454421997,5375,5309,66,5375,0,0,0.0,0.0,0.0,15.0,0.0,6572.486267000386,False,False,True,0.0,0,0.0,60.38525390625,536.63818359375,True,True,True
28,45,no_op,12.158538103103638,12.158538103103638,12.158538103103638,0.0,0.1716327667236328,-1.2764906883239746,0.49288925528526306,1.462035894393921,5446,5375,71,5446,0,0,0.0,0.0,0.0,15.0,0.0,6832.3691279993,False,False,True,0.0,0,0.0,60.4130859375,536.63818359375,True,True,True
29,45,no_op,12.160204648971558,12.160204648971558,12.160204648971558,0.0,0.0016665458679199219,-1.2748241424560547,0.49320024251937866,1.4478615522384644,5517,5446,71,5517,0,0,0.0,0.0,0.0,15.0,0.0,7015.326724999795,False,False,True,0.0,0,0.0,60.435546875,536.63818359375,True,True,True
1,45,error_only,13.458311557769775,13.458311557769775,13.458311557769775,0.0,0.023282766342163086,0.023282766342163086,0.653879702091217,1.3533592224121094,3575,3502,73,3575,0,0,0.0,0.0,0.0,15.0,0.0,5318.6668959997405,False,False,True,0.0,0,0.0,59.92529296875,536.63818359375,True,True,True
2,45,error_only,13.425318002700806,13.425318002700806,13.425318002700806,0.0,-0.03299355506896973,-0.00971078872680664,0.6501498222351074,1.3560621738433838,3644,3575,69,3644,0,0,0.0,0.0,0.0,15.0,0.0,5811.295227000301,False,False,True,0.0,0,0.0,59.947265625,536.63818359375,True,True,True
3,45,error_only,13.299360275268555,13.299360275268555,13.299360275268555,0.0,-0.12595772743225098,-0.13566851615905762,0.6372764110565186,1.3608897924423218,3718,3644,74,3718,0,0,0.0,0.0,0.0,15.0,0.0,5850.573475000601,False,False,True,0.0,0,0.0,59.97607421875,536.63818359375,True,True,True
4,45,error_only,13.116551637649536,13.116551637649536,13.116551637649536,0.0,-0.18280863761901855,-0.31847715377807617,0.6200158596038818,1.3368854522705078,3789,3718,71,3789,0,0,0.0,0.0,0.0,15.0,0.0,5916.7072319996805,False,False,True,0.0,0,0.0,59.9873046875,536.63818359375,True,True,True
5,45,error_only,12.948037385940552,12.948037385940552,12.948037385940552,0.0,-0.16851425170898438,-0.48699140548706055,0.6034919619560242,1.36764395236969,3853,3789,64,3853,0,0,0.0,0.0,0.0,15.0,0.0,5920.762896000269,False,False,True,0.0,0,0.0,60.0087890625,536.63818359375,True,True,True
6,45,error_only,12.87523627281189,12.87523627281189,12.87523627281189,0.0,-0.07280111312866211,-0.5597925186157227,0.5972207188606262,1.3397855758666992,3921,3853,68,3921,0,0,0.0,0.0,0.0,15.0,0.0,5689.339321000261,False,False,True,0.0,0,0.0,60.02001953125,536.63818359375,True,True,True
7,45,error_only,12.823044061660767,12.823044061660767,12.823044061660767,0.0,-0.05219221115112305,-0.6119847297668457,0.5920584797859192,1.3465946912765503,3994,3921,73,3994,0,0,0.0,0.0,0.0,15.0,0.0,5956.511415000023,False,False,True,0.0,0,0.0,60.04150390625,536.63818359375,True,True,True
8,45,error_only,12.82782793045044,12.82782793045044,12.82782793045044,0.0,0.0047838687896728516,-0.6072008609771729,0.5924931764602661,1.3449037075042725,4056,3994,62,4056,0,0,0.0,0.0,0.0,15.0,0.0,5901.873123000769,False,False,True,0.0,0,0.0,60.05517578125,536.63818359375,True,True,True
9,45,error_only,12.784035205841064,12.784035205841064,12.784035205841064,0.0,-0.043792724609375,-0.6509935855865479,0.5840710401535034,1.330196738243103,4125,4056,69,4125,0,0,0.0,0.0,0.0,15.0,0.0,5902.08007199999,False,False,True,0.0,0,0.0,60.07568359375,536.63818359375,True,True,True
10,45,error_only,12.704710960388184,12.704710960388184,12.704710960388184,0.0,-0.07932424545288086,-0.7303178310394287,0.5724778175354004,1.329634428024292,4191,4125,66,4191,0,0,0.0,0.0,0.0,15.0,0.0,6148.006744000668,False,False,True,0.0,0,0.0,60.08837890625,536.63818359375,True,True,True
11,45,error_only,12.63155221939087,12.63155221939087,12.63155221939087,0.0,-0.07315874099731445,-0.8034765720367432,0.5598742961883545,1.3303253650665283,4265,4191,74,4265,0,0,0.0,0.0,0.0,15.0,0.0,6137.896230000479,False,False,True,0.0,0,0.0,60.10888671875,536.63818359375,True,True,True
12,45,error_only,12.5082528591156,12.5082528591156,12.5082528591156,0.0,-0.12329936027526855,-0.9267759323120117,0.5428268909454346,1.3418779373168945,4336,4265,71,4336,0,0,0.0,0.0,0.0,15.0,0.0,6134.274994000407,False,False,True,0.0,0,0.0,60.12158203125,536.63818359375,True,True,True
13,45,error_only,12.344211339950562,12.344211339950562,12.344211339950562,0.0,-0.16404151916503906,-1.0908174514770508,0.5202977061271667,1.3744534254074097,4406,4336,70,4406,0,0,0.0,0.0,0.0,15.0,0.0,6109.1802999999345,False,False,True,0.0,0,0.0,60.14404296875,536.63818359375,True,True,True
14,45,error_only,12.216503620147705,12.216503620147705,12.216503620147705,0.0,-0.12770771980285645,-1.2185251712799072,0.5027121305465698,1.3736311197280884,4473,4406,67,4473,0,0,0.0,0.0,0.0,15.0,0.0,6017.737183999998,False,False,True,0.0,0,0.0,60.1552734375,536.63818359375,True,True,True
15,45,error_only,12.080109119415283,12.080109119415283,12.080109119415283,0.0,-0.13639450073242188,-1.354919672012329,0.48344263434410095,1.3793480396270752,4545,4473,72,4545,0,0,0.0,0.0,0.0,15.0,0.0,6127.30820500019,False,False,True,0.0,0,0.0,60.18310546875,536.63818359375,True,True,True
16,45,error_only,11.964782476425171,11.964782476425171,11.964782476425171,0.0,-0.1153266429901123,-1.4702463150024414,0.4672393202781677,1.3964228630065918,4615,4545,70,4615,0,0,0.0,0.0,0.0,15.0,0.0,6116.5023789999395,False,False,True,0.0,0,0.0,60.2060546875,536.63818359375,True,True,True
17,45,error_only,11.9102942943573,11.9102942943573,11.9102942943573,0.0,-0.054488182067871094,-1.5247344970703125,0.4582981467247009,1.4090666770935059,4687,4615,72,4687,0,0,0.0,0.0,0.0,15.0,0.0,6311.131268999816,False,False,True,0.0,0,0.0,60.21728515625,536.63818359375,True,True,True
18,45,error_only,11.78583025932312,11.78583025932312,11.78583025932312,0.0,-0.12446403503417969,-1.6491985321044922,0.43655896186828613,1.4057201147079468,4757,4687,70,4757,0,0,0.0,0.0,0.0,15.0,0.0,6427.609090999795,False,False,True,0.0,0,0.0,60.23876953125,536.63818359375,True,True,True
19,45,error_only,11.71646237373352,11.71646237373352,11.71646237373352,0.0,-0.06936788558959961,-1.7185664176940918,0.42688363790512085,1.421609878540039,4827,4757,70,4827,0,0,0.0,0.0,0.0,15.0,0.0,6223.098203000518,False,False,True,0.0,0,0.0,60.25244140625,536.63818359375,True,True,True
20,45,error_only,11.70253038406372,11.70253038406372,11.70253038406372,0.0,-0.013931989669799805,-1.7324984073638916,0.42046794295310974,1.424498438835144,4897,4827,70,4897,0,0,0.0,0.0,0.0,15.0,0.0,6450.4232230001435,False,False,True,0.0,0,0.0,60.27294921875,536.63818359375,True,True,True
21,45,error_only,11.638566255569458,11.638566255569458,11.638566255569458,0.0,-0.0639641284942627,-1.7964625358581543,0.40823906660079956,1.4319705963134766,4965,4897,68,4965,0,0,0.0,0.0,0.0,15.0,0.0,6553.898185999969,False,False,True,0.0,0,0.0,60.28564453125,536.63818359375,True,True,True
22,45,error_only,11.617101430892944,11.617101430892944,11.617101430892944,0.0,-0.021464824676513672,-1.817927360534668,0.40606772899627686,1.4348652362823486,5031,4965,66,5031,0,0,0.0,0.0,0.0,15.0,0.0,6509.297817000515,False,False,True,0.0,0,0.0,60.3056640625,536.63818359375,True,True,True
23,45,error_only,11.637474298477173,11.637474298477173,11.637474298477173,0.0,0.020372867584228516,-1.7975544929504395,0.40851113200187683,1.4314640760421753,5102,5031,71,5102,0,0,0.0,0.0,0.0,15.0,0.0,6165.701920000174,False,False,True,0.0,0,0.0,60.318359375,536.63818359375,True,True,True
24,45,error_only,11.732858419418335,11.732858419418335,11.732858419418335,0.0,0.09538412094116211,-1.7021703720092773,0.4236721694469452,1.4347059726715088,5171,5102,69,5171,0,0,0.0,0.0,0.0,15.0,0.0,6803.229575999467,False,False,True,0.0,0,0.0,60.34130859375,536.63818359375,True,True,True
25,45,error_only,11.84499740600586,11.84499740600586,11.84499740600586,0.0,0.11213898658752441,-1.590031385421753,0.44176384806632996,1.4379076957702637,5238,5171,67,5238,0,0,0.0,0.0,0.0,15.0,0.0,6749.250625000059,False,False,True,0.0,0,0.0,60.3525390625,536.63818359375,True,True,True
26,45,error_only,11.870118379592896,11.870118379592896,11.870118379592896,0.0,0.025120973587036133,-1.5649104118347168,0.4508856534957886,1.436058521270752,5304,5238,66,5304,0,0,0.0,0.0,0.0,15.0,0.0,6877.722938999796,False,False,True,0.0,0,0.0,60.3740234375,536.63818359375,True,True,True
27,45,error_only,11.9716477394104,11.9716477394104,11.9716477394104,0.0,0.10152935981750488,-1.463381052017212,0.4676640033721924,1.454829454421997,5373,5304,69,5373,0,0,0.0,0.0,0.0,15.0,0.0,6743.0079269997805,False,False,True,0.0,0,0.0,60.38525390625,536.63818359375,True,True,True
28,45,error_only,12.140308618545532,12.140308618545532,12.140308618545532,0.0,0.16866087913513184,-1.29472017288208,0.4917961359024048,1.462035894393921,5444,5373,71,5444,0,0,0.0,0.0,0.0,15.0,0.0,6700.215615999696,False,False,True,0.0,0,0.0,60.4130859375,536.63818359375,True,True,True
29,45,error_only,12.136878967285156,12.136878967285156,12.136878967285156,0.0,-0.0034296512603759766,-1.298149824142456,0.4919227957725525,1.4478615522384644,5513,5444,69,5513,0,0,0.0,0.0,0.0,15.0,0.0,6857.307055000092,False,False,True,0.0,0,0.0,60.435546875,536.63818359375,True,True,True
1,45,ours,13.458311557769775,13.458311557769775,13.458311557769775,0.0,0.023282766342163086,0.023282766342163086,0.653879702091217,1.3533592224121094,3579,3502,77,3579,0,0,0.0,0.0,0.0,15.0,0.0,5662.553470999228,False,False,True,0.0,8,0.8311821222305298,59.92529296875,536.63818359375,True,True,True
2,45,ours,13.427187204360962,13.427187204360962,13.427187204360962,0.0,-0.031124353408813477,-0.00784158706665039,0.6501946449279785,1.3560621738433838,3647,3579,68,3647,0,0,0.0,0.0,0.0,15.0,0.0,5587.52923800057,False,False,True,0.0,3569,0.753350019454956,59.947265625,536.63818359375,True,True,True
3,45,ours,13.298277854919434,13.298277854919434,13.298277854919434,0.0,-0.12890934944152832,-0.1367509365081787,0.6371906995773315,1.3608897924423218,3715,3647,68,3715,0,0,0.0,0.0,0.0,15.0,0.0,5561.444549999578,False,False,True,0.0,2208,0.683860719203949,59.97607421875,536.63818359375,True,True,True
4,45,ours,13.119497299194336,13.119497299194336,13.119497299194336,0.0,-0.17878055572509766,-0.31553149223327637,0.6201968193054199,1.3368854522705078,3781,3715,66,3781,0,0,0.0,0.0,0.0,15.0,0.0,5568.630643999313,False,False,True,0.0,2301,0.6216804385185242,59.9873046875,536.63818359375,True,True,True
5,45,ours,12.955516576766968,12.955516576766968,12.955516576766968,0.0,-0.16398072242736816,-0.47951221466064453,0.6041220426559448,1.36764395236969,3847,3781,66,3847,0,0,0.0,0.0,0.0,15.0,0.0,5755.871536000086,False,False,True,0.0,2885,0.5658372044563293,60.0087890625,536.63818359375,True,True,True
6,45,ours,12.882269620895386,12.882269620895386,12.882269620895386,0.0,-0.07324695587158203,-0.5527591705322266,0.5976672172546387,1.3397855758666992,3913,3847,66,3913,0,0,0.0,0.0,0.0,15.0,0.0,5804.8362130002715,False,False,True,0.0,3398,0.5160096883773804,60.02001953125,536.63818359375,True,True,True
7,45,ours,12.835240364074707,12.835240364074707,12.835240364074707,0.0,-0.04702925682067871,-0.5997884273529053,0.5930735468864441,1.3465946912765503,3983,3913,70,3983,0,0,0.0,0.0,0.0,15.0,0.0,5782.023315000515,False,False,True,0.0,3596,0.4713366627693176,60.04150390625,536.63818359375,True,True,True
8,45,ours,12.832520008087158,12.832520008087158,12.832520008087158,0.0,-0.002720355987548828,-0.6025087833404541,0.593228816986084,1.3449037075042725,4056,3983,73,4056,0,0,0.0,0.0,0.0,15.0,0.0,5713.836081999943,False,False,True,0.0,3712,0.43152081966400146,60.05517578125,536.63818359375,True,True,True
9,45,ours,12.782199382781982,12.782199382781982,12.782199382781982,0.0,-0.05032062530517578,-0.6528294086456299,0.5842537879943848,1.330196738243103,4128,4056,72,4128,0,0,0.0,0.0,0.0,15.0,0.0,6194.954130000042,False,False,True,0.0,3777,0.39591625332832336,60.07568359375,536.63818359375,True,True,True
10,45,ours,12.71302580833435,12.71302580833435,12.71302580833435,0.0,-0.06917357444763184,-0.7220029830932617,0.5733335018157959,1.329634428024292,4198,4128,70,4198,0,0,0.0,0.0,0.0,15.0,0.0,6152.174560999811,False,False,True,0.0,3852,0.36394813656806946,60.0888671875,536.63818359375,True,True,True
11,45,ours,12.644164562225342,12.644164562225342,12.644164562225342,0.0,-0.06886124610900879,-0.7908642292022705,0.5611389875411987,1.3303253650665283,4272,4198,74,4272,0,0,0.0,0.0,0.0,15.0,0.0,6108.331878000172,False,False,True,0.0,3917,0.33620354533195496,60.111328125,536.63818359375,True,True,True
12,45,ours,12.525935173034668,12.525935173034668,12.525935173034668,0.0,-0.11822938919067383,-0.9090936183929443,0.5450594425201416,1.3418779373168945,4345,4272,73,4345,0,0,0.0,0.0,0.0,15.0,0.0,6301.627734000249,False,False,True,0.0,3977,0.3141467273235321,60.12255859375,536.63818359375,True,True,True
13,45,ours,12.350232601165771,12.350232601165771,12.350232601165771,0.0,-0.17570257186889648,-1.0847961902618408,0.5215600728988647,1.3744534254074097,4414,4345,69,4414,0,0,0.0,0.0,0.0,15.0,0.0,6089.3538959999205,False,False,True,0.0,4055,0.2942807078361511,60.14404296875,536.63818359375,True,True,True
14,45,ours,12.223854064941406,12.223854064941406,12.223854064941406,0.0,-0.12637853622436523,-1.211174726486206,0.5042821168899536,1.3736311197280884,4480,4414,66,4480,0,0,0.0,0.0,0.0,15.0,0.0,6400.086301000556,False,False,True,0.0,4108,0.27605411410331726,60.1552734375,536.63818359375,True,True,True
15,45,ours,12.089841365814209,12.089841365814209,12.089841365814209,0.0,-0.13401269912719727,-1.3451874256134033,0.4848320484161377,1.3793480396270752,4556,4480,76,4556,0,0,0.0,0.0,0.0,15.0,0.0,6032.816198000546,False,False,True,0.0,4166,0.25936776399612427,60.18310546875,536.63818359375,True,True,True
16,45,ours,11.974178552627563,11.974178552627563,11.974178552627563,0.0,-0.11566281318664551,-1.4608502388000488,0.4682861268520355,1.3964228630065918,4630,4556,74,4630,0,0,0.0,0.0,0.0,15.0,0.0,6211.705048999647,False,False,True,0.0,4216,0.24459348618984222,60.2060546875,536.63818359375,True,True,True
17,45,ours,11.937025785446167,11.937025785446167,11.937025785446167,0.0,-0.037152767181396484,-1.4980030059814453,0.46107763051986694,1.4090666770935059,4699,4630,69,4699,0,0,0.0,0.0,0.0,15.0,0.0,6264.087350999944,False,False,True,0.0,4246,0.23110467195510864,60.2197265625,536.63818359375,True,True,True
18,45,ours,11.809958219528198,11.809958219528198,11.809958219528198,0.0,-0.12706756591796875,-1.625070571899414,0.43868470191955566,1.4057201147079468,4769,4699,70,4769,0,0,0.0,0.0,0.0,15.0,0.0,6662.242850999974,False,False,True,0.0,4251,0.21881242096424103,60.240234375,536.63818359375,True,True,True
19,45,ours,11.737536191940308,11.737536191940308,11.737536191940308,0.0,-0.07242202758789062,-1.6974925994873047,0.42808184027671814,1.421609878540039,4834,4769,65,4834,0,0,0.0,0.0,0.0,15.0,0.0,6504.978711000149,False,False,True,0.0,4265,0.20773011445999146,60.2529296875,536.63818359375,True,True,True
20,45,ours,11.719930171966553,11.719930171966553,11.719930171966553,0.0,-0.017606019973754883,-1.7150986194610596,0.42089590430259705,1.424498438835144,4903,4834,69,4903,0,0,0.0,0.0,0.0,15.0,0.0,6321.132645000034,False,False,True,0.0,4238,0.1973540335893631,60.27294921875,536.63818359375,True,True,True
21,45,ours,11.652665138244629,11.652665138244629,11.652665138244629,0.0,-0.06726503372192383,-1.7823636531829834,0.40845105051994324,1.4319705963134766,4972,4903,69,4972,0,0,0.0,0.0,0.0,15.0,0.0,6287.608093000017,False,False,True,0.0,4260,0.18806900084018707,60.28564453125,536.63818359375,True,True,True
22,45,ours,11.638853549957275,11.638853549957275,11.638853549957275,0.0,-0.013811588287353516,-1.796175241470337,0.40732115507125854,1.4348652362823486,5041,4972,69,5041,0,0,0.0,0.0,0.0,15.0,0.0,6787.50036800011,False,False,True,0.0,4222,0.17975956201553345,60.30810546875,536.63818359375,True,True,True
23,45,ours,11.655116081237793,11.655116081237793,11.655116081237793,0.0,0.016262531280517578,-1.7799127101898193,0.4091905951499939,1.4314640760421753,5106,5041,65,5106,0,0,0.0,0.0,0.0,15.0,0.0,6808.023708000292,False,False,True,0.0,4203,0.17228321731090546,60.3193359375,536.63818359375,True,True,True
24,45,ours,11.736602783203125,11.736602783203125,11.736602783203125,0.0,0.08148670196533203,-1.6984260082244873,0.4223596453666687,1.4347059726715088,5178,5106,72,5178,0,0,0.0,0.0,0.0,15.0,0.0,6407.978690000164,False,False,True,0.0,4172,0.16492222249507904,60.34130859375,536.63818359375,True,True,True
25,45,ours,11.83911681175232,11.83911681175232,11.83911681175232,0.0,0.10251402854919434,-1.595911979675293,0.4392147660255432,1.4379076957702637,5249,5178,71,5249,0,0,0.0,0.0,0.0,15.0,0.0,6980.7256400008555,False,False,True,0.0,4181,0.15875618159770966,60.3701171875,536.63818359375,True,True,True
26,45,ours,11.868456602096558,11.868456602096558,11.868456602096558,0.0,0.02933979034423828,-1.5665721893310547,0.4487561583518982,1.436058521270752,5324,5249,75,5324,0,0,0.0,0.0,0.0,15.0,0.0,6592.4294719998215,False,False,True,0.0,4187,0.1532689481973648,60.38134765625,536.63818359375,True,True,True
27,45,ours,11.97223424911499,11.97223424911499,11.97223424911499,0.0,0.10377764701843262,-1.462794542312622,0.4664764404296875,1.454829454421997,5396,5324,72,5396,0,0,0.0,0.0,0.0,15.0,0.0,6780.394870000237,False,False,True,0.0,4220,0.14852672815322876,60.40283203125,536.63818359375,True,True,True
28,45,ours,12.150472402572632,12.150472402572632,12.150472402572632,0.0,0.1782381534576416,-1.2845563888549805,0.4920169711112976,1.462035894393921,5467,5396,71,5467,0,0,0.0,0.0,0.0,15.0,0.0,6950.67344600011,False,False,True,0.0,4250,0.14405228197574615,60.41650390625,536.63818359375,True,True,True
29,45,ours,12.152512073516846,12.152512073516846,12.152512073516846,0.0,0.002039670944213867,-1.2825167179107666,0.49240240454673767,1.4478615522384644,5536,5467,69,5536,0,0,0.0,0.0,0.0,15.0,0.0,6651.201476999631,False,False,True,0.0,4299,0.1399809718132019,60.4365234375,536.63818359375,True,True,True
1,46,no_op,13.458311557769775,13.458311557769775,13.458311557769775,0.0,0.023282766342163086,0.023282766342163086,0.653879702091217,1.3533592224121094,3571,3502,69,3571,0,0,0.0,0.0,0.0,15.0,0.0,5343.6174010003015,False,False,True,0.0,0,0.0,59.92529296875,536.63818359375,True,True,True
2,46,no_op,13.424041271209717,13.424041271209717,13.424041271209717,0.0,-0.034270286560058594,-0.010987520217895508,0.6500782370567322,1.3560621738433838,3637,3571,66,3637,0,0,0.0,0.0,0.0,15.0,0.0,5683.276056000068,False,False,True,0.0,0,0.0,59.947265625,536.63818359375,True,True,True
3,46,no_op,13.293827772140503,13.293827772140503,13.293827772140503,0.0,-0.13021349906921387,-0.14120101928710938,0.6369876861572266,1.3608897924423218,3706,3637,69,3706,0,0,0.0,0.0,0.0,15.0,0.0,5818.215858000258,False,False,True,0.0,0,0.0,59.95849609375,536.63818359375,True,True,True
4,46,no_op,13.111381530761719,13.111381530761719,13.111381530761719,0.0,-0.18244624137878418,-0.32364726066589355,0.6197026968002319,1.3368854522705078,3777,3706,71,3777,0,0,0.0,0.0,0.0,15.0,0.0,5792.25625700019,False,False,True,0.0,0,0.0,59.986328125,536.63818359375,True,True,True
5,46,no_op,12.942665815353394,12.942665815353394,12.942665815353394,0.0,-0.1687157154083252,-0.49236297607421875,0.603129506111145,1.36764395236969,3849,3777,72,3849,0,0,0.0,0.0,0.0,15.0,0.0,5655.090866999672,False,False,True,0.0,0,0.0,60.0087890625,536.63818359375,True,True,True
6,46,no_op,12.878772020339966,12.878772020339966,12.878772020339966,0.0,-0.06389379501342773,-0.5562567710876465,0.5972890257835388,1.3397855758666992,3921,3849,72,3921,0,0,0.0,0.0,0.0,15.0,0.0,5665.874649000216,False,False,True,0.0,0,0.0,60.02001953125,536.63818359375,True,True,True
7,46,no_op,12.828407287597656,12.828407287597656,12.828407287597656,0.0,-0.05036473274230957,-0.606621503829956,0.5921372175216675,1.3465946912765503,3991,3921,70,3991,0,0,0.0,0.0,0.0,15.0,0.0,5984.110291000434,False,False,True,0.0,0,0.0,60.04150390625,536.63818359375,True,True,True
8,46,no_op,12.822569608688354,12.822569608688354,12.822569608688354,0.0,-0.005837678909301758,-0.6124591827392578,0.592004656791687,1.3449037075042725,4063,3991,72,4063,0,0,0.0,0.0,0.0,15.0,0.0,9047.19240400027,False,False,True,0.0,0,0.0,60.05517578125,536.63818359375,True,True,True
9,46,no_op,12.78154969215393,12.78154969215393,12.78154969215393,0.0,-0.04101991653442383,-0.6534790992736816,0.5834642648696899,1.330196738243103,4135,4063,72,4135,0,0,0.0,0.0,0.0,15.0,0.0,6239.453008000055,False,False,True,0.0,0,0.0,60.076171875,536.63818359375,True,True,True
10,46,no_op,12.69740343093872,12.69740343093872,12.69740343093872,0.0,-0.08414626121520996,-0.7376253604888916,0.5713375210762024,1.329634428024292,4201,4135,66,4201,0,0,0.0,0.0,0.0,15.0,0.0,5918.197568999858,False,False,True,0.0,0,0.0,60.0888671875,536.63818359375,True,True,True
11,46,no_op,12.630598545074463,12.630598545074463,12.630598545074463,0.0,-0.06680488586425781,-0.8044302463531494,0.5591440200805664,1.3303253650665283,4270,4201,69,4270,0,0,0.0,0.0,0.0,15.0,0.0,6973.39668099994,False,False,True,0.0,0,0.0,60.111328125,536.63818359375,True,True,True
12,46,no_op,12.511519193649292,12.511519193649292,12.511519193649292,0.0,-0.1190793514251709,-0.9235095977783203,0.5427927374839783,1.3418779373168945,4340,4270,70,4340,0,0,0.0,0.0,0.0,15.0,0.0,6701.296966999507,False,False,True,0.0,0,0.0,60.12255859375,536.63818359375,True,True,True
13,46,no_op,12.337585687637329,12.337585687637329,12.337585687637329,0.0,-0.1739335060119629,-1.0974431037902832,0.5197155475616455,1.3744534254074097,4412,4340,72,4412,0,0,0.0,0.0,0.0,15.0,0.0,7497.042547999627,False,False,True,0.0,0,0.0,60.14404296875,536.63818359375,True,True,True
14,46,no_op,12.213010787963867,12.213010787963867,12.213010787963867,0.0,-0.12457489967346191,-1.2220180034637451,0.5022404193878174,1.3736311197280884,4479,4412,67,4479,0,0,0.0,0.0,0.0,15.0,0.0,7364.632513000288,False,False,True,0.0,0,0.0,60.1552734375,536.63818359375,True,True,True
15,46,no_op,12.076640129089355,12.076640129089355,12.076640129089355,0.0,-0.13637065887451172,-1.3583886623382568,0.4828529357910156,1.3793480396270752,4552,4479,73,4552,0,0,0.0,0.0,0.0,15.0,0.0,8001.62766000085,False,False,True,0.0,0,0.0,60.18310546875,536.63818359375,True,True,True
16,46,no_op,11.96313738822937,11.96313738822937,11.96313738822937,0.0,-0.11350274085998535,-1.4718914031982422,0.4667811095714569,1.3964228630065918,4624,4552,72,4624,0,0,0.0,0.0,0.0,15.0,0.0,8015.165395000622,False,False,True,0.0,0,0.0,60.2060546875,536.63818359375,True,True,True
17,46,no_op,11.918646097183228,11.918646097183228,11.918646097183228,0.0,-0.04449129104614258,-1.5163826942443848,0.45867425203323364,1.4090666770935059,4691,4624,67,4691,0,0,0.0,0.0,0.0,15.0,0.0,8505.321280999851,False,False,True,0.0,0,0.0,60.21728515625,536.63818359375,True,True,True
18,46,no_op,11.796009540557861,11.796009540557861,11.796009540557861,0.0,-0.12263655662536621,-1.639019250869751,0.43741703033447266,1.4057201147079468,4760,4691,69,4760,0,0,0.0,0.0,0.0,15.0,0.0,7842.1765579996645,False,False,True,0.0,0,0.0,60.23876953125,536.63818359375,True,True,True
19,46,no_op,11.732639074325562,11.732639074325562,11.732639074325562,0.0,-0.0633704662322998,-1.7023897171020508,0.4282241463661194,1.421609878540039,4825,4760,65,4825,0,0,0.0,0.0,0.0,15.0,0.0,7536.315473000286,False,False,True,0.0,0,0.0,60.25244140625,536.63818359375,True,True,True
20,46,no_op,11.718099117279053,11.718099117279053,11.718099117279053,0.0,-0.014539957046508789,-1.7169296741485596,0.4216844439506531,1.424498438835144,4893,4825,68,4893,0,0,0.0,0.0,0.0,15.0,0.0,7834.300855999572,False,False,True,0.0,0,0.0,60.2724609375,536.63818359375,True,True,True
21,46,no_op,11.648114919662476,11.648114919662476,11.648114919662476,0.0,-0.06998419761657715,-1.7869138717651367,0.4084938168525696,1.4319705963134766,4964,4893,71,4964,0,0,0.0,0.0,0.0,15.0,0.0,8191.071392000595,False,False,True,0.0,0,0.0,60.28564453125,536.63818359375,True,True,True
22,46,no_op,11.631530523300171,11.631530523300171,11.631530523300171,0.0,-0.016584396362304688,-1.8034982681274414,0.40681490302085876,1.4348652362823486,5028,4964,64,5028,0,0,0.0,0.0,0.0,15.0,0.0,7317.86548799937,False,False,True,0.0,0,0.0,60.3056640625,536.63818359375,True,True,True
23,46,no_op,11.65624737739563,11.65624737739563,11.65624737739563,0.0,0.024716854095458984,-1.7787814140319824,0.4096915125846863,1.4314640760421753,5092,5028,64,5092,0,0,0.0,0.0,0.0,15.0,0.0,7354.926906000401,False,False,True,0.0,0,0.0,60.318359375,536.63818359375,True,True,True
24,46,no_op,11.750439405441284,11.750439405441284,11.750439405441284,0.0,0.0941920280456543,-1.6845893859863281,0.4245806336402893,1.4347059726715088,5164,5092,72,5164,0,0,0.0,0.0,0.0,15.0,0.0,10277.626398999928,False,False,True,0.0,0,0.0,60.34130859375,536.63818359375,True,True,True
25,46,no_op,11.861845254898071,11.861845254898071,11.861845254898071,0.0,0.11140584945678711,-1.573183536529541,0.4426841735839844,1.4379076957702637,5233,5164,69,5233,0,0,0.0,0.0,0.0,15.0,0.0,8953.219062999779,False,False,True,0.0,0,0.0,60.3525390625,536.63818359375,True,True,True
26,46,no_op,11.885824203491211,11.885824203491211,11.885824203491211,0.0,0.02397894859313965,-1.5492045879364014,0.4514565169811249,1.436058521270752,5301,5233,68,5301,0,0,0.0,0.0,0.0,15.0,0.0,7738.42972500006,False,False,True,0.0,0,0.0,60.3740234375,536.63818359375,True,True,True
27,46,no_op,11.987464427947998,11.987464427947998,11.987464427947998,0.0,0.10164022445678711,-1.4475643634796143,0.4678066670894623,1.454829454421997,5373,5301,72,5373,0,0,0.0,0.0,0.0,15.0,0.0,7304.68564199964,False,False,True,0.0,0,0.0,60.38525390625,536.63818359375,True,True,True
28,46,no_op,12.158315181732178,12.158315181732178,12.158315181732178,0.0,0.1708507537841797,-1.2767136096954346,0.4921647906303406,1.462035894393921,5445,5373,72,5445,0,0,0.0,0.0,0.0,15.0,0.0,7591.475272000025,False,False,True,0.0,0,0.0,60.4130859375,536.63818359375,True,True,True
29,46,no_op,12.154546976089478,12.154546976089478,12.154546976089478,0.0,-0.0037682056427001953,-1.2804818153381348,0.49230891466140747,1.4478615522384644,5517,5445,72,5517,0,0,0.0,0.0,0.0,15.0,0.0,7621.52765799965,False,False,True,0.0,0,0.0,60.435546875,536.63818359375,True,True,True
1,46,error_only,13.465389013290405,13.458311557769775,13.465389013290405,0.007077455520629883,0.03036022186279297,0.03036022186279297,0.6541854739189148,1.3533592224121094,3567,3502,65,3567,7,0,0.0019624334174376226,12.60104751586914,13.861152172088623,15.0,14.603137969970703,6711.851182999453,False,False,True,0.0,0,0.0,61.90185546875,536.63818359375,True,True,True
2,46,error_only,13.430495262145996,13.42491865158081,13.430495262145996,0.005576610565185547,-0.03489375114440918,-0.004533529281616211,0.6502246856689453,1.3560621738433838,3633,3567,66,3633,7,0,0.0019267822736030828,13.431709289550781,14.77488088607788,15.0,31.219959259033203,6698.8377289999335,False,True,True,0.0,0,0.0,61.9287109375,536.63818359375,True,True,True
3,46,error_only,13.307348489761353,13.29719066619873,13.307348489761353,0.01015782356262207,-0.12314677238464355,-0.12768030166625977,0.6375703811645508,1.3608897924423218,3700,3633,67,3700,7,0,0.0018918918918918919,13.407454490661621,14.748199701309204,15.0,54.72373962402344,6774.579154000094,False,True,True,0.0,0,0.0,61.94287109375,536.63818359375,True,True,True
4,46,error_only,13.128951787948608,13.120170831680298,13.128951787948608,0.008780956268310547,-0.17839670181274414,-0.3060770034790039,0.6207642555236816,1.3368854522705078,3772,3700,72,3772,7,0,0.001855779427359491,13.38278865814209,14.721067905426025,15.0,68.24755668640137,6927.021468000021,False,True,True,0.0,0,0.0,61.96923828125,536.63818359375,True,True,True
5,46,error_only,12.965902090072632,12.953366041183472,12.965902090072632,0.012536048889160156,-0.16304969787597656,-0.46912670135498047,0.6046255230903625,1.36764395236969,3845,3772,73,3845,7,0,0.0018205461638491547,13.357975006103516,14.693772554397583,15.0,36.12828254699707,6890.161286000875,False,True,True,0.0,0,0.0,62.00341796875,536.63818359375,True,True,True
6,46,error_only,12.901427745819092,12.886916399002075,12.901427745819092,0.014511346817016602,-0.06447434425354004,-0.5336010456085205,0.5987765789031982,1.3397855758666992,3918,3845,73,3918,7,0,0.0017866258295048494,13.334029197692871,14.667431831359863,15.0,42.444467544555664,7216.372506999505,False,True,True,0.0,0,0.0,62.01806640625,536.63818359375,True,True,True
7,46,error_only,12.858326435089111,12.842631340026855,12.858326435089111,0.01569509506225586,-0.04310131072998047,-0.576702356338501,0.594234824180603,1.3465946912765503,3991,3918,73,3991,7,0,0.0017539463793535455,13.31119441986084,14.642314434051514,15.0,37.786245346069336,6939.085301999512,False,True,True,0.0,0,0.0,62.04443359375,536.63818359375,True,True,True
8,46,error_only,12.848162651062012,12.838363647460938,12.848162651062012,0.009799003601074219,-0.01016378402709961,-0.5868661403656006,0.5937689542770386,1.3449037075042725,4062,3991,71,4062,7,0,0.0017232890201870998,13.289588928222656,14.61854887008667,15.0,37.613868713378906,7103.828022000016,False,True,True,0.0,0,0.0,62.0625,536.63818359375,True,True,True
9,46,error_only,12.803192138671875,12.787480354309082,12.803192138671875,0.01571178436279297,-0.04497051239013672,-0.6318366527557373,0.5851612091064453,1.330196738243103,4132,4062,70,4132,7,0,0.0016940948693126815,13.268366813659668,14.595203876495361,15.0,42.36626625061035,7120.193138999639,False,True,True,0.0,0,0.0,62.08740234375,536.63818359375,True,True,True
10,46,error_only,12.721046209335327,12.707973718643188,12.721046209335327,0.013072490692138672,-0.08214592933654785,-0.7139825820922852,0.5734820365905762,1.329634428024292,4206,4132,74,4206,7,0,0.0016642891107941037,13.24693775177002,14.571631908416748,15.0,52.26707458496094,8245.091509999838,False,True,True,0.0,0,0.0,62.1044921875,536.63818359375,True,True,True
11,46,error_only,12.656570672988892,12.636576890945435,12.656570672988892,0.01999378204345703,-0.06447553634643555,-0.7784581184387207,0.5614153742790222,1.3303253650665283,4277,4206,71,4277,7,0,0.0016366612111292963,13.2251558303833,14.54767107963562,15.0,57.98959732055664,10318.72801999998,False,True,True,0.0,0,0.0,62.1318359375,536.63818359375,True,True,True
12,46,error_only,12.54050612449646,12.524014711380005,12.54050612449646,0.016491413116455078,-0.11606454849243164,-0.8945226669311523,0.5450716018676758,1.3418779373168945,4351,4277,74,4351,7,0,0.0016088255573431394,13.203421592712402,14.523765325546265,15.0,50.91118812561035,9810.987787000158,False,True,True,0.0,0,0.0,62.14599609375,536.63818359375,True,True,True
13,46,error_only,12.362937927246094,12.350455522537231,12.362937927246094,0.012482404708862305,-0.1775681972503662,-1.0720908641815186,0.5221807956695557,1.3744534254074097,4420,4351,69,4420,7,0,0.001583710407239819,13.181235313415527,14.499358892440796,15.0,49.81589317321777,11136.659943999803,False,True,True,0.0,0,0.0,62.17919921875,536.63818359375,True,True,True
14,46,error_only,12.23088026046753,12.224377393722534,12.23088026046753,0.006502866744995117,-0.13205766677856445,-1.204148530960083,0.5043387413024902,1.3736311197280884,4493,4420,73,4493,7,0,0.0015579790785666592,13.159404754638672,14.47534465789795,15.0,46.52810096740723,10172.411372999704,False,True,True,0.0,0,0.0,62.20703125,536.63818359375,True,True,True
15,46,error_only,12.104864120483398,12.087992429733276,12.104864120483398,0.01687169075012207,-0.12601613998413086,-1.3301646709442139,0.48602327704429626,1.3793480396270752,4558,4493,65,4558,7,0,0.00153576129881527,13.138065338134766,14.451872825622559,15.0,52.004098892211914,10035.418850000497,False,True,True,0.0,0,0.0,62.22119140625,536.63818359375,True,True,True
16,46,error_only,11.999434232711792,11.983131170272827,11.999434232711792,0.016303062438964844,-0.10542988777160645,-1.4355945587158203,0.47063612937927246,1.3964228630065918,4625,4558,67,4625,7,0,0.0015135135135135136,13.11701774597168,14.42872142791748,15.0,58.66885185241699,10507.853700999476,False,True,True,0.0,0,0.0,62.248046875,536.63818359375,True,True,True
17,46,error_only,11.94919228553772,11.940202713012695,11.94919228553772,0.008989572525024414,-0.050241947174072266,-1.4858365058898926,0.46194368600845337,1.4090666770935059,4692,4625,67,4692,7,0,0.0014919011082693947,13.096689224243164,14.406357765197754,15.0,33.51545333862305,10358.668046000275,False,True,True,0.0,0,0.0,62.26220703125,536.63818359375,True,True,True
18,46,error_only,11.826702356338501,11.814252138137817,11.826702356338501,0.012450218200683594,-0.12248992919921875,-1.6083264350891113,0.44011539220809937,1.4057201147079468,4762,4692,70,4762,7,0,0.0014699706005879883,13.076412200927734,14.384052515029907,15.0,43.08819770812988,10619.017525000345,False,True,True,0.0,0,0.0,62.28857421875,536.63818359375,True,True,True
19,46,error_only,11.752737760543823,11.74919605255127,11.752737760543823,0.003541707992553711,-0.07396459579467773,-1.682291030883789,0.4299156069755554,1.421609878540039,4826,4762,64,4826,7,0,0.0014504765851636966,13.056514739990234,14.362167835235596,15.0,32.61876106262207,8338.22656600023,False,True,True,0.0,0,0.0,62.306640625,536.63818359375,True,True,True
20,46,error_only,11.73291563987732,11.72916293144226,11.73291563987732,0.0037527084350585938,-0.019822120666503906,-1.702113151550293,0.4229907691478729,1.424498438835144,4893,4826,67,4893,7,0,0.001430615164520744,13.037473678588867,14.34122109413147,15.0,46.12326622009277,7618.7371420001,False,True,True,0.0,0,0.0,62.330078125,536.63818359375,True,True,True
21,46,error_only,11.666362285614014,11.659318208694458,11.666362285614014,0.007044076919555664,-0.06655335426330566,-1.7686665058135986,0.4105766713619232,1.4319705963134766,4964,4893,71,4964,7,0,0.0014101531023368251,13.01890754699707,14.320798397064209,15.0,31.87727928161621,7734.155136000481,False,True,True,0.0,0,0.0,62.34814453125,536.63818359375,True,True,True
22,46,error_only,11.646534204483032,11.640669107437134,11.646534204483032,0.0058650970458984375,-0.019828081130981445,-1.78849458694458,0.4085580110549927,1.4348652362823486,5032,4964,68,5032,7,0,0.0013910969793322733,13.001523971557617,14.301675796508789,15.0,39.08395767211914,7925.955059999978,False,True,True,0.0,0,0.0,62.37158203125,536.63818359375,True,True,True
23,46,error_only,11.666640043258667,11.66077971458435,11.666640043258667,0.005860328674316406,0.020105838775634766,-1.7683887481689453,0.41104066371917725,1.4314640760421753,5103,5032,71,5103,7,0,0.0013717421124828531,12.985559463500977,14.284116983413696,15.0,27.25696563720703,7827.573993999977,False,True,True,0.0,0,0.0,62.388671875,536.63818359375,True,True,True
24,46,error_only,11.755905151367188,11.749941110610962,11.755905151367188,0.005964040756225586,0.08926510810852051,-1.6791236400604248,0.4253251552581787,1.4347059726715088,5171,5103,68,5171,7,0,0.0013537033455811255,12.97147274017334,14.26862096786499,15.0,54.99696731567383,8123.220479000338,False,True,True,0.0,0,0.0,62.41650390625,536.63818359375,True,True,True
25,46,error_only,11.857786178588867,11.853691339492798,11.857786178588867,0.004094839096069336,0.10188102722167969,-1.5772426128387451,0.4423578679561615,1.4379076957702637,5236,5171,65,5236,7,0,0.001336898395721925,12.959781646728516,14.25575852394104,15.0,30.724763870239258,7776.916034999886,False,True,True,0.0,0,0.0,62.4306640625,536.63818359375,True,True,True
26,46,error_only,11.882085800170898,11.877429485321045,11.882085800170898,0.004656314849853516,0.02429962158203125,-1.5529429912567139,0.4512639045715332,1.436058521270752,5302,5236,66,5302,7,0,0.0013202565069784986,12.949563026428223,14.24451994895935,15.0,33.782243728637695,8133.453362000182,False,True,True,0.0,0,0.0,62.45703125,536.63818359375,True,True,True
27,46,error_only,11.97905421257019,11.972243785858154,11.97905421257019,0.006810426712036133,0.09696841239929199,-1.4559745788574219,0.46798762679100037,1.454829454421997,5367,5302,65,5367,7,0,0.0013042668157257314,12.94103717803955,14.235140562057495,15.0,33.615827560424805,8069.161864000307,False,True,True,0.0,0,0.0,62.47119140625,536.63818359375,True,True,True
28,46,error_only,12.148635387420654,12.144571542739868,12.148635387420654,0.004063844680786133,0.16958117485046387,-1.286393404006958,0.49247094988822937,1.462035894393921,5438,5367,71,5438,7,0,0.0012872379551305626,12.934822082519531,14.228304624557495,15.0,54.63266372680664,9895.376951999424,False,True,True,0.0,0,0.0,62.49755859375,536.63818359375,True,True,True
29,46,error_only,12.148205041885376,12.14266300201416,12.148205041885376,0.00554203987121582,-0.0004303455352783203,-1.2868237495422363,0.49296045303344727,1.4478615522384644,5511,5438,73,5511,7,0,0.001270186898929414,12.929255485534668,14.22218132019043,15.0,51.76854133605957,12044.24016699977,False,True,True,0.0,0,0.0,62.53173828125,536.63818359375,True,True,True
1,46,ours,13.458311557769775,13.458311557769775,13.458311557769775,0.0,0.023282766342163086,0.023282766342163086,0.653879702091217,1.3533592224121094,3573,3502,71,3573,0,0,0.0,0.0,0.0,15.0,0.0,8546.36444100015,False,False,True,0.0,3573,0.8310399651527405,59.92529296875,536.63818359375,True,True,True
2,46,ours,13.421915769577026,13.421915769577026,13.421915769577026,0.0,-0.03639578819274902,-0.013113021850585938,0.6499135494232178,1.3560621738433838,3642,3573,69,3642,0,0,0.0,0.0,0.0,15.0,0.0,8260.662893999324,False,False,True,0.0,3203,0.7533026337623596,59.947265625,536.63818359375,True,True,True
3,46,ours,13.2928466796875,13.2928466796875,13.2928466796875,0.0,-0.12906908988952637,-0.1421821117401123,0.6368921995162964,1.3608897924423218,3708,3642,66,3708,0,0,0.0,0.0,0.0,15.0,0.0,8324.249892999433,False,False,True,0.0,1740,0.6837858557701111,59.95849609375,536.63818359375,True,True,True
4,46,ours,13.10925006866455,13.10925006866455,13.10925006866455,0.0,-0.18359661102294922,-0.3257787227630615,0.619640588760376,1.3368854522705078,3775,3708,67,3775,0,0,0.0,0.0,0.0,15.0,0.0,7671.429581000666,False,False,True,0.0,927,0.6216099262237549,59.97998046875,536.63818359375,True,True,True
5,46,ours,12.952322959899902,12.943439483642578,12.952322959899902,0.008883476257324219,-0.15692710876464844,-0.48270583152770996,0.6036503314971924,1.36764395236969,3841,3775,66,3841,1,0,0.0002603488674824265,13.604458808898926,14.96490478515625,15.0,23.989200592041016,9105.526766999901,False,True,True,0.0,1270,0.5658388733863831,62.00341796875,536.63818359375,True,True,True
6,46,ours,12.887227535247803,12.873409986495972,12.887227535247803,0.013817548751831055,-0.06509542465209961,-0.5478012561798096,0.5978552103042603,1.3397855758666992,3911,3841,70,3911,1,0,0.00025568908207619537,10.072504043579102,11.079754829406738,15.0,18.42951774597168,9169.964817999244,False,True,True,0.0,1355,0.5161371827125549,62.01806640625,536.63818359375,True,True,True
7,46,ours,12.851438522338867,12.829067707061768,12.851438522338867,0.02237081527709961,-0.03578901290893555,-0.5835902690887451,0.5936678647994995,1.3465946912765503,3982,3911,71,3982,1,0,0.00025113008538422905,8.758796691894531,9.634676933288574,15.0,16.66998863220215,10095.439697000074,False,True,True,0.0,1377,0.4715338945388794,62.04443359375,536.63818359375,True,True,True
8,46,ours,12.84587025642395,12.83172607421875,12.84587025642395,0.014144182205200195,-0.005568265914916992,-0.5891585350036621,0.5934056043624878,1.3449037075042725,4050,3982,68,4050,1,0,0.0002469135802469136,7.351807594299316,8.08698844909668,15.0,19.28257942199707,9986.221529000431,False,True,True,0.0,1291,0.4315583109855652,62.05859375,536.63818359375,True,True,True
9,46,ours,12.8044593334198,12.788330316543579,12.8044593334198,0.016129016876220703,-0.04141092300415039,-0.6305694580078125,0.5850194692611694,1.330196738243103,4115,4050,65,4115,2,0,0.0004860267314702309,13.615022659301758,14.976524353027344,15.0,25.44403076171875,9505.301801999849,False,True,True,0.0,1246,0.39562761783599854,62.08544921875,536.63818359375,True,True,True
10,46,ours,12.722461223602295,12.710002660751343,12.722461223602295,0.012458562850952148,-0.08199810981750488,-0.7125675678253174,0.572940468788147,1.329634428024292,4181,4115,66,4181,2,0,0.00047835446065534564,11.882182121276855,13.070400714874268,15.0,32.54413604736328,9913.108103000013,False,True,True,0.0,1173,0.3634510338306427,62.099609375,536.63818359375,True,True,True
11,46,ours,12.647457122802734,12.637221813201904,12.647457122802734,0.010235309600830078,-0.07500410079956055,-0.7875716686248779,0.5603763461112976,1.3303253650665283,4244,4181,63,4244,2,0,0.000471253534401508,11.558527946472168,12.714381217956543,15.0,24.525165557861328,9872.837609999806,False,True,True,0.0,1100,0.33614227175712585,62.1259765625,536.63818359375,True,True,True
12,46,ours,12.529170513153076,12.513993978500366,12.529170513153076,0.015176534652709961,-0.1182866096496582,-0.9058582782745361,0.5441961288452148,1.3418779373168945,4317,4244,73,4317,2,0,0.000463284688441047,9.489014625549316,10.437916278839111,15.0,40.46010971069336,9758.370528000341,False,True,True,0.0,1043,0.3139818012714386,62.14404296875,536.63818359375,True,True,True
13,46,ours,12.36560583114624,12.340062856674194,12.36560583114624,0.0255429744720459,-0.16356468200683594,-1.069422960281372,0.5220538377761841,1.3744534254074097,4385,4317,68,4385,3,0,0.0006841505131128849,13.51456069946289,14.866018295288086,15.0,40.14301300048828,10143.778014000418,False,True,True,0.0,1048,0.29413434863090515,62.16845703125,536.63818359375,True,True,True
14,46,ours,12.242987155914307,12.228065729141235,12.242987155914307,0.014921426773071289,-0.1226186752319336,-1.1920416355133057,0.5050925612449646,1.3736311197280884,4452,4385,67,4452,1,0,0.00022461814914645105,10.240433692932129,11.264477729797363,15.0,16.646385192871094,9656.261326999811,False,True,True,0.0,1026,0.27596405148506165,62.185546875,536.63818359375,True,True,True
15,46,ours,12.106328010559082,12.096631526947021,12.106328010559082,0.009696483612060547,-0.1366591453552246,-1.3287007808685303,0.48557230830192566,1.3793480396270752,4519,4452,67,4519,2,0,0.0004425757911042266,12.844620704650879,14.129082679748535,15.0,32.26161003112793,9677.804733000812,False,True,True,0.0,1076,0.2595328986644745,62.208984375,536.63818359375,True,True,True
16,46,ours,11.988928318023682,11.979773044586182,11.988928318023682,0.0091552734375,-0.11739969253540039,-1.4461004734039307,0.46915245056152344,1.3964228630065918,4590,4519,71,4590,2,0,0.00043572984749455336,11.474489212036133,12.621938705444336,15.0,28.595447540283203,9903.066483999282,False,True,True,0.0,1083,0.24458260834217072,62.22607421875,536.63818359375,True,True,True
17,46,ours,11.935957670211792,11.928213834762573,11.935957670211792,0.00774383544921875,-0.05297064781188965,-1.4990711212158203,0.4603804349899292,1.4090666770935059,4660,4590,70,4660,2,0,0.00042918454935622315,11.782340049743652,12.960574626922607,15.0,38.95711898803711,9998.372832000314,False,True,True,0.0,1165,0.2310844510793686,62.25390625,536.63818359375,True,True,True
18,46,ours,11.813089847564697,11.80167555809021,11.813089847564697,0.011414289474487305,-0.12286782264709473,-1.621938943862915,0.43838071823120117,1.4057201147079468,4729,4660,69,4729,2,0,0.00042292239374074856,12.19992446899414,13.419917106628418,15.0,39.115190505981445,10424.659664000501,False,True,True,0.0,1228,0.21885527670383453,62.26806640625,536.63818359375,True,True,True
19,46,ours,11.744495630264282,11.734925508499146,11.744495630264282,0.009570121765136719,-0.06859421730041504,-1.69053316116333,0.42877447605133057,1.421609878540039,4802,4729,73,4802,2,0,0.00041649312786339027,12.916303634643555,14.207934856414795,15.0,44.222354888916016,10074.892134000038,False,True,True,0.0,1410,0.2075522094964981,62.30126953125,536.63818359375,True,True,True
20,46,ours,11.73182487487793,11.720672845840454,11.73182487487793,0.011152029037475586,-0.012670755386352539,-1.7032039165496826,0.4223453402519226,1.424498438835144,4874,4802,72,4874,3,0,0.0006155108740254411,13.196545600891113,14.516200065612793,15.0,64.14270401000977,10362.729357999342,False,True,True,0.25,1488,0.197307288646698,62.3291015625,536.63818359375,True,True,True
21,46,ours,11.659730672836304,11.656830310821533,11.659730672836304,0.002900362014770508,-0.07209420204162598,-1.7752981185913086,0.4091431498527527,1.4319705963134766,4939,4874,65,4939,2,0,0.00040494027130998176,12.137365341186523,13.351101875305176,15.0,33.24770927429199,10291.428565999922,False,True,True,0.0,1563,0.18832865357398987,62.34326171875,536.63818359375,True,True,True
22,46,ours,11.640625,11.633957624435425,11.640625,0.006667375564575195,-0.01910567283630371,-1.7944037914276123,0.40714162588119507,1.4348652362823486,5008,4939,69,5008,4,0,0.0007987220447284345,13.6168212890625,14.978503704071045,15.0,75.90246200561523,10205.232283000441,False,True,True,0.0,1667,0.17981022596359253,62.36962890625,536.63818359375,True,True,True
23,46,ours,11.664513349533081,11.655803918838501,11.664513349533081,0.008709430694580078,0.023888349533081055,-1.7705154418945312,0.4094874858856201,1.4314640760421753,5078,5008,70,5078,3,0,0.0005907837731390311,13.099688529968262,14.409657955169678,15.0,45.784711837768555,10393.610694999552,False,True,True,0.4,1731,0.1722826361656189,62.3876953125,536.63818359375,True,True,True
24,46,ours,11.765273809432983,11.753392219543457,11.765273809432983,0.011881589889526367,0.10076045989990234,-1.669754981994629,0.4247097969055176,1.4347059726715088,5150,5078,72,5150,5,0,0.000970873786407767,12.624101638793945,13.886512041091919,15.0,87.9678726196289,10357.185470000331,False,True,True,0.0,1858,0.16493767499923706,62.41162109375,536.63818359375,True,True,True
25,46,ours,11.87953233718872,11.875686645507812,11.87953233718872,0.003845691680908203,0.1142585277557373,-1.5554964542388916,0.44339632987976074,1.4379076957702637,5215,5150,65,5215,4,0,0.0007670182166826462,12.038230895996094,13.242053985595703,15.0,88.90700340270996,9067.692642999646,False,True,True,0.0,1979,0.1591396927833557,62.4287109375,536.63818359375,True,True,True
26,46,ours,11.910034418106079,11.905992031097412,11.910034418106079,0.004042387008666992,0.0305020809173584,-1.5249943733215332,0.45312127470970154,1.436058521270752,5285,5215,70,5285,5,0,0.000946073793755913,12.153826713562012,13.369210481643677,15.0,72.38101959228516,9941.42048499998,False,True,True,0.0,2077,0.15345172584056854,62.453125,536.63818359375,True,True,True
27,46,ours,12.008399963378906,12.003176212310791,12.008399963378906,0.005223751068115234,0.09836554527282715,-1.426628828048706,0.4699673652648926,1.454829454421997,5360,5285,75,5360,3,0,0.0005597014925373135,11.824922561645508,13.007414817810059,15.0,29.073238372802734,8995.04505599998,False,True,True,0.14285714285714285,2125,0.14832276105880737,62.47021484375,536.63818359375,True,True,True
28,46,ours,12.179908752441406,12.17641830444336,12.179908752441406,0.003490447998046875,0.1715087890625,-1.255120038986206,0.49459442496299744,1.462035894393921,5431,5360,71,5431,3,0,0.0005523844595838704,13.425214767456055,14.767736673355103,15.0,38.2542610168457,9278.87912999995,False,True,True,0.2,2192,0.1441335678100586,62.49755859375,536.63818359375,True,True,True
29,46,ours,12.181627750396729,12.172729969024658,12.181627750396729,0.008897781372070312,0.0017189979553222656,-1.2534010410308838,0.49517345428466797,1.4478615522384644,5504,5431,73,5504,5,0,0.0009084302325581395,12.349782943725586,13.584761381149292,15.0,66.95008277893066,9108.15919200013,False,True,True,0.0,2269,0.13996358215808868,62.51171875,536.63818359375,True,True,True
