variant,seed,domain,method,budget_fraction,realized_delta_q,oracle_delta_q,ose,ndcg,overlap,regret,budget_cost,budget_realized_delta_q,budget_ose
A1_standard,42,tum_fr1_desk_val,learned,0.1,0.05306234583258629,0.14877355098724365,0.35666515932314097,0.3838752839049028,0.25,0.09571120515465736,214.76863861083984,0.05075431987643242,0.3411514757032956
A1_standard,42,tum_fr1_desk_val,learned,0.2,0.1867445707321167,0.22372642159461975,0.8347005286817778,0.5320208192991787,0.375,0.03698185086250305,505.5186004638672,0.1838018298149109,0.7158368921643545
A1_standard,42,tum_fr1_desk_val,learned,0.4,0.2695666551589966,0.37412458658218384,0.7205264171926236,0.6245416387862522,0.625,0.10455793142318726,673.7720642089844,0.19631178677082062,0.5247230998447087
A1_standard,42,tum_fr1_desk_val,learned,0.6,0.3261391520500183,0.4049728810787201,0.8053357625526154,0.664056931877727,0.7083333333333334,0.07883372902870178,673.7720642089844,0.19631178677082062,0.48475287271981726
A1_standard,42,tum_fr1_desk_val,learned,0.8,0.4061662256717682,0.44048771262168884,0.9220829657960807,0.6855850333293794,0.84375,0.034321486949920654,673.7720642089844,0.19631178677082062,0.4456690848009735
A1_standard,42,tum_fr1_desk_val,error_only,0.1,0.06857450306415558,0.14877355098724365,0.46093205411703086,0.5437648392698797,0.5,0.08019904792308807,256.9504623413086,0.06857451051473618,0.4609321041970353
A1_standard,42,tum_fr1_desk_val,error_only,0.2,0.09010078012943268,0.22372642159461975,0.40272747161448696,0.5804943631866961,0.5,0.13362564146518707,515.6719818115234,0.09010078012943268,0.3509076187891388
A1_standard,42,tum_fr1_desk_val,error_only,0.4,0.15207260847091675,0.37412458658218384,0.40647583682061117,0.6156377613489047,0.5,0.2220519781112671,1065.4119758605957,0.15207260847091675,0.4064759015793893
A1_standard,42,tum_fr1_desk_val,error_only,0.6,0.2432376742362976,0.4049728810787201,0.6006270533032202,0.681100949383126,0.7083333333333334,0.16173520684242249,1590.2780227661133,0.25232094526290894,0.6230563384681865
A1_standard,42,tum_fr1_desk_val,error_only,0.8,0.30563119053840637,0.44048771262168884,0.6938472398716469,0.7020569025984296,0.78125,0.13485652208328247,2113.029956817627,0.31013938784599304,0.7040817029668162
A1_standard,42,tum_fr1_desk_val,heuristic,0.1,0.005611671134829521,0.14877355098724365,0.03771954571491829,0.1064469057048335,0.0,0.14316187985241413,261.2393493652344,0.005611671134829521,0.03771954571491829
A1_standard,42,tum_fr1_desk_val,heuristic,0.2,0.07920163124799728,0.22372642159461975,0.35401106021977047,0.21468645409951836,0.125,0.14452479034662247,501.0509796142578,0.07920163124799728,0.30845965801323155
A1_standard,42,tum_fr1_desk_val,heuristic,0.4,0.3357294201850891,0.37412458658218384,0.8973732902143993,0.4798170475337186,0.5,0.03839516639709473,1038.1252822875977,0.3469972312450409,0.9274912414148159
A1_standard,42,tum_fr1_desk_val,heuristic,0.6,0.38808923959732056,0.4049728810787201,0.9583091810505469,0.5190286223306101,0.7083333333333334,0.016883641481399536,1593.5699768066406,0.38411521911621094,0.9484960581575321
A1_standard,42,tum_fr1_desk_val,heuristic,0.8,0.39814072847366333,0.44048771262168884,0.9038633951112525,0.5897713631406085,0.78125,0.04234698414802551,2103.2923126220703,0.3977099359035492,0.9028852829774877
A1_standard,42,tum_fr1_desk_val,random,0.1,0.06065090745687485,0.14877355098724365,0.40767262041993646,0.33996163084163195,0.25,0.0881226435303688,266.27310943603516,0.02407767064869404,0.1618410589147526
A1_standard,42,tum_fr1_desk_val,random,0.2,0.07797348499298096,0.22372642159461975,0.34852156018053654,0.3708956596023649,0.25,0.1457529366016388,501.1737060546875,0.07297791540622711,0.2842206968974843
A1_standard,42,tum_fr1_desk_val,random,0.4,0.12869754433631897,0.37412458658218384,0.34399648008186495,0.41383764072107665,0.3125,0.24542704224586487,1053.9393615722656,0.12869754433631897,0.34399653488657833
A1_standard,42,tum_fr1_desk_val,random,0.6,0.13060513138771057,0.4049728810787201,0.3225033928562963,0.478221728948749,0.5416666666666666,0.2743677496910095,1595.1661529541016,0.15076375007629395,0.37228106449265425
A1_standard,42,tum_fr1_desk_val,random,0.8,0.33425745368003845,0.44048771262168884,0.7588348925836331,0.5683479362940784,0.75,0.10623025894165039,2114.5233726501465,0.2870420813560486,0.6516459546398025
A1_standard,42,tum_fr1_desk_val,oracle,0.1,0.14877355098724365,0.14877355098724365,0.9999999327837559,0.998689441429152,1.0,0.0,242.072265625,0.14877355098724365,0.9999999327837559
A1_standard,42,tum_fr1_desk_val,oracle,0.2,0.22372642159461975,0.22372642159461975,0.9999999553025545,0.9989296875535879,1.0,0.0,524.999454498291,0.2567649483680725,0.9999999610538757
A1_standard,42,tum_fr1_desk_val,oracle,0.4,0.37412458658218384,0.37412458658218384,0.9999999732709368,0.9991018014659692,1.0,0.0,1069.6543579101562,0.37412452697753906,0.9999999732709325
A1_standard,42,tum_fr1_desk_val,oracle,0.6,0.4049728810787201,0.4049728810787201,0.9999999753069891,0.9991690715656091,1.0,0.0,1583.0228843688965,0.4049729108810425,0.9999999753069909
A1_standard,42,tum_fr1_desk_val,oracle,0.8,0.44048771262168884,0.44048771262168884,0.9999999772978917,0.9992107276072697,1.0,0.0,2093.064628601074,0.4404877722263336,0.9999999772978947
A1_standard,42,tum_fr2_xyz,learned,0.1,0.0747782289981842,0.09468899667263031,0.7897245057888935,0.684069561018027,0.5,0.019910767674446106,244.14097595214844,0.03637169674038887,0.3841173876101553
A1_standard,42,tum_fr2_xyz,learned,0.2,0.09795888513326645,0.14344912767410278,0.6828823562245171,0.6684974309559377,0.5,0.045490242540836334,505.7628746032715,0.10632144659757614,0.6715851204002882
A1_standard,42,tum_fr2_xyz,learned,0.4,0.17530424892902374,0.23647519946098328,0.741321888787449,0.7920335621524136,0.625,0.061170950531959534,593.8740882873535,0.1277541071176529,0.5222662329011405
A1_standard,42,tum_fr2_xyz,learned,0.6,0.2073705792427063,0.23266978561878204,0.8912655752810852,0.8324207864186244,0.75,0.025299206376075745,593.8740882873535,0.1277541071176529,0.5272994317431611
A1_standard,42,tum_fr2_xyz,learned,0.8,0.18181881308555603,0.2437291443347931,0.745987133060843,0.8475569905680541,0.78125,0.06191033124923706,593.8740882873535,0.1277541071176529,0.5189995619451464
A1_standard,42,tum_fr2_xyz,error_only,0.1,0.022101812064647675,0.09468899667263031,0.23341476314204662,0.4994131467375853,0.0,0.07258718460798264,253.43963241577148,0.032821349799633026,0.3466225739442735
A1_standard,42,tum_fr2_xyz,error_only,0.2,0.013497275300323963,0.14344912767410278,0.09409101734015275,0.5711001802017363,0.25,0.12995185237377882,480.0172119140625,0.02185984142124653,0.13807886087541005
A1_standard,42,tum_fr2_xyz,error_only,0.4,0.04569162800908089,0.23647519946098328,0.19321952653400518,0.6338610449163425,0.4375,0.1907835714519024,1002.3053932189941,0.045691631734371185,0.1867900525424193
A1_standard,42,tum_fr2_xyz,error_only,0.6,0.12030698359012604,0.23266978561878204,0.5170717723380094,0.7213777055817587,0.7916666666666666,0.112362802028656,1518.325584411621,0.14539283514022827,0.6001025022104822
A1_standard,42,tum_fr2_xyz,error_only,0.8,0.19761008024215698,0.2437291443347931,0.8107773597356118,0.8133988989623127,0.84375,0.04611906409263611,2037.7282829284668,0.22829017043113708,0.9274261401320633
A1_standard,42,tum_fr2_xyz,heuristic,0.1,-0.013056713156402111,0.09468899667263031,-0.13789048607874066,0.4293510688057022,0.0,0.10774570982903242,247.5664291381836,-0.0013752956874668598,-0.014524342662151942
A1_standard,42,tum_fr2_xyz,heuristic,0.2,0.006205469369888306,0.14344912767410278,0.04325902177248567,0.5211627840012566,0.125,0.13724365830421448,483.7666473388672,0.013152655214071274,0.0830794521537944
A1_standard,42,tum_fr2_xyz,heuristic,0.4,0.09066615253686905,0.23647519946098328,0.3834065851703086,0.6480782423757502,0.5625,0.14580904692411423,981.9263038635254,0.10484453290700912,0.4286105588072879
A1_standard,42,tum_fr2_xyz,heuristic,0.6,0.12283164262771606,0.23266978561878204,0.5279225964893597,0.6994000684442521,0.75,0.10983814299106598,1513.3759231567383,0.10432889312505722,0.4306128961362691
A1_standard,42,tum_fr2_xyz,heuristic,0.8,0.15776990354061127,0.2437291443347931,0.6473165016766692,0.7837634844069536,0.84375,0.08595924079418182,2025.539234161377,0.18844999372959137,0.7655758895027249
A1_standard,42,tum_fr2_xyz,random,0.1,0.029036005958914757,0.09468899667263031,0.3066460086470372,0.6709944369914312,0.25,0.06565299071371555,238.64532852172852,0.029036005958914757,0.3066459845186753
A1_standard,42,tum_fr2_xyz,random,0.2,0.005260948091745377,0.14344912767410278,0.0366746581892848,0.6308344263501502,0.25,0.1381881795823574,490.67428970336914,7.88824399933219e-05,0.0004982651633860606
A1_standard,42,tum_fr2_xyz,random,0.4,0.10175710916519165,0.23647519946098328,0.4303077239983621,0.7226708619804041,0.4375,0.13471809029579163,986.7052268981934,0.08689206093549728,0.35521980746971904
A1_standard,42,tum_fr2_xyz,random,0.6,0.10297159105539322,0.23266978561878204,0.44256535654549284,0.776653179420636,0.5416666666666666,0.12969819456338882,1528.574951171875,0.10297159850597382,0.42501072257411804
A1_standard,42,tum_fr2_xyz,random,0.8,0.15030041337013245,0.2437291443347931,0.6166698185136918,0.8252794601805842,0.78125,0.09342873096466064,2033.7995834350586,0.1501648724079132,0.6100430331173811
A1_standard,42,tum_fr2_xyz,oracle,0.1,0.09468899667263031,0.09468899667263031,0.9999998943911195,0.9980827636077293,1.0,0.0,236.42148208618164,0.09468900412321091,0.9999998943911278
A1_standard,42,tum_fr2_xyz,oracle,0.2,0.14344912767410278,0.14344912767410278,0.9999999302888803,0.9985349673611575,1.0,0.0,504.7238426208496,0.15831416845321655,0.9999999368344636
A1_standard,42,tum_fr2_xyz,oracle,0.4,0.23647519946098328,0.23647519946098328,0.9999999577122692,0.9988811290201598,1.0,0.0,1000.6325302124023,0.24461489915847778,0.9999999591194174
A1_standard,42,tum_fr2_xyz,oracle,0.6,0.23266978561878204,0.23266978561878204,0.9999999570206354,0.9990371236897769,1.0,0.0,1507.3785591125488,0.2422799915075302,0.9999999587254419
A1_standard,42,tum_fr2_xyz,oracle,0.8,0.2437291443347931,0.2437291443347931,0.9999999589708501,0.9991339557378773,1.0,0.0,1687.3036079406738,0.2461545467376709,0.9999999593751173
A1_standard,43,tum_fr1_desk_val,learned,0.1,0.10980022698640823,0.22852715849876404,0.48046903004008507,0.6608171581395555,0.5,0.1187269315123558,221.33382415771484,0.10980023443698883,0.4804690313136059
A1_standard,43,tum_fr1_desk_val,learned,0.2,0.25844627618789673,0.3096950054168701,0.8345186823236752,0.761308313686668,0.625,0.05124872922897339,480.85265350341797,0.25844627618789673,0.8793908309217808
A1_standard,43,tum_fr1_desk_val,learned,0.4,0.30881041288375854,0.436788409948349,0.7070022893928276,0.7865471340893698,0.625,0.12797799706459045,999.837215423584,0.3173283040523529,0.6666421726937166
A1_standard,43,tum_fr1_desk_val,learned,0.6,0.4381253719329834,0.4868185222148895,0.8999767735620793,0.8007931183068256,0.75,0.04869315028190613,1502.5255851745605,0.44768399000167847,0.9125786348877541
A1_standard,43,tum_fr1_desk_val,learned,0.8,0.5197800993919373,0.5047381520271301,1.0298014663769341,0.8260563779466973,0.84375,-0.015041947364807129,1907.065071105957,0.4924549460411072,0.9812892617495739
A1_standard,43,tum_fr1_desk_val,error_only,0.1,0.04090098291635513,0.22852715849876404,0.17897645686961872,0.484921514679981,0.25,0.1876261755824089,250.1497039794922,0.06103501468896866,0.26707988861945003
A1_standard,43,tum_fr1_desk_val,error_only,0.2,0.1520766019821167,0.3096950054168701,0.491052791977977,0.5919248399165965,0.375,0.15761840343475342,498.0586280822754,0.09350328147411346,0.3181548196486822
A1_standard,43,tum_fr1_desk_val,error_only,0.4,0.20650187134742737,0.436788409948349,0.4727732282184738,0.5992483204231999,0.5,0.23028653860092163,996.623893737793,0.20650188624858856,0.4338184282842861
A1_standard,43,tum_fr1_desk_val,error_only,0.6,0.2458968162536621,0.4868185222148895,0.5051098098811064,0.630558943862973,0.5833333333333334,0.24092170596122742,1502.3970565795898,0.22637872397899628,0.46146029679464207
A1_standard,43,tum_fr1_desk_val,error_only,0.8,0.40637311339378357,0.5047381520271301,0.8051166802242716,0.7268805303346945,0.78125,0.09836503863334656,1983.1105346679688,0.4080101549625397,0.8130205351132747
A1_standard,43,tum_fr1_desk_val,heuristic,0.1,0.01342027261853218,0.22852715849876404,0.058725064099346955,0.03694209229533601,0.0,0.21510688588023186,231.04678344726562,0.013741357252001762,0.06013007751447331
A1_standard,43,tum_fr1_desk_val,heuristic,0.2,-0.0032330891117453575,0.3096950054168701,-0.010439590406043198,0.047167574634645125,0.0,0.3129280945286155,498.2395439147949,0.029743660241365433,0.1012059545996059
A1_standard,43,tum_fr1_desk_val,heuristic,0.4,0.2862383723258972,0.436788409948349,0.6553250023426569,0.41382910131369327,0.5625,0.15055003762245178,1001.6101417541504,0.25709909200668335,0.5401128582108473
A1_standard,43,tum_fr1_desk_val,heuristic,0.6,0.36508870124816895,0.4868185222148895,0.7499482396183984,0.4415794280094796,0.625,0.12172982096672058,1487.2857513427734,0.3408558666706085,0.6948155137256082
A1_standard,43,tum_fr1_desk_val,heuristic,0.8,0.38429224491119385,0.5047381520271301,0.7613695056617054,0.46893186200653497,0.78125,0.12044590711593628,1988.8629722595215,0.38868448138237,0.774511274291037
A1_standard,43,tum_fr1_desk_val,random,0.1,0.0270066075026989,0.22852715849876404,0.11817679132030624,0.017664778298541076,0.0,0.20152055099606514,237.76422500610352,0.0270066075026989,0.11817678361456467
A1_standard,43,tum_fr1_desk_val,random,0.2,0.07173438370227814,0.3096950054168701,0.2316291193957994,0.05400191808150641,0.125,0.23796062171459198,487.1591567993164,0.07173438370227814,0.2440838390867186
A1_standard,43,tum_fr1_desk_val,random,0.4,0.16360391676425934,0.436788409948349,0.37456102152068455,0.11171784150200213,0.3125,0.27318449318408966,1000.7648735046387,0.19274315237998962,0.40491412910092617
A1_standard,43,tum_fr1_desk_val,random,0.6,0.25725287199020386,0.4868185222148895,0.5284368917094724,0.22686215378559965,0.5833333333333334,0.22956565022468567,1472.1691284179688,0.2620715796947479,0.5342181757266183
A1_standard,43,tum_fr1_desk_val,random,0.8,0.4047609269618988,0.5047381520271301,0.8019225757297553,0.3272525172545134,0.8125,0.09997722506523132,1977.9198150634766,0.4047608971595764,0.8065459087208784
A1_standard,43,tum_fr1_desk_val,oracle,0.1,0.22852715849876404,0.22852715849876404,0.9999999562415267,0.9989876790748009,1.0,0.0,241.42314910888672,0.22852717339992523,0.9999999562415296
A1_standard,43,tum_fr1_desk_val,oracle,0.2,0.3096950054168701,0.3096950054168701,0.9999999677101681,0.9990987107092182,1.0,0.0,500.73659896850586,0.29389238357543945,0.9999999659739408
A1_standard,43,tum_fr1_desk_val,oracle,0.4,0.436788409948349,0.436788409948349,0.9999999771056202,0.9991453360471639,1.0,0.0,1000.5396575927734,0.47600993514060974,0.9999999789920355
A1_standard,43,tum_fr1_desk_val,oracle,0.6,0.4868185222148895,0.4868185222148895,0.9999999794584649,0.9991630196554939,1.0,0.0,1485.1301231384277,0.4905703067779541,0.9999999796155624
A1_standard,43,tum_fr1_desk_val,oracle,0.8,0.5047381520271301,0.5047381520271301,0.9999999801877473,0.9991724037406181,1.0,0.0,1996.478115081787,0.5018448233604431,0.999999980073522
A1_standard,43,tum_fr2_xyz,learned,0.1,0.04288620129227638,0.08183559775352478,0.5240530677238016,0.5655172468465169,0.25,0.0389493964612484,216.4347381591797,0.029006239026784897,0.4313190551646393
A1_standard,43,tum_fr2_xyz,learned,0.2,0.09905721247196198,0.19038072228431702,0.5203111222622501,0.547951634864068,0.25,0.09132350981235504,441.5817413330078,0.09612373262643814,0.5049026310230057
A1_standard,43,tum_fr2_xyz,learned,0.4,0.1743624210357666,0.337510347366333,0.5166135415705599,0.6112148609619906,0.5,0.1631479263305664,919.6190223693848,0.16242070496082306,0.484292975498856
A1_standard,43,tum_fr2_xyz,learned,0.6,0.3364129066467285,0.3901675343513489,0.8622267831272662,0.6929512030852145,0.6666666666666666,0.05375462770462036,1376.448818206787,0.326998770236969,0.8036132840594999
A1_standard,43,tum_fr2_xyz,learned,0.8,0.427410364151001,0.47540831565856934,0.8990384498608051,0.7553083981962566,0.8125,0.04799795150756836,1406.6363162994385,0.3364129066467285,0.707629307927479
A1_standard,43,tum_fr2_xyz,error_only,0.1,0.03409142047166824,0.08183559775352478,0.4165841912526137,0.3763191370121842,0.25,0.04774417728185654,200.10940170288086,0.04986123740673065,0.7414302070582712
A1_standard,43,tum_fr2_xyz,error_only,0.2,0.08881880342960358,0.19038072228431702,0.46653252334884626,0.5064427650159528,0.5,0.10156191885471344,452.94952392578125,0.09655361622571945,0.5071606515386496
A1_standard,43,tum_fr2_xyz,error_only,0.4,0.15977883338928223,0.337510347366333,0.47340423753531996,0.5440057193468524,0.5625,0.17773151397705078,887.1916217803955,0.18113470077514648,0.5400928608557007
A1_standard,43,tum_fr2_xyz,error_only,0.6,0.21463671326637268,0.3901675343513489,0.5501142172735174,0.6214416476371646,0.625,0.1755308210849762,1365.5655040740967,0.25485071539878845,0.6263063931345006
A1_standard,43,tum_fr2_xyz,error_only,0.8,0.3528457283973694,0.47540831565856934,0.742195097043331,0.7009538298912329,0.8125,0.12256258726119995,1805.6156635284424,0.3182472884654999,0.6694187530775239
A1_standard,43,tum_fr2_xyz,heuristic,0.1,0.036194175481796265,0.08183559775352478,0.44227905767874415,0.27359273170552434,0.25,0.045641422271728516,221.47885704040527,0.047841161489486694,0.7113919371818515
A1_standard,43,tum_fr2_xyz,heuristic,0.2,0.0853966772556305,0.19038072228431702,0.4485573525796613,0.4194302379104061,0.375,0.10498404502868652,423.35387229919434,0.11615926027297974,0.6101418924027775
A1_standard,43,tum_fr2_xyz,heuristic,0.4,0.16411197185516357,0.337510347366333,0.4862427723278335,0.4860071939112644,0.4375,0.17339837551116943,913.4941005706787,0.21766045689582825,0.6490024184043967
A1_standard,43,tum_fr2_xyz,heuristic,0.6,0.3274446129798889,0.3901675343513489,0.8392410330394435,0.5644953427875313,0.7916666666666666,0.06272292137145996,1365.0976276397705,0.353604257106781,0.8689973913512721
A1_standard,43,tum_fr2_xyz,heuristic,0.8,0.4423264265060425,0.47540831565856934,0.9304137151853631,0.6459696980787839,0.84375,0.033081889152526855,1782.6747188568115,0.44928836822509766,0.9450577275290277
A1_standard,43,tum_fr2_xyz,random,0.1,0.06223848834633827,0.08183559775352478,0.7605306547461618,0.1375276240808972,0.0,0.019597109407186508,213.3282928466797,0.06223848834633827,0.9254783415260832
A1_standard,43,tum_fr2_xyz,random,0.2,0.1587083637714386,0.19038072228431702,0.8336366914190744,0.2631090133950658,0.125,0.03167235851287842,451.0328674316406,0.18534241616725922,0.9735355775944096
A1_standard,43,tum_fr2_xyz,random,0.4,0.20868593454360962,0.337510347366333,0.6183097199506158,0.30874697369197074,0.375,0.1288244128227234,914.1676597595215,0.2232714593410492,0.6657328535443184
A1_standard,43,tum_fr2_xyz,random,0.6,0.3051438331604004,0.3901675343513489,0.7820841009923061,0.40864940497574215,0.5416666666666666,0.08502370119094849,1374.3028888702393,0.301021009683609,0.7397718406936166
A1_standard,43,tum_fr2_xyz,random,0.8,0.3725789189338684,0.47540831565856934,0.7837029745277297,0.47384127867899545,0.78125,0.10282939672470093,1831.7283306121826,0.37761276960372925,0.7942913530956349
A1_standard,43,tum_fr2_xyz,oracle,0.1,0.08183559775352478,0.08183559775352478,0.9999998778038036,0.9975219887371041,1.0,0.0,218.61223602294922,0.06725006550550461,0.9999998513012823
A1_standard,43,tum_fr2_xyz,oracle,0.2,0.19038072228431702,0.19038072228431702,0.9999999474736762,0.9980669574760284,1.0,0.0,443.16879653930664,0.19038072228431702,0.9999999474736762
A1_standard,43,tum_fr2_xyz,oracle,0.4,0.337510347366333,0.337510347366333,0.9999999703712796,0.9983871040924545,1.0,0.0,920.6076011657715,0.33537694811820984,0.9999999701828055
A1_standard,43,tum_fr2_xyz,oracle,0.6,0.3901675343513489,0.3901675343513489,0.999999974369985,0.9985133741274979,1.0,0.0,1359.8126811981201,0.40691059827804565,0.9999999754245779
A1_standard,43,tum_fr2_xyz,oracle,0.8,0.47540831565856934,0.47540831565856934,0.9999999789654505,0.99859534858969,1.0,0.0,1725.4245891571045,0.4754083752632141,0.999999978965453
A1_standard,44,tum_fr1_desk_val,learned,0.1,0.14109469950199127,0.17743204534053802,0.7952041091514949,0.8147149091414477,0.75,0.03633734583854675,237.75885391235352,0.17743204534053802,0.9999999436403981
A1_standard,44,tum_fr1_desk_val,learned,0.2,0.14475798606872559,0.22170570492744446,0.6529285278735335,0.7914043633755383,0.5,0.07694771885871887,484.43488693237305,0.1661989986896515,0.7506430157463457
A1_standard,44,tum_fr1_desk_val,learned,0.4,0.2404797226190567,0.36898475885391235,0.6517334668474267,0.8069708755709671,0.5625,0.12850503623485565,977.5305633544922,0.24567054212093353,0.6790598161337108
A1_standard,44,tum_fr1_desk_val,learned,0.6,0.3367002010345459,0.5344743728637695,0.6299650868774497,0.8424523634048471,0.6666666666666666,0.19777417182922363,1459.3594093322754,0.3367002010345459,0.6085693786568728
A1_standard,44,tum_fr1_desk_val,learned,0.8,0.398575097322464,0.5601627826690674,0.7115344013181073,0.8558616594855615,0.78125,0.1615876853466034,1518.119686126709,0.40455102920532227,0.719275442695962
A1_standard,44,tum_fr1_desk_val,error_only,0.1,0.08590444922447205,0.17743204534053802,0.4841540558136419,0.5337010514083645,0.5,0.09152759611606598,234.4746437072754,0.037859637290239334,0.21337540850539602
A1_standard,44,tum_fr1_desk_val,error_only,0.2,0.13340425491333008,0.22170570492744446,0.6017177092479914,0.5590649925684171,0.375,0.08830145001411438,464.7136116027832,0.13310737907886505,0.6011836728115779
A1_standard,44,tum_fr1_desk_val,error_only,0.4,0.27439066767692566,0.36898475885391235,0.7436368404289387,0.7029510887048185,0.625,0.0945940911769867,961.8832321166992,0.26656827330589294,0.7368233940277372
A1_standard,44,tum_fr1_desk_val,error_only,0.6,0.37992942333221436,0.5344743728637695,0.710846834784696,0.7363729028191399,0.6666666666666666,0.15454494953155518,1456.1837348937988,0.3038138747215271,0.5491289295299429
A1_standard,44,tum_fr1_desk_val,error_only,0.8,0.421366810798645,0.5601627826690674,0.7522220617169405,0.7698489327729662,0.78125,0.13879597187042236,1934.4979515075684,0.4132809042930603,0.7347968091370454
A1_standard,44,tum_fr1_desk_val,heuristic,0.1,0.022396177053451538,0.17743204534053802,0.12622396223989785,0.2174883344925875,0.0,0.1550358682870865,238.9962501525879,0.05823275074362755,0.3281974648372518
A1_standard,44,tum_fr1_desk_val,heuristic,0.2,0.07657825201749802,0.22170570492744446,0.34540495287890555,0.2763851629754417,0.0,0.14512745290994644,486.4480381011963,0.0763123631477356,0.3446671933259568
A1_standard,44,tum_fr1_desk_val,heuristic,0.4,0.20252352952957153,0.36898475885391235,0.5488669089475458,0.477503259601908,0.5,0.16646122932434082,951.8800430297852,0.1262509822845459,0.3489713014702503
A1_standard,44,tum_fr1_desk_val,heuristic,0.6,0.46325528621673584,0.5344743728637695,0.866749279422085,0.614017599579938,0.6666666666666666,0.07121908664703369,1460.6364631652832,0.4010722041130066,0.7249186703887709
A1_standard,44,tum_fr1_desk_val,heuristic,0.8,0.42386022210121155,0.5601627826690674,0.7566732879233187,0.6464564203617963,0.8125,0.13630256056785583,1941.3107604980469,0.4229138493537903,0.7519237976324964
A1_standard,44,tum_fr1_desk_val,random,0.1,0.06177517771720886,0.17743204534053802,0.34816244222976683,0.3007085393527344,0.25,0.11565686762332916,231.9868507385254,0.10099664330482483,0.5692130608022667
A1_standard,44,tum_fr1_desk_val,random,0.2,0.07233557105064392,0.22170570492744446,0.3262684097896011,0.33798271290137205,0.125,0.14937013387680054,474.86019134521484,0.11155703663825989,0.5038508719672755
A1_standard,44,tum_fr1_desk_val,random,0.4,0.19325560331344604,0.36898475885391235,0.5237495409734904,0.4902664894978106,0.3125,0.1757291555404663,962.0924854278564,0.23769983649253845,0.6570279280133617
A1_standard,44,tum_fr1_desk_val,random,0.6,0.28393375873565674,0.5344743728637695,0.5312392283692063,0.543444195364875,0.4583333333333333,0.2505406141281128,1447.6360569000244,0.2940056025981903,0.5314009505936185
A1_standard,44,tum_fr1_desk_val,random,0.8,0.4314954876899719,0.5601627826690674,0.7703037283750663,0.5900634177584175,0.78125,0.12866729497909546,1923.9871807098389,0.452856183052063,0.8051600614691772
A1_standard,44,tum_fr1_desk_val,oracle,0.1,0.17743204534053802,0.17743204534053802,0.9999999436403981,0.9990124396284144,1.0,0.0,237.75885391235352,0.17743204534053802,0.9999999436403981
A1_standard,44,tum_fr1_desk_val,oracle,0.2,0.22170570492744446,0.22170570492744446,0.9999999548951636,0.9991755450781039,1.0,0.0,487.88024520874023,0.22140882909297943,0.9999999548346848
A1_standard,44,tum_fr1_desk_val,oracle,0.4,0.36898475885391235,0.36898475885391235,0.9999999728986103,0.9993046372221637,1.0,0.0,970.6125869750977,0.36178040504455566,0.9999999723589239
A1_standard,44,tum_fr1_desk_val,oracle,0.6,0.5344743728637695,0.5344743728637695,0.9999999812900293,0.9993706055906652,1.0,0.0,1446.6301174163818,0.5532650947570801,0.9999999819254821
A1_standard,44,tum_fr1_desk_val,oracle,0.8,0.5601627826690674,0.5601627826690674,0.9999999821480466,0.999415532311414,1.0,0.0,1949.3297863006592,0.562442421913147,0.9999999822204025
A1_standard,44,tum_fr2_xyz,learned,0.1,0.0445224829018116,0.10548802465200424,0.4220619243565146,0.6978921549314896,0.5,0.06096554175019264,203.80126571655273,0.06395947188138962,0.6783231944631358
A1_standard,44,tum_fr2_xyz,learned,0.2,0.09262783825397491,0.19699403643608093,0.4702062825235181,0.7505686417342127,0.5,0.10436619818210602,411.3627815246582,0.07805328071117401,0.396221521021957
A1_standard,44,tum_fr2_xyz,learned,0.4,0.16799426078796387,0.302217960357666,0.5558711832693061,0.7156088071590471,0.5625,0.13422369956970215,856.4521865844727,0.15702034533023834,0.5195599227418853
A1_standard,44,tum_fr2_xyz,learned,0.6,0.26474088430404663,0.3939777612686157,0.6719690896559369,0.7521464488424624,0.6666666666666666,0.1292368769645691,1070.181692123413,0.18079158663749695,0.4588877845959296
A1_standard,44,tum_fr2_xyz,learned,0.8,0.37212857604026794,0.4344448447227478,0.8565611308200471,0.8029673213353762,0.78125,0.06231626868247986,1070.181692123413,0.18079158663749695,0.4161439240726508
A1_standard,44,tum_fr2_xyz,error_only,0.1,0.019471945241093636,0.10548802465200424,0.18458913662890652,0.241150714168025,0.0,0.0860160794109106,205.15362739562988,0.04362928867340088,0.4627111136873978
A1_standard,44,tum_fr2_xyz,error_only,0.2,0.07043065875768661,0.19699403643608093,0.3575268391704386,0.4108262113773907,0.375,0.12656337767839432,431.9412021636963,0.07926706969738007,0.40238307264326395
A1_standard,44,tum_fr2_xyz,error_only,0.4,0.1431400030851364,0.302217960357666,0.4736316735756463,0.5384689426465595,0.5625,0.1590779572725296,865.1436824798584,0.14313998818397522,0.47363162426963984
A1_standard,44,tum_fr2_xyz,error_only,0.6,0.2025032639503479,0.3939777612686157,0.5139966737165999,0.5623976333701154,0.5833333333333334,0.19147449731826782,1292.1442909240723,0.2025032937526703,0.5139967493612798
A1_standard,44,tum_fr2_xyz,error_only,0.8,0.31667450070381165,0.4344448447227478,0.7289175996937647,0.644067545962136,0.78125,0.11777034401893616,1717.9099655151367,0.31667450070381165,0.7289175996937647
A1_standard,44,tum_fr2_xyz,heuristic,0.1,0.015626659616827965,0.10548802465200424,0.14813679739487937,0.3067448055079983,0.0,0.08986136503517628,216.5330352783203,0.0385054275393486,0.4083699230834279
A1_standard,44,tum_fr2_xyz,heuristic,0.2,0.04556719958782196,0.19699403643608093,0.2313125721929228,0.4252167137004941,0.25,0.15142683684825897,429.1535453796387,0.07923812419176102,0.4022361367020885
A1_standard,44,tum_fr2_xyz,heuristic,0.4,0.15289218723773956,0.302217960357666,0.505900383940757,0.5118888661778664,0.5,0.14932577311992645,853.2659721374512,0.1576230376958847,0.521554153478506
A1_standard,44,tum_fr2_xyz,heuristic,0.6,0.24387945234775543,0.3939777612686157,0.6190183054299208,0.647521056464416,0.7083333333333334,0.1500983089208603,1297.276222229004,0.2818624973297119,0.7154274121154335
A1_standard,44,tum_fr2_xyz,heuristic,0.8,0.3132847547531128,0.4344448447227478,0.7211151227767297,0.6711607448469431,0.8125,0.12116008996963501,1730.908275604248,0.3325851261615753,0.7655404881565996
A1_standard,44,tum_fr2_xyz,random,0.1,0.026382802054286003,0.10548802465200424,0.25010231863092863,0.18236285276663844,0.0,0.07910522259771824,213.6327247619629,0.026382803916931152,0.27980324579625737
A1_standard,44,tum_fr2_xyz,random,0.2,0.051307301968336105,0.19699403643608093,0.26045102832579203,0.21900632934107128,0.0,0.14568673446774483,419.5623970031738,0.0570000596344471,0.2893491486959329
A1_standard,44,tum_fr2_xyz,random,0.4,0.11350960284471512,0.302217960357666,0.3755885287376521,0.33434381011105424,0.25,0.1887083575129509,855.2492027282715,0.152957022190094,0.5061149143747934
A1_standard,44,tum_fr2_xyz,random,0.6,0.2524595856666565,0.3939777612686157,0.6407965222345716,0.4760095435077439,0.5833333333333334,0.14151817560195923,1287.362995147705,0.24615702033042908,0.6247992609780976
A1_standard,44,tum_fr2_xyz,random,0.8,0.3784908950328827,0.4344448447227478,0.871205841013876,0.5922159634996076,0.8125,0.05595394968986511,1724.4321899414062,0.34224674105644226,0.7877794784216189
A1_standard,44,tum_fr2_xyz,oracle,0.1,0.10548802465200424,0.10548802465200424,0.9999999052025187,0.99475932829269,1.0,0.0,216.65438079833984,0.09429054707288742,0.9999998939448413
A1_standard,44,tum_fr2_xyz,oracle,0.2,0.19699403643608093,0.19699403643608093,0.9999999492370446,0.9961841987002218,1.0,0.0,407.649715423584,0.19699403643608093,0.9999999492370446
A1_standard,44,tum_fr2_xyz,oracle,0.4,0.302217960357666,0.302217960357666,0.9999999669112992,0.9970304083896098,1.0,0.0,854.1676864624023,0.302217960357666,0.9999999669112992
A1_standard,44,tum_fr2_xyz,oracle,0.6,0.3939777612686157,0.3939777612686157,0.9999999746178574,0.9973328320975512,1.0,0.0,1293.301441192627,0.3939777612686157,0.9999999746178574
A1_standard,44,tum_fr2_xyz,oracle,0.8,0.4344448447227478,0.4344448447227478,0.999999976982119,0.9974777704738589,1.0,0.0,1691.9050159454346,0.4344448447227478,0.999999976982119
A1_standard,45,tum_fr1_desk_val,learned,0.1,0.07388787716627121,0.4239445924758911,0.17428663258066382,0.2588855608820912,0.25,0.3500567153096199,220.58381271362305,0.10085578262805939,0.4491880581399877
A1_standard,45,tum_fr1_desk_val,learned,0.2,0.17558050155639648,0.5745325684547424,0.305605823134758,0.4251459801817922,0.625,0.39895206689834595,474.58816146850586,0.16207705438137054,0.2574784368858921
A1_standard,45,tum_fr1_desk_val,learned,0.4,0.5599128007888794,0.8934377431869507,0.6266948075471782,0.5321896003031622,0.5625,0.3335249423980713,938.7373466491699,0.44135332107543945,0.4931847918585173
A1_standard,45,tum_fr1_desk_val,learned,0.6,0.8142858147621155,1.0196146965026855,0.7986210963503505,0.579901670075637,0.6666666666666666,0.20532888174057007,1422.1548175811768,0.8140847086906433,0.7999925768138328
A1_standard,45,tum_fr1_desk_val,learned,0.8,1.0091052055358887,1.098691701889038,0.9184607425506846,0.6148490624522347,0.84375,0.08958649635314941,1900.037260055542,0.9282034635543823,0.8449237609147288
A1_standard,45,tum_fr1_desk_val,error_only,0.1,0.20166371762752533,0.4239445924758911,0.47568412582630665,0.09214910045355638,0.25,0.22228087484836578,214.59520721435547,0.20166371762752533,0.8981630141373471
A1_standard,45,tum_fr1_desk_val,error_only,0.2,0.4252530336380005,0.5745325684547424,0.7401721844595082,0.254913936049301,0.25,0.14927953481674194,471.7061309814453,0.42571061849594116,0.6762913173270271
A1_standard,45,tum_fr1_desk_val,error_only,0.4,0.6059102416038513,0.8934377431869507,0.6781784622851788,0.41452220104836607,0.5625,0.28752750158309937,943.4851112365723,0.5688062906265259,0.6356055311125862
A1_standard,45,tum_fr1_desk_val,error_only,0.6,0.9170461893081665,1.0196146965026855,0.899404631435405,0.4992244670464195,0.8333333333333334,0.10256850719451904,1407.9036254882812,0.9170461893081665,0.9011717530254332
A1_standard,45,tum_fr1_desk_val,error_only,0.8,1.0406547784805298,1.098691701889038,0.9471763254601036,0.5071534805123379,0.875,0.0580369234085083,1872.0402755737305,1.0527558326721191,0.9583011186578374
A1_standard,45,tum_fr1_desk_val,heuristic,0.1,0.19880527257919312,0.4239445924758911,0.4689416292084973,0.2017958462893572,0.25,0.225139319896698,226.44871520996094,0.19880527257919312,0.8854321686954418
A1_standard,45,tum_fr1_desk_val,heuristic,0.2,0.2592751383781433,0.5745325684547424,0.4512801329308206,0.2085796929417239,0.125,0.3152574300765991,450.4463577270508,0.24943497776985168,0.39625675840411073
A1_standard,45,tum_fr1_desk_val,heuristic,0.4,0.5139864683151245,0.8934377431869507,0.5752907423955405,0.4048165920497995,0.5,0.37945127487182617,940.5234966278076,0.5139122605323792,0.5742648783668703
A1_standard,45,tum_fr1_desk_val,heuristic,0.6,0.9556113481521606,1.0196146965026855,0.9372278980066318,0.5230614098843666,0.6666666666666666,0.0640033483505249,1399.5056114196777,0.9265679121017456,0.9105286509895207
A1_standard,45,tum_fr1_desk_val,heuristic,0.8,1.0259594917297363,1.098691701889038,0.9338010659657663,0.5693971267041272,0.8125,0.07273221015930176,1884.1752490997314,1.0251739025115967,0.9331938775414605
A1_standard,45,tum_fr1_desk_val,random,0.1,0.22616028785705566,0.4239445924758911,0.5334666051560757,0.5307635733176685,0.25,0.19778430461883545,219.16009330749512,0.265083372592926,1.1806193187686178
A1_standard,45,tum_fr1_desk_val,random,0.2,0.4820324778556824,0.5745325684547424,0.8389993812920974,0.5549509415861638,0.375,0.09250009059906006,465.470401763916,0.29699957370758057,0.47181870552796695
A1_standard,45,tum_fr1_desk_val,random,0.4,0.7198472023010254,0.8934377431869507,0.8057049298994625,0.5649514561616419,0.5,0.1735905408859253,947.8250522613525,0.7178478240966797,0.8021501432243596
A1_standard,45,tum_fr1_desk_val,random,0.6,0.8943629264831543,1.0196146965026855,0.8771577349554429,0.7382612263400244,0.7083333333333334,0.12525177001953125,1425.5332107543945,0.9158051013946533,0.8999521488400397
A1_standard,45,tum_fr1_desk_val,random,0.8,0.9822285175323486,1.098691701889038,0.8939982953394195,0.7499988124219268,0.84375,0.11646318435668945,1883.411045074463,0.9964674711227417,0.9070630270072113
A1_standard,45,tum_fr1_desk_val,oracle,0.1,0.4239445924758911,0.4239445924758911,0.9999999764120124,0.9990754419766936,1.0,0.0,213.1776237487793,0.22452907264232635,0.9999999554623398
A1_standard,45,tum_fr1_desk_val,oracle,0.2,0.5745325684547424,0.5745325684547424,0.9999999825945466,0.9992137411796809,1.0,0.0,453.4726676940918,0.6294781565666199,0.9999999841138254
A1_standard,45,tum_fr1_desk_val,oracle,0.4,0.8934377431869507,0.8934377431869507,0.9999999888072784,0.9992848018861866,1.0,0.0,940.611644744873,0.8949045538902283,0.999999988825624
A1_standard,45,tum_fr1_desk_val,oracle,0.6,1.0196146965026855,1.0196146965026855,0.9999999901923737,0.9993025543692436,1.0,0.0,1425.4230346679688,1.0176153182983398,0.999999990173104
A1_standard,45,tum_fr1_desk_val,oracle,0.8,1.098691701889038,1.098691701889038,0.9999999908982657,0.9993112184670369,1.0,0.0,1892.0067749023438,1.0985647439956665,0.9999999908972139
A1_standard,45,tum_fr2_xyz,learned,0.1,0.008124766871333122,0.07897429913282394,0.10287860648034769,0.8128648093994143,0.25,0.07084953226149082,258.2289619445801,0.008124766871333122,0.09871481157271388
A1_standard,45,tum_fr2_xyz,learned,0.2,0.015905026346445084,0.17670920491218567,0.09000677386489984,0.7731971741830553,0.25,0.16080417856574059,527.2848243713379,0.0653531551361084,0.3629917041809323
A1_standard,45,tum_fr2_xyz,learned,0.4,0.0891452431678772,0.404036283493042,0.2206367215112877,0.8425726661695853,0.5,0.3148910403251648,1045.683536529541,0.0891452357172966,0.2175422177920544
A1_standard,45,tum_fr2_xyz,learned,0.6,0.2168785035610199,0.483527272939682,0.448534159732357,0.878339609312124,0.75,0.2666487693786621,1587.1318550109863,0.21539147198200226,0.4275471052706333
A1_standard,45,tum_fr2_xyz,learned,0.8,0.4513099789619446,0.5111280679702759,0.8829684738786547,0.908151255930413,0.8125,0.0598180890083313,2110.410488128662,0.4403640329837799,0.8615532035189598
A1_standard,45,tum_fr2_xyz,error_only,0.1,0.0005494765937328339,0.07897429913282394,0.006957662558449099,0.4413868529531632,0.0,0.07842482253909111,260.0097770690918,0.01795654371380806,0.21816956194275589
A1_standard,45,tum_fr2_xyz,error_only,0.2,0.052129585295915604,0.17670920491218567,0.29500207627440944,0.6076073837951446,0.375,0.12457961961627007,523.2030982971191,0.045101385563611984,0.25050709139536864
A1_standard,45,tum_fr2_xyz,error_only,0.4,0.10418011248111725,0.404036283493042,0.25784840163848144,0.6503066732975246,0.5625,0.29985617101192474,1026.902572631836,0.10620706528425217,0.25917841083950177
A1_standard,45,tum_fr2_xyz,error_only,0.6,0.14192929863929749,0.483527272939682,0.29352903889190174,0.6987979204248703,0.6666666666666666,0.3415979743003845,1562.7069549560547,0.18201874196529388,0.36130300571401625
A1_standard,45,tum_fr2_xyz,error_only,0.8,0.3928336501121521,0.5111280679702759,0.7685620630980028,0.7435692834675565,0.78125,0.11829441785812378,2101.470027923584,0.391345351934433,0.7656502720188877
A1_standard,45,tum_fr2_xyz,heuristic,0.1,0.04564593732357025,0.07897429913282394,0.5779846360770318,0.6423949719523951,0.5,0.03332836180925369,259.84404373168945,0.049101442098617554,0.5965758379868743
A1_standard,45,tum_fr2_xyz,heuristic,0.2,0.11059650033712387,0.17670920491218567,0.6258671931290283,0.7106693221061058,0.375,0.0661127045750618,518.3291931152344,0.13839884102344513,0.7687101113196199
A1_standard,45,tum_fr2_xyz,heuristic,0.4,0.1276034563779831,0.404036283493042,0.31582176758133385,0.7216721664378186,0.5625,0.2764328271150589,1045.6986389160156,0.1396886557340622,0.3408839488085232
A1_standard,45,tum_fr2_xyz,heuristic,0.6,0.373849481344223,0.483527272939682,0.7731714311369254,0.7753655166947173,0.75,0.10967779159545898,1559.6549453735352,0.3940621316432953,0.7822042448131095
A1_standard,45,tum_fr2_xyz,heuristic,0.8,0.437313437461853,0.5111280679702759,0.855584845188811,0.8104008464399548,0.8125,0.07381463050842285,2089.827537536621,0.44066956639289856,0.8621509664325762
A1_standard,45,tum_fr2_xyz,random,0.1,0.014545667916536331,0.07897429913282394,0.18418227492275388,0.3655845667900254,0.0,0.06442863121628761,259.9891777038574,0.0606626495718956,0.7370429351173098
A1_standard,45,tum_fr2_xyz,random,0.2,0.02896174043416977,0.17670920491218567,0.16389490750984373,0.4583721715104885,0.0,0.1477474644780159,514.1679267883301,0.016072828322649002,0.08927347626438306
A1_standard,45,tum_fr2_xyz,random,0.4,0.13675622642040253,0.404036283493042,0.3384751039024113,0.6625105844244279,0.5625,0.26728005707263947,1043.5414123535156,0.12833750247955322,0.31318358957323705
A1_standard,45,tum_fr2_xyz,random,0.6,0.3516525626182556,0.483527272939682,0.7272651927318914,0.7286111302189776,0.6666666666666666,0.1318747103214264,1585.9310417175293,0.3691602945327759,0.7327746723488244
A1_standard,45,tum_fr2_xyz,random,0.8,0.4227803349494934,0.5111280679702759,0.8271514580619062,0.765230729640543,0.75,0.08834773302078247,2116.135929107666,0.4240981638431549,0.8297297333523084
A1_standard,45,tum_fr2_xyz,oracle,0.1,0.07897429913282394,0.07897429913282394,0.9999998733765435,0.9981488772753554,1.0,0.0,261.21673583984375,0.0823054388165474,0.9999998785013612
A1_standard,45,tum_fr2_xyz,oracle,0.2,0.17670920491218567,0.17670920491218567,0.9999999434098555,0.9985674144754896,1.0,0.0,525.589282989502,0.18004034459590912,0.9999999444568968
A1_standard,45,tum_fr2_xyz,oracle,0.4,0.404036283493042,0.404036283493042,0.9999999752497483,0.9988976967943068,1.0,0.0,1026.9487419128418,0.40978360176086426,0.9999999755968767
A1_standard,45,tum_fr2_xyz,oracle,0.6,0.483527272939682,0.483527272939682,0.9999999793186437,0.9990599600740507,1.0,0.0,1581.8491706848145,0.5037841796875,0.9999999801502305
A1_standard,45,tum_fr2_xyz,oracle,0.8,0.5111280679702759,0.5111280679702759,0.9999999804354319,0.9991631200880342,1.0,0.0,2029.7697486877441,0.5111280679702759,0.9999999804354319
A1_standard,46,tum_fr1_desk_val,learned,0.1,0.028929123654961586,0.2551996409893036,0.11335879004072039,0.07871398267840893,0.0,0.226270517334342,253.35401153564453,0.028929123654961586,0.12003950930125691
A1_standard,46,tum_fr1_desk_val,learned,0.2,0.05868542939424515,0.33358636498451233,0.175922740840269,0.13086360687673132,0.125,0.2749009355902672,496.8313980102539,0.05868542939424515,0.17592272512348267
A1_standard,46,tum_fr1_desk_val,learned,0.4,0.23934389650821686,0.5427982211112976,0.44094450348188546,0.29603028766045836,0.375,0.30345432460308075,1006.7271575927734,0.26456815004348755,0.4814307528195238
A1_standard,46,tum_fr1_desk_val,learned,0.6,0.3744621276855469,0.6048338413238525,0.6191156908065396,0.37444650764107884,0.5416666666666666,0.23037171363830566,1221.2890930175781,0.3138716518878937,0.5168385142354708
A1_standard,46,tum_fr1_desk_val,learned,0.8,0.5084900259971619,0.6498000621795654,0.782533040188161,0.4213228705946023,0.78125,0.14131003618240356,1221.2890930175781,0.3138716518878937,0.48302807912258217
A1_standard,46,tum_fr1_desk_val,error_only,0.1,0.019585009664297104,0.2551996409893036,0.07674387323169964,0.08602033582014314,0.0,0.23561463132500648,249.45075225830078,0.02204277738928795,0.0914650652057742
A1_standard,46,tum_fr1_desk_val,error_only,0.2,0.06619373708963394,0.33358636498451233,0.19843057766585093,0.12257799601586754,0.0,0.2673926278948784,485.7717514038086,0.06619374454021454,0.19843058227301874
A1_standard,46,tum_fr1_desk_val,error_only,0.4,0.24348852038383484,0.5427982211112976,0.4485801655715214,0.2851920306371559,0.375,0.29930970072746277,1018.0611991882324,0.24523746967315674,0.44625499942036273
A1_standard,46,tum_fr1_desk_val,error_only,0.6,0.40301045775413513,0.6048338413238525,0.6663159756551836,0.4207065960650758,0.7083333333333334,0.2018233835697174,1521.116870880127,0.28143659234046936,0.4634291416948205
A1_standard,46,tum_fr1_desk_val,error_only,0.8,0.4840840995311737,0.6498000621795654,0.7449739085245932,0.4816057569121695,0.84375,0.16571596264839172,2011.5807151794434,0.4560319781303406,0.7018035846494555
A1_standard,46,tum_fr1_desk_val,heuristic,0.1,0.020070012658834457,0.2551996409893036,0.07864435778431245,0.07807992869821892,0.0,0.23512962833046913,237.68840789794922,0.020070012658834457,0.0832792067941991
A1_standard,46,tum_fr1_desk_val,heuristic,0.2,0.07514779269695282,0.33358636498451233,0.22527236821480423,0.1165451296993631,0.0,0.2584385722875595,484.88086700439453,0.07514779269695282,0.2252723480891647
A1_standard,46,tum_fr1_desk_val,heuristic,0.4,0.3555627465248108,0.5427982211112976,0.6550550944074552,0.4275184970324972,0.5,0.18723547458648682,1008.1904258728027,0.3614104390144348,0.657653234914914
A1_standard,46,tum_fr1_desk_val,heuristic,0.6,0.5172685980796814,0.6048338413238525,0.8552242850619067,0.48398503360259193,0.75,0.08756524324417114,1526.215877532959,0.41254666447639465,0.6793222766002945
A1_standard,46,tum_fr1_desk_val,heuristic,0.8,0.5118833780288696,0.6498000621795654,0.7877551880102223,0.496227314004826,0.84375,0.1379166841506958,2030.488567352295,0.510245144367218,0.7852341251045878
A1_standard,46,tum_fr1_desk_val,random,0.1,0.03657643496990204,0.2551996409893036,0.14332478445056768,0.05617028823694852,0.0,0.21862320601940155,242.66392135620117,0.035848360508680344,0.14875043074381228
A1_standard,46,tum_fr1_desk_val,random,0.2,0.03539092093706131,0.33358636498451233,0.10609222555538857,0.07158205528038478,0.0,0.298195444047451,505.9210739135742,0.07925400137901306,0.23758162875269817
A1_standard,46,tum_fr1_desk_val,random,0.4,0.14307524263858795,0.5427982211112976,0.2635882625219005,0.13562151528136626,0.25,0.39972297847270966,1018.1699295043945,0.14307524263858795,0.2603519046491778
A1_standard,46,tum_fr1_desk_val,random,0.6,0.28255051374435425,0.6048338413238525,0.46715393512765746,0.2273643610202438,0.5833333333333334,0.3222833275794983,1507.9950408935547,0.28255051374435425,0.46526338661594063
A1_standard,46,tum_fr1_desk_val,random,0.8,0.42453208565711975,0.6498000621795654,0.6533272368424803,0.3063374092381643,0.78125,0.22526797652244568,2024.437370300293,0.46040213108062744,0.7085289660986948
A1_standard,46,tum_fr1_desk_val,oracle,0.1,0.2551996409893036,0.2551996409893036,0.9999999608149934,0.9987944948875708,1.0,0.0,239.51910018920898,0.24099667370319366,0.9999999585056532
A1_standard,46,tum_fr1_desk_val,oracle,0.2,0.33358636498451233,0.33358636498451233,0.9999999700227565,0.9989702916294009,1.0,0.0,506.73410415649414,0.3335863947868347,0.9999999700227592
A1_standard,46,tum_fr1_desk_val,oracle,0.4,0.5427982211112976,0.5427982211112976,0.999999981576948,0.9990720586489739,1.0,0.0,1012.5766410827637,0.5495455861091614,0.9999999818031476
A1_standard,46,tum_fr1_desk_val,oracle,0.6,0.6048338413238525,0.6048338413238525,0.9999999834665337,0.9991141544524638,1.0,0.0,1523.0459518432617,0.6072915196418762,0.9999999835334439
A1_standard,46,tum_fr1_desk_val,oracle,0.8,0.6498000621795654,0.6498000621795654,0.9999999846106511,0.9991387535918412,1.0,0.0,2029.3511352539062,0.6498000025749207,0.9999999846106497
A1_standard,46,tum_fr2_xyz,learned,0.1,0.028163358569145203,0.06018306314945221,0.4679614565246166,0.32521362284317923,0.0,0.03201970458030701,226.65296936035156,0.0276239775121212,0.40466416446003034
A1_standard,46,tum_fr2_xyz,learned,0.2,0.047041866928339005,0.09243206679821014,0.5089344365921455,0.37275618576387654,0.25,0.04539019986987114,450.25926971435547,0.0393858440220356,0.4012808704839532
A1_standard,46,tum_fr2_xyz,learned,0.4,0.07365821301937103,0.17216911911964417,0.42782474068382087,0.39930463313648856,0.4375,0.09851090610027313,927.9063129425049,0.07081105560064316,0.3909774043910541
A1_standard,46,tum_fr2_xyz,learned,0.6,0.14152756333351135,0.23603671789169312,0.5995997512660494,0.4594710094035349,0.7083333333333334,0.09450915455818176,1151.3793239593506,0.0975951999425888,0.40126249403986824
A1_standard,46,tum_fr2_xyz,learned,0.8,0.14782525599002838,0.2549758553504944,0.5797617581837604,0.5073425057884299,0.75,0.107150599360466,1151.3793239593506,0.0975951999425888,0.38515271973915743
A1_standard,46,tum_fr2_xyz,error_only,0.1,0.07153297960758209,0.06018306314945221,1.1885896791934294,0.5940903541527573,0.5,-0.011349916458129883,231.91901779174805,0.10615593940019608,1.5550803464490413
A1_standard,46,tum_fr2_xyz,error_only,0.2,0.11777238547801971,0.09243206679821014,1.2741505931445247,0.7687236694713498,0.625,-0.02534031867980957,453.5233497619629,0.12614639103412628,1.2852367356724002
A1_standard,46,tum_fr2_xyz,error_only,0.4,0.1634545773267746,0.17216911911964417,0.9493837725878626,0.7870382744665994,0.75,0.008714541792869568,908.7992820739746,0.17757052183151245,0.9804409937566185
A1_standard,46,tum_fr2_xyz,error_only,0.6,0.21187283098697662,0.23603671789169312,0.8976265383758233,0.830393751621323,0.8333333333333334,0.02416388690471649,1367.7906436920166,0.22379863262176514,0.9201476869902256
A1_standard,46,tum_fr2_xyz,error_only,0.8,0.22204983234405518,0.2549758553504944,0.8708660799673,0.8316412529181141,0.84375,0.03292602300643921,1806.3478298187256,0.22204983234405518,0.8763043356153424
A1_standard,46,tum_fr2_xyz,heuristic,0.1,0.032827235758304596,0.06018306314945221,0.5454562892922558,0.3964614360190508,0.25,0.027355827391147614,230.38236236572266,0.07163728773593903,1.0494159710753588
A1_standard,46,tum_fr2_xyz,heuristic,0.2,0.08381007611751556,0.09243206679821014,0.9067206863747377,0.5285384393559686,0.375,0.00862199068069458,455.21783447265625,0.12724079191684723,1.2963869890129396
A1_standard,46,tum_fr2_xyz,heuristic,0.4,0.1819906234741211,0.17216911911964417,1.0570456179031478,0.669473788445533,0.625,-0.009821504354476929,907.2417316436768,0.1982787698507309,1.0947798775843394
A1_standard,46,tum_fr2_xyz,heuristic,0.6,0.20464134216308594,0.23603671789169312,0.8669894045344794,0.7134098106774063,0.7916666666666666,0.03139537572860718,1382.434133529663,0.19665393233299255,0.8085422991817575
A1_standard,46,tum_fr2_xyz,heuristic,0.8,0.22572113573551178,0.2549758553504944,0.8852647109373724,0.728508245586476,0.78125,0.029254719614982605,1846.6570644378662,0.23255698382854462,0.9177700836576952
A1_standard,46,tum_fr2_xyz,random,0.1,0.028644654899835587,0.06018306314945221,0.475958660813191,0.17378809255645222,0.0,0.03153840824961662,207.5264434814453,0.011959073133766651,0.1751886865411971
A1_standard,46,tum_fr2_xyz,random,0.2,0.05286577343940735,0.09243206679821014,0.5719418547180263,0.20752502987892105,0.0,0.039566293358802795,450.79308700561523,0.04568219184875488,0.46543092234934114
A1_standard,46,tum_fr2_xyz,random,0.4,0.10219990462064743,0.17216911911964417,0.5936017980878933,0.2775655295126541,0.3125,0.06996921449899673,919.8458633422852,0.09562242031097412,0.5279713086841132
A1_standard,46,tum_fr2_xyz,random,0.6,0.14064808189868927,0.23603671789169312,0.5958737148873988,0.37546246978107334,0.5833333333333334,0.09538863599300385,1383.93705368042,0.14038969576358795,0.5772119888348408
A1_standard,46,tum_fr2_xyz,random,0.8,0.16988544166088104,0.2549758553504944,0.6662804788498452,0.454475494728667,0.78125,0.08509041368961334,1853.5198764801025,0.1988513022661209,0.7847529380187074
A1_standard,46,tum_fr2_xyz,oracle,0.1,0.06018306314945221,0.06018306314945221,0.9999998338403229,0.9942771877023409,1.0,0.0,220.34718322753906,0.0682639479637146,0.9999998535098126
A1_standard,46,tum_fr2_xyz,oracle,0.2,0.09243206679821014,0.09243206679821014,0.9999998918124493,0.9955344678337446,1.0,0.0,456.6953582763672,0.09815030544996262,0.9999998981154574
A1_standard,46,tum_fr2_xyz,oracle,0.4,0.17216911911964417,0.17216911911964417,0.9999999419175781,0.9962986820154223,1.0,0.0,901.4705352783203,0.18111290037631989,0.9999999447858247
A1_standard,46,tum_fr2_xyz,oracle,0.6,0.23603671789169312,0.23603671789169312,0.999999957633712,0.9965845853371312,1.0,0.0,1379.3910827636719,0.24322032928466797,0.9999999588850175
A1_standard,46,tum_fr2_xyz,oracle,0.8,0.2549758553504944,0.2549758553504944,0.9999999607806018,0.9967015813178968,1.0,0.0,1762.002248764038,0.2533935010433197,0.9999999605356903
A1_robust_static,42,tum_fr1_desk_val,learned,0.1,0.07712038606405258,0.14877355098724365,0.5183742699461577,0.5530945552393319,0.5,0.07165316492319107,262.05440521240234,0.06501233577728271,0.43698850350740137
A1_robust_static,42,tum_fr1_desk_val,learned,0.2,0.14728835225105286,0.22372642159461975,0.6583413108645626,0.5744416395002171,0.25,0.0764380693435669,529.2009658813477,0.1547132432460785,0.602548121166507
A1_robust_static,42,tum_fr1_desk_val,learned,0.4,0.3031908869743347,0.37412458658218384,0.810400839036342,0.7088484497916067,0.625,0.07093369960784912,1016.6159019470215,0.3031908869743347,0.8104009681475051
A1_robust_static,42,tum_fr1_desk_val,learned,0.6,0.323859840631485,0.4049728810787201,0.7997074563900425,0.7395467528016753,0.75,0.08111304044723511,1102.7533073425293,0.3041558265686035,0.7510522577828033
A1_robust_static,42,tum_fr1_desk_val,learned,0.8,0.3556540906429291,0.44048771262168884,0.8074097696211643,0.7506587453744393,0.8125,0.08483362197875977,1102.7533073425293,0.3041558265686035,0.6904977591689948
A1_robust_static,42,tum_fr1_desk_val,error_only,0.1,0.06857450306415558,0.14877355098724365,0.46093205411703086,0.5437648392698797,0.5,0.08019904792308807,256.9504623413086,0.06857451051473618,0.4609321041970353
A1_robust_static,42,tum_fr1_desk_val,error_only,0.2,0.09010078012943268,0.22372642159461975,0.40272747161448696,0.5804943631866961,0.5,0.13362564146518707,515.6719818115234,0.09010078012943268,0.3509076187891388
A1_robust_static,42,tum_fr1_desk_val,error_only,0.4,0.15207260847091675,0.37412458658218384,0.40647583682061117,0.6156377613489047,0.5,0.2220519781112671,1065.4119758605957,0.15207260847091675,0.4064759015793893
A1_robust_static,42,tum_fr1_desk_val,error_only,0.6,0.2432376742362976,0.4049728810787201,0.6006270533032202,0.681100949383126,0.7083333333333334,0.16173520684242249,1590.2780227661133,0.25232094526290894,0.6230563384681865
A1_robust_static,42,tum_fr1_desk_val,error_only,0.8,0.30563119053840637,0.44048771262168884,0.6938472398716469,0.7020569025984296,0.78125,0.13485652208328247,2113.029956817627,0.31013938784599304,0.7040817029668162
A1_robust_static,42,tum_fr1_desk_val,heuristic,0.1,0.005611671134829521,0.14877355098724365,0.03771954571491829,0.1064469057048335,0.0,0.14316187985241413,261.2393493652344,0.005611671134829521,0.03771954571491829
A1_robust_static,42,tum_fr1_desk_val,heuristic,0.2,0.07920163124799728,0.22372642159461975,0.35401106021977047,0.21468645409951836,0.125,0.14452479034662247,501.0509796142578,0.07920163124799728,0.30845965801323155
A1_robust_static,42,tum_fr1_desk_val,heuristic,0.4,0.3357294201850891,0.37412458658218384,0.8973732902143993,0.4798170475337186,0.5,0.03839516639709473,1038.1252822875977,0.3469972312450409,0.9274912414148159
A1_robust_static,42,tum_fr1_desk_val,heuristic,0.6,0.38808923959732056,0.4049728810787201,0.9583091810505469,0.5190286223306101,0.7083333333333334,0.016883641481399536,1593.5699768066406,0.38411521911621094,0.9484960581575321
A1_robust_static,42,tum_fr1_desk_val,heuristic,0.8,0.39814072847366333,0.44048771262168884,0.9038633951112525,0.5897713631406085,0.78125,0.04234698414802551,2103.2923126220703,0.3977099359035492,0.9028852829774877
A1_robust_static,42,tum_fr1_desk_val,random,0.1,0.06065090745687485,0.14877355098724365,0.40767262041993646,0.33996163084163195,0.25,0.0881226435303688,266.27310943603516,0.02407767064869404,0.1618410589147526
A1_robust_static,42,tum_fr1_desk_val,random,0.2,0.07797348499298096,0.22372642159461975,0.34852156018053654,0.3708956596023649,0.25,0.1457529366016388,501.1737060546875,0.07297791540622711,0.2842206968974843
A1_robust_static,42,tum_fr1_desk_val,random,0.4,0.12869754433631897,0.37412458658218384,0.34399648008186495,0.41383764072107665,0.3125,0.24542704224586487,1053.9393615722656,0.12869754433631897,0.34399653488657833
A1_robust_static,42,tum_fr1_desk_val,random,0.6,0.13060513138771057,0.4049728810787201,0.3225033928562963,0.478221728948749,0.5416666666666666,0.2743677496910095,1595.1661529541016,0.15076375007629395,0.37228106449265425
A1_robust_static,42,tum_fr1_desk_val,random,0.8,0.33425745368003845,0.44048771262168884,0.7588348925836331,0.5683479362940784,0.75,0.10623025894165039,2114.5233726501465,0.2870420813560486,0.6516459546398025
A1_robust_static,42,tum_fr1_desk_val,oracle,0.1,0.14877355098724365,0.14877355098724365,0.9999999327837559,0.998689441429152,1.0,0.0,242.072265625,0.14877355098724365,0.9999999327837559
A1_robust_static,42,tum_fr1_desk_val,oracle,0.2,0.22372642159461975,0.22372642159461975,0.9999999553025545,0.9989296875535879,1.0,0.0,524.999454498291,0.2567649483680725,0.9999999610538757
A1_robust_static,42,tum_fr1_desk_val,oracle,0.4,0.37412458658218384,0.37412458658218384,0.9999999732709368,0.9991018014659692,1.0,0.0,1069.6543579101562,0.37412452697753906,0.9999999732709325
A1_robust_static,42,tum_fr1_desk_val,oracle,0.6,0.4049728810787201,0.4049728810787201,0.9999999753069891,0.9991690715656091,1.0,0.0,1583.0228843688965,0.4049729108810425,0.9999999753069909
A1_robust_static,42,tum_fr1_desk_val,oracle,0.8,0.44048771262168884,0.44048771262168884,0.9999999772978917,0.9992107276072697,1.0,0.0,2093.064628601074,0.4404877722263336,0.9999999772978947
A1_robust_static,42,tum_fr2_xyz,learned,0.1,0.03084706701338291,0.09468899667263031,0.3257724217134406,0.4840317130502704,0.25,0.0638419296592474,220.17621231079102,0.03084706701338291,0.3257723960801218
A1_robust_static,42,tum_fr2_xyz,learned,0.2,0.05256204307079315,0.14344912767410278,0.3664158873524013,0.5576384672579612,0.375,0.09088708460330963,481.1448554992676,0.05256204307079315,0.3320109644274582
A1_robust_static,42,tum_fr2_xyz,learned,0.4,0.09267516434192657,0.23647519946098328,0.39190224021016173,0.6436680509814815,0.4375,0.1438000351190567,1004.037712097168,0.08475322276353836,0.3464761124132037
A1_robust_static,42,tum_fr2_xyz,learned,0.6,0.12579506635665894,0.23266978561878204,0.5406592034093155,0.7406406452806182,0.5833333333333334,0.10687471926212311,1158.9510345458984,0.09410880506038666,0.38842993426950967
A1_robust_static,42,tum_fr2_xyz,learned,0.8,0.20659780502319336,0.2437291443347931,0.8476532304354731,0.8026511763001741,0.8125,0.03713133931159973,1158.9510345458984,0.09410880506038666,0.38231591690857564
A1_robust_static,42,tum_fr2_xyz,error_only,0.1,0.022101812064647675,0.09468899667263031,0.23341476314204662,0.4994131467375853,0.0,0.07258718460798264,253.43963241577148,0.032821349799633026,0.3466225739442735
A1_robust_static,42,tum_fr2_xyz,error_only,0.2,0.013497275300323963,0.14344912767410278,0.09409101734015275,0.5711001802017363,0.25,0.12995185237377882,480.0172119140625,0.02185984142124653,0.13807886087541005
A1_robust_static,42,tum_fr2_xyz,error_only,0.4,0.04569162800908089,0.23647519946098328,0.19321952653400518,0.6338610449163425,0.4375,0.1907835714519024,1002.3053932189941,0.045691631734371185,0.1867900525424193
A1_robust_static,42,tum_fr2_xyz,error_only,0.6,0.12030698359012604,0.23266978561878204,0.5170717723380094,0.7213777055817587,0.7916666666666666,0.112362802028656,1518.325584411621,0.14539283514022827,0.6001025022104822
A1_robust_static,42,tum_fr2_xyz,error_only,0.8,0.19761008024215698,0.2437291443347931,0.8107773597356118,0.8133988989623127,0.84375,0.04611906409263611,2037.7282829284668,0.22829017043113708,0.9274261401320633
A1_robust_static,42,tum_fr2_xyz,heuristic,0.1,-0.013056713156402111,0.09468899667263031,-0.13789048607874066,0.4293510688057022,0.0,0.10774570982903242,247.5664291381836,-0.0013752956874668598,-0.014524342662151942
A1_robust_static,42,tum_fr2_xyz,heuristic,0.2,0.006205469369888306,0.14344912767410278,0.04325902177248567,0.5211627840012566,0.125,0.13724365830421448,483.7666473388672,0.013152655214071274,0.0830794521537944
A1_robust_static,42,tum_fr2_xyz,heuristic,0.4,0.09066615253686905,0.23647519946098328,0.3834065851703086,0.6480782423757502,0.5625,0.14580904692411423,981.9263038635254,0.10484453290700912,0.4286105588072879
A1_robust_static,42,tum_fr2_xyz,heuristic,0.6,0.12283164262771606,0.23266978561878204,0.5279225964893597,0.6994000684442521,0.75,0.10983814299106598,1513.3759231567383,0.10432889312505722,0.4306128961362691
A1_robust_static,42,tum_fr2_xyz,heuristic,0.8,0.15776990354061127,0.2437291443347931,0.6473165016766692,0.7837634844069536,0.84375,0.08595924079418182,2025.539234161377,0.18844999372959137,0.7655758895027249
A1_robust_static,42,tum_fr2_xyz,random,0.1,0.029036005958914757,0.09468899667263031,0.3066460086470372,0.6709944369914312,0.25,0.06565299071371555,238.64532852172852,0.029036005958914757,0.3066459845186753
A1_robust_static,42,tum_fr2_xyz,random,0.2,0.005260948091745377,0.14344912767410278,0.0366746581892848,0.6308344263501502,0.25,0.1381881795823574,490.67428970336914,7.88824399933219e-05,0.0004982651633860606
A1_robust_static,42,tum_fr2_xyz,random,0.4,0.10175710916519165,0.23647519946098328,0.4303077239983621,0.7226708619804041,0.4375,0.13471809029579163,986.7052268981934,0.08689206093549728,0.35521980746971904
A1_robust_static,42,tum_fr2_xyz,random,0.6,0.10297159105539322,0.23266978561878204,0.44256535654549284,0.776653179420636,0.5416666666666666,0.12969819456338882,1528.574951171875,0.10297159850597382,0.42501072257411804
A1_robust_static,42,tum_fr2_xyz,random,0.8,0.15030041337013245,0.2437291443347931,0.6166698185136918,0.8252794601805842,0.78125,0.09342873096466064,2033.7995834350586,0.1501648724079132,0.6100430331173811
A1_robust_static,42,tum_fr2_xyz,oracle,0.1,0.09468899667263031,0.09468899667263031,0.9999998943911195,0.9980827636077293,1.0,0.0,236.42148208618164,0.09468900412321091,0.9999998943911278
A1_robust_static,42,tum_fr2_xyz,oracle,0.2,0.14344912767410278,0.14344912767410278,0.9999999302888803,0.9985349673611575,1.0,0.0,504.7238426208496,0.15831416845321655,0.9999999368344636
A1_robust_static,42,tum_fr2_xyz,oracle,0.4,0.23647519946098328,0.23647519946098328,0.9999999577122692,0.9988811290201598,1.0,0.0,1000.6325302124023,0.24461489915847778,0.9999999591194174
A1_robust_static,42,tum_fr2_xyz,oracle,0.6,0.23266978561878204,0.23266978561878204,0.9999999570206354,0.9990371236897769,1.0,0.0,1507.3785591125488,0.2422799915075302,0.9999999587254419
A1_robust_static,42,tum_fr2_xyz,oracle,0.8,0.2437291443347931,0.2437291443347931,0.9999999589708501,0.9991339557378773,1.0,0.0,1687.3036079406738,0.2461545467376709,0.9999999593751173
A1_robust_static,43,tum_fr1_desk_val,learned,0.1,0.06437413394451141,0.22852715849876404,0.28169138211179284,0.04599476920705029,0.0,0.16415302455425262,246.52648544311523,0.060820307582616806,0.26614036316275147
A1_robust_static,43,tum_fr1_desk_val,learned,0.2,0.16577984392642975,0.3096950054168701,0.5353003299174158,0.17058991516431013,0.125,0.14391516149044037,475.5310478210449,0.16577984392642975,0.5640834793632575
A1_robust_static,43,tum_fr1_desk_val,learned,0.4,0.30332469940185547,0.436788409948349,0.6944430885730078,0.2363220271996427,0.625,0.13346371054649353,548.9861183166504,0.1747850626707077,0.36718783810089833
A1_robust_static,43,tum_fr1_desk_val,learned,0.6,0.312190443277359,0.4868185222148895,0.6412870969742646,0.2643827456870398,0.7083333333333334,0.17462807893753052,548.9861183166504,0.1747850626707077,0.3562895199585024
A1_robust_static,43,tum_fr1_desk_val,learned,0.8,0.4894500970840454,0.5047381520271301,0.9697108994459923,0.44645258318570497,0.84375,0.015288054943084717,548.9861183166504,0.1747850626707077,0.34828506951105886
A1_robust_static,43,tum_fr1_desk_val,error_only,0.1,0.04090098291635513,0.22852715849876404,0.17897645686961872,0.484921514679981,0.25,0.1876261755824089,250.1497039794922,0.06103501468896866,0.26707988861945003
A1_robust_static,43,tum_fr1_desk_val,error_only,0.2,0.1520766019821167,0.3096950054168701,0.491052791977977,0.5919248399165965,0.375,0.15761840343475342,498.0586280822754,0.09350328147411346,0.3181548196486822
A1_robust_static,43,tum_fr1_desk_val,error_only,0.4,0.20650187134742737,0.436788409948349,0.4727732282184738,0.5992483204231999,0.5,0.23028653860092163,996.623893737793,0.20650188624858856,0.4338184282842861
A1_robust_static,43,tum_fr1_desk_val,error_only,0.6,0.2458968162536621,0.4868185222148895,0.5051098098811064,0.630558943862973,0.5833333333333334,0.24092170596122742,1502.3970565795898,0.22637872397899628,0.46146029679464207
A1_robust_static,43,tum_fr1_desk_val,error_only,0.8,0.40637311339378357,0.5047381520271301,0.8051166802242716,0.7268805303346945,0.78125,0.09836503863334656,1983.1105346679688,0.4080101549625397,0.8130205351132747
A1_robust_static,43,tum_fr1_desk_val,heuristic,0.1,0.01342027261853218,0.22852715849876404,0.058725064099346955,0.03694209229533601,0.0,0.21510688588023186,231.04678344726562,0.013741357252001762,0.06013007751447331
A1_robust_static,43,tum_fr1_desk_val,heuristic,0.2,-0.0032330891117453575,0.3096950054168701,-0.010439590406043198,0.047167574634645125,0.0,0.3129280945286155,498.2395439147949,0.029743660241365433,0.1012059545996059
A1_robust_static,43,tum_fr1_desk_val,heuristic,0.4,0.2862383723258972,0.436788409948349,0.6553250023426569,0.41382910131369327,0.5625,0.15055003762245178,1001.6101417541504,0.25709909200668335,0.5401128582108473
A1_robust_static,43,tum_fr1_desk_val,heuristic,0.6,0.36508870124816895,0.4868185222148895,0.7499482396183984,0.4415794280094796,0.625,0.12172982096672058,1487.2857513427734,0.3408558666706085,0.6948155137256082
A1_robust_static,43,tum_fr1_desk_val,heuristic,0.8,0.38429224491119385,0.5047381520271301,0.7613695056617054,0.46893186200653497,0.78125,0.12044590711593628,1988.8629722595215,0.38868448138237,0.774511274291037
A1_robust_static,43,tum_fr1_desk_val,random,0.1,0.0270066075026989,0.22852715849876404,0.11817679132030624,0.017664778298541076,0.0,0.20152055099606514,237.76422500610352,0.0270066075026989,0.11817678361456467
A1_robust_static,43,tum_fr1_desk_val,random,0.2,0.07173438370227814,0.3096950054168701,0.2316291193957994,0.05400191808150641,0.125,0.23796062171459198,487.1591567993164,0.07173438370227814,0.2440838390867186
A1_robust_static,43,tum_fr1_desk_val,random,0.4,0.16360391676425934,0.436788409948349,0.37456102152068455,0.11171784150200213,0.3125,0.27318449318408966,1000.7648735046387,0.19274315237998962,0.40491412910092617
A1_robust_static,43,tum_fr1_desk_val,random,0.6,0.25725287199020386,0.4868185222148895,0.5284368917094724,0.22686215378559965,0.5833333333333334,0.22956565022468567,1472.1691284179688,0.2620715796947479,0.5342181757266183
A1_robust_static,43,tum_fr1_desk_val,random,0.8,0.4047609269618988,0.5047381520271301,0.8019225757297553,0.3272525172545134,0.8125,0.09997722506523132,1977.9198150634766,0.4047608971595764,0.8065459087208784
A1_robust_static,43,tum_fr1_desk_val,oracle,0.1,0.22852715849876404,0.22852715849876404,0.9999999562415267,0.9989876790748009,1.0,0.0,241.42314910888672,0.22852717339992523,0.9999999562415296
A1_robust_static,43,tum_fr1_desk_val,oracle,0.2,0.3096950054168701,0.3096950054168701,0.9999999677101681,0.9990987107092182,1.0,0.0,500.73659896850586,0.29389238357543945,0.9999999659739408
A1_robust_static,43,tum_fr1_desk_val,oracle,0.4,0.436788409948349,0.436788409948349,0.9999999771056202,0.9991453360471639,1.0,0.0,1000.5396575927734,0.47600993514060974,0.9999999789920355
A1_robust_static,43,tum_fr1_desk_val,oracle,0.6,0.4868185222148895,0.4868185222148895,0.9999999794584649,0.9991630196554939,1.0,0.0,1485.1301231384277,0.4905703067779541,0.9999999796155624
A1_robust_static,43,tum_fr1_desk_val,oracle,0.8,0.5047381520271301,0.5047381520271301,0.9999999801877473,0.9991724037406181,1.0,0.0,1996.478115081787,0.5018448233604431,0.999999980073522
A1_robust_static,43,tum_fr2_xyz,learned,0.1,0.03930921480059624,0.08183559775352478,0.48034365332740053,0.2758649409184641,0.0,0.04252638295292854,205.24711227416992,0.039309218525886536,0.5845230392740447
A1_robust_static,43,tum_fr2_xyz,learned,0.2,0.04678087681531906,0.19038072228431702,0.24572274858915819,0.2565220355096739,0.125,0.14359984546899796,439.748477935791,0.049936532974243164,0.26229825032749277
A1_robust_static,43,tum_fr2_xyz,learned,0.4,0.19475433230400085,0.337510347366333,0.5770321652458651,0.5116046059394288,0.5,0.14275601506233215,613.5309562683105,0.07224418222904205,0.21541188349492468
A1_robust_static,43,tum_fr2_xyz,learned,0.6,0.2825384736061096,0.3901675343513489,0.7241465306291124,0.6102285590296187,0.6666666666666666,0.10762906074523926,613.5309562683105,0.07224418222904205,0.1775431280466322
A1_robust_static,43,tum_fr2_xyz,learned,0.8,0.4092622399330139,0.47540831565856934,0.8608646879839027,0.6647757950912694,0.84375,0.06614607572555542,613.5309562683105,0.07224418222904205,0.15196236429242496
A1_robust_static,43,tum_fr2_xyz,error_only,0.1,0.03409142047166824,0.08183559775352478,0.4165841912526137,0.3763191370121842,0.25,0.04774417728185654,200.10940170288086,0.04986123740673065,0.7414302070582712
A1_robust_static,43,tum_fr2_xyz,error_only,0.2,0.08881880342960358,0.19038072228431702,0.46653252334884626,0.5064427650159528,0.5,0.10156191885471344,452.94952392578125,0.09655361622571945,0.5071606515386496
A1_robust_static,43,tum_fr2_xyz,error_only,0.4,0.15977883338928223,0.337510347366333,0.47340423753531996,0.5440057193468524,0.5625,0.17773151397705078,887.1916217803955,0.18113470077514648,0.5400928608557007
A1_robust_static,43,tum_fr2_xyz,error_only,0.6,0.21463671326637268,0.3901675343513489,0.5501142172735174,0.6214416476371646,0.625,0.1755308210849762,1365.5655040740967,0.25485071539878845,0.6263063931345006
A1_robust_static,43,tum_fr2_xyz,error_only,0.8,0.3528457283973694,0.47540831565856934,0.742195097043331,0.7009538298912329,0.8125,0.12256258726119995,1805.6156635284424,0.3182472884654999,0.6694187530775239
A1_robust_static,43,tum_fr2_xyz,heuristic,0.1,0.036194175481796265,0.08183559775352478,0.44227905767874415,0.27359273170552434,0.25,0.045641422271728516,221.47885704040527,0.047841161489486694,0.7113919371818515
A1_robust_static,43,tum_fr2_xyz,heuristic,0.2,0.0853966772556305,0.19038072228431702,0.4485573525796613,0.4194302379104061,0.375,0.10498404502868652,423.35387229919434,0.11615926027297974,0.6101418924027775
A1_robust_static,43,tum_fr2_xyz,heuristic,0.4,0.16411197185516357,0.337510347366333,0.4862427723278335,0.4860071939112644,0.4375,0.17339837551116943,913.4941005706787,0.21766045689582825,0.6490024184043967
A1_robust_static,43,tum_fr2_xyz,heuristic,0.6,0.3274446129798889,0.3901675343513489,0.8392410330394435,0.5644953427875313,0.7916666666666666,0.06272292137145996,1365.0976276397705,0.353604257106781,0.8689973913512721
A1_robust_static,43,tum_fr2_xyz,heuristic,0.8,0.4423264265060425,0.47540831565856934,0.9304137151853631,0.6459696980787839,0.84375,0.033081889152526855,1782.6747188568115,0.44928836822509766,0.9450577275290277
A1_robust_static,43,tum_fr2_xyz,random,0.1,0.06223848834633827,0.08183559775352478,0.7605306547461618,0.1375276240808972,0.0,0.019597109407186508,213.3282928466797,0.06223848834633827,0.9254783415260832
A1_robust_static,43,tum_fr2_xyz,random,0.2,0.1587083637714386,0.19038072228431702,0.8336366914190744,0.2631090133950658,0.125,0.03167235851287842,451.0328674316406,0.18534241616725922,0.9735355775944096
A1_robust_static,43,tum_fr2_xyz,random,0.4,0.20868593454360962,0.337510347366333,0.6183097199506158,0.30874697369197074,0.375,0.1288244128227234,914.1676597595215,0.2232714593410492,0.6657328535443184
A1_robust_static,43,tum_fr2_xyz,random,0.6,0.3051438331604004,0.3901675343513489,0.7820841009923061,0.40864940497574215,0.5416666666666666,0.08502370119094849,1374.3028888702393,0.301021009683609,0.7397718406936166
A1_robust_static,43,tum_fr2_xyz,random,0.8,0.3725789189338684,0.47540831565856934,0.7837029745277297,0.47384127867899545,0.78125,0.10282939672470093,1831.7283306121826,0.37761276960372925,0.7942913530956349
A1_robust_static,43,tum_fr2_xyz,oracle,0.1,0.08183559775352478,0.08183559775352478,0.9999998778038036,0.9975219887371041,1.0,0.0,218.61223602294922,0.06725006550550461,0.9999998513012823
A1_robust_static,43,tum_fr2_xyz,oracle,0.2,0.19038072228431702,0.19038072228431702,0.9999999474736762,0.9980669574760284,1.0,0.0,443.16879653930664,0.19038072228431702,0.9999999474736762
A1_robust_static,43,tum_fr2_xyz,oracle,0.4,0.337510347366333,0.337510347366333,0.9999999703712796,0.9983871040924545,1.0,0.0,920.6076011657715,0.33537694811820984,0.9999999701828055
A1_robust_static,43,tum_fr2_xyz,oracle,0.6,0.3901675343513489,0.3901675343513489,0.999999974369985,0.9985133741274979,1.0,0.0,1359.8126811981201,0.40691059827804565,0.9999999754245779
A1_robust_static,43,tum_fr2_xyz,oracle,0.8,0.47540831565856934,0.47540831565856934,0.9999999789654505,0.99859534858969,1.0,0.0,1725.4245891571045,0.4754083752632141,0.999999978965453
A1_robust_static,44,tum_fr1_desk_val,learned,0.1,0.019853627309203148,0.17743204534053802,0.11189425310493586,0.1903116203390313,0.0,0.15757841803133488,235.13679313659668,0.027939487248659134,0.15746583781062576
A1_robust_static,44,tum_fr1_desk_val,learned,0.2,-0.0334707647562027,0.22170570492744446,-0.1509693368398571,0.22235724513049437,0.0,0.25517646968364716,483.6866970062256,-0.0334707647562027,-0.15117176393371917
A1_robust_static,44,tum_fr1_desk_val,learned,0.4,0.03891846910119057,0.36898475885391235,0.1054744596154295,0.32101336686210213,0.1875,0.3300662897527218,976.340124130249,0.08384287357330322,0.23175072526515128
A1_robust_static,44,tum_fr1_desk_val,learned,0.6,0.22269941866397858,0.5344743728637695,0.4166699580075884,0.41736330945280353,0.4583333333333333,0.31177495419979095,1453.6921939849854,0.22269940376281738,0.4025184343780313
A1_robust_static,44,tum_fr1_desk_val,learned,0.8,0.4416167736053467,0.5601627826690674,0.7883722006974582,0.5887175408813435,0.8125,0.1185460090637207,1940.9168338775635,0.4472845792770386,0.7952539742700436
A1_robust_static,44,tum_fr1_desk_val,error_only,0.1,0.08590444922447205,0.17743204534053802,0.4841540558136419,0.5337010514083645,0.5,0.09152759611606598,234.4746437072754,0.037859637290239334,0.21337540850539602
A1_robust_static,44,tum_fr1_desk_val,error_only,0.2,0.13340425491333008,0.22170570492744446,0.6017177092479914,0.5590649925684171,0.375,0.08830145001411438,464.7136116027832,0.13310737907886505,0.6011836728115779
A1_robust_static,44,tum_fr1_desk_val,error_only,0.4,0.27439066767692566,0.36898475885391235,0.7436368404289387,0.7029510887048185,0.625,0.0945940911769867,961.8832321166992,0.26656827330589294,0.7368233940277372
A1_robust_static,44,tum_fr1_desk_val,error_only,0.6,0.37992942333221436,0.5344743728637695,0.710846834784696,0.7363729028191399,0.6666666666666666,0.15454494953155518,1456.1837348937988,0.3038138747215271,0.5491289295299429
A1_robust_static,44,tum_fr1_desk_val,error_only,0.8,0.421366810798645,0.5601627826690674,0.7522220617169405,0.7698489327729662,0.78125,0.13879597187042236,1934.4979515075684,0.4132809042930603,0.7347968091370454
A1_robust_static,44,tum_fr1_desk_val,heuristic,0.1,0.022396177053451538,0.17743204534053802,0.12622396223989785,0.2174883344925875,0.0,0.1550358682870865,238.9962501525879,0.05823275074362755,0.3281974648372518
A1_robust_static,44,tum_fr1_desk_val,heuristic,0.2,0.07657825201749802,0.22170570492744446,0.34540495287890555,0.2763851629754417,0.0,0.14512745290994644,486.4480381011963,0.0763123631477356,0.3446671933259568
A1_robust_static,44,tum_fr1_desk_val,heuristic,0.4,0.20252352952957153,0.36898475885391235,0.5488669089475458,0.477503259601908,0.5,0.16646122932434082,951.8800430297852,0.1262509822845459,0.3489713014702503
A1_robust_static,44,tum_fr1_desk_val,heuristic,0.6,0.46325528621673584,0.5344743728637695,0.866749279422085,0.614017599579938,0.6666666666666666,0.07121908664703369,1460.6364631652832,0.4010722041130066,0.7249186703887709
A1_robust_static,44,tum_fr1_desk_val,heuristic,0.8,0.42386022210121155,0.5601627826690674,0.7566732879233187,0.6464564203617963,0.8125,0.13630256056785583,1941.3107604980469,0.4229138493537903,0.7519237976324964
A1_robust_static,44,tum_fr1_desk_val,random,0.1,0.06177517771720886,0.17743204534053802,0.34816244222976683,0.3007085393527344,0.25,0.11565686762332916,231.9868507385254,0.10099664330482483,0.5692130608022667
A1_robust_static,44,tum_fr1_desk_val,random,0.2,0.07233557105064392,0.22170570492744446,0.3262684097896011,0.33798271290137205,0.125,0.14937013387680054,474.86019134521484,0.11155703663825989,0.5038508719672755
A1_robust_static,44,tum_fr1_desk_val,random,0.4,0.19325560331344604,0.36898475885391235,0.5237495409734904,0.4902664894978106,0.3125,0.1757291555404663,962.0924854278564,0.23769983649253845,0.6570279280133617
A1_robust_static,44,tum_fr1_desk_val,random,0.6,0.28393375873565674,0.5344743728637695,0.5312392283692063,0.543444195364875,0.4583333333333333,0.2505406141281128,1447.6360569000244,0.2940056025981903,0.5314009505936185
A1_robust_static,44,tum_fr1_desk_val,random,0.8,0.4314954876899719,0.5601627826690674,0.7703037283750663,0.5900634177584175,0.78125,0.12866729497909546,1923.9871807098389,0.452856183052063,0.8051600614691772
A1_robust_static,44,tum_fr1_desk_val,oracle,0.1,0.17743204534053802,0.17743204534053802,0.9999999436403981,0.9990124396284144,1.0,0.0,237.75885391235352,0.17743204534053802,0.9999999436403981
A1_robust_static,44,tum_fr1_desk_val,oracle,0.2,0.22170570492744446,0.22170570492744446,0.9999999548951636,0.9991755450781039,1.0,0.0,487.88024520874023,0.22140882909297943,0.9999999548346848
A1_robust_static,44,tum_fr1_desk_val,oracle,0.4,0.36898475885391235,0.36898475885391235,0.9999999728986103,0.9993046372221637,1.0,0.0,970.6125869750977,0.36178040504455566,0.9999999723589239
A1_robust_static,44,tum_fr1_desk_val,oracle,0.6,0.5344743728637695,0.5344743728637695,0.9999999812900293,0.9993706055906652,1.0,0.0,1446.6301174163818,0.5532650947570801,0.9999999819254821
A1_robust_static,44,tum_fr1_desk_val,oracle,0.8,0.5601627826690674,0.5601627826690674,0.9999999821480466,0.999415532311414,1.0,0.0,1949.3297863006592,0.562442421913147,0.9999999822204025
A1_robust_static,44,tum_fr2_xyz,learned,0.1,0.05332479625940323,0.10548802465200424,0.5055056380120935,0.27937531257086706,0.0,0.05216322839260101,201.6807403564453,0.029802830889821053,0.31607439615382915
A1_robust_static,44,tum_fr2_xyz,learned,0.2,0.0785016417503357,0.19699403643608093,0.39849753416688805,0.27680521817593623,0.0,0.11849239468574524,419.2127113342285,0.07149119675159454,0.36291044346252077
A1_robust_static,44,tum_fr2_xyz,learned,0.4,0.16204312443733215,0.302217960357666,0.5361796462518722,0.3641310761581172,0.25,0.14017483592033386,861.2169551849365,0.1302640587091446,0.4310268464677363
A1_robust_static,44,tum_fr2_xyz,learned,0.6,0.28877314925193787,0.3939777612686157,0.7329681274201917,0.5552336781850975,0.625,0.10520461201667786,1299.9511814117432,0.2876094579696655,0.730014429604893
A1_robust_static,44,tum_fr2_xyz,learned,0.8,0.37549957633018494,0.4344448447227478,0.8643204591980257,0.6166852481917249,0.78125,0.058945268392562866,1730.263292312622,0.3549148738384247,0.8169388358044263
A1_robust_static,44,tum_fr2_xyz,error_only,0.1,0.019471945241093636,0.10548802465200424,0.18458913662890652,0.241150714168025,0.0,0.0860160794109106,205.15362739562988,0.04362928867340088,0.4627111136873978
A1_robust_static,44,tum_fr2_xyz,error_only,0.2,0.07043065875768661,0.19699403643608093,0.3575268391704386,0.4108262113773907,0.375,0.12656337767839432,431.9412021636963,0.07926706969738007,0.40238307264326395
A1_robust_static,44,tum_fr2_xyz,error_only,0.4,0.1431400030851364,0.302217960357666,0.4736316735756463,0.5384689426465595,0.5625,0.1590779572725296,865.1436824798584,0.14313998818397522,0.47363162426963984
A1_robust_static,44,tum_fr2_xyz,error_only,0.6,0.2025032639503479,0.3939777612686157,0.5139966737165999,0.5623976333701154,0.5833333333333334,0.19147449731826782,1292.1442909240723,0.2025032937526703,0.5139967493612798
A1_robust_static,44,tum_fr2_xyz,error_only,0.8,0.31667450070381165,0.4344448447227478,0.7289175996937647,0.644067545962136,0.78125,0.11777034401893616,1717.9099655151367,0.31667450070381165,0.7289175996937647
A1_robust_static,44,tum_fr2_xyz,heuristic,0.1,0.015626659616827965,0.10548802465200424,0.14813679739487937,0.3067448055079983,0.0,0.08986136503517628,216.5330352783203,0.0385054275393486,0.4083699230834279
A1_robust_static,44,tum_fr2_xyz,heuristic,0.2,0.04556719958782196,0.19699403643608093,0.2313125721929228,0.4252167137004941,0.25,0.15142683684825897,429.1535453796387,0.07923812419176102,0.4022361367020885
A1_robust_static,44,tum_fr2_xyz,heuristic,0.4,0.15289218723773956,0.302217960357666,0.505900383940757,0.5118888661778664,0.5,0.14932577311992645,853.2659721374512,0.1576230376958847,0.521554153478506
A1_robust_static,44,tum_fr2_xyz,heuristic,0.6,0.24387945234775543,0.3939777612686157,0.6190183054299208,0.647521056464416,0.7083333333333334,0.1500983089208603,1297.276222229004,0.2818624973297119,0.7154274121154335
A1_robust_static,44,tum_fr2_xyz,heuristic,0.8,0.3132847547531128,0.4344448447227478,0.7211151227767297,0.6711607448469431,0.8125,0.12116008996963501,1730.908275604248,0.3325851261615753,0.7655404881565996
A1_robust_static,44,tum_fr2_xyz,random,0.1,0.026382802054286003,0.10548802465200424,0.25010231863092863,0.18236285276663844,0.0,0.07910522259771824,213.6327247619629,0.026382803916931152,0.27980324579625737
A1_robust_static,44,tum_fr2_xyz,random,0.2,0.051307301968336105,0.19699403643608093,0.26045102832579203,0.21900632934107128,0.0,0.14568673446774483,419.5623970031738,0.0570000596344471,0.2893491486959329
A1_robust_static,44,tum_fr2_xyz,random,0.4,0.11350960284471512,0.302217960357666,0.3755885287376521,0.33434381011105424,0.25,0.1887083575129509,855.2492027282715,0.152957022190094,0.5061149143747934
A1_robust_static,44,tum_fr2_xyz,random,0.6,0.2524595856666565,0.3939777612686157,0.6407965222345716,0.4760095435077439,0.5833333333333334,0.14151817560195923,1287.362995147705,0.24615702033042908,0.6247992609780976
A1_robust_static,44,tum_fr2_xyz,random,0.8,0.3784908950328827,0.4344448447227478,0.871205841013876,0.5922159634996076,0.8125,0.05595394968986511,1724.4321899414062,0.34224674105644226,0.7877794784216189
A1_robust_static,44,tum_fr2_xyz,oracle,0.1,0.10548802465200424,0.10548802465200424,0.9999999052025187,0.99475932829269,1.0,0.0,216.65438079833984,0.09429054707288742,0.9999998939448413
A1_robust_static,44,tum_fr2_xyz,oracle,0.2,0.19699403643608093,0.19699403643608093,0.9999999492370446,0.9961841987002218,1.0,0.0,407.649715423584,0.19699403643608093,0.9999999492370446
A1_robust_static,44,tum_fr2_xyz,oracle,0.4,0.302217960357666,0.302217960357666,0.9999999669112992,0.9970304083896098,1.0,0.0,854.1676864624023,0.302217960357666,0.9999999669112992
A1_robust_static,44,tum_fr2_xyz,oracle,0.6,0.3939777612686157,0.3939777612686157,0.9999999746178574,0.9973328320975512,1.0,0.0,1293.301441192627,0.3939777612686157,0.9999999746178574
A1_robust_static,44,tum_fr2_xyz,oracle,0.8,0.4344448447227478,0.4344448447227478,0.999999976982119,0.9974777704738589,1.0,0.0,1691.9050159454346,0.4344448447227478,0.999999976982119
A1_robust_static,45,tum_fr1_desk_val,learned,0.1,0.028036067262291908,0.4239445924758911,0.06613144051972278,0.04095691946922564,0.0,0.3959085252135992,233.3283863067627,0.042233906686306,0.18809993872189998
A1_robust_static,45,tum_fr1_desk_val,learned,0.2,0.11567725986242294,0.5745325684547424,0.20134151517316465,0.14274932653423433,0.25,0.4588553085923195,452.02222061157227,0.06976035237312317,0.11082251312006416
A1_robust_static,45,tum_fr1_desk_val,learned,0.4,0.4523460268974304,0.8934377431869507,0.5062983126511977,0.37386823277625286,0.625,0.44109171628952026,949.7748851776123,0.3796558678150177,0.42424173831969353
A1_robust_static,45,tum_fr1_desk_val,learned,0.6,0.689232349395752,1.0196146965026855,0.6759733309063806,0.4658582729573307,0.75,0.3303823471069336,1142.055658340454,0.5846073627471924,0.5744875755014176
A1_robust_static,45,tum_fr1_desk_val,learned,0.8,0.8254703283309937,1.098691701889038,0.7513211571531011,0.47970340971533254,0.84375,0.27322137355804443,1142.055658340454,0.5846073627471924,0.532155579014233
A1_robust_static,45,tum_fr1_desk_val,error_only,0.1,0.20166371762752533,0.4239445924758911,0.47568412582630665,0.09214910045355638,0.25,0.22228087484836578,214.59520721435547,0.20166371762752533,0.8981630141373471
A1_robust_static,45,tum_fr1_desk_val,error_only,0.2,0.4252530336380005,0.5745325684547424,0.7401721844595082,0.254913936049301,0.25,0.14927953481674194,471.7061309814453,0.42571061849594116,0.6762913173270271
A1_robust_static,45,tum_fr1_desk_val,error_only,0.4,0.6059102416038513,0.8934377431869507,0.6781784622851788,0.41452220104836607,0.5625,0.28752750158309937,943.4851112365723,0.5688062906265259,0.6356055311125862
A1_robust_static,45,tum_fr1_desk_val,error_only,0.6,0.9170461893081665,1.0196146965026855,0.899404631435405,0.4992244670464195,0.8333333333333334,0.10256850719451904,1407.9036254882812,0.9170461893081665,0.9011717530254332
A1_robust_static,45,tum_fr1_desk_val,error_only,0.8,1.0406547784805298,1.098691701889038,0.9471763254601036,0.5071534805123379,0.875,0.0580369234085083,1872.0402755737305,1.0527558326721191,0.9583011186578374
A1_robust_static,45,tum_fr1_desk_val,heuristic,0.1,0.19880527257919312,0.4239445924758911,0.4689416292084973,0.2017958462893572,0.25,0.225139319896698,226.44871520996094,0.19880527257919312,0.8854321686954418
A1_robust_static,45,tum_fr1_desk_val,heuristic,0.2,0.2592751383781433,0.5745325684547424,0.4512801329308206,0.2085796929417239,0.125,0.3152574300765991,450.4463577270508,0.24943497776985168,0.39625675840411073
A1_robust_static,45,tum_fr1_desk_val,heuristic,0.4,0.5139864683151245,0.8934377431869507,0.5752907423955405,0.4048165920497995,0.5,0.37945127487182617,940.5234966278076,0.5139122605323792,0.5742648783668703
A1_robust_static,45,tum_fr1_desk_val,heuristic,0.6,0.9556113481521606,1.0196146965026855,0.9372278980066318,0.5230614098843666,0.6666666666666666,0.0640033483505249,1399.5056114196777,0.9265679121017456,0.9105286509895207
A1_robust_static,45,tum_fr1_desk_val,heuristic,0.8,1.0259594917297363,1.098691701889038,0.9338010659657663,0.5693971267041272,0.8125,0.07273221015930176,1884.1752490997314,1.0251739025115967,0.9331938775414605
A1_robust_static,45,tum_fr1_desk_val,random,0.1,0.22616028785705566,0.4239445924758911,0.5334666051560757,0.5307635733176685,0.25,0.19778430461883545,219.16009330749512,0.265083372592926,1.1806193187686178
A1_robust_static,45,tum_fr1_desk_val,random,0.2,0.4820324778556824,0.5745325684547424,0.8389993812920974,0.5549509415861638,0.375,0.09250009059906006,465.470401763916,0.29699957370758057,0.47181870552796695
A1_robust_static,45,tum_fr1_desk_val,random,0.4,0.7198472023010254,0.8934377431869507,0.8057049298994625,0.5649514561616419,0.5,0.1735905408859253,947.8250522613525,0.7178478240966797,0.8021501432243596
A1_robust_static,45,tum_fr1_desk_val,random,0.6,0.8943629264831543,1.0196146965026855,0.8771577349554429,0.7382612263400244,0.7083333333333334,0.12525177001953125,1425.5332107543945,0.9158051013946533,0.8999521488400397
A1_robust_static,45,tum_fr1_desk_val,random,0.8,0.9822285175323486,1.098691701889038,0.8939982953394195,0.7499988124219268,0.84375,0.11646318435668945,1883.411045074463,0.9964674711227417,0.9070630270072113
A1_robust_static,45,tum_fr1_desk_val,oracle,0.1,0.4239445924758911,0.4239445924758911,0.9999999764120124,0.9990754419766936,1.0,0.0,213.1776237487793,0.22452907264232635,0.9999999554623398
A1_robust_static,45,tum_fr1_desk_val,oracle,0.2,0.5745325684547424,0.5745325684547424,0.9999999825945466,0.9992137411796809,1.0,0.0,453.4726676940918,0.6294781565666199,0.9999999841138254
A1_robust_static,45,tum_fr1_desk_val,oracle,0.4,0.8934377431869507,0.8934377431869507,0.9999999888072784,0.9992848018861866,1.0,0.0,940.611644744873,0.8949045538902283,0.999999988825624
A1_robust_static,45,tum_fr1_desk_val,oracle,0.6,1.0196146965026855,1.0196146965026855,0.9999999901923737,0.9993025543692436,1.0,0.0,1425.4230346679688,1.0176153182983398,0.999999990173104
A1_robust_static,45,tum_fr1_desk_val,oracle,0.8,1.098691701889038,1.098691701889038,0.9999999908982657,0.9993112184670369,1.0,0.0,1892.0067749023438,1.0985647439956665,0.9999999908972139
A1_robust_static,45,tum_fr2_xyz,learned,0.1,0.05088534578680992,0.07897429913282394,0.6443278370593627,0.4226284347651395,0.0,0.028088953346014023,233.56967163085938,0.05088534206151962,0.618249979718101
A1_robust_static,45,tum_fr2_xyz,learned,0.2,0.09047550708055496,0.17670920491218567,0.5120022016141949,0.5019913770467499,0.25,0.0862336978316307,510.06740951538086,0.09047550708055496,0.5025290429116426
A1_robust_static,45,tum_fr2_xyz,learned,0.4,0.176174595952034,0.404036283493042,0.43603656104490013,0.6548997311186335,0.3125,0.227861687541008,1021.4258728027344,0.17546549439430237,0.42819060928356023
A1_robust_static,45,tum_fr2_xyz,learned,0.6,0.229426771402359,0.483527272939682,0.4744856794998661,0.7194876024294677,0.5833333333333334,0.254100501537323,1518.831829071045,0.19560666382312775,0.3882747172841283
A1_robust_static,45,tum_fr2_xyz,learned,0.8,0.2829499840736389,0.5111280679702759,0.5535794182883719,0.7775161559825681,0.8125,0.22817808389663696,1518.831829071045,0.19560666382312775,0.38269598610175165
A1_robust_static,45,tum_fr2_xyz,error_only,0.1,0.0005494765937328339,0.07897429913282394,0.006957662558449099,0.4413868529531632,0.0,0.07842482253909111,260.0097770690918,0.01795654371380806,0.21816956194275589
A1_robust_static,45,tum_fr2_xyz,error_only,0.2,0.052129585295915604,0.17670920491218567,0.29500207627440944,0.6076073837951446,0.375,0.12457961961627007,523.2030982971191,0.045101385563611984,0.25050709139536864
A1_robust_static,45,tum_fr2_xyz,error_only,0.4,0.10418011248111725,0.404036283493042,0.25784840163848144,0.6503066732975246,0.5625,0.29985617101192474,1026.902572631836,0.10620706528425217,0.25917841083950177
A1_robust_static,45,tum_fr2_xyz,error_only,0.6,0.14192929863929749,0.483527272939682,0.29352903889190174,0.6987979204248703,0.6666666666666666,0.3415979743003845,1562.7069549560547,0.18201874196529388,0.36130300571401625
A1_robust_static,45,tum_fr2_xyz,error_only,0.8,0.3928336501121521,0.5111280679702759,0.7685620630980028,0.7435692834675565,0.78125,0.11829441785812378,2101.470027923584,0.391345351934433,0.7656502720188877
A1_robust_static,45,tum_fr2_xyz,heuristic,0.1,0.04564593732357025,0.07897429913282394,0.5779846360770318,0.6423949719523951,0.5,0.03332836180925369,259.84404373168945,0.049101442098617554,0.5965758379868743
A1_robust_static,45,tum_fr2_xyz,heuristic,0.2,0.11059650033712387,0.17670920491218567,0.6258671931290283,0.7106693221061058,0.375,0.0661127045750618,518.3291931152344,0.13839884102344513,0.7687101113196199
A1_robust_static,45,tum_fr2_xyz,heuristic,0.4,0.1276034563779831,0.404036283493042,0.31582176758133385,0.7216721664378186,0.5625,0.2764328271150589,1045.6986389160156,0.1396886557340622,0.3408839488085232
A1_robust_static,45,tum_fr2_xyz,heuristic,0.6,0.373849481344223,0.483527272939682,0.7731714311369254,0.7753655166947173,0.75,0.10967779159545898,1559.6549453735352,0.3940621316432953,0.7822042448131095
A1_robust_static,45,tum_fr2_xyz,heuristic,0.8,0.437313437461853,0.5111280679702759,0.855584845188811,0.8104008464399548,0.8125,0.07381463050842285,2089.827537536621,0.44066956639289856,0.8621509664325762
A1_robust_static,45,tum_fr2_xyz,random,0.1,0.014545667916536331,0.07897429913282394,0.18418227492275388,0.3655845667900254,0.0,0.06442863121628761,259.9891777038574,0.0606626495718956,0.7370429351173098
A1_robust_static,45,tum_fr2_xyz,random,0.2,0.02896174043416977,0.17670920491218567,0.16389490750984373,0.4583721715104885,0.0,0.1477474644780159,514.1679267883301,0.016072828322649002,0.08927347626438306
A1_robust_static,45,tum_fr2_xyz,random,0.4,0.13675622642040253,0.404036283493042,0.3384751039024113,0.6625105844244279,0.5625,0.26728005707263947,1043.5414123535156,0.12833750247955322,0.31318358957323705
A1_robust_static,45,tum_fr2_xyz,random,0.6,0.3516525626182556,0.483527272939682,0.7272651927318914,0.7286111302189776,0.6666666666666666,0.1318747103214264,1585.9310417175293,0.3691602945327759,0.7327746723488244
A1_robust_static,45,tum_fr2_xyz,random,0.8,0.4227803349494934,0.5111280679702759,0.8271514580619062,0.765230729640543,0.75,0.08834773302078247,2116.135929107666,0.4240981638431549,0.8297297333523084
A1_robust_static,45,tum_fr2_xyz,oracle,0.1,0.07897429913282394,0.07897429913282394,0.9999998733765435,0.9981488772753554,1.0,0.0,261.21673583984375,0.0823054388165474,0.9999998785013612
A1_robust_static,45,tum_fr2_xyz,oracle,0.2,0.17670920491218567,0.17670920491218567,0.9999999434098555,0.9985674144754896,1.0,0.0,525.589282989502,0.18004034459590912,0.9999999444568968
A1_robust_static,45,tum_fr2_xyz,oracle,0.4,0.404036283493042,0.404036283493042,0.9999999752497483,0.9988976967943068,1.0,0.0,1026.9487419128418,0.40978360176086426,0.9999999755968767
A1_robust_static,45,tum_fr2_xyz,oracle,0.6,0.483527272939682,0.483527272939682,0.9999999793186437,0.9990599600740507,1.0,0.0,1581.8491706848145,0.5037841796875,0.9999999801502305
A1_robust_static,45,tum_fr2_xyz,oracle,0.8,0.5111280679702759,0.5111280679702759,0.9999999804354319,0.9991631200880342,1.0,0.0,2029.7697486877441,0.5111280679702759,0.9999999804354319
A1_robust_static,46,tum_fr1_desk_val,learned,0.1,0.08256019651889801,0.2551996409893036,0.3235121842794308,0.19144482149623468,0.0,0.17263944447040558,250.85955047607422,0.0845438688993454,0.35080926260158757
A1_robust_static,46,tum_fr1_desk_val,learned,0.2,0.15683802962303162,0.33358636498451233,0.470157180821049,0.2069908775755804,0.125,0.1767483353614807,483.32413482666016,0.10042422264814377,0.30104411093226635
A1_robust_static,46,tum_fr1_desk_val,learned,0.4,0.2614462375640869,0.5427982211112976,0.48166376118952176,0.2635300073906367,0.4375,0.2813519835472107,976.7976608276367,0.2821119427680969,0.5133549331765701
A1_robust_static,46,tum_fr1_desk_val,learned,0.6,0.3687780499458313,0.6048338413238525,0.6097179401229852,0.3197091740300594,0.5416666666666666,0.23605579137802124,1355.0794219970703,0.3546416759490967,0.5839727027943749
A1_robust_static,46,tum_fr1_desk_val,learned,0.8,0.5219303369522095,0.6498000621795654,0.8032168035955211,0.44151581909975,0.75,0.12786972522735596,1355.0794219970703,0.3546416759490967,0.5457704972084887
A1_robust_static,46,tum_fr1_desk_val,error_only,0.1,0.019585009664297104,0.2551996409893036,0.07674387323169964,0.08602033582014314,0.0,0.23561463132500648,249.45075225830078,0.02204277738928795,0.0914650652057742
A1_robust_static,46,tum_fr1_desk_val,error_only,0.2,0.06619373708963394,0.33358636498451233,0.19843057766585093,0.12257799601586754,0.0,0.2673926278948784,485.7717514038086,0.06619374454021454,0.19843058227301874
A1_robust_static,46,tum_fr1_desk_val,error_only,0.4,0.24348852038383484,0.5427982211112976,0.4485801655715214,0.2851920306371559,0.375,0.29930970072746277,1018.0611991882324,0.24523746967315674,0.44625499942036273
A1_robust_static,46,tum_fr1_desk_val,error_only,0.6,0.40301045775413513,0.6048338413238525,0.6663159756551836,0.4207065960650758,0.7083333333333334,0.2018233835697174,1521.116870880127,0.28143659234046936,0.4634291416948205
A1_robust_static,46,tum_fr1_desk_val,error_only,0.8,0.4840840995311737,0.6498000621795654,0.7449739085245932,0.4816057569121695,0.84375,0.16571596264839172,2011.5807151794434,0.4560319781303406,0.7018035846494555
A1_robust_static,46,tum_fr1_desk_val,heuristic,0.1,0.020070012658834457,0.2551996409893036,0.07864435778431245,0.07807992869821892,0.0,0.23512962833046913,237.68840789794922,0.020070012658834457,0.0832792067941991
A1_robust_static,46,tum_fr1_desk_val,heuristic,0.2,0.07514779269695282,0.33358636498451233,0.22527236821480423,0.1165451296993631,0.0,0.2584385722875595,484.88086700439453,0.07514779269695282,0.2252723480891647
A1_robust_static,46,tum_fr1_desk_val,heuristic,0.4,0.3555627465248108,0.5427982211112976,0.6550550944074552,0.4275184970324972,0.5,0.18723547458648682,1008.1904258728027,0.3614104390144348,0.657653234914914
A1_robust_static,46,tum_fr1_desk_val,heuristic,0.6,0.5172685980796814,0.6048338413238525,0.8552242850619067,0.48398503360259193,0.75,0.08756524324417114,1526.215877532959,0.41254666447639465,0.6793222766002945
A1_robust_static,46,tum_fr1_desk_val,heuristic,0.8,0.5118833780288696,0.6498000621795654,0.7877551880102223,0.496227314004826,0.84375,0.1379166841506958,2030.488567352295,0.510245144367218,0.7852341251045878
A1_robust_static,46,tum_fr1_desk_val,random,0.1,0.03657643496990204,0.2551996409893036,0.14332478445056768,0.05617028823694852,0.0,0.21862320601940155,242.66392135620117,0.035848360508680344,0.14875043074381228
A1_robust_static,46,tum_fr1_desk_val,random,0.2,0.03539092093706131,0.33358636498451233,0.10609222555538857,0.07158205528038478,0.0,0.298195444047451,505.9210739135742,0.07925400137901306,0.23758162875269817
A1_robust_static,46,tum_fr1_desk_val,random,0.4,0.14307524263858795,0.5427982211112976,0.2635882625219005,0.13562151528136626,0.25,0.39972297847270966,1018.1699295043945,0.14307524263858795,0.2603519046491778
A1_robust_static,46,tum_fr1_desk_val,random,0.6,0.28255051374435425,0.6048338413238525,0.46715393512765746,0.2273643610202438,0.5833333333333334,0.3222833275794983,1507.9950408935547,0.28255051374435425,0.46526338661594063
A1_robust_static,46,tum_fr1_desk_val,random,0.8,0.42453208565711975,0.6498000621795654,0.6533272368424803,0.3063374092381643,0.78125,0.22526797652244568,2024.437370300293,0.46040213108062744,0.7085289660986948
A1_robust_static,46,tum_fr1_desk_val,oracle,0.1,0.2551996409893036,0.2551996409893036,0.9999999608149934,0.9987944948875708,1.0,0.0,239.51910018920898,0.24099667370319366,0.9999999585056532
A1_robust_static,46,tum_fr1_desk_val,oracle,0.2,0.33358636498451233,0.33358636498451233,0.9999999700227565,0.9989702916294009,1.0,0.0,506.73410415649414,0.3335863947868347,0.9999999700227592
A1_robust_static,46,tum_fr1_desk_val,oracle,0.4,0.5427982211112976,0.5427982211112976,0.999999981576948,0.9990720586489739,1.0,0.0,1012.5766410827637,0.5495455861091614,0.9999999818031476
A1_robust_static,46,tum_fr1_desk_val,oracle,0.6,0.6048338413238525,0.6048338413238525,0.9999999834665337,0.9991141544524638,1.0,0.0,1523.0459518432617,0.6072915196418762,0.9999999835334439
A1_robust_static,46,tum_fr1_desk_val,oracle,0.8,0.6498000621795654,0.6498000621795654,0.9999999846106511,0.9991387535918412,1.0,0.0,2029.3511352539062,0.6498000025749207,0.9999999846106497
A1_robust_static,46,tum_fr2_xyz,learned,0.1,0.03235587105154991,0.06018306314945221,0.5376241085462817,0.17130231491580908,0.0,0.027827192097902298,231.35899353027344,0.03989432007074356,0.5844126426415124
A1_robust_static,46,tum_fr2_xyz,learned,0.2,0.03418580815196037,0.09243206679821014,0.3698478854542231,0.20590225213868374,0.0,0.05824625864624977,462.349422454834,0.03110506199300289,0.31691250150755107
A1_robust_static,46,tum_fr2_xyz,learned,0.4,0.05491333454847336,0.17216911911964417,0.3189499466557263,0.27281682167056265,0.3125,0.1172557845711708,924.1084117889404,0.06755273789167404,0.37298687184315943
A1_robust_static,46,tum_fr2_xyz,learned,0.6,0.13517645001411438,0.23603671789169312,0.5726924416446788,0.4122378384757423,0.625,0.10086026787757874,1361.2530345916748,0.11849086731672287,0.4871749939384788
A1_robust_static,46,tum_fr2_xyz,learned,0.8,0.15035992860794067,0.2549758553504944,0.5897025916600116,0.45506705288409666,0.75,0.10461592674255371,1607.6179027557373,0.13998107612133026,0.5524256542520513
A1_robust_static,46,tum_fr2_xyz,error_only,0.1,0.07153297960758209,0.06018306314945221,1.1885896791934294,0.5940903541527573,0.5,-0.011349916458129883,231.91901779174805,0.10615593940019608,1.5550803464490413
A1_robust_static,46,tum_fr2_xyz,error_only,0.2,0.11777238547801971,0.09243206679821014,1.2741505931445247,0.7687236694713498,0.625,-0.02534031867980957,453.5233497619629,0.12614639103412628,1.2852367356724002
A1_robust_static,46,tum_fr2_xyz,error_only,0.4,0.1634545773267746,0.17216911911964417,0.9493837725878626,0.7870382744665994,0.75,0.008714541792869568,908.7992820739746,0.17757052183151245,0.9804409937566185
A1_robust_static,46,tum_fr2_xyz,error_only,0.6,0.21187283098697662,0.23603671789169312,0.8976265383758233,0.830393751621323,0.8333333333333334,0.02416388690471649,1367.7906436920166,0.22379863262176514,0.9201476869902256
A1_robust_static,46,tum_fr2_xyz,error_only,0.8,0.22204983234405518,0.2549758553504944,0.8708660799673,0.8316412529181141,0.84375,0.03292602300643921,1806.3478298187256,0.22204983234405518,0.8763043356153424
A1_robust_static,46,tum_fr2_xyz,heuristic,0.1,0.032827235758304596,0.06018306314945221,0.5454562892922558,0.3964614360190508,0.25,0.027355827391147614,230.38236236572266,0.07163728773593903,1.0494159710753588
A1_robust_static,46,tum_fr2_xyz,heuristic,0.2,0.08381007611751556,0.09243206679821014,0.9067206863747377,0.5285384393559686,0.375,0.00862199068069458,455.21783447265625,0.12724079191684723,1.2963869890129396
A1_robust_static,46,tum_fr2_xyz,heuristic,0.4,0.1819906234741211,0.17216911911964417,1.0570456179031478,0.669473788445533,0.625,-0.009821504354476929,907.2417316436768,0.1982787698507309,1.0947798775843394
A1_robust_static,46,tum_fr2_xyz,heuristic,0.6,0.20464134216308594,0.23603671789169312,0.8669894045344794,0.7134098106774063,0.7916666666666666,0.03139537572860718,1382.434133529663,0.19665393233299255,0.8085422991817575
A1_robust_static,46,tum_fr2_xyz,heuristic,0.8,0.22572113573551178,0.2549758553504944,0.8852647109373724,0.728508245586476,0.78125,0.029254719614982605,1846.6570644378662,0.23255698382854462,0.9177700836576952
A1_robust_static,46,tum_fr2_xyz,random,0.1,0.028644654899835587,0.06018306314945221,0.475958660813191,0.17378809255645222,0.0,0.03153840824961662,207.5264434814453,0.011959073133766651,0.1751886865411971
A1_robust_static,46,tum_fr2_xyz,random,0.2,0.05286577343940735,0.09243206679821014,0.5719418547180263,0.20752502987892105,0.0,0.039566293358802795,450.79308700561523,0.04568219184875488,0.46543092234934114
A1_robust_static,46,tum_fr2_xyz,random,0.4,0.10219990462064743,0.17216911911964417,0.5936017980878933,0.2775655295126541,0.3125,0.06996921449899673,919.8458633422852,0.09562242031097412,0.5279713086841132
A1_robust_static,46,tum_fr2_xyz,random,0.6,0.14064808189868927,0.23603671789169312,0.5958737148873988,0.37546246978107334,0.5833333333333334,0.09538863599300385,1383.93705368042,0.14038969576358795,0.5772119888348408
A1_robust_static,46,tum_fr2_xyz,random,0.8,0.16988544166088104,0.2549758553504944,0.6662804788498452,0.454475494728667,0.78125,0.08509041368961334,1853.5198764801025,0.1988513022661209,0.7847529380187074
A1_robust_static,46,tum_fr2_xyz,oracle,0.1,0.06018306314945221,0.06018306314945221,0.9999998338403229,0.9942771877023409,1.0,0.0,220.34718322753906,0.0682639479637146,0.9999998535098126
A1_robust_static,46,tum_fr2_xyz,oracle,0.2,0.09243206679821014,0.09243206679821014,0.9999998918124493,0.9955344678337446,1.0,0.0,456.6953582763672,0.09815030544996262,0.9999998981154574
A1_robust_static,46,tum_fr2_xyz,oracle,0.4,0.17216911911964417,0.17216911911964417,0.9999999419175781,0.9962986820154223,1.0,0.0,901.4705352783203,0.18111290037631989,0.9999999447858247
A1_robust_static,46,tum_fr2_xyz,oracle,0.6,0.23603671789169312,0.23603671789169312,0.999999957633712,0.9965845853371312,1.0,0.0,1379.3910827636719,0.24322032928466797,0.9999999588850175
A1_robust_static,46,tum_fr2_xyz,oracle,0.8,0.2549758553504944,0.2549758553504944,0.9999999607806018,0.9967015813178968,1.0,0.0,1762.002248764038,0.2533935010433197,0.9999999605356903
A1_online_adaptive,42,tum_fr1_desk_val,learned,0.1,0.05306234583258629,0.14877355098724365,0.35666515932314097,0.3838752839049028,0.25,0.09571120515465736,214.76863861083984,0.05075431987643242,0.3411514757032956
A1_online_adaptive,42,tum_fr1_desk_val,learned,0.2,0.1867445707321167,0.22372642159461975,0.8347005286817778,0.5353709373151184,0.375,0.03698185086250305,505.5186004638672,0.1838018298149109,0.7158368921643545
A1_online_adaptive,42,tum_fr1_desk_val,learned,0.4,0.26380670070648193,0.37412458658218384,0.705130598513139,0.6203145245313444,0.5625,0.1103178858757019,673.7720642089844,0.19631178677082062,0.5247230998447087
A1_online_adaptive,42,tum_fr1_desk_val,learned,0.6,0.3261391520500183,0.4049728810787201,0.8053357625526154,0.6660694948534839,0.7083333333333334,0.07883372902870178,673.7720642089844,0.19631178677082062,0.48475287271981726
A1_online_adaptive,42,tum_fr1_desk_val,learned,0.8,0.4076228439807892,0.44048771262168884,0.9253897964617608,0.6805916872128321,0.8125,0.03286486864089966,673.7720642089844,0.19631178677082062,0.4456690848009735
A1_online_adaptive,42,tum_fr1_desk_val,error_only,0.1,0.06857450306415558,0.14877355098724365,0.46093205411703086,0.5437648392698797,0.5,0.08019904792308807,256.9504623413086,0.06857451051473618,0.4609321041970353
A1_online_adaptive,42,tum_fr1_desk_val,error_only,0.2,0.09010078012943268,0.22372642159461975,0.40272747161448696,0.5804943631866961,0.5,0.13362564146518707,515.6719818115234,0.09010078012943268,0.3509076187891388
A1_online_adaptive,42,tum_fr1_desk_val,error_only,0.4,0.15207260847091675,0.37412458658218384,0.40647583682061117,0.6156377613489047,0.5,0.2220519781112671,1065.4119758605957,0.15207260847091675,0.4064759015793893
A1_online_adaptive,42,tum_fr1_desk_val,error_only,0.6,0.2432376742362976,0.4049728810787201,0.6006270533032202,0.681100949383126,0.7083333333333334,0.16173520684242249,1590.2780227661133,0.25232094526290894,0.6230563384681865
A1_online_adaptive,42,tum_fr1_desk_val,error_only,0.8,0.30563119053840637,0.44048771262168884,0.6938472398716469,0.7020569025984296,0.78125,0.13485652208328247,2113.029956817627,0.31013938784599304,0.7040817029668162
A1_online_adaptive,42,tum_fr1_desk_val,heuristic,0.1,0.005611671134829521,0.14877355098724365,0.03771954571491829,0.1064469057048335,0.0,0.14316187985241413,261.2393493652344,0.005611671134829521,0.03771954571491829
A1_online_adaptive,42,tum_fr1_desk_val,heuristic,0.2,0.07920163124799728,0.22372642159461975,0.35401106021977047,0.21468645409951836,0.125,0.14452479034662247,501.0509796142578,0.07920163124799728,0.30845965801323155
A1_online_adaptive,42,tum_fr1_desk_val,heuristic,0.4,0.3357294201850891,0.37412458658218384,0.8973732902143993,0.4798170475337186,0.5,0.03839516639709473,1038.1252822875977,0.3469972312450409,0.9274912414148159
A1_online_adaptive,42,tum_fr1_desk_val,heuristic,0.6,0.38808923959732056,0.4049728810787201,0.9583091810505469,0.5190286223306101,0.7083333333333334,0.016883641481399536,1593.5699768066406,0.38411521911621094,0.9484960581575321
A1_online_adaptive,42,tum_fr1_desk_val,heuristic,0.8,0.39814072847366333,0.44048771262168884,0.9038633951112525,0.5897713631406085,0.78125,0.04234698414802551,2103.2923126220703,0.3977099359035492,0.9028852829774877
A1_online_adaptive,42,tum_fr1_desk_val,random,0.1,0.06065090745687485,0.14877355098724365,0.40767262041993646,0.33996163084163195,0.25,0.0881226435303688,266.27310943603516,0.02407767064869404,0.1618410589147526
A1_online_adaptive,42,tum_fr1_desk_val,random,0.2,0.07797348499298096,0.22372642159461975,0.34852156018053654,0.3708956596023649,0.25,0.1457529366016388,501.1737060546875,0.07297791540622711,0.2842206968974843
A1_online_adaptive,42,tum_fr1_desk_val,random,0.4,0.12869754433631897,0.37412458658218384,0.34399648008186495,0.41383764072107665,0.3125,0.24542704224586487,1053.9393615722656,0.12869754433631897,0.34399653488657833
A1_online_adaptive,42,tum_fr1_desk_val,random,0.6,0.13060513138771057,0.4049728810787201,0.3225033928562963,0.478221728948749,0.5416666666666666,0.2743677496910095,1595.1661529541016,0.15076375007629395,0.37228106449265425
A1_online_adaptive,42,tum_fr1_desk_val,random,0.8,0.33425745368003845,0.44048771262168884,0.7588348925836331,0.5683479362940784,0.75,0.10623025894165039,2114.5233726501465,0.2870420813560486,0.6516459546398025
A1_online_adaptive,42,tum_fr1_desk_val,oracle,0.1,0.14877355098724365,0.14877355098724365,0.9999999327837559,0.998689441429152,1.0,0.0,242.072265625,0.14877355098724365,0.9999999327837559
A1_online_adaptive,42,tum_fr1_desk_val,oracle,0.2,0.22372642159461975,0.22372642159461975,0.9999999553025545,0.9989296875535879,1.0,0.0,524.999454498291,0.2567649483680725,0.9999999610538757
A1_online_adaptive,42,tum_fr1_desk_val,oracle,0.4,0.37412458658218384,0.37412458658218384,0.9999999732709368,0.9991018014659692,1.0,0.0,1069.6543579101562,0.37412452697753906,0.9999999732709325
A1_online_adaptive,42,tum_fr1_desk_val,oracle,0.6,0.4049728810787201,0.4049728810787201,0.9999999753069891,0.9991690715656091,1.0,0.0,1583.0228843688965,0.4049729108810425,0.9999999753069909
A1_online_adaptive,42,tum_fr1_desk_val,oracle,0.8,0.44048771262168884,0.44048771262168884,0.9999999772978917,0.9992107276072697,1.0,0.0,2093.064628601074,0.4404877722263336,0.9999999772978947
A1_online_adaptive,42,tum_fr2_xyz,learned,0.1,0.0747782289981842,0.09468899667263031,0.7897245057888935,0.684069561018027,0.5,0.019910767674446106,244.14097595214844,0.03637169674038887,0.3841173876101553
A1_online_adaptive,42,tum_fr2_xyz,learned,0.2,0.09795888513326645,0.14344912767410278,0.6828823562245171,0.6684974309559377,0.5,0.045490242540836334,505.7628746032715,0.10632144659757614,0.6715851204002882
A1_online_adaptive,42,tum_fr2_xyz,learned,0.4,0.16796359419822693,0.23647519946098328,0.7102799256678097,0.7933841184736002,0.625,0.06851160526275635,593.8740882873535,0.1277541071176529,0.5222662329011405
A1_online_adaptive,42,tum_fr2_xyz,learned,0.6,0.17411351203918457,0.23266978561878204,0.7483288132700342,0.8339452860874934,0.7916666666666666,0.05855627357959747,593.8740882873535,0.1277541071176529,0.5272994317431611
A1_online_adaptive,42,tum_fr2_xyz,learned,0.8,0.18181881308555603,0.2437291443347931,0.745987133060843,0.8480810683263317,0.78125,0.06191033124923706,593.8740882873535,0.1277541071176529,0.5189995619451464
A1_online_adaptive,42,tum_fr2_xyz,error_only,0.1,0.022101812064647675,0.09468899667263031,0.23341476314204662,0.4994131467375853,0.0,0.07258718460798264,253.43963241577148,0.032821349799633026,0.3466225739442735
A1_online_adaptive,42,tum_fr2_xyz,error_only,0.2,0.013497275300323963,0.14344912767410278,0.09409101734015275,0.5711001802017363,0.25,0.12995185237377882,480.0172119140625,0.02185984142124653,0.13807886087541005
A1_online_adaptive,42,tum_fr2_xyz,error_only,0.4,0.04569162800908089,0.23647519946098328,0.19321952653400518,0.6338610449163425,0.4375,0.1907835714519024,1002.3053932189941,0.045691631734371185,0.1867900525424193
A1_online_adaptive,42,tum_fr2_xyz,error_only,0.6,0.12030698359012604,0.23266978561878204,0.5170717723380094,0.7213777055817587,0.7916666666666666,0.112362802028656,1518.325584411621,0.14539283514022827,0.6001025022104822
A1_online_adaptive,42,tum_fr2_xyz,error_only,0.8,0.19761008024215698,0.2437291443347931,0.8107773597356118,0.8133988989623127,0.84375,0.04611906409263611,2037.7282829284668,0.22829017043113708,0.9274261401320633
A1_online_adaptive,42,tum_fr2_xyz,heuristic,0.1,-0.013056713156402111,0.09468899667263031,-0.13789048607874066,0.4293510688057022,0.0,0.10774570982903242,247.5664291381836,-0.0013752956874668598,-0.014524342662151942
A1_online_adaptive,42,tum_fr2_xyz,heuristic,0.2,0.006205469369888306,0.14344912767410278,0.04325902177248567,0.5211627840012566,0.125,0.13724365830421448,483.7666473388672,0.013152655214071274,0.0830794521537944
A1_online_adaptive,42,tum_fr2_xyz,heuristic,0.4,0.09066615253686905,0.23647519946098328,0.3834065851703086,0.6480782423757502,0.5625,0.14580904692411423,981.9263038635254,0.10484453290700912,0.4286105588072879
A1_online_adaptive,42,tum_fr2_xyz,heuristic,0.6,0.12283164262771606,0.23266978561878204,0.5279225964893597,0.6994000684442521,0.75,0.10983814299106598,1513.3759231567383,0.10432889312505722,0.4306128961362691
A1_online_adaptive,42,tum_fr2_xyz,heuristic,0.8,0.15776990354061127,0.2437291443347931,0.6473165016766692,0.7837634844069536,0.84375,0.08595924079418182,2025.539234161377,0.18844999372959137,0.7655758895027249
A1_online_adaptive,42,tum_fr2_xyz,random,0.1,0.029036005958914757,0.09468899667263031,0.3066460086470372,0.6709944369914312,0.25,0.06565299071371555,238.64532852172852,0.029036005958914757,0.3066459845186753
A1_online_adaptive,42,tum_fr2_xyz,random,0.2,0.005260948091745377,0.14344912767410278,0.0366746581892848,0.6308344263501502,0.25,0.1381881795823574,490.67428970336914,7.88824399933219e-05,0.0004982651633860606
A1_online_adaptive,42,tum_fr2_xyz,random,0.4,0.10175710916519165,0.23647519946098328,0.4303077239983621,0.7226708619804041,0.4375,0.13471809029579163,986.7052268981934,0.08689206093549728,0.35521980746971904
A1_online_adaptive,42,tum_fr2_xyz,random,0.6,0.10297159105539322,0.23266978561878204,0.44256535654549284,0.776653179420636,0.5416666666666666,0.12969819456338882,1528.574951171875,0.10297159850597382,0.42501072257411804
A1_online_adaptive,42,tum_fr2_xyz,random,0.8,0.15030041337013245,0.2437291443347931,0.6166698185136918,0.8252794601805842,0.78125,0.09342873096466064,2033.7995834350586,0.1501648724079132,0.6100430331173811
A1_online_adaptive,42,tum_fr2_xyz,oracle,0.1,0.09468899667263031,0.09468899667263031,0.9999998943911195,0.9980827636077293,1.0,0.0,236.42148208618164,0.09468900412321091,0.9999998943911278
A1_online_adaptive,42,tum_fr2_xyz,oracle,0.2,0.14344912767410278,0.14344912767410278,0.9999999302888803,0.9985349673611575,1.0,0.0,504.7238426208496,0.15831416845321655,0.9999999368344636
A1_online_adaptive,42,tum_fr2_xyz,oracle,0.4,0.23647519946098328,0.23647519946098328,0.9999999577122692,0.9988811290201598,1.0,0.0,1000.6325302124023,0.24461489915847778,0.9999999591194174
A1_online_adaptive,42,tum_fr2_xyz,oracle,0.6,0.23266978561878204,0.23266978561878204,0.9999999570206354,0.9990371236897769,1.0,0.0,1507.3785591125488,0.2422799915075302,0.9999999587254419
A1_online_adaptive,42,tum_fr2_xyz,oracle,0.8,0.2437291443347931,0.2437291443347931,0.9999999589708501,0.9991339557378773,1.0,0.0,1687.3036079406738,0.2461545467376709,0.9999999593751173
A1_online_adaptive,43,tum_fr1_desk_val,learned,0.1,0.12577305734157562,0.22852715849876404,0.5503636970947542,0.7259943537602894,0.5,0.10275410115718842,230.52141571044922,0.12577305734157562,0.550363661208178
A1_online_adaptive,43,tum_fr1_desk_val,learned,0.2,0.26018136739730835,0.3096950054168701,0.8401212626786612,0.795008988233768,0.625,0.04951363801956177,499.85192108154297,0.30315351486206055,1.0315119461716993
A1_online_adaptive,43,tum_fr1_desk_val,learned,0.4,0.30881041288375854,0.436788409948349,0.7070022893928276,0.8117582042654732,0.625,0.12797799706459045,993.3838844299316,0.32953977584838867,0.6922959892172948
A1_online_adaptive,43,tum_fr1_desk_val,learned,0.6,0.4650680124759674,0.4868185222148895,0.955321093385736,0.8236180468662458,0.7083333333333334,0.02175050973892212,1502.5255851745605,0.44768401980400085,0.9125786956381122
A1_online_adaptive,43,tum_fr1_desk_val,learned,0.8,0.5197800993919373,0.5047381520271301,1.0298014663769341,0.8505016991101026,0.84375,-0.015041947364807129,1907.065071105957,0.49245497584342957,0.9812893211351058
A1_online_adaptive,43,tum_fr1_desk_val,error_only,0.1,0.04090098291635513,0.22852715849876404,0.17897645686961872,0.484921514679981,0.25,0.1876261755824089,250.1497039794922,0.06103501468896866,0.26707988861945003
A1_online_adaptive,43,tum_fr1_desk_val,error_only,0.2,0.1520766019821167,0.3096950054168701,0.491052791977977,0.5919248399165965,0.375,0.15761840343475342,498.0586280822754,0.09350328147411346,0.3181548196486822
A1_online_adaptive,43,tum_fr1_desk_val,error_only,0.4,0.20650187134742737,0.436788409948349,0.4727732282184738,0.5992483204231999,0.5,0.23028653860092163,996.623893737793,0.20650188624858856,0.4338184282842861
A1_online_adaptive,43,tum_fr1_desk_val,error_only,0.6,0.2458968162536621,0.4868185222148895,0.5051098098811064,0.630558943862973,0.5833333333333334,0.24092170596122742,1502.3970565795898,0.22637872397899628,0.46146029679464207
A1_online_adaptive,43,tum_fr1_desk_val,error_only,0.8,0.40637311339378357,0.5047381520271301,0.8051166802242716,0.7268805303346945,0.78125,0.09836503863334656,1983.1105346679688,0.4080101549625397,0.8130205351132747
A1_online_adaptive,43,tum_fr1_desk_val,heuristic,0.1,0.01342027261853218,0.22852715849876404,0.058725064099346955,0.03694209229533601,0.0,0.21510688588023186,231.04678344726562,0.013741357252001762,0.06013007751447331
A1_online_adaptive,43,tum_fr1_desk_val,heuristic,0.2,-0.0032330891117453575,0.3096950054168701,-0.010439590406043198,0.047167574634645125,0.0,0.3129280945286155,498.2395439147949,0.029743660241365433,0.1012059545996059
A1_online_adaptive,43,tum_fr1_desk_val,heuristic,0.4,0.2862383723258972,0.436788409948349,0.6553250023426569,0.41382910131369327,0.5625,0.15055003762245178,1001.6101417541504,0.25709909200668335,0.5401128582108473
A1_online_adaptive,43,tum_fr1_desk_val,heuristic,0.6,0.36508870124816895,0.4868185222148895,0.7499482396183984,0.4415794280094796,0.625,0.12172982096672058,1487.2857513427734,0.3408558666706085,0.6948155137256082
A1_online_adaptive,43,tum_fr1_desk_val,heuristic,0.8,0.38429224491119385,0.5047381520271301,0.7613695056617054,0.46893186200653497,0.78125,0.12044590711593628,1988.8629722595215,0.38868448138237,0.774511274291037
A1_online_adaptive,43,tum_fr1_desk_val,random,0.1,0.0270066075026989,0.22852715849876404,0.11817679132030624,0.017664778298541076,0.0,0.20152055099606514,237.76422500610352,0.0270066075026989,0.11817678361456467
A1_online_adaptive,43,tum_fr1_desk_val,random,0.2,0.07173438370227814,0.3096950054168701,0.2316291193957994,0.05400191808150641,0.125,0.23796062171459198,487.1591567993164,0.07173438370227814,0.2440838390867186
A1_online_adaptive,43,tum_fr1_desk_val,random,0.4,0.16360391676425934,0.436788409948349,0.37456102152068455,0.11171784150200213,0.3125,0.27318449318408966,1000.7648735046387,0.19274315237998962,0.40491412910092617
A1_online_adaptive,43,tum_fr1_desk_val,random,0.6,0.25725287199020386,0.4868185222148895,0.5284368917094724,0.22686215378559965,0.5833333333333334,0.22956565022468567,1472.1691284179688,0.2620715796947479,0.5342181757266183
A1_online_adaptive,43,tum_fr1_desk_val,random,0.8,0.4047609269618988,0.5047381520271301,0.8019225757297553,0.3272525172545134,0.8125,0.09997722506523132,1977.9198150634766,0.4047608971595764,0.8065459087208784
A1_online_adaptive,43,tum_fr1_desk_val,oracle,0.1,0.22852715849876404,0.22852715849876404,0.9999999562415267,0.9989876790748009,1.0,0.0,241.42314910888672,0.22852717339992523,0.9999999562415296
A1_online_adaptive,43,tum_fr1_desk_val,oracle,0.2,0.3096950054168701,0.3096950054168701,0.9999999677101681,0.9990987107092182,1.0,0.0,500.73659896850586,0.29389238357543945,0.9999999659739408
A1_online_adaptive,43,tum_fr1_desk_val,oracle,0.4,0.436788409948349,0.436788409948349,0.9999999771056202,0.9991453360471639,1.0,0.0,1000.5396575927734,0.47600993514060974,0.9999999789920355
A1_online_adaptive,43,tum_fr1_desk_val,oracle,0.6,0.4868185222148895,0.4868185222148895,0.9999999794584649,0.9991630196554939,1.0,0.0,1485.1301231384277,0.4905703067779541,0.9999999796155624
A1_online_adaptive,43,tum_fr1_desk_val,oracle,0.8,0.5047381520271301,0.5047381520271301,0.9999999801877473,0.9991724037406181,1.0,0.0,1996.478115081787,0.5018448233604431,0.999999980073522
A1_online_adaptive,43,tum_fr2_xyz,learned,0.1,0.04288620129227638,0.08183559775352478,0.5240530677238016,0.5655172468465169,0.25,0.0389493964612484,216.4347381591797,0.029006239026784897,0.4313190551646393
A1_online_adaptive,43,tum_fr2_xyz,learned,0.2,0.11156393587589264,0.19038072228431702,0.5860043426520791,0.6105264305142744,0.375,0.07881678640842438,441.5817413330078,0.09612373262643814,0.5049026310230057
A1_online_adaptive,43,tum_fr2_xyz,learned,0.4,0.1743624210357666,0.337510347366333,0.5166135415705599,0.6152039658494624,0.5,0.1631479263305664,919.6190223693848,0.16242070496082306,0.484292975498856
A1_online_adaptive,43,tum_fr2_xyz,learned,0.6,0.3364129066467285,0.3901675343513489,0.8622267831272662,0.6946754147065118,0.6666666666666666,0.05375462770462036,1340.9546298980713,0.3071328401565552,0.7547919221282345
A1_online_adaptive,43,tum_fr2_xyz,learned,0.8,0.427410364151001,0.47540831565856934,0.8990384498608051,0.7553566583591211,0.8125,0.04799795150756836,1406.6363162994385,0.3364129066467285,0.707629307927479
A1_online_adaptive,43,tum_fr2_xyz,error_only,0.1,0.03409142047166824,0.08183559775352478,0.4165841912526137,0.3763191370121842,0.25,0.04774417728185654,200.10940170288086,0.04986123740673065,0.7414302070582712
A1_online_adaptive,43,tum_fr2_xyz,error_only,0.2,0.08881880342960358,0.19038072228431702,0.46653252334884626,0.5064427650159528,0.5,0.10156191885471344,452.94952392578125,0.09655361622571945,0.5071606515386496
A1_online_adaptive,43,tum_fr2_xyz,error_only,0.4,0.15977883338928223,0.337510347366333,0.47340423753531996,0.5440057193468524,0.5625,0.17773151397705078,887.1916217803955,0.18113470077514648,0.5400928608557007
A1_online_adaptive,43,tum_fr2_xyz,error_only,0.6,0.21463671326637268,0.3901675343513489,0.5501142172735174,0.6214416476371646,0.625,0.1755308210849762,1365.5655040740967,0.25485071539878845,0.6263063931345006
A1_online_adaptive,43,tum_fr2_xyz,error_only,0.8,0.3528457283973694,0.47540831565856934,0.742195097043331,0.7009538298912329,0.8125,0.12256258726119995,1805.6156635284424,0.3182472884654999,0.6694187530775239
A1_online_adaptive,43,tum_fr2_xyz,heuristic,0.1,0.036194175481796265,0.08183559775352478,0.44227905767874415,0.27359273170552434,0.25,0.045641422271728516,221.47885704040527,0.047841161489486694,0.7113919371818515
A1_online_adaptive,43,tum_fr2_xyz,heuristic,0.2,0.0853966772556305,0.19038072228431702,0.4485573525796613,0.4194302379104061,0.375,0.10498404502868652,423.35387229919434,0.11615926027297974,0.6101418924027775
A1_online_adaptive,43,tum_fr2_xyz,heuristic,0.4,0.16411197185516357,0.337510347366333,0.4862427723278335,0.4860071939112644,0.4375,0.17339837551116943,913.4941005706787,0.21766045689582825,0.6490024184043967
A1_online_adaptive,43,tum_fr2_xyz,heuristic,0.6,0.3274446129798889,0.3901675343513489,0.8392410330394435,0.5644953427875313,0.7916666666666666,0.06272292137145996,1365.0976276397705,0.353604257106781,0.8689973913512721
A1_online_adaptive,43,tum_fr2_xyz,heuristic,0.8,0.4423264265060425,0.47540831565856934,0.9304137151853631,0.6459696980787839,0.84375,0.033081889152526855,1782.6747188568115,0.44928836822509766,0.9450577275290277
A1_online_adaptive,43,tum_fr2_xyz,random,0.1,0.06223848834633827,0.08183559775352478,0.7605306547461618,0.1375276240808972,0.0,0.019597109407186508,213.3282928466797,0.06223848834633827,0.9254783415260832
A1_online_adaptive,43,tum_fr2_xyz,random,0.2,0.1587083637714386,0.19038072228431702,0.8336366914190744,0.2631090133950658,0.125,0.03167235851287842,451.0328674316406,0.18534241616725922,0.9735355775944096
A1_online_adaptive,43,tum_fr2_xyz,random,0.4,0.20868593454360962,0.337510347366333,0.6183097199506158,0.30874697369197074,0.375,0.1288244128227234,914.1676597595215,0.2232714593410492,0.6657328535443184
A1_online_adaptive,43,tum_fr2_xyz,random,0.6,0.3051438331604004,0.3901675343513489,0.7820841009923061,0.40864940497574215,0.5416666666666666,0.08502370119094849,1374.3028888702393,0.301021009683609,0.7397718406936166
A1_online_adaptive,43,tum_fr2_xyz,random,0.8,0.3725789189338684,0.47540831565856934,0.7837029745277297,0.47384127867899545,0.78125,0.10282939672470093,1831.7283306121826,0.37761276960372925,0.7942913530956349
A1_online_adaptive,43,tum_fr2_xyz,oracle,0.1,0.08183559775352478,0.08183559775352478,0.9999998778038036,0.9975219887371041,1.0,0.0,218.61223602294922,0.06725006550550461,0.9999998513012823
A1_online_adaptive,43,tum_fr2_xyz,oracle,0.2,0.19038072228431702,0.19038072228431702,0.9999999474736762,0.9980669574760284,1.0,0.0,443.16879653930664,0.19038072228431702,0.9999999474736762
A1_online_adaptive,43,tum_fr2_xyz,oracle,0.4,0.337510347366333,0.337510347366333,0.9999999703712796,0.9983871040924545,1.0,0.0,920.6076011657715,0.33537694811820984,0.9999999701828055
A1_online_adaptive,43,tum_fr2_xyz,oracle,0.6,0.3901675343513489,0.3901675343513489,0.999999974369985,0.9985133741274979,1.0,0.0,1359.8126811981201,0.40691059827804565,0.9999999754245779
A1_online_adaptive,43,tum_fr2_xyz,oracle,0.8,0.47540831565856934,0.47540831565856934,0.9999999789654505,0.99859534858969,1.0,0.0,1725.4245891571045,0.4754083752632141,0.999999978965453
A1_online_adaptive,44,tum_fr1_desk_val,learned,0.1,0.14109469950199127,0.17743204534053802,0.7952041091514949,0.8147149091414477,0.75,0.03633734583854675,237.75885391235352,0.17743204534053802,0.9999999436403981
A1_online_adaptive,44,tum_fr1_desk_val,learned,0.2,0.15447059273719788,0.22170570492744446,0.6967370813501583,0.8016148601910761,0.5,0.06723511219024658,481.74329376220703,0.17507103085517883,0.7907138286455615
A1_online_adaptive,44,tum_fr1_desk_val,learned,0.4,0.24477484822273254,0.36898475885391235,0.6633738541106103,0.8286921476869995,0.625,0.12420991063117981,965.0024452209473,0.28013449907302856,0.7743219019706419
A1_online_adaptive,44,tum_fr1_desk_val,learned,0.6,0.3367002010345459,0.5344743728637695,0.6299650868774497,0.8488864831007121,0.6666666666666666,0.19777417182922363,1459.3594093322754,0.3367002010345459,0.6085693786568728
A1_online_adaptive,44,tum_fr1_desk_val,learned,0.8,0.398575097322464,0.5601627826690674,0.7115344013181073,0.8618888553319606,0.78125,0.1615876853466034,1518.119686126709,0.40455102920532227,0.719275442695962
A1_online_adaptive,44,tum_fr1_desk_val,error_only,0.1,0.08590444922447205,0.17743204534053802,0.4841540558136419,0.5337010514083645,0.5,0.09152759611606598,234.4746437072754,0.037859637290239334,0.21337540850539602
A1_online_adaptive,44,tum_fr1_desk_val,error_only,0.2,0.13340425491333008,0.22170570492744446,0.6017177092479914,0.5590649925684171,0.375,0.08830145001411438,464.7136116027832,0.13310737907886505,0.6011836728115779
A1_online_adaptive,44,tum_fr1_desk_val,error_only,0.4,0.27439066767692566,0.36898475885391235,0.7436368404289387,0.7029510887048185,0.625,0.0945940911769867,961.8832321166992,0.26656827330589294,0.7368233940277372
A1_online_adaptive,44,tum_fr1_desk_val,error_only,0.6,0.37992942333221436,0.5344743728637695,0.710846834784696,0.7363729028191399,0.6666666666666666,0.15454494953155518,1456.1837348937988,0.3038138747215271,0.5491289295299429
A1_online_adaptive,44,tum_fr1_desk_val,error_only,0.8,0.421366810798645,0.5601627826690674,0.7522220617169405,0.7698489327729662,0.78125,0.13879597187042236,1934.4979515075684,0.4132809042930603,0.7347968091370454
A1_online_adaptive,44,tum_fr1_desk_val,heuristic,0.1,0.022396177053451538,0.17743204534053802,0.12622396223989785,0.2174883344925875,0.0,0.1550358682870865,238.9962501525879,0.05823275074362755,0.3281974648372518
A1_online_adaptive,44,tum_fr1_desk_val,heuristic,0.2,0.07657825201749802,0.22170570492744446,0.34540495287890555,0.2763851629754417,0.0,0.14512745290994644,486.4480381011963,0.0763123631477356,0.3446671933259568
A1_online_adaptive,44,tum_fr1_desk_val,heuristic,0.4,0.20252352952957153,0.36898475885391235,0.5488669089475458,0.477503259601908,0.5,0.16646122932434082,951.8800430297852,0.1262509822845459,0.3489713014702503
A1_online_adaptive,44,tum_fr1_desk_val,heuristic,0.6,0.46325528621673584,0.5344743728637695,0.866749279422085,0.614017599579938,0.6666666666666666,0.07121908664703369,1460.6364631652832,0.4010722041130066,0.7249186703887709
A1_online_adaptive,44,tum_fr1_desk_val,heuristic,0.8,0.42386022210121155,0.5601627826690674,0.7566732879233187,0.6464564203617963,0.8125,0.13630256056785583,1941.3107604980469,0.4229138493537903,0.7519237976324964
A1_online_adaptive,44,tum_fr1_desk_val,random,0.1,0.06177517771720886,0.17743204534053802,0.34816244222976683,0.3007085393527344,0.25,0.11565686762332916,231.9868507385254,0.10099664330482483,0.5692130608022667
A1_online_adaptive,44,tum_fr1_desk_val,random,0.2,0.07233557105064392,0.22170570492744446,0.3262684097896011,0.33798271290137205,0.125,0.14937013387680054,474.86019134521484,0.11155703663825989,0.5038508719672755
A1_online_adaptive,44,tum_fr1_desk_val,random,0.4,0.19325560331344604,0.36898475885391235,0.5237495409734904,0.4902664894978106,0.3125,0.1757291555404663,962.0924854278564,0.23769983649253845,0.6570279280133617
A1_online_adaptive,44,tum_fr1_desk_val,random,0.6,0.28393375873565674,0.5344743728637695,0.5312392283692063,0.543444195364875,0.4583333333333333,0.2505406141281128,1447.6360569000244,0.2940056025981903,0.5314009505936185
A1_online_adaptive,44,tum_fr1_desk_val,random,0.8,0.4314954876899719,0.5601627826690674,0.7703037283750663,0.5900634177584175,0.78125,0.12866729497909546,1923.9871807098389,0.452856183052063,0.8051600614691772
A1_online_adaptive,44,tum_fr1_desk_val,oracle,0.1,0.17743204534053802,0.17743204534053802,0.9999999436403981,0.9990124396284144,1.0,0.0,237.75885391235352,0.17743204534053802,0.9999999436403981
A1_online_adaptive,44,tum_fr1_desk_val,oracle,0.2,0.22170570492744446,0.22170570492744446,0.9999999548951636,0.9991755450781039,1.0,0.0,487.88024520874023,0.22140882909297943,0.9999999548346848
A1_online_adaptive,44,tum_fr1_desk_val,oracle,0.4,0.36898475885391235,0.36898475885391235,0.9999999728986103,0.9993046372221637,1.0,0.0,970.6125869750977,0.36178040504455566,0.9999999723589239
A1_online_adaptive,44,tum_fr1_desk_val,oracle,0.6,0.5344743728637695,0.5344743728637695,0.9999999812900293,0.9993706055906652,1.0,0.0,1446.6301174163818,0.5532650947570801,0.9999999819254821
A1_online_adaptive,44,tum_fr1_desk_val,oracle,0.8,0.5601627826690674,0.5601627826690674,0.9999999821480466,0.999415532311414,1.0,0.0,1949.3297863006592,0.562442421913147,0.9999999822204025
A1_online_adaptive,44,tum_fr2_xyz,learned,0.1,0.0445224829018116,0.10548802465200424,0.4220619243565146,0.7757347911212776,0.5,0.06096554175019264,216.29516220092773,0.053283028304576874,0.5650940026092818
A1_online_adaptive,44,tum_fr2_xyz,learned,0.2,0.09262783825397491,0.19699403643608093,0.4702062825235181,0.8027804000208465,0.5,0.10436619818210602,411.3627815246582,0.07805327326059341,0.3962214832006079
A1_online_adaptive,44,tum_fr2_xyz,learned,0.4,0.16191869974136353,0.302217960357666,0.5357679410980676,0.7508304460586912,0.5625,0.1402992606163025,860.5405788421631,0.1604461371898651,0.5308954229292913
A1_online_adaptive,44,tum_fr2_xyz,learned,0.6,0.29286545515060425,0.3939777612686157,0.7433552766379993,0.8036807601622281,0.6666666666666666,0.10111230611801147,1114.9570636749268,0.2144625186920166,0.5443518247271751
A1_online_adaptive,44,tum_fr2_xyz,learned,0.8,0.37443235516548157,0.4344448447227478,0.8618639422129541,0.8436850123831381,0.78125,0.060012489557266235,1114.9570636749268,0.2144625186920166,0.49364727504686734
A1_online_adaptive,44,tum_fr2_xyz,error_only,0.1,0.019471945241093636,0.10548802465200424,0.18458913662890652,0.241150714168025,0.0,0.0860160794109106,205.15362739562988,0.04362928867340088,0.4627111136873978
A1_online_adaptive,44,tum_fr2_xyz,error_only,0.2,0.07043065875768661,0.19699403643608093,0.3575268391704386,0.4108262113773907,0.375,0.12656337767839432,431.9412021636963,0.07926706969738007,0.40238307264326395
A1_online_adaptive,44,tum_fr2_xyz,error_only,0.4,0.1431400030851364,0.302217960357666,0.4736316735756463,0.5384689426465595,0.5625,0.1590779572725296,865.1436824798584,0.14313998818397522,0.47363162426963984
A1_online_adaptive,44,tum_fr2_xyz,error_only,0.6,0.2025032639503479,0.3939777612686157,0.5139966737165999,0.5623976333701154,0.5833333333333334,0.19147449731826782,1292.1442909240723,0.2025032937526703,0.5139967493612798
A1_online_adaptive,44,tum_fr2_xyz,error_only,0.8,0.31667450070381165,0.4344448447227478,0.7289175996937647,0.644067545962136,0.78125,0.11777034401893616,1717.9099655151367,0.31667450070381165,0.7289175996937647
A1_online_adaptive,44,tum_fr2_xyz,heuristic,0.1,0.015626659616827965,0.10548802465200424,0.14813679739487937,0.3067448055079983,0.0,0.08986136503517628,216.5330352783203,0.0385054275393486,0.4083699230834279
A1_online_adaptive,44,tum_fr2_xyz,heuristic,0.2,0.04556719958782196,0.19699403643608093,0.2313125721929228,0.4252167137004941,0.25,0.15142683684825897,429.1535453796387,0.07923812419176102,0.4022361367020885
A1_online_adaptive,44,tum_fr2_xyz,heuristic,0.4,0.15289218723773956,0.302217960357666,0.505900383940757,0.5118888661778664,0.5,0.14932577311992645,853.2659721374512,0.1576230376958847,0.521554153478506
A1_online_adaptive,44,tum_fr2_xyz,heuristic,0.6,0.24387945234775543,0.3939777612686157,0.6190183054299208,0.647521056464416,0.7083333333333334,0.1500983089208603,1297.276222229004,0.2818624973297119,0.7154274121154335
A1_online_adaptive,44,tum_fr2_xyz,heuristic,0.8,0.3132847547531128,0.4344448447227478,0.7211151227767297,0.6711607448469431,0.8125,0.12116008996963501,1730.908275604248,0.3325851261615753,0.7655404881565996
A1_online_adaptive,44,tum_fr2_xyz,random,0.1,0.026382802054286003,0.10548802465200424,0.25010231863092863,0.18236285276663844,0.0,0.07910522259771824,213.6327247619629,0.026382803916931152,0.27980324579625737
A1_online_adaptive,44,tum_fr2_xyz,random,0.2,0.051307301968336105,0.19699403643608093,0.26045102832579203,0.21900632934107128,0.0,0.14568673446774483,419.5623970031738,0.0570000596344471,0.2893491486959329
A1_online_adaptive,44,tum_fr2_xyz,random,0.4,0.11350960284471512,0.302217960357666,0.3755885287376521,0.33434381011105424,0.25,0.1887083575129509,855.2492027282715,0.152957022190094,0.5061149143747934
A1_online_adaptive,44,tum_fr2_xyz,random,0.6,0.2524595856666565,0.3939777612686157,0.6407965222345716,0.4760095435077439,0.5833333333333334,0.14151817560195923,1287.362995147705,0.24615702033042908,0.6247992609780976
A1_online_adaptive,44,tum_fr2_xyz,random,0.8,0.3784908950328827,0.4344448447227478,0.871205841013876,0.5922159634996076,0.8125,0.05595394968986511,1724.4321899414062,0.34224674105644226,0.7877794784216189
A1_online_adaptive,44,tum_fr2_xyz,oracle,0.1,0.10548802465200424,0.10548802465200424,0.9999999052025187,0.99475932829269,1.0,0.0,216.65438079833984,0.09429054707288742,0.9999998939448413
A1_online_adaptive,44,tum_fr2_xyz,oracle,0.2,0.19699403643608093,0.19699403643608093,0.9999999492370446,0.9961841987002218,1.0,0.0,407.649715423584,0.19699403643608093,0.9999999492370446
A1_online_adaptive,44,tum_fr2_xyz,oracle,0.4,0.302217960357666,0.302217960357666,0.9999999669112992,0.9970304083896098,1.0,0.0,854.1676864624023,0.302217960357666,0.9999999669112992
A1_online_adaptive,44,tum_fr2_xyz,oracle,0.6,0.3939777612686157,0.3939777612686157,0.9999999746178574,0.9973328320975512,1.0,0.0,1293.301441192627,0.3939777612686157,0.9999999746178574
A1_online_adaptive,44,tum_fr2_xyz,oracle,0.8,0.4344448447227478,0.4344448447227478,0.999999976982119,0.9974777704738589,1.0,0.0,1691.9050159454346,0.4344448447227478,0.999999976982119
A1_online_adaptive,45,tum_fr1_desk_val,learned,0.1,0.07388787716627121,0.4239445924758911,0.17428663258066382,0.2588855608820912,0.25,0.3500567153096199,220.58381271362305,0.10085578262805939,0.4491880581399877
A1_online_adaptive,45,tum_fr1_desk_val,learned,0.2,0.2932738661766052,0.5745325684547424,0.5104564600416427,0.5380197525694452,0.75,0.2812587022781372,474.58816146850586,0.16207705438137054,0.2574784368858921
A1_online_adaptive,45,tum_fr1_desk_val,learned,0.4,0.5645027160644531,0.8934377431869507,0.6318321719121843,0.5425324370797634,0.5625,0.32893502712249756,933.923828125,0.4602116048336029,0.5142577470306139
A1_online_adaptive,45,tum_fr1_desk_val,learned,0.6,0.9050757884979248,1.0196146965026855,0.887664509667938,0.5913773680466421,0.6666666666666666,0.11453890800476074,1411.5502128601074,0.7056602835655212,0.6934450218488052
A1_online_adaptive,45,tum_fr1_desk_val,learned,0.8,0.9409127235412598,1.098691701889038,0.856393757556885,0.6061711941247719,0.84375,0.15777897834777832,1900.037260055542,0.9282034635543823,0.8449237609147288
A1_online_adaptive,45,tum_fr1_desk_val,error_only,0.1,0.20166371762752533,0.4239445924758911,0.47568412582630665,0.09214910045355638,0.25,0.22228087484836578,214.59520721435547,0.20166371762752533,0.8981630141373471
A1_online_adaptive,45,tum_fr1_desk_val,error_only,0.2,0.4252530336380005,0.5745325684547424,0.7401721844595082,0.254913936049301,0.25,0.14927953481674194,471.7061309814453,0.42571061849594116,0.6762913173270271
A1_online_adaptive,45,tum_fr1_desk_val,error_only,0.4,0.6059102416038513,0.8934377431869507,0.6781784622851788,0.41452220104836607,0.5625,0.28752750158309937,943.4851112365723,0.5688062906265259,0.6356055311125862
A1_online_adaptive,45,tum_fr1_desk_val,error_only,0.6,0.9170461893081665,1.0196146965026855,0.899404631435405,0.4992244670464195,0.8333333333333334,0.10256850719451904,1407.9036254882812,0.9170461893081665,0.9011717530254332
A1_online_adaptive,45,tum_fr1_desk_val,error_only,0.8,1.0406547784805298,1.098691701889038,0.9471763254601036,0.5071534805123379,0.875,0.0580369234085083,1872.0402755737305,1.0527558326721191,0.9583011186578374
A1_online_adaptive,45,tum_fr1_desk_val,heuristic,0.1,0.19880527257919312,0.4239445924758911,0.4689416292084973,0.2017958462893572,0.25,0.225139319896698,226.44871520996094,0.19880527257919312,0.8854321686954418
A1_online_adaptive,45,tum_fr1_desk_val,heuristic,0.2,0.2592751383781433,0.5745325684547424,0.4512801329308206,0.2085796929417239,0.125,0.3152574300765991,450.4463577270508,0.24943497776985168,0.39625675840411073
A1_online_adaptive,45,tum_fr1_desk_val,heuristic,0.4,0.5139864683151245,0.8934377431869507,0.5752907423955405,0.4048165920497995,0.5,0.37945127487182617,940.5234966278076,0.5139122605323792,0.5742648783668703
A1_online_adaptive,45,tum_fr1_desk_val,heuristic,0.6,0.9556113481521606,1.0196146965026855,0.9372278980066318,0.5230614098843666,0.6666666666666666,0.0640033483505249,1399.5056114196777,0.9265679121017456,0.9105286509895207
A1_online_adaptive,45,tum_fr1_desk_val,heuristic,0.8,1.0259594917297363,1.098691701889038,0.9338010659657663,0.5693971267041272,0.8125,0.07273221015930176,1884.1752490997314,1.0251739025115967,0.9331938775414605
A1_online_adaptive,45,tum_fr1_desk_val,random,0.1,0.22616028785705566,0.4239445924758911,0.5334666051560757,0.5307635733176685,0.25,0.19778430461883545,219.16009330749512,0.265083372592926,1.1806193187686178
A1_online_adaptive,45,tum_fr1_desk_val,random,0.2,0.4820324778556824,0.5745325684547424,0.8389993812920974,0.5549509415861638,0.375,0.09250009059906006,465.470401763916,0.29699957370758057,0.47181870552796695
A1_online_adaptive,45,tum_fr1_desk_val,random,0.4,0.7198472023010254,0.8934377431869507,0.8057049298994625,0.5649514561616419,0.5,0.1735905408859253,947.8250522613525,0.7178478240966797,0.8021501432243596
A1_online_adaptive,45,tum_fr1_desk_val,random,0.6,0.8943629264831543,1.0196146965026855,0.8771577349554429,0.7382612263400244,0.7083333333333334,0.12525177001953125,1425.5332107543945,0.9158051013946533,0.8999521488400397
A1_online_adaptive,45,tum_fr1_desk_val,random,0.8,0.9822285175323486,1.098691701889038,0.8939982953394195,0.7499988124219268,0.84375,0.11646318435668945,1883.411045074463,0.9964674711227417,0.9070630270072113
A1_online_adaptive,45,tum_fr1_desk_val,oracle,0.1,0.4239445924758911,0.4239445924758911,0.9999999764120124,0.9990754419766936,1.0,0.0,213.1776237487793,0.22452907264232635,0.9999999554623398
A1_online_adaptive,45,tum_fr1_desk_val,oracle,0.2,0.5745325684547424,0.5745325684547424,0.9999999825945466,0.9992137411796809,1.0,0.0,453.4726676940918,0.6294781565666199,0.9999999841138254
A1_online_adaptive,45,tum_fr1_desk_val,oracle,0.4,0.8934377431869507,0.8934377431869507,0.9999999888072784,0.9992848018861866,1.0,0.0,940.611644744873,0.8949045538902283,0.999999988825624
A1_online_adaptive,45,tum_fr1_desk_val,oracle,0.6,1.0196146965026855,1.0196146965026855,0.9999999901923737,0.9993025543692436,1.0,0.0,1425.4230346679688,1.0176153182983398,0.999999990173104
A1_online_adaptive,45,tum_fr1_desk_val,oracle,0.8,1.098691701889038,1.098691701889038,0.9999999908982657,0.9993112184670369,1.0,0.0,1892.0067749023438,1.0985647439956665,0.9999999908972139
A1_online_adaptive,45,tum_fr2_xyz,learned,0.1,-0.0023589394986629486,0.07897429913282394,-0.029869707308177097,0.7917130183134947,0.25,0.08133323863148689,258.2289619445801,0.008124766871333122,0.09871481157271388
A1_online_adaptive,45,tum_fr2_xyz,learned,0.2,0.007834766060113907,0.17670920491218567,0.04433705431834631,0.7902123956309797,0.375,0.16887443885207176,516.9034080505371,0.0027471743524074554,0.015258658863305066
A1_online_adaptive,45,tum_fr2_xyz,learned,0.4,0.09379171580076218,0.404036283493042,0.2321368582755237,0.8155738972421498,0.4375,0.3102445676922798,1048.2612533569336,0.09379170835018158,0.22888106224441992
A1_online_adaptive,45,tum_fr2_xyz,learned,0.6,0.20286062359809875,0.483527272939682,0.41954328277977393,0.8676754759062394,0.7083333333333334,0.28066664934158325,1587.1318550109863,0.21539145708084106,0.4275470756921719
A1_online_adaptive,45,tum_fr2_xyz,learned,0.8,0.43282437324523926,0.5111280679702759,0.8468021850100939,0.8954446489021882,0.8125,0.07830369472503662,2090.793525695801,0.4328243136405945,0.8468020683961817
A1_online_adaptive,45,tum_fr2_xyz,error_only,0.1,0.0005494765937328339,0.07897429913282394,0.006957662558449099,0.4413868529531632,0.0,0.07842482253909111,260.0097770690918,0.01795654371380806,0.21816956194275589
A1_online_adaptive,45,tum_fr2_xyz,error_only,0.2,0.052129585295915604,0.17670920491218567,0.29500207627440944,0.6076073837951446,0.375,0.12457961961627007,523.2030982971191,0.045101385563611984,0.25050709139536864
A1_online_adaptive,45,tum_fr2_xyz,error_only,0.4,0.10418011248111725,0.404036283493042,0.25784840163848144,0.6503066732975246,0.5625,0.29985617101192474,1026.902572631836,0.10620706528425217,0.25917841083950177
A1_online_adaptive,45,tum_fr2_xyz,error_only,0.6,0.14192929863929749,0.483527272939682,0.29352903889190174,0.6987979204248703,0.6666666666666666,0.3415979743003845,1562.7069549560547,0.18201874196529388,0.36130300571401625
A1_online_adaptive,45,tum_fr2_xyz,error_only,0.8,0.3928336501121521,0.5111280679702759,0.7685620630980028,0.7435692834675565,0.78125,0.11829441785812378,2101.470027923584,0.391345351934433,0.7656502720188877
A1_online_adaptive,45,tum_fr2_xyz,heuristic,0.1,0.04564593732357025,0.07897429913282394,0.5779846360770318,0.6423949719523951,0.5,0.03332836180925369,259.84404373168945,0.049101442098617554,0.5965758379868743
A1_online_adaptive,45,tum_fr2_xyz,heuristic,0.2,0.11059650033712387,0.17670920491218567,0.6258671931290283,0.7106693221061058,0.375,0.0661127045750618,518.3291931152344,0.13839884102344513,0.7687101113196199
A1_online_adaptive,45,tum_fr2_xyz,heuristic,0.4,0.1276034563779831,0.404036283493042,0.31582176758133385,0.7216721664378186,0.5625,0.2764328271150589,1045.6986389160156,0.1396886557340622,0.3408839488085232
A1_online_adaptive,45,tum_fr2_xyz,heuristic,0.6,0.373849481344223,0.483527272939682,0.7731714311369254,0.7753655166947173,0.75,0.10967779159545898,1559.6549453735352,0.3940621316432953,0.7822042448131095
A1_online_adaptive,45,tum_fr2_xyz,heuristic,0.8,0.437313437461853,0.5111280679702759,0.855584845188811,0.8104008464399548,0.8125,0.07381463050842285,2089.827537536621,0.44066956639289856,0.8621509664325762
A1_online_adaptive,45,tum_fr2_xyz,random,0.1,0.014545667916536331,0.07897429913282394,0.18418227492275388,0.3655845667900254,0.0,0.06442863121628761,259.9891777038574,0.0606626495718956,0.7370429351173098
A1_online_adaptive,45,tum_fr2_xyz,random,0.2,0.02896174043416977,0.17670920491218567,0.16389490750984373,0.4583721715104885,0.0,0.1477474644780159,514.1679267883301,0.016072828322649002,0.08927347626438306
A1_online_adaptive,45,tum_fr2_xyz,random,0.4,0.13675622642040253,0.404036283493042,0.3384751039024113,0.6625105844244279,0.5625,0.26728005707263947,1043.5414123535156,0.12833750247955322,0.31318358957323705
A1_online_adaptive,45,tum_fr2_xyz,random,0.6,0.3516525626182556,0.483527272939682,0.7272651927318914,0.7286111302189776,0.6666666666666666,0.1318747103214264,1585.9310417175293,0.3691602945327759,0.7327746723488244
A1_online_adaptive,45,tum_fr2_xyz,random,0.8,0.4227803349494934,0.5111280679702759,0.8271514580619062,0.765230729640543,0.75,0.08834773302078247,2116.135929107666,0.4240981638431549,0.8297297333523084
A1_online_adaptive,45,tum_fr2_xyz,oracle,0.1,0.07897429913282394,0.07897429913282394,0.9999998733765435,0.9981488772753554,1.0,0.0,261.21673583984375,0.0823054388165474,0.9999998785013612
A1_online_adaptive,45,tum_fr2_xyz,oracle,0.2,0.17670920491218567,0.17670920491218567,0.9999999434098555,0.9985674144754896,1.0,0.0,525.589282989502,0.18004034459590912,0.9999999444568968
A1_online_adaptive,45,tum_fr2_xyz,oracle,0.4,0.404036283493042,0.404036283493042,0.9999999752497483,0.9988976967943068,1.0,0.0,1026.9487419128418,0.40978360176086426,0.9999999755968767
A1_online_adaptive,45,tum_fr2_xyz,oracle,0.6,0.483527272939682,0.483527272939682,0.9999999793186437,0.9990599600740507,1.0,0.0,1581.8491706848145,0.5037841796875,0.9999999801502305
A1_online_adaptive,45,tum_fr2_xyz,oracle,0.8,0.5111280679702759,0.5111280679702759,0.9999999804354319,0.9991631200880342,1.0,0.0,2029.7697486877441,0.5111280679702759,0.9999999804354319
A1_online_adaptive,46,tum_fr1_desk_val,learned,0.1,0.03237529098987579,0.2551996409893036,0.1268625990057987,0.08947684292310551,0.0,0.2228243499994278,247.86336517333984,0.03237529098987579,0.13433915559497286
A1_online_adaptive,46,tum_fr1_desk_val,learned,0.2,0.05868542939424515,0.33358636498451233,0.175922740840269,0.1350795436054349,0.125,0.2749009355902672,496.8313980102539,0.05868542939424515,0.17592272512348267
A1_online_adaptive,46,tum_fr1_desk_val,learned,0.4,0.27877113223075867,0.5427982211112976,0.5135815046044213,0.3393594471016499,0.4375,0.26402708888053894,998.1122360229492,0.2564835548400879,0.4667193344028548
A1_online_adaptive,46,tum_fr1_desk_val,learned,0.6,0.35308122634887695,0.6048338413238525,0.5837656499814904,0.388909574621303,0.5,0.2517526149749756,1271.0010299682617,0.32505279779434204,0.5352500107914032
A1_online_adaptive,46,tum_fr1_desk_val,learned,0.8,0.5976654291152954,0.6498000621795654,0.9197681790194335,0.49733592250574027,0.8125,0.05213463306427002,1271.0010299682617,0.32505279779434204,0.5002351362017926
A1_online_adaptive,46,tum_fr1_desk_val,error_only,0.1,0.019585009664297104,0.2551996409893036,0.07674387323169964,0.08602033582014314,0.0,0.23561463132500648,249.45075225830078,0.02204277738928795,0.0914650652057742
A1_online_adaptive,46,tum_fr1_desk_val,error_only,0.2,0.06619373708963394,0.33358636498451233,0.19843057766585093,0.12257799601586754,0.0,0.2673926278948784,485.7717514038086,0.06619374454021454,0.19843058227301874
A1_online_adaptive,46,tum_fr1_desk_val,error_only,0.4,0.24348852038383484,0.5427982211112976,0.4485801655715214,0.2851920306371559,0.375,0.29930970072746277,1018.0611991882324,0.24523746967315674,0.44625499942036273
A1_online_adaptive,46,tum_fr1_desk_val,error_only,0.6,0.40301045775413513,0.6048338413238525,0.6663159756551836,0.4207065960650758,0.7083333333333334,0.2018233835697174,1521.116870880127,0.28143659234046936,0.4634291416948205
A1_online_adaptive,46,tum_fr1_desk_val,error_only,0.8,0.4840840995311737,0.6498000621795654,0.7449739085245932,0.4816057569121695,0.84375,0.16571596264839172,2011.5807151794434,0.4560319781303406,0.7018035846494555
A1_online_adaptive,46,tum_fr1_desk_val,heuristic,0.1,0.020070012658834457,0.2551996409893036,0.07864435778431245,0.07807992869821892,0.0,0.23512962833046913,237.68840789794922,0.020070012658834457,0.0832792067941991
A1_online_adaptive,46,tum_fr1_desk_val,heuristic,0.2,0.07514779269695282,0.33358636498451233,0.22527236821480423,0.1165451296993631,0.0,0.2584385722875595,484.88086700439453,0.07514779269695282,0.2252723480891647
A1_online_adaptive,46,tum_fr1_desk_val,heuristic,0.4,0.3555627465248108,0.5427982211112976,0.6550550944074552,0.4275184970324972,0.5,0.18723547458648682,1008.1904258728027,0.3614104390144348,0.657653234914914
A1_online_adaptive,46,tum_fr1_desk_val,heuristic,0.6,0.5172685980796814,0.6048338413238525,0.8552242850619067,0.48398503360259193,0.75,0.08756524324417114,1526.215877532959,0.41254666447639465,0.6793222766002945
A1_online_adaptive,46,tum_fr1_desk_val,heuristic,0.8,0.5118833780288696,0.6498000621795654,0.7877551880102223,0.496227314004826,0.84375,0.1379166841506958,2030.488567352295,0.510245144367218,0.7852341251045878
A1_online_adaptive,46,tum_fr1_desk_val,random,0.1,0.03657643496990204,0.2551996409893036,0.14332478445056768,0.05617028823694852,0.0,0.21862320601940155,242.66392135620117,0.035848360508680344,0.14875043074381228
A1_online_adaptive,46,tum_fr1_desk_val,random,0.2,0.03539092093706131,0.33358636498451233,0.10609222555538857,0.07158205528038478,0.0,0.298195444047451,505.9210739135742,0.07925400137901306,0.23758162875269817
A1_online_adaptive,46,tum_fr1_desk_val,random,0.4,0.14307524263858795,0.5427982211112976,0.2635882625219005,0.13562151528136626,0.25,0.39972297847270966,1018.1699295043945,0.14307524263858795,0.2603519046491778
A1_online_adaptive,46,tum_fr1_desk_val,random,0.6,0.28255051374435425,0.6048338413238525,0.46715393512765746,0.2273643610202438,0.5833333333333334,0.3222833275794983,1507.9950408935547,0.28255051374435425,0.46526338661594063
A1_online_adaptive,46,tum_fr1_desk_val,random,0.8,0.42453208565711975,0.6498000621795654,0.6533272368424803,0.3063374092381643,0.78125,0.22526797652244568,2024.437370300293,0.46040213108062744,0.7085289660986948
A1_online_adaptive,46,tum_fr1_desk_val,oracle,0.1,0.2551996409893036,0.2551996409893036,0.9999999608149934,0.9987944948875708,1.0,0.0,239.51910018920898,0.24099667370319366,0.9999999585056532
A1_online_adaptive,46,tum_fr1_desk_val,oracle,0.2,0.33358636498451233,0.33358636498451233,0.9999999700227565,0.9989702916294009,1.0,0.0,506.73410415649414,0.3335863947868347,0.9999999700227592
A1_online_adaptive,46,tum_fr1_desk_val,oracle,0.4,0.5427982211112976,0.5427982211112976,0.999999981576948,0.9990720586489739,1.0,0.0,1012.5766410827637,0.5495455861091614,0.9999999818031476
A1_online_adaptive,46,tum_fr1_desk_val,oracle,0.6,0.6048338413238525,0.6048338413238525,0.9999999834665337,0.9991141544524638,1.0,0.0,1523.0459518432617,0.6072915196418762,0.9999999835334439
A1_online_adaptive,46,tum_fr1_desk_val,oracle,0.8,0.6498000621795654,0.6498000621795654,0.9999999846106511,0.9991387535918412,1.0,0.0,2029.3511352539062,0.6498000025749207,0.9999999846106497
A1_online_adaptive,46,tum_fr2_xyz,learned,0.1,0.028163358569145203,0.06018306314945221,0.4679614565246166,0.2903898705478911,0.0,0.03201970458030701,226.65296936035156,0.0276239775121212,0.40466416446003034
A1_online_adaptive,46,tum_fr2_xyz,learned,0.2,0.04710858315229416,0.09243206679821014,0.5096562230786789,0.3545168448659169,0.25,0.045323483645915985,450.25926971435547,0.0393858440220356,0.4012808704839532
A1_online_adaptive,46,tum_fr2_xyz,learned,0.4,0.07593094557523727,0.17216911911964417,0.4410253218070887,0.37695804129570043,0.4375,0.09623817354440689,920.8130836486816,0.0762677863240242,0.42110629311600994
A1_online_adaptive,46,tum_fr2_xyz,learned,0.6,0.14152756333351135,0.23603671789169312,0.5995997512660494,0.4395225456801005,0.7083333333333334,0.09450915455818176,1210.5286350250244,0.09855812042951584,0.4052215399393973
A1_online_adaptive,46,tum_fr2_xyz,learned,0.8,0.14782525599002838,0.2549758553504944,0.5797617581837604,0.48902713187718794,0.75,0.107150599360466,1210.5286350250244,0.09855812042951584,0.3889528189720159
A1_online_adaptive,46,tum_fr2_xyz,error_only,0.1,0.07153297960758209,0.06018306314945221,1.1885896791934294,0.5940903541527573,0.5,-0.011349916458129883,231.91901779174805,0.10615593940019608,1.5550803464490413
A1_online_adaptive,46,tum_fr2_xyz,error_only,0.2,0.11777238547801971,0.09243206679821014,1.2741505931445247,0.7687236694713498,0.625,-0.02534031867980957,453.5233497619629,0.12614639103412628,1.2852367356724002
A1_online_adaptive,46,tum_fr2_xyz,error_only,0.4,0.1634545773267746,0.17216911911964417,0.9493837725878626,0.7870382744665994,0.75,0.008714541792869568,908.7992820739746,0.17757052183151245,0.9804409937566185
A1_online_adaptive,46,tum_fr2_xyz,error_only,0.6,0.21187283098697662,0.23603671789169312,0.8976265383758233,0.830393751621323,0.8333333333333334,0.02416388690471649,1367.7906436920166,0.22379863262176514,0.9201476869902256
A1_online_adaptive,46,tum_fr2_xyz,error_only,0.8,0.22204983234405518,0.2549758553504944,0.8708660799673,0.8316412529181141,0.84375,0.03292602300643921,1806.3478298187256,0.22204983234405518,0.8763043356153424
A1_online_adaptive,46,tum_fr2_xyz,heuristic,0.1,0.032827235758304596,0.06018306314945221,0.5454562892922558,0.3964614360190508,0.25,0.027355827391147614,230.38236236572266,0.07163728773593903,1.0494159710753588
A1_online_adaptive,46,tum_fr2_xyz,heuristic,0.2,0.08381007611751556,0.09243206679821014,0.9067206863747377,0.5285384393559686,0.375,0.00862199068069458,455.21783447265625,0.12724079191684723,1.2963869890129396
A1_online_adaptive,46,tum_fr2_xyz,heuristic,0.4,0.1819906234741211,0.17216911911964417,1.0570456179031478,0.669473788445533,0.625,-0.009821504354476929,907.2417316436768,0.1982787698507309,1.0947798775843394
A1_online_adaptive,46,tum_fr2_xyz,heuristic,0.6,0.20464134216308594,0.23603671789169312,0.8669894045344794,0.7134098106774063,0.7916666666666666,0.03139537572860718,1382.434133529663,0.19665393233299255,0.8085422991817575
A1_online_adaptive,46,tum_fr2_xyz,heuristic,0.8,0.22572113573551178,0.2549758553504944,0.8852647109373724,0.728508245586476,0.78125,0.029254719614982605,1846.6570644378662,0.23255698382854462,0.9177700836576952
A1_online_adaptive,46,tum_fr2_xyz,random,0.1,0.028644654899835587,0.06018306314945221,0.475958660813191,0.17378809255645222,0.0,0.03153840824961662,207.5264434814453,0.011959073133766651,0.1751886865411971
A1_online_adaptive,46,tum_fr2_xyz,random,0.2,0.05286577343940735,0.09243206679821014,0.5719418547180263,0.20752502987892105,0.0,0.039566293358802795,450.79308700561523,0.04568219184875488,0.46543092234934114
A1_online_adaptive,46,tum_fr2_xyz,random,0.4,0.10219990462064743,0.17216911911964417,0.5936017980878933,0.2775655295126541,0.3125,0.06996921449899673,919.8458633422852,0.09562242031097412,0.5279713086841132
A1_online_adaptive,46,tum_fr2_xyz,random,0.6,0.14064808189868927,0.23603671789169312,0.5958737148873988,0.37546246978107334,0.5833333333333334,0.09538863599300385,1383.93705368042,0.14038969576358795,0.5772119888348408
A1_online_adaptive,46,tum_fr2_xyz,random,0.8,0.16988544166088104,0.2549758553504944,0.6662804788498452,0.454475494728667,0.78125,0.08509041368961334,1853.5198764801025,0.1988513022661209,0.7847529380187074
A1_online_adaptive,46,tum_fr2_xyz,oracle,0.1,0.06018306314945221,0.06018306314945221,0.9999998338403229,0.9942771877023409,1.0,0.0,220.34718322753906,0.0682639479637146,0.9999998535098126
A1_online_adaptive,46,tum_fr2_xyz,oracle,0.2,0.09243206679821014,0.09243206679821014,0.9999998918124493,0.9955344678337446,1.0,0.0,456.6953582763672,0.09815030544996262,0.9999998981154574
A1_online_adaptive,46,tum_fr2_xyz,oracle,0.4,0.17216911911964417,0.17216911911964417,0.9999999419175781,0.9962986820154223,1.0,0.0,901.4705352783203,0.18111290037631989,0.9999999447858247
A1_online_adaptive,46,tum_fr2_xyz,oracle,0.6,0.23603671789169312,0.23603671789169312,0.999999957633712,0.9965845853371312,1.0,0.0,1379.3910827636719,0.24322032928466797,0.9999999588850175
A1_online_adaptive,46,tum_fr2_xyz,oracle,0.8,0.2549758553504944,0.2549758553504944,0.9999999607806018,0.9967015813178968,1.0,0.0,1762.002248764038,0.2533935010433197,0.9999999605356903
