variant,seed,domain,method,budget_fraction,realized_delta_q,oracle_delta_q,ose,ndcg,overlap,regret,budget_cost,budget_realized_delta_q,budget_ose
raw,42,tum_fr1_desk_val,learned,0.1,0.020175015553832054,0.14877355098724365,0.13560887714156367,0.27485354428505515,0.0,0.1285985354334116,255.08649063110352,0.06568673253059387,0.4415215451905872
raw,42,tum_fr1_desk_val,learned,0.2,0.09792017936706543,0.22372642159461975,0.4376781888002019,0.4570777467295586,0.375,0.12580624222755432,529.3666648864746,0.08432668447494507,0.32841975404627755
raw,42,tum_fr1_desk_val,learned,0.4,0.18578216433525085,0.37412458658218384,0.49657832185444173,0.5610806315449728,0.5,0.18834242224693298,1065.9492683410645,0.19192905724048615,0.513008472502323
raw,42,tum_fr1_desk_val,learned,0.6,0.35099634528160095,0.4049728810787201,0.8667156568101567,0.6286651457058267,0.7083333333333334,0.05397653579711914,1603.9134712219238,0.3470158576965332,0.8568865714319361
raw,42,tum_fr1_desk_val,learned,0.8,0.3615151047706604,0.44048771262168884,0.8207155073903075,0.6680011418301708,0.8125,0.07897260785102844,2130.922981262207,0.35778284072875977,0.8122423712195541
raw,42,tum_fr1_desk_val,error_only,0.1,0.06857450306415558,0.14877355098724365,0.46093205411703086,0.5437648392698797,0.5,0.08019904792308807,256.9504623413086,0.06857451051473618,0.4609321041970353
raw,42,tum_fr1_desk_val,error_only,0.2,0.09010078012943268,0.22372642159461975,0.40272747161448696,0.5804943631866961,0.5,0.13362564146518707,515.6719818115234,0.09010078012943268,0.3509076187891388
raw,42,tum_fr1_desk_val,error_only,0.4,0.15207260847091675,0.37412458658218384,0.40647583682061117,0.6156377613489047,0.5,0.2220519781112671,1065.4119758605957,0.15207260847091675,0.4064759015793893
raw,42,tum_fr1_desk_val,error_only,0.6,0.2432376742362976,0.4049728810787201,0.6006270533032202,0.681100949383126,0.7083333333333334,0.16173520684242249,1590.2780227661133,0.25232094526290894,0.6230563384681865
raw,42,tum_fr1_desk_val,error_only,0.8,0.30563119053840637,0.44048771262168884,0.6938472398716469,0.7020569025984296,0.78125,0.13485652208328247,2113.029956817627,0.31013938784599304,0.7040817029668162
raw,42,tum_fr1_desk_val,heuristic,0.1,0.005611671134829521,0.14877355098724365,0.03771954571491829,0.1064469057048335,0.0,0.14316187985241413,261.2393493652344,0.005611671134829521,0.03771954571491829
raw,42,tum_fr1_desk_val,heuristic,0.2,0.07920163124799728,0.22372642159461975,0.35401106021977047,0.21468645409951836,0.125,0.14452479034662247,501.0509796142578,0.07920163124799728,0.30845965801323155
raw,42,tum_fr1_desk_val,heuristic,0.4,0.3357294201850891,0.37412458658218384,0.8973732902143993,0.4798170475337186,0.5,0.03839516639709473,1038.1252822875977,0.3469972312450409,0.9274912414148159
raw,42,tum_fr1_desk_val,heuristic,0.6,0.38808923959732056,0.4049728810787201,0.9583091810505469,0.5190286223306101,0.7083333333333334,0.016883641481399536,1593.5699768066406,0.38411521911621094,0.9484960581575321
raw,42,tum_fr1_desk_val,heuristic,0.8,0.39814072847366333,0.44048771262168884,0.9038633951112525,0.5897713631406085,0.78125,0.04234698414802551,2103.2923126220703,0.3977099359035492,0.9028852829774877
raw,42,tum_fr1_desk_val,random,0.1,0.06065090745687485,0.14877355098724365,0.40767262041993646,0.33996163084163195,0.25,0.0881226435303688,266.27310943603516,0.02407767064869404,0.1618410589147526
raw,42,tum_fr1_desk_val,random,0.2,0.07797348499298096,0.22372642159461975,0.34852156018053654,0.3708956596023649,0.25,0.1457529366016388,501.1737060546875,0.07297791540622711,0.2842206968974843
raw,42,tum_fr1_desk_val,random,0.4,0.12869754433631897,0.37412458658218384,0.34399648008186495,0.41383764072107665,0.3125,0.24542704224586487,1053.9393615722656,0.12869754433631897,0.34399653488657833
raw,42,tum_fr1_desk_val,random,0.6,0.13060513138771057,0.4049728810787201,0.3225033928562963,0.478221728948749,0.5416666666666666,0.2743677496910095,1595.1661529541016,0.15076375007629395,0.37228106449265425
raw,42,tum_fr1_desk_val,random,0.8,0.33425745368003845,0.44048771262168884,0.7588348925836331,0.5683479362940784,0.75,0.10623025894165039,2114.5233726501465,0.2870420813560486,0.6516459546398025
raw,42,tum_fr1_desk_val,oracle,0.1,0.14877355098724365,0.14877355098724365,0.9999999327837559,0.998689441429152,1.0,0.0,242.072265625,0.14877355098724365,0.9999999327837559
raw,42,tum_fr1_desk_val,oracle,0.2,0.22372642159461975,0.22372642159461975,0.9999999553025545,0.9989296875535879,1.0,0.0,524.999454498291,0.2567649483680725,0.9999999610538757
raw,42,tum_fr1_desk_val,oracle,0.4,0.37412458658218384,0.37412458658218384,0.9999999732709368,0.9991018014659692,1.0,0.0,1069.6543579101562,0.37412452697753906,0.9999999732709325
raw,42,tum_fr1_desk_val,oracle,0.6,0.4049728810787201,0.4049728810787201,0.9999999753069891,0.9991690715656091,1.0,0.0,1583.0228843688965,0.4049729108810425,0.9999999753069909
raw,42,tum_fr1_desk_val,oracle,0.8,0.44048771262168884,0.44048771262168884,0.9999999772978917,0.9992107276072697,1.0,0.0,2093.064628601074,0.4404877722263336,0.9999999772978947
raw,42,tum_fr2_xyz,learned,0.1,0.07509808987379074,0.09468899667263031,0.7931025206910077,0.782274356473826,0.75,0.01959090679883957,237.79576873779297,0.0946820080280304,0.9999260094188815
raw,42,tum_fr2_xyz,learned,0.2,0.14177903532981873,0.14344912767410278,0.9883575295650902,0.8715667233448344,0.625,0.0016700923442840576,481.6263732910156,0.15014159679412842,0.9483774495819829
raw,42,tum_fr2_xyz,learned,0.4,0.13758431375026703,0.23647519946098328,0.5818128423012031,0.8570769696993152,0.5625,0.09889088571071625,1015.1912498474121,0.14174135029315948,0.5794468979048617
raw,42,tum_fr2_xyz,learned,0.6,0.17774492502212524,0.23266978561878204,0.7639363955661505,0.8677848121307066,0.5833333333333334,0.0549248605966568,1528.4520263671875,0.1781393587589264,0.7352623313954773
raw,42,tum_fr2_xyz,learned,0.8,0.20393197238445282,0.2437291443347931,0.836715545750125,0.8968800104509516,0.75,0.03979717195034027,2010.874324798584,0.19604477286338806,0.7964295906669513
raw,42,tum_fr2_xyz,error_only,0.1,0.022101812064647675,0.09468899667263031,0.23341476314204662,0.4994131467375853,0.0,0.07258718460798264,253.43963241577148,0.032821349799633026,0.3466225739442735
raw,42,tum_fr2_xyz,error_only,0.2,0.013497275300323963,0.14344912767410278,0.09409101734015275,0.5711001802017363,0.25,0.12995185237377882,480.0172119140625,0.02185984142124653,0.13807886087541005
raw,42,tum_fr2_xyz,error_only,0.4,0.04569162800908089,0.23647519946098328,0.19321952653400518,0.6338610449163425,0.4375,0.1907835714519024,1002.3053932189941,0.045691631734371185,0.1867900525424193
raw,42,tum_fr2_xyz,error_only,0.6,0.12030698359012604,0.23266978561878204,0.5170717723380094,0.7213777055817587,0.7916666666666666,0.112362802028656,1518.325584411621,0.14539283514022827,0.6001025022104822
raw,42,tum_fr2_xyz,error_only,0.8,0.19761008024215698,0.2437291443347931,0.8107773597356118,0.8133988989623127,0.84375,0.04611906409263611,2037.7282829284668,0.22829017043113708,0.9274261401320633
raw,42,tum_fr2_xyz,heuristic,0.1,-0.013056713156402111,0.09468899667263031,-0.13789048607874066,0.4293510688057022,0.0,0.10774570982903242,247.5664291381836,-0.0013752956874668598,-0.014524342662151942
raw,42,tum_fr2_xyz,heuristic,0.2,0.006205469369888306,0.14344912767410278,0.04325902177248567,0.5211627840012566,0.125,0.13724365830421448,483.7666473388672,0.013152655214071274,0.0830794521537944
raw,42,tum_fr2_xyz,heuristic,0.4,0.09066615253686905,0.23647519946098328,0.3834065851703086,0.6480782423757502,0.5625,0.14580904692411423,981.9263038635254,0.10484453290700912,0.4286105588072879
raw,42,tum_fr2_xyz,heuristic,0.6,0.12283164262771606,0.23266978561878204,0.5279225964893597,0.6994000684442521,0.75,0.10983814299106598,1513.3759231567383,0.10432889312505722,0.4306128961362691
raw,42,tum_fr2_xyz,heuristic,0.8,0.15776990354061127,0.2437291443347931,0.6473165016766692,0.7837634844069536,0.84375,0.08595924079418182,2025.539234161377,0.18844999372959137,0.7655758895027249
raw,42,tum_fr2_xyz,random,0.1,0.029036005958914757,0.09468899667263031,0.3066460086470372,0.6709944369914312,0.25,0.06565299071371555,238.64532852172852,0.029036005958914757,0.3066459845186753
raw,42,tum_fr2_xyz,random,0.2,0.005260948091745377,0.14344912767410278,0.0366746581892848,0.6308344263501502,0.25,0.1381881795823574,490.67428970336914,7.88824399933219e-05,0.0004982651633860606
raw,42,tum_fr2_xyz,random,0.4,0.10175710916519165,0.23647519946098328,0.4303077239983621,0.7226708619804041,0.4375,0.13471809029579163,986.7052268981934,0.08689206093549728,0.35521980746971904
raw,42,tum_fr2_xyz,random,0.6,0.10297159105539322,0.23266978561878204,0.44256535654549284,0.776653179420636,0.5416666666666666,0.12969819456338882,1528.574951171875,0.10297159850597382,0.42501072257411804
raw,42,tum_fr2_xyz,random,0.8,0.15030041337013245,0.2437291443347931,0.6166698185136918,0.8252794601805842,0.78125,0.09342873096466064,2033.7995834350586,0.1501648724079132,0.6100430331173811
raw,42,tum_fr2_xyz,oracle,0.1,0.09468899667263031,0.09468899667263031,0.9999998943911195,0.9980827636077293,1.0,0.0,236.42148208618164,0.09468900412321091,0.9999998943911278
raw,42,tum_fr2_xyz,oracle,0.2,0.14344912767410278,0.14344912767410278,0.9999999302888803,0.9985349673611575,1.0,0.0,504.7238426208496,0.15831416845321655,0.9999999368344636
raw,42,tum_fr2_xyz,oracle,0.4,0.23647519946098328,0.23647519946098328,0.9999999577122692,0.9988811290201598,1.0,0.0,1000.6325302124023,0.24461489915847778,0.9999999591194174
raw,42,tum_fr2_xyz,oracle,0.6,0.23266978561878204,0.23266978561878204,0.9999999570206354,0.9990371236897769,1.0,0.0,1507.3785591125488,0.2422799915075302,0.9999999587254419
raw,42,tum_fr2_xyz,oracle,0.8,0.2437291443347931,0.2437291443347931,0.9999999589708501,0.9991339557378773,1.0,0.0,1687.3036079406738,0.2461545467376709,0.9999999593751173
raw,43,tum_fr1_desk_val,learned,0.1,0.11773834377527237,0.22852715849876404,0.5152050171921206,0.7770037974711665,0.5,0.11078881472349167,239.5060920715332,0.12132008373737335,0.5308781298243272
raw,43,tum_fr1_desk_val,learned,0.2,0.16188761591911316,0.3096950054168701,0.5227323910951607,0.7287940466155477,0.5,0.14780738949775696,495.2424774169922,0.1583607792854309,0.5388393260500672
raw,43,tum_fr1_desk_val,learned,0.4,0.3445093035697937,0.436788409948349,0.788732685748703,0.8140019978315842,0.75,0.0922791063785553,991.4936103820801,0.3445093333721161,0.7237439824295071
raw,43,tum_fr1_desk_val,learned,0.6,0.37397295236587524,0.4868185222148895,0.7681978552961036,0.8103054243102774,0.625,0.11284556984901428,1501.35599899292,0.41289442777633667,0.8416620689327688
raw,43,tum_fr1_desk_val,learned,0.8,0.4823229908943176,0.5047381520271301,0.9555904965798728,0.823223318016104,0.84375,0.0224151611328125,1969.4720077514648,0.48232302069664,0.9610999030654922
raw,43,tum_fr1_desk_val,error_only,0.1,0.04090098291635513,0.22852715849876404,0.17897645686961872,0.484921514679981,0.25,0.1876261755824089,250.1497039794922,0.06103501468896866,0.26707988861945003
raw,43,tum_fr1_desk_val,error_only,0.2,0.1520766019821167,0.3096950054168701,0.491052791977977,0.5919248399165965,0.375,0.15761840343475342,498.0586280822754,0.09350328147411346,0.3181548196486822
raw,43,tum_fr1_desk_val,error_only,0.4,0.20650187134742737,0.436788409948349,0.4727732282184738,0.5992483204231999,0.5,0.23028653860092163,996.623893737793,0.20650188624858856,0.4338184282842861
raw,43,tum_fr1_desk_val,error_only,0.6,0.2458968162536621,0.4868185222148895,0.5051098098811064,0.630558943862973,0.5833333333333334,0.24092170596122742,1502.3970565795898,0.22637872397899628,0.46146029679464207
raw,43,tum_fr1_desk_val,error_only,0.8,0.40637311339378357,0.5047381520271301,0.8051166802242716,0.7268805303346945,0.78125,0.09836503863334656,1983.1105346679688,0.4080101549625397,0.8130205351132747
raw,43,tum_fr1_desk_val,heuristic,0.1,0.01342027261853218,0.22852715849876404,0.058725064099346955,0.03694209229533601,0.0,0.21510688588023186,231.04678344726562,0.013741357252001762,0.06013007751447331
raw,43,tum_fr1_desk_val,heuristic,0.2,-0.0032330891117453575,0.3096950054168701,-0.010439590406043198,0.047167574634645125,0.0,0.3129280945286155,498.2395439147949,0.029743660241365433,0.1012059545996059
raw,43,tum_fr1_desk_val,heuristic,0.4,0.2862383723258972,0.436788409948349,0.6553250023426569,0.41382910131369327,0.5625,0.15055003762245178,1001.6101417541504,0.25709909200668335,0.5401128582108473
raw,43,tum_fr1_desk_val,heuristic,0.6,0.36508870124816895,0.4868185222148895,0.7499482396183984,0.4415794280094796,0.625,0.12172982096672058,1487.2857513427734,0.3408558666706085,0.6948155137256082
raw,43,tum_fr1_desk_val,heuristic,0.8,0.38429224491119385,0.5047381520271301,0.7613695056617054,0.46893186200653497,0.78125,0.12044590711593628,1988.8629722595215,0.38868448138237,0.774511274291037
raw,43,tum_fr1_desk_val,random,0.1,0.0270066075026989,0.22852715849876404,0.11817679132030624,0.017664778298541076,0.0,0.20152055099606514,237.76422500610352,0.0270066075026989,0.11817678361456467
raw,43,tum_fr1_desk_val,random,0.2,0.07173438370227814,0.3096950054168701,0.2316291193957994,0.05400191808150641,0.125,0.23796062171459198,487.1591567993164,0.07173438370227814,0.2440838390867186
raw,43,tum_fr1_desk_val,random,0.4,0.16360391676425934,0.436788409948349,0.37456102152068455,0.11171784150200213,0.3125,0.27318449318408966,1000.7648735046387,0.19274315237998962,0.40491412910092617
raw,43,tum_fr1_desk_val,random,0.6,0.25725287199020386,0.4868185222148895,0.5284368917094724,0.22686215378559965,0.5833333333333334,0.22956565022468567,1472.1691284179688,0.2620715796947479,0.5342181757266183
raw,43,tum_fr1_desk_val,random,0.8,0.4047609269618988,0.5047381520271301,0.8019225757297553,0.3272525172545134,0.8125,0.09997722506523132,1977.9198150634766,0.4047608971595764,0.8065459087208784
raw,43,tum_fr1_desk_val,oracle,0.1,0.22852715849876404,0.22852715849876404,0.9999999562415267,0.9989876790748009,1.0,0.0,241.42314910888672,0.22852717339992523,0.9999999562415296
raw,43,tum_fr1_desk_val,oracle,0.2,0.3096950054168701,0.3096950054168701,0.9999999677101681,0.9990987107092182,1.0,0.0,500.73659896850586,0.29389238357543945,0.9999999659739408
raw,43,tum_fr1_desk_val,oracle,0.4,0.436788409948349,0.436788409948349,0.9999999771056202,0.9991453360471639,1.0,0.0,1000.5396575927734,0.47600993514060974,0.9999999789920355
raw,43,tum_fr1_desk_val,oracle,0.6,0.4868185222148895,0.4868185222148895,0.9999999794584649,0.9991630196554939,1.0,0.0,1485.1301231384277,0.4905703067779541,0.9999999796155624
raw,43,tum_fr1_desk_val,oracle,0.8,0.5047381520271301,0.5047381520271301,0.9999999801877473,0.9991724037406181,1.0,0.0,1996.478115081787,0.5018448233604431,0.999999980073522
raw,43,tum_fr2_xyz,learned,0.1,0.035252343863248825,0.08183559775352478,0.43077023353236427,0.5443324626796601,0.25,0.046583253890275955,213.5345230102539,0.03106026165187359,0.4618621082340825
raw,43,tum_fr2_xyz,learned,0.2,0.06872516870498657,0.19038072228431702,0.3609880468489402,0.5877255059878048,0.25,0.12165555357933044,451.0484504699707,0.07284799963235855,0.38264376209860573
raw,43,tum_fr2_xyz,learned,0.4,0.19184651970863342,0.337510347366333,0.568416688618547,0.6568446620583016,0.5,0.14566382765769958,894.6786956787109,0.18663157522678375,0.5564829983370593
raw,43,tum_fr2_xyz,learned,0.6,0.27453744411468506,0.3901675343513489,0.7036398800702448,0.6750751848212923,0.625,0.11563009023666382,1369.152816772461,0.2651233375072479,0.6515517956860116
raw,43,tum_fr2_xyz,learned,0.8,0.33092519640922546,0.47540831565856934,0.6960862453361633,0.7321774703780836,0.8125,0.14448311924934387,1834.3116092681885,0.31515538692474365,0.6629150782653004
raw,43,tum_fr2_xyz,error_only,0.1,0.03409142047166824,0.08183559775352478,0.4165841912526137,0.3763191370121842,0.25,0.04774417728185654,200.10940170288086,0.04986123740673065,0.7414302070582712
raw,43,tum_fr2_xyz,error_only,0.2,0.08881880342960358,0.19038072228431702,0.46653252334884626,0.5064427650159528,0.5,0.10156191885471344,452.94952392578125,0.09655361622571945,0.5071606515386496
raw,43,tum_fr2_xyz,error_only,0.4,0.15977883338928223,0.337510347366333,0.47340423753531996,0.5440057193468524,0.5625,0.17773151397705078,887.1916217803955,0.18113470077514648,0.5400928608557007
raw,43,tum_fr2_xyz,error_only,0.6,0.21463671326637268,0.3901675343513489,0.5501142172735174,0.6214416476371646,0.625,0.1755308210849762,1365.5655040740967,0.25485071539878845,0.6263063931345006
raw,43,tum_fr2_xyz,error_only,0.8,0.3528457283973694,0.47540831565856934,0.742195097043331,0.7009538298912329,0.8125,0.12256258726119995,1805.6156635284424,0.3182472884654999,0.6694187530775239
raw,43,tum_fr2_xyz,heuristic,0.1,0.036194175481796265,0.08183559775352478,0.44227905767874415,0.27359273170552434,0.25,0.045641422271728516,221.47885704040527,0.047841161489486694,0.7113919371818515
raw,43,tum_fr2_xyz,heuristic,0.2,0.0853966772556305,0.19038072228431702,0.4485573525796613,0.4194302379104061,0.375,0.10498404502868652,423.35387229919434,0.11615926027297974,0.6101418924027775
raw,43,tum_fr2_xyz,heuristic,0.4,0.16411197185516357,0.337510347366333,0.4862427723278335,0.4860071939112644,0.4375,0.17339837551116943,913.4941005706787,0.21766045689582825,0.6490024184043967
raw,43,tum_fr2_xyz,heuristic,0.6,0.3274446129798889,0.3901675343513489,0.8392410330394435,0.5644953427875313,0.7916666666666666,0.06272292137145996,1365.0976276397705,0.353604257106781,0.8689973913512721
raw,43,tum_fr2_xyz,heuristic,0.8,0.4423264265060425,0.47540831565856934,0.9304137151853631,0.6459696980787839,0.84375,0.033081889152526855,1782.6747188568115,0.44928836822509766,0.9450577275290277
raw,43,tum_fr2_xyz,random,0.1,0.06223848834633827,0.08183559775352478,0.7605306547461618,0.1375276240808972,0.0,0.019597109407186508,213.3282928466797,0.06223848834633827,0.9254783415260832
raw,43,tum_fr2_xyz,random,0.2,0.1587083637714386,0.19038072228431702,0.8336366914190744,0.2631090133950658,0.125,0.03167235851287842,451.0328674316406,0.18534241616725922,0.9735355775944096
raw,43,tum_fr2_xyz,random,0.4,0.20868593454360962,0.337510347366333,0.6183097199506158,0.30874697369197074,0.375,0.1288244128227234,914.1676597595215,0.2232714593410492,0.6657328535443184
raw,43,tum_fr2_xyz,random,0.6,0.3051438331604004,0.3901675343513489,0.7820841009923061,0.40864940497574215,0.5416666666666666,0.08502370119094849,1374.3028888702393,0.301021009683609,0.7397718406936166
raw,43,tum_fr2_xyz,random,0.8,0.3725789189338684,0.47540831565856934,0.7837029745277297,0.47384127867899545,0.78125,0.10282939672470093,1831.7283306121826,0.37761276960372925,0.7942913530956349
raw,43,tum_fr2_xyz,oracle,0.1,0.08183559775352478,0.08183559775352478,0.9999998778038036,0.9975219887371041,1.0,0.0,218.61223602294922,0.06725006550550461,0.9999998513012823
raw,43,tum_fr2_xyz,oracle,0.2,0.19038072228431702,0.19038072228431702,0.9999999474736762,0.9980669574760284,1.0,0.0,443.16879653930664,0.19038072228431702,0.9999999474736762
raw,43,tum_fr2_xyz,oracle,0.4,0.337510347366333,0.337510347366333,0.9999999703712796,0.9983871040924545,1.0,0.0,920.6076011657715,0.33537694811820984,0.9999999701828055
raw,43,tum_fr2_xyz,oracle,0.6,0.3901675343513489,0.3901675343513489,0.999999974369985,0.9985133741274979,1.0,0.0,1359.8126811981201,0.40691059827804565,0.9999999754245779
raw,43,tum_fr2_xyz,oracle,0.8,0.47540831565856934,0.47540831565856934,0.9999999789654505,0.99859534858969,1.0,0.0,1725.4245891571045,0.4754083752632141,0.999999978965453
raw,44,tum_fr1_desk_val,learned,0.1,0.10621002316474915,0.17743204534053802,0.5985954621384768,0.5170008761677732,0.5,0.07122202217578888,240.30688095092773,0.07229412347078323,0.40744680171816816
raw,44,tum_fr1_desk_val,learned,0.2,0.14642462134361267,0.22170570492744446,0.6604458590141967,0.6814878678825802,0.625,0.07528108358383179,488.1821174621582,0.08742623031139374,0.39486332465109747
raw,44,tum_fr1_desk_val,learned,0.4,0.23771736025810242,0.36898475885391235,0.6442470809742799,0.7059425335519198,0.5625,0.13126739859580994,970.8091468811035,0.21782775223255157,0.6020993485944358
raw,44,tum_fr1_desk_val,learned,0.6,0.33930060267448425,0.5344743728637695,0.6348304307055395,0.7581654382792868,0.75,0.19517377018928528,1191.1806144714355,0.2494979202747345,0.45095546082610893
raw,44,tum_fr1_desk_val,learned,0.8,0.42548009753227234,0.5601627826690674,0.7595650819736561,0.7775209021192808,0.8125,0.13468268513679504,1191.1806144714355,0.2494979202747345,0.443597257458097
raw,44,tum_fr1_desk_val,error_only,0.1,0.08590444922447205,0.17743204534053802,0.4841540558136419,0.5337010514083645,0.5,0.09152759611606598,234.4746437072754,0.037859637290239334,0.21337540850539602
raw,44,tum_fr1_desk_val,error_only,0.2,0.13340425491333008,0.22170570492744446,0.6017177092479914,0.5590649925684171,0.375,0.08830145001411438,464.7136116027832,0.13310737907886505,0.6011836728115779
raw,44,tum_fr1_desk_val,error_only,0.4,0.27439066767692566,0.36898475885391235,0.7436368404289387,0.7029510887048185,0.625,0.0945940911769867,961.8832321166992,0.26656827330589294,0.7368233940277372
raw,44,tum_fr1_desk_val,error_only,0.6,0.37992942333221436,0.5344743728637695,0.710846834784696,0.7363729028191399,0.6666666666666666,0.15454494953155518,1456.1837348937988,0.3038138747215271,0.5491289295299429
raw,44,tum_fr1_desk_val,error_only,0.8,0.421366810798645,0.5601627826690674,0.7522220617169405,0.7698489327729662,0.78125,0.13879597187042236,1934.4979515075684,0.4132809042930603,0.7347968091370454
raw,44,tum_fr1_desk_val,heuristic,0.1,0.022396177053451538,0.17743204534053802,0.12622396223989785,0.2174883344925875,0.0,0.1550358682870865,238.9962501525879,0.05823275074362755,0.3281974648372518
raw,44,tum_fr1_desk_val,heuristic,0.2,0.07657825201749802,0.22170570492744446,0.34540495287890555,0.2763851629754417,0.0,0.14512745290994644,486.4480381011963,0.0763123631477356,0.3446671933259568
raw,44,tum_fr1_desk_val,heuristic,0.4,0.20252352952957153,0.36898475885391235,0.5488669089475458,0.477503259601908,0.5,0.16646122932434082,951.8800430297852,0.1262509822845459,0.3489713014702503
raw,44,tum_fr1_desk_val,heuristic,0.6,0.46325528621673584,0.5344743728637695,0.866749279422085,0.614017599579938,0.6666666666666666,0.07121908664703369,1460.6364631652832,0.4010722041130066,0.7249186703887709
raw,44,tum_fr1_desk_val,heuristic,0.8,0.42386022210121155,0.5601627826690674,0.7566732879233187,0.6464564203617963,0.8125,0.13630256056785583,1941.3107604980469,0.4229138493537903,0.7519237976324964
raw,44,tum_fr1_desk_val,random,0.1,0.06177517771720886,0.17743204534053802,0.34816244222976683,0.3007085393527344,0.25,0.11565686762332916,231.9868507385254,0.10099664330482483,0.5692130608022667
raw,44,tum_fr1_desk_val,random,0.2,0.07233557105064392,0.22170570492744446,0.3262684097896011,0.33798271290137205,0.125,0.14937013387680054,474.86019134521484,0.11155703663825989,0.5038508719672755
raw,44,tum_fr1_desk_val,random,0.4,0.19325560331344604,0.36898475885391235,0.5237495409734904,0.4902664894978106,0.3125,0.1757291555404663,962.0924854278564,0.23769983649253845,0.6570279280133617
raw,44,tum_fr1_desk_val,random,0.6,0.28393375873565674,0.5344743728637695,0.5312392283692063,0.543444195364875,0.4583333333333333,0.2505406141281128,1447.6360569000244,0.2940056025981903,0.5314009505936185
raw,44,tum_fr1_desk_val,random,0.8,0.4314954876899719,0.5601627826690674,0.7703037283750663,0.5900634177584175,0.78125,0.12866729497909546,1923.9871807098389,0.452856183052063,0.8051600614691772
raw,44,tum_fr1_desk_val,oracle,0.1,0.17743204534053802,0.17743204534053802,0.9999999436403981,0.9990124396284144,1.0,0.0,237.75885391235352,0.17743204534053802,0.9999999436403981
raw,44,tum_fr1_desk_val,oracle,0.2,0.22170570492744446,0.22170570492744446,0.9999999548951636,0.9991755450781039,1.0,0.0,487.88024520874023,0.22140882909297943,0.9999999548346848
raw,44,tum_fr1_desk_val,oracle,0.4,0.36898475885391235,0.36898475885391235,0.9999999728986103,0.9993046372221637,1.0,0.0,970.6125869750977,0.36178040504455566,0.9999999723589239
raw,44,tum_fr1_desk_val,oracle,0.6,0.5344743728637695,0.5344743728637695,0.9999999812900293,0.9993706055906652,1.0,0.0,1446.6301174163818,0.5532650947570801,0.9999999819254821
raw,44,tum_fr1_desk_val,oracle,0.8,0.5601627826690674,0.5601627826690674,0.9999999821480466,0.999415532311414,1.0,0.0,1949.3297863006592,0.562442421913147,0.9999999822204025
raw,44,tum_fr2_xyz,learned,0.1,0.053283028304576874,0.10548802465200424,0.5051096883201295,0.7847192090806234,0.5,0.05220499634742737,216.29516220092773,0.053283028304576874,0.5650940026092818
raw,44,tum_fr2_xyz,learned,0.2,0.08907818049192429,0.19699403643608093,0.45218717064542185,0.7573604038783872,0.375,0.10791585594415665,411.75073623657227,0.07497014850378036,0.38057063073784864
raw,44,tum_fr2_xyz,learned,0.4,0.159627765417099,0.302217960357666,0.528187537055405,0.730758507469385,0.5,0.14259019494056702,860.9031772613525,0.15383344888687134,0.5090148964497843
raw,44,tum_fr2_xyz,learned,0.6,0.3351445496082306,0.3939777612686157,0.8506686773953235,0.8472057702357584,0.75,0.05883321166038513,1104.4429111480713,0.21758443117141724,0.5522759075233898
raw,44,tum_fr2_xyz,learned,0.8,0.42715147137641907,0.4344448447227478,0.9832121769494009,0.8779330224486648,0.8125,0.007293373346328735,1104.4429111480713,0.21758443117141724,0.5008332560648563
raw,44,tum_fr2_xyz,error_only,0.1,0.019471945241093636,0.10548802465200424,0.18458913662890652,0.241150714168025,0.0,0.0860160794109106,205.15362739562988,0.04362928867340088,0.4627111136873978
raw,44,tum_fr2_xyz,error_only,0.2,0.07043065875768661,0.19699403643608093,0.3575268391704386,0.4108262113773907,0.375,0.12656337767839432,431.9412021636963,0.07926706969738007,0.40238307264326395
raw,44,tum_fr2_xyz,error_only,0.4,0.1431400030851364,0.302217960357666,0.4736316735756463,0.5384689426465595,0.5625,0.1590779572725296,865.1436824798584,0.14313998818397522,0.47363162426963984
raw,44,tum_fr2_xyz,error_only,0.6,0.2025032639503479,0.3939777612686157,0.5139966737165999,0.5623976333701154,0.5833333333333334,0.19147449731826782,1292.1442909240723,0.2025032937526703,0.5139967493612798
raw,44,tum_fr2_xyz,error_only,0.8,0.31667450070381165,0.4344448447227478,0.7289175996937647,0.644067545962136,0.78125,0.11777034401893616,1717.9099655151367,0.31667450070381165,0.7289175996937647
raw,44,tum_fr2_xyz,heuristic,0.1,0.015626659616827965,0.10548802465200424,0.14813679739487937,0.3067448055079983,0.0,0.08986136503517628,216.5330352783203,0.0385054275393486,0.4083699230834279
raw,44,tum_fr2_xyz,heuristic,0.2,0.04556719958782196,0.19699403643608093,0.2313125721929228,0.4252167137004941,0.25,0.15142683684825897,429.1535453796387,0.07923812419176102,0.4022361367020885
raw,44,tum_fr2_xyz,heuristic,0.4,0.15289218723773956,0.302217960357666,0.505900383940757,0.5118888661778664,0.5,0.14932577311992645,853.2659721374512,0.1576230376958847,0.521554153478506
raw,44,tum_fr2_xyz,heuristic,0.6,0.24387945234775543,0.3939777612686157,0.6190183054299208,0.647521056464416,0.7083333333333334,0.1500983089208603,1297.276222229004,0.2818624973297119,0.7154274121154335
raw,44,tum_fr2_xyz,heuristic,0.8,0.3132847547531128,0.4344448447227478,0.7211151227767297,0.6711607448469431,0.8125,0.12116008996963501,1730.908275604248,0.3325851261615753,0.7655404881565996
raw,44,tum_fr2_xyz,random,0.1,0.026382802054286003,0.10548802465200424,0.25010231863092863,0.18236285276663844,0.0,0.07910522259771824,213.6327247619629,0.026382803916931152,0.27980324579625737
raw,44,tum_fr2_xyz,random,0.2,0.051307301968336105,0.19699403643608093,0.26045102832579203,0.21900632934107128,0.0,0.14568673446774483,419.5623970031738,0.0570000596344471,0.2893491486959329
raw,44,tum_fr2_xyz,random,0.4,0.11350960284471512,0.302217960357666,0.3755885287376521,0.33434381011105424,0.25,0.1887083575129509,855.2492027282715,0.152957022190094,0.5061149143747934
raw,44,tum_fr2_xyz,random,0.6,0.2524595856666565,0.3939777612686157,0.6407965222345716,0.4760095435077439,0.5833333333333334,0.14151817560195923,1287.362995147705,0.24615702033042908,0.6247992609780976
raw,44,tum_fr2_xyz,random,0.8,0.3784908950328827,0.4344448447227478,0.871205841013876,0.5922159634996076,0.8125,0.05595394968986511,1724.4321899414062,0.34224674105644226,0.7877794784216189
raw,44,tum_fr2_xyz,oracle,0.1,0.10548802465200424,0.10548802465200424,0.9999999052025187,0.99475932829269,1.0,0.0,216.65438079833984,0.09429054707288742,0.9999998939448413
raw,44,tum_fr2_xyz,oracle,0.2,0.19699403643608093,0.19699403643608093,0.9999999492370446,0.9961841987002218,1.0,0.0,407.649715423584,0.19699403643608093,0.9999999492370446
raw,44,tum_fr2_xyz,oracle,0.4,0.302217960357666,0.302217960357666,0.9999999669112992,0.9970304083896098,1.0,0.0,854.1676864624023,0.302217960357666,0.9999999669112992
raw,44,tum_fr2_xyz,oracle,0.6,0.3939777612686157,0.3939777612686157,0.9999999746178574,0.9973328320975512,1.0,0.0,1293.301441192627,0.3939777612686157,0.9999999746178574
raw,44,tum_fr2_xyz,oracle,0.8,0.4344448447227478,0.4344448447227478,0.999999976982119,0.9974777704738589,1.0,0.0,1691.9050159454346,0.4344448447227478,0.999999976982119
raw,45,tum_fr1_desk_val,learned,0.1,0.06197011098265648,0.4239445924758911,0.14617502055868395,0.21355101461407106,0.25,0.36197448149323463,234.84704399108887,0.031308017671108246,0.13943858542807014
raw,45,tum_fr1_desk_val,learned,0.2,0.24128901958465576,0.5745325684547424,0.4199744777461088,0.407610850320457,0.5,0.33324354887008667,473.30964279174805,0.24254220724105835,0.38530678286105297
raw,45,tum_fr1_desk_val,learned,0.4,0.48781365156173706,0.8934377431869507,0.5459962373670398,0.45766526908193866,0.625,0.4056240916252136,927.667932510376,0.4754124879837036,0.5312437852781128
raw,45,tum_fr1_desk_val,learned,0.6,0.8548834323883057,1.0196146965026855,0.8384377225399053,0.5710156962737929,0.75,0.16473126411437988,1412.8771057128906,0.8548834323883057,0.840085058288032
raw,45,tum_fr1_desk_val,learned,0.8,0.9257209300994873,1.098691701889038,0.8425665908663741,0.5792894992258197,0.8125,0.17297077178955078,1886.5546913146973,0.9606361389160156,0.874446531642326
raw,45,tum_fr1_desk_val,error_only,0.1,0.20166371762752533,0.4239445924758911,0.47568412582630665,0.09214910045355638,0.25,0.22228087484836578,214.59520721435547,0.20166371762752533,0.8981630141373471
raw,45,tum_fr1_desk_val,error_only,0.2,0.4252530336380005,0.5745325684547424,0.7401721844595082,0.254913936049301,0.25,0.14927953481674194,471.7061309814453,0.42571061849594116,0.6762913173270271
raw,45,tum_fr1_desk_val,error_only,0.4,0.6059102416038513,0.8934377431869507,0.6781784622851788,0.41452220104836607,0.5625,0.28752750158309937,943.4851112365723,0.5688062906265259,0.6356055311125862
raw,45,tum_fr1_desk_val,error_only,0.6,0.9170461893081665,1.0196146965026855,0.899404631435405,0.4992244670464195,0.8333333333333334,0.10256850719451904,1407.9036254882812,0.9170461893081665,0.9011717530254332
raw,45,tum_fr1_desk_val,error_only,0.8,1.0406547784805298,1.098691701889038,0.9471763254601036,0.5071534805123379,0.875,0.0580369234085083,1872.0402755737305,1.0527558326721191,0.9583011186578374
raw,45,tum_fr1_desk_val,heuristic,0.1,0.19880527257919312,0.4239445924758911,0.4689416292084973,0.2017958462893572,0.25,0.225139319896698,226.44871520996094,0.19880527257919312,0.8854321686954418
raw,45,tum_fr1_desk_val,heuristic,0.2,0.2592751383781433,0.5745325684547424,0.4512801329308206,0.2085796929417239,0.125,0.3152574300765991,450.4463577270508,0.24943497776985168,0.39625675840411073
raw,45,tum_fr1_desk_val,heuristic,0.4,0.5139864683151245,0.8934377431869507,0.5752907423955405,0.4048165920497995,0.5,0.37945127487182617,940.5234966278076,0.5139122605323792,0.5742648783668703
raw,45,tum_fr1_desk_val,heuristic,0.6,0.9556113481521606,1.0196146965026855,0.9372278980066318,0.5230614098843666,0.6666666666666666,0.0640033483505249,1399.5056114196777,0.9265679121017456,0.9105286509895207
raw,45,tum_fr1_desk_val,heuristic,0.8,1.0259594917297363,1.098691701889038,0.9338010659657663,0.5693971267041272,0.8125,0.07273221015930176,1884.1752490997314,1.0251739025115967,0.9331938775414605
raw,45,tum_fr1_desk_val,random,0.1,0.22616028785705566,0.4239445924758911,0.5334666051560757,0.5307635733176685,0.25,0.19778430461883545,219.16009330749512,0.265083372592926,1.1806193187686178
raw,45,tum_fr1_desk_val,random,0.2,0.4820324778556824,0.5745325684547424,0.8389993812920974,0.5549509415861638,0.375,0.09250009059906006,465.470401763916,0.29699957370758057,0.47181870552796695
raw,45,tum_fr1_desk_val,random,0.4,0.7198472023010254,0.8934377431869507,0.8057049298994625,0.5649514561616419,0.5,0.1735905408859253,947.8250522613525,0.7178478240966797,0.8021501432243596
raw,45,tum_fr1_desk_val,random,0.6,0.8943629264831543,1.0196146965026855,0.8771577349554429,0.7382612263400244,0.7083333333333334,0.12525177001953125,1425.5332107543945,0.9158051013946533,0.8999521488400397
raw,45,tum_fr1_desk_val,random,0.8,0.9822285175323486,1.098691701889038,0.8939982953394195,0.7499988124219268,0.84375,0.11646318435668945,1883.411045074463,0.9964674711227417,0.9070630270072113
raw,45,tum_fr1_desk_val,oracle,0.1,0.4239445924758911,0.4239445924758911,0.9999999764120124,0.9990754419766936,1.0,0.0,213.1776237487793,0.22452907264232635,0.9999999554623398
raw,45,tum_fr1_desk_val,oracle,0.2,0.5745325684547424,0.5745325684547424,0.9999999825945466,0.9992137411796809,1.0,0.0,453.4726676940918,0.6294781565666199,0.9999999841138254
raw,45,tum_fr1_desk_val,oracle,0.4,0.8934377431869507,0.8934377431869507,0.9999999888072784,0.9992848018861866,1.0,0.0,940.611644744873,0.8949045538902283,0.999999988825624
raw,45,tum_fr1_desk_val,oracle,0.6,1.0196146965026855,1.0196146965026855,0.9999999901923737,0.9993025543692436,1.0,0.0,1425.4230346679688,1.0176153182983398,0.999999990173104
raw,45,tum_fr1_desk_val,oracle,0.8,1.098691701889038,1.098691701889038,0.9999999908982657,0.9993112184670369,1.0,0.0,1892.0067749023438,1.0985647439956665,0.9999999908972139
raw,45,tum_fr2_xyz,learned,0.1,0.021864356473088264,0.07897429913282394,0.2768540391574103,0.836522867835715,0.25,0.05710994265973568,244.05687713623047,0.00800039991736412,0.09720377001037205
raw,45,tum_fr2_xyz,learned,0.2,0.06843806058168411,0.17670920491218567,0.3872919735153252,0.8248798439599585,0.25,0.10827114433050156,501.0274085998535,0.06843806058168411,0.38012622634125365
raw,45,tum_fr2_xyz,learned,0.4,0.125094473361969,0.404036283493042,0.30961197144068764,0.8292306213074501,0.5,0.278941810131073,1039.6749649047852,0.1651839017868042,0.40310031208178204
raw,45,tum_fr2_xyz,learned,0.6,0.22889064252376556,0.483527272939682,0.473376892265909,0.8598251126167124,0.625,0.25463663041591644,1559.2553787231445,0.41223976016044617,0.8182864182700148
raw,45,tum_fr2_xyz,learned,0.8,0.44577664136886597,0.5111280679702759,0.8721427379592901,0.8904883159849458,0.8125,0.06535142660140991,2085.476779937744,0.45354101061820984,0.8873333909169142
raw,45,tum_fr2_xyz,error_only,0.1,0.0005494765937328339,0.07897429913282394,0.006957662558449099,0.4413868529531632,0.0,0.07842482253909111,260.0097770690918,0.01795654371380806,0.21816956194275589
raw,45,tum_fr2_xyz,error_only,0.2,0.052129585295915604,0.17670920491218567,0.29500207627440944,0.6076073837951446,0.375,0.12457961961627007,523.2030982971191,0.045101385563611984,0.25050709139536864
raw,45,tum_fr2_xyz,error_only,0.4,0.10418011248111725,0.404036283493042,0.25784840163848144,0.6503066732975246,0.5625,0.29985617101192474,1026.902572631836,0.10620706528425217,0.25917841083950177
raw,45,tum_fr2_xyz,error_only,0.6,0.14192929863929749,0.483527272939682,0.29352903889190174,0.6987979204248703,0.6666666666666666,0.3415979743003845,1562.7069549560547,0.18201874196529388,0.36130300571401625
raw,45,tum_fr2_xyz,error_only,0.8,0.3928336501121521,0.5111280679702759,0.7685620630980028,0.7435692834675565,0.78125,0.11829441785812378,2101.470027923584,0.391345351934433,0.7656502720188877
raw,45,tum_fr2_xyz,heuristic,0.1,0.04564593732357025,0.07897429913282394,0.5779846360770318,0.6423949719523951,0.5,0.03332836180925369,259.84404373168945,0.049101442098617554,0.5965758379868743
raw,45,tum_fr2_xyz,heuristic,0.2,0.11059650033712387,0.17670920491218567,0.6258671931290283,0.7106693221061058,0.375,0.0661127045750618,518.3291931152344,0.13839884102344513,0.7687101113196199
raw,45,tum_fr2_xyz,heuristic,0.4,0.1276034563779831,0.404036283493042,0.31582176758133385,0.7216721664378186,0.5625,0.2764328271150589,1045.6986389160156,0.1396886557340622,0.3408839488085232
raw,45,tum_fr2_xyz,heuristic,0.6,0.373849481344223,0.483527272939682,0.7731714311369254,0.7753655166947173,0.75,0.10967779159545898,1559.6549453735352,0.3940621316432953,0.7822042448131095
raw,45,tum_fr2_xyz,heuristic,0.8,0.437313437461853,0.5111280679702759,0.855584845188811,0.8104008464399548,0.8125,0.07381463050842285,2089.827537536621,0.44066956639289856,0.8621509664325762
raw,45,tum_fr2_xyz,random,0.1,0.014545667916536331,0.07897429913282394,0.18418227492275388,0.3655845667900254,0.0,0.06442863121628761,259.9891777038574,0.0606626495718956,0.7370429351173098
raw,45,tum_fr2_xyz,random,0.2,0.02896174043416977,0.17670920491218567,0.16389490750984373,0.4583721715104885,0.0,0.1477474644780159,514.1679267883301,0.016072828322649002,0.08927347626438306
raw,45,tum_fr2_xyz,random,0.4,0.13675622642040253,0.404036283493042,0.3384751039024113,0.6625105844244279,0.5625,0.26728005707263947,1043.5414123535156,0.12833750247955322,0.31318358957323705
raw,45,tum_fr2_xyz,random,0.6,0.3516525626182556,0.483527272939682,0.7272651927318914,0.7286111302189776,0.6666666666666666,0.1318747103214264,1585.9310417175293,0.3691602945327759,0.7327746723488244
raw,45,tum_fr2_xyz,random,0.8,0.4227803349494934,0.5111280679702759,0.8271514580619062,0.765230729640543,0.75,0.08834773302078247,2116.135929107666,0.4240981638431549,0.8297297333523084
raw,45,tum_fr2_xyz,oracle,0.1,0.07897429913282394,0.07897429913282394,0.9999998733765435,0.9981488772753554,1.0,0.0,261.21673583984375,0.0823054388165474,0.9999998785013612
raw,45,tum_fr2_xyz,oracle,0.2,0.17670920491218567,0.17670920491218567,0.9999999434098555,0.9985674144754896,1.0,0.0,525.589282989502,0.18004034459590912,0.9999999444568968
raw,45,tum_fr2_xyz,oracle,0.4,0.404036283493042,0.404036283493042,0.9999999752497483,0.9988976967943068,1.0,0.0,1026.9487419128418,0.40978360176086426,0.9999999755968767
raw,45,tum_fr2_xyz,oracle,0.6,0.483527272939682,0.483527272939682,0.9999999793186437,0.9990599600740507,1.0,0.0,1581.8491706848145,0.5037841796875,0.9999999801502305
raw,45,tum_fr2_xyz,oracle,0.8,0.5111280679702759,0.5111280679702759,0.9999999804354319,0.9991631200880342,1.0,0.0,2029.7697486877441,0.5111280679702759,0.9999999804354319
raw,46,tum_fr1_desk_val,learned,0.1,0.08577365428209305,0.2551996409893036,0.33610412063489914,0.16987025853207133,0.25,0.16942598670721054,253.56356048583984,0.03783373907208443,0.15698862943143088
raw,46,tum_fr1_desk_val,learned,0.2,0.1627761721611023,0.33358636498451233,0.48795809531687145,0.24591328468410978,0.25,0.17081019282341003,493.2475242614746,0.1627761721611023,0.48795805172311507
raw,46,tum_fr1_desk_val,learned,0.4,0.3323221206665039,0.5427982211112976,0.6122387686970246,0.46711277193831524,0.5,0.2104761004447937,1002.8077507019043,0.340126097202301,0.6189224326615085
raw,46,tum_fr1_desk_val,learned,0.6,0.44030866026878357,0.6048338413238525,0.7279828324837335,0.5099840402734166,0.5833333333333334,0.16452518105506897,1527.336280822754,0.4445129632949829,0.7319597616602936
raw,46,tum_fr1_desk_val,learned,0.8,0.6174681186676025,0.6498000621795654,0.950243228808032,0.5630231831630509,0.84375,0.03233194351196289,1745.5736999511719,0.47813349962234497,0.7358163902270117
raw,46,tum_fr1_desk_val,error_only,0.1,0.019585009664297104,0.2551996409893036,0.07674387323169964,0.08602033582014314,0.0,0.23561463132500648,249.45075225830078,0.02204277738928795,0.0914650652057742
raw,46,tum_fr1_desk_val,error_only,0.2,0.06619373708963394,0.33358636498451233,0.19843057766585093,0.12257799601586754,0.0,0.2673926278948784,485.7717514038086,0.06619374454021454,0.19843058227301874
raw,46,tum_fr1_desk_val,error_only,0.4,0.24348852038383484,0.5427982211112976,0.4485801655715214,0.2851920306371559,0.375,0.29930970072746277,1018.0611991882324,0.24523746967315674,0.44625499942036273
raw,46,tum_fr1_desk_val,error_only,0.6,0.40301045775413513,0.6048338413238525,0.6663159756551836,0.4207065960650758,0.7083333333333334,0.2018233835697174,1521.116870880127,0.28143659234046936,0.4634291416948205
raw,46,tum_fr1_desk_val,error_only,0.8,0.4840840995311737,0.6498000621795654,0.7449739085245932,0.4816057569121695,0.84375,0.16571596264839172,2011.5807151794434,0.4560319781303406,0.7018035846494555
raw,46,tum_fr1_desk_val,heuristic,0.1,0.020070012658834457,0.2551996409893036,0.07864435778431245,0.07807992869821892,0.0,0.23512962833046913,237.68840789794922,0.020070012658834457,0.0832792067941991
raw,46,tum_fr1_desk_val,heuristic,0.2,0.07514779269695282,0.33358636498451233,0.22527236821480423,0.1165451296993631,0.0,0.2584385722875595,484.88086700439453,0.07514779269695282,0.2252723480891647
raw,46,tum_fr1_desk_val,heuristic,0.4,0.3555627465248108,0.5427982211112976,0.6550550944074552,0.4275184970324972,0.5,0.18723547458648682,1008.1904258728027,0.3614104390144348,0.657653234914914
raw,46,tum_fr1_desk_val,heuristic,0.6,0.5172685980796814,0.6048338413238525,0.8552242850619067,0.48398503360259193,0.75,0.08756524324417114,1526.215877532959,0.41254666447639465,0.6793222766002945
raw,46,tum_fr1_desk_val,heuristic,0.8,0.5118833780288696,0.6498000621795654,0.7877551880102223,0.496227314004826,0.84375,0.1379166841506958,2030.488567352295,0.510245144367218,0.7852341251045878
raw,46,tum_fr1_desk_val,random,0.1,0.03657643496990204,0.2551996409893036,0.14332478445056768,0.05617028823694852,0.0,0.21862320601940155,242.66392135620117,0.035848360508680344,0.14875043074381228
raw,46,tum_fr1_desk_val,random,0.2,0.03539092093706131,0.33358636498451233,0.10609222555538857,0.07158205528038478,0.0,0.298195444047451,505.9210739135742,0.07925400137901306,0.23758162875269817
raw,46,tum_fr1_desk_val,random,0.4,0.14307524263858795,0.5427982211112976,0.2635882625219005,0.13562151528136626,0.25,0.39972297847270966,1018.1699295043945,0.14307524263858795,0.2603519046491778
raw,46,tum_fr1_desk_val,random,0.6,0.28255051374435425,0.6048338413238525,0.46715393512765746,0.2273643610202438,0.5833333333333334,0.3222833275794983,1507.9950408935547,0.28255051374435425,0.46526338661594063
raw,46,tum_fr1_desk_val,random,0.8,0.42453208565711975,0.6498000621795654,0.6533272368424803,0.3063374092381643,0.78125,0.22526797652244568,2024.437370300293,0.46040213108062744,0.7085289660986948
raw,46,tum_fr1_desk_val,oracle,0.1,0.2551996409893036,0.2551996409893036,0.9999999608149934,0.9987944948875708,1.0,0.0,239.51910018920898,0.24099667370319366,0.9999999585056532
raw,46,tum_fr1_desk_val,oracle,0.2,0.33358636498451233,0.33358636498451233,0.9999999700227565,0.9989702916294009,1.0,0.0,506.73410415649414,0.3335863947868347,0.9999999700227592
raw,46,tum_fr1_desk_val,oracle,0.4,0.5427982211112976,0.5427982211112976,0.999999981576948,0.9990720586489739,1.0,0.0,1012.5766410827637,0.5495455861091614,0.9999999818031476
raw,46,tum_fr1_desk_val,oracle,0.6,0.6048338413238525,0.6048338413238525,0.9999999834665337,0.9991141544524638,1.0,0.0,1523.0459518432617,0.6072915196418762,0.9999999835334439
raw,46,tum_fr1_desk_val,oracle,0.8,0.6498000621795654,0.6498000621795654,0.9999999846106511,0.9991387535918412,1.0,0.0,2029.3511352539062,0.6498000025749207,0.9999999846106497
raw,46,tum_fr2_xyz,learned,0.1,0.028163356706500053,0.06018306314945221,0.46796142557496495,0.2938117331963414,0.0,0.032019706442952156,226.65296936035156,0.02762397937476635,0.404664191745954
raw,46,tum_fr2_xyz,learned,0.2,0.048266805708408356,0.09243206679821014,0.5221867492362023,0.3640932689984326,0.25,0.04416526108980179,446.09681701660156,0.045186057686805725,0.4603760821313075
raw,46,tum_fr2_xyz,learned,0.4,0.06945347040891647,0.17216911911964417,0.4034025772451443,0.3951991635156681,0.5,0.10271564871072769,922.3021011352539,0.066606305539608,0.36776122365441616
raw,46,tum_fr2_xyz,learned,0.6,0.13889020681381226,0.23603671789169312,0.5884262506703739,0.456561413051878,0.7083333333333334,0.09714651107788086,1244.2306575775146,0.1131816878914833,0.46534631200811755
raw,46,tum_fr2_xyz,learned,0.8,0.1751476228237152,0.2549758553504944,0.6869184367036235,0.5617894479737057,0.75,0.07982823252677917,1244.2306575775146,0.1131816878914833,0.44666371852013986
raw,46,tum_fr2_xyz,error_only,0.1,0.07153297960758209,0.06018306314945221,1.1885896791934294,0.5940903541527573,0.5,-0.011349916458129883,231.91901779174805,0.10615593940019608,1.5550803464490413
raw,46,tum_fr2_xyz,error_only,0.2,0.11777238547801971,0.09243206679821014,1.2741505931445247,0.7687236694713498,0.625,-0.02534031867980957,453.5233497619629,0.12614639103412628,1.2852367356724002
raw,46,tum_fr2_xyz,error_only,0.4,0.1634545773267746,0.17216911911964417,0.9493837725878626,0.7870382744665994,0.75,0.008714541792869568,908.7992820739746,0.17757052183151245,0.9804409937566185
raw,46,tum_fr2_xyz,error_only,0.6,0.21187283098697662,0.23603671789169312,0.8976265383758233,0.830393751621323,0.8333333333333334,0.02416388690471649,1367.7906436920166,0.22379863262176514,0.9201476869902256
raw,46,tum_fr2_xyz,error_only,0.8,0.22204983234405518,0.2549758553504944,0.8708660799673,0.8316412529181141,0.84375,0.03292602300643921,1806.3478298187256,0.22204983234405518,0.8763043356153424
raw,46,tum_fr2_xyz,heuristic,0.1,0.032827235758304596,0.06018306314945221,0.5454562892922558,0.3964614360190508,0.25,0.027355827391147614,230.38236236572266,0.07163728773593903,1.0494159710753588
raw,46,tum_fr2_xyz,heuristic,0.2,0.08381007611751556,0.09243206679821014,0.9067206863747377,0.5285384393559686,0.375,0.00862199068069458,455.21783447265625,0.12724079191684723,1.2963869890129396
raw,46,tum_fr2_xyz,heuristic,0.4,0.1819906234741211,0.17216911911964417,1.0570456179031478,0.669473788445533,0.625,-0.009821504354476929,907.2417316436768,0.1982787698507309,1.0947798775843394
raw,46,tum_fr2_xyz,heuristic,0.6,0.20464134216308594,0.23603671789169312,0.8669894045344794,0.7134098106774063,0.7916666666666666,0.03139537572860718,1382.434133529663,0.19665393233299255,0.8085422991817575
raw,46,tum_fr2_xyz,heuristic,0.8,0.22572113573551178,0.2549758553504944,0.8852647109373724,0.728508245586476,0.78125,0.029254719614982605,1846.6570644378662,0.23255698382854462,0.9177700836576952
raw,46,tum_fr2_xyz,random,0.1,0.028644654899835587,0.06018306314945221,0.475958660813191,0.17378809255645222,0.0,0.03153840824961662,207.5264434814453,0.011959073133766651,0.1751886865411971
raw,46,tum_fr2_xyz,random,0.2,0.05286577343940735,0.09243206679821014,0.5719418547180263,0.20752502987892105,0.0,0.039566293358802795,450.79308700561523,0.04568219184875488,0.46543092234934114
raw,46,tum_fr2_xyz,random,0.4,0.10219990462064743,0.17216911911964417,0.5936017980878933,0.2775655295126541,0.3125,0.06996921449899673,919.8458633422852,0.09562242031097412,0.5279713086841132
raw,46,tum_fr2_xyz,random,0.6,0.14064808189868927,0.23603671789169312,0.5958737148873988,0.37546246978107334,0.5833333333333334,0.09538863599300385,1383.93705368042,0.14038969576358795,0.5772119888348408
raw,46,tum_fr2_xyz,random,0.8,0.16988544166088104,0.2549758553504944,0.6662804788498452,0.454475494728667,0.78125,0.08509041368961334,1853.5198764801025,0.1988513022661209,0.7847529380187074
raw,46,tum_fr2_xyz,oracle,0.1,0.06018306314945221,0.06018306314945221,0.9999998338403229,0.9942771877023409,1.0,0.0,220.34718322753906,0.0682639479637146,0.9999998535098126
raw,46,tum_fr2_xyz,oracle,0.2,0.09243206679821014,0.09243206679821014,0.9999998918124493,0.9955344678337446,1.0,0.0,456.6953582763672,0.09815030544996262,0.9999998981154574
raw,46,tum_fr2_xyz,oracle,0.4,0.17216911911964417,0.17216911911964417,0.9999999419175781,0.9962986820154223,1.0,0.0,901.4705352783203,0.18111290037631989,0.9999999447858247
raw,46,tum_fr2_xyz,oracle,0.6,0.23603671789169312,0.23603671789169312,0.999999957633712,0.9965845853371312,1.0,0.0,1379.3910827636719,0.24322032928466797,0.9999999588850175
raw,46,tum_fr2_xyz,oracle,0.8,0.2549758553504944,0.2549758553504944,0.9999999607806018,0.9967015813178968,1.0,0.0,1762.002248764038,0.2533935010433197,0.9999999605356903
geometry_relative,42,tum_fr1_desk_val,learned,0.1,0.05306234583258629,0.14877355098724365,0.35666515932314097,0.3838752839049028,0.25,0.09571120515465736,214.76863861083984,0.05075431987643242,0.3411514757032956
geometry_relative,42,tum_fr1_desk_val,learned,0.2,0.1867445707321167,0.22372642159461975,0.8347005286817778,0.5320208192991787,0.375,0.03698185086250305,505.5186004638672,0.1838018298149109,0.7158368921643545
geometry_relative,42,tum_fr1_desk_val,learned,0.4,0.2695666551589966,0.37412458658218384,0.7205264171926236,0.6245416387862522,0.625,0.10455793142318726,673.7720642089844,0.19631178677082062,0.5247230998447087
geometry_relative,42,tum_fr1_desk_val,learned,0.6,0.3261391520500183,0.4049728810787201,0.8053357625526154,0.664056931877727,0.7083333333333334,0.07883372902870178,673.7720642089844,0.19631178677082062,0.48475287271981726
geometry_relative,42,tum_fr1_desk_val,learned,0.8,0.4061662256717682,0.44048771262168884,0.9220829657960807,0.6855850333293794,0.84375,0.034321486949920654,673.7720642089844,0.19631178677082062,0.4456690848009735
geometry_relative,42,tum_fr1_desk_val,error_only,0.1,0.06857450306415558,0.14877355098724365,0.46093205411703086,0.5437648392698797,0.5,0.08019904792308807,256.9504623413086,0.06857451051473618,0.4609321041970353
geometry_relative,42,tum_fr1_desk_val,error_only,0.2,0.09010078012943268,0.22372642159461975,0.40272747161448696,0.5804943631866961,0.5,0.13362564146518707,515.6719818115234,0.09010078012943268,0.3509076187891388
geometry_relative,42,tum_fr1_desk_val,error_only,0.4,0.15207260847091675,0.37412458658218384,0.40647583682061117,0.6156377613489047,0.5,0.2220519781112671,1065.4119758605957,0.15207260847091675,0.4064759015793893
geometry_relative,42,tum_fr1_desk_val,error_only,0.6,0.2432376742362976,0.4049728810787201,0.6006270533032202,0.681100949383126,0.7083333333333334,0.16173520684242249,1590.2780227661133,0.25232094526290894,0.6230563384681865
geometry_relative,42,tum_fr1_desk_val,error_only,0.8,0.30563119053840637,0.44048771262168884,0.6938472398716469,0.7020569025984296,0.78125,0.13485652208328247,2113.029956817627,0.31013938784599304,0.7040817029668162
geometry_relative,42,tum_fr1_desk_val,heuristic,0.1,0.005611671134829521,0.14877355098724365,0.03771954571491829,0.1064469057048335,0.0,0.14316187985241413,261.2393493652344,0.005611671134829521,0.03771954571491829
geometry_relative,42,tum_fr1_desk_val,heuristic,0.2,0.07920163124799728,0.22372642159461975,0.35401106021977047,0.21468645409951836,0.125,0.14452479034662247,501.0509796142578,0.07920163124799728,0.30845965801323155
geometry_relative,42,tum_fr1_desk_val,heuristic,0.4,0.3357294201850891,0.37412458658218384,0.8973732902143993,0.4798170475337186,0.5,0.03839516639709473,1038.1252822875977,0.3469972312450409,0.9274912414148159
geometry_relative,42,tum_fr1_desk_val,heuristic,0.6,0.38808923959732056,0.4049728810787201,0.9583091810505469,0.5190286223306101,0.7083333333333334,0.016883641481399536,1593.5699768066406,0.38411521911621094,0.9484960581575321
geometry_relative,42,tum_fr1_desk_val,heuristic,0.8,0.39814072847366333,0.44048771262168884,0.9038633951112525,0.5897713631406085,0.78125,0.04234698414802551,2103.2923126220703,0.3977099359035492,0.9028852829774877
geometry_relative,42,tum_fr1_desk_val,random,0.1,0.06065090745687485,0.14877355098724365,0.40767262041993646,0.33996163084163195,0.25,0.0881226435303688,266.27310943603516,0.02407767064869404,0.1618410589147526
geometry_relative,42,tum_fr1_desk_val,random,0.2,0.07797348499298096,0.22372642159461975,0.34852156018053654,0.3708956596023649,0.25,0.1457529366016388,501.1737060546875,0.07297791540622711,0.2842206968974843
geometry_relative,42,tum_fr1_desk_val,random,0.4,0.12869754433631897,0.37412458658218384,0.34399648008186495,0.41383764072107665,0.3125,0.24542704224586487,1053.9393615722656,0.12869754433631897,0.34399653488657833
geometry_relative,42,tum_fr1_desk_val,random,0.6,0.13060513138771057,0.4049728810787201,0.3225033928562963,0.478221728948749,0.5416666666666666,0.2743677496910095,1595.1661529541016,0.15076375007629395,0.37228106449265425
geometry_relative,42,tum_fr1_desk_val,random,0.8,0.33425745368003845,0.44048771262168884,0.7588348925836331,0.5683479362940784,0.75,0.10623025894165039,2114.5233726501465,0.2870420813560486,0.6516459546398025
geometry_relative,42,tum_fr1_desk_val,oracle,0.1,0.14877355098724365,0.14877355098724365,0.9999999327837559,0.998689441429152,1.0,0.0,242.072265625,0.14877355098724365,0.9999999327837559
geometry_relative,42,tum_fr1_desk_val,oracle,0.2,0.22372642159461975,0.22372642159461975,0.9999999553025545,0.9989296875535879,1.0,0.0,524.999454498291,0.2567649483680725,0.9999999610538757
geometry_relative,42,tum_fr1_desk_val,oracle,0.4,0.37412458658218384,0.37412458658218384,0.9999999732709368,0.9991018014659692,1.0,0.0,1069.6543579101562,0.37412452697753906,0.9999999732709325
geometry_relative,42,tum_fr1_desk_val,oracle,0.6,0.4049728810787201,0.4049728810787201,0.9999999753069891,0.9991690715656091,1.0,0.0,1583.0228843688965,0.4049729108810425,0.9999999753069909
geometry_relative,42,tum_fr1_desk_val,oracle,0.8,0.44048771262168884,0.44048771262168884,0.9999999772978917,0.9992107276072697,1.0,0.0,2093.064628601074,0.4404877722263336,0.9999999772978947
geometry_relative,42,tum_fr2_xyz,learned,0.1,0.0747782289981842,0.09468899667263031,0.7897245057888935,0.684069561018027,0.5,0.019910767674446106,244.14097595214844,0.03637169674038887,0.3841173876101553
geometry_relative,42,tum_fr2_xyz,learned,0.2,0.09795888513326645,0.14344912767410278,0.6828823562245171,0.6684974309559377,0.5,0.045490242540836334,505.7628746032715,0.10632144659757614,0.6715851204002882
geometry_relative,42,tum_fr2_xyz,learned,0.4,0.17530424892902374,0.23647519946098328,0.741321888787449,0.7920335621524136,0.625,0.061170950531959534,593.8740882873535,0.1277541071176529,0.5222662329011405
geometry_relative,42,tum_fr2_xyz,learned,0.6,0.2073705792427063,0.23266978561878204,0.8912655752810852,0.8324207864186244,0.75,0.025299206376075745,593.8740882873535,0.1277541071176529,0.5272994317431611
geometry_relative,42,tum_fr2_xyz,learned,0.8,0.18181881308555603,0.2437291443347931,0.745987133060843,0.8475569905680541,0.78125,0.06191033124923706,593.8740882873535,0.1277541071176529,0.5189995619451464
geometry_relative,42,tum_fr2_xyz,error_only,0.1,0.022101812064647675,0.09468899667263031,0.23341476314204662,0.4994131467375853,0.0,0.07258718460798264,253.43963241577148,0.032821349799633026,0.3466225739442735
geometry_relative,42,tum_fr2_xyz,error_only,0.2,0.013497275300323963,0.14344912767410278,0.09409101734015275,0.5711001802017363,0.25,0.12995185237377882,480.0172119140625,0.02185984142124653,0.13807886087541005
geometry_relative,42,tum_fr2_xyz,error_only,0.4,0.04569162800908089,0.23647519946098328,0.19321952653400518,0.6338610449163425,0.4375,0.1907835714519024,1002.3053932189941,0.045691631734371185,0.1867900525424193
geometry_relative,42,tum_fr2_xyz,error_only,0.6,0.12030698359012604,0.23266978561878204,0.5170717723380094,0.7213777055817587,0.7916666666666666,0.112362802028656,1518.325584411621,0.14539283514022827,0.6001025022104822
geometry_relative,42,tum_fr2_xyz,error_only,0.8,0.19761008024215698,0.2437291443347931,0.8107773597356118,0.8133988989623127,0.84375,0.04611906409263611,2037.7282829284668,0.22829017043113708,0.9274261401320633
geometry_relative,42,tum_fr2_xyz,heuristic,0.1,-0.013056713156402111,0.09468899667263031,-0.13789048607874066,0.4293510688057022,0.0,0.10774570982903242,247.5664291381836,-0.0013752956874668598,-0.014524342662151942
geometry_relative,42,tum_fr2_xyz,heuristic,0.2,0.006205469369888306,0.14344912767410278,0.04325902177248567,0.5211627840012566,0.125,0.13724365830421448,483.7666473388672,0.013152655214071274,0.0830794521537944
geometry_relative,42,tum_fr2_xyz,heuristic,0.4,0.09066615253686905,0.23647519946098328,0.3834065851703086,0.6480782423757502,0.5625,0.14580904692411423,981.9263038635254,0.10484453290700912,0.4286105588072879
geometry_relative,42,tum_fr2_xyz,heuristic,0.6,0.12283164262771606,0.23266978561878204,0.5279225964893597,0.6994000684442521,0.75,0.10983814299106598,1513.3759231567383,0.10432889312505722,0.4306128961362691
geometry_relative,42,tum_fr2_xyz,heuristic,0.8,0.15776990354061127,0.2437291443347931,0.6473165016766692,0.7837634844069536,0.84375,0.08595924079418182,2025.539234161377,0.18844999372959137,0.7655758895027249
geometry_relative,42,tum_fr2_xyz,random,0.1,0.029036005958914757,0.09468899667263031,0.3066460086470372,0.6709944369914312,0.25,0.06565299071371555,238.64532852172852,0.029036005958914757,0.3066459845186753
geometry_relative,42,tum_fr2_xyz,random,0.2,0.005260948091745377,0.14344912767410278,0.0366746581892848,0.6308344263501502,0.25,0.1381881795823574,490.67428970336914,7.88824399933219e-05,0.0004982651633860606
geometry_relative,42,tum_fr2_xyz,random,0.4,0.10175710916519165,0.23647519946098328,0.4303077239983621,0.7226708619804041,0.4375,0.13471809029579163,986.7052268981934,0.08689206093549728,0.35521980746971904
geometry_relative,42,tum_fr2_xyz,random,0.6,0.10297159105539322,0.23266978561878204,0.44256535654549284,0.776653179420636,0.5416666666666666,0.12969819456338882,1528.574951171875,0.10297159850597382,0.42501072257411804
geometry_relative,42,tum_fr2_xyz,random,0.8,0.15030041337013245,0.2437291443347931,0.6166698185136918,0.8252794601805842,0.78125,0.09342873096466064,2033.7995834350586,0.1501648724079132,0.6100430331173811
geometry_relative,42,tum_fr2_xyz,oracle,0.1,0.09468899667263031,0.09468899667263031,0.9999998943911195,0.9980827636077293,1.0,0.0,236.42148208618164,0.09468900412321091,0.9999998943911278
geometry_relative,42,tum_fr2_xyz,oracle,0.2,0.14344912767410278,0.14344912767410278,0.9999999302888803,0.9985349673611575,1.0,0.0,504.7238426208496,0.15831416845321655,0.9999999368344636
geometry_relative,42,tum_fr2_xyz,oracle,0.4,0.23647519946098328,0.23647519946098328,0.9999999577122692,0.9988811290201598,1.0,0.0,1000.6325302124023,0.24461489915847778,0.9999999591194174
geometry_relative,42,tum_fr2_xyz,oracle,0.6,0.23266978561878204,0.23266978561878204,0.9999999570206354,0.9990371236897769,1.0,0.0,1507.3785591125488,0.2422799915075302,0.9999999587254419
geometry_relative,42,tum_fr2_xyz,oracle,0.8,0.2437291443347931,0.2437291443347931,0.9999999589708501,0.9991339557378773,1.0,0.0,1687.3036079406738,0.2461545467376709,0.9999999593751173
geometry_relative,43,tum_fr1_desk_val,learned,0.1,0.10980022698640823,0.22852715849876404,0.48046903004008507,0.6608171581395555,0.5,0.1187269315123558,221.33382415771484,0.10980023443698883,0.4804690313136059
geometry_relative,43,tum_fr1_desk_val,learned,0.2,0.25844627618789673,0.3096950054168701,0.8345186823236752,0.761308313686668,0.625,0.05124872922897339,480.85265350341797,0.25844627618789673,0.8793908309217808
geometry_relative,43,tum_fr1_desk_val,learned,0.4,0.30881041288375854,0.436788409948349,0.7070022893928276,0.7865471340893698,0.625,0.12797799706459045,999.837215423584,0.3173283040523529,0.6666421726937166
geometry_relative,43,tum_fr1_desk_val,learned,0.6,0.4381253719329834,0.4868185222148895,0.8999767735620793,0.8007931183068256,0.75,0.04869315028190613,1502.5255851745605,0.44768399000167847,0.9125786348877541
geometry_relative,43,tum_fr1_desk_val,learned,0.8,0.5197800993919373,0.5047381520271301,1.0298014663769341,0.8260563779466973,0.84375,-0.015041947364807129,1907.065071105957,0.4924549460411072,0.9812892617495739
geometry_relative,43,tum_fr1_desk_val,error_only,0.1,0.04090098291635513,0.22852715849876404,0.17897645686961872,0.484921514679981,0.25,0.1876261755824089,250.1497039794922,0.06103501468896866,0.26707988861945003
geometry_relative,43,tum_fr1_desk_val,error_only,0.2,0.1520766019821167,0.3096950054168701,0.491052791977977,0.5919248399165965,0.375,0.15761840343475342,498.0586280822754,0.09350328147411346,0.3181548196486822
geometry_relative,43,tum_fr1_desk_val,error_only,0.4,0.20650187134742737,0.436788409948349,0.4727732282184738,0.5992483204231999,0.5,0.23028653860092163,996.623893737793,0.20650188624858856,0.4338184282842861
geometry_relative,43,tum_fr1_desk_val,error_only,0.6,0.2458968162536621,0.4868185222148895,0.5051098098811064,0.630558943862973,0.5833333333333334,0.24092170596122742,1502.3970565795898,0.22637872397899628,0.46146029679464207
geometry_relative,43,tum_fr1_desk_val,error_only,0.8,0.40637311339378357,0.5047381520271301,0.8051166802242716,0.7268805303346945,0.78125,0.09836503863334656,1983.1105346679688,0.4080101549625397,0.8130205351132747
geometry_relative,43,tum_fr1_desk_val,heuristic,0.1,0.01342027261853218,0.22852715849876404,0.058725064099346955,0.03694209229533601,0.0,0.21510688588023186,231.04678344726562,0.013741357252001762,0.06013007751447331
geometry_relative,43,tum_fr1_desk_val,heuristic,0.2,-0.0032330891117453575,0.3096950054168701,-0.010439590406043198,0.047167574634645125,0.0,0.3129280945286155,498.2395439147949,0.029743660241365433,0.1012059545996059
geometry_relative,43,tum_fr1_desk_val,heuristic,0.4,0.2862383723258972,0.436788409948349,0.6553250023426569,0.41382910131369327,0.5625,0.15055003762245178,1001.6101417541504,0.25709909200668335,0.5401128582108473
geometry_relative,43,tum_fr1_desk_val,heuristic,0.6,0.36508870124816895,0.4868185222148895,0.7499482396183984,0.4415794280094796,0.625,0.12172982096672058,1487.2857513427734,0.3408558666706085,0.6948155137256082
geometry_relative,43,tum_fr1_desk_val,heuristic,0.8,0.38429224491119385,0.5047381520271301,0.7613695056617054,0.46893186200653497,0.78125,0.12044590711593628,1988.8629722595215,0.38868448138237,0.774511274291037
geometry_relative,43,tum_fr1_desk_val,random,0.1,0.0270066075026989,0.22852715849876404,0.11817679132030624,0.017664778298541076,0.0,0.20152055099606514,237.76422500610352,0.0270066075026989,0.11817678361456467
geometry_relative,43,tum_fr1_desk_val,random,0.2,0.07173438370227814,0.3096950054168701,0.2316291193957994,0.05400191808150641,0.125,0.23796062171459198,487.1591567993164,0.07173438370227814,0.2440838390867186
geometry_relative,43,tum_fr1_desk_val,random,0.4,0.16360391676425934,0.436788409948349,0.37456102152068455,0.11171784150200213,0.3125,0.27318449318408966,1000.7648735046387,0.19274315237998962,0.40491412910092617
geometry_relative,43,tum_fr1_desk_val,random,0.6,0.25725287199020386,0.4868185222148895,0.5284368917094724,0.22686215378559965,0.5833333333333334,0.22956565022468567,1472.1691284179688,0.2620715796947479,0.5342181757266183
geometry_relative,43,tum_fr1_desk_val,random,0.8,0.4047609269618988,0.5047381520271301,0.8019225757297553,0.3272525172545134,0.8125,0.09997722506523132,1977.9198150634766,0.4047608971595764,0.8065459087208784
geometry_relative,43,tum_fr1_desk_val,oracle,0.1,0.22852715849876404,0.22852715849876404,0.9999999562415267,0.9989876790748009,1.0,0.0,241.42314910888672,0.22852717339992523,0.9999999562415296
geometry_relative,43,tum_fr1_desk_val,oracle,0.2,0.3096950054168701,0.3096950054168701,0.9999999677101681,0.9990987107092182,1.0,0.0,500.73659896850586,0.29389238357543945,0.9999999659739408
geometry_relative,43,tum_fr1_desk_val,oracle,0.4,0.436788409948349,0.436788409948349,0.9999999771056202,0.9991453360471639,1.0,0.0,1000.5396575927734,0.47600993514060974,0.9999999789920355
geometry_relative,43,tum_fr1_desk_val,oracle,0.6,0.4868185222148895,0.4868185222148895,0.9999999794584649,0.9991630196554939,1.0,0.0,1485.1301231384277,0.4905703067779541,0.9999999796155624
geometry_relative,43,tum_fr1_desk_val,oracle,0.8,0.5047381520271301,0.5047381520271301,0.9999999801877473,0.9991724037406181,1.0,0.0,1996.478115081787,0.5018448233604431,0.999999980073522
geometry_relative,43,tum_fr2_xyz,learned,0.1,0.04288620129227638,0.08183559775352478,0.5240530677238016,0.5655172468465169,0.25,0.0389493964612484,216.4347381591797,0.029006239026784897,0.4313190551646393
geometry_relative,43,tum_fr2_xyz,learned,0.2,0.09905721247196198,0.19038072228431702,0.5203111222622501,0.547951634864068,0.25,0.09132350981235504,441.5817413330078,0.09612373262643814,0.5049026310230057
geometry_relative,43,tum_fr2_xyz,learned,0.4,0.1743624210357666,0.337510347366333,0.5166135415705599,0.6112148609619906,0.5,0.1631479263305664,919.6190223693848,0.16242070496082306,0.484292975498856
geometry_relative,43,tum_fr2_xyz,learned,0.6,0.3364129066467285,0.3901675343513489,0.8622267831272662,0.6929512030852145,0.6666666666666666,0.05375462770462036,1376.448818206787,0.326998770236969,0.8036132840594999
geometry_relative,43,tum_fr2_xyz,learned,0.8,0.427410364151001,0.47540831565856934,0.8990384498608051,0.7553216805359328,0.8125,0.04799795150756836,1406.6363162994385,0.3364129066467285,0.707629307927479
geometry_relative,43,tum_fr2_xyz,error_only,0.1,0.03409142047166824,0.08183559775352478,0.4165841912526137,0.3763191370121842,0.25,0.04774417728185654,200.10940170288086,0.04986123740673065,0.7414302070582712
geometry_relative,43,tum_fr2_xyz,error_only,0.2,0.08881880342960358,0.19038072228431702,0.46653252334884626,0.5064427650159528,0.5,0.10156191885471344,452.94952392578125,0.09655361622571945,0.5071606515386496
geometry_relative,43,tum_fr2_xyz,error_only,0.4,0.15977883338928223,0.337510347366333,0.47340423753531996,0.5440057193468524,0.5625,0.17773151397705078,887.1916217803955,0.18113470077514648,0.5400928608557007
geometry_relative,43,tum_fr2_xyz,error_only,0.6,0.21463671326637268,0.3901675343513489,0.5501142172735174,0.6214416476371646,0.625,0.1755308210849762,1365.5655040740967,0.25485071539878845,0.6263063931345006
geometry_relative,43,tum_fr2_xyz,error_only,0.8,0.3528457283973694,0.47540831565856934,0.742195097043331,0.7009538298912329,0.8125,0.12256258726119995,1805.6156635284424,0.3182472884654999,0.6694187530775239
geometry_relative,43,tum_fr2_xyz,heuristic,0.1,0.036194175481796265,0.08183559775352478,0.44227905767874415,0.27359273170552434,0.25,0.045641422271728516,221.47885704040527,0.047841161489486694,0.7113919371818515
geometry_relative,43,tum_fr2_xyz,heuristic,0.2,0.0853966772556305,0.19038072228431702,0.4485573525796613,0.4194302379104061,0.375,0.10498404502868652,423.35387229919434,0.11615926027297974,0.6101418924027775
geometry_relative,43,tum_fr2_xyz,heuristic,0.4,0.16411197185516357,0.337510347366333,0.4862427723278335,0.4860071939112644,0.4375,0.17339837551116943,913.4941005706787,0.21766045689582825,0.6490024184043967
geometry_relative,43,tum_fr2_xyz,heuristic,0.6,0.3274446129798889,0.3901675343513489,0.8392410330394435,0.5644953427875313,0.7916666666666666,0.06272292137145996,1365.0976276397705,0.353604257106781,0.8689973913512721
geometry_relative,43,tum_fr2_xyz,heuristic,0.8,0.4423264265060425,0.47540831565856934,0.9304137151853631,0.6459696980787839,0.84375,0.033081889152526855,1782.6747188568115,0.44928836822509766,0.9450577275290277
geometry_relative,43,tum_fr2_xyz,random,0.1,0.06223848834633827,0.08183559775352478,0.7605306547461618,0.1375276240808972,0.0,0.019597109407186508,213.3282928466797,0.06223848834633827,0.9254783415260832
geometry_relative,43,tum_fr2_xyz,random,0.2,0.1587083637714386,0.19038072228431702,0.8336366914190744,0.2631090133950658,0.125,0.03167235851287842,451.0328674316406,0.18534241616725922,0.9735355775944096
geometry_relative,43,tum_fr2_xyz,random,0.4,0.20868593454360962,0.337510347366333,0.6183097199506158,0.30874697369197074,0.375,0.1288244128227234,914.1676597595215,0.2232714593410492,0.6657328535443184
geometry_relative,43,tum_fr2_xyz,random,0.6,0.3051438331604004,0.3901675343513489,0.7820841009923061,0.40864940497574215,0.5416666666666666,0.08502370119094849,1374.3028888702393,0.301021009683609,0.7397718406936166
geometry_relative,43,tum_fr2_xyz,random,0.8,0.3725789189338684,0.47540831565856934,0.7837029745277297,0.47384127867899545,0.78125,0.10282939672470093,1831.7283306121826,0.37761276960372925,0.7942913530956349
geometry_relative,43,tum_fr2_xyz,oracle,0.1,0.08183559775352478,0.08183559775352478,0.9999998778038036,0.9975219887371041,1.0,0.0,218.61223602294922,0.06725006550550461,0.9999998513012823
geometry_relative,43,tum_fr2_xyz,oracle,0.2,0.19038072228431702,0.19038072228431702,0.9999999474736762,0.9980669574760284,1.0,0.0,443.16879653930664,0.19038072228431702,0.9999999474736762
geometry_relative,43,tum_fr2_xyz,oracle,0.4,0.337510347366333,0.337510347366333,0.9999999703712796,0.9983871040924545,1.0,0.0,920.6076011657715,0.33537694811820984,0.9999999701828055
geometry_relative,43,tum_fr2_xyz,oracle,0.6,0.3901675343513489,0.3901675343513489,0.999999974369985,0.9985133741274979,1.0,0.0,1359.8126811981201,0.40691059827804565,0.9999999754245779
geometry_relative,43,tum_fr2_xyz,oracle,0.8,0.47540831565856934,0.47540831565856934,0.9999999789654505,0.99859534858969,1.0,0.0,1725.4245891571045,0.4754083752632141,0.999999978965453
geometry_relative,44,tum_fr1_desk_val,learned,0.1,0.14109469950199127,0.17743204534053802,0.7952041091514949,0.8147149091414477,0.75,0.03633734583854675,237.75885391235352,0.17743204534053802,0.9999999436403981
geometry_relative,44,tum_fr1_desk_val,learned,0.2,0.14475798606872559,0.22170570492744446,0.6529285278735335,0.7914043633755383,0.5,0.07694771885871887,484.43488693237305,0.1661989986896515,0.7506430157463457
geometry_relative,44,tum_fr1_desk_val,learned,0.4,0.2404797226190567,0.36898475885391235,0.6517334668474267,0.8069708755709671,0.5625,0.12850503623485565,977.5305633544922,0.24567054212093353,0.6790598161337108
geometry_relative,44,tum_fr1_desk_val,learned,0.6,0.3367002010345459,0.5344743728637695,0.6299650868774497,0.8424523634048471,0.6666666666666666,0.19777417182922363,1459.3594093322754,0.3367002010345459,0.6085693786568728
geometry_relative,44,tum_fr1_desk_val,learned,0.8,0.398575097322464,0.5601627826690674,0.7115344013181073,0.8558616594855615,0.78125,0.1615876853466034,1518.119686126709,0.40455102920532227,0.719275442695962
geometry_relative,44,tum_fr1_desk_val,error_only,0.1,0.08590444922447205,0.17743204534053802,0.4841540558136419,0.5337010514083645,0.5,0.09152759611606598,234.4746437072754,0.037859637290239334,0.21337540850539602
geometry_relative,44,tum_fr1_desk_val,error_only,0.2,0.13340425491333008,0.22170570492744446,0.6017177092479914,0.5590649925684171,0.375,0.08830145001411438,464.7136116027832,0.13310737907886505,0.6011836728115779
geometry_relative,44,tum_fr1_desk_val,error_only,0.4,0.27439066767692566,0.36898475885391235,0.7436368404289387,0.7029510887048185,0.625,0.0945940911769867,961.8832321166992,0.26656827330589294,0.7368233940277372
geometry_relative,44,tum_fr1_desk_val,error_only,0.6,0.37992942333221436,0.5344743728637695,0.710846834784696,0.7363729028191399,0.6666666666666666,0.15454494953155518,1456.1837348937988,0.3038138747215271,0.5491289295299429
geometry_relative,44,tum_fr1_desk_val,error_only,0.8,0.421366810798645,0.5601627826690674,0.7522220617169405,0.7698489327729662,0.78125,0.13879597187042236,1934.4979515075684,0.4132809042930603,0.7347968091370454
geometry_relative,44,tum_fr1_desk_val,heuristic,0.1,0.022396177053451538,0.17743204534053802,0.12622396223989785,0.2174883344925875,0.0,0.1550358682870865,238.9962501525879,0.05823275074362755,0.3281974648372518
geometry_relative,44,tum_fr1_desk_val,heuristic,0.2,0.07657825201749802,0.22170570492744446,0.34540495287890555,0.2763851629754417,0.0,0.14512745290994644,486.4480381011963,0.0763123631477356,0.3446671933259568
geometry_relative,44,tum_fr1_desk_val,heuristic,0.4,0.20252352952957153,0.36898475885391235,0.5488669089475458,0.477503259601908,0.5,0.16646122932434082,951.8800430297852,0.1262509822845459,0.3489713014702503
geometry_relative,44,tum_fr1_desk_val,heuristic,0.6,0.46325528621673584,0.5344743728637695,0.866749279422085,0.614017599579938,0.6666666666666666,0.07121908664703369,1460.6364631652832,0.4010722041130066,0.7249186703887709
geometry_relative,44,tum_fr1_desk_val,heuristic,0.8,0.42386022210121155,0.5601627826690674,0.7566732879233187,0.6464564203617963,0.8125,0.13630256056785583,1941.3107604980469,0.4229138493537903,0.7519237976324964
geometry_relative,44,tum_fr1_desk_val,random,0.1,0.06177517771720886,0.17743204534053802,0.34816244222976683,0.3007085393527344,0.25,0.11565686762332916,231.9868507385254,0.10099664330482483,0.5692130608022667
geometry_relative,44,tum_fr1_desk_val,random,0.2,0.07233557105064392,0.22170570492744446,0.3262684097896011,0.33798271290137205,0.125,0.14937013387680054,474.86019134521484,0.11155703663825989,0.5038508719672755
geometry_relative,44,tum_fr1_desk_val,random,0.4,0.19325560331344604,0.36898475885391235,0.5237495409734904,0.4902664894978106,0.3125,0.1757291555404663,962.0924854278564,0.23769983649253845,0.6570279280133617
geometry_relative,44,tum_fr1_desk_val,random,0.6,0.28393375873565674,0.5344743728637695,0.5312392283692063,0.543444195364875,0.4583333333333333,0.2505406141281128,1447.6360569000244,0.2940056025981903,0.5314009505936185
geometry_relative,44,tum_fr1_desk_val,random,0.8,0.4314954876899719,0.5601627826690674,0.7703037283750663,0.5900634177584175,0.78125,0.12866729497909546,1923.9871807098389,0.452856183052063,0.8051600614691772
geometry_relative,44,tum_fr1_desk_val,oracle,0.1,0.17743204534053802,0.17743204534053802,0.9999999436403981,0.9990124396284144,1.0,0.0,237.75885391235352,0.17743204534053802,0.9999999436403981
geometry_relative,44,tum_fr1_desk_val,oracle,0.2,0.22170570492744446,0.22170570492744446,0.9999999548951636,0.9991755450781039,1.0,0.0,487.88024520874023,0.22140882909297943,0.9999999548346848
geometry_relative,44,tum_fr1_desk_val,oracle,0.4,0.36898475885391235,0.36898475885391235,0.9999999728986103,0.9993046372221637,1.0,0.0,970.6125869750977,0.36178040504455566,0.9999999723589239
geometry_relative,44,tum_fr1_desk_val,oracle,0.6,0.5344743728637695,0.5344743728637695,0.9999999812900293,0.9993706055906652,1.0,0.0,1446.6301174163818,0.5532650947570801,0.9999999819254821
geometry_relative,44,tum_fr1_desk_val,oracle,0.8,0.5601627826690674,0.5601627826690674,0.9999999821480466,0.999415532311414,1.0,0.0,1949.3297863006592,0.562442421913147,0.9999999822204025
geometry_relative,44,tum_fr2_xyz,learned,0.1,0.0445224829018116,0.10548802465200424,0.4220619243565146,0.6978921549314896,0.5,0.06096554175019264,203.80126571655273,0.06395947188138962,0.6783231944631358
geometry_relative,44,tum_fr2_xyz,learned,0.2,0.09262783825397491,0.19699403643608093,0.4702062825235181,0.7505686417342127,0.5,0.10436619818210602,411.3627815246582,0.07805328071117401,0.396221521021957
geometry_relative,44,tum_fr2_xyz,learned,0.4,0.16799426078796387,0.302217960357666,0.5558711832693061,0.7156088071590471,0.5625,0.13422369956970215,856.4521865844727,0.15702034533023834,0.5195599227418853
geometry_relative,44,tum_fr2_xyz,learned,0.6,0.26474088430404663,0.3939777612686157,0.6719690896559369,0.7521464488424624,0.6666666666666666,0.1292368769645691,1070.181692123413,0.18079158663749695,0.4588877845959296
geometry_relative,44,tum_fr2_xyz,learned,0.8,0.37212857604026794,0.4344448447227478,0.8565611308200471,0.8029673213353762,0.78125,0.06231626868247986,1070.181692123413,0.18079158663749695,0.4161439240726508
geometry_relative,44,tum_fr2_xyz,error_only,0.1,0.019471945241093636,0.10548802465200424,0.18458913662890652,0.241150714168025,0.0,0.0860160794109106,205.15362739562988,0.04362928867340088,0.4627111136873978
geometry_relative,44,tum_fr2_xyz,error_only,0.2,0.07043065875768661,0.19699403643608093,0.3575268391704386,0.4108262113773907,0.375,0.12656337767839432,431.9412021636963,0.07926706969738007,0.40238307264326395
geometry_relative,44,tum_fr2_xyz,error_only,0.4,0.1431400030851364,0.302217960357666,0.4736316735756463,0.5384689426465595,0.5625,0.1590779572725296,865.1436824798584,0.14313998818397522,0.47363162426963984
geometry_relative,44,tum_fr2_xyz,error_only,0.6,0.2025032639503479,0.3939777612686157,0.5139966737165999,0.5623976333701154,0.5833333333333334,0.19147449731826782,1292.1442909240723,0.2025032937526703,0.5139967493612798
geometry_relative,44,tum_fr2_xyz,error_only,0.8,0.31667450070381165,0.4344448447227478,0.7289175996937647,0.644067545962136,0.78125,0.11777034401893616,1717.9099655151367,0.31667450070381165,0.7289175996937647
geometry_relative,44,tum_fr2_xyz,heuristic,0.1,0.015626659616827965,0.10548802465200424,0.14813679739487937,0.3067448055079983,0.0,0.08986136503517628,216.5330352783203,0.0385054275393486,0.4083699230834279
geometry_relative,44,tum_fr2_xyz,heuristic,0.2,0.04556719958782196,0.19699403643608093,0.2313125721929228,0.4252167137004941,0.25,0.15142683684825897,429.1535453796387,0.07923812419176102,0.4022361367020885
geometry_relative,44,tum_fr2_xyz,heuristic,0.4,0.15289218723773956,0.302217960357666,0.505900383940757,0.5118888661778664,0.5,0.14932577311992645,853.2659721374512,0.1576230376958847,0.521554153478506
geometry_relative,44,tum_fr2_xyz,heuristic,0.6,0.24387945234775543,0.3939777612686157,0.6190183054299208,0.647521056464416,0.7083333333333334,0.1500983089208603,1297.276222229004,0.2818624973297119,0.7154274121154335
geometry_relative,44,tum_fr2_xyz,heuristic,0.8,0.3132847547531128,0.4344448447227478,0.7211151227767297,0.6711607448469431,0.8125,0.12116008996963501,1730.908275604248,0.3325851261615753,0.7655404881565996
geometry_relative,44,tum_fr2_xyz,random,0.1,0.026382802054286003,0.10548802465200424,0.25010231863092863,0.18236285276663844,0.0,0.07910522259771824,213.6327247619629,0.026382803916931152,0.27980324579625737
geometry_relative,44,tum_fr2_xyz,random,0.2,0.051307301968336105,0.19699403643608093,0.26045102832579203,0.21900632934107128,0.0,0.14568673446774483,419.5623970031738,0.0570000596344471,0.2893491486959329
geometry_relative,44,tum_fr2_xyz,random,0.4,0.11350960284471512,0.302217960357666,0.3755885287376521,0.33434381011105424,0.25,0.1887083575129509,855.2492027282715,0.152957022190094,0.5061149143747934
geometry_relative,44,tum_fr2_xyz,random,0.6,0.2524595856666565,0.3939777612686157,0.6407965222345716,0.4760095435077439,0.5833333333333334,0.14151817560195923,1287.362995147705,0.24615702033042908,0.6247992609780976
geometry_relative,44,tum_fr2_xyz,random,0.8,0.3784908950328827,0.4344448447227478,0.871205841013876,0.5922159634996076,0.8125,0.05595394968986511,1724.4321899414062,0.34224674105644226,0.7877794784216189
geometry_relative,44,tum_fr2_xyz,oracle,0.1,0.10548802465200424,0.10548802465200424,0.9999999052025187,0.99475932829269,1.0,0.0,216.65438079833984,0.09429054707288742,0.9999998939448413
geometry_relative,44,tum_fr2_xyz,oracle,0.2,0.19699403643608093,0.19699403643608093,0.9999999492370446,0.9961841987002218,1.0,0.0,407.649715423584,0.19699403643608093,0.9999999492370446
geometry_relative,44,tum_fr2_xyz,oracle,0.4,0.302217960357666,0.302217960357666,0.9999999669112992,0.9970304083896098,1.0,0.0,854.1676864624023,0.302217960357666,0.9999999669112992
geometry_relative,44,tum_fr2_xyz,oracle,0.6,0.3939777612686157,0.3939777612686157,0.9999999746178574,0.9973328320975512,1.0,0.0,1293.301441192627,0.3939777612686157,0.9999999746178574
geometry_relative,44,tum_fr2_xyz,oracle,0.8,0.4344448447227478,0.4344448447227478,0.999999976982119,0.9974777704738589,1.0,0.0,1691.9050159454346,0.4344448447227478,0.999999976982119
geometry_relative,45,tum_fr1_desk_val,learned,0.1,0.050230249762535095,0.4239445924758911,0.11848305054288688,0.036063818213233276,0.0,0.373714342713356,216.96042251586914,0.050230249762535095,0.22371377984272808
geometry_relative,45,tum_fr1_desk_val,learned,0.2,0.2047848105430603,0.5745325684547424,0.3564372469422842,0.22701217237629057,0.25,0.36974775791168213,466.0902328491211,0.17837375402450562,0.2833676583215181
geometry_relative,45,tum_fr1_desk_val,learned,0.4,0.40993282198905945,0.8934377431869507,0.45882639336294256,0.3661499605945405,0.375,0.48350492119789124,929.7481670379639,0.33152690529823303,0.3704606263902115
geometry_relative,45,tum_fr1_desk_val,learned,0.6,0.584175705909729,1.0196146965026855,0.5729377010591308,0.4194224819464724,0.5833333333333334,0.43543899059295654,1173.185230255127,0.45209091901779175,0.44426504440904985
geometry_relative,45,tum_fr1_desk_val,learned,0.8,0.7868291735649109,1.098691701889038,0.7161510049184538,0.4816534545268158,0.78125,0.3118625283241272,1173.185230255127,0.45209091901779175,0.4115286944838348
geometry_relative,45,tum_fr1_desk_val,error_only,0.1,0.20166371762752533,0.4239445924758911,0.47568412582630665,0.09214910045355638,0.25,0.22228087484836578,214.59520721435547,0.20166371762752533,0.8981630141373471
geometry_relative,45,tum_fr1_desk_val,error_only,0.2,0.4252530336380005,0.5745325684547424,0.7401721844595082,0.254913936049301,0.25,0.14927953481674194,471.7061309814453,0.42571061849594116,0.6762913173270271
geometry_relative,45,tum_fr1_desk_val,error_only,0.4,0.6059102416038513,0.8934377431869507,0.6781784622851788,0.41452220104836607,0.5625,0.28752750158309937,943.4851112365723,0.5688062906265259,0.6356055311125862
geometry_relative,45,tum_fr1_desk_val,error_only,0.6,0.9170461893081665,1.0196146965026855,0.899404631435405,0.4992244670464195,0.8333333333333334,0.10256850719451904,1407.9036254882812,0.9170461893081665,0.9011717530254332
geometry_relative,45,tum_fr1_desk_val,error_only,0.8,1.0406547784805298,1.098691701889038,0.9471763254601036,0.5071534805123379,0.875,0.0580369234085083,1872.0402755737305,1.0527558326721191,0.9583011186578374
geometry_relative,45,tum_fr1_desk_val,heuristic,0.1,0.19880527257919312,0.4239445924758911,0.4689416292084973,0.2017958462893572,0.25,0.225139319896698,226.44871520996094,0.19880527257919312,0.8854321686954418
geometry_relative,45,tum_fr1_desk_val,heuristic,0.2,0.2592751383781433,0.5745325684547424,0.4512801329308206,0.2085796929417239,0.125,0.3152574300765991,450.4463577270508,0.24943497776985168,0.39625675840411073
geometry_relative,45,tum_fr1_desk_val,heuristic,0.4,0.5139864683151245,0.8934377431869507,0.5752907423955405,0.4048165920497995,0.5,0.37945127487182617,940.5234966278076,0.5139122605323792,0.5742648783668703
geometry_relative,45,tum_fr1_desk_val,heuristic,0.6,0.9556113481521606,1.0196146965026855,0.9372278980066318,0.5230614098843666,0.6666666666666666,0.0640033483505249,1399.5056114196777,0.9265679121017456,0.9105286509895207
geometry_relative,45,tum_fr1_desk_val,heuristic,0.8,1.0259594917297363,1.098691701889038,0.9338010659657663,0.5693971267041272,0.8125,0.07273221015930176,1884.1752490997314,1.0251739025115967,0.9331938775414605
geometry_relative,45,tum_fr1_desk_val,random,0.1,0.22616028785705566,0.4239445924758911,0.5334666051560757,0.5307635733176685,0.25,0.19778430461883545,219.16009330749512,0.265083372592926,1.1806193187686178
geometry_relative,45,tum_fr1_desk_val,random,0.2,0.4820324778556824,0.5745325684547424,0.8389993812920974,0.5549509415861638,0.375,0.09250009059906006,465.470401763916,0.29699957370758057,0.47181870552796695
geometry_relative,45,tum_fr1_desk_val,random,0.4,0.7198472023010254,0.8934377431869507,0.8057049298994625,0.5649514561616419,0.5,0.1735905408859253,947.8250522613525,0.7178478240966797,0.8021501432243596
geometry_relative,45,tum_fr1_desk_val,random,0.6,0.8943629264831543,1.0196146965026855,0.8771577349554429,0.7382612263400244,0.7083333333333334,0.12525177001953125,1425.5332107543945,0.9158051013946533,0.8999521488400397
geometry_relative,45,tum_fr1_desk_val,random,0.8,0.9822285175323486,1.098691701889038,0.8939982953394195,0.7499988124219268,0.84375,0.11646318435668945,1883.411045074463,0.9964674711227417,0.9070630270072113
geometry_relative,45,tum_fr1_desk_val,oracle,0.1,0.4239445924758911,0.4239445924758911,0.9999999764120124,0.9990754419766936,1.0,0.0,213.1776237487793,0.22452907264232635,0.9999999554623398
geometry_relative,45,tum_fr1_desk_val,oracle,0.2,0.5745325684547424,0.5745325684547424,0.9999999825945466,0.9992137411796809,1.0,0.0,453.4726676940918,0.6294781565666199,0.9999999841138254
geometry_relative,45,tum_fr1_desk_val,oracle,0.4,0.8934377431869507,0.8934377431869507,0.9999999888072784,0.9992848018861866,1.0,0.0,940.611644744873,0.8949045538902283,0.999999988825624
geometry_relative,45,tum_fr1_desk_val,oracle,0.6,1.0196146965026855,1.0196146965026855,0.9999999901923737,0.9993025543692436,1.0,0.0,1425.4230346679688,1.0176153182983398,0.999999990173104
geometry_relative,45,tum_fr1_desk_val,oracle,0.8,1.098691701889038,1.098691701889038,0.9999999908982657,0.9993112184670369,1.0,0.0,1892.0067749023438,1.0985647439956665,0.9999999908972139
geometry_relative,45,tum_fr2_xyz,learned,0.1,0.067080557346344,0.07897429913282394,0.8493972037605763,0.8016472515394577,0.5,0.01189374178647995,251.89009857177734,0.06708056479692459,0.8150197315179228
geometry_relative,45,tum_fr2_xyz,learned,0.2,0.10885612666606903,0.17670920491218567,0.6160183933823954,0.7982894802512757,0.375,0.06785307824611664,523.7247657775879,0.10885613411664963,0.6046207493923869
geometry_relative,45,tum_fr2_xyz,learned,0.4,0.13296814262866974,0.404036283493042,0.32909950113419606,0.8451522379987422,0.625,0.27106814086437225,1041.3810272216797,0.16463884711265564,0.40177020844048117
geometry_relative,45,tum_fr2_xyz,learned,0.6,0.21930065751075745,0.483527272939682,0.4535435026075132,0.8628964680633647,0.6666666666666666,0.26422661542892456,1120.393409729004,0.17305758595466614,0.3435153176641265
geometry_relative,45,tum_fr2_xyz,learned,0.8,0.2605910003185272,0.5111280679702759,0.5098350326465172,0.8782326674791466,0.75,0.25053706765174866,1120.393409729004,0.17305758595466614,0.33857968954061274
geometry_relative,45,tum_fr2_xyz,error_only,0.1,0.0005494765937328339,0.07897429913282394,0.006957662558449099,0.4413868529531632,0.0,0.07842482253909111,260.0097770690918,0.01795654371380806,0.21816956194275589
geometry_relative,45,tum_fr2_xyz,error_only,0.2,0.052129585295915604,0.17670920491218567,0.29500207627440944,0.6076073837951446,0.375,0.12457961961627007,523.2030982971191,0.045101385563611984,0.25050709139536864
geometry_relative,45,tum_fr2_xyz,error_only,0.4,0.10418011248111725,0.404036283493042,0.25784840163848144,0.6503066732975246,0.5625,0.29985617101192474,1026.902572631836,0.10620706528425217,0.25917841083950177
geometry_relative,45,tum_fr2_xyz,error_only,0.6,0.14192929863929749,0.483527272939682,0.29352903889190174,0.6987979204248703,0.6666666666666666,0.3415979743003845,1562.7069549560547,0.18201874196529388,0.36130300571401625
geometry_relative,45,tum_fr2_xyz,error_only,0.8,0.3928336501121521,0.5111280679702759,0.7685620630980028,0.7435692834675565,0.78125,0.11829441785812378,2101.470027923584,0.391345351934433,0.7656502720188877
geometry_relative,45,tum_fr2_xyz,heuristic,0.1,0.04564593732357025,0.07897429913282394,0.5779846360770318,0.6423949719523951,0.5,0.03332836180925369,259.84404373168945,0.049101442098617554,0.5965758379868743
geometry_relative,45,tum_fr2_xyz,heuristic,0.2,0.11059650033712387,0.17670920491218567,0.6258671931290283,0.7106693221061058,0.375,0.0661127045750618,518.3291931152344,0.13839884102344513,0.7687101113196199
geometry_relative,45,tum_fr2_xyz,heuristic,0.4,0.1276034563779831,0.404036283493042,0.31582176758133385,0.7216721664378186,0.5625,0.2764328271150589,1045.6986389160156,0.1396886557340622,0.3408839488085232
geometry_relative,45,tum_fr2_xyz,heuristic,0.6,0.373849481344223,0.483527272939682,0.7731714311369254,0.7753655166947173,0.75,0.10967779159545898,1559.6549453735352,0.3940621316432953,0.7822042448131095
geometry_relative,45,tum_fr2_xyz,heuristic,0.8,0.437313437461853,0.5111280679702759,0.855584845188811,0.8104008464399548,0.8125,0.07381463050842285,2089.827537536621,0.44066956639289856,0.8621509664325762
geometry_relative,45,tum_fr2_xyz,random,0.1,0.014545667916536331,0.07897429913282394,0.18418227492275388,0.3655845667900254,0.0,0.06442863121628761,259.9891777038574,0.0606626495718956,0.7370429351173098
geometry_relative,45,tum_fr2_xyz,random,0.2,0.02896174043416977,0.17670920491218567,0.16389490750984373,0.4583721715104885,0.0,0.1477474644780159,514.1679267883301,0.016072828322649002,0.08927347626438306
geometry_relative,45,tum_fr2_xyz,random,0.4,0.13675622642040253,0.404036283493042,0.3384751039024113,0.6625105844244279,0.5625,0.26728005707263947,1043.5414123535156,0.12833750247955322,0.31318358957323705
geometry_relative,45,tum_fr2_xyz,random,0.6,0.3516525626182556,0.483527272939682,0.7272651927318914,0.7286111302189776,0.6666666666666666,0.1318747103214264,1585.9310417175293,0.3691602945327759,0.7327746723488244
geometry_relative,45,tum_fr2_xyz,random,0.8,0.4227803349494934,0.5111280679702759,0.8271514580619062,0.765230729640543,0.75,0.08834773302078247,2116.135929107666,0.4240981638431549,0.8297297333523084
geometry_relative,45,tum_fr2_xyz,oracle,0.1,0.07897429913282394,0.07897429913282394,0.9999998733765435,0.9981488772753554,1.0,0.0,261.21673583984375,0.0823054388165474,0.9999998785013612
geometry_relative,45,tum_fr2_xyz,oracle,0.2,0.17670920491218567,0.17670920491218567,0.9999999434098555,0.9985674144754896,1.0,0.0,525.589282989502,0.18004034459590912,0.9999999444568968
geometry_relative,45,tum_fr2_xyz,oracle,0.4,0.404036283493042,0.404036283493042,0.9999999752497483,0.9988976967943068,1.0,0.0,1026.9487419128418,0.40978360176086426,0.9999999755968767
geometry_relative,45,tum_fr2_xyz,oracle,0.6,0.483527272939682,0.483527272939682,0.9999999793186437,0.9990599600740507,1.0,0.0,1581.8491706848145,0.5037841796875,0.9999999801502305
geometry_relative,45,tum_fr2_xyz,oracle,0.8,0.5111280679702759,0.5111280679702759,0.9999999804354319,0.9991631200880342,1.0,0.0,2029.7697486877441,0.5111280679702759,0.9999999804354319
geometry_relative,46,tum_fr1_desk_val,learned,0.1,0.028929123654961586,0.2551996409893036,0.11335879004072039,0.07871398267840893,0.0,0.226270517334342,253.35401153564453,0.028929123654961586,0.12003950930125691
geometry_relative,46,tum_fr1_desk_val,learned,0.2,0.05868542939424515,0.33358636498451233,0.175922740840269,0.13086360687673132,0.125,0.2749009355902672,496.8313980102539,0.05868542939424515,0.17592272512348267
geometry_relative,46,tum_fr1_desk_val,learned,0.4,0.23934389650821686,0.5427982211112976,0.44094450348188546,0.29603028766045836,0.375,0.30345432460308075,1006.7271575927734,0.26456815004348755,0.4814307528195238
geometry_relative,46,tum_fr1_desk_val,learned,0.6,0.3744621276855469,0.6048338413238525,0.6191156908065396,0.37444650764107884,0.5416666666666666,0.23037171363830566,1221.2890930175781,0.3138716518878937,0.5168385142354708
geometry_relative,46,tum_fr1_desk_val,learned,0.8,0.5084900259971619,0.6498000621795654,0.782533040188161,0.4213228705946023,0.78125,0.14131003618240356,1221.2890930175781,0.3138716518878937,0.48302807912258217
geometry_relative,46,tum_fr1_desk_val,error_only,0.1,0.019585009664297104,0.2551996409893036,0.07674387323169964,0.08602033582014314,0.0,0.23561463132500648,249.45075225830078,0.02204277738928795,0.0914650652057742
geometry_relative,46,tum_fr1_desk_val,error_only,0.2,0.06619373708963394,0.33358636498451233,0.19843057766585093,0.12257799601586754,0.0,0.2673926278948784,485.7717514038086,0.06619374454021454,0.19843058227301874
geometry_relative,46,tum_fr1_desk_val,error_only,0.4,0.24348852038383484,0.5427982211112976,0.4485801655715214,0.2851920306371559,0.375,0.29930970072746277,1018.0611991882324,0.24523746967315674,0.44625499942036273
geometry_relative,46,tum_fr1_desk_val,error_only,0.6,0.40301045775413513,0.6048338413238525,0.6663159756551836,0.4207065960650758,0.7083333333333334,0.2018233835697174,1521.116870880127,0.28143659234046936,0.4634291416948205
geometry_relative,46,tum_fr1_desk_val,error_only,0.8,0.4840840995311737,0.6498000621795654,0.7449739085245932,0.4816057569121695,0.84375,0.16571596264839172,2011.5807151794434,0.4560319781303406,0.7018035846494555
geometry_relative,46,tum_fr1_desk_val,heuristic,0.1,0.020070012658834457,0.2551996409893036,0.07864435778431245,0.07807992869821892,0.0,0.23512962833046913,237.68840789794922,0.020070012658834457,0.0832792067941991
geometry_relative,46,tum_fr1_desk_val,heuristic,0.2,0.07514779269695282,0.33358636498451233,0.22527236821480423,0.1165451296993631,0.0,0.2584385722875595,484.88086700439453,0.07514779269695282,0.2252723480891647
geometry_relative,46,tum_fr1_desk_val,heuristic,0.4,0.3555627465248108,0.5427982211112976,0.6550550944074552,0.4275184970324972,0.5,0.18723547458648682,1008.1904258728027,0.3614104390144348,0.657653234914914
geometry_relative,46,tum_fr1_desk_val,heuristic,0.6,0.5172685980796814,0.6048338413238525,0.8552242850619067,0.48398503360259193,0.75,0.08756524324417114,1526.215877532959,0.41254666447639465,0.6793222766002945
geometry_relative,46,tum_fr1_desk_val,heuristic,0.8,0.5118833780288696,0.6498000621795654,0.7877551880102223,0.496227314004826,0.84375,0.1379166841506958,2030.488567352295,0.510245144367218,0.7852341251045878
geometry_relative,46,tum_fr1_desk_val,random,0.1,0.03657643496990204,0.2551996409893036,0.14332478445056768,0.05617028823694852,0.0,0.21862320601940155,242.66392135620117,0.035848360508680344,0.14875043074381228
geometry_relative,46,tum_fr1_desk_val,random,0.2,0.03539092093706131,0.33358636498451233,0.10609222555538857,0.07158205528038478,0.0,0.298195444047451,505.9210739135742,0.07925400137901306,0.23758162875269817
geometry_relative,46,tum_fr1_desk_val,random,0.4,0.14307524263858795,0.5427982211112976,0.2635882625219005,0.13562151528136626,0.25,0.39972297847270966,1018.1699295043945,0.14307524263858795,0.2603519046491778
geometry_relative,46,tum_fr1_desk_val,random,0.6,0.28255051374435425,0.6048338413238525,0.46715393512765746,0.2273643610202438,0.5833333333333334,0.3222833275794983,1507.9950408935547,0.28255051374435425,0.46526338661594063
geometry_relative,46,tum_fr1_desk_val,random,0.8,0.42453208565711975,0.6498000621795654,0.6533272368424803,0.3063374092381643,0.78125,0.22526797652244568,2024.437370300293,0.46040213108062744,0.7085289660986948
geometry_relative,46,tum_fr1_desk_val,oracle,0.1,0.2551996409893036,0.2551996409893036,0.9999999608149934,0.9987944948875708,1.0,0.0,239.51910018920898,0.24099667370319366,0.9999999585056532
geometry_relative,46,tum_fr1_desk_val,oracle,0.2,0.33358636498451233,0.33358636498451233,0.9999999700227565,0.9989702916294009,1.0,0.0,506.73410415649414,0.3335863947868347,0.9999999700227592
geometry_relative,46,tum_fr1_desk_val,oracle,0.4,0.5427982211112976,0.5427982211112976,0.999999981576948,0.9990720586489739,1.0,0.0,1012.5766410827637,0.5495455861091614,0.9999999818031476
geometry_relative,46,tum_fr1_desk_val,oracle,0.6,0.6048338413238525,0.6048338413238525,0.9999999834665337,0.9991141544524638,1.0,0.0,1523.0459518432617,0.6072915196418762,0.9999999835334439
geometry_relative,46,tum_fr1_desk_val,oracle,0.8,0.6498000621795654,0.6498000621795654,0.9999999846106511,0.9991387535918412,1.0,0.0,2029.3511352539062,0.6498000025749207,0.9999999846106497
geometry_relative,46,tum_fr2_xyz,learned,0.1,0.028163358569145203,0.06018306314945221,0.4679614565246166,0.32521362284317923,0.0,0.03201970458030701,226.65296936035156,0.0276239775121212,0.40466416446003034
geometry_relative,46,tum_fr2_xyz,learned,0.2,0.047041866928339005,0.09243206679821014,0.5089344365921455,0.37275618576387654,0.25,0.04539019986987114,450.25926971435547,0.0393858440220356,0.4012808704839532
geometry_relative,46,tum_fr2_xyz,learned,0.4,0.07365821301937103,0.17216911911964417,0.42782474068382087,0.39930463313648856,0.4375,0.09851090610027313,927.9063129425049,0.07081105560064316,0.3909774043910541
geometry_relative,46,tum_fr2_xyz,learned,0.6,0.14152756333351135,0.23603671789169312,0.5995997512660494,0.4594710094035349,0.7083333333333334,0.09450915455818176,1151.3793239593506,0.0975951999425888,0.40126249403986824
geometry_relative,46,tum_fr2_xyz,learned,0.8,0.14782525599002838,0.2549758553504944,0.5797617581837604,0.5073425057884299,0.75,0.107150599360466,1151.3793239593506,0.0975951999425888,0.38515271973915743
geometry_relative,46,tum_fr2_xyz,error_only,0.1,0.07153297960758209,0.06018306314945221,1.1885896791934294,0.5940903541527573,0.5,-0.011349916458129883,231.91901779174805,0.10615593940019608,1.5550803464490413
geometry_relative,46,tum_fr2_xyz,error_only,0.2,0.11777238547801971,0.09243206679821014,1.2741505931445247,0.7687236694713498,0.625,-0.02534031867980957,453.5233497619629,0.12614639103412628,1.2852367356724002
geometry_relative,46,tum_fr2_xyz,error_only,0.4,0.1634545773267746,0.17216911911964417,0.9493837725878626,0.7870382744665994,0.75,0.008714541792869568,908.7992820739746,0.17757052183151245,0.9804409937566185
geometry_relative,46,tum_fr2_xyz,error_only,0.6,0.21187283098697662,0.23603671789169312,0.8976265383758233,0.830393751621323,0.8333333333333334,0.02416388690471649,1367.7906436920166,0.22379863262176514,0.9201476869902256
geometry_relative,46,tum_fr2_xyz,error_only,0.8,0.22204983234405518,0.2549758553504944,0.8708660799673,0.8316412529181141,0.84375,0.03292602300643921,1806.3478298187256,0.22204983234405518,0.8763043356153424
geometry_relative,46,tum_fr2_xyz,heuristic,0.1,0.032827235758304596,0.06018306314945221,0.5454562892922558,0.3964614360190508,0.25,0.027355827391147614,230.38236236572266,0.07163728773593903,1.0494159710753588
geometry_relative,46,tum_fr2_xyz,heuristic,0.2,0.08381007611751556,0.09243206679821014,0.9067206863747377,0.5285384393559686,0.375,0.00862199068069458,455.21783447265625,0.12724079191684723,1.2963869890129396
geometry_relative,46,tum_fr2_xyz,heuristic,0.4,0.1819906234741211,0.17216911911964417,1.0570456179031478,0.669473788445533,0.625,-0.009821504354476929,907.2417316436768,0.1982787698507309,1.0947798775843394
geometry_relative,46,tum_fr2_xyz,heuristic,0.6,0.20464134216308594,0.23603671789169312,0.8669894045344794,0.7134098106774063,0.7916666666666666,0.03139537572860718,1382.434133529663,0.19665393233299255,0.8085422991817575
geometry_relative,46,tum_fr2_xyz,heuristic,0.8,0.22572113573551178,0.2549758553504944,0.8852647109373724,0.728508245586476,0.78125,0.029254719614982605,1846.6570644378662,0.23255698382854462,0.9177700836576952
geometry_relative,46,tum_fr2_xyz,random,0.1,0.028644654899835587,0.06018306314945221,0.475958660813191,0.17378809255645222,0.0,0.03153840824961662,207.5264434814453,0.011959073133766651,0.1751886865411971
geometry_relative,46,tum_fr2_xyz,random,0.2,0.05286577343940735,0.09243206679821014,0.5719418547180263,0.20752502987892105,0.0,0.039566293358802795,450.79308700561523,0.04568219184875488,0.46543092234934114
geometry_relative,46,tum_fr2_xyz,random,0.4,0.10219990462064743,0.17216911911964417,0.5936017980878933,0.2775655295126541,0.3125,0.06996921449899673,919.8458633422852,0.09562242031097412,0.5279713086841132
geometry_relative,46,tum_fr2_xyz,random,0.6,0.14064808189868927,0.23603671789169312,0.5958737148873988,0.37546246978107334,0.5833333333333334,0.09538863599300385,1383.93705368042,0.14038969576358795,0.5772119888348408
geometry_relative,46,tum_fr2_xyz,random,0.8,0.16988544166088104,0.2549758553504944,0.6662804788498452,0.454475494728667,0.78125,0.08509041368961334,1853.5198764801025,0.1988513022661209,0.7847529380187074
geometry_relative,46,tum_fr2_xyz,oracle,0.1,0.06018306314945221,0.06018306314945221,0.9999998338403229,0.9942771877023409,1.0,0.0,220.34718322753906,0.0682639479637146,0.9999998535098126
geometry_relative,46,tum_fr2_xyz,oracle,0.2,0.09243206679821014,0.09243206679821014,0.9999998918124493,0.9955344678337446,1.0,0.0,456.6953582763672,0.09815030544996262,0.9999998981154574
geometry_relative,46,tum_fr2_xyz,oracle,0.4,0.17216911911964417,0.17216911911964417,0.9999999419175781,0.9962986820154223,1.0,0.0,901.4705352783203,0.18111290037631989,0.9999999447858247
geometry_relative,46,tum_fr2_xyz,oracle,0.6,0.23603671789169312,0.23603671789169312,0.999999957633712,0.9965845853371312,1.0,0.0,1379.3910827636719,0.24322032928466797,0.9999999588850175
geometry_relative,46,tum_fr2_xyz,oracle,0.8,0.2549758553504944,0.2549758553504944,0.9999999607806018,0.9967015813178968,1.0,0.0,1762.002248764038,0.2533935010433197,0.9999999605356903
geometry_optimization_relative,42,tum_fr1_desk_val,learned,0.1,0.05306234583258629,0.14877355098724365,0.35666515932314097,0.3838752839049028,0.25,0.09571120515465736,262.3970489501953,0.055325958877801895,0.3718803160364343
geometry_optimization_relative,42,tum_fr1_desk_val,learned,0.2,0.12946739792823792,0.22372642159461975,0.5786861972698241,0.48094908448938345,0.375,0.09425902366638184,532.1830368041992,0.1199001744389534,0.4669647104535056
geometry_optimization_relative,42,tum_fr1_desk_val,learned,0.4,0.17544685304164886,0.37412458658218384,0.46895300294191833,0.5646291006337087,0.5625,0.19867773354053497,849.5913543701172,0.12973743677139282,0.3467760703949277
geometry_optimization_relative,42,tum_fr1_desk_val,learned,0.6,0.33400607109069824,0.4049728810787201,0.824761554288267,0.6525514628103163,0.7083333333333334,0.07096680998802185,849.5913543701172,0.12973743677139282,0.3203607700217125
geometry_optimization_relative,42,tum_fr1_desk_val,learned,0.8,0.4061662256717682,0.44048771262168884,0.9220829657960807,0.6741475977335791,0.84375,0.034321486949920654,849.5913543701172,0.12973743677139282,0.2945312946381121
geometry_optimization_relative,42,tum_fr1_desk_val,error_only,0.1,0.06857450306415558,0.14877355098724365,0.46093205411703086,0.5437648392698797,0.5,0.08019904792308807,256.9504623413086,0.06857451051473618,0.4609321041970353
geometry_optimization_relative,42,tum_fr1_desk_val,error_only,0.2,0.09010078012943268,0.22372642159461975,0.40272747161448696,0.5804943631866961,0.5,0.13362564146518707,515.6719818115234,0.09010078012943268,0.3509076187891388
geometry_optimization_relative,42,tum_fr1_desk_val,error_only,0.4,0.15207260847091675,0.37412458658218384,0.40647583682061117,0.6156377613489047,0.5,0.2220519781112671,1065.4119758605957,0.15207260847091675,0.4064759015793893
geometry_optimization_relative,42,tum_fr1_desk_val,error_only,0.6,0.2432376742362976,0.4049728810787201,0.6006270533032202,0.681100949383126,0.7083333333333334,0.16173520684242249,1590.2780227661133,0.25232094526290894,0.6230563384681865
geometry_optimization_relative,42,tum_fr1_desk_val,error_only,0.8,0.30563119053840637,0.44048771262168884,0.6938472398716469,0.7020569025984296,0.78125,0.13485652208328247,2113.029956817627,0.31013938784599304,0.7040817029668162
geometry_optimization_relative,42,tum_fr1_desk_val,heuristic,0.1,0.005611671134829521,0.14877355098724365,0.03771954571491829,0.1064469057048335,0.0,0.14316187985241413,261.2393493652344,0.005611671134829521,0.03771954571491829
geometry_optimization_relative,42,tum_fr1_desk_val,heuristic,0.2,0.07920163124799728,0.22372642159461975,0.35401106021977047,0.21468645409951836,0.125,0.14452479034662247,501.0509796142578,0.07920163124799728,0.30845965801323155
geometry_optimization_relative,42,tum_fr1_desk_val,heuristic,0.4,0.3357294201850891,0.37412458658218384,0.8973732902143993,0.4798170475337186,0.5,0.03839516639709473,1038.1252822875977,0.3469972312450409,0.9274912414148159
geometry_optimization_relative,42,tum_fr1_desk_val,heuristic,0.6,0.38808923959732056,0.4049728810787201,0.9583091810505469,0.5190286223306101,0.7083333333333334,0.016883641481399536,1593.5699768066406,0.38411521911621094,0.9484960581575321
geometry_optimization_relative,42,tum_fr1_desk_val,heuristic,0.8,0.39814072847366333,0.44048771262168884,0.9038633951112525,0.5897713631406085,0.78125,0.04234698414802551,2103.2923126220703,0.3977099359035492,0.9028852829774877
geometry_optimization_relative,42,tum_fr1_desk_val,random,0.1,0.06065090745687485,0.14877355098724365,0.40767262041993646,0.33996163084163195,0.25,0.0881226435303688,266.27310943603516,0.02407767064869404,0.1618410589147526
geometry_optimization_relative,42,tum_fr1_desk_val,random,0.2,0.07797348499298096,0.22372642159461975,0.34852156018053654,0.3708956596023649,0.25,0.1457529366016388,501.1737060546875,0.07297791540622711,0.2842206968974843
geometry_optimization_relative,42,tum_fr1_desk_val,random,0.4,0.12869754433631897,0.37412458658218384,0.34399648008186495,0.41383764072107665,0.3125,0.24542704224586487,1053.9393615722656,0.12869754433631897,0.34399653488657833
geometry_optimization_relative,42,tum_fr1_desk_val,random,0.6,0.13060513138771057,0.4049728810787201,0.3225033928562963,0.478221728948749,0.5416666666666666,0.2743677496910095,1595.1661529541016,0.15076375007629395,0.37228106449265425
geometry_optimization_relative,42,tum_fr1_desk_val,random,0.8,0.33425745368003845,0.44048771262168884,0.7588348925836331,0.5683479362940784,0.75,0.10623025894165039,2114.5233726501465,0.2870420813560486,0.6516459546398025
geometry_optimization_relative,42,tum_fr1_desk_val,oracle,0.1,0.14877355098724365,0.14877355098724365,0.9999999327837559,0.998689441429152,1.0,0.0,242.072265625,0.14877355098724365,0.9999999327837559
geometry_optimization_relative,42,tum_fr1_desk_val,oracle,0.2,0.22372642159461975,0.22372642159461975,0.9999999553025545,0.9989296875535879,1.0,0.0,524.999454498291,0.2567649483680725,0.9999999610538757
geometry_optimization_relative,42,tum_fr1_desk_val,oracle,0.4,0.37412458658218384,0.37412458658218384,0.9999999732709368,0.9991018014659692,1.0,0.0,1069.6543579101562,0.37412452697753906,0.9999999732709325
geometry_optimization_relative,42,tum_fr1_desk_val,oracle,0.6,0.4049728810787201,0.4049728810787201,0.9999999753069891,0.9991690715656091,1.0,0.0,1583.0228843688965,0.4049729108810425,0.9999999753069909
geometry_optimization_relative,42,tum_fr1_desk_val,oracle,0.8,0.44048771262168884,0.44048771262168884,0.9999999772978917,0.9992107276072697,1.0,0.0,2093.064628601074,0.4404877722263336,0.9999999772978947
geometry_optimization_relative,42,tum_fr2_xyz,learned,0.1,0.0747782289981842,0.09468899667263031,0.7897245057888935,0.684069561018027,0.5,0.019910767674446106,244.14097595214844,0.03637169674038887,0.3841173876101553
geometry_optimization_relative,42,tum_fr2_xyz,learned,0.2,0.06015482544898987,0.14344912767410278,0.41934602343622013,0.6664623501548853,0.5,0.08329430222511292,509.5397148132324,0.06851739436388016,0.43279379669792334
geometry_optimization_relative,42,tum_fr2_xyz,learned,0.4,0.1134302020072937,0.23647519946098328,0.47967058477649377,0.7964541327163769,0.6875,0.12304499745368958,879.6414604187012,0.10590581595897675,0.4329491457544966
geometry_optimization_relative,42,tum_fr2_xyz,learned,0.6,0.15513914823532104,0.23266978561878204,0.666778203087043,0.8313774770079931,0.8333333333333334,0.077530637383461,879.6414604187012,0.10590581595897675,0.4371215754499041
geometry_optimization_relative,42,tum_fr2_xyz,learned,0.8,0.1974688321352005,0.2437291443347931,0.8101978307607463,0.8519949184644151,0.8125,0.04626031219959259,879.6414604187012,0.10590581595897675,0.4302411353361275
geometry_optimization_relative,42,tum_fr2_xyz,error_only,0.1,0.022101812064647675,0.09468899667263031,0.23341476314204662,0.4994131467375853,0.0,0.07258718460798264,253.43963241577148,0.032821349799633026,0.3466225739442735
geometry_optimization_relative,42,tum_fr2_xyz,error_only,0.2,0.013497275300323963,0.14344912767410278,0.09409101734015275,0.5711001802017363,0.25,0.12995185237377882,480.0172119140625,0.02185984142124653,0.13807886087541005
geometry_optimization_relative,42,tum_fr2_xyz,error_only,0.4,0.04569162800908089,0.23647519946098328,0.19321952653400518,0.6338610449163425,0.4375,0.1907835714519024,1002.3053932189941,0.045691631734371185,0.1867900525424193
geometry_optimization_relative,42,tum_fr2_xyz,error_only,0.6,0.12030698359012604,0.23266978561878204,0.5170717723380094,0.7213777055817587,0.7916666666666666,0.112362802028656,1518.325584411621,0.14539283514022827,0.6001025022104822
geometry_optimization_relative,42,tum_fr2_xyz,error_only,0.8,0.19761008024215698,0.2437291443347931,0.8107773597356118,0.8133988989623127,0.84375,0.04611906409263611,2037.7282829284668,0.22829017043113708,0.9274261401320633
geometry_optimization_relative,42,tum_fr2_xyz,heuristic,0.1,-0.013056713156402111,0.09468899667263031,-0.13789048607874066,0.4293510688057022,0.0,0.10774570982903242,247.5664291381836,-0.0013752956874668598,-0.014524342662151942
geometry_optimization_relative,42,tum_fr2_xyz,heuristic,0.2,0.006205469369888306,0.14344912767410278,0.04325902177248567,0.5211627840012566,0.125,0.13724365830421448,483.7666473388672,0.013152655214071274,0.0830794521537944
geometry_optimization_relative,42,tum_fr2_xyz,heuristic,0.4,0.09066615253686905,0.23647519946098328,0.3834065851703086,0.6480782423757502,0.5625,0.14580904692411423,981.9263038635254,0.10484453290700912,0.4286105588072879
geometry_optimization_relative,42,tum_fr2_xyz,heuristic,0.6,0.12283164262771606,0.23266978561878204,0.5279225964893597,0.6994000684442521,0.75,0.10983814299106598,1513.3759231567383,0.10432889312505722,0.4306128961362691
geometry_optimization_relative,42,tum_fr2_xyz,heuristic,0.8,0.15776990354061127,0.2437291443347931,0.6473165016766692,0.7837634844069536,0.84375,0.08595924079418182,2025.539234161377,0.18844999372959137,0.7655758895027249
geometry_optimization_relative,42,tum_fr2_xyz,random,0.1,0.029036005958914757,0.09468899667263031,0.3066460086470372,0.6709944369914312,0.25,0.06565299071371555,238.64532852172852,0.029036005958914757,0.3066459845186753
geometry_optimization_relative,42,tum_fr2_xyz,random,0.2,0.005260948091745377,0.14344912767410278,0.0366746581892848,0.6308344263501502,0.25,0.1381881795823574,490.67428970336914,7.88824399933219e-05,0.0004982651633860606
geometry_optimization_relative,42,tum_fr2_xyz,random,0.4,0.10175710916519165,0.23647519946098328,0.4303077239983621,0.7226708619804041,0.4375,0.13471809029579163,986.7052268981934,0.08689206093549728,0.35521980746971904
geometry_optimization_relative,42,tum_fr2_xyz,random,0.6,0.10297159105539322,0.23266978561878204,0.44256535654549284,0.776653179420636,0.5416666666666666,0.12969819456338882,1528.574951171875,0.10297159850597382,0.42501072257411804
geometry_optimization_relative,42,tum_fr2_xyz,random,0.8,0.15030041337013245,0.2437291443347931,0.6166698185136918,0.8252794601805842,0.78125,0.09342873096466064,2033.7995834350586,0.1501648724079132,0.6100430331173811
geometry_optimization_relative,42,tum_fr2_xyz,oracle,0.1,0.09468899667263031,0.09468899667263031,0.9999998943911195,0.9980827636077293,1.0,0.0,236.42148208618164,0.09468900412321091,0.9999998943911278
geometry_optimization_relative,42,tum_fr2_xyz,oracle,0.2,0.14344912767410278,0.14344912767410278,0.9999999302888803,0.9985349673611575,1.0,0.0,504.7238426208496,0.15831416845321655,0.9999999368344636
geometry_optimization_relative,42,tum_fr2_xyz,oracle,0.4,0.23647519946098328,0.23647519946098328,0.9999999577122692,0.9988811290201598,1.0,0.0,1000.6325302124023,0.24461489915847778,0.9999999591194174
geometry_optimization_relative,42,tum_fr2_xyz,oracle,0.6,0.23266978561878204,0.23266978561878204,0.9999999570206354,0.9990371236897769,1.0,0.0,1507.3785591125488,0.2422799915075302,0.9999999587254419
geometry_optimization_relative,42,tum_fr2_xyz,oracle,0.8,0.2437291443347931,0.2437291443347931,0.9999999589708501,0.9991339557378773,1.0,0.0,1687.3036079406738,0.2461545467376709,0.9999999593751173
geometry_optimization_relative,43,tum_fr1_desk_val,learned,0.1,0.11173553019762039,0.22852715849876404,0.48893762142869546,0.32207746920724833,0.25,0.11679162830114365,226.5179672241211,0.11124632507562637,0.4867969027603338
geometry_optimization_relative,43,tum_fr1_desk_val,learned,0.2,0.1633911281824112,0.3096950054168701,0.5275872069250964,0.3123671738469533,0.25,0.14630387723445892,498.6392517089844,0.15947328507900238,0.5426247448560354
geometry_optimization_relative,43,tum_fr1_desk_val,learned,0.4,0.3134806752204895,0.436788409948349,0.7176945653860493,0.4272077845748924,0.375,0.1233077347278595,999.270263671875,0.3134806752204895,0.6585590877263913
geometry_optimization_relative,43,tum_fr1_desk_val,learned,0.6,0.3901531398296356,0.4868185222148895,0.8014344442775152,0.45657817128179223,0.5833333333333334,0.0966653823852539,1492.0905494689941,0.3974834084510803,0.8102475727878018
geometry_optimization_relative,43,tum_fr1_desk_val,learned,0.8,0.44418758153915405,0.5047381520271301,0.8800356599849855,0.4977834458752264,0.8125,0.060550570487976074,2003.9744110107422,0.43329137563705444,0.8633971037136271
geometry_optimization_relative,43,tum_fr1_desk_val,error_only,0.1,0.04090098291635513,0.22852715849876404,0.17897645686961872,0.484921514679981,0.25,0.1876261755824089,250.1497039794922,0.06103501468896866,0.26707988861945003
geometry_optimization_relative,43,tum_fr1_desk_val,error_only,0.2,0.1520766019821167,0.3096950054168701,0.491052791977977,0.5919248399165965,0.375,0.15761840343475342,498.0586280822754,0.09350328147411346,0.3181548196486822
geometry_optimization_relative,43,tum_fr1_desk_val,error_only,0.4,0.20650187134742737,0.436788409948349,0.4727732282184738,0.5992483204231999,0.5,0.23028653860092163,996.623893737793,0.20650188624858856,0.4338184282842861
geometry_optimization_relative,43,tum_fr1_desk_val,error_only,0.6,0.2458968162536621,0.4868185222148895,0.5051098098811064,0.630558943862973,0.5833333333333334,0.24092170596122742,1502.3970565795898,0.22637872397899628,0.46146029679464207
geometry_optimization_relative,43,tum_fr1_desk_val,error_only,0.8,0.40637311339378357,0.5047381520271301,0.8051166802242716,0.7268805303346945,0.78125,0.09836503863334656,1983.1105346679688,0.4080101549625397,0.8130205351132747
geometry_optimization_relative,43,tum_fr1_desk_val,heuristic,0.1,0.01342027261853218,0.22852715849876404,0.058725064099346955,0.03694209229533601,0.0,0.21510688588023186,231.04678344726562,0.013741357252001762,0.06013007751447331
geometry_optimization_relative,43,tum_fr1_desk_val,heuristic,0.2,-0.0032330891117453575,0.3096950054168701,-0.010439590406043198,0.047167574634645125,0.0,0.3129280945286155,498.2395439147949,0.029743660241365433,0.1012059545996059
geometry_optimization_relative,43,tum_fr1_desk_val,heuristic,0.4,0.2862383723258972,0.436788409948349,0.6553250023426569,0.41382910131369327,0.5625,0.15055003762245178,1001.6101417541504,0.25709909200668335,0.5401128582108473
geometry_optimization_relative,43,tum_fr1_desk_val,heuristic,0.6,0.36508870124816895,0.4868185222148895,0.7499482396183984,0.4415794280094796,0.625,0.12172982096672058,1487.2857513427734,0.3408558666706085,0.6948155137256082
geometry_optimization_relative,43,tum_fr1_desk_val,heuristic,0.8,0.38429224491119385,0.5047381520271301,0.7613695056617054,0.46893186200653497,0.78125,0.12044590711593628,1988.8629722595215,0.38868448138237,0.774511274291037
geometry_optimization_relative,43,tum_fr1_desk_val,random,0.1,0.0270066075026989,0.22852715849876404,0.11817679132030624,0.017664778298541076,0.0,0.20152055099606514,237.76422500610352,0.0270066075026989,0.11817678361456467
geometry_optimization_relative,43,tum_fr1_desk_val,random,0.2,0.07173438370227814,0.3096950054168701,0.2316291193957994,0.05400191808150641,0.125,0.23796062171459198,487.1591567993164,0.07173438370227814,0.2440838390867186
geometry_optimization_relative,43,tum_fr1_desk_val,random,0.4,0.16360391676425934,0.436788409948349,0.37456102152068455,0.11171784150200213,0.3125,0.27318449318408966,1000.7648735046387,0.19274315237998962,0.40491412910092617
geometry_optimization_relative,43,tum_fr1_desk_val,random,0.6,0.25725287199020386,0.4868185222148895,0.5284368917094724,0.22686215378559965,0.5833333333333334,0.22956565022468567,1472.1691284179688,0.2620715796947479,0.5342181757266183
geometry_optimization_relative,43,tum_fr1_desk_val,random,0.8,0.4047609269618988,0.5047381520271301,0.8019225757297553,0.3272525172545134,0.8125,0.09997722506523132,1977.9198150634766,0.4047608971595764,0.8065459087208784
geometry_optimization_relative,43,tum_fr1_desk_val,oracle,0.1,0.22852715849876404,0.22852715849876404,0.9999999562415267,0.9989876790748009,1.0,0.0,241.42314910888672,0.22852717339992523,0.9999999562415296
geometry_optimization_relative,43,tum_fr1_desk_val,oracle,0.2,0.3096950054168701,0.3096950054168701,0.9999999677101681,0.9990987107092182,1.0,0.0,500.73659896850586,0.29389238357543945,0.9999999659739408
geometry_optimization_relative,43,tum_fr1_desk_val,oracle,0.4,0.436788409948349,0.436788409948349,0.9999999771056202,0.9991453360471639,1.0,0.0,1000.5396575927734,0.47600993514060974,0.9999999789920355
geometry_optimization_relative,43,tum_fr1_desk_val,oracle,0.6,0.4868185222148895,0.4868185222148895,0.9999999794584649,0.9991630196554939,1.0,0.0,1485.1301231384277,0.4905703067779541,0.9999999796155624
geometry_optimization_relative,43,tum_fr1_desk_val,oracle,0.8,0.5047381520271301,0.5047381520271301,0.9999999801877473,0.9991724037406181,1.0,0.0,1996.478115081787,0.5018448233604431,0.999999980073522
geometry_optimization_relative,43,tum_fr2_xyz,learned,0.1,0.05809609591960907,0.08183559775352478,0.709912194879579,0.6077342269504442,0.5,0.02373950183391571,221.0183868408203,0.044216133654117584,0.6574882380689427
geometry_optimization_relative,43,tum_fr2_xyz,learned,0.2,0.07052434235811234,0.19038072228431702,0.37043844464675335,0.572481689546786,0.25,0.11985637992620468,454.6428413391113,0.09531567990779877,0.5006582271437695
geometry_optimization_relative,43,tum_fr2_xyz,learned,0.4,0.12347181886434555,0.337510347366333,0.36583119945658293,0.5687238725977004,0.3125,0.21403852850198746,911.9828395843506,0.12099293619394302,0.3607669914857324
geometry_optimization_relative,43,tum_fr2_xyz,learned,0.6,0.2901430130004883,0.3901675343513489,0.743636976475963,0.6480233696194958,0.5833333333333334,0.1000245213508606,1354.793420791626,0.22329497337341309,0.5487568247934044
geometry_optimization_relative,43,tum_fr2_xyz,learned,0.8,0.3724503517150879,0.47540831565856934,0.7834325391738634,0.7105649592912736,0.78125,0.10295796394348145,1800.1653385162354,0.37186217308044434,0.7821952338399742
geometry_optimization_relative,43,tum_fr2_xyz,error_only,0.1,0.03409142047166824,0.08183559775352478,0.4165841912526137,0.3763191370121842,0.25,0.04774417728185654,200.10940170288086,0.04986123740673065,0.7414302070582712
geometry_optimization_relative,43,tum_fr2_xyz,error_only,0.2,0.08881880342960358,0.19038072228431702,0.46653252334884626,0.5064427650159528,0.5,0.10156191885471344,452.94952392578125,0.09655361622571945,0.5071606515386496
geometry_optimization_relative,43,tum_fr2_xyz,error_only,0.4,0.15977883338928223,0.337510347366333,0.47340423753531996,0.5440057193468524,0.5625,0.17773151397705078,887.1916217803955,0.18113470077514648,0.5400928608557007
geometry_optimization_relative,43,tum_fr2_xyz,error_only,0.6,0.21463671326637268,0.3901675343513489,0.5501142172735174,0.6214416476371646,0.625,0.1755308210849762,1365.5655040740967,0.25485071539878845,0.6263063931345006
geometry_optimization_relative,43,tum_fr2_xyz,error_only,0.8,0.3528457283973694,0.47540831565856934,0.742195097043331,0.7009538298912329,0.8125,0.12256258726119995,1805.6156635284424,0.3182472884654999,0.6694187530775239
geometry_optimization_relative,43,tum_fr2_xyz,heuristic,0.1,0.036194175481796265,0.08183559775352478,0.44227905767874415,0.27359273170552434,0.25,0.045641422271728516,221.47885704040527,0.047841161489486694,0.7113919371818515
geometry_optimization_relative,43,tum_fr2_xyz,heuristic,0.2,0.0853966772556305,0.19038072228431702,0.4485573525796613,0.4194302379104061,0.375,0.10498404502868652,423.35387229919434,0.11615926027297974,0.6101418924027775
geometry_optimization_relative,43,tum_fr2_xyz,heuristic,0.4,0.16411197185516357,0.337510347366333,0.4862427723278335,0.4860071939112644,0.4375,0.17339837551116943,913.4941005706787,0.21766045689582825,0.6490024184043967
geometry_optimization_relative,43,tum_fr2_xyz,heuristic,0.6,0.3274446129798889,0.3901675343513489,0.8392410330394435,0.5644953427875313,0.7916666666666666,0.06272292137145996,1365.0976276397705,0.353604257106781,0.8689973913512721
geometry_optimization_relative,43,tum_fr2_xyz,heuristic,0.8,0.4423264265060425,0.47540831565856934,0.9304137151853631,0.6459696980787839,0.84375,0.033081889152526855,1782.6747188568115,0.44928836822509766,0.9450577275290277
geometry_optimization_relative,43,tum_fr2_xyz,random,0.1,0.06223848834633827,0.08183559775352478,0.7605306547461618,0.1375276240808972,0.0,0.019597109407186508,213.3282928466797,0.06223848834633827,0.9254783415260832
geometry_optimization_relative,43,tum_fr2_xyz,random,0.2,0.1587083637714386,0.19038072228431702,0.8336366914190744,0.2631090133950658,0.125,0.03167235851287842,451.0328674316406,0.18534241616725922,0.9735355775944096
geometry_optimization_relative,43,tum_fr2_xyz,random,0.4,0.20868593454360962,0.337510347366333,0.6183097199506158,0.30874697369197074,0.375,0.1288244128227234,914.1676597595215,0.2232714593410492,0.6657328535443184
geometry_optimization_relative,43,tum_fr2_xyz,random,0.6,0.3051438331604004,0.3901675343513489,0.7820841009923061,0.40864940497574215,0.5416666666666666,0.08502370119094849,1374.3028888702393,0.301021009683609,0.7397718406936166
geometry_optimization_relative,43,tum_fr2_xyz,random,0.8,0.3725789189338684,0.47540831565856934,0.7837029745277297,0.47384127867899545,0.78125,0.10282939672470093,1831.7283306121826,0.37761276960372925,0.7942913530956349
geometry_optimization_relative,43,tum_fr2_xyz,oracle,0.1,0.08183559775352478,0.08183559775352478,0.9999998778038036,0.9975219887371041,1.0,0.0,218.61223602294922,0.06725006550550461,0.9999998513012823
geometry_optimization_relative,43,tum_fr2_xyz,oracle,0.2,0.19038072228431702,0.19038072228431702,0.9999999474736762,0.9980669574760284,1.0,0.0,443.16879653930664,0.19038072228431702,0.9999999474736762
geometry_optimization_relative,43,tum_fr2_xyz,oracle,0.4,0.337510347366333,0.337510347366333,0.9999999703712796,0.9983871040924545,1.0,0.0,920.6076011657715,0.33537694811820984,0.9999999701828055
geometry_optimization_relative,43,tum_fr2_xyz,oracle,0.6,0.3901675343513489,0.3901675343513489,0.999999974369985,0.9985133741274979,1.0,0.0,1359.8126811981201,0.40691059827804565,0.9999999754245779
geometry_optimization_relative,43,tum_fr2_xyz,oracle,0.8,0.47540831565856934,0.47540831565856934,0.9999999789654505,0.99859534858969,1.0,0.0,1725.4245891571045,0.4754083752632141,0.999999978965453
geometry_optimization_relative,44,tum_fr1_desk_val,learned,0.1,0.11149584501981735,0.17743204534053802,0.6283861436752676,0.47317829037285836,0.5,0.06593620032072067,240.30688095092773,0.07229412347078323,0.40744680171816816
geometry_optimization_relative,44,tum_fr1_desk_val,learned,0.2,0.20810043811798096,0.22170570492744446,0.9386336215378301,0.67104877355788,0.625,0.013605266809463501,478.4013862609863,0.19738607108592987,0.8915004111603633
geometry_optimization_relative,44,tum_fr1_desk_val,learned,0.4,0.3525029122829437,0.36898475885391235,0.9553318782719347,0.7188495265626573,0.625,0.016481846570968628,973.5858516693115,0.37967297434806824,1.0494569594136516
geometry_optimization_relative,44,tum_fr1_desk_val,learned,0.6,0.4228227138519287,0.5344743728637695,0.7911000553223907,0.7469952276597028,0.625,0.11165165901184082,1443.8355922698975,0.4262395203113556,0.7704073809218509
geometry_optimization_relative,44,tum_fr1_desk_val,learned,0.8,0.41441717743873596,0.5601627826690674,0.7398156087163844,0.7576802159890549,0.75,0.14574560523033142,1542.2265491485596,0.4518572986125946,0.8033840851509064
geometry_optimization_relative,44,tum_fr1_desk_val,error_only,0.1,0.08590444922447205,0.17743204534053802,0.4841540558136419,0.5337010514083645,0.5,0.09152759611606598,234.4746437072754,0.037859637290239334,0.21337540850539602
geometry_optimization_relative,44,tum_fr1_desk_val,error_only,0.2,0.13340425491333008,0.22170570492744446,0.6017177092479914,0.5590649925684171,0.375,0.08830145001411438,464.7136116027832,0.13310737907886505,0.6011836728115779
geometry_optimization_relative,44,tum_fr1_desk_val,error_only,0.4,0.27439066767692566,0.36898475885391235,0.7436368404289387,0.7029510887048185,0.625,0.0945940911769867,961.8832321166992,0.26656827330589294,0.7368233940277372
geometry_optimization_relative,44,tum_fr1_desk_val,error_only,0.6,0.37992942333221436,0.5344743728637695,0.710846834784696,0.7363729028191399,0.6666666666666666,0.15454494953155518,1456.1837348937988,0.3038138747215271,0.5491289295299429
geometry_optimization_relative,44,tum_fr1_desk_val,error_only,0.8,0.421366810798645,0.5601627826690674,0.7522220617169405,0.7698489327729662,0.78125,0.13879597187042236,1934.4979515075684,0.4132809042930603,0.7347968091370454
geometry_optimization_relative,44,tum_fr1_desk_val,heuristic,0.1,0.022396177053451538,0.17743204534053802,0.12622396223989785,0.2174883344925875,0.0,0.1550358682870865,238.9962501525879,0.05823275074362755,0.3281974648372518
geometry_optimization_relative,44,tum_fr1_desk_val,heuristic,0.2,0.07657825201749802,0.22170570492744446,0.34540495287890555,0.2763851629754417,0.0,0.14512745290994644,486.4480381011963,0.0763123631477356,0.3446671933259568
geometry_optimization_relative,44,tum_fr1_desk_val,heuristic,0.4,0.20252352952957153,0.36898475885391235,0.5488669089475458,0.477503259601908,0.5,0.16646122932434082,951.8800430297852,0.1262509822845459,0.3489713014702503
geometry_optimization_relative,44,tum_fr1_desk_val,heuristic,0.6,0.46325528621673584,0.5344743728637695,0.866749279422085,0.614017599579938,0.6666666666666666,0.07121908664703369,1460.6364631652832,0.4010722041130066,0.7249186703887709
geometry_optimization_relative,44,tum_fr1_desk_val,heuristic,0.8,0.42386022210121155,0.5601627826690674,0.7566732879233187,0.6464564203617963,0.8125,0.13630256056785583,1941.3107604980469,0.4229138493537903,0.7519237976324964
geometry_optimization_relative,44,tum_fr1_desk_val,random,0.1,0.06177517771720886,0.17743204534053802,0.34816244222976683,0.3007085393527344,0.25,0.11565686762332916,231.9868507385254,0.10099664330482483,0.5692130608022667
geometry_optimization_relative,44,tum_fr1_desk_val,random,0.2,0.07233557105064392,0.22170570492744446,0.3262684097896011,0.33798271290137205,0.125,0.14937013387680054,474.86019134521484,0.11155703663825989,0.5038508719672755
geometry_optimization_relative,44,tum_fr1_desk_val,random,0.4,0.19325560331344604,0.36898475885391235,0.5237495409734904,0.4902664894978106,0.3125,0.1757291555404663,962.0924854278564,0.23769983649253845,0.6570279280133617
geometry_optimization_relative,44,tum_fr1_desk_val,random,0.6,0.28393375873565674,0.5344743728637695,0.5312392283692063,0.543444195364875,0.4583333333333333,0.2505406141281128,1447.6360569000244,0.2940056025981903,0.5314009505936185
geometry_optimization_relative,44,tum_fr1_desk_val,random,0.8,0.4314954876899719,0.5601627826690674,0.7703037283750663,0.5900634177584175,0.78125,0.12866729497909546,1923.9871807098389,0.452856183052063,0.8051600614691772
geometry_optimization_relative,44,tum_fr1_desk_val,oracle,0.1,0.17743204534053802,0.17743204534053802,0.9999999436403981,0.9990124396284144,1.0,0.0,237.75885391235352,0.17743204534053802,0.9999999436403981
geometry_optimization_relative,44,tum_fr1_desk_val,oracle,0.2,0.22170570492744446,0.22170570492744446,0.9999999548951636,0.9991755450781039,1.0,0.0,487.88024520874023,0.22140882909297943,0.9999999548346848
geometry_optimization_relative,44,tum_fr1_desk_val,oracle,0.4,0.36898475885391235,0.36898475885391235,0.9999999728986103,0.9993046372221637,1.0,0.0,970.6125869750977,0.36178040504455566,0.9999999723589239
geometry_optimization_relative,44,tum_fr1_desk_val,oracle,0.6,0.5344743728637695,0.5344743728637695,0.9999999812900293,0.9993706055906652,1.0,0.0,1446.6301174163818,0.5532650947570801,0.9999999819254821
geometry_optimization_relative,44,tum_fr1_desk_val,oracle,0.8,0.5601627826690674,0.5601627826690674,0.9999999821480466,0.999415532311414,1.0,0.0,1949.3297863006592,0.562442421913147,0.9999999822204025
geometry_optimization_relative,44,tum_fr2_xyz,learned,0.1,0.061833932995796204,0.10548802465200424,0.586170111138964,0.6493371704576474,0.5,0.04365409165620804,191.28632736206055,0.05400467664003372,0.572747455487909
geometry_optimization_relative,44,tum_fr2_xyz,learned,0.2,0.08688969910144806,0.19699403643608093,0.4410777923161315,0.646037347305087,0.375,0.11010433733463287,429.89191818237305,0.11197225749492645,0.5684042717060402
geometry_optimization_relative,44,tum_fr2_xyz,learned,0.4,0.21817731857299805,0.302217960357666,0.7219204017378307,0.7169294730240483,0.625,0.08404064178466797,856.4657135009766,0.2162979543209076,0.7157018295931422
geometry_optimization_relative,44,tum_fr2_xyz,learned,0.6,0.2585769295692444,0.3939777612686157,0.6563236518055876,0.7094631854357865,0.7083333333333334,0.13540083169937134,1260.0445804595947,0.2571043372154236,0.6525858968833264
geometry_optimization_relative,44,tum_fr2_xyz,learned,0.8,0.3893160820007324,0.4344448447227478,0.896123127638799,0.7641517083148189,0.84375,0.04512876272201538,1327.4793949127197,0.258576899766922,0.5951892327783224
geometry_optimization_relative,44,tum_fr2_xyz,error_only,0.1,0.019471945241093636,0.10548802465200424,0.18458913662890652,0.241150714168025,0.0,0.0860160794109106,205.15362739562988,0.04362928867340088,0.4627111136873978
geometry_optimization_relative,44,tum_fr2_xyz,error_only,0.2,0.07043065875768661,0.19699403643608093,0.3575268391704386,0.4108262113773907,0.375,0.12656337767839432,431.9412021636963,0.07926706969738007,0.40238307264326395
geometry_optimization_relative,44,tum_fr2_xyz,error_only,0.4,0.1431400030851364,0.302217960357666,0.4736316735756463,0.5384689426465595,0.5625,0.1590779572725296,865.1436824798584,0.14313998818397522,0.47363162426963984
geometry_optimization_relative,44,tum_fr2_xyz,error_only,0.6,0.2025032639503479,0.3939777612686157,0.5139966737165999,0.5623976333701154,0.5833333333333334,0.19147449731826782,1292.1442909240723,0.2025032937526703,0.5139967493612798
geometry_optimization_relative,44,tum_fr2_xyz,error_only,0.8,0.31667450070381165,0.4344448447227478,0.7289175996937647,0.644067545962136,0.78125,0.11777034401893616,1717.9099655151367,0.31667450070381165,0.7289175996937647
geometry_optimization_relative,44,tum_fr2_xyz,heuristic,0.1,0.015626659616827965,0.10548802465200424,0.14813679739487937,0.3067448055079983,0.0,0.08986136503517628,216.5330352783203,0.0385054275393486,0.4083699230834279
geometry_optimization_relative,44,tum_fr2_xyz,heuristic,0.2,0.04556719958782196,0.19699403643608093,0.2313125721929228,0.4252167137004941,0.25,0.15142683684825897,429.1535453796387,0.07923812419176102,0.4022361367020885
geometry_optimization_relative,44,tum_fr2_xyz,heuristic,0.4,0.15289218723773956,0.302217960357666,0.505900383940757,0.5118888661778664,0.5,0.14932577311992645,853.2659721374512,0.1576230376958847,0.521554153478506
geometry_optimization_relative,44,tum_fr2_xyz,heuristic,0.6,0.24387945234775543,0.3939777612686157,0.6190183054299208,0.647521056464416,0.7083333333333334,0.1500983089208603,1297.276222229004,0.2818624973297119,0.7154274121154335
geometry_optimization_relative,44,tum_fr2_xyz,heuristic,0.8,0.3132847547531128,0.4344448447227478,0.7211151227767297,0.6711607448469431,0.8125,0.12116008996963501,1730.908275604248,0.3325851261615753,0.7655404881565996
geometry_optimization_relative,44,tum_fr2_xyz,random,0.1,0.026382802054286003,0.10548802465200424,0.25010231863092863,0.18236285276663844,0.0,0.07910522259771824,213.6327247619629,0.026382803916931152,0.27980324579625737
geometry_optimization_relative,44,tum_fr2_xyz,random,0.2,0.051307301968336105,0.19699403643608093,0.26045102832579203,0.21900632934107128,0.0,0.14568673446774483,419.5623970031738,0.0570000596344471,0.2893491486959329
geometry_optimization_relative,44,tum_fr2_xyz,random,0.4,0.11350960284471512,0.302217960357666,0.3755885287376521,0.33434381011105424,0.25,0.1887083575129509,855.2492027282715,0.152957022190094,0.5061149143747934
geometry_optimization_relative,44,tum_fr2_xyz,random,0.6,0.2524595856666565,0.3939777612686157,0.6407965222345716,0.4760095435077439,0.5833333333333334,0.14151817560195923,1287.362995147705,0.24615702033042908,0.6247992609780976
geometry_optimization_relative,44,tum_fr2_xyz,random,0.8,0.3784908950328827,0.4344448447227478,0.871205841013876,0.5922159634996076,0.8125,0.05595394968986511,1724.4321899414062,0.34224674105644226,0.7877794784216189
geometry_optimization_relative,44,tum_fr2_xyz,oracle,0.1,0.10548802465200424,0.10548802465200424,0.9999999052025187,0.99475932829269,1.0,0.0,216.65438079833984,0.09429054707288742,0.9999998939448413
geometry_optimization_relative,44,tum_fr2_xyz,oracle,0.2,0.19699403643608093,0.19699403643608093,0.9999999492370446,0.9961841987002218,1.0,0.0,407.649715423584,0.19699403643608093,0.9999999492370446
geometry_optimization_relative,44,tum_fr2_xyz,oracle,0.4,0.302217960357666,0.302217960357666,0.9999999669112992,0.9970304083896098,1.0,0.0,854.1676864624023,0.302217960357666,0.9999999669112992
geometry_optimization_relative,44,tum_fr2_xyz,oracle,0.6,0.3939777612686157,0.3939777612686157,0.9999999746178574,0.9973328320975512,1.0,0.0,1293.301441192627,0.3939777612686157,0.9999999746178574
geometry_optimization_relative,44,tum_fr2_xyz,oracle,0.8,0.4344448447227478,0.4344448447227478,0.999999976982119,0.9974777704738589,1.0,0.0,1691.9050159454346,0.4344448447227478,0.999999976982119
geometry_optimization_relative,45,tum_fr1_desk_val,learned,0.1,0.05301989987492561,0.4239445924758911,0.12506327375152926,0.1275234879414091,0.0,0.3709246926009655,218.7748146057129,0.024931028485298157,0.11103696764758601
geometry_optimization_relative,45,tum_fr1_desk_val,learned,0.2,0.14691773056983948,0.5745325684547424,0.255716970767764,0.30335597949229476,0.5,0.42761483788490295,472.17728424072266,0.13119284808635712,0.20841524782650664
geometry_optimization_relative,45,tum_fr1_desk_val,learned,0.4,0.673994779586792,0.8934377431869507,0.7543835898836921,0.48160488070688023,0.5,0.2194429636001587,939.295087814331,0.5704987049102783,0.637496698452705
geometry_optimization_relative,45,tum_fr1_desk_val,learned,0.6,0.8080373406410217,1.0196146965026855,0.7924928264448229,0.510875969274367,0.6666666666666666,0.21157735586166382,1418.877212524414,0.8001896739006042,0.7863380706329223
geometry_optimization_relative,45,tum_fr1_desk_val,learned,0.8,1.0637648105621338,1.098691701889038,0.9682104625447182,0.5435538211471729,0.84375,0.0349268913269043,1887.6769180297852,1.0763471126556396,0.9797757562681513
geometry_optimization_relative,45,tum_fr1_desk_val,error_only,0.1,0.20166371762752533,0.4239445924758911,0.47568412582630665,0.09214910045355638,0.25,0.22228087484836578,214.59520721435547,0.20166371762752533,0.8981630141373471
geometry_optimization_relative,45,tum_fr1_desk_val,error_only,0.2,0.4252530336380005,0.5745325684547424,0.7401721844595082,0.254913936049301,0.25,0.14927953481674194,471.7061309814453,0.42571061849594116,0.6762913173270271
geometry_optimization_relative,45,tum_fr1_desk_val,error_only,0.4,0.6059102416038513,0.8934377431869507,0.6781784622851788,0.41452220104836607,0.5625,0.28752750158309937,943.4851112365723,0.5688062906265259,0.6356055311125862
geometry_optimization_relative,45,tum_fr1_desk_val,error_only,0.6,0.9170461893081665,1.0196146965026855,0.899404631435405,0.4992244670464195,0.8333333333333334,0.10256850719451904,1407.9036254882812,0.9170461893081665,0.9011717530254332
geometry_optimization_relative,45,tum_fr1_desk_val,error_only,0.8,1.0406547784805298,1.098691701889038,0.9471763254601036,0.5071534805123379,0.875,0.0580369234085083,1872.0402755737305,1.0527558326721191,0.9583011186578374
geometry_optimization_relative,45,tum_fr1_desk_val,heuristic,0.1,0.19880527257919312,0.4239445924758911,0.4689416292084973,0.2017958462893572,0.25,0.225139319896698,226.44871520996094,0.19880527257919312,0.8854321686954418
geometry_optimization_relative,45,tum_fr1_desk_val,heuristic,0.2,0.2592751383781433,0.5745325684547424,0.4512801329308206,0.2085796929417239,0.125,0.3152574300765991,450.4463577270508,0.24943497776985168,0.39625675840411073
geometry_optimization_relative,45,tum_fr1_desk_val,heuristic,0.4,0.5139864683151245,0.8934377431869507,0.5752907423955405,0.4048165920497995,0.5,0.37945127487182617,940.5234966278076,0.5139122605323792,0.5742648783668703
geometry_optimization_relative,45,tum_fr1_desk_val,heuristic,0.6,0.9556113481521606,1.0196146965026855,0.9372278980066318,0.5230614098843666,0.6666666666666666,0.0640033483505249,1399.5056114196777,0.9265679121017456,0.9105286509895207
geometry_optimization_relative,45,tum_fr1_desk_val,heuristic,0.8,1.0259594917297363,1.098691701889038,0.9338010659657663,0.5693971267041272,0.8125,0.07273221015930176,1884.1752490997314,1.0251739025115967,0.9331938775414605
geometry_optimization_relative,45,tum_fr1_desk_val,random,0.1,0.22616028785705566,0.4239445924758911,0.5334666051560757,0.5307635733176685,0.25,0.19778430461883545,219.16009330749512,0.265083372592926,1.1806193187686178
geometry_optimization_relative,45,tum_fr1_desk_val,random,0.2,0.4820324778556824,0.5745325684547424,0.8389993812920974,0.5549509415861638,0.375,0.09250009059906006,465.470401763916,0.29699957370758057,0.47181870552796695
geometry_optimization_relative,45,tum_fr1_desk_val,random,0.4,0.7198472023010254,0.8934377431869507,0.8057049298994625,0.5649514561616419,0.5,0.1735905408859253,947.8250522613525,0.7178478240966797,0.8021501432243596
geometry_optimization_relative,45,tum_fr1_desk_val,random,0.6,0.8943629264831543,1.0196146965026855,0.8771577349554429,0.7382612263400244,0.7083333333333334,0.12525177001953125,1425.5332107543945,0.9158051013946533,0.8999521488400397
geometry_optimization_relative,45,tum_fr1_desk_val,random,0.8,0.9822285175323486,1.098691701889038,0.8939982953394195,0.7499988124219268,0.84375,0.11646318435668945,1883.411045074463,0.9964674711227417,0.9070630270072113
geometry_optimization_relative,45,tum_fr1_desk_val,oracle,0.1,0.4239445924758911,0.4239445924758911,0.9999999764120124,0.9990754419766936,1.0,0.0,213.1776237487793,0.22452907264232635,0.9999999554623398
geometry_optimization_relative,45,tum_fr1_desk_val,oracle,0.2,0.5745325684547424,0.5745325684547424,0.9999999825945466,0.9992137411796809,1.0,0.0,453.4726676940918,0.6294781565666199,0.9999999841138254
geometry_optimization_relative,45,tum_fr1_desk_val,oracle,0.4,0.8934377431869507,0.8934377431869507,0.9999999888072784,0.9992848018861866,1.0,0.0,940.611644744873,0.8949045538902283,0.999999988825624
geometry_optimization_relative,45,tum_fr1_desk_val,oracle,0.6,1.0196146965026855,1.0196146965026855,0.9999999901923737,0.9993025543692436,1.0,0.0,1425.4230346679688,1.0176153182983398,0.999999990173104
geometry_optimization_relative,45,tum_fr1_desk_val,oracle,0.8,1.098691701889038,1.098691701889038,0.9999999908982657,0.9993112184670369,1.0,0.0,1892.0067749023438,1.0985647439956665,0.9999999908972139
geometry_optimization_relative,45,tum_fr2_xyz,learned,0.1,0.013087989762425423,0.07897429913282394,0.1657246502835906,0.8707254448530499,0.5,0.06588630937039852,260.24190521240234,0.014930855482816696,0.18140786178198776
geometry_optimization_relative,45,tum_fr2_xyz,learned,0.2,0.02933543734252453,0.17670920491218567,0.1660096637127982,0.8483965843047822,0.25,0.14737376756966114,497.1653251647949,0.02933543734252453,0.1629381224468611
geometry_optimization_relative,45,tum_fr2_xyz,learned,0.4,0.08199897408485413,0.404036283493042,0.20294952558826562,0.8682393225304902,0.5,0.32203730940818787,1039.599178314209,0.26054811477661133,0.6358187767856815
geometry_optimization_relative,45,tum_fr2_xyz,learned,0.6,0.3139864504337311,0.483527272939682,0.6493665642294265,0.8882024126027156,0.6666666666666666,0.16954082250595093,1572.7002601623535,0.3414638936519623,0.6777979552390759
geometry_optimization_relative,45,tum_fr2_xyz,learned,0.8,0.42076927423477173,0.5111280679702759,0.8232169046663899,0.9142548531752342,0.8125,0.09035879373550415,2037.7066459655762,0.42076927423477173,0.8232169046663899
geometry_optimization_relative,45,tum_fr2_xyz,error_only,0.1,0.0005494765937328339,0.07897429913282394,0.006957662558449099,0.4413868529531632,0.0,0.07842482253909111,260.0097770690918,0.01795654371380806,0.21816956194275589
geometry_optimization_relative,45,tum_fr2_xyz,error_only,0.2,0.052129585295915604,0.17670920491218567,0.29500207627440944,0.6076073837951446,0.375,0.12457961961627007,523.2030982971191,0.045101385563611984,0.25050709139536864
geometry_optimization_relative,45,tum_fr2_xyz,error_only,0.4,0.10418011248111725,0.404036283493042,0.25784840163848144,0.6503066732975246,0.5625,0.29985617101192474,1026.902572631836,0.10620706528425217,0.25917841083950177
geometry_optimization_relative,45,tum_fr2_xyz,error_only,0.6,0.14192929863929749,0.483527272939682,0.29352903889190174,0.6987979204248703,0.6666666666666666,0.3415979743003845,1562.7069549560547,0.18201874196529388,0.36130300571401625
geometry_optimization_relative,45,tum_fr2_xyz,error_only,0.8,0.3928336501121521,0.5111280679702759,0.7685620630980028,0.7435692834675565,0.78125,0.11829441785812378,2101.470027923584,0.391345351934433,0.7656502720188877
geometry_optimization_relative,45,tum_fr2_xyz,heuristic,0.1,0.04564593732357025,0.07897429913282394,0.5779846360770318,0.6423949719523951,0.5,0.03332836180925369,259.84404373168945,0.049101442098617554,0.5965758379868743
geometry_optimization_relative,45,tum_fr2_xyz,heuristic,0.2,0.11059650033712387,0.17670920491218567,0.6258671931290283,0.7106693221061058,0.375,0.0661127045750618,518.3291931152344,0.13839884102344513,0.7687101113196199
geometry_optimization_relative,45,tum_fr2_xyz,heuristic,0.4,0.1276034563779831,0.404036283493042,0.31582176758133385,0.7216721664378186,0.5625,0.2764328271150589,1045.6986389160156,0.1396886557340622,0.3408839488085232
geometry_optimization_relative,45,tum_fr2_xyz,heuristic,0.6,0.373849481344223,0.483527272939682,0.7731714311369254,0.7753655166947173,0.75,0.10967779159545898,1559.6549453735352,0.3940621316432953,0.7822042448131095
geometry_optimization_relative,45,tum_fr2_xyz,heuristic,0.8,0.437313437461853,0.5111280679702759,0.855584845188811,0.8104008464399548,0.8125,0.07381463050842285,2089.827537536621,0.44066956639289856,0.8621509664325762
geometry_optimization_relative,45,tum_fr2_xyz,random,0.1,0.014545667916536331,0.07897429913282394,0.18418227492275388,0.3655845667900254,0.0,0.06442863121628761,259.9891777038574,0.0606626495718956,0.7370429351173098
geometry_optimization_relative,45,tum_fr2_xyz,random,0.2,0.02896174043416977,0.17670920491218567,0.16389490750984373,0.4583721715104885,0.0,0.1477474644780159,514.1679267883301,0.016072828322649002,0.08927347626438306
geometry_optimization_relative,45,tum_fr2_xyz,random,0.4,0.13675622642040253,0.404036283493042,0.3384751039024113,0.6625105844244279,0.5625,0.26728005707263947,1043.5414123535156,0.12833750247955322,0.31318358957323705
geometry_optimization_relative,45,tum_fr2_xyz,random,0.6,0.3516525626182556,0.483527272939682,0.7272651927318914,0.7286111302189776,0.6666666666666666,0.1318747103214264,1585.9310417175293,0.3691602945327759,0.7327746723488244
geometry_optimization_relative,45,tum_fr2_xyz,random,0.8,0.4227803349494934,0.5111280679702759,0.8271514580619062,0.765230729640543,0.75,0.08834773302078247,2116.135929107666,0.4240981638431549,0.8297297333523084
geometry_optimization_relative,45,tum_fr2_xyz,oracle,0.1,0.07897429913282394,0.07897429913282394,0.9999998733765435,0.9981488772753554,1.0,0.0,261.21673583984375,0.0823054388165474,0.9999998785013612
geometry_optimization_relative,45,tum_fr2_xyz,oracle,0.2,0.17670920491218567,0.17670920491218567,0.9999999434098555,0.9985674144754896,1.0,0.0,525.589282989502,0.18004034459590912,0.9999999444568968
geometry_optimization_relative,45,tum_fr2_xyz,oracle,0.4,0.404036283493042,0.404036283493042,0.9999999752497483,0.9988976967943068,1.0,0.0,1026.9487419128418,0.40978360176086426,0.9999999755968767
geometry_optimization_relative,45,tum_fr2_xyz,oracle,0.6,0.483527272939682,0.483527272939682,0.9999999793186437,0.9990599600740507,1.0,0.0,1581.8491706848145,0.5037841796875,0.9999999801502305
geometry_optimization_relative,45,tum_fr2_xyz,oracle,0.8,0.5111280679702759,0.5111280679702759,0.9999999804354319,0.9991631200880342,1.0,0.0,2029.7697486877441,0.5111280679702759,0.9999999804354319
geometry_optimization_relative,46,tum_fr1_desk_val,learned,0.1,0.10224942862987518,0.2551996409893036,0.40066445323689276,0.6182050805149291,0.25,0.1529502123594284,250.3807373046875,0.10224942862987518,0.4242773263876253
geometry_optimization_relative,46,tum_fr1_desk_val,learned,0.2,0.13385799527168274,0.33358636498451233,0.40126937222150477,0.5662469914541396,0.125,0.1997283697128296,499.6021957397461,0.15614557266235352,0.46808134390888084
geometry_optimization_relative,46,tum_fr1_desk_val,learned,0.4,0.24769441783428192,0.5427982211112976,0.4563287122862668,0.6253784217111478,0.4375,0.2951038032770157,993.4147033691406,0.24769440293312073,0.45072584456471354
geometry_optimization_relative,46,tum_fr1_desk_val,learned,0.6,0.4050039052963257,0.6048338413238525,0.6696118353988593,0.6809946252264552,0.5833333333333334,0.19982993602752686,1336.6257781982422,0.34976834058761597,0.575947997815607
geometry_optimization_relative,46,tum_fr1_desk_val,learned,0.8,0.5782216787338257,0.6498000621795654,0.8898455132427873,0.7372961487315497,0.78125,0.07157838344573975,1336.6257781982422,0.34976834058761597,0.5382707507216128
geometry_optimization_relative,46,tum_fr1_desk_val,error_only,0.1,0.019585009664297104,0.2551996409893036,0.07674387323169964,0.08602033582014314,0.0,0.23561463132500648,249.45075225830078,0.02204277738928795,0.0914650652057742
geometry_optimization_relative,46,tum_fr1_desk_val,error_only,0.2,0.06619373708963394,0.33358636498451233,0.19843057766585093,0.12257799601586754,0.0,0.2673926278948784,485.7717514038086,0.06619374454021454,0.19843058227301874
geometry_optimization_relative,46,tum_fr1_desk_val,error_only,0.4,0.24348852038383484,0.5427982211112976,0.4485801655715214,0.2851920306371559,0.375,0.29930970072746277,1018.0611991882324,0.24523746967315674,0.44625499942036273
geometry_optimization_relative,46,tum_fr1_desk_val,error_only,0.6,0.40301045775413513,0.6048338413238525,0.6663159756551836,0.4207065960650758,0.7083333333333334,0.2018233835697174,1521.116870880127,0.28143659234046936,0.4634291416948205
geometry_optimization_relative,46,tum_fr1_desk_val,error_only,0.8,0.4840840995311737,0.6498000621795654,0.7449739085245932,0.4816057569121695,0.84375,0.16571596264839172,2011.5807151794434,0.4560319781303406,0.7018035846494555
geometry_optimization_relative,46,tum_fr1_desk_val,heuristic,0.1,0.020070012658834457,0.2551996409893036,0.07864435778431245,0.07807992869821892,0.0,0.23512962833046913,237.68840789794922,0.020070012658834457,0.0832792067941991
geometry_optimization_relative,46,tum_fr1_desk_val,heuristic,0.2,0.07514779269695282,0.33358636498451233,0.22527236821480423,0.1165451296993631,0.0,0.2584385722875595,484.88086700439453,0.07514779269695282,0.2252723480891647
geometry_optimization_relative,46,tum_fr1_desk_val,heuristic,0.4,0.3555627465248108,0.5427982211112976,0.6550550944074552,0.4275184970324972,0.5,0.18723547458648682,1008.1904258728027,0.3614104390144348,0.657653234914914
geometry_optimization_relative,46,tum_fr1_desk_val,heuristic,0.6,0.5172685980796814,0.6048338413238525,0.8552242850619067,0.48398503360259193,0.75,0.08756524324417114,1526.215877532959,0.41254666447639465,0.6793222766002945
geometry_optimization_relative,46,tum_fr1_desk_val,heuristic,0.8,0.5118833780288696,0.6498000621795654,0.7877551880102223,0.496227314004826,0.84375,0.1379166841506958,2030.488567352295,0.510245144367218,0.7852341251045878
geometry_optimization_relative,46,tum_fr1_desk_val,random,0.1,0.03657643496990204,0.2551996409893036,0.14332478445056768,0.05617028823694852,0.0,0.21862320601940155,242.66392135620117,0.035848360508680344,0.14875043074381228
geometry_optimization_relative,46,tum_fr1_desk_val,random,0.2,0.03539092093706131,0.33358636498451233,0.10609222555538857,0.07158205528038478,0.0,0.298195444047451,505.9210739135742,0.07925400137901306,0.23758162875269817
geometry_optimization_relative,46,tum_fr1_desk_val,random,0.4,0.14307524263858795,0.5427982211112976,0.2635882625219005,0.13562151528136626,0.25,0.39972297847270966,1018.1699295043945,0.14307524263858795,0.2603519046491778
geometry_optimization_relative,46,tum_fr1_desk_val,random,0.6,0.28255051374435425,0.6048338413238525,0.46715393512765746,0.2273643610202438,0.5833333333333334,0.3222833275794983,1507.9950408935547,0.28255051374435425,0.46526338661594063
geometry_optimization_relative,46,tum_fr1_desk_val,random,0.8,0.42453208565711975,0.6498000621795654,0.6533272368424803,0.3063374092381643,0.78125,0.22526797652244568,2024.437370300293,0.46040213108062744,0.7085289660986948
geometry_optimization_relative,46,tum_fr1_desk_val,oracle,0.1,0.2551996409893036,0.2551996409893036,0.9999999608149934,0.9987944948875708,1.0,0.0,239.51910018920898,0.24099667370319366,0.9999999585056532
geometry_optimization_relative,46,tum_fr1_desk_val,oracle,0.2,0.33358636498451233,0.33358636498451233,0.9999999700227565,0.9989702916294009,1.0,0.0,506.73410415649414,0.3335863947868347,0.9999999700227592
geometry_optimization_relative,46,tum_fr1_desk_val,oracle,0.4,0.5427982211112976,0.5427982211112976,0.999999981576948,0.9990720586489739,1.0,0.0,1012.5766410827637,0.5495455861091614,0.9999999818031476
geometry_optimization_relative,46,tum_fr1_desk_val,oracle,0.6,0.6048338413238525,0.6048338413238525,0.9999999834665337,0.9991141544524638,1.0,0.0,1523.0459518432617,0.6072915196418762,0.9999999835334439
geometry_optimization_relative,46,tum_fr1_desk_val,oracle,0.8,0.6498000621795654,0.6498000621795654,0.9999999846106511,0.9991387535918412,1.0,0.0,2029.3511352539062,0.6498000025749207,0.9999999846106497
geometry_optimization_relative,46,tum_fr2_xyz,learned,0.1,0.021818045526742935,0.06018306314945221,0.36252793991696525,0.26474042724802055,0.0,0.038365017622709274,218.80825805664062,0.01682884618639946,0.24652608328606962
geometry_optimization_relative,46,tum_fr2_xyz,learned,0.2,0.04423750564455986,0.09243206679821014,0.47859473871971336,0.3229044865525537,0.25,0.048194561153650284,426.82720947265625,0.027320966124534607,0.2783584138194944
geometry_optimization_relative,46,tum_fr2_xyz,learned,0.4,0.09293055534362793,0.17216911911964417,0.539763172520019,0.44459506957892686,0.625,0.07923856377601624,887.920280456543,0.07775353640317917,0.4293097396625198
geometry_optimization_relative,46,tum_fr2_xyz,learned,0.6,0.124648317694664,0.23603671789169312,0.5280886530161512,0.4608129932590715,0.7083333333333334,0.11138840019702911,1259.0604858398438,0.10443568229675293,0.4293871252869201
geometry_optimization_relative,46,tum_fr2_xyz,learned,0.8,0.14350737631320953,0.2549758553504944,0.5628272939320815,0.4749118474534754,0.75,0.11146847903728485,1259.0604858398438,0.10443568229675293,0.4121482111627507
geometry_optimization_relative,46,tum_fr2_xyz,error_only,0.1,0.07153297960758209,0.06018306314945221,1.1885896791934294,0.5940903541527573,0.5,-0.011349916458129883,231.91901779174805,0.10615593940019608,1.5550803464490413
geometry_optimization_relative,46,tum_fr2_xyz,error_only,0.2,0.11777238547801971,0.09243206679821014,1.2741505931445247,0.7687236694713498,0.625,-0.02534031867980957,453.5233497619629,0.12614639103412628,1.2852367356724002
geometry_optimization_relative,46,tum_fr2_xyz,error_only,0.4,0.1634545773267746,0.17216911911964417,0.9493837725878626,0.7870382744665994,0.75,0.008714541792869568,908.7992820739746,0.17757052183151245,0.9804409937566185
geometry_optimization_relative,46,tum_fr2_xyz,error_only,0.6,0.21187283098697662,0.23603671789169312,0.8976265383758233,0.830393751621323,0.8333333333333334,0.02416388690471649,1367.7906436920166,0.22379863262176514,0.9201476869902256
geometry_optimization_relative,46,tum_fr2_xyz,error_only,0.8,0.22204983234405518,0.2549758553504944,0.8708660799673,0.8316412529181141,0.84375,0.03292602300643921,1806.3478298187256,0.22204983234405518,0.8763043356153424
geometry_optimization_relative,46,tum_fr2_xyz,heuristic,0.1,0.032827235758304596,0.06018306314945221,0.5454562892922558,0.3964614360190508,0.25,0.027355827391147614,230.38236236572266,0.07163728773593903,1.0494159710753588
geometry_optimization_relative,46,tum_fr2_xyz,heuristic,0.2,0.08381007611751556,0.09243206679821014,0.9067206863747377,0.5285384393559686,0.375,0.00862199068069458,455.21783447265625,0.12724079191684723,1.2963869890129396
geometry_optimization_relative,46,tum_fr2_xyz,heuristic,0.4,0.1819906234741211,0.17216911911964417,1.0570456179031478,0.669473788445533,0.625,-0.009821504354476929,907.2417316436768,0.1982787698507309,1.0947798775843394
geometry_optimization_relative,46,tum_fr2_xyz,heuristic,0.6,0.20464134216308594,0.23603671789169312,0.8669894045344794,0.7134098106774063,0.7916666666666666,0.03139537572860718,1382.434133529663,0.19665393233299255,0.8085422991817575
geometry_optimization_relative,46,tum_fr2_xyz,heuristic,0.8,0.22572113573551178,0.2549758553504944,0.8852647109373724,0.728508245586476,0.78125,0.029254719614982605,1846.6570644378662,0.23255698382854462,0.9177700836576952
geometry_optimization_relative,46,tum_fr2_xyz,random,0.1,0.028644654899835587,0.06018306314945221,0.475958660813191,0.17378809255645222,0.0,0.03153840824961662,207.5264434814453,0.011959073133766651,0.1751886865411971
geometry_optimization_relative,46,tum_fr2_xyz,random,0.2,0.05286577343940735,0.09243206679821014,0.5719418547180263,0.20752502987892105,0.0,0.039566293358802795,450.79308700561523,0.04568219184875488,0.46543092234934114
geometry_optimization_relative,46,tum_fr2_xyz,random,0.4,0.10219990462064743,0.17216911911964417,0.5936017980878933,0.2775655295126541,0.3125,0.06996921449899673,919.8458633422852,0.09562242031097412,0.5279713086841132
geometry_optimization_relative,46,tum_fr2_xyz,random,0.6,0.14064808189868927,0.23603671789169312,0.5958737148873988,0.37546246978107334,0.5833333333333334,0.09538863599300385,1383.93705368042,0.14038969576358795,0.5772119888348408
geometry_optimization_relative,46,tum_fr2_xyz,random,0.8,0.16988544166088104,0.2549758553504944,0.6662804788498452,0.454475494728667,0.78125,0.08509041368961334,1853.5198764801025,0.1988513022661209,0.7847529380187074
geometry_optimization_relative,46,tum_fr2_xyz,oracle,0.1,0.06018306314945221,0.06018306314945221,0.9999998338403229,0.9942771877023409,1.0,0.0,220.34718322753906,0.0682639479637146,0.9999998535098126
geometry_optimization_relative,46,tum_fr2_xyz,oracle,0.2,0.09243206679821014,0.09243206679821014,0.9999998918124493,0.9955344678337446,1.0,0.0,456.6953582763672,0.09815030544996262,0.9999998981154574
geometry_optimization_relative,46,tum_fr2_xyz,oracle,0.4,0.17216911911964417,0.17216911911964417,0.9999999419175781,0.9962986820154223,1.0,0.0,901.4705352783203,0.18111290037631989,0.9999999447858247
geometry_optimization_relative,46,tum_fr2_xyz,oracle,0.6,0.23603671789169312,0.23603671789169312,0.999999957633712,0.9965845853371312,1.0,0.0,1379.3910827636719,0.24322032928466797,0.9999999588850175
geometry_optimization_relative,46,tum_fr2_xyz,oracle,0.8,0.2549758553504944,0.2549758553504944,0.9999999607806018,0.9967015813178968,1.0,0.0,1762.002248764038,0.2533935010433197,0.9999999605356903
