seed,scene,frame,split,gaussian_id,persistent_id,population,geometry_stratum,group_size,psnr_before,psnr_after,delta_psnr,ssim_before,ssim_after,delta_ssim,depth_before,depth_after,delta_depth,loss_before,loss_after,delta_loss,delta_quality,delta_time_ms,oracle_utility_joint,oracle_utility_rgb,oracle_utility_depth,oracle_utility_loss,delta_psnr_local,delta_ssim_local,delta_depth_local,delta_loss_local,delta_quality_local,oracle_utility_joint_local,predicted_importance,predicted_utility,modeled_marginal_cost_us,n_influence_pixels,filtered,filter_reason,visible,feat_rgb_error,feat_depth_error,feat_gradient_norm,feat_visibility_count,feat_visibility,feat_influence_mass,feat_position_drift,feat_residual_drift_ema,feat_uncertainty,feat_uncertainty_var,feat_projected_area,feat_age,feat_staleness,feat_update_frequency,feat_tier,feat_knn_density,feat_knn_error_mean,feat_knn_depth_var,feat_sh_degree
42,tum_fr1_desk,15,train,318,318,geometry_stratified,edge,1,6.364929657615585,6.364916207130271,-1.345048531398163e-05,0.20982949139585555,0.20984342767086223,1.3936275006676269e-05,0.3591078817844391,0.35910868644714355,-8.046627044677734e-07,0.26939329504966736,0.2693940371274948,-7.420778274647155e-07,-2.151470834662005e-06,87.07839399721706,-2.4707286571348154e-08,-1.5446409489834522e-07,-9.240670016186674e-09,-8.52195123727743e-09,0.04317182722513824,-0.001396634520663624,-0.00042891502380371094,0.0027819603681564775,0.00790615788212693,9.07935656505057e-05,1.0,1929.7601318359375,0.5171990990638733,81,False,none,True,0.6515152454376221,1.072455644607544,14.825372695922852,81.0,0.0010546875419095159,8.599549293518066,0.0,0.0,0.10326200723648071,0.10326200723648071,8.599549293518066,0,15,0.0,1,0.0,0.0,0.0,0
42,tum_fr1_desk,15,train,3963,3963,geometry_stratified,edge,1,6.364929657615585,6.365095550359717,0.00016589274413192356,0.20982949139585555,0.20984938448180923,1.9893085953681666e-05,0.3591078817844391,0.35911643505096436,-8.553266525268555e-06,0.26939329504966736,0.2693896859884262,3.6090612411388e-06,1.1099064754575225e-05,77.07784800004447,1.4399811414777462e-07,2.1522752442676896e-06,-1.1096919215055952e-07,4.682358595606766e-08,0.05725520644071391,0.001653736026728618,-0.006009340286254883,0.002965706586837813,0.0071004612607270525,9.212064743586194e-05,0.9602810740470886,1799.8958740234375,0.5325203537940979,83,False,none,True,0.7152032256126404,0.21056190133094788,15.053096771240234,83.0,0.0010807291837409139,16.260168075561523,0.0,0.0,0.18164944648742676,0.18164944648742676,16.260168075561523,0,15,0.0,1,0.0,0.0,0.0,0
42,tum_fr1_desk,15,train,835,835,geometry_stratified,edge,1,6.364929657615585,6.364924893897273,-4.763718312261744e-06,0.20982949139585555,0.20982931963290746,-1.71762948086851e-07,0.3591078817844391,0.35909897089004517,8.910894393920898e-06,0.26939329504966736,0.2693907991051674,2.4959444999694824e-06,6.920290287695091e-06,57.529864003299735,1.2029039886654632e-07,-8.280426861409775e-08,1.548916297352936e-07,4.3385197292076383e-08,-0.0011498612014329002,0.00016315708295339647,0.002765744924545288,0.0007004648447037631,0.0015811552272538307,2.7484077263995277e-05,0.6628223061561584,1277.6649169921875,0.5177762508392334,65,False,none,True,0.8418093323707581,0.3715241253376007,10.784274101257324,65.0,0.0008463541744276881,8.888136863708496,0.0,0.0,0.42180347442626953,0.42180347442626953,8.888136863708496,0,15,0.0,1,0.0,0.0,0.0,0
42,tum_fr1_desk,15,train,1584,1584,geometry_stratified,edge,1,6.364929657615585,6.365480042365821,0.0005503847502357218,0.20982949139585555,0.20995579032087303,0.0001262989250174762,0.3591078817844391,0.3591071367263794,7.450580596923828e-07,0.26939329504966736,0.26937258541584014,2.0709633827220575e-05,6.115244504363482e-05,72.74662799318321,8.406224003862443e-07,7.565776798442068e-06,1.024182261426879e-08,2.846817013863679e-07,0.8736827199789996,0.11329022159103697,-0.0006097555160522461,0.012543713301420234,0.06083406675575181,0.0008362458636770397,0.7147529125213623,1365.643798828125,0.522381603717804,84,False,none,True,0.3205595314502716,0.7129892110824585,11.566227912902832,84.0,0.0010937500046566129,11.190791130065918,0.0,0.0,0.30928099155426025,0.30928099155426025,11.190791130065918,0,15,0.0,1,0.0,0.0,0.0,0
42,tum_fr1_desk,15,train,1091,1091,geometry_stratified,edge,1,6.364929657615585,6.365128897808011,0.00019924019242623103,0.20982949139585555,0.209855918355398,2.6426959542441564e-05,0.3591078817844391,0.35910576581954956,2.115964889526367e-06,0.26939329504966736,0.2693852439522743,8.051097393046991e-06,2.3679652540417e-05,110.92685899347998,2.134708649941024e-07,1.7961402155806277e-06,1.907531601206466e-08,7.258023409389258e-08,0.10958425498503743,0.014412234670878876,0.0003800392150878906,0.0015553206205368014,0.007659850151039973,6.905316007812139e-05,0.6594218015670776,1260.5589599609375,0.5221185684204102,94,False,none,True,0.2686970829963684,0.18738789856433868,5.043978214263916,94.0,0.0012239583302289248,11.059294700622559,0.0,0.0,0.3690364360809326,0.3690364360809326,11.059294700622559,0,15,0.0,1,0.0,0.0,0.0,0
42,tum_fr1_desk,15,train,2663,2663,geometry_stratified,edge,1,6.364929657615585,6.365076775018305,0.00014711740271966534,0.20982949139585555,0.20985016300201448,2.067160615892849e-05,0.3591078817844391,0.35911884903907776,-1.0967254638671875e-05,0.26939329504966736,0.2693911090493202,2.18600034718186e-06,7.017542601814021e-06,45.03963499882957,1.5580815879161505e-07,3.266398644737872e-06,-2.435022983413804e-07,4.853503691223668e-08,0.02934373830275394,-0.001986407031425214,-0.005780518054962158,0.002019184827804499,0.017007750345471796,0.0003776174106631586,0.7650389075279236,1506.5909423828125,0.5067946910858154,30,False,none,True,0.8950738310813904,0.4841184914112091,4.685580253601074,30.0,0.0003906250058207661,3.39733624458313,0.0,0.0,0.33330202102661133,0.33330202102661133,3.39733624458313,0,15,0.0,1,0.0,0.0,0.0,0
42,tum_fr1_desk,15,train,479,479,geometry_stratified,texture,1,6.364929657615585,6.364930498272301,8.406567157948075e-07,0.20982949139585555,0.2098296238052653,1.3240940974212911e-07,0.3591078817844391,0.35910937190055847,-1.4901161193847656e-06,0.26939329504966736,0.26939371079206464,-4.1574239728614515e-07,-1.1523948498054746e-06,53.32913000165718,-2.160910650088731e-08,1.576355578590321e-08,-2.7941879406966906e-08,-7.7957843541274e-09,-0.001115412394193882,-0.00016083732585027346,0.0037071704864501953,0.001051485538482666,0.0019096610004705273,3.580896595183881e-05,0.84083491563797,1629.8197021484375,0.5149067044258118,53,False,none,True,0.5702624320983887,0.5359591245651245,8.245061874389648,53.0,0.0006901042070239782,7.453355312347412,0.0,0.0,0.32694464921951294,0.32694464921951294,7.453355312347412,0,15,0.0,1,0.0,0.0,0.0,0
42,tum_fr1_desk,15,train,502,502,geometry_stratified,texture,1,6.364929657615585,6.364913685168912,-1.597244667284059e-05,0.20982949139585555,0.2098285615535427,-9.298423128412114e-07,0.3591078817844391,0.3591056764125824,2.205371856689453e-06,0.26939329504966736,0.269393227994442,6.705522537231445e-08,8.57633482250896e-08,42.37918799481122,2.023713815271548e-09,-3.7689364588099724e-07,5.203903050146861e-08,1.5822678193014104e-09,0.0007980049915694565,0.012057684972560906,0.003717184066772461,0.0011194787919521498,0.0043906967778042415,0.00010360502372867138,0.677187442779541,1328.0797119140625,0.5088996887207031,40,False,none,True,0.14435824751853943,0.2520034909248352,1.7637523412704468,40.0,0.0005208333604969084,4.449855327606201,0.0,0.0,0.30106860399246216,0.30106860399246216,4.449855327606201,0,15,0.0,1,0.0,0.0,0.0,0
42,tum_fr1_desk,15,train,1236,1236,geometry_stratified,texture,1,6.364929657615585,6.364955998269997,2.6340654411427522e-05,0.20982949139585555,0.20984694263521422,1.745123935867343e-05,0.3591078817844391,0.3591027855873108,5.0961971282958984e-06,0.26939329504966736,0.26939078569412234,2.509355545021741e-06,7.154264428895836e-06,78.90290099749109,9.067175399702126e-08,3.338363238667877e-07,6.458820986135788e-08,3.180308345191937e-08,0.0338369847918063,0.0,0.0014836788177490234,0.0006857972592115569,0.004749799557611234,6.019803451538829e-05,0.6670868396759033,1275.429443359375,0.5220291614532471,104,False,none,True,0.1775425672531128,0.1500755399465561,3.608579158782959,104.0,0.0013541666558012366,11.014589309692383,0.0,0.0,0.3664913773536682,0.3664913773536682,11.014589309692383,0,15,0.0,1,0.0,0.0,0.0,0
42,tum_fr1_desk,15,train,2978,2978,geometry_stratified,texture,1,6.364929657615585,6.364845592765802,-8.406484978351614e-05,0.20982949139585555,0.2098026542849876,-2.6837110867955483e-05,0.3591078817844391,0.35910674929618835,1.1324882507324219e-06,0.26939329504966736,0.26939608454704284,-2.789497375477179e-06,-8.299169838158317e-06,117.55802999687148,-7.059636707402446e-08,-7.150923657512236e-07,9.633440189177722e-09,-2.3728684255353843e-08,0.392984551085533,-0.001244913100911682,0.0002770721912384033,0.0009952134452760192,0.015409679427756482,0.00013108147038672367,0.6193369030952454,1215.6600341796875,0.5084654688835144,53,False,none,True,0.10493430495262146,0.265742689371109,1.5689728260040283,53.0,0.0006901042070239782,4.232722282409668,0.0,0.0,0.2835026979446411,0.2835026979446411,4.232722282409668,0,15,0.0,1,0.0,0.0,0.0,0
42,tum_fr1_desk,15,train,1546,1546,geometry_stratified,texture,1,6.364929657615585,6.364961602685164,3.1945069578931395e-05,0.20982949139585555,0.20983043578808405,9.443922285023998e-07,0.3591078817844391,0.3591037690639496,4.112720489501953e-06,0.26939329504966736,0.2693908721208572,2.4229288101418334e-06,6.9490249558442715e-06,68.25762199878227,1.0180584603384283e-07,4.680073615735002e-07,6.02529119689421e-08,3.54968242255064e-08,0.010085887732992127,0.0,0.0012616068124771118,0.0008559629321098217,0.004147315002446455,6.075973467872121e-05,0.7822502255439758,1482.098388671875,0.5267990827560425,111,False,none,True,0.5089528560638428,0.13465146720409393,8.624008178710938,111.0,0.0014453125186264515,13.39954948425293,0.0,0.0,0.3651982545852661,0.3651982545852661,13.39954948425293,0,15,0.0,1,0.0,0.0,0.0,0
42,tum_fr1_desk,15,train,1262,1262,geometry_stratified,texture,1,6.364929657615585,6.3649338609007895,4.2032852043405455e-06,0.20982949139585555,0.20983226884299008,2.7774471345332064e-06,0.3591078817844391,0.3591076731681824,2.086162567138672e-07,0.26939329504966736,0.26939307600259776,2.1904706959396947e-07,6.365461868525202e-07,70.15879599930486,9.072934872753905e-09,5.991102248080473e-08,2.973486841420913e-09,3.122161184124936e-09,-0.0025977888526114157,0.0,0.0009922385215759277,0.00025158822536469616,0.0017512916704953392,2.496182617661642e-05,0.6748974919319153,1327.70263671875,0.5073197484016418,37,False,none,True,0.23968924582004547,0.15327119827270508,1.4381835460662842,37.0,0.0004817708395421505,3.6598684787750244,0.0,0.0,0.3089171051979065,0.3089171051979065,3.6598684787750244,0,15,0.0,1,0.0,0.0,0.0,0
42,tum_fr1_desk,15,train,3043,3043,geometry_stratified,depth_discontinuity,1,6.364929657615585,6.365005037147933,7.537953234759698e-05,0.20982949139585555,0.2098593988712543,2.9907475398743832e-05,0.3591078817844391,0.3591078519821167,2.9802322387695312e-08,0.26939329504966736,0.26939048022031786,2.814829349495618e-06,8.314960718717752e-06,69.68701600271743,1.1931865067078653e-07,1.0816869005362143e-06,4.2765961433236256e-10,4.039245057337301e-08,0.6144267025798378,0.017569886221425274,0.0,0.0023648660629987713,0.027022732520748435,0.0003877728459444251,0.4397534132003784,840.7618408203125,0.5220415592193604,89,False,none,True,0.14755314588546753,0.0,1.626152753829956,89.0,0.0011588542256504297,11.020793914794922,0.0,0.0,0.4404256343841553,0.4404256343841553,11.020793914794922,0,15,0.0,1,0.0,0.0,0.0,0
42,tum_fr1_desk,15,train,128,128,geometry_stratified,depth_discontinuity,1,6.364929657615585,6.365214649565139,0.00028499194955422524,0.20982949139585555,0.20985040225618068,2.0910860325129565e-05,0.3591078817844391,0.3591131865978241,-5.304813385009766e-06,0.26939329504966736,0.26938427835702894,9.016692638419421e-06,2.691108466045789e-05,76.46730800479418,3.5192928014113796e-07,3.7269776717699733e-06,-6.937361237664043e-08,1.179156540708104e-07,0.20194037843142532,-0.020227527778479512,-0.000790134072303772,0.003927227109670639,0.014863738246332654,0.00019438029968834211,0.7758734822273254,1494.2720947265625,0.5182316899299622,64,False,none,True,0.31074684858322144,0.19908097386360168,4.647513389587402,64.0,0.0008333333535119891,9.115848541259766,0.0,0.0,0.25285249948501587,0.25285249948501587,9.115848541259766,0,15,0.0,1,0.0,0.0,0.0,0
42,tum_fr1_desk,15,train,660,660,geometry_stratified,depth_discontinuity,1,6.364929657615585,6.364945630121003,1.5972505417849447e-05,0.20982949139585555,0.20983229315996935,2.801764113796734e-06,0.3591078817844391,0.3591077923774719,8.940696716308594e-08,0.26939329504966736,0.2693926736712456,6.21378421772345e-07,1.831309492952545e-06,62.17672300408594,2.9453297061541832e-08,2.568888266562362e-07,1.4379491688104977e-09,9.9937467230544e-09,-0.004885923515058899,0.0,0.0,-0.00022136270999909002,-0.0006202656720917739,-9.975850159407937e-06,0.4393305778503418,861.9047241210938,0.5087205767631531,48,False,none,True,0.47965317964553833,0.0,2.091430425643921,48.0,0.0006249999860301614,4.360297203063965,0.0,0.0,0.5692187547683716,0.5692187547683716,4.360297203063965,0,15,0.0,1,0.0,0.0,0.0,0
42,tum_fr1_desk,15,train,3117,3117,geometry_stratified,depth_discontinuity,1,6.364929657615585,6.364899113865292,-3.054375029343248e-05,0.20982949139585555,0.20980993794979855,-1.9553446057002377e-05,0.3591078817844391,0.3591077923774719,8.940696716308594e-08,0.26939329504966736,0.2693944051861763,-1.1101365089416504e-06,-3.2844389519557075e-06,74.70699199620867,-4.396427782987689e-08,-4.0884727757453486e-07,1.1967683984334863e-09,-1.4859874280549123e-08,0.24073807084148058,0.0,0.0,0.0004406099207699306,0.008718680170506286,0.00011670500896286592,0.49328309297561646,958.2991333007812,0.5137485265731812,79,False,none,True,0.09008833765983582,0.0,0.6192904114723206,79.0,0.0010286459000781178,6.8742570877075195,0.0,0.0,0.41144150495529175,0.41144150495529175,6.8742570877075195,0,15,0.0,1,0.0,0.0,0.0,0
42,tum_fr1_desk,15,train,3116,3116,geometry_stratified,depth_discontinuity,1,6.364929657615585,6.365036422320412,0.00010676470482717804,0.20982949139585555,0.2098671514004951,3.766000463956143e-05,0.3591078817844391,0.35910794138908386,-5.960464477539063e-08,0.26939329504966736,0.2693893387913704,3.956258296966553e-06,1.1691937304549627e-05,62.63246099842945,1.866753615963264e-07,1.7046225411748586e-06,-9.516573965836223e-10,6.316625969823792e-08,1.109023199420296,0.006801421300340203,0.0,0.001203464483842254,0.03666107054885828,0.0005853365804958164,0.40547189116477966,801.0497436523438,0.5051756501197815,32,False,none,True,0.07612472027540207,0.0,0.19699783623218536,32.0,0.00041666667675599456,2.587830066680908,0.0,0.0,0.4673139452934265,0.4673139452934265,2.587830066680908,0,15,0.0,1,0.0,0.0,0.0,0
42,tum_fr1_desk,15,train,659,659,geometry_stratified,depth_discontinuity,1,6.364929657615585,6.364932740024337,3.082408752241861e-06,0.20982949139585555,0.20985334460067467,2.385320481912423e-05,0.3591078817844391,0.3591079115867615,-2.9802322387695312e-08,0.26939329504966736,0.26939318925142286,1.0579824449852282e-07,3.140991019468566e-07,62.71366000146372,5.008463896693728e-09,4.9150516046582483e-08,-4.752126153536523e-10,1.687004784859527e-09,-0.011883529536774518,0.0,0.0,-0.00022490918636322577,-0.0008936459982535912,-1.4249622781268606e-05,0.3241536021232605,605.1492919921875,0.5346588492393494,119,False,none,True,0.22103039920330048,0.0,3.8303277492523193,119.0,0.0015494792023673654,17.329416275024414,0.0,0.0,0.596738874912262,0.596738874912262,17.329416275024414,0,15,0.0,1,0.0,0.0,0.0,0
42,tum_fr1_desk,15,train,2180,2180,geometry_stratified,flat,1,6.364929657615585,6.364883141530951,-4.651608463390744e-05,0.20982949139585555,0.20981601815062825,-1.347324522729676e-05,0.3591078817844391,0.35910850763320923,-6.258487701416016e-07,0.26939329504966736,0.26939521431922914,-1.9192695617786804e-06,-5.6385659158225315e-06,78.7283129975549,-7.162056064884372e-08,-5.90843152391086e-07,-7.949475180054205e-09,-2.437839055230725e-08,-0.21653096577927755,-0.04277129460348733,0.00035446882247924805,-0.0001800744794309278,-0.006809382644622204,-8.649217016543574e-05,0.520424485206604,1016.8953247070312,0.5107777714729309,56,False,none,True,0.07823656499385834,0.252969354391098,1.7848330736160278,56.0,0.0007291666697710752,5.388892650604248,0.0,0.0,0.45806455612182617,0.45806455612182617,5.388892650604248,0,15,0.0,1,0.0,0.0,0.0,0
42,tum_fr1_desk,15,train,607,607,geometry_stratified,flat,1,6.364929657615585,6.364917608220547,-1.2049395038182809e-05,0.20982949139585555,0.20982297367439168,-6.517721463872306e-06,0.3591078817844391,0.3591071665287018,7.152557373046875e-07,0.26939329504966736,0.2693935289978981,-2.3394823073230597e-07,-7.276369550149819e-07,74.61875499575399,-9.7513950086193e-09,-1.6147944359120507e-07,9.585468657918341e-09,-3.135247040045338e-09,-0.05484605739310311,-0.004212502187389666,0.000509306788444519,0.0001311044208705467,-0.0005370571253915308,-7.197347709997182e-06,0.4953128397464752,964.911376953125,0.5123246312141418,63,False,none,True,0.04801628738641739,0.16383275389671326,1.3054803609848022,63.0,0.0008203125325962901,6.162314414978027,0.0,0.0,0.44385987520217896,0.44385987520217896,6.162314414978027,0,15,0.0,1,0.0,0.0,0.0,0
42,tum_fr1_desk,15,train,3290,3290,geometry_stratified,flat,1,6.364929657615585,6.364955157608345,2.5499992760025236e-05,0.20982949139585555,0.2098389679212804,9.476525424850779e-06,0.3591078817844391,0.3591071665287018,7.152557373046875e-07,0.26939329504966736,0.2693921312689781,1.1637806892617064e-06,3.4019564376309778e-06,76.51652099593775,4.4460417088377386e-08,3.332612673461595e-07,9.34772945757244e-09,1.520953480521535e-08,0.04567165172084309,-0.0016104311377447278,0.00027857720851898193,0.0003875948488712283,0.002748220337086789,3.5916692255685426e-05,0.5109164118766785,998.4682006835938,0.5107002258300781,65,False,none,True,0.20289316773414612,0.1919763684272766,2.1126010417938232,65.0,0.0008463541744276881,5.350124359130859,0.0,0.0,0.4901862144470215,0.4901862144470215,5.350124359130859,0,15,0.0,1,0.0,0.0,0.0,0
42,tum_fr1_desk,15,train,2531,2531,geometry_stratified,flat,1,6.364929657615585,6.364915366476323,-1.4291139262212482e-05,0.20982949139585555,0.2098264230725425,-3.0683233130379683e-06,0.3591078817844391,0.35910764336586,2.384185791015625e-07,0.26939329504966736,0.2693937554955482,-4.604458808676881e-07,-1.3725301702018729e-06,97.35962000559084,-1.4097530065576014e-08,-1.4678713065428787e-07,2.4488445937635274e-09,-4.729331121477746e-09,-0.27373733864946814,-0.014653210292799423,0.00030663609504699707,3.004043828695735e-05,-0.006265212818978297,-6.435124560488752e-05,0.6673833131790161,1283.5595703125,0.5189472436904907,87,False,none,True,0.022826923057436943,0.21924981474876404,2.2933452129364014,87.0,0.0011328125838190317,9.473628997802734,0.0,0.0,0.2643144130706787,0.2643144130706787,9.473628997802734,0,15,0.0,1,0.0,0.0,0.0,0
42,tum_fr1_desk,15,train,3614,3614,geometry_stratified,flat,1,6.364929657615585,6.365249679364795,0.0003200217492098645,0.20982949139585555,0.20990268379519514,7.319239933958888e-05,0.3591078817844391,0.3591056764125824,2.205371856689453e-06,0.26939329504966736,0.269380721449852,1.2573599815379755e-05,3.703761509987542e-05,56.845171995519195,6.515525206396578e-07,5.62970852186163e-06,3.8796115470691e-08,2.2119028536620253e-07,0.45256419059279906,0.011213467333093141,0.0031950771808624268,0.0033159820362925613,0.025054301878612382,0.0004407463465954027,0.6742891073226929,1297.7158203125,0.518596887588501,62,False,none,True,0.14444021880626678,0.2754093408584595,3.903945207595825,62.0,0.0008072917116805911,9.29843807220459,0.0,0.0,0.3344302773475647,0.3344302773475647,9.29843807220459,0,15,0.0,1,0.0,0.0,0.0,0
42,tum_fr1_desk,15,train,3395,3395,geometry_stratified,flat,1,6.364929657615585,6.365053796352708,0.00012413873712269208,0.20982949139585555,0.20984094449575158,1.1453099896030494e-05,0.3591078817844391,0.3591078817844391,0.0,0.26939329504966736,0.2693886741995811,4.620850086234363e-06,1.3652486462582155e-05,47.68724300083704,2.8629221576811467e-07,2.603185449838505e-06,0.0,9.689908234269811e-08,0.07108700350097563,0.0004383106851860545,-0.006758630275726318,0.005922275781631514,0.0253783717932536,0.0005321836658245925,1.0,1919.8739013671875,0.519867479801178,67,False,none,True,0.8403719663619995,0.30090075731277466,11.33709716796875,67.0,0.000872395874466747,9.933731079101562,0.0,0.0,0.10573810338973999,0.10573810338973999,9.933731079101562,0,15,0.0,1,0.0,0.0,0.0,0
42,tum_fr1_desk,15,train,2970,2970,geometry_stratified,general_visible,1,6.364929657615585,6.3655918653080725,0.000662207692487371,0.20982949139585555,0.20991063436392435,8.114296806879806e-05,0.3591078817844391,0.35910797119140625,-8.940696716308594e-08,0.26939329504966736,0.26936867386102675,2.4621188640605585e-05,7.275335429286768e-05,64.39948699699016,1.129719469601799e-06,1.0282810055898747e-05,-1.3883180027080735e-09,3.8231963931259736e-07,0.6817920274074822,0.05105392770988326,0.0,0.005964484810829167,0.03874607757380317,0.0006016519599855515,0.4797368049621582,914.0582275390625,0.5238426923751831,92,False,none,True,0.2324407696723938,0.0,2.7710039615631104,92.0,0.0011979166883975267,11.921333312988281,0.0,0.0,0.415709912776947,0.415709912776947,11.921333312988281,0,15,0.0,1,0.0,0.0,0.0,0
42,tum_fr1_desk,25,train,110,110,geometry_stratified,edge,1,6.616294952701138,6.616289311296669,-5.641404468903488e-06,0.19551607102267515,0.19551559534147672,-4.756811984307774e-07,0.4085952937602997,0.40859439969062805,8.940696716308594e-07,0.2751483768224716,0.275148306787014,7.003545759998175e-08,5.958920295215041e-08,60.156810002808925,9.905645420587958e-10,-9.377831817611458e-08,1.4862318523690206e-08,1.1642149508378446e-09,0.0005458622560485793,-2.260482492445065e-05,0.0066127777099609375,0.0020364463329314297,0.0016884644182628872,2.8067718653699342e-05,0.946701169013977,1831.4874267578125,0.5159028768539429,75,False,none,True,0.7722339034080505,0.6748837828636169,11.506682395935059,98.0,0.0012760417303070426,7.951448917388916,0.0,0.0,0.22695863246917725,0.22695863246917725,7.951448917388916,0,25,0.0,1,0.0,0.0,0.0,0
42,tum_fr1_desk,25,train,2772,2772,geometry_stratified,edge,1,6.616294952701138,6.616953859769578,0.0006589070684395182,0.19551607102267515,0.19562746495247987,0.00011139392980472063,0.4085952937602997,0.4085971713066101,-1.8775463104248047e-06,0.2751483768224716,0.27512579411268234,2.2582709789276123e-05,6.833343149160365e-05,73.26848900265759,9.326442024636957e-07,8.99304840878619e-06,-2.5625563403616834e-08,3.08218582049058e-07,0.38456470669750686,0.0032207105281072193,-0.0009037777781486511,0.004364674538373942,0.021786935418784775,0.0002973575095563186,0.4715152680873871,908.1558837890625,0.5182007551193237,93,False,none,True,0.2551209330558777,0.051613129675388336,2.791391134262085,93.0,0.0012109375093132257,9.100362777709961,0.0,0.0,0.4911496043205261,0.4911496043205261,9.100362777709961,0,25,0.0,1,0.0,0.0,0.0,0
42,tum_fr1_desk,25,train,68,68,geometry_stratified,edge,1,6.616294952701138,6.616599302488105,0.0003043497869663625,0.19551607102267515,0.19549485952040702,-2.121150226813695e-05,0.4085952937602997,0.4085996747016907,-4.380941390991211e-06,0.2751483768224716,0.2751389995217323,9.377300739299432e-06,2.8983435922919412e-05,74.33986799878767,3.8987741979030784e-07,4.09403184535283e-06,-5.8931250605161895e-08,1.2614093879548396e-07,0.22368744373522986,-0.0020332095180322085,-0.002746105194091797,0.0019921541213989147,0.01241236858765524,0.00016696785885949732,0.6412164568901062,1135.008056640625,0.563944399356842,239,False,none,True,0.1980641931295395,0.18413874506950378,12.219866752624512,440.0,0.00572916679084301,31.972196578979492,0.0,0.0,0.344372034072876,0.344372034072876,31.972196578979492,0,25,0.0,1,0.0,0.0,0.0,0
42,tum_fr1_desk,25,train,306,306,geometry_stratified,edge,1,6.616294952701138,6.6162928742881135,-2.0784130247974986e-06,0.19551607102267515,0.195515507871622,-5.631510531511896e-07,0.4085952937602997,0.40859454870224,7.450580596923828e-07,0.2751483768224716,0.27514822632074354,1.505017280800658e-07,3.27143810433001e-07,86.97725700039882,3.761256927560971e-09,-2.3896051640119766e-08,8.56612504679202e-09,1.7303572597072782e-09,-0.005579883600930202,-0.0007192830338125095,0.0003056526184082031,5.720630288130746e-05,-0.00023967690979758647,-2.755627368157718e-06,0.6813403964042664,1340.629150390625,0.5072243213653564,45,False,none,True,0.12839773297309875,2.0439720153808594,7.846960067749023,45.0,0.0005859375232830644,3.612165927886963,0.0,0.0,0.3657609820365906,0.3657609820365906,3.612165927886963,0,25,0.0,1,0.0,0.0,0.0,0
42,tum_fr1_desk,25,train,1251,1251,geometry_stratified,edge,1,6.616294952701138,6.616324347506149,2.939480501051861e-05,0.19551607102267515,0.19553122841358933,1.5157390914177782e-05,0.4085952937602997,0.40859493613243103,3.5762786865234375e-07,0.2751483768224716,0.2751472368836403,1.1399388313293457e-06,3.3725311243322742e-06,74.14510400121799,4.548555389816263e-08,3.964497104223596e-07,4.8233510960679075e-09,1.5374431618716455e-08,0.8038778269100391,0.036519952425506985,0.0002660229802131653,0.00017176241381093582,0.018753239488323654,0.0002529262011422304,0.46519437432289124,915.0433349609375,0.5073850154876709,44,False,none,True,0.018544917926192284,0.08810101449489594,0.3937903940677643,44.0,0.0005729167023673654,3.692502737045288,0.0,0.0,0.4805693030357361,0.4805693030357361,3.692502737045288,0,25,0.0,1,0.0,0.0,0.0,0
42,tum_fr1_desk,25,train,1240,1240,geometry_stratified,edge,1,6.616294952701138,6.616293468120304,-1.4845808342656142e-06,0.19551607102267515,0.19552491599882577,8.844976150612638e-06,0.4085952937602997,0.4085939824581146,1.3113021850585938e-06,0.2751483768224716,0.27514803558588025,3.41236591372418e-07,8.057202706648868e-07,54.90572100097779,1.467461415633788e-08,-2.7038727607987806e-08,2.3882796931766752e-08,6.214955111259555e-09,-0.3874813269395858,-0.02436780359996893,0.000872001051902771,0.0002350116235902422,-0.006865445636025253,-0.00012504062438052657,0.37138891220092773,684.284423828125,0.5417405366897583,140,False,none,True,0.017776984721422195,0.09279819577932358,2.307732343673706,140.0,0.0018229166744276881,20.870254516601562,0.0,0.0,0.5995008945465088,0.5995008945465088,20.870254516601562,0,25,0.0,1,0.0,0.0,0.0,0
42,tum_fr1_desk,25,train,1307,1307,geometry_stratified,texture,1,6.616294952701138,6.616297328031528,2.3753303892704025e-06,0.19551607102267515,0.19549727560534802,-1.879541732713319e-05,0.4085952937602997,0.40858903527259827,6.258487701416016e-06,0.2751483768224716,0.2751464158296585,1.960992813132556e-06,4.846433177245228e-06,80.69279299525078,6.006029779549789e-08,2.9436710530148632e-08,7.755943832287925e-08,2.4301957341444005e-08,-0.012560909369119244,0.0,0.001318514347076416,0.00023095086216928795,-0.00010580937836358938,-1.311261817022703e-06,0.7044544816017151,1330.886474609375,0.5283122062683105,117,False,none,True,0.2524297535419464,0.5666959881782532,11.595623016357422,117.0,0.0015234375605359674,14.156095504760742,0.0,0.0,0.3509894013404846,0.3509894013404846,14.156095504760742,0,25,0.0,1,0.0,0.0,0.0,0
42,tum_fr1_desk,25,train,2368,2368,geometry_stratified,texture,1,6.616294952701138,6.616285451392572,-9.501308566584044e-06,0.19551607102267515,0.19551419345319948,-1.8775694756723027e-06,0.4085952937602997,0.40859273076057434,2.562999725341797e-06,0.2751483768224716,0.2751479417085647,4.351139069047605e-07,8.765802625595997e-07,74.96181399619672,1.1693690638330525e-08,-1.267486478791202e-07,3.4190737773125846e-08,5.8044740876579706e-09,0.002508896702000385,-0.0004167701669414676,0.0006876587867736816,0.0002261083573102951,0.0008768663198731991,1.1697506678769646e-05,0.7024376392364502,1366.1453857421875,0.513174831867218,61,False,none,True,0.13668914139270782,0.277640163898468,2.729355812072754,61.0,0.0007942708325572312,6.587407112121582,0.0,0.0,0.45290833711624146,0.45290833711624146,6.587407112121582,0,25,0.0,1,0.0,0.0,0.0,0
42,tum_fr1_desk,25,train,1957,1957,geometry_stratified,texture,1,6.616294952701138,6.616356117872659,6.116517152054968e-05,0.19551607102267515,0.1955221751737155,6.104151040353667e-06,0.4085952937602997,0.4085935950279236,1.6987323760986328e-06,0.2751483768224716,0.27514571845531466,2.6583671569602174e-06,7.718486235012924e-06,73.11922000371851,1.0556029228184323e-07,8.365129102503979e-07,2.3232364568607857e-08,3.635661262285108e-08,0.036401431536784656,0.0,0.0003605484962463379,0.0007601894438266643,0.003104177553259925,4.245364697684221e-05,0.6040986776351929,1145.7996826171875,0.5262288451194763,101,False,none,True,0.30193617939949036,0.25217536091804504,7.266859531402588,101.0,0.0013151041930541396,13.114434242248535,0.0,0.0,0.43739986419677734,0.43739986419677734,13.114434242248535,0,25,0.0,1,0.0,0.0,0.0,0
42,tum_fr1_desk,25,train,3630,3630,geometry_stratified,texture,1,6.616294952701138,6.616302672529654,7.719828515995175e-06,0.19551607102267515,0.1955153985436171,-6.724790580503459e-07,0.4085952937602997,0.4085944890975952,8.046627044677734e-07,0.2751483768224716,0.2751478642225266,5.125999450461549e-07,1.4075549248690667e-06,71.31371799914632,1.973750583142946e-08,1.0825166226906845e-07,1.128342101694103e-08,7.1879570919621826e-09,-0.02258670148940567,0.0003328106138518194,0.000237196683883667,-1.480784267186841e-05,-0.0005180482174882016,-7.2643557512231106e-06,0.48049119114875793,942.7037353515625,0.5086947679519653,58,False,none,True,0.13344228267669678,0.15821604430675507,1.2679483890533447,58.0,0.0007552083698101342,4.347375869750977,0.0,0.0,0.5405995845794678,0.5405995845794678,4.347375869750977,0,25,0.0,1,0.0,0.0,0.0,0
42,tum_fr1_desk,25,train,2588,2588,geometry_stratified,texture,1,6.616294952701138,6.616426191652199,0.00013123895106037509,0.19551607102267515,0.19553365070000134,1.7579677326184928e-05,0.4085952937602997,0.4085824191570282,1.2874603271484375e-05,0.2751483768224716,0.2751399040222168,8.472800254843982e-06,2.3337829432929264e-05,46.81805400468875,4.98479271064791e-07,2.80316971412848e-06,2.7499227691511926e-07,1.809729266832715e-07,0.09851680567450183,0.00556898085679039,0.016028232872486115,0.012151115387678157,0.05672062575760868,0.0012115118187511213,0.889056921005249,1764.7618408203125,0.5027828812599182,17,True,min_influence_pixels,True,0.6601210236549377,0.13765767216682434,1.1100527048110962,17.0,0.0002213541738456115,1.3914293050765991,0.0,0.0,0.24135416746139526,0.24135416746139526,1.3914293050765991,0,25,0.0,1,0.0,0.0,0.0,0
42,tum_fr1_desk,25,train,1138,1138,geometry_stratified,texture,1,6.616294952701138,6.616334145818696,3.9193117557623225e-05,0.19551607102267515,0.19551772951286692,1.658490191763784e-06,0.4085952937602997,0.40859273076057434,2.562999725341797e-06,0.2751483768224716,0.2751462310552597,2.1457672119140625e-06,6.028421063282859e-06,69.04853199375793,8.73070127519559e-08,5.676169561601444e-07,3.71188155828352e-08,3.107621769725738e-08,0.006232110106356714,0.0,0.0011021271347999573,0.0005718089640140422,0.008223590693874142,0.00011909870429421387,0.8621443510055542,1630.89013671875,0.5276342034339905,97,False,none,True,0.40114739537239075,0.044042933732271194,6.151244640350342,97.0,0.0012630209093913436,13.81711196899414,0.0,0.0,0.17179447412490845,0.17179447412490845,13.81711196899414,0,25,0.0,1,0.0,0.0,0.0,0
42,tum_fr1_desk,25,train,33,33,geometry_stratified,depth_discontinuity,1,6.616294952701138,6.6163296920375245,3.4739336386202524e-05,0.19551607102267515,0.1955187432810262,2.672258351044121e-06,0.4085952937602997,0.40859532356262207,-2.9802322387695312e-08,0.2751483768224716,0.27514716535806655,1.2114644050709167e-06,3.6535192098876676e-06,47.951353997632395,7.619220116428956e-08,7.24470395307665e-07,-6.215115925437018e-10,2.5264446237133008e-08,0.006885240252862523,0.0012927219062145098,0.0,0.0006490886211395486,0.00207222140084838,4.321507586523409e-05,0.6559284925460815,1234.7135009765625,0.5302394032478333,132,False,none,True,0.760134756565094,0.0,11.49300765991211,257.0,0.0033463542349636555,15.119697570800781,0.0,0.0,0.46990472078323364,0.46990472078323364,15.119697570800781,0,25,0.0,1,0.0,0.0,0.0,0
42,tum_fr1_desk,25,train,2334,2334,geometry_stratified,depth_discontinuity,1,6.616294952701138,6.6163142522981575,1.929959701918449e-05,0.19551607102267515,0.1955199172484011,3.846225725939734e-06,0.4085952937602997,0.4085952937602997,0.0,0.2751483768224716,0.2751476988196373,6.780028343200684e-07,2.041885679221983e-06,83.72502899874235,2.4387996082421836e-08,2.3051167912374677e-07,0.0,8.097970731431492e-09,-0.009867542527521422,0.0,0.0,-0.0005082726478576882,-0.0013928228737444357,-1.6635680995289445e-05,0.5410909056663513,1079.865234375,0.5000725984573364,1,True,min_influence_pixels,True,0.564880907535553,0.0,0.020507486537098885,1.0,1.302083364862483e-05,0.03630409017205238,0.0,0.0,0.42159104347229004,0.42159104347229004,0.03630409017205238,0,25,0.0,1,0.0,0.0,0.0,0
42,tum_fr1_desk,25,train,2566,2566,geometry_stratified,depth_discontinuity,1,6.616294952701138,6.616369776232501,7.482353136278874e-05,0.19551607102267515,0.19553981021557196,2.3739192896804484e-05,0.4085952937602997,0.40859508514404297,2.086162567138672e-07,0.2751483768224716,0.27514568567276,2.691149711631091e-06,8.069455136475254e-06,89.85090999340173,8.980938687285238e-08,8.327520708280358e-07,2.321804606421761e-09,2.995127942308784e-08,0.17334816708326173,0.005212220315673477,0.0,0.0013128768652677508,0.009197092506751117,0.00010235948091595859,0.5505709052085876,1072.159912109375,0.512515664100647,63,False,none,True,0.21714229881763458,0.0,1.3588372468948364,63.0,0.0008203125325962901,6.257819175720215,0.0,0.0,0.44733601808547974,0.44733601808547974,6.257819175720215,0,25,0.0,1,0.0,0.0,0.0,0
42,tum_fr1_desk,25,train,826,826,geometry_stratified,depth_discontinuity,1,6.616294952701138,6.6161978621832995,-9.709051783879374e-05,0.19551607102267515,0.19551067989263457,-5.391130040582892e-06,0.4085952937602997,0.40859508514404297,2.086162567138672e-07,0.2751483768224716,0.27515172511339187,-3.348290920246466e-06,-1.01189471795337e-05,71.47362300020177,-1.4157596543699952e-07,-1.358410470370582e-06,2.9187866510317835e-09,-4.6846525748904796e-08,0.09147559489686685,0.00954300371019745,0.0,0.0008093241602182416,0.0050984433852695864,7.133321596493287e-05,0.5785905718803406,1122.98095703125,0.5142273902893066,69,False,none,True,0.20840299129486084,0.0,1.4825127124786377,69.0,0.0008984375162981451,7.113682270050049,0.0,0.0,0.382571280002594,0.382571280002594,7.113682270050049,0,25,0.0,1,0.0,0.0,0.0,0
42,tum_fr1_desk,25,train,1047,1047,geometry_stratified,depth_discontinuity,1,6.616294952701138,6.616688087566368,0.00039313486522996044,0.19551607102267515,0.19556403842101677,4.796739834161956e-05,0.4085952937602997,0.4085954427719116,-1.4901161193847656e-07,0.2751483768224716,0.27513461112976073,1.3765692710887567e-05,4.1484022978312285e-05,71.85921000200324,5.772958397003783e-07,5.470904358940224e-06,-2.0736605917922357e-09,1.915647654699212e-07,0.1356971324147267,0.009985000697823598,0.0,0.003075650334358207,0.011238785198528212,0.0001564000661601332,0.6839970946311951,1321.96533203125,0.5164092183113098,66,False,none,True,0.35408496856689453,0.0,2.9051272869110107,66.0,0.0008593749953433871,8.204605102539062,0.0,0.0,0.23086470365524292,0.23086470365524292,8.204605102539062,0,25,0.0,1,0.0,0.0,0.0,0
42,tum_fr1_desk,25,train,1820,1820,geometry_stratified,depth_discontinuity,1,6.616294952701138,6.616291983539978,-2.9691611604931722e-06,0.19551607102267515,0.19551414620475369,-1.924817921467037e-06,0.4085952937602997,0.40859493613243103,3.5762786865234375e-07,0.2751483768224716,0.27514837384223934,2.9802322831784522e-09,-5.155690101479883e-08,59.35547200351721,-8.686124341112769e-10,-5.002337712548608e-08,6.025187848411886e-09,5.020989948495151e-11,-0.0194189119741921,0.0,0.0,-3.00133600831037e-05,-0.0006732007701873598,-1.1341848484457645e-05,0.32209399342536926,627.5768432617188,0.5122343301773071,49,False,none,True,0.052688270807266235,0.0,0.3223033547401428,49.0,0.0006380208651535213,6.1171746253967285,0.0,0.0,0.6690673828125,0.6690673828125,6.1171746253967285,0,25,0.0,1,0.0,0.0,0.0,0
42,tum_fr1_desk,25,train,3472,3472,geometry_stratified,flat,1,6.616294952701138,6.616879323130754,0.0005843704296157881,0.19551607102267515,0.1956448849073687,0.00012881388469354604,0.4085952937602997,0.4086061418056488,-1.0848045349121094e-05,0.2751483768224716,0.27513110339641567,1.7273426055952612e-05,5.386115488768847e-05,58.322226999734994,9.235099148037197e-07,1.0019686484510329e-05,-1.8600190539998389e-07,2.9617226475304346e-07,0.7443981520208265,0.0021756190981289487,-0.003255784511566162,0.0062112994492053986,0.042172832498868114,0.000723100517047467,0.7350770831108093,1393.2506103515625,0.5265985727310181,75,False,none,True,0.1918196678161621,0.5582799911499023,9.975800514221191,75.0,0.0009765625,13.299300193786621,0.0,0.0,0.25786876678466797,0.25786876678466797,13.299300193786621,0,25,0.0,1,0.0,0.0,0.0,0
42,tum_fr1_desk,25,train,1076,1076,geometry_stratified,flat,1,6.616294952701138,6.61671570336213,0.00042075066099211966,0.19551607102267515,0.19556406367089973,4.7992648224581824e-05,0.4085952937602997,0.40859076380729675,4.5299530029296875e-06,0.2751483768224716,0.27513223737478254,1.61394476890786e-05,4.784116017149297e-05,60.74313299905043,7.875978371454902e-07,6.926719782443508e-06,7.457555742145375e-08,2.6569995474765687e-07,0.21019529928312508,0.0,0.0031130611896514893,0.006224144995212566,0.028882610171860577,0.00047548766001766956,0.8165426254272461,1573.3480224609375,0.5179840922355652,71,False,none,True,0.34494370222091675,0.08955242484807968,3.907003879547119,71.0,0.000924479216337204,8.992033958435059,0.0,0.0,0.21480870246887207,0.21480870246887207,8.992033958435059,0,25,0.0,1,0.0,0.0,0.0,0
42,tum_fr1_desk,25,train,3889,3889,geometry_stratified,flat,1,6.616294952701138,6.616382543868589,8.759116745071793e-05,0.19551607102267515,0.19552757473427743,1.1503711602273148e-05,0.4085952937602997,0.40858888626098633,6.407499313354492e-06,0.2751483768224716,0.2751433774828911,4.999339580535889e-06,1.397162487236329e-05,53.7861740012886,2.59762385627737e-07,1.6285071224552882e-06,1.1912911509937446e-07,9.294841422288403e-08,0.04412055558459427,4.9645701567826386e-05,0.004629552364349365,0.0055319011211394375,0.016175766542657427,0.0003007420929822949,0.9757093191146851,1867.6456298828125,0.5214273929595947,83,False,none,True,0.7775962948799133,0.4961429536342621,13.646445274353027,83.0,0.0010807291837409139,10.713688850402832,0.0,0.0,0.07288730144500732,0.07288730144500732,10.713688850402832,0,25,0.0,1,0.0,0.0,0.0,0
42,tum_fr1_desk,25,train,2095,2095,geometry_stratified,flat,1,6.616294952701138,6.61629643728248,1.4845813414154918e-06,0.19551607102267515,0.19551014711099302,-5.9239116821374616e-06,0.4085952937602997,0.4085935652256012,1.7285346984863281e-06,0.2751483768224716,0.2751478061079979,5.707144737354675e-07,1.4261974751183486e-06,79.34147500054678,1.7975434350174607e-08,1.8711289919997842e-08,2.178601668893118e-08,7.193141717261172e-09,0.1749013246939235,0.001427980690619779,0.0005865395069122314,0.00028777658008040385,0.005605310485167479,7.064792386489979e-05,0.5166038274765015,1010.8252563476562,0.510071337223053,51,False,none,True,0.06268633902072906,0.36037322878837585,2.1303892135620117,51.0,0.0006640625069849193,5.035671710968018,0.0,0.0,0.4996452331542969,0.4996452331542969,5.035671710968018,0,25,0.0,1,0.0,0.0,0.0,0
42,tum_fr1_desk,25,train,1435,1435,geometry_stratified,flat,1,6.616294952701138,6.61646093203839,0.00016597933725126524,0.19551607102267515,0.19554512482506098,2.9053802385825556e-05,0.4085952937602997,0.4085955023765564,-2.086162567138672e-07,0.2751483768224716,0.27514260858297346,5.768239498160632e-06,1.7407342562971534e-05,61.9284409985994,2.810880151716596e-07,2.6801794874025507e-06,-3.3686663728315934e-09,9.314362520915211e-08,0.21570512758455784,-0.0007082212079930483,-0.0014694109559059143,0.004941643029451354,0.014085294023253285,0.0002274446731764464,0.7834133505821228,1519.93798828125,0.5144245028495789,60,False,none,True,0.39688512682914734,0.09270572662353516,3.5310592651367188,60.0,0.0007812500116415322,7.212265491485596,0.0,0.0,0.2571982145309448,0.2571982145309448,7.212265491485596,0,25,0.0,1,0.0,0.0,0.0,0
42,tum_fr1_desk,25,train,3400,3400,geometry_stratified,flat,1,6.616294952701138,6.616624542208644,0.00032958950750572313,0.19551607102267515,0.19558390294708664,6.783192441148223e-05,0.4085952937602997,0.4085945188999176,7.748603820800781e-07,0.2751483768224716,0.27513656616210935,1.1810660362265857e-05,3.543929053220014e-05,48.40085600153543,7.322037967897901e-07,6.809580134187451e-06,1.6009228887511763e-08,2.440175926204938e-07,0.19696453297975935,0.00021648327657554757,-0.0034121274948120117,0.004243171215057351,0.01589800561563945,0.0003284653811729097,0.8565769195556641,1670.7244873046875,0.5116978883743286,50,False,none,True,0.37371981143951416,0.5133956074714661,5.188692092895508,50.0,0.0006510416860692203,5.848948001861572,0.0,0.0,0.13203203678131104,0.13203203678131104,5.848948001861572,0,25,0.0,1,0.0,0.0,0.0,0
42,tum_fr1_desk,25,train,1148,1148,geometry_stratified,general_visible,1,6.616294952701138,6.616729362852901,0.0004344101517625987,0.19551607102267515,0.1955763769719269,6.030594925174326e-05,0.4085952937602997,0.40859338641166687,1.9073486328125e-06,0.2751483768224716,0.27513254433870316,1.5832483768463135e-05,4.736074997643099e-05,55.829393000749405,8.483121064166909e-07,7.781029461609363e-06,3.4163879101943617e-08,2.8358688707668046e-07,0.25552145692513406,0.0,-0.0001397058367729187,0.004897448420524586,0.018495297420025397,0.0003312824379046559,0.7963983416557312,1505.80224609375,0.5278863310813904,91,False,none,True,0.30803248286247253,0.027957871556282043,4.68476676940918,91.0,0.0011848958674818277,13.943157196044922,0.0,0.0,0.237648606300354,0.237648606300354,13.943157196044922,0,25,0.0,1,0.0,0.0,0.0,0
42,tum_fr1_desk,35,train,196,196,geometry_stratified,edge,1,7.3152445289533,7.315283939212474,3.9410259174310625e-05,0.27446539339445114,0.2744690126409856,3.6192465344697666e-06,0.5423561930656433,0.5423509478569031,5.245208740234375e-06,0.2925962209701538,0.29259346872568126,2.752244472548071e-06,6.672535958462923e-06,66.93446799908997,9.968759232617852e-08,5.887887115924554e-07,7.836334398453257e-08,4.1118493278911095e-08,0.010930628016927013,-0.0005370866324377055,0.004083752632141113,0.0021962761878967507,0.0036370556072048755,5.433755904737039e-05,1.0,1955.4512939453125,0.5103908777236938,40,False,none,True,0.7442829608917236,1.693906545639038,12.667482376098633,40.0,0.0005208333604969084,5.195446014404297,0.0,0.0,0.02161574363708496,0.02161574363708496,5.195446014404297,0,35,0.0,1,0.0,0.0,0.0,0
42,tum_fr1_desk,35,train,2791,2791,geometry_stratified,edge,1,7.3152445289533,7.3152947509390085,5.0221985708809314e-05,0.27446539339445114,0.2744726032368815,7.209842430355717e-06,0.5423561930656433,0.5423567891120911,-5.960464477539062e-07,0.2925962209701538,0.2925948977470398,1.323223114024774e-06,4.476072661491021e-06,73.00690000556642,6.131026877116741e-08,6.879073855345197e-07,-8.164248142414767e-09,1.812463087631285e-08,0.19071620580363735,0.024600246517275104,0.0,0.0010084744542837136,0.009053789691183464,0.00012401279455083228,0.44786643981933594,874.2587890625,0.5112813115119934,61,False,none,True,0.1812320053577423,0.0,1.022265911102295,61.0,0.0007942708325572312,5.640647888183594,0.0,0.0,0.4762580394744873,0.4762580394744873,5.640647888183594,0,35,0.0,1,0.0,0.0,0.0,0
42,tum_fr1_desk,35,train,621,621,geometry_stratified,edge,1,7.3152445289533,7.3152515041943635,6.975241063855719e-06,0.27446539339445114,0.27446597098769987,5.775932487295243e-07,0.5423561930656433,0.5423608422279358,-4.649162292480469e-06,0.2925962209701538,0.29259740710258486,-1.186132431052478e-06,-1.904182149283511e-06,58.022042001539376,-3.2818254642485546e-08,1.2021709032010043e-07,-8.012751933751526e-08,-2.0442790190338506e-08,0.008649326452043304,0.00047139768998588627,-0.0029053688049316406,-0.0005471184849737964,0.000540113504962652,9.308764158081896e-06,0.9795691967010498,1908.61669921875,0.5122351050376892,49,False,none,True,0.47560471296310425,1.2172120809555054,10.355907440185547,49.0,0.0006380208651535213,6.117559432983398,0.0,0.0,0.1404886245727539,0.1404886245727539,6.117559432983398,0,35,0.0,1,0.0,0.0,0.0,0
42,tum_fr1_desk,35,train,205,205,geometry_stratified,edge,1,7.3152445289533,7.315139204175001,-0.00010532477829894304,0.27446539339445114,0.27444615103096126,-1.9242363489879732e-05,0.5423561930656433,0.5423552989959717,8.940696716308594e-07,0.2925962209701538,0.2925991028547287,-2.8818845748679323e-06,-9.584041737740298e-06,65.86150000657653,-1.4551812116006004e-07,-1.5991858413249918e-06,1.3574997100606317e-08,-4.375674065395056e-08,-0.23424336241640908,0.004501690725774887,0.003907918930053711,-0.000641613081097614,-0.011315447788401508,-0.00017180671237781731,0.8386704325675964,1612.8382568359375,0.5189965963363647,66,False,none,True,0.20063401758670807,0.011120352894067764,2.0113048553466797,66.0,0.0008593749953433871,9.498291969299316,0.0,0.0,0.2176966667175293,0.2176966667175293,9.498291969299316,0,35,0.0,1,0.0,0.0,0.0,0
42,tum_fr1_desk,35,train,728,728,geometry_stratified,edge,1,7.3152445289533,7.315708755683497,0.00046422673019730354,0.27446539339445114,0.27455652689330823,9.113349885708777e-05,0.5423561930656433,0.5423188209533691,3.737211227416992e-05,0.2925962209701538,0.2925711259245872,2.5095045566581042e-05,6.509421124513682e-05,91.79586100071901,7.091192406227003e-07,5.057164071849246e-06,4.071219755090831e-07,2.73378835309192e-07,0.08775155238938659,-0.0021218848761573317,0.0065119266510009766,0.005072401463985465,0.010992527659247603,0.00011974970918527036,0.9115890264511108,1653.2119140625,0.5504047870635986,283,False,none,True,0.38421204686164856,0.9596171975135803,33.867713928222656,404.0,0.0052604167722165585,25.202394485473633,0.0,0.0,0.1736006736755371,0.1736006736755371,25.202394485473633,0,35,0.0,1,0.0,0.0,0.0,0
42,tum_fr1_desk,35,train,626,626,geometry_stratified,edge,1,7.3152445289533,7.315245575238745,1.0462854449500014e-06,0.27446539339445114,0.27446566517300935,2.7177855821403085e-07,0.5423561930656433,0.5423545837402344,1.6093254089355469e-06,0.2925962209701538,0.2925957068800926,5.140900611877441e-07,9.903051692098605e-07,67.06336799834389,1.4766707947538748e-08,1.5601444964348332e-08,2.399708599447747e-08,7.665735803791415e-09,0.001631247765033983,0.00015574082818109458,-0.0004489421844482422,-5.672276020041167e-05,0.00015300665860903904,2.2815236272180288e-06,1.0,1952.8614501953125,0.5110690593719482,59,False,none,True,0.5324883460998535,0.7129143476486206,6.892731666564941,59.0,0.0007682291907258332,5.53454065322876,0.0,0.0,0.06478732824325562,0.06478732824325562,5.53454065322876,0,35,0.0,1,0.0,0.0,0.0,0
42,tum_fr1_desk,35,train,2982,2982,geometry_stratified,texture,1,7.3152445289533,7.316229892737631,0.000985363784331561,0.27446539339445114,0.2746305803226393,0.00016518692818817682,0.5423561930656433,0.5423544049263,1.7881393432617188e-06,0.2925962209701538,0.29256621748209,3.0003488063812256e-05,9.527912814362366e-05,94.29281499615172,1.0104601092619008e-06,1.0450041017141928e-05,1.8963686080797314e-08,3.1819484936404495e-07,0.25092349335496866,0.00754170020467404,0.0003658682107925415,0.01231520920991902,0.03504335944298388,0.00037164400537213863,0.5819069743156433,1132.11572265625,0.5129995346069336,74,False,none,True,0.5471386313438416,0.24148008227348328,5.12584114074707,74.0,0.000963541679084301,6.4997711181640625,0.0,0.0,0.4696144461631775,0.4696144461631775,6.4997711181640625,0,35,0.0,1,0.0,0.0,0.0,0
42,tum_fr1_desk,35,train,3170,3170,geometry_stratified,texture,1,7.3152445289533,7.315426237638371,0.00018170868507105808,0.27446539339445114,0.27448500890710176,1.9615512650617006e-05,0.5423561930656433,0.5423482060432434,7.987022399902344e-06,0.2925962209701538,0.29258839040994644,7.830560207366943e-06,2.1805767369983334e-05,45.365379002760164,4.806697937794503e-07,4.005448407253523e-06,1.7605986272960245e-07,1.726109288515039e-07,0.08291474801612386,0.00068135195520308,0.009887993335723877,0.010773527622222945,0.03224228051830468,0.0007107243723532645,1.0,1943.114013671875,0.5136378407478333,46,False,none,True,0.7752201557159424,0.4350116550922394,8.252459526062012,46.0,0.0005989583441987634,6.818908214569092,0.0,0.0,0.021749138832092285,0.021749138832092285,6.818908214569092,0,35,0.0,1,0.0,0.0,0.0,0
42,tum_fr1_desk,35,train,1133,1133,geometry_stratified,texture,1,7.3152445289533,7.31525289924392,8.370290620618448e-06,0.27446539339445114,0.2744668595555995,1.4661611483779424e-06,0.5423561930656433,0.542354941368103,1.2516975402832031e-06,0.2925962209701538,0.29259559512138367,6.258487701416016e-07,1.493324479036854e-06,69.96432100277161,2.134408592313354e-08,1.1963655904395703e-07,1.789051222599041e-08,8.945256112995205e-09,0.0020166312461746827,0.0,0.0006130486726760864,0.0002163179218769018,0.0013617560706960415,1.9463578738112758e-05,0.7919167280197144,1554.6246337890625,0.5083941221237183,42,False,none,True,0.2737378180027008,0.15114787220954895,1.7832673788070679,42.0,0.0005468750023283064,4.197052001953125,0.0,0.0,0.24868643283843994,0.24868643283843994,4.197052001953125,0,35,0.0,1,0.0,0.0,0.0,0
42,tum_fr1_desk,35,train,1035,1035,geometry_stratified,texture,1,7.3152445289533,7.3152445289533,0.0,0.27446539339445114,0.2744651693465562,-2.2404789495888977e-07,0.5423561930656433,0.5423552989959717,8.940696716308594e-07,0.2925962209701538,0.2925959527492523,2.682209014892578e-07,4.945475038703837e-07,73.58084199950099,6.7211449397893215e-09,0.0,1.2150848608621831e-08,3.6452545825865492e-09,0.008133369651634581,0.0010955321205362023,0.0006489753723144531,0.00022982750087974235,0.000548513309651366,7.454566905541607e-06,0.5606606006622314,1084.8687744140625,0.5158003568649292,72,False,none,True,0.12111376225948334,1.0451122522354126,9.21339225769043,72.0,0.000937500037252903,7.900177001953125,0.0,0.0,0.5501048564910889,0.5501048564910889,7.900177001953125,0,35,0.0,1,0.0,0.0,0.0,0
42,tum_fr1_desk,35,train,2145,2145,geometry_stratified,texture,1,7.3152445289533,7.315214186785035,-3.0342168265029557e-05,0.27446539339445114,0.27446088973112104,-4.503663330102103e-06,0.5423561930656433,0.5423557162284851,4.76837158203125e-07,0.2925962209701538,0.292596985399723,-7.644295691999758e-07,-2.639701044947318e-06,68.25383699469967,-3.867476410377203e-08,-4.4454890158608685e-07,6.9862322647172836e-09,-1.1199803598724252e-08,0.0058055614130836375,0.0,0.0003489479422569275,0.00025186315178871155,0.001615814126454357,2.3673601332916053e-05,0.6141595840454102,1172.9609375,0.52259761095047,90,False,none,True,0.2812018096446991,0.09426568448543549,4.242336750030518,90.0,0.0011718750465661287,11.298812866210938,0.0,0.0,0.3907436728477478,0.3907436728477478,11.298812866210938,0,35,0.0,1,0.0,0.0,0.0,0
42,tum_fr1_desk,35,train,3570,3570,geometry_stratified,texture,1,7.3152445289533,7.3152110479521415,-3.348100115818653e-05,0.27446539339445114,0.27446808354078095,2.690146329809018e-06,0.5423561930656433,0.5423545241355896,1.6689300537109375e-06,0.2925962209701538,0.2925967216491699,-5.006790160799746e-07,-2.280661116700421e-06,106.0234059987124,-2.151092105764003e-08,-3.157887717603898e-07,1.57411473248766e-08,-4.7223441971488356e-09,0.0781016358242752,-0.0022006168693705502,0.00032229721546173096,0.0004652241244912231,0.0042340547125026915,3.9935094261677575e-05,0.5536818504333496,1075.4139404296875,0.5138545632362366,86,False,none,True,0.15659315884113312,0.14901284873485565,2.1170196533203125,86.0,0.0011197916464880109,6.927283763885498,0.0,0.0,0.45621490478515625,0.45621490478515625,6.927283763885498,0,35,0.0,1,0.0,0.0,0.0,0
42,tum_fr1_desk,35,train,4581,4581,geometry_stratified,depth_discontinuity,1,7.3152445289533,7.315288124393746,4.3595440446075884e-05,0.27446539339445114,0.2744690170217571,3.623627305937571e-06,0.5423561930656433,0.5423561930656433,0.0,0.2925962209701538,0.29259491711854935,1.30385160446167e-06,4.171673030405124e-06,42.72814399882918,9.76329098338424e-08,1.0202980135825807e-06,0.0,3.051505360254818e-08,0.01912198533141618,0.006049610145620304,0.0,0.0016703486442565807,0.0050494930711589585,0.00011817721526348822,0.7471213340759277,1438.6983642578125,0.518303632736206,52,False,none,True,0.7267725467681885,0.0,6.651279926300049,53.0,0.0006901042070239782,9.151803970336914,0.0,0.0,0.2524150609970093,0.2524150609970093,9.151803970336914,0,35,0.0,1,0.0,0.0,0.0,0
42,tum_fr1_desk,35,train,46,46,geometry_stratified,depth_discontinuity,1,7.3152445289533,7.315356134154695,0.00011160520139519292,0.27446539339445114,0.27447509115685553,9.697762404392574e-06,0.5423561930656433,0.542356550693512,-3.5762786865234375e-07,0.2925962209701538,0.29259299039840697,3.230571746837274e-06,1.0481747575813184e-05,51.9272559977253,2.018544476194225e-07,2.149260523222753e-06,-6.887093526914071e-09,6.221341152667091e-08,0.013848487613310922,0.0016948826043662046,0.0,0.0012792348861694336,0.0040211552474685806,7.743823874777303e-05,0.8579502105712891,1562.00244140625,0.5482630133628845,173,False,none,True,0.7505923509597778,0.0,18.11292266845703,245.0,0.0031901041511446238,24.13150405883789,0.0,0.0,0.16095387935638428,0.16095387935638428,24.13150405883789,0,35,0.0,1,0.0,0.0,0.0,0
42,tum_fr1_desk,35,train,2381,2381,geometry_stratified,depth_discontinuity,1,7.3152445289533,7.315227090899654,-1.7438053645513207e-05,0.27446539339445114,0.2744647546142637,-6.387801874674359e-07,0.5423561930656433,0.5423546433448792,1.5497207641601562e-06,0.2925962209701538,0.2925962775945663,-5.662441249221217e-08,-8.114418135406702e-07,64.94305899832398,-1.249466572804357e-08,-2.6851296989202864e-07,2.3862762057453295e-08,-8.719086129539034e-10,0.023793877505355,-9.25180854772778e-05,0.0,5.674443673342423e-06,0.0005888185897699539,9.066690095167057e-06,0.4775530695915222,940.4227905273438,0.5068067312240601,39,False,none,True,0.034226056188344955,0.0,0.1164834052324295,39.0,0.0005078125395812094,3.4033546447753906,0.0,0.0,0.484869122505188,0.484869122505188,3.4033546447753906,0,35,0.0,1,0.0,0.0,0.0,0
42,tum_fr1_desk,35,train,1803,1803,geometry_stratified,depth_discontinuity,1,7.3152445289533,7.315292309579052,4.7780625751947525e-05,0.27446539339445114,0.2744671135783634,1.720183912257145e-06,0.5423561930656433,0.5423562526702881,-5.960464477539063e-08,0.2925962209701538,0.2925948098301887,1.411139965101782e-06,4.539186010821533e-06,65.35992499993881,6.944907006588186e-08,7.310385645637179e-07,-9.119448159624789e-10,2.1590293518591142e-08,0.21292837929254738,0.0,0.0,0.0015959378331899601,0.011275184582964696,0.0001725091420006258,0.603766143321991,1187.5672607421875,0.5074058175086975,40,False,none,True,0.1719995141029358,0.0,0.6368977427482605,40.0,0.0005208333604969084,3.702904462814331,0.0,0.0,0.3365097641944885,0.3365097641944885,3.702904462814331,0,35,0.0,1,0.0,0.0,0.0,0
42,tum_fr1_desk,35,train,3076,3076,geometry_stratified,depth_discontinuity,1,7.3152445289533,7.315259874498428,1.5345545127942728e-05,0.27446539339445114,0.2744735508303456,8.15743589444029e-06,0.5423561930656433,0.5423555374145508,6.556510925292969e-07,0.2925962209701538,0.2925955653190613,6.556510925292969e-07,1.8310923003790677e-06,83.46235499629984,2.193914011245245e-08,1.838618755560282e-07,7.855650521224378e-09,7.855650521224378e-09,0.10076928951848885,0.0078901799489981,0.0002320408821105957,0.00030227936804294586,0.0041702285771740705,4.9965383523613137e-05,0.5080932974815369,1010.5169067382812,0.501805305480957,13,True,min_influence_pixels,True,0.11767581850290298,0.029367277398705482,0.1327308714389801,13.0,0.00016927083197515458,0.902666449546814,0.0,0.0,0.4653701186180115,0.4653701186180115,0.902666449546814,0,35,0.0,1,0.0,0.0,0.0,0
42,tum_fr1_desk,35,train,5598,5598,geometry_stratified,depth_discontinuity,1,7.3152445289533,7.3158538585143695,0.000609329561069849,0.27446539339445114,0.27454625879923444,8.086540478330351e-05,0.5423561930656433,0.5423591732978821,-2.9802322387695312e-06,0.2925962209701538,0.2925788924098015,1.7328560352303235e-05,5.665860811193067e-05,42.15366399876075,1.3440968764564888e-06,1.4454960809284867e-05,-7.06992454761974e-08,4.1108076282082306e-07,2.057393965612148,0.05629465438836974,0.0,0.023027834296226506,0.13592181750706542,0.0032244366115140384,0.43484991788864136,864.2747192382812,0.5021384954452515,13,True,min_influence_pixels,True,0.24512773752212524,0.0,0.262101948261261,13.0,0.00016927083197515458,1.0692464113235474,0.0,0.0,0.4799033999443054,0.4799033999443054,1.0692464113235474,0,35,0.0,1,0.0,0.0,0.0,0
42,tum_fr1_desk,35,train,483,483,geometry_stratified,flat,1,7.3152445289533,7.315245226476902,6.975236024331366e-07,0.27446539339445114,0.27446548818938044,9.479492929509448e-08,0.5423561930656433,0.542354941368103,1.2516975402832031e-06,0.2925962209701538,0.29259582459926603,3.963708877785521e-07,7.591129442792841e-07,73.69085300160805,1.0301318458923512e-08,9.465538449092394e-09,1.698579252781738e-08,5.378834300776823e-09,-0.0005622058362964033,-0.00038611744167872664,0.0009500980377197266,0.0002298712730408603,3.825732775733102e-06,5.1915978983845106e-08,1.0,1901.9036865234375,0.5247889757156372,76,False,none,True,0.7813649773597717,1.5182017087936401,28.501924514770508,76.0,0.000989583320915699,12.394475936889648,0.0,0.0,0.031971752643585205,0.031971752643585205,12.394475936889648,0,35,0.0,1,0.0,0.0,0.0,0
42,tum_fr1_desk,35,train,395,395,geometry_stratified,flat,1,7.3152445289533,7.3158674621533235,0.000622933200023823,0.27446539339445114,0.2745188131100075,5.34197155563354e-05,0.5423561930656433,0.5423784852027893,-2.2292137145996094e-05,0.2925962209701538,0.2925842791795731,1.1941790580727307e-05,4.727812214516339e-05,74.71329299733043,6.327939814786732e-07,8.337648831059835e-06,-2.9836908870811803e-07,1.5983488481967993e-07,0.06714613065011754,0.0,-0.001863241195678711,0.0012763082981109841,0.005882434844585164,7.873344365634303e-05,1.0,1898.8707275390625,0.5256287455558777,107,False,none,True,0.39548540115356445,2.2997541427612305,34.5378303527832,107.0,0.0013932292349636555,12.814382553100586,0.0,0.0,0.10653024911880493,0.10653024911880493,12.814382553100586,0,35,0.0,1,0.0,0.0,0.0,0
42,tum_fr1_desk,35,train,2748,2748,geometry_stratified,flat,1,7.3152445289533,7.315801537223195,0.0005570082698955758,0.27446539339445114,0.27456689098860626,0.00010149759415511994,0.5423561930656433,0.5423597097396851,-3.516674041748047e-06,0.2925962209701538,0.2925806179642677,1.5603005886100085e-05,5.135522485226819e-05,99.90254500007723,5.140532190869461e-07,5.5755163183795296e-06,-3.520104559643929e-08,1.561822662884917e-07,0.6907921075507666,0.03625335874505653,-0.0006628334522247314,0.0017407583072781563,0.027544146414176407,0.00027571015747551893,0.6036425232887268,1189.3013916015625,0.5065605640411377,41,False,none,True,0.12185430526733398,0.40544968843460083,1.7297025918960571,41.0,0.0005338541814126074,3.280275821685791,0.0,0.0,0.3846703767776489,0.3846703767776489,3.280275821685791,0,35,0.0,1,0.0,0.0,0.0,0
42,tum_fr1_desk,35,train,4853,4853,geometry_stratified,flat,1,7.3152445289533,7.315267547291324,2.3018338024094476e-05,0.27446539339445114,0.2744698477488052,4.454354354033185e-06,0.5423561930656433,0.5423769354820251,-2.0742416381835938e-05,0.2925962209701538,0.2926017552614212,-5.534291267372815e-06,-9.270863947883567e-06,47.268089998397045,-1.9613366963204902e-07,4.869741515867274e-07,-4.388249320533018e-07,-1.1708303143961379e-07,0.017140947458278433,0.0006011501728297071,-0.048422813415527344,-0.014336695522069925,-0.027030237153236478,-0.000571849574504769,0.13225430250167847,263.6901550292969,0.5005518794059753,4,True,min_influence_pixels,True,0.25435248017311096,0.5167481303215027,0.21278785169124603,4.0,5.208333459449932e-05,0.27595341205596924,0.0,0.0,0.7940472960472107,0.7940472960472107,0.27595341205596924,0,35,0.0,1,0.0,0.0,0.0,0
42,tum_fr1_desk,35,train,3670,3670,geometry_stratified,flat,1,7.3152445289533,7.3152574331580755,1.2904204775843198e-05,0.27446539339445114,0.27446696902149204,1.575627040895089e-06,0.5423561930656433,0.542354166507721,2.0265579223632812e-06,0.2925962209701538,0.29259522706270213,9.939074516740476e-07,2.3557851959796984e-06,45.809114002622664,5.142612441368818e-08,2.816951398602559e-07,4.4239186163855006e-08,2.1696718509271855e-08,0.00029304416106512576,0.0016873359543600197,0.0012214183807373047,0.00036846473813056946,0.0008804331542383151,1.9219606696342314e-05,0.9161849617958069,1777.8663330078125,0.5143283605575562,49,False,none,True,0.17945002019405365,0.4321574866771698,4.381668567657471,49.0,0.0006380208651535213,7.164184093475342,0.0,0.0,0.09146559238433838,0.09146559238433838,7.164184093475342,0,35,0.0,1,0.0,0.0,0.0,0
42,tum_fr1_desk,35,train,5820,5820,geometry_stratified,flat,1,7.3152445289533,7.315514478955313,0.00026995000201335273,0.27446539339445114,0.2744640178353906,-1.3755590605457613e-06,0.5423561930656433,0.5423332452774048,2.294778823852539e-05,0.2925962209701538,0.2925812631845474,1.495778560639538e-05,3.8525058498290746e-05,90.10703300009482,4.275477420086644e-07,2.9958815979776925e-06,2.546725541223985e-07,1.6600020118717747e-07,0.49823892366632805,0.019432049929717365,-0.001009613275527954,0.009034659713506699,0.037127951933245085,0.00041204277509843227,0.8564993143081665,1560.5423583984375,0.5478471517562866,107,False,none,True,0.37675386667251587,0.218891441822052,14.249958038330078,107.0,0.0013932292349636555,23.92356300354004,0.0,0.0,0.2824123501777649,0.2824123501777649,23.92356300354004,0,35,0.0,1,0.0,0.0,0.0,0
42,tum_fr1_desk,35,train,6109,6109,geometry_stratified,general_visible,1,7.3152445289533,7.315225695858388,-1.8833094912018566e-05,0.27446539339445114,0.27446515784125625,-2.3555319489387827e-07,0.5423561930656433,0.5423399806022644,1.621246337890625e-05,0.2925962209701538,0.29259192049503324,4.300475120566638e-06,7.165644940457336e-06,46.263177995570004,1.5488873118797615e-07,-4.070860612693308e-07,3.504398980212448e-07,9.295675971457118e-08,-0.20487006669707597,-0.034043503602925795,0.003612339496612549,0.0007630175910890019,-0.0035207302782819536,-7.610221413278366e-05,0.7781328558921814,1421.06201171875,0.5465713143348694,105,False,none,True,0.08050692826509476,0.28365764021873474,8.479815483093262,105.0,0.0013671874767169356,23.285669326782227,0.0,0.0,0.3861280679702759,0.3861280679702759,23.285669326782227,0,35,0.0,1,0.0,0.0,0.0,0
42,tum_fr1_desk,45,validation,1936,1936,geometry_stratified,edge,1,5.494042234604497,5.4942788811543135,0.00023664654981647715,0.0,0.0,0.0,0.5091053247451782,0.5091044902801514,8.344650268554688e-07,0.35028923153877256,0.3502782166004181,1.1014938354481085e-05,3.064303699884481e-05,70.37095000123372,4.354500969264673e-07,3.3628443244311513e-06,1.1858089550316419e-08,1.5652678206401895e-07,0.11675002994816719,-0.003545642434904822,0.0003161430358886719,0.008441975712776106,0.023719262560364336,0.0003370604284857387,0.8323954343795776,1619.751708984375,0.512903094291687,60,False,none,True,0.6713146567344666,0.2141881138086319,5.7128705978393555,60.0,0.0007812500116415322,6.451556205749512,0.0,0.0,0.30714190006256104,0.30714190006256104,6.451556205749512,0,45,0.0,1,0.0,0.0,0.0,0
42,tum_fr1_desk,45,validation,357,357,geometry_stratified,edge,1,5.494042234604497,5.494078005930101,3.577132560383944e-05,0.0,0.0,0.0,0.5091053247451782,0.5091060996055603,-7.748603820800781e-07,0.35028923153877256,0.3502878367900848,1.394748687766345e-06,4.101049928153351e-06,58.56071499874815,7.003073525043228e-08,6.108416812295431e-07,-1.3231743876362204e-08,2.3817138977831135e-08,0.06883611737114492,-0.004930804083679519,0.0011170431971549988,0.001856864243745801,0.00987546917407253,0.00016863641733683813,0.9690126180648804,1901.3055419921875,0.50865638256073,39,False,none,True,0.3645091950893402,0.04393041133880615,1.7678077220916748,39.0,0.0005078125395812094,4.328198432922363,0.0,0.0,0.08516913652420044,0.08516913652420044,4.328198432922363,0,45,0.0,1,0.0,0.0,0.0,0
42,tum_fr1_desk,45,validation,1641,1641,geometry_stratified,edge,1,5.494042234604497,5.494191742358947,0.00014950775444955156,0.0,0.0,0.0,0.5091053247451782,0.5091060996055603,-7.748603820800781e-07,0.35028923153877256,0.35028266310691836,6.568431854203638e-06,1.8592292767630686e-05,66.62705200142227,2.790502087235347e-07,2.243949716495937e-06,-1.1629816400454539e-08,9.858505902472502e-08,0.11650777476281515,0.004226020083589185,-0.00010919570922851562,0.0032249093055725098,0.010751231394881912,0.0001613643568479123,0.8457173705101013,1650.753173828125,0.5113220810890198,58,False,none,True,0.4095260798931122,0.5229979753494263,5.279053688049316,58.0,0.0007552083698101342,5.661037445068359,0.0,0.0,0.25097811222076416,0.25097811222076416,5.661037445068359,0,45,0.0,1,0.0,0.0,0.0,0
42,tum_fr1_desk,45,validation,2391,2391,geometry_stratified,edge,1,5.494042234604497,5.494191283738333,0.00014904913383606555,0.0,0.0,0.0,0.5091053247451782,0.5091052055358887,1.1920928955078125e-07,0.35028923153877256,0.3502824157476425,6.8157911300437135e-06,1.90607071413853e-05,93.08543400402414,2.047657331711135e-07,1.6012079164783404e-06,1.2806438604092212e-09,7.322081271865868e-08,0.03932522619257561,-0.0009376421507569371,0.00024628639221191406,0.003938335180282526,0.013164662496472851,0.00014142559077399516,0.5044245719909668,989.1649169921875,0.508949875831604,50,False,none,True,0.7816219329833984,0.009997112676501274,3.542442798614502,50.0,0.0006510416860692203,4.474933624267578,0.0,0.0,0.4828779697418213,0.4828779697418213,4.474933624267578,0,45,0.0,1,0.0,0.0,0.0,0
42,tum_fr1_desk,45,validation,783,783,geometry_stratified,edge,1,5.494042234604497,5.494064706300277,2.2471695779735512e-05,0.0,0.0,0.0,0.5091053247451782,0.509109377861023,-4.0531158447265625e-06,0.35028923153877256,0.3502894252538681,-1.9371509552001953e-07,4.747598074511451e-07,62.085062003461644,7.646924914477401e-09,3.6195012221269214e-07,-6.528326966155845e-08,-3.1201562705891902e-09,0.013374005535411015,0.0019968771915703995,0.002646207809448242,0.0014405518770218007,0.0033923517446819533,5.464038587080428e-05,1.0,1927.16748046875,0.5178962349891663,61,False,none,True,0.5478003025054932,0.25571468472480774,7.189947605133057,61.0,0.0007942708325572312,8.948119163513184,0.0,0.0,0.004364013671875,0.004364013671875,8.948119163513184,0,45,0.0,1,0.0,0.0,0.0,0
42,tum_fr1_desk,45,validation,6931,6931,geometry_stratified,edge,1,5.494042234604497,5.494223387298243,0.00018115269374607834,0.0,0.0,0.0,0.5091053247451782,0.5090993642807007,5.9604644775390625e-06,0.35028923153877256,0.3502792030572891,1.0028481483459473e-05,2.6593116312364556e-05,42.91692100377986,6.196417564536467e-07,4.221008625714867e-06,1.3888378611816306e-07,2.3367197014380936e-07,0.39455454294584946,0.03708140772304033,0.009985420852899551,0.0079276692122221,0.09029817064803301,0.0021040225751535182,0.8171212077140808,1602.96484375,0.5087561011314392,38,False,none,True,0.2719182074069977,0.01246335543692112,1.2450371980667114,38.0,0.0004947916604578495,4.3780517578125,0.0,0.0,0.3933756351470947,0.3933756351470947,4.3780517578125,0,45,0.0,1,0.0,0.0,0.0,0
42,tum_fr1_desk,45,validation,2797,2797,geometry_stratified,texture,1,5.494042234604497,5.4941536770128305,0.00011144240833349528,0.0,0.0,0.0,0.5091053247451782,0.5090972185134888,8.106231689453125e-06,0.35028923153877256,0.3502817302942276,7.501244544960706e-06,1.8975711253468872e-05,69.61169099668041,2.725937408182452e-07,1.6009151155200305e-06,1.1644928565001659e-07,1.077584014633177e-07,0.007705952631469781,0.0,0.00014907121658325195,0.0006725728511810525,0.002032043558516234,2.9191124786972014e-05,0.7099290490150452,1371.1925048828125,0.5167456865310669,94,False,none,True,0.6716042757034302,0.21200606226921082,7.398337364196777,94.0,0.0012239583302289248,8.37285041809082,0.0,0.0,0.30830657482147217,0.30830657482147217,8.37285041809082,0,45,0.0,1,0.0,0.0,0.0,0
42,tum_fr1_desk,45,validation,3818,3818,geometry_stratified,texture,1,5.494042234604497,5.494050030893942,7.796289445138882e-06,0.0,0.0,0.0,0.5091053247451782,0.5091062188148499,-8.940696716308594e-07,0.35028923153877256,0.3502891451120377,8.642673487990749e-08,4.664834597213169e-07,46.80361499777064,9.9668254202915e-09,1.6657451450086147e-07,-1.9102577261894107e-08,1.8465824677009283e-09,0.19638499229949602,0.004613863164832144,0.005138605833053589,0.0018859433010220417,0.01047574125663764,0.0002238233362345328,0.8664616346359253,1696.8133544921875,0.5096404552459717,37,False,none,True,0.09284200519323349,0.45045235753059387,2.6187992095947266,37.0,0.0004817708395421505,4.820221424102783,0.0,0.0,0.09083878993988037,0.09083878993988037,4.820221424102783,0,45,0.0,1,0.0,0.0,0.0,0
42,tum_fr1_desk,45,validation,2335,2335,geometry_stratified,texture,1,5.494042234604497,5.49414404607453,0.00010181147003329727,0.0,0.0,0.0,0.5091053247451782,0.5091028809547424,2.4437904357910156e-06,0.35028923153877256,0.3502838671207428,5.364418029785156e-06,1.4411924999250508e-05,65.20845599879976,2.2101313055956695e-07,1.5613231209641158e-06,3.747658794184601e-08,8.226568084795467e-08,0.08743852033460442,0.001486785612789511,0.00040715932846069336,0.0018130451440811213,0.0069051721760905165,0.00010589381500180919,0.8700639605522156,1558.3494873046875,0.5573239922523499,181,False,none,True,0.2544417083263397,0.5410199761390686,22.799516677856445,181.0,0.0023567709140479565,28.6619930267334,0.0,0.0,0.14535218477249146,0.14535218477249146,28.6619930267334,0,45,0.0,1,0.0,0.0,0.0,0
42,tum_fr1_desk,45,validation,630,630,geometry_stratified,texture,1,5.494042234604497,5.494043610419265,1.375814767889949e-06,0.0,0.0,0.0,0.5091053247451782,0.5091070532798767,-1.7285346984863281e-06,0.35028923153877256,0.3502896875143051,-4.5597553255394274e-07,-8.432783810993123e-07,56.16220200317912,-1.5015051957036473e-08,2.449716568826966e-08,-3.077754498280681e-08,-8.118904107928884e-09,0.002206232642340211,0.0,0.00014881789684295654,7.43158161640306e-05,0.00039094207476240446,6.960946345021778e-06,1.0,1965.3365478515625,0.5078186988830566,36,False,none,True,0.25705966353416443,0.18034835159778595,1.70997953414917,36.0,0.0004687500186264515,3.909346342086792,0.0,0.0,0.012994468212127686,0.012994468212127686,3.909346342086792,0,45,0.0,1,0.0,0.0,0.0,0
42,tum_fr1_desk,45,validation,6845,6845,geometry_stratified,texture,1,5.494042234604497,5.494333458448185,0.000291223843688293,0.0,0.0,0.0,0.5091053247451782,0.509077250957489,2.8073787689208984e-05,0.35028923153877256,0.3502675622701644,2.166926860813767e-05,5.364805972634478e-05,65.4772400012007,8.193390516362785e-07,4.4477110471203834e-06,4.2875643030607546e-07,3.3094352492164156e-07,0.2551259473373122,-0.029737603544457036,0.004183948040008545,0.00503077358007431,0.019406787238190542,0.000296389817863958,0.892407238483429,1601.7745361328125,0.5561365485191345,233,False,none,True,0.16499866545200348,0.6007763147354126,21.493986129760742,265.0,0.0034505208022892475,28.068281173706055,0.0,0.0,0.3412665128707886,0.3412665128707886,28.068281173706055,0,45,0.0,1,0.0,0.0,0.0,0
42,tum_fr1_desk,45,validation,6181,6181,geometry_stratified,texture,1,5.494042234604497,5.49412661871666,8.438411216271646e-05,0.0,0.0,0.0,0.5091053247451782,0.5090931057929993,1.2218952178955078e-05,0.35028923153877256,0.3502817273139953,7.504224777243884e-06,1.7951692456116408e-05,42.63404499943135,4.2106472553462483e-07,1.9792659168005747e-06,2.866008181751943e-07,1.7601484394323772e-07,0.5623123442120992,0.12201762781662133,-0.006946682929992676,0.0047558858990669195,0.028426475370214033,0.0006667552978046812,0.8931005001068115,1678.8148193359375,0.5309827327728271,72,False,none,True,0.2875048518180847,0.2705647945404053,8.645255088806152,72.0,0.000937500037252903,15.491355895996094,0.0,0.0,0.18859809637069702,0.18859809637069702,15.491355895996094,0,45,0.0,1,0.0,0.0,0.0,0
42,tum_fr1_desk,45,validation,131,131,geometry_stratified,depth_discontinuity,1,5.494042234604497,5.494124784262003,8.254965750609244e-05,0.0,0.0,0.0,0.5091053247451782,0.5091049671173096,3.5762786865234375e-07,0.35028923153877256,0.35028536915779107,3.862380981489721e-06,1.0728452176044364e-05,45.404905002214946,2.3628399124546143e-07,1.8180779698154969e-06,7.876414863876446e-09,8.506528053084367e-08,0.36777147442081315,0.0025712236191205995,0.0,0.0005836874246597287,0.012946752155550358,0.0002851399458917222,0.5001745820045471,953.413818359375,0.5236143469810486,87,False,none,True,0.060887400060892105,0.0,0.7189075946807861,87.0,0.0011328125838190317,11.807165145874023,0.0,0.0,0.3821474313735962,0.3821474313735962,11.807165145874023,0,45,0.0,1,0.0,0.0,0.0,0
42,tum_fr1_desk,45,validation,1238,1238,geometry_stratified,depth_discontinuity,1,5.494042234604497,5.494285760607359,0.00024352600286192683,0.0,0.0,0.0,0.5091053247451782,0.5091053247451782,0.0,0.35028923153877256,0.3502781540155411,1.1077523231484143e-05,3.1027828823310886e-05,63.146622000203934,4.913616570528615e-07,3.8565167090195315e-06,0.0,1.7542542863889645e-07,0.11820941344320524,0.0,0.0,0.004796285927295668,0.013950043607973313,0.00022091512049414553,0.6252825856208801,1199.5963134765625,0.5202441811561584,143,False,none,True,0.39022326469421387,0.0,3.9498748779296875,245.0,0.0031901041511446238,10.122089385986328,0.0,0.0,0.4249718189239502,0.4249718189239502,10.122089385986328,0,45,0.0,1,0.0,0.0,0.0,0
42,tum_fr1_desk,45,validation,2185,2185,geometry_stratified,depth_discontinuity,1,5.494042234604497,5.494043610419265,1.375814767889949e-06,0.0,0.0,0.0,0.5091053247451782,0.5091051459312439,1.7881393432617188e-07,0.35028923153877256,0.3502891153097153,1.162290572676028e-07,2.80663094331444e-07,57.081327999185305,4.916898470467432e-09,2.410271127380893e-08,3.1326169273553692e-09,2.0362010020029963e-09,-0.0028821307398505525,0.0015000747458498165,0.0,-6.901025772095004e-05,-0.00024358253480355233,-4.267289205447863e-06,0.3434518873691559,679.0272827148438,0.5047997832298279,25,False,none,True,0.34774050116539,0.0,0.8345438838005066,25.0,0.00032552084303461015,2.399904251098633,0.0,0.0,0.6529320478439331,0.6529320478439331,2.399904251098633,0,45,0.0,1,0.0,0.0,0.0,0
42,tum_fr1_desk,45,validation,117,117,geometry_stratified,depth_discontinuity,1,5.494042234604497,5.494065164907523,2.29303030261363e-05,0.0,0.0,0.0,0.5091053247451782,0.5091053247451782,0.0,0.35028923153877256,0.350288188457489,1.043081283569336e-06,2.9215669324848023e-06,60.643552998953965,4.817605150105892e-08,3.7811608806185585e-07,0.0,1.7200200713624546e-08,0.008831388859043443,0.0012445847244163567,0.0,0.0006677597761153842,0.0018831344018232052,3.105250778851442e-05,0.8033262491226196,1592.342529296875,0.5034933090209961,24,True,min_influence_pixels,True,0.6761898994445801,0.0,1.1810650825500488,25.0,0.00032552084303461015,1.7466471195220947,0.0,0.0,0.11941814422607422,0.11941814422607422,1.7466471195220947,0,45,0.0,1,0.0,0.0,0.0,0
42,tum_fr1_desk,45,validation,1790,1790,geometry_stratified,depth_discontinuity,1,5.494042234604497,5.494061954657811,1.972005331385418e-05,0.0,0.0,0.0,0.5091053247451782,0.5091052055358887,1.1920928955078125e-07,0.35028923153877256,0.3502882987260818,9.328126907570677e-07,2.5827929755024795e-06,52.88157999893883,4.884107047395914e-08,3.7290968451112656e-07,2.2542686801939997e-09,1.7639652422937936e-08,0.08097421963482354,-0.0032455900493041645,0.0,0.0010799385607242612,0.005256998077910871,9.941076038227984e-05,0.7363502979278564,1465.80419921875,0.5013523697853088,11,True,min_influence_pixels,True,0.2789935767650604,0.0,0.18864762783050537,11.0,0.00014322917559184134,0.6761719584465027,0.0,0.0,0.24423927068710327,0.24423927068710327,0.6761719584465027,0,45,0.0,1,0.0,0.0,0.0,0
42,tum_fr1_desk,45,validation,1956,1956,geometry_stratified,depth_discontinuity,1,5.494042234604497,5.494207794110933,0.00016555950643581951,0.0,0.0,0.0,0.5091053247451782,0.5091055631637573,-2.384185791015625e-07,0.35028923153877256,0.3502817720174789,7.459521293662341e-06,2.095356694531414e-05,61.130039001000114,3.4277038404917964e-07,2.7083167153404057e-06,-3.900186929337014e-09,1.2202709855199504e-07,0.05147521244831177,-8.9263547150829e-05,0.0,0.0045858025550842285,0.014134590746934128,0.00023122168704493843,0.6899325251579285,1362.9869384765625,0.5051915645599365,35,False,none,True,0.7491918802261353,0.0,1.9447457790374756,35.0,0.00045572916860692203,2.5957913398742676,0.0,0.0,0.36388731002807617,0.36388731002807617,2.5957913398742676,0,45,0.0,1,0.0,0.0,0.0,0
42,tum_fr1_desk,45,validation,3323,3323,geometry_stratified,flat,1,5.494042234604497,5.494063330478825,2.1095874328302955e-05,0.0,0.0,0.0,0.5091053247451782,0.5091002583503723,5.066394805908203e-06,0.35028923153877256,0.3502867519855499,2.4795532226340455e-06,5.673310554289512e-06,44.86850900138961,1.264430372338382e-07,4.701710575595369e-07,1.1291649574875093e-07,5.526266144830558e-08,-0.028666317493783566,0.0,0.005125224590301514,0.001332487165927848,0.0011976893827920193,2.6693318085406535e-05,1.0,1933.73486328125,0.5161339640617371,56,False,none,True,0.1627839356660843,0.5824743509292603,6.01198673248291,56.0,0.0007291666697710752,8.066984176635742,0.0,0.0,0.004511654376983643,0.004511654376983643,8.066984176635742,0,45,0.0,1,0.0,0.0,0.0,0
42,tum_fr1_desk,45,validation,2761,2761,geometry_stratified,flat,1,5.494042234604497,5.494111484488926,6.924988442857938e-05,0.0,0.0,0.0,0.5091053247451782,0.509104311466217,1.0132789611816406e-06,0.35028923153877256,0.35028577744960787,3.454089164689478e-06,9.42027309639488e-06,89.57457599899499,1.0516681760794017e-07,7.730975408620003e-07,1.131212679357823e-08,3.856104398114295e-08,0.013399859863174157,6.687643476349647e-05,0.0003960728645324707,0.0007228702306747437,0.0019203008586500992,2.143801226222544e-05,0.8699548840522766,1717.700439453125,0.5054648518562317,37,False,none,True,0.5277785062789917,0.5327703952789307,2.8978865146636963,37.0,0.0004817708395421505,2.732440233230591,0.0,0.0,0.24304962158203125,0.24304962158203125,2.732440233230591,0,45,0.0,1,0.0,0.0,0.0,0
42,tum_fr1_desk,45,validation,1626,1626,geometry_stratified,flat,1,5.494042234604497,5.4940468206554165,4.586050919463958e-06,0.0,0.0,0.0,0.5091053247451782,0.5091049075126648,4.172325134277344e-07,0.35028923153877256,0.35028889775276184,3.3378601071998304e-07,8.301743501771451e-07,69.38459500088356,1.1964822309138987e-08,6.609609697088464e-08,6.013330674084373e-09,4.810664538947478e-09,0.0796952743799011,0.001259483962329111,-3.0875205993652344e-05,9.105512872337185e-05,0.0026396520120894533,3.804377631743529e-05,0.7718189358711243,1534.8870849609375,0.5018506050109863,16,True,min_influence_pixels,True,0.0882282555103302,0.7303057909011841,0.7573816180229187,16.0,0.00020833333837799728,0.9252903461456299,0.0,0.0,0.2838050127029419,0.2838050127029419,0.9252903461456299,0,45,0.0,1,0.0,0.0,0.0,0
42,tum_fr1_desk,45,validation,1294,1294,geometry_stratified,flat,1,5.494042234604497,5.494222011426523,0.00017977682202552359,0.0,0.0,0.0,0.5091053247451782,0.5091058015823364,-4.76837158203125e-07,0.35028923153877256,0.35028119683265685,8.034706115711554e-06,2.2624512995394637e-05,75.47941800294211,2.9974413679915703e-07,2.3817992610716217e-06,-6.317446143855248e-09,1.0644896752381383e-07,0.08366408751114296,0.0012643572535185749,-0.0003808736801147461,0.004218822717666604,0.011599289628594963,0.00015367486840111612,0.7102556824684143,1397.07421875,0.5073878765106201,37,False,none,True,0.5717437267303467,0.3037356436252594,3.233961343765259,37.0,0.0004817708395421505,3.693932294845581,0.0,0.0,0.3728746771812439,0.3728746771812439,3.693932294845581,0,45,0.0,1,0.0,0.0,0.0,0
42,tum_fr1_desk,45,validation,6252,6252,geometry_stratified,flat,1,5.494042234604497,5.494123408421521,8.117381702366089e-05,0.0,0.0,0.0,0.5091053247451782,0.5090851783752441,2.014636993408203e-05,0.35028923153877256,0.3502794951200485,9.736418724037854e-06,2.2214048126319815e-05,52.116175000264775,4.2624095352751724e-07,1.5575551548679175e-06,3.8656654932906486e-07,1.8682143737502588e-07,0.1911914409443547,0.04772921759403148,0.03591582179069519,0.01367259323596956,0.04322553666741473,0.0008294073129349022,0.4321820139884949,861.5641479492188,0.5006248354911804,4,True,min_influence_pixels,True,0.30763867497444153,0.3564710021018982,0.20747056603431702,4.0,5.208333459449932e-05,0.312404066324234,0.0,0.0,0.5114384889602661,0.5114384889602661,0.312404066324234,0,45,0.0,1,0.0,0.0,0.0,0
42,tum_fr1_desk,45,validation,3735,3735,geometry_stratified,flat,1,5.494042234604497,5.494035814141345,-6.420463152245759e-06,0.0,0.0,0.0,0.5091053247451782,0.5091075897216797,-2.2649765014648438e-06,0.35028923153877256,0.35029020309448244,-9.715557098832761e-07,-2.1527164789844856e-06,68.82855599542381,-3.127650214146019e-08,-9.328196791855744e-08,-3.290751155109857e-08,-1.4115590481774333e-08,-0.43168276355192603,-0.014440109129723377,0.002529621124267578,0.0006762028322555153,-0.008382699162016824,-0.0001217910072466748,0.818474292755127,1583.091064453125,0.5160101652145386,62,False,none,True,0.023421309888362885,0.41281023621559143,3.492063522338867,62.0,0.0008072917116805911,8.0050687789917,0.0,0.0,0.13069242238998413,0.13069242238998413,8.0050687789917,0,45,0.0,1,0.0,0.0,0.0,0
42,tum_fr1_desk,45,validation,3894,3894,geometry_stratified,general_visible,1,5.494042234604497,5.494170645860849,0.0001284112563517681,0.0,0.0,0.0,0.5091053247451782,0.5091050863265991,2.384185791015625e-07,0.35028923153877256,0.35028331875801083,5.912780761729852e-06,1.6501466191344097e-05,58.51638400054071,2.8199736660405433e-07,2.194449615180964e-06,4.074390158820467e-09,1.010448759389373e-07,0.0058035173597907885,-0.0006661391499326007,0.0024351775646209717,0.0007770303636789322,0.002074149998235968,3.544562832550969e-05,0.9165403246879578,1786.5068359375,0.5120348334312439,58,False,none,True,0.16978871822357178,0.42619645595550537,3.5862858295440674,58.0,0.0007552083698101342,6.0174078941345215,0.0,0.0,0.06391727924346924,0.06391727924346924,6.0174078941345215,0,45,0.0,1,0.0,0.0,0.0,0
42,tum_fr1_desk,55,validation,1737,1737,geometry_stratified,edge,1,5.97400031924866,5.974118125456929,0.0001178062082693998,0.0,0.0,0.0,0.48601898550987244,0.4860191345214844,-1.4901161193847656e-07,0.3226935476064682,0.32268879413604734,4.753470420837402e-06,1.371189479954591e-05,60.08772799395956,2.2819792422380035e-07,1.9605701896607324e-06,-2.4799009200923064e-09,7.910883935094458e-08,0.030898223589010954,-0.0027273371010272662,0.0,0.0026518881320953813,0.007947423061346017,0.00013226366392393715,0.796671450138092,1566.618896484375,0.5075291395187378,43,False,none,True,0.7313002943992615,0.0,2.7530407905578613,43.0,0.0005598958232440054,3.764583110809326,0.0,0.0,0.2611593008041382,0.2611593008041382,3.764583110809326,0,55,0.0,1,0.0,0.0,0.0,0
42,tum_fr1_desk,55,validation,1447,1447,geometry_stratified,edge,1,5.97400031924866,5.974000831442647,5.121939876673309e-07,0.0,0.0,0.0,0.48601898550987244,0.4860188364982605,1.4901161193847656e-07,0.3226935476064682,0.32269348204135895,6.556510923072523e-08,1.519949148696864e-07,67.0316420000745,2.2675099450721717e-09,7.641077741565121e-09,2.223004054388388e-09,9.781217835996373e-10,0.006267575519256496,0.001592737980400747,0.0009795427322387695,0.0003613971173763303,0.003354934381703789,5.0050010436862946e-05,0.39839187264442444,791.3701171875,0.5024203658103943,17,True,min_influence_pixels,True,0.23194482922554016,0.005862785503268242,0.28779008984565735,17.0,0.0002213541738456115,1.2101802825927734,0.0,0.0,0.7605334520339966,0.7605334520339966,1.2101802825927734,0,55,0.0,1,0.0,0.0,0.0,0
42,tum_fr1_desk,55,validation,6496,6496,geometry_stratified,edge,1,5.97400031924866,5.975189796497066,0.0011894772484062344,0.0,0.0,0.0,0.48601898550987244,0.48597556352615356,4.342198371887207e-05,0.3226935476064682,0.32263208031654356,6.146728992462158e-05,0.00016617894882033145,52.54625700035831,3.162526853610111e-06,2.2636764563423106e-05,8.263573125403771e-07,1.1697748504560932e-06,0.32525689431501625,0.0,0.011457622051239014,0.0214398473501205,0.056489326079981035,0.001075039961068889,0.7636398673057556,1390.6075439453125,0.5481411814689636,172,False,none,True,0.4815874397754669,0.5363322496414185,24.501935958862305,190.0,0.0024739583022892475,24.070598602294922,0.0,0.0,0.23899948596954346,0.23899948596954346,24.070598602294922,0,55,0.0,1,0.0,0.0,0.0,0
42,tum_fr1_desk,55,validation,1727,1727,geometry_stratified,edge,1,5.97400031924866,5.974119662080759,0.00011934283209935614,0.0,0.0,0.0,0.48601898550987244,0.48601987957954407,-8.940696716308594e-07,0.3226935476064682,0.32268895506858825,4.5925378799327454e-06,1.3432053382968359e-05,52.78009500034386,2.544908906071664e-07,2.261133332529595e-06,-1.6939523728122023e-08,8.70126868832431e-08,0.09912570739069615,-0.0009139682738367877,-0.0006617754697799683,0.005242283642292012,0.013622116474072398,0.0002580919279130447,0.9078328013420105,1806.2391357421875,0.5016093850135803,12,True,min_influence_pixels,True,0.5862104892730713,0.14575046300888062,0.5889968872070312,12.0,0.00015624999650754035,0.8046835064888,0.0,0.0,0.21834713220596313,0.21834713220596313,0.8046835064888,0,55,0.0,1,0.0,0.0,0.0,0
42,tum_fr1_desk,55,validation,7646,7646,geometry_stratified,edge,1,5.97400031924866,5.973875345720902,-0.00012497352775753257,0.0,0.0,0.0,0.48601898550987244,0.4859732687473297,4.571676254272461e-05,0.3226935476064682,0.32268492281436917,8.624792099010126e-06,1.3575421256571585e-05,31.899440997221973,4.255692523813765e-07,-3.917734099742254e-06,1.4331524664242846e-06,2.7037439620842364e-07,-0.24424476842928833,-0.0009145767431650298,0.05616006255149841,0.012176162004470803,0.012249614523468913,0.0003840071844687089,0.8161937594413757,1566.600830078125,0.5199965834617615,78,False,none,True,0.3644484281539917,0.1488620638847351,5.132229804992676,83.0,0.0010807291837409139,9.998294830322266,0.0,0.0,0.39772212505340576,0.39772212505340576,9.998294830322266,0,55,0.0,1,0.0,0.0,0.0,0
42,tum_fr1_desk,55,validation,3223,3223,geometry_stratified,edge,1,5.97400031924866,5.9742717905311995,0.00027147128253979247,0.0,0.0,0.0,0.48601898550987244,0.48601818084716797,8.046627044677734e-07,0.3226935476064682,0.322682249546051,1.129806041716419e-05,3.2306175026536625e-05,81.47606800048379,3.965112188077706e-07,3.331914379301914e-06,9.87606206601668e-09,1.386672270082683e-07,0.06127723759214643,0.009362584682766517,0.0003422200679779053,0.002713039517402649,0.007744718099910583,9.505512833369175e-05,1.0,1637.7523193359375,0.6095929145812988,336,False,none,True,0.45277777314186096,0.38142910599708557,45.711585998535156,336.0,0.0043750000186264515,54.79646301269531,0.0,0.0,0.07725489139556885,0.07725489139556885,54.79646301269531,0,55,0.0,1,0.0,0.0,0.0,0
42,tum_fr1_desk,55,validation,3656,3656,geometry_stratified,texture,1,5.97400031924866,5.974098149396622,9.78301479621635e-05,0.0,0.0,0.0,0.48601898550987244,0.4859876334667206,3.135204315185547e-05,0.3226935476064682,0.32268015742301936,1.3390183448813708e-05,3.081554753778417e-05,66.56926499999827,4.629095354708359e-07,1.4695993408093965e-06,4.7096874438761317e-07,2.0114663199021434e-07,-0.02543566741784531,-0.030144239171521953,0.012227252125740051,0.0034611005336046274,0.02279391596483203,0.00034240900759280763,0.6124008297920227,1192.2559814453125,0.5126487612724304,67,False,none,True,0.16530193388462067,0.12273465842008591,1.8216497898101807,75.0,0.0009765625,6.324369430541992,0.0,0.0,0.5273337364196777,0.5273337364196777,6.324369430541992,0,55,0.0,1,0.0,0.0,0.0,0
42,tum_fr1_desk,55,validation,3319,3319,geometry_stratified,texture,1,5.97400031924866,5.973998782667056,-1.5365816032897328e-06,0.0,0.0,0.0,0.48601898550987244,0.4860190749168396,-8.940696716308594e-08,0.3226935476064682,0.32269363701343534,-8.940696716308594e-08,-2.352353823832208e-07,65.26006700005382,-3.604583831993718e-09,-2.3545510661036642e-08,-1.370010348947576e-09,-1.370010348947576e-09,-0.25237220875307287,0.0,0.0019265413284301758,0.0002465585246682195,-0.0045476148559874165,-6.968449566537629e-05,0.8116762042045593,1619.78857421875,0.5001000761985779,1,True,min_influence_pixels,True,0.08857514709234238,0.14980548620224,0.011925573460757732,1.0,1.302083364862483e-05,0.05002744123339653,0.0,0.0,0.08537685871124268,0.08537685871124268,0.05002744123339653,0,55,0.0,1,0.0,0.0,0.0,0
42,tum_fr1_desk,55,validation,3296,3296,geometry_stratified,texture,1,5.97400031924866,5.974078685631367,7.836638270752871e-05,0.0,0.0,0.0,0.48601898550987244,0.4860168993473053,2.086162567138672e-06,0.3226935476064682,0.3226897299289703,3.817677497852667e-06,1.0470239513374596e-05,52.73850499361288,1.9853121575294255e-07,1.485942438395241e-06,3.9556725534622675e-08,7.238880772814898e-08,0.36390379464460487,0.01591920046178749,0.010216519236564636,0.008214981853961939,0.047469928983870244,0.0009001000121186464,0.5332009196281433,1057.579833984375,0.5031707882881165,27,False,none,True,0.2756270170211792,0.1432836353778839,0.6641378998756409,27.0,0.0003515625139698386,1.585392713546753,0.0,0.0,0.579619288444519,0.579619288444519,1.585392713546753,0,55,0.0,1,0.0,0.0,0.0,0
42,tum_fr1_desk,55,validation,1072,1072,geometry_stratified,texture,1,5.97400031924866,5.9739808559218455,-1.946332681423968e-05,0.0,0.0,0.0,0.48601898550987244,0.4860207736492157,-1.7881393432617188e-06,0.3226935476064682,0.3226948767900467,-1.3291835785356199e-06,-3.3843505578475004e-06,51.791770005365834,-6.534533493442815e-08,-3.7579960700750717e-07,-3.452554996819881e-08,-2.5663992143885237e-08,-0.037331270795329274,0.0,-0.000374525785446167,-0.00037352964282036383,-0.0023555454912203007,-4.548107722474549e-05,0.7629913687705994,1476.8101806640625,0.5156481862068176,67,False,none,True,0.15066032111644745,0.2687271535396576,3.28132963180542,67.0,0.000872395874466747,7.824100494384766,0.0,0.0,0.1755845546722412,0.1755845546722412,7.824100494384766,0,55,0.0,1,0.0,0.0,0.0,0
42,tum_fr1_desk,55,validation,5493,5493,geometry_stratified,texture,1,5.97400031924866,5.974000831442647,5.121939876673309e-07,0.0,0.0,0.0,0.48601898550987244,0.4860144257545471,4.559755325317383e-06,0.3226935476064682,0.32269215881824487,1.3887882233110105e-06,2.874569862483113e-06,45.455608997144736,6.323905731113794e-08,1.126800408062961e-08,1.0031227005678883e-07,3.055262604441723e-08,0.004181669658901654,0.0,-0.013742685317993164,-0.004016557335853571,-0.029426247503885263,-0.0006473622981430884,0.7951045036315918,1560.05224609375,0.5086652636528015,48,False,none,True,0.3689741790294647,0.13196174800395966,2.17037296295166,48.0,0.0006249999860301614,4.332635879516602,0.0,0.0,0.21792536973953247,0.21792536973953247,4.332635879516602,0,55,0.0,1,0.0,0.0,0.0,0
42,tum_fr1_desk,55,validation,3956,3956,geometry_stratified,texture,1,5.97400031924866,5.974614483229468,0.0006141639808081578,0.0,0.0,0.0,0.48601898550987244,0.4859836995601654,3.528594970703125e-05,0.3226935476064682,0.3226579487323761,3.559887409210205e-05,9.37449055051127e-05,50.54707200179109,1.8546060492245906e-06,1.2150337427782076e-05,6.980809829257948e-07,7.042717348858631e-07,0.3216386518008587,0.0,0.01133352518081665,0.01590756177902225,0.05037816486948027,0.0009966584190612498,0.7498325705528259,1450.998046875,0.5157701969146729,104,False,none,True,0.35338741540908813,0.1837005913257599,4.234987258911133,126.0,0.0016406250651925802,7.885089874267578,0.0,0.0,0.22338396310806274,0.22338396310806274,7.885089874267578,0,55,0.0,1,0.0,0.0,0.0,0
42,tum_fr1_desk,55,validation,207,207,geometry_stratified,depth_discontinuity,1,5.97400031924866,5.97406485616696,6.453691830010655e-05,0.0,0.0,0.0,0.48601898550987244,0.48601898550987244,0.0,0.3226935476064682,0.3226909190416336,2.628564834572522e-06,7.562075727467701e-06,47.533188000670634,1.590904386080944e-07,1.3577233300488074e-06,0.0,5.5299569524674764e-08,0.16534171940507392,0.005433387620803309,0.0,0.0009303346276283257,0.00798853635347723,0.00016806228846599812,0.7438462376594543,1458.2060546875,0.5091105103492737,46,False,none,True,0.17089428007602692,0.0,0.7784668207168579,46.0,0.0005989583441987634,4.555253982543945,0.0,0.0,0.10220515727996826,0.10220515727996826,4.555253982543945,0,55,0.0,1,0.0,0.0,0.0,0
42,tum_fr1_desk,55,validation,2176,2176,geometry_stratified,depth_discontinuity,1,5.97400031924866,5.9742098116303435,0.0002094923816837735,0.0,0.0,0.0,0.48601898550987244,0.4860190451145172,-5.960464477539063e-08,0.3226935476064682,0.32268503308296204,8.514523506142346e-06,2.451035597628184e-05,65.03364800300915,3.768872995583414e-07,3.2212921789975572e-06,-9.165200877649164e-10,1.3092489453687688e-07,-0.0069797319253357415,-0.011532048156272512,0.0,-0.00044794082641602673,-0.0012205960518673546,-1.8768684970753553e-05,0.6602789759635925,1299.6871337890625,0.5070291757583618,42,False,none,True,0.6279518604278564,0.0,2.2070000171661377,42.0,0.0005468750023283064,3.5146007537841797,0.0,0.0,0.3729879856109619,0.3729879856109619,3.5146007537841797,0,55,0.0,1,0.0,0.0,0.0,0
42,tum_fr1_desk,55,validation,2029,2029,geometry_stratified,depth_discontinuity,1,5.97400031924866,5.973895832938019,-0.00010448631064097214,0.0,0.0,0.0,0.48601898550987244,0.48601898550987244,0.0,0.3226935476064682,0.32269780337810516,-4.255771636985095e-06,-1.2243122453980593e-05,65.99804200232029,-1.8550735874179664e-07,-1.5831728862092411e-06,0.0,-6.448330144151057e-08,-0.05066070456094707,-0.0034977514004444904,0.0,-0.003208768367767345,-0.008687910269102057,-0.00013163890936032036,0.670754611492157,1329.718017578125,0.5034336447715759,24,True,min_influence_pixels,True,0.6227563619613647,0.0,1.0691627264022827,24.0,0.0003124999930150807,1.7168234586715698,0.0,0.0,0.3391927480697632,0.3391927480697632,1.7168234586715698,0,55,0.0,1,0.0,0.0,0.0,0
42,tum_fr1_desk,55,validation,7759,7759,geometry_stratified,depth_discontinuity,1,5.97400031924866,5.974010050944775,9.731696115622412e-06,0.0,0.0,0.0,0.48601898550987244,0.48601898550987244,0.0,0.3226935476064682,0.3226931512355804,3.963708877785521e-07,1.1403058113315343e-06,41.99112999776844,2.7155873428320084e-08,2.3175599504322913e-07,0.0,9.439395600918973e-09,0.0660825046479836,0.0025251786430775802,0.0,0.00021508987993001938,0.002734749730638673,6.512684299717601e-05,0.7813560962677002,1395.6614990234375,0.5588463544845581,144,False,none,True,0.1028672456741333,0.0,3.026682138442993,144.0,0.001875000074505806,29.423187255859375,0.0,0.0,0.4230409264564514,0.4230409264564514,29.423187255859375,0,55,0.0,1,0.0,0.0,0.0,0
42,tum_fr1_desk,55,validation,414,414,geometry_stratified,depth_discontinuity,1,5.97400031924866,5.97400390460785,3.5853591899837056e-06,0.0,0.0,0.0,0.48601898550987244,0.4860190153121948,-2.9802322387695312e-08,0.3226935476064682,0.3226934105157852,1.370906829722962e-07,4.0171659340867095e-07,42.75414199946681,9.395969013100083e-09,8.385992613366955e-08,-6.970628106176702e-10,3.2064889285816067e-09,0.016689923627493997,0.0003192235516256414,0.0,0.0002140142023563385,0.0010635447932338215,2.4875830586123915e-05,0.9243605136871338,1833.7845458984375,0.5030725598335266,25,False,none,True,0.2570022642612457,0.0,0.39482733607292175,25.0,0.00032552084303461015,1.536279559135437,0.0,0.0,0.015340626239776611,0.015340626239776611,1.536279559135437,0,55,0.0,1,0.0,0.0,0.0,0
42,tum_fr1_desk,55,validation,3553,3553,geometry_stratified,depth_discontinuity,1,5.97400031924866,5.974004928996734,4.609748073924891e-06,0.0,0.0,0.0,0.48601898550987244,0.4860188364982605,1.4901161193847656e-07,0.3226935476064682,0.32269331514835353,2.324581146462279e-07,6.32123422921228e-07,42.56451700348407,1.4850947865084108e-08,1.0830025566947148e-07,3.500841133150398e-09,5.461312168236287e-09,0.44105992794153437,-0.00177558628859531,0.0,0.0003918510861694812,0.013802693603741497,0.00032427699350169283,0.3149445950984955,627.9176025390625,0.5005699396133423,5,True,min_influence_pixels,True,0.0754956379532814,0.0,0.02151442877948284,5.0,6.510417006211355e-05,0.2849757969379425,0.0,0.0,0.5735888481140137,0.5735888481140137,0.2849757969379425,0,55,0.0,1,0.0,0.0,0.0,0
42,tum_fr1_desk,55,validation,7970,7970,geometry_stratified,flat,1,5.97400031924866,5.974764579877338,0.0007642606286779596,0.0,0.0,0.0,0.48601898550987244,0.48598527908325195,3.37064266204834e-05,0.3226935476064682,0.32265231013298035,4.12374734878318e-05,0.00011035741643452358,50.71938900073292,2.175842781405132e-06,1.5068411582539288e-05,6.645668901886086e-07,8.13051464149852e-07,0.267411932890802,0.06321033086025599,0.006856650114059448,0.011790779232978832,0.034793358918081344,0.0006859972015352662,0.6770790815353394,1277.0972900390625,0.5291702747344971,166,False,none,True,0.4013529121875763,0.34680038690567017,10.911919593811035,188.0,0.0024479166604578495,14.585138320922852,0.0,0.0,0.5,0.5,14.585138320922852,0,55,0.0,1,0.0,0.0,0.0,0
42,tum_fr1_desk,55,validation,1699,1699,geometry_stratified,flat,1,5.97400031924866,5.974003392413499,3.073164839051401e-06,0.0,0.0,0.0,0.48601898550987244,0.486018568277359,4.172325134277344e-07,0.3226935476064682,0.3226932972669601,2.5033950806774286e-07,6.176371694348972e-07,67.20424899685895,9.190448203115325e-09,4.57287282414991e-08,6.2084246108789245e-09,3.725054766692556e-09,0.05202778577888978,0.001224341166938564,0.0005893111228942871,0.00040095802396533653,0.0025049119329783693,3.727311844665426e-05,0.8728761672973633,1736.33935546875,0.5017105340957642,13,True,min_influence_pixels,True,0.13914364576339722,0.9515001177787781,0.9328023195266724,13.0,0.00016927083197515458,0.8552768230438232,0.0,0.0,0.18173211812973022,0.18173211812973022,0.8552768230438232,0,55,0.0,1,0.0,0.0,0.0,0
42,tum_fr1_desk,55,validation,6768,6768,geometry_stratified,flat,1,5.97400031924866,5.974178566404106,0.00017824715544634273,0.0,0.0,0.0,0.48601898550987244,0.48599836230278015,2.0623207092285156e-05,0.3226935476064682,0.3226801007986069,1.344680786130592e-05,3.3615883842863924e-05,45.9879150002962,7.309721226249855e-07,3.875956443017577e-06,4.484484041547073e-07,2.9239872825761537e-07,0.05183593350711302,0.026926558060584187,0.006376683712005615,0.004113969206810064,0.01062242595984831,0.00023098298672118302,0.8520348072052002,1532.8394775390625,0.5548538565635681,154,False,none,True,0.525029718875885,0.43375054001808167,26.296409606933594,154.0,0.002005208283662796,27.42694091796875,0.0,0.0,0.2115417718887329,0.2115417718887329,27.42694091796875,0,55,0.0,1,0.0,0.0,0.0,0
42,tum_fr1_desk,55,validation,7854,7854,geometry_stratified,flat,1,5.97400031924866,5.975087843175796,0.0010875239271364023,0.0,0.0,0.0,0.48601898550987244,0.485988050699234,3.0934810638427734e-05,0.3226935476064682,0.3226399779319763,5.3569674491882324e-05,0.00014652479749123183,45.71726299764123,3.20502120826419e-06,2.3788036637112614e-05,6.766549134847335e-07,1.17176031501812e-06,0.13157009303218814,0.004195010158857176,0.004677534103393555,0.010877442359924272,0.029591240271759064,0.0006472662257424688,0.8750339150428772,1594.6451416015625,0.5477326512336731,270,False,none,True,0.5552321076393127,0.4187450110912323,23.24524688720703,566.0,0.0073697916232049465,23.866317749023438,0.0,0.0,0.4694986939430237,0.4694986939430237,23.866317749023438,0,55,0.0,1,0.0,0.0,0.0,0
42,tum_fr1_desk,55,validation,7855,7855,geometry_stratified,flat,1,5.97400031924866,5.974115564418421,0.00011524516976102461,0.0,0.0,0.0,0.48601898550987244,0.48600924015045166,9.745359420776367e-06,0.3226935476064682,0.3226859301328659,7.61747360228382e-06,1.951920446282698e-05,41.697360000398476,4.681160740785615e-07,2.7638481131640775e-06,2.3371646120241753e-07,1.8268479352676102e-07,0.7993756963726497,0.20644269038843088,0.023405462503433228,0.0145293049514294,0.06811045131726925,0.0016334475687817733,0.7623477578163147,1519.9630126953125,0.5005567669868469,4,True,min_influence_pixels,True,0.2522282004356384,0.3303116261959076,0.1621752828359604,4.0,5.208333459449932e-05,0.2783934772014618,0.0,0.0,0.48061418533325195,0.48061418533325195,0.2783934772014618,0,55,0.0,1,0.0,0.0,0.0,0
42,tum_fr1_desk,55,validation,5652,5652,geometry_stratified,flat,1,5.97400031924866,5.973908125314678,-9.219393398129938e-05,0.0,0.0,0.0,0.48601898550987244,0.4859670102596283,5.1975250244140625e-05,0.3226935476064682,0.3226817101240158,1.1837482452370374e-05,2.1279464123089303e-05,41.99789099948248,5.066793502405042e-07,-2.1952038968441402e-06,1.2375681018073287e-06,2.818589736450395e-07,-0.19467261228966137,-0.006008948078113446,0.041103482246398926,0.011067304760217667,0.019221837979594716,0.0004576857914087062,0.8309988975524902,1627.6485595703125,0.5095517635345459,56,False,none,True,0.19801461696624756,0.33538818359375,2.5474748611450195,61.0,0.0007942708325572312,4.775893211364746,0.0,0.0,0.1743965744972229,0.1743965744972229,4.775893211364746,0,55,0.0,1,0.0,0.0,0.0,0
42,tum_fr1_desk,55,validation,3314,3314,geometry_stratified,general_visible,1,5.97400031924866,5.974002368024978,2.0487763183751895e-06,0.0,0.0,0.0,0.48601898550987244,0.48602259159088135,-3.606081008911133e-06,0.3226935476064682,0.32269454598426817,-9.98377799987793e-07,-1.9858248083375154e-06,44.36747800355079,-4.475856861141819e-08,4.617743470140952e-08,-8.127757472765375e-08,-2.2502469036168597e-08,-0.12840992583279842,0.0,0.0030890703201293945,0.0005677264183759703,0.0029015955227043528,6.539915391341682e-05,0.8322528600692749,1660.9276123046875,0.5000771284103394,1,True,min_influence_pixels,True,0.1300308108329773,0.11601638793945312,0.009486537426710129,1.0,1.302083364862483e-05,0.03855576366186142,0.0,0.0,0.08789712190628052,0.08789712190628052,0.03855576366186142,0,55,0.0,1,0.0,0.0,0.0,0
42,tum_fr2_xyz,10,cross_scene_test,3861,3861,geometry_stratified,edge,1,12.72901015551804,12.729035631211122,2.547569308219977e-05,0.5773466663001524,0.5773479246541985,1.258354046074217e-06,0.2614632248878479,0.261457622051239,5.602836608886719e-06,0.11578092016279698,0.11577902026474476,1.8998980522155762e-06,7.82960436055204e-06,34.642738006368745,2.2600997528291905e-07,7.353833602158207e-07,1.617319222244122e-07,5.484260660535255e-08,0.18274652704176653,0.09606308963812883,0.018791675567626953,0.00651746951043608,0.01113694525834702,0.0003214799377664547,0.9847826361656189,1952.615234375,0.5033403038978577,18,True,min_influence_pixels,True,0.14011235535144806,1.779991865158081,3.206865072250366,19.0,0.00024739583022892475,1.6701514720916748,0.0,0.0,0.36656850576400757,0.36656850576400757,1.6701514720916748,0,10,0.0,1,0.0,0.0,0.0,0
42,tum_fr2_xyz,10,cross_scene_test,577,577,geometry_stratified,edge,1,12.72901015551804,12.729044123142026,3.396762398644171e-05,0.5773466663001524,0.5773471163188554,4.5001870296879076e-07,0.2614632248878479,0.26144877076148987,1.4454126358032227e-05,0.11578092016279698,0.11577629186213016,4.628300666817409e-06,1.8452468351442703e-05,35.88571000000229,5.142010106931569e-07,9.465501445126637e-07,4.0278223164683947e-07,1.2897336201003444e-07,0.13827679626907496,0.04584514487306368,0.016644716262817383,0.00543139558285477,0.008864988492629967,0.000247033944504077,0.965659499168396,1882.4976806640625,0.511967122554779,52,False,none,True,0.13548262417316437,1.5077898502349854,9.832624435424805,52.0,0.0006770833279006183,5.98356294631958,0.0,0.0,0.18994241952896118,0.18994241952896118,5.98356294631958,0,10,0.0,1,0.0,0.0,0.0,0
42,tum_fr2_xyz,10,cross_scene_test,89,89,geometry_stratified,edge,1,12.72901015551804,12.730049321124,0.0010391656059596244,0.5773466663001524,0.5774503902473183,0.00010372394716584576,0.2614632248878479,0.26145443320274353,8.791685104370117e-06,0.11578092016279698,0.11576934866607189,1.15714967250935e-05,6.723378899254976e-05,64.7859479940962,1.0377835174793864e-06,1.6039984566627337e-05,1.3570358043030078e-07,1.7861121251398503e-07,0.29882484479971083,0.056203108740330576,0.001972213387489319,0.0023322980850934982,0.02575729621313258,0.00039757535407955723,0.8696485757827759,1485.0511474609375,0.5846017599105835,229,False,none,True,0.17368218302726746,0.04007120057940483,9.04195785522461,229.0,0.0029817710164934397,42.30088806152344,0.0,0.0,0.2619283199310303,0.2619283199310303,42.30088806152344,0,10,0.0,1,0.0,0.0,0.0,0
42,tum_fr2_xyz,10,cross_scene_test,4086,4086,geometry_stratified,edge,1,12.72901015551804,12.729011065361647,9.098436066778959e-07,0.5773466663001524,0.5773465161153037,-1.5018484866846649e-07,0.2614632248878479,0.2614620625972748,1.1622905731201172e-06,0.11578092016279698,0.1157805636525154,3.565102815739074e-07,1.3836338613437184e-06,40.62080500443699,3.406219697498818e-08,2.239846321554962e-08,2.8613184130476017e-08,8.776543978755861e-09,0.01315608830415016,-0.01127973083918099,0.0023845434188842773,0.0007433612830936576,0.0009772524197418542,2.405792843433579e-05,0.7402145266532898,1463.9259033203125,0.5046365857124329,20,True,min_influence_pixels,True,0.09681328386068344,1.2816298007965088,3.1956496238708496,20.0,0.0002604166802484542,2.3183035850524902,0.0,0.0,0.4812135100364685,0.4812135100364685,2.3183035850524902,0,10,0.0,1,0.0,0.0,0.0,0
42,tum_fr2_xyz,10,cross_scene_test,4045,4045,geometry_stratified,edge,1,12.72901015551804,12.729015614582549,5.459064508883671e-06,0.5773466663001524,0.5773466460831458,-2.021700662435677e-08,0.2614632248878479,0.26145780086517334,5.424022674560547e-06,0.11578092016279698,0.11577924601733684,1.6741454601371109e-06,6.523670934750527e-06,35.24507099791663,1.8509456074400155e-07,1.5488873633440437e-07,1.5389450272014395e-07,4.750013016674222e-08,0.027856091357168822,-0.012140677460128257,0.016026020050048828,0.004977690055966488,0.003358551590950356,9.529138389730818e-05,0.848004162311554,1678.731201171875,0.5041458606719971,17,True,min_influence_pixels,True,0.14318668842315674,1.6461769342422485,3.709214210510254,28.0,0.0003645833348855376,2.0729236602783203,0.0,0.0,0.44879865646362305,0.44879865646362305,2.0729236602783203,0,10,0.0,1,0.0,0.0,0.0,0
42,tum_fr2_xyz,10,cross_scene_test,1888,1888,geometry_stratified,edge,1,12.72901015551804,12.729056254500692,4.6098982652509335e-05,0.5773466663001524,0.5773506713255929,4.005025440512178e-06,0.2614632248878479,0.26145949959754944,3.725290298461914e-06,0.11578092016279698,0.11577940620481968,1.5139579773032485e-06,6.809454683352747e-06,65.33589999889955,1.0422225275028641e-07,7.055689544842235e-07,5.701750949362692e-08,2.3171915858337423e-08,0.0800915582546402,0.014332750969105468,0.0024564191699028015,0.0014194242656230954,0.0116337494805099,0.0001780605988546243,0.753883957862854,1468.3211669921875,0.5124325752258301,60,False,none,True,0.22247827053070068,0.0927477478981018,1.9595392942428589,60.0,0.0007812500116415322,6.216299533843994,0.0,0.0,0.3799961805343628,0.3799961805343628,6.216299533843994,0,10,0.0,1,0.0,0.0,0.0,0
42,tum_fr2_xyz,10,cross_scene_test,2047,2047,geometry_stratified,texture,1,12.72901015551804,12.7290228933459,1.2737827860931361e-05,0.5773466663001524,0.5773478152479712,1.1489478187742819e-06,0.2614632248878479,0.2614626884460449,5.364418029785156e-07,0.11578092016279698,0.1157806497067213,2.704560756738861e-07,1.3159922737433155e-06,64.94858200312592,2.0262063206860742e-08,1.9612172380173443e-07,8.259484448062271e-09,4.164156742650197e-09,0.03821876208792219,0.0,0.0008862502872943878,0.00041766557842493057,0.0072659351892963905,0.00011187211429722495,0.5435811877250671,1076.9010009765625,0.503764271736145,23,True,min_influence_pixels,True,0.11719219386577606,0.04744886979460716,0.3098791837692261,23.0,0.0002994791720993817,1.8821499347686768,0.0,0.0,0.49686700105667114,0.49686700105667114,1.8821499347686768,0,10,0.0,1,0.0,0.0,0.0,0
42,tum_fr2_xyz,10,cross_scene_test,2528,2528,geometry_stratified,texture,1,12.72901015551804,12.729095378363258,8.522284521816914e-05,0.5773466663001524,0.5773571315303727,1.0465230220302324e-05,0.2614632248878479,0.26146236062049866,8.642673492431641e-07,0.11578092016279698,0.11577992811799048,9.92044806497061e-07,5.678267463112939e-06,71.67508300335612,7.922233536649074e-08,1.1890163449713572e-06,1.2058128334538454e-08,1.3840860239402993e-08,0.09697515076982555,0.005691355455277436,0.00026204437017440796,0.0004962956532835947,0.00662779185595022,9.246995717660876e-05,0.5508196353912354,1078.391845703125,0.5097787380218506,60,False,none,True,0.14317452907562256,0.034271128475666046,0.8675991296768188,60.0,0.0007812500116415322,4.889379501342773,0.0,0.0,0.5112563371658325,0.5112563371658325,4.889379501342773,0,10,0.0,1,0.0,0.0,0.0,0
42,tum_fr2_xyz,10,cross_scene_test,2524,2524,geometry_stratified,texture,1,12.72901015551804,12.729741427984289,0.0007312724662487113,0.5773466663001524,0.5774552655834516,0.00010859928329920443,0.2614632248878479,0.2614680826663971,-4.857778549194336e-06,0.11578092016279698,0.11577609032392501,4.829838871969749e-06,3.4640734724653324e-05,68.8279660025728,5.032944707876221e-07,1.0624641533375783e-05,-7.057855739936803e-08,7.017262244520214e-08,0.30168074200813244,0.0,-0.0005944147706031799,0.0011099644005298642,0.008470208670580216,0.00012306347495818197,0.6235615611076355,1156.2684326171875,0.5382878184318542,152,False,none,True,0.12471609562635422,0.0364912748336792,3.0861403942108154,152.0,0.001979166641831398,19.1439151763916,0.0,0.0,0.42939257621765137,0.42939257621765137,19.1439151763916,0,10,0.0,1,0.0,0.0,0.0,0
42,tum_fr2_xyz,10,cross_scene_test,2348,2348,geometry_stratified,texture,1,12.72901015551804,12.729682581927964,0.0006724264099240429,0.5773466663001524,0.577441032610531,9.436631037862409e-05,0.2614632248878479,0.2614627778530121,4.470348358154297e-07,0.11578092016279698,0.11577500477433204,5.915388464936e-06,3.7491327346870954e-05,66.27234899497125,5.657159873677602e-07,1.0146409779062857e-05,6.745420112532162e-09,8.925877163920748e-08,0.44385219809068843,0.010866091471224748,0.0001295246183872223,0.0038580108433961813,0.026046534246983437,0.00039302265035090044,0.7299614548683167,1437.6260986328125,0.5067546963691711,40,False,none,True,0.1915261447429657,0.032261207699775696,0.755809485912323,40.0,0.0005208333604969084,3.3773555755615234,0.0,0.0,0.3260040283203125,0.3260040283203125,3.3773555755615234,0,10,0.0,1,0.0,0.0,0.0,0
42,tum_fr2_xyz,10,cross_scene_test,546,546,geometry_stratified,texture,1,12.72901015551804,12.729014704737986,4.549219946525795e-06,0.5773466663001524,0.5773450235508535,-1.6427492989246062e-06,0.2614632248878479,0.26146191358566284,1.3113021850585938e-06,0.11578092016279698,0.11578048765659332,4.3250620365697934e-07,1.7547465070739076e-06,65.62874199880753,2.673746979800087e-08,6.931749425592303e-08,1.9980608268895664e-08,6.590194943319773e-09,-0.0007236491789832655,-0.0006904883217521002,0.0012168511748313904,0.0003630213439464597,0.011259197886861368,0.00017155894725310973,0.4405229985713959,860.1426391601562,0.5111510753631592,49,False,none,True,0.03740003705024719,0.03241495415568352,0.3892567753791809,49.0,0.0006380208651535213,5.575546741485596,0.0,0.0,0.5597304105758667,0.5597304105758667,5.575546741485596,0,10,0.0,1,0.0,0.0,0.0,0
42,tum_fr2_xyz,10,cross_scene_test,1215,1215,geometry_stratified,texture,1,12.72901015551804,12.729071722032137,6.156651409661151e-05,0.5773466663001524,0.5773585158803893,1.1849580236922286e-05,0.2614632248878479,0.26146379113197327,-5.662441253662109e-07,0.11578092016279698,0.11578056067228316,3.594905138154525e-07,2.735993866611168e-06,66.2620790026267,4.129049235691367e-08,9.291364687511683e-07,-8.545523078799933e-09,5.425282744315974e-09,0.04295664441947622,0.0,0.0016055591404438019,0.0008250866085290909,0.013326302325140435,0.00020111506499233392,0.7640736699104309,1501.4564208984375,0.5078883171081543,38,False,none,True,0.2132750004529953,0.04461614415049553,1.0171648263931274,38.0,0.0004947916604578495,3.9441633224487305,0.0,0.0,0.3706740736961365,0.3706740736961365,3.9441633224487305,0,10,0.0,1,0.0,0.0,0.0,0
42,tum_fr2_xyz,10,cross_scene_test,4011,4011,geometry_stratified,depth_discontinuity,1,12.72901015551804,12.729014098175051,3.942657011535289e-06,0.5773466663001524,0.5773466802782254,1.397807303238352e-08,0.2614632248878479,0.2614632248878479,0.0,0.11578092016279698,0.11578088626265526,3.390014172155453e-08,2.1681653752772754e-07,32.05852799874265,6.7631470021403104e-09,1.2298309553357915e-07,0.0,1.0574453612743579e-09,0.01655791572429166,-0.010839906367663354,0.0,0.00025651976466178894,0.0011403849376158753,3.557196817210702e-05,0.7402395606040955,1466.4024658203125,0.5037996768951416,15,True,min_influence_pixels,True,0.2687917649745941,0.0,0.5106619596481323,35.0,0.00045572916860692203,1.899842381477356,0.0,0.0,0.4596409201622009,0.4596409201622009,1.899842381477356,0,10,0.0,1,0.0,0.0,0.0,0
42,tum_fr2_xyz,10,cross_scene_test,49,49,geometry_stratified,depth_discontinuity,1,12.72901015551804,12.729618580163661,0.000608424645621497,0.5773466663001524,0.5773789258707356,3.225957058317075e-05,0.2614632248878479,0.2614632248878479,0.0,0.11578092016279698,0.11577568911015987,5.231052637111322e-06,3.3458787975781525e-05,41.27696200157516,8.105923099307724e-07,1.4740053921562325e-05,0.0,1.2673056309017367e-07,0.5121440257245133,0.016172665509269143,0.0,0.003514618054032328,0.026644983050419246,0.0006455170574181902,0.44249463081359863,851.8966064453125,0.5184229016304016,93,False,none,True,0.11011344194412231,0.0,1.0143054723739624,142.0,0.001848958432674408,9.211459159851074,0.0,0.0,0.47444361448287964,0.47444361448287964,9.211459159851074,0,10,0.0,1,0.0,0.0,0.0,0
42,tum_fr2_xyz,10,cross_scene_test,29,29,geometry_stratified,depth_discontinuity,1,12.72901015551804,12.72999866134359,0.000988505825549879,0.5773466663001524,0.5774014505392613,5.4784239108873756e-05,0.2614632248878479,0.2614632248878479,0.0,0.11578092016279698,0.11577242165803908,8.498504757897818e-06,5.436039954646061e-05,39.79191200050991,1.3661168014687008e-06,2.4841878056455593e-05,0.0,2.135736719006846e-07,0.6540261963534899,0.026079272086922275,0.0,0.005152740702033039,0.03580679238146925,0.0008998510144727503,0.49717769026756287,931.2508544921875,0.5328815579414368,112,False,none,True,0.12214530259370804,0.0,2.0081639289855957,175.0,0.0022786459885537624,16.440778732299805,0.0,0.0,0.4391406178474426,0.4391406178474426,16.440778732299805,0,10,0.0,1,0.0,0.0,0.0,0
42,tum_fr2_xyz,10,cross_scene_test,3546,3546,geometry_stratified,depth_discontinuity,1,12.72901015551804,12.72905170523722,4.1549719179911904e-05,0.5773466663001524,0.5773498085215396,3.1422213871978855e-06,0.2614632248878479,0.2614632248878479,0.0,0.11578092016279698,0.11578056290745735,3.5725533963082423e-07,2.284922635035375e-06,31.11507200082997,7.343459256576448e-08,1.335356677908494e-06,0.0,1.1481745554736134e-08,0.11436090605550042,0.10079396225964724,0.0,0.0015277646481990856,0.007441015933053276,0.0002391450655442736,0.8295601606369019,1642.6492919921875,0.5040135383605957,14,True,min_influence_pixels,True,0.245150625705719,0.0,0.4919624626636505,44.0,0.0005729167023673654,2.0067763328552246,0.0,0.0,0.2499629259109497,0.2499629259109497,2.0067763328552246,0,10,0.0,1,0.0,0.0,0.0,0
42,tum_fr2_xyz,10,cross_scene_test,467,467,geometry_stratified,depth_discontinuity,1,12.72901015551804,12.729058074207414,4.791868937381594e-05,0.5773466663001524,0.5773490551775136,2.388877361148012e-06,0.2614632248878479,0.2614630460739136,1.7881393432617188e-07,0.11578092016279698,0.11578045450150966,4.6566128732161705e-07,2.8403373049501985e-06,31.139017002715264,9.121473888217238e-08,1.538863265004079e-06,5.7424399206493785e-09,1.495427062713676e-08,0.06062104787143596,0.04118279374638659,0.0,0.0005675431340932888,0.003441833313742182,0.00011053121276892141,1.0,1955.3897705078125,0.5104069709777832,45,False,none,True,0.22036683559417725,0.00016045954544097185,1.147512674331665,77.0,0.001002604141831398,5.203495025634766,0.0,0.0,0.17529815435409546,0.17529815435409546,5.203495025634766,0,10,0.0,1,0.0,0.0,0.0,0
42,tum_fr2_xyz,10,cross_scene_test,532,532,geometry_stratified,depth_discontinuity,1,12.72901015551804,12.729058074207414,4.791868937381594e-05,0.5773466663001524,0.577348666324711,2.0000245586349052e-06,0.2614632248878479,0.2614632248878479,0.0,0.11578092016279698,0.11578050814568996,4.120171070154388e-07,2.6351681829030665e-06,31.850565996137448,8.273536436440835e-08,1.5044847045929133e-06,0.0,1.2935943024227719e-08,0.0538418947160757,0.016888485022823863,0.0,0.0005291890352964387,0.0031093368404952176,9.762265577548262e-05,1.0,1950.1519775390625,0.5117805600166321,47,False,none,True,0.22514276206493378,0.0,1.326150894165039,64.0,0.0008333333535119891,5.890266418457031,0.0,0.0,0.19895470142364502,0.19895470142364502,5.890266418457031,0,10,0.0,1,0.0,0.0,0.0,0
42,tum_fr2_xyz,10,cross_scene_test,2040,2040,geometry_stratified,flat,1,12.72901015551804,12.728991655406013,-1.85001120271977e-05,0.5773466663001524,0.5773497326202981,3.066320145683754e-06,0.2614632248878479,0.26146167516708374,1.5497207641601562e-06,0.11578092016279698,0.11578061431646347,3.0584633350927426e-07,7.607651126442656e-07,65.42565300333081,1.162793304646933e-08,-2.8276541659058205e-07,2.3686745076602603e-08,4.674715795250888e-09,0.10141414732846954,0.0010753556416519539,0.0005403086543083191,0.00018535159761086037,0.004979820500156098,7.611418872506441e-05,0.5249704718589783,966.804443359375,0.5419954657554626,142,False,none,True,0.026691660284996033,0.06594539433717728,1.945166826248169,142.0,0.001848958432674408,20.997718811035156,0.0,0.0,0.493699312210083,0.493699312210083,20.997718811035156,0,10,0.0,1,0.0,0.0,0.0,0
42,tum_fr2_xyz,10,cross_scene_test,4049,4049,geometry_stratified,flat,1,12.72901015551804,12.729139355218663,0.0001291997006234169,0.5773466663001524,0.5773593850050356,1.2718704883174503e-05,0.2614632248878479,0.2614631950855255,2.9802322387695312e-08,0.11578092016279698,0.11577980034053324,1.1198222637370803e-06,7.13920846678615e-06,48.331006000807974,1.4771487410518208e-07,2.673225974672594e-06,6.166294653001241e-10,2.316985215905416e-08,0.08242812582748016,0.03762067342657879,0.00016543827950954437,0.0005101857706904453,0.0055869331473277,0.00011559728649625668,0.7339293956756592,1440.2216796875,0.5085946917533875,34,False,none,True,0.17478998005390167,0.028676215559244156,0.8743624091148376,34.0,0.000442708347691223,4.297335147857666,0.0,0.0,0.4622131586074829,0.4622131586074829,4.297335147857666,0,10,0.0,1,0.0,0.0,0.0,0
42,tum_fr2_xyz,10,cross_scene_test,2403,2403,geometry_stratified,flat,1,12.72901015551804,12.729004089898854,-6.065619185591231e-06,0.5773466663001524,0.5773463779713937,-2.883287587573946e-07,0.2614632248878479,0.26146334409713745,-1.1920928955078125e-07,0.11578092016279698,0.115781008079648,-8.791685102149671e-08,-4.7034293440926087e-07,79.77246100199409,-5.896056464868291e-09,-7.603650569887279e-08,-1.494366452450318e-09,-1.1020952584037622e-09,-0.08130210668142723,-0.001646886233680811,0.0003246590495109558,9.515547717455809e-05,0.0007399825935169092,9.276166038031742e-06,0.4121513366699219,796.540771484375,0.5164265036582947,81,False,none,True,0.009536292403936386,0.04340945929288864,0.4348570704460144,81.0,0.0010546875419095159,8.2132568359375,0.0,0.0,0.5724811553955078,0.5724811553955078,8.2132568359375,0,10,0.0,1,0.0,0.0,0.0,0
42,tum_fr2_xyz,10,cross_scene_test,3333,3333,geometry_stratified,flat,1,12.72901015551804,12.729054738079004,4.458256096384616e-05,0.5773466663001524,0.5773514862485728,4.819948420387021e-06,0.2614632248878479,0.26146286725997925,3.5762786865234375e-07,0.11578092016279698,0.11578042954206466,4.906207323185363e-07,2.862044409256187e-06,71.93440600531176,3.9786863730338565e-08,6.197668603888119e-07,4.971582981111096e-09,6.820390402366123e-09,-0.09429890584333123,-1.2841936517737906e-05,0.0002469755709171295,7.166548020904988e-05,-2.2125321499320448e-05,-3.075763425041235e-07,0.3572196662425995,701.130126953125,0.5084912180900574,55,False,none,True,0.00939107220619917,0.04321448132395744,0.22334255278110504,55.0,0.0007161458488553762,4.245607852935791,0.0,0.0,0.605796217918396,0.605796217918396,4.245607852935791,0,10,0.0,1,0.0,0.0,0.0,0
42,tum_fr2_xyz,10,cross_scene_test,762,762,geometry_stratified,flat,1,12.72901015551804,12.729010458799221,3.0328118150180217e-07,0.5773466663001524,0.5773466757565909,9.456438521127097e-09,0.2614632248878479,0.26146262884140015,5.960464477539062e-07,0.11578092016279698,0.11578073874115943,1.8142163754619745e-07,7.005752616965534e-07,64.82467799651204,1.0807230877942018e-08,4.6784834244471e-09,9.194745985255448e-09,2.7986508094333926e-09,-0.016218227819841502,0.0008571708453988247,0.0014641620218753815,0.00043877545103896375,0.013648294161005652,0.00021054164220823455,0.43816545605659485,850.0513305664062,0.514457643032074,70,False,none,True,0.009990566410124302,0.031491875648498535,0.2998695969581604,70.0,0.0009114583372138441,7.228832244873047,0.0,0.0,0.5556747913360596,0.5556747913360596,7.228832244873047,0,10,0.0,1,0.0,0.0,0.0,0
42,tum_fr2_xyz,10,cross_scene_test,2721,2721,geometry_stratified,flat,1,12.72901015551804,12.729010458799221,3.0328118150180217e-07,0.5773466663001524,0.5773482531337603,1.5868336078472822e-06,0.2614632248878479,0.2614632546901703,-2.9802322387695312e-08,0.11578092016279698,0.11578092649579047,-6.3329934907319085e-09,-1.7516665468408366e-08,83.35649999935413,-2.1014156626710683e-10,3.638362713215551e-09,-3.5752847573885937e-10,-7.597480089472301e-11,0.06763023119916767,0.0005688535940271411,0.0002817399799823761,8.565576426917791e-05,0.003179205670480651,3.813986516354795e-05,0.4052703380584717,775.1279296875,0.5218431353569031,100,False,none,True,0.007556146010756493,0.04261137545108795,0.5479081273078918,100.0,0.0013020833721384406,10.921570777893066,0.0,0.0,0.5753828883171082,0.5753828883171082,10.921570777893066,0,10,0.0,1,0.0,0.0,0.0,0
42,tum_fr2_xyz,10,cross_scene_test,2752,2752,geometry_stratified,general_visible,1,12.72901015551804,12.729000147250929,-1.0008267111061286e-05,0.5773466663001524,0.5773456934247558,-9.728753965765335e-07,0.2614632248878479,0.26146358251571655,-3.5762786865234375e-07,0.11578092016279698,0.11578111350536346,-1.9334256648462222e-07,-9.607178016677869e-07,76.77550600055838,-1.2513337283127768e-08,-1.303575532408539e-07,-4.658098491070092e-09,-2.518284496662465e-09,0.028564876124608674,-3.797713007080983e-05,9.42423939704895e-05,3.810424823314125e-05,0.0013944445221759684,1.816262236247361e-05,0.4365684688091278,845.3624267578125,0.5154275298118591,82,False,none,True,0.04289564490318298,0.04372679814696312,0.6681857109069824,82.0,0.0010677083628252149,7.713770866394043,0.0,0.0,0.5556671619415283,0.5556671619415283,7.713770866394043,0,10,0.0,1,0.0,0.0,0.0,0
42,tum_fr2_xyz,20,cross_scene_test,4079,4079,geometry_stratified,edge,1,11.725746020123914,11.725745538676337,-4.814475769165938e-07,0.42452164505066614,0.42452175821502647,1.1316436032693389e-07,0.3434206545352936,0.34340617060661316,1.4483928680419922e-05,0.15007227584719657,0.15006793588399886,4.33996319770813e-06,1.2623900709836108e-05,34.128733997931704,3.698906824554685e-07,-1.410681031841881e-08,4.243910331188285e-07,1.2716449423442265e-07,-0.06381726358153728,0.009137061926583312,0.10093975067138672,0.03009656053036447,0.014890815148027692,0.00043631314155778873,0.9678572416305542,1914.1099853515625,0.504643440246582,14,True,min_influence_pixels,True,0.10567107051610947,0.3716669976711273,1.1082459688186646,14.0,0.0001822916674427688,2.321721315383911,0.0,0.0,0.18798869848251343,0.18798869848251343,2.321721315383911,0,20,0.0,1,0.0,0.0,0.0,0
42,tum_fr2_xyz,20,cross_scene_test,1078,1078,geometry_stratified,edge,1,11.725746020123914,11.725912122723937,0.00016610260002281052,0.42452164505066614,0.42456625733625303,4.46122855868869e-05,0.3434206545352936,0.3433954119682312,2.524256706237793e-05,0.15007227584719657,0.1500629037618637,9.372085332859381e-06,3.19669459046374e-05,42.95339099917328,7.442240335635588e-07,3.867042767962313e-06,5.876734403312598e-07,2.181919777425667e-07,0.3415214497363177,0.06033711007510467,0.040962398052215576,0.014182939380407322,0.02951039635071205,0.0006870329830601741,0.7949129939079285,1535.9385986328125,0.5165421366691589,66,False,none,True,0.18629705905914307,0.3787212371826172,4.673311710357666,124.0,0.0016145834233611822,8.271080017089844,0.0,0.0,0.21645641326904297,0.21645641326904297,8.271080017089844,0,20,0.0,1,0.0,0.0,0.0,0
42,tum_fr2_xyz,20,cross_scene_test,379,379,geometry_stratified,edge,1,11.725746020123914,11.725695949861656,-5.007026225811728e-05,0.42452164505066614,0.4245174815310459,-4.163519620237199e-06,0.3434206545352936,0.34338802099227905,3.263354301452637e-05,0.15007227584719657,0.15006302818655967,9.247660636896304e-06,2.5518416705323207e-05,44.478825002443045,5.737205671220313e-07,-1.1257100936314554e-06,7.336871649090086e-07,2.0791153175445546e-07,-0.20903658813433523,-0.029523650951022606,0.09237506985664368,0.026369639858603466,0.049387301451129226,0.0011103553533263655,0.8714468479156494,1715.07958984375,0.5071086883544922,28,False,none,True,0.19174587726593018,0.3877617120742798,2.0597686767578125,29.0,0.0003776041849050671,3.5543429851531982,0.0,0.0,0.11215746402740479,0.11215746402740479,3.5543429851531982,0,20,0.0,1,0.0,0.0,0.0,0
42,tum_fr2_xyz,20,cross_scene_test,513,513,geometry_stratified,edge,1,11.725746020123914,11.725783573199443,3.7553075529217494e-05,0.42452164505066614,0.4245222506403395,6.055896733525579e-07,0.3434206545352936,0.34340229630470276,1.8358230590820312e-05,0.15007227584719657,0.15006636157631872,5.914270877843686e-06,1.827892560784622e-05,37.655012994946446,4.854313982124869e-07,9.972928580387788e-07,4.875374918416337e-07,1.5706463515594645e-07,0.16076301541599491,0.06311489742419796,0.02071833610534668,0.006869477592408524,0.010126612150942894,0.00026893131473097493,0.96906578540802,1897.65869140625,0.5096638798713684,47,False,none,True,0.15083946287631989,1.9457613229751587,10.13065242767334,49.0,0.0006380208651535213,4.831941604614258,0.0,0.0,0.08508819341659546,0.08508819341659546,4.831941604614258,0,20,0.0,1,0.0,0.0,0.0,0
42,tum_fr2_xyz,20,cross_scene_test,4310,4310,geometry_stratified,edge,1,11.725746020123914,11.72585868032467,0.00011266020075595407,0.42452164505066614,0.4245316916935859,1.0046642919758764e-05,0.3434206545352936,0.3434187173843384,1.9371509552001953e-06,0.15007227584719657,0.15007047429680825,1.8015503883139772e-06,8.417779996120851e-06,29.90186100214487,2.8151358189769664e-07,3.767665188058794e-06,6.478362517507666e-08,6.024877141207871e-08,0.45132111512466366,0.0,0.0,0.002194420062005518,0.02108823775727755,0.0007052483374116709,0.7275057435035706,1421.989990234375,0.5106109380722046,40,False,none,True,0.13202238082885742,0.0,0.7004419565200806,40.0,0.0005208333604969084,5.305479049682617,0.0,0.0,0.3486096262931824,0.3486096262931824,5.305479049682617,0,20,0.0,1,0.0,0.0,0.0,0
42,tum_fr2_xyz,20,cross_scene_test,4774,4774,geometry_stratified,edge,1,11.725746020123914,11.725755167638038,9.14751412395276e-06,0.42452164505066614,0.42451890408330395,-2.7409673621914266e-06,0.3434206545352936,0.34341779351234436,2.86102294921875e-06,0.15007227584719657,0.15007131844758986,9.57399606704712e-07,3.045372813326702e-06,32.31566299655242,9.423828976219972e-08,2.830675058385359e-07,8.853362994669108e-08,2.9626488146223447e-08,0.03149821305181,-0.01188642435800899,0.010461926460266113,0.0033663269132375717,0.005597305369563332,0.00017320719584680894,0.7408261895179749,1462.6341552734375,0.5055013298988342,16,True,min_influence_pixels,True,0.16524146497249603,0.7390602231025696,2.4874236583709717,16.0,0.00020833333837799728,2.750656843185425,0.0,0.0,0.48127079010009766,0.48127079010009766,2.750656843185425,0,20,0.0,1,0.0,0.0,0.0,0
42,tum_fr2_xyz,20,cross_scene_test,2831,2831,geometry_stratified,texture,1,11.725746020123914,11.725731576719792,-1.4443404122488346e-05,0.42452164505066614,0.42452601818404445,4.3731333783103565e-06,0.3434206545352936,0.3434188663959503,1.7881393432617188e-06,0.15007227584719657,0.15007189586758612,3.7997961044311523e-07,6.998166480821551e-07,94.91329600132303,7.373220376546612e-09,-1.521747187273637e-07,1.8839713913599556e-08,4.003439206639906e-09,0.05611790161944796,0.0013382442563598662,0.0005611628293991089,0.00021959738805890638,0.0033668507711162,3.5472909623423766e-05,0.3952854871749878,773.711181640625,0.509895384311676,59,False,none,True,0.05727844685316086,0.10483479499816895,0.8020849227905273,59.0,0.0007682291907258332,4.947682857513428,0.0,0.0,0.607250452041626,0.607250452041626,4.947682857513428,0,20,0.0,1,0.0,0.0,0.0,0
42,tum_fr2_xyz,20,cross_scene_test,2011,2011,geometry_stratified,texture,1,11.725746020123914,11.725712800366239,-3.3219757675340134e-05,0.42452164505066614,0.42451779411622076,-3.8509344453818706e-06,0.3434206545352936,0.34342050552368164,1.4901161193847656e-07,0.15007227584719657,0.15007259100675582,-3.1515955925542904e-07,-1.8529717204032688e-06,62.77251699793851,-2.9518837367380403e-08,-5.292086292546002e-07,2.3738352238348225e-09,-5.020661498499082e-09,-0.05972930431968848,0.002466331356808349,0.0004642605781555176,-7.723160088062009e-05,-0.0016531497607130165,-2.6335565941498043e-05,0.5538641810417175,1077.55517578125,0.5130007266998291,60,False,none,True,0.1164243221282959,0.15805575251579285,1.7842164039611816,60.0,0.0007812500116415322,6.500349521636963,0.0,0.0,0.48405665159225464,0.48405665159225464,6.500349521636963,0,20,0.0,1,0.0,0.0,0.0,0
42,tum_fr2_xyz,20,cross_scene_test,1582,1582,geometry_stratified,texture,1,11.725746020123914,11.725772981273469,2.6961149554693975e-05,0.42452164505066614,0.42452371119190446,2.066141238321606e-06,0.3434206545352936,0.3434210419654846,-3.8743019104003906e-07,0.15007227584719657,0.15007210001349447,1.7583370209850457e-07,1.2710733040765018e-06,40.734258996963035,3.120403648857998e-08,6.618789740769331e-07,-9.511163344567632e-09,4.316604902807093e-09,0.006213330899400127,-0.0020342925113392557,0.000562027096748352,0.0003408208489418252,0.0020773809883342024,5.099837432881945e-05,0.747132420539856,1479.88720703125,0.5038576722145081,23,True,min_influence_pixels,True,0.40799182653427124,0.11138442903757095,1.0017849206924438,23.0,0.0002994791720993817,1.9288229942321777,0.0,0.0,0.4436337351799011,0.4436337351799011,1.9288229942321777,0,20,0.0,1,0.0,0.0,0.0,0
42,tum_fr2_xyz,20,cross_scene_test,2401,2401,geometry_stratified,texture,1,11.725746020123914,11.725738798415847,-7.221708067106647e-06,0.42452164505066614,0.42452138138458206,-2.636660840771299e-07,0.3434206545352936,0.34342095255851746,-2.980232238769531e-07,0.15007227584719657,0.15007244348526,-1.6763806343078613e-07,-6.914617480793411e-07,71.518629003549,-9.668274653937065e-09,-1.0097660103003767e-07,-4.167071265616183e-09,-2.3439775869091026e-09,-0.0032388669931648906,0.0010816259850883747,0.0001894831657409668,1.3807415962213687e-05,0.0002697426374908378,3.771641616304645e-06,0.6317060589790344,1248.0145263671875,0.5051687955856323,31,False,none,True,0.2640070915222168,0.11839695274829865,0.9882825613021851,31.0,0.00040364585584029555,2.5843937397003174,0.0,0.0,0.5154033899307251,0.5154033899307251,2.5843937397003174,0,20,0.0,1,0.0,0.0,0.0,0
42,tum_fr2_xyz,20,cross_scene_test,1677,1677,geometry_stratified,texture,1,11.725746020123914,11.725723873590566,-2.214653334853267e-05,0.42452164505066614,0.4245123552928231,-9.289757843033986e-06,0.3434206545352936,0.34341999888420105,6.556510925292969e-07,0.15007227584719657,0.15007231906056404,-4.321336746770932e-08,-7.493436326266159e-07,66.20948699855944,-1.1317768292675636e-08,-3.344918432763952e-07,9.902675919291781e-09,-6.526763674917091e-10,0.0075677527923421195,-0.007096142890354908,0.0004176925867795944,0.00021932069212198674,0.009008458522047713,0.0001360599353721577,0.7748199105262756,1493.3216552734375,0.5178566575050354,75,False,none,True,0.18312771618366241,0.014298154041171074,1.76268470287323,75.0,0.0009765625,8.928337097167969,0.0,0.0,0.3001449704170227,0.3001449704170227,8.928337097167969,0,20,0.0,1,0.0,0.0,0.0,0
42,tum_fr2_xyz,20,cross_scene_test,1501,1501,geometry_stratified,texture,1,11.725746020123914,11.725746983019231,9.628953172580168e-07,0.42452164505066614,0.4245234114144934,1.7663638272602533e-06,0.3434206545352936,0.34341976046562195,8.940696716308594e-07,0.15007227584719657,0.15007199719548225,2.7865171431384894e-07,8.385099153700178e-07,51.637384996865876,1.6238427167078873e-08,1.8647251740506605e-08,1.7314387079925228e-08,5.3963173063616924e-09,0.0434916911076364,0.00036598451616409733,0.0009354427456855774,0.00034178867936134755,0.00374706312603701,7.256492803158869e-05,0.5488842725753784,1076.8914794921875,0.5086932182312012,42,False,none,True,0.05637510493397713,0.12500131130218506,0.7883712649345398,42.0,0.0005468750023283064,4.346602916717529,0.0,0.0,0.4537201523780823,0.4537201523780823,4.346602916717529,0,20,0.0,1,0.0,0.0,0.0,0
42,tum_fr2_xyz,20,cross_scene_test,3521,3521,geometry_stratified,depth_discontinuity,1,11.725746020123914,11.725752760395611,6.740271697225353e-06,0.42452164505066614,0.42452109864926696,-5.464013991818284e-07,0.3434206545352936,0.3434206545352936,0.0,0.15007227584719657,0.15007220283150674,7.301568982764906e-08,4.0237867850457557e-07,39.87827800301602,1.009017185933012e-08,1.6902113217415208e-07,0.0,1.8309639604329663e-09,-0.6983520053393519,-0.025725563555659914,0.0,-4.74877626402304e-05,-0.014334865361561987,-0.00035946550551851393,0.50197833776474,992.0971069335938,0.5049769878387451,28,False,none,True,0.016531601548194885,0.0,0.04113868623971939,28.0,0.0003645833348855376,2.488487720489502,0.0,0.0,0.3468107581138611,0.3468107581138611,2.488487720489502,0,20,0.0,1,0.0,0.0,0.0,0
42,tum_fr2_xyz,20,cross_scene_test,118,118,geometry_stratified,depth_discontinuity,1,11.725746020123914,11.725825459705234,7.943958132017315e-05,0.42452164505066614,0.4245331128936214,1.1467842955248386e-05,0.3434206545352936,0.3434206545352936,0.0,0.15007227584719657,0.15007141530513762,8.605420589447021e-07,4.742359831833843e-06,62.102400996082,7.636355045488556e-08,1.2791708540412945e-06,0.0,1.385682429571432e-08,-0.03374090733493418,0.009983474070618892,0.0,-0.00010160133242607082,-0.0013650344908594002,-2.1980381900943242e-05,0.4148552417755127,824.1773681640625,0.5023567080497742,14,True,min_influence_pixels,True,0.13190782070159912,0.0,0.15543389320373535,14.0,0.0001822916674427688,1.1783523559570312,0.0,0.0,0.47354578971862793,0.47354578971862793,1.1783523559570312,0,20,0.0,1,0.0,0.0,0.0,0
42,tum_fr2_xyz,20,cross_scene_test,86,86,geometry_stratified,depth_discontinuity,1,11.725746020123914,11.72690212968979,0.0011561095658763065,0.42452164505066614,0.4245946577165774,7.3012665911254e-05,0.3434206545352936,0.3434206545352936,0.0,0.15007227584719657,0.15005975365638732,1.2522190809244327e-05,6.90170753080035e-05,60.8187679972616,1.134798970461076e-06,1.9009092159320967e-05,0.0,2.0589352960599507e-07,0.3566237127131373,0.0,0.0,0.0022662609815597527,0.018004740402244673,0.00029603921610275543,0.3922131061553955,640.0458374023438,0.6117890477180481,347,False,none,True,0.08264464139938354,0.0,4.619383335113525,527.0,0.006861979141831398,55.894527435302734,0.0,0.0,0.4981651306152344,0.4981651306152344,55.894527435302734,0,20,0.0,1,0.0,0.0,0.0,0
42,tum_fr2_xyz,20,cross_scene_test,4524,4524,geometry_stratified,depth_discontinuity,1,11.725746020123914,11.72575083460263,4.8144787161419345e-06,0.42452164505066614,0.42452154364258415,-1.0140808198721984e-07,0.3434206545352936,0.343420147895813,5.066394805908203e-07,0.15007227584719657,0.15007207170128822,2.0414590834461066e-07,7.299954063296116e-07,27.3312299977988,2.6709204320054526e-08,1.7615302042863355e-07,1.853701720089524e-08,7.469327518778048e-09,0.07300738335566948,-0.029282788318939046,0.0,0.0003613598644733422,0.003386477111944748,0.0001239050387493533,0.8631075620651245,1713.968017578125,0.5025727152824402,12,True,min_influence_pixels,True,0.15518750250339508,0.0,0.19962665438652039,15.0,0.00019531250291038305,1.2863577604293823,0.0,0.0,0.35855019092559814,0.35855019092559814,1.2863577604293823,0,20,0.0,1,0.0,0.0,0.0,0
42,tum_fr2_xyz,20,cross_scene_test,3416,3416,geometry_stratified,depth_discontinuity,1,11.725746020123914,11.725538039738757,-0.000207980385157569,0.42452164505066614,0.42451372258662307,-7.922464043075284e-06,0.3434206545352936,0.343414306640625,6.3478946685791016e-06,0.15007227584719657,0.1500726245343685,-3.4868717194158627e-07,-6.870655704772791e-06,79.01323099940782,-8.695576193845666e-08,-2.6322222560311164e-06,8.033964170667412e-08,-4.413022572690383e-09,-0.020109554341543046,-0.008585464366261508,0.0008339360356330872,0.00015054177492856285,0.00196707190216203,2.4895474812019425e-05,0.7011627554893494,1140.3719482421875,0.6138544082641602,383,False,none,True,0.16705523431301117,0.07668063789606094,13.875205039978027,383.0,0.004986979067325592,56.927215576171875,0.0,0.0,0.31868648529052734,0.31868648529052734,56.927215576171875,0,20,0.0,1,0.0,0.0,0.0,0
42,tum_fr2_xyz,20,cross_scene_test,4149,4149,geometry_stratified,depth_discontinuity,1,11.725746020123914,11.725763833721825,1.7813597910532053e-05,0.42452164505066614,0.424522427767363,7.827166968454868e-07,0.3434206545352936,0.34342044591903687,2.086162567138672e-07,0.15007227584719657,0.15007202029228212,2.5555491445228284e-07,1.245670420274232e-06,26.779455998621415,4.6515897124211864e-08,6.651964069564774e-07,7.790160364893393e-09,9.542946446165247e-09,0.05929343312798352,0.02976943841280212,0.0,0.0007894560694694519,0.003842982369973464,0.00014350487068039389,1.0,1980.3050537109375,0.5039726495742798,17,True,min_influence_pixels,True,0.2515522837638855,0.0,0.4996647834777832,28.0,0.0003645833348855376,1.986325740814209,0.0,0.0,0.19102966785430908,0.19102966785430908,1.986325740814209,0,20,0.0,1,0.0,0.0,0.0,0
42,tum_fr2_xyz,20,cross_scene_test,1037,1037,geometry_stratified,flat,1,11.725746020123914,11.72603297237606,0.00028695225214647735,0.42452164505066614,0.4245919872862707,7.03422356045369e-05,0.3434206545352936,0.34341713786125183,3.516674041748047e-06,0.15007227584719657,0.15006811246275903,4.163384437538831e-06,2.0202428449402754e-05,64.71473699639319,3.12176629111986e-07,4.434109840583457e-06,5.43411625383573e-08,6.433441022515278e-08,0.5323427079852685,0.020599401783319843,0.0009156428277492523,0.0007548026274889694,0.022674028272753634,0.0003503688545318101,0.5614578127861023,981.5205688476562,0.5710285305976868,180,False,none,True,0.040597233921289444,0.0461539588868618,3.0809037685394287,180.0,0.0023437500931322575,35.514251708984375,0.0,0.0,0.44327235221862793,0.44327235221862793,35.514251708984375,0,20,0.0,1,0.0,0.0,0.0,0
42,tum_fr2_xyz,20,cross_scene_test,3390,3390,geometry_stratified,flat,1,11.725746020123914,11.725749390258455,3.3701345412140427e-06,0.42452164505066614,0.42453313953185984,1.1494481193696782e-05,0.3434206545352936,0.34341758489608765,3.069639205932617e-06,0.15007227584719657,0.15007131844758986,9.57399606704712e-07,2.882716273683118e-06,68.4985219995724,4.208435729023632e-08,4.9200105970681825e-08,4.481321810055667e-08,1.3976938169712456e-08,0.381304856517545,0.0032707301180737725,0.0005302578210830688,0.00016749355563661084,0.00837727265461589,0.00012229858995597284,0.3767116665840149,715.3375854492188,0.5256208181381226,120,False,none,True,0.009018492884933949,0.11055292934179306,1.5317569971084595,120.0,0.0015625000232830644,12.810393333435059,0.0,0.0,0.6098203659057617,0.6098203659057617,12.810393333435059,0,20,0.0,1,0.0,0.0,0.0,0
42,tum_fr2_xyz,20,cross_scene_test,3051,3051,geometry_stratified,flat,1,11.725746020123914,11.725644917303754,-0.0001011028201602926,0.42452164505066614,0.42450906230007435,-1.2582750591794145e-05,0.3434206545352936,0.3434208929538727,-2.384185791015625e-07,0.15007227584719657,0.15007344260811806,-1.1667609214893737e-06,-6.243879181884138e-06,98.65054400142981,-6.32929016771934e-08,-1.0248582122246305e-06,-2.4167994359778386e-09,-1.1827212239929089e-08,-0.004462537555578905,-0.0018016917287678735,0.0003169327974319458,9.456204716115635e-05,0.0006786022131506067,6.8788491743215455e-06,0.36170369386672974,707.6537475585938,0.5101308822631836,62,False,none,True,0.024286923930048943,0.12210708856582642,0.7415500283241272,62.0,0.0008072917116805911,5.065439701080322,0.0,0.0,0.6260100603103638,0.6260100603103638,5.065439701080322,0,20,0.0,1,0.0,0.0,0.0,0
42,tum_fr2_xyz,20,cross_scene_test,2914,2914,geometry_stratified,flat,1,11.725746020123914,11.725746020123914,0.0,0.42452164505066614,0.4245211081793229,-5.368713432152283e-07,0.3434206545352936,0.34341931343078613,1.341104507446289e-06,0.15007227584719657,0.15007187351584433,4.023313522338867e-07,1.171540927782312e-06,77.76946499507176,1.506427912107345e-08,0.0,1.7244615319538004e-08,5.1733845958614016e-09,0.03567599340885863,-0.00034127678235285064,0.0004391521215438843,0.00013315636315382878,0.0017199259523431299,2.2115697368525313e-05,0.3811480700969696,746.6215209960938,0.5094969868659973,57,False,none,True,0.011838804930448532,0.1282425969839096,0.6651744842529297,57.0,0.0007421874906867743,4.748485088348389,0.0,0.0,0.6039455533027649,0.6039455533027649,4.748485088348389,0,20,0.0,1,0.0,0.0,0.0,0
42,tum_fr2_xyz,20,cross_scene_test,2432,2432,geometry_stratified,flat,1,11.725746020123914,11.725938121966774,0.00019210184285967102,0.42452164505066614,0.42454477014417447,2.3125093508324923e-05,0.3434206545352936,0.343418687582016,1.9669532775878906e-06,0.15007227584719657,0.15006960481405257,2.6710331439971924e-06,1.3186297094820081e-05,69.88496800477151,1.8868574274684887e-07,2.7488292310093776e-06,2.8145584576265296e-08,3.822042450981481e-08,0.012030768118039603,3.643088857847865e-05,0.0005687475204467773,0.0008904337882995605,0.0036521808700325812,5.225989185232542e-05,0.9066250920295715,1765.4844970703125,0.5125276446342468,63,False,none,True,0.6070912480354309,0.10048975050449371,4.4321699142456055,63.0,0.0008203125325962901,6.263833999633789,0.0,0.0,0.37732213735580444,0.37732213735580444,6.263833999633789,0,20,0.0,1,0.0,0.0,0.0,0
42,tum_fr2_xyz,20,cross_scene_test,2632,2632,geometry_stratified,flat,1,11.725746020123914,11.725738798415847,-7.221708067106647e-06,0.42452164505066614,0.42452145069528946,-1.943553766814432e-07,0.3434206545352936,0.34342119097709656,-5.364418029785156e-07,0.15007227584719657,0.15007251501083374,-2.391636371723571e-07,-8.997356907961965e-07,64.78179500118131,-1.388871195649626e-08,-1.1147743076546363e-07,-8.280749290271032e-09,-3.6918340587505474e-09,0.006502184792729793,0.0003800960512391205,0.0001239180564880371,3.8161291740827774e-05,0.0004211225647358225,6.5006313074243045e-06,0.40226656198501587,786.3793334960938,0.510542631149292,56,False,none,True,0.02777227945625782,0.13728460669517517,0.8700674176216125,56.0,0.0007291666697710752,5.271318435668945,0.0,0.0,0.5993542671203613,0.5993542671203613,5.271318435668945,0,20,0.0,1,0.0,0.0,0.0,0
42,tum_fr2_xyz,20,cross_scene_test,1033,1033,geometry_stratified,general_visible,1,11.725746020123914,11.725724836480971,-2.1183642942901315e-05,0.42452164505066614,0.4245124331696791,-9.211880987014531e-06,0.3434206545352936,0.3434202969074249,3.5762786865234375e-07,0.15007227584719657,0.15007239803671835,-1.2218952177844855e-07,-9.522037240536618e-07,66.06072299473453,-1.4414067556141621e-08,-3.206692567471565e-07,5.413623291420062e-09,-1.8496546244004603e-09,0.1218702581952904,0.006209402658682195,0.0011003799736499786,0.00035211420617997646,0.009500770921987067,0.00014381875479540756,0.4435519278049469,884.4500122070312,0.5005002617835999,6,True,min_influence_pixels,True,0.031230757012963295,0.04996495321393013,0.020308488979935646,6.0,7.812499825377017e-05,0.2501177489757538,0.0,0.0,0.5404291749000549,0.5404291749000549,0.2501177489757538,0,20,0.0,1,0.0,0.0,0.0,0
43,tum_fr1_desk,15,train,1678,1678,geometry_stratified,edge,1,6.3422478278388255,6.342275703848117,2.7876009291105674e-05,0.20740989565669954,0.20741288520641782,2.9895497182796937e-06,0.35981470346450806,0.35981374979019165,9.5367431640625e-07,0.27045185416936873,0.27045052498579025,1.3291835784801087e-06,3.87183985302936e-06,66.49467399984132,5.822781916396191e-08,4.1922168520101615e-07,1.4342115827329656e-08,1.9989323934173743e-08,0.0027900626006172047,0.00014270283882592905,0.0006618760526180267,0.00038068480789660297,0.007640873233427416,0.00011490955250710228,0.5676423907279968,1040.025390625,0.5447965860366821,180,False,none,True,0.5941524505615234,0.01756608486175537,13.701441764831543,180.0,0.0023437500931322575,22.398277282714844,0.0,0.0,0.4692692756652832,0.4692692756652832,22.398277282714844,0,15,0.0,1,0.0,0.0,0.0,0
43,tum_fr1_desk,15,train,1369,1369,geometry_stratified,edge,1,6.3422478278388255,6.342266225984883,1.839814605730794e-05,0.20740989565669954,0.20741647115868575,6.575501986211263e-06,0.35981470346450806,0.3598161041736603,-1.4007091522216797e-06,0.27045185416936873,0.27045158594846724,2.682209014892578e-07,8.627623583066048e-07,66.07100000110222,1.3058109583511857e-08,2.7846023303720266e-07,-2.1200059817443546e-08,4.05958592248919e-09,0.15989806724283895,-0.003574814954379002,0.0008276700973510742,0.0007739162072539496,0.007021728479610667,0.00010627549877394815,0.7022949457168579,1391.733642578125,0.5036187767982483,21,True,min_influence_pixels,True,0.13102252781391144,0.6797987818717957,1.467095971107483,21.0,0.0002734375011641532,1.8093949556350708,0.0,0.0,0.32166314125061035,0.32166314125061035,1.8093949556350708,0,15,0.0,1,0.0,0.0,0.0,0
43,tum_fr1_desk,15,train,2883,2883,geometry_stratified,edge,1,6.3422478278388255,6.342338146758232,9.031891940658454e-05,0.20740989565669954,0.20742232941093466,1.2433754235124939e-05,0.35981470346450806,0.35982105135917664,-6.3478946685791016e-06,0.27045185416936873,0.27045037895441054,1.475214958190918e-06,4.675949696680121e-06,43.041665994678624,1.0863774876321523e-07,2.0984066791873475e-06,-1.47482550265687e-07,3.427411379413853e-08,0.014180765547725072,-0.00601732987935303,-0.0029060840606689453,0.000900286436081088,0.007088447263898953,0.00016468803193573687,0.9826917052268982,1893.0380859375,0.5181082487106323,59,False,none,True,0.8790980577468872,0.43090933561325073,11.86098575592041,59.0,0.0007682291907258332,9.054137229919434,0.0,0.0,0.21690982580184937,0.21690982580184937,9.054137229919434,0,15,0.0,1,0.0,0.0,0.0,0
43,tum_fr1_desk,15,train,3950,3950,geometry_stratified,edge,1,6.3422478278388255,6.342388603515544,0.00014077567671844093,0.20740989565669954,0.2074282389198224,1.834326312286083e-05,0.35981470346450806,0.3598073124885559,7.3909759521484375e-06,0.27045185416936873,0.27044436931610105,7.48485326768078e-06,2.1699865448505473e-05,32.99959500145633,6.575797505256602e-07,4.265981952573305e-06,2.2397171698083754e-07,2.2681651903153542e-07,0.046492967477165914,-0.0007735748944672494,0.006422460079193115,0.006782281398773238,0.022407783094069517,0.000679032063668679,0.6708813905715942,1277.787109375,0.524033784866333,70,False,none,True,0.8019660115242004,0.31854599714279175,13.465076446533203,70.0,0.0009114583372138441,12.01689624786377,0.0,0.0,0.37605661153793335,0.37605661153793335,12.01689624786377,0,15,0.0,1,0.0,0.0,0.0,0
43,tum_fr1_desk,15,train,1392,1392,geometry_stratified,edge,1,6.3422478278388255,6.342251730469355,3.902630529850626e-06,0.20740989565669954,0.20741014644247252,2.507857729816543e-07,0.35981470346450806,0.359813928604126,7.748603820800781e-07,0.27045185416936873,0.27045147567987443,3.78489494301526e-07,1.07678660449297e-06,81.97728300001472,1.3135182883443166e-08,4.7606243913328096e-08,9.452135441960658e-09,4.617004619456076e-09,0.0013652883761139378,6.150242076696268e-05,0.0005487352609634399,0.00024633556604386486,0.0015020410108017945,1.8322649346667475e-05,0.5586075782775879,1077.0521240234375,0.5176448225975037,83,False,none,True,0.5879932045936584,0.018595555797219276,5.351569652557373,83.0,0.0010807291837409139,8.82240104675293,0.0,0.0,0.49156928062438965,0.49156928062438965,8.82240104675293,0,15,0.0,1,0.0,0.0,0.0,0
43,tum_fr1_desk,15,train,3887,3887,geometry_stratified,edge,1,6.3422478278388255,6.342313057981094,6.523014226811341e-05,0.20740989565669954,0.20741778571488423,7.890058184689686e-06,0.35981470346450806,0.35982081294059753,-6.109476089477539e-06,0.27045185416936873,0.270451246201992,6.079673767200866e-07,2.10566167089285e-06,43.879978999029845,4.7986843178284214e-08,1.4865581925086063e-06,-1.3923151808282805e-07,1.3855233994836878e-08,0.03425565751969373,0.01502136598086417,-0.004477471113204956,0.0014423280954360962,0.0025183253639198535,5.739121625321498e-05,0.9677845239639282,1849.5828857421875,0.5222446918487549,81,False,none,True,0.7117604613304138,0.23646216094493866,10.546456336975098,81.0,0.0010546875419095159,11.122342109680176,0.0,0.0,0.21587663888931274,0.21587663888931274,11.122342109680176,0,15,0.0,1,0.0,0.0,0.0,0
43,tum_fr1_desk,15,train,1789,1789,geometry_stratified,texture,1,6.3422478278388255,6.342267341026542,1.9513187716313496e-05,0.20740989565669954,0.20743510688453196,2.5211227832416805e-05,0.35981470346450806,0.3598119914531708,2.7120113372802734e-06,0.27045185416936873,0.27045031040906903,1.5437602997048216e-06,4.414862620513032e-06,59.54467999981716,7.414369546576769e-08,3.277066518179863e-07,4.554582100850321e-08,2.5926082728290115e-08,0.06172079586847623,0.0,0.0003623664379119873,0.002779269218444791,0.008030465398093694,0.00013486453194673902,0.8138120174407959,1497.774169921875,0.5423476099967957,135,False,none,True,0.4588467478752136,0.2545967102050781,15.106318473815918,135.0,0.001757812569849193,21.173812866210938,0.0,0.0,0.23314940929412842,0.23314940929412842,21.173812866210938,0,15,0.0,1,0.0,0.0,0.0,0
43,tum_fr1_desk,15,train,1324,1324,geometry_stratified,texture,1,6.3422478278388255,6.342246991561311,-8.362775147929824e-07,0.20740989565669954,0.207409501994518,-3.936621815470165e-07,0.35981470346450806,0.3598140478134155,6.556510925292969e-07,0.27045185416936873,0.2704516887664795,1.654028892184023e-07,4.543565272334588e-07,77.11527000356,5.891913848093686e-09,-1.0844512568708843e-08,8.502221317503382e-09,2.144878559210991e-09,0.0035487838172096886,0.00024087271219898343,0.0004776120185852051,0.00035920143127438076,0.0015711266721243854,2.037374273670902e-05,0.6594963669776917,1296.102294921875,0.5078304409980774,44,False,none,True,0.5979332327842712,0.14574480056762695,2.911656618118286,44.0,0.0005729167023673654,3.9152112007141113,0.0,0.0,0.4410974979400635,0.4410974979400635,3.9152112007141113,0,15,0.0,1,0.0,0.0,0.0,0
43,tum_fr1_desk,15,train,1639,1639,geometry_stratified,texture,1,6.3422478278388255,6.342684107897151,0.0004362800583255222,0.20740989565669954,0.20748226747775522,7.23718210556834e-05,0.35981470346450806,0.35981571674346924,-1.0132789611816406e-06,0.27045185416936873,0.2704358339309692,1.602023839952782e-05,4.73078161704617e-05,66.08120699820574,7.159042384281239e-07,6.602180531257067e-06,-1.5333844631638666e-08,2.4243259358084677e-07,0.17361225674628322,0.0,1.8835067749023438e-05,0.0022753901779651586,0.011243899247510996,0.00017015275232209809,0.7378718852996826,1420.170166015625,0.5185657739639282,84,False,none,True,0.22975124418735504,0.3811900019645691,5.67130184173584,84.0,0.0010937500046566129,9.282892227172852,0.0,0.0,0.21198952198028564,0.21198952198028564,9.282892227172852,0,15,0.0,1,0.0,0.0,0.0,0
43,tum_fr1_desk,15,train,1841,1841,geometry_stratified,texture,1,6.3422478278388255,6.342320584599017,7.275676019169453e-05,0.20740989565669954,0.20741677211964055,6.876462941007855e-06,0.35981470346450806,0.3598144054412842,2.980232238769531e-07,0.27045185416936873,0.27044904232025146,2.8118491172679505e-06,8.278714265830466e-06,65.79868900007568,1.258188330442411e-07,1.1057478697122801e-06,4.5293185685904824e-09,4.2734120694482475e-08,0.08454560810027623,0.0,-0.0001843571662902832,0.0019386157393455616,0.006781460622921144,0.0001030637650381354,0.7865977883338928,1566.1754150390625,0.501241147518158,9,True,min_influence_pixels,True,0.35233476758003235,0.16089044511318207,0.31848758459091187,9.0,0.00011718750465661287,0.6205610632896423,0.0,0.0,0.23168236017227173,0.23168236017227173,0.6205610632896423,0,15,0.0,1,0.0,0.0,0.0,0
43,tum_fr1_desk,15,train,852,852,geometry_stratified,texture,1,6.3422478278388255,6.3422503366723335,2.5088335080525326e-06,0.20740989565669954,0.20741039275653675,4.970998372100244e-07,0.35981470346450806,0.35981377959251404,9.238719940185547e-07,0.27045185416936873,0.27045148313045503,3.710389137046022e-07,1.047192176371273e-06,42.446557999937795,2.4670838478182558e-08,5.910569964368393e-08,2.1765533827734835e-08,8.74131923029297e-09,-0.0022994073333784115,4.161021270819229e-05,0.001284182071685791,0.0003034353256225475,0.00046548743321844993,1.096643532837532e-05,1.0,1914.0567626953125,0.5214505195617676,68,False,none,True,0.39966920018196106,0.5414965152740479,10.09423542022705,68.0,0.000885416695382446,10.725248336791992,0.0,0.0,0.11376583576202393,0.11376583576202393,10.725248336791992,0,15,0.0,1,0.0,0.0,0.0,0
43,tum_fr1_desk,15,train,711,711,geometry_stratified,texture,1,6.3422478278388255,6.34237661649801,0.00012878865918430904,0.20740989565669954,0.20741853177710068,8.636120401139813e-06,0.35981470346450806,0.35981467366218567,2.9802322387695312e-08,0.27045185416936873,0.2704470261931419,4.827976226806641e-06,1.4239376388946256e-05,63.8568549984484,2.2298900234426274e-07,2.0168337320627265e-06,4.667051389928216e-10,7.56062325168371e-08,0.04266504221932088,0.0,-8.45789909362793e-05,0.0029989778995513916,0.008363114607862116,0.00013096659094885465,1.0,1925.6624755859375,0.518301784992218,64,False,none,True,0.6614368557929993,0.43314236402511597,10.016368865966797,64.0,0.0008333333535119891,9.150885581970215,0.0,0.0,0.10294556617736816,0.10294556617736816,9.150885581970215,0,15,0.0,1,0.0,0.0,0.0,0
43,tum_fr1_desk,15,train,2046,2046,geometry_stratified,depth_discontinuity,1,6.3422478278388255,6.342347346012831,9.951817400555285e-05,0.20740989565669954,0.20741960061930687,9.70496260732645e-06,0.35981470346450806,0.35981500148773193,-2.980232238769531e-07,0.27045185416936873,0.2704482197761536,3.634393215157239e-06,1.0735436112958194e-05,59.84101600188296,1.793992955036123e-07,1.6630428534572575e-06,-4.9802500657337686e-09,6.073414955125225e-08,0.005795140888065431,0.0009985466959349515,0.0,0.0006858050823211892,0.003029860575805495,5.0631837128402985e-05,0.7361989617347717,1431.4866943359375,0.513289749622345,64,False,none,True,0.8568990230560303,0.0,5.6939802169799805,64.0,0.0008333333535119891,6.644867420196533,0.0,0.0,0.4117077589035034,0.4117077589035034,6.644867420196533,0,15,0.0,1,0.0,0.0,0.0,0
43,tum_fr1_desk,15,train,1532,1532,geometry_stratified,depth_discontinuity,1,6.3422478278388255,6.3422486641165,8.36277674665098e-07,0.20740989565669954,0.2074092564681328,-6.39188566742277e-07,0.35981470346450806,0.35981497168540955,-2.682209014892578e-07,0.27045185416936873,0.2704519033432007,-4.9173831950799496e-08,-1.313317521425403e-07,46.96694699669024,-2.796259083048239e-09,1.7805663943283997e-08,-5.710843872993477e-09,-1.0469880436185213e-09,0.017378725593918176,0.0025611525332189244,0.0,3.868006169795851e-05,0.00065439838372997,1.3933168442396001e-05,0.21953196823596954,428.4246520996094,0.5114167332649231,65,False,none,True,0.11510095000267029,0.0,0.6570394039154053,65.0,0.0008463541744276881,5.708374977111816,0.0,0.0,0.6744345426559448,0.6744345426559448,5.708374977111816,0,15,0.0,1,0.0,0.0,0.0,0
43,tum_fr1_desk,15,train,2973,2973,geometry_stratified,depth_discontinuity,1,6.3422478278388255,6.342241973899606,-5.853939219591098e-06,0.20740989565669954,0.20741971155118563,9.815894486092658e-06,0.35981470346450806,0.3598144054412842,2.980232238769531e-07,0.27045185416936873,0.2704519838094711,-1.2964010237537238e-07,-3.976243260424124e-07,71.52830300037749,-5.5589788847683676e-09,-8.184087940070665e-08,4.166507681237458e-09,-1.8124308411830798e-09,0.6568304835350958,-0.009128469710949771,0.0,0.00026056610513478505,0.017845734979683645,0.0002494919385909304,0.5361214876174927,1067.3116455078125,0.5013101100921631,10,True,min_influence_pixels,True,0.04279639944434166,0.0,0.028034256771206856,10.0,0.0001302083401242271,0.6550611257553101,0.0,0.0,0.3835369348526001,0.3835369348526001,0.6550611257553101,0,15,0.0,1,0.0,0.0,0.0,0
43,tum_fr1_desk,15,train,145,145,geometry_stratified,depth_discontinuity,1,6.3422478278388255,6.342037090997893,-0.00021073684093231293,0.20740989565669954,0.20739525947182597,-1.463618487357321e-05,0.35981470346450806,0.35981476306915283,-5.960464477539063e-08,0.27045185416936873,0.270459757745266,-7.903575897250104e-06,-2.3308924178402654e-05,56.16928599920357,-4.149763302800957e-07,-3.7518162672621652e-06,-1.0611608055020633e-09,-1.4070992281016656e-07,-0.03197227090346333,-0.0028608768973014454,0.0,-0.002326947450637773,-0.006451592593002983,-0.0001148597935372449,0.4366365671157837,783.0184326171875,0.5566325187683105,183,False,none,True,0.6586773991584778,0.0,18.651268005371094,183.0,0.0023828125558793545,28.316242218017578,0.0,0.0,0.5583101511001587,0.5583101511001587,28.316242218017578,0,15,0.0,1,0.0,0.0,0.0,0
43,tum_fr1_desk,15,train,2332,2332,geometry_stratified,depth_discontinuity,1,6.3422478278388255,6.342253403026369,5.57518754362718e-06,0.20740989565669954,0.20741039614273732,5.00486037779968e-07,0.35981470346450806,0.35981443524360657,2.682209014892578e-07,0.27045185416936873,0.27045156508684154,2.890825271939512e-07,8.38971342179489e-07,67.21603599726222,1.2481714069149527e-08,8.294430727593432e-08,3.9904302226359e-09,4.3007970182253215e-09,0.0013476729133445886,0.0,0.0,0.00013059377670288086,0.00042704179177429426,6.353272480865847e-06,0.6161941885948181,1229.37744140625,0.5002245903015137,2,True,min_influence_pixels,True,0.7753139734268188,0.0,0.08706770837306976,2.0,2.604166729724966e-05,0.11229993402957916,0.0,0.0,0.4636077880859375,0.4636077880859375,0.11229993402957916,0,15,0.0,1,0.0,0.0,0.0,0
43,tum_fr1_desk,15,train,3044,3044,geometry_stratified,depth_discontinuity,1,6.3422478278388255,6.342346788481694,9.896064286873951e-05,0.20740989565669954,0.207440355292927,3.0459636227470055e-05,0.35981470346450806,0.35981467366218567,2.9802322387695312e-08,0.27045185416936873,0.2704481422901153,3.7118792534096556e-06,1.0947229505431368e-05,56.577998999273404,1.9348916008096994e-07,1.7491011456592942e-06,5.267475505466011e-10,6.560640742097162e-08,0.6659395427014267,0.004828951293240014,0.0,0.0030025186017155654,0.03066037659226988,0.0005419134139520139,0.43367287516593933,856.5308227539062,0.5053132176399231,32,False,none,True,0.1717999130487442,0.0,0.45640355348587036,32.0,0.00041666667675599456,2.656599521636963,0.0,0.0,0.4452850818634033,0.4452850818634033,2.656599521636963,0,15,0.0,1,0.0,0.0,0.0,0
43,tum_fr1_desk,15,train,2201,2201,geometry_stratified,flat,1,6.3422478278388255,6.342306646427966,5.8818589140585686e-05,0.20740989565669954,0.20741752669274793,7.631036048394435e-06,0.35981470346450806,0.35981324315071106,1.4603137969970703e-06,0.27045185416936873,0.2704492151737213,2.6389956474526244e-06,7.709419177552203e-06,67.21586300409399,1.146964248169013e-07,8.750700580457199e-07,2.172573157184823e-08,3.926150062659893e-08,0.01690633204704106,0.0008762748640957219,0.0004214644432067871,0.0009712308645248302,0.0027208487033007103,4.047926459167814e-05,0.8464058637619019,1643.00048828125,0.5141586065292358,69,False,none,True,0.5471440553665161,0.3253190815448761,6.17642068862915,69.0,0.0008984375162981451,7.079291343688965,0.0,0.0,0.23185592889785767,0.23185592889785767,7.079291343688965,0,15,0.0,1,0.0,0.0,0.0,0
43,tum_fr1_desk,15,train,85,85,geometry_stratified,flat,1,6.3422478278388255,6.342145803170645,-0.00010202466818043376,0.20740989565669954,0.20738071832180696,-2.9177334892577234e-05,0.35981470346450806,0.35981693863868713,-2.2351741790771484e-06,0.27045185416936873,0.2704563423991203,-4.488229751575812e-06,-1.3124165241187485e-05,70.2653519983869,-1.8678003977677047e-07,-1.451991134731325e-06,-3.181047437332217e-08,-6.387543254147292e-08,-0.12765838699717058,-0.006830943550773488,0.00036966800689697266,-0.0008868485689164096,-0.006697175636672783,-9.531263199003872e-05,0.7889807224273682,1550.1666259765625,0.507965087890625,44,False,none,True,0.21676364541053772,1.6110954284667969,7.279514312744141,44.0,0.0005729167023673654,3.9825358390808105,0.0,0.0,0.3103957176208496,0.3103957176208496,3.9825358390808105,0,15,0.0,1,0.0,0.0,0.0,0
43,tum_fr1_desk,15,train,1996,1996,geometry_stratified,flat,1,6.3422478278388255,6.3422350049346345,-1.2822904190912254e-05,0.20740989565669954,0.20740745218367498,-2.443473024554832e-06,0.35981470346450806,0.35981425642967224,4.470348358154297e-07,0.27045185416936873,0.2704521998763084,-3.457069396861634e-07,-1.0425554093379885e-06,63.631435004936066,-1.638428253672284e-08,-2.0151838772640515e-07,7.0253772491654785e-09,-5.432958405846827e-09,-0.031862402291974234,-0.0022528063000308296,0.0005755126476287842,0.00012036869302392561,-0.0006088702455446169,-9.568702096650582e-06,0.5423793792724609,1028.5546875,0.5263218283653259,97,False,none,True,0.0901169627904892,0.34160321950912476,5.681832313537598,97.0,0.0012630209093913436,13.160913467407227,0.0,0.0,0.46242284774780273,0.46242284774780273,13.160913467407227,0,15,0.0,1,0.0,0.0,0.0,0
43,tum_fr1_desk,15,train,2286,2286,geometry_stratified,flat,1,6.3422478278388255,6.3422475490796355,-2.7875918995334814e-07,0.20740989565669954,0.20740897708689313,-9.185698064129166e-07,0.35981470346450806,0.3598141670227051,5.364418029785156e-07,0.27045185416936873,0.2704517036676407,1.5050172802455464e-07,4.164981285457754e-07,65.0300619963673,6.404701391320245e-09,-4.286620393640716e-09,8.249135653730152e-09,2.31434083567323e-09,0.01914385964407117,0.007152495643529266,0.0004761815071105957,0.00025432594120503027,0.0013820340097683947,2.1252232695789184e-05,0.5570693016052246,1082.18408203125,0.5137639045715332,66,False,none,True,0.18868854641914368,0.3156372308731079,3.4707529544830322,66.0,0.0008593749953433871,6.881966590881348,0.0,0.0,0.45249229669570923,0.45249229669570923,6.881966590881348,0,15,0.0,1,0.0,0.0,0.0,0
43,tum_fr1_desk,15,train,2203,2203,geometry_stratified,flat,1,6.3422478278388255,6.342412020110359,0.00016419227153363636,0.20740989565669954,0.20743756198190347,2.7666325203928865e-05,0.35981470346450806,0.35981330275535583,1.4007091522216797e-06,0.27045185416936873,0.27044529020786284,6.563961505889893e-06,1.9289917855896642e-05,66.2053179985378,2.9136508122085716e-07,2.4800465657043246e-06,2.115704892849568e-08,9.914553247874837e-08,0.06145431818726177,-0.005204233264604591,0.0003043711185455322,0.003371259570121743,0.009298622759185873,0.0001404512966676067,0.7870684862136841,1532.7276611328125,0.5125083327293396,61,False,none,True,0.5739858746528625,0.32755813002586365,5.638402938842773,61.0,0.0007942708325572312,6.254162788391113,0.0,0.0,0.25010931491851807,0.25010931491851807,6.254162788391113,0,15,0.0,1,0.0,0.0,0.0,0
43,tum_fr1_desk,15,train,3813,3813,geometry_stratified,flat,1,6.3422478278388255,6.342278491458888,3.066362006265422e-05,0.20740989565669954,0.20741372611942718,3.830462727644202e-06,0.35981470346450806,0.3598168194293976,-2.115964889526367e-06,0.27045185416936873,0.27045134156942363,5.125999451016661e-07,1.6201611369031044e-06,50.49294800119242,3.208687947601799e-08,6.072852007359539e-07,-4.1906146764819465e-08,1.0151911611291952e-08,0.042551722952556936,-0.0008451153897250374,-0.005276188254356384,0.002516452968120586,0.006832555976682082,0.00013531703430191337,0.9608321785926819,1820.54443359375,0.5267718434333801,77,False,none,True,0.7707325220108032,0.23872147500514984,13.512482643127441,77.0,0.001002604141831398,13.385931968688965,0.0,0.0,0.2342369556427002,0.2342369556427002,13.385931968688965,0,15,0.0,1,0.0,0.0,0.0,0
43,tum_fr1_desk,15,train,1949,1949,geometry_stratified,general_visible,1,6.3422478278388255,6.342323929766725,7.610192789986314e-05,0.20740989565669954,0.20743371092895693,2.381527225739366e-05,0.35981470346450806,0.359813392162323,1.3113021850585938e-06,0.27045185416936873,0.27044861316680907,3.2410025596618652e-06,9.49275762800828e-06,64.43778699758695,1.4731663004447625e-07,1.1810139895510841e-06,2.0349894776921793e-08,5.0296614931596475e-08,0.28262471670683986,0.0030227428486437613,9.262561798095703e-05,0.0019502438604831612,0.014631974021692449,0.0002270713304018399,0.6111589670181274,1184.3748779296875,0.5150181651115417,68,False,none,True,0.18726970255374908,0.3032571077346802,3.683399200439453,68.0,0.000885416695382446,7.509068489074707,0.0,0.0,0.36226725578308105,0.36226725578308105,7.509068489074707,0,15,0.0,1,0.0,0.0,0.0,0
43,tum_fr1_desk,25,train,2112,2112,geometry_stratified,edge,1,6.566649764751405,6.566649764751405,0.0,0.1860985078025487,0.18610033020766792,1.8224051192283763e-06,0.41018059849739075,0.41018182039260864,-1.2218952178955078e-06,0.27737803459167476,0.27737840116024015,-3.665685653908568e-07,-8.93676021517103e-07,50.11151799408253,-1.7833744761486442e-08,0.0,-2.4383520332387386e-08,-7.315056100159317e-09,0.006477564566358396,0.0,-0.0002225041389465332,-6.335973739612921e-06,0.0002354116739644511,4.697755793234001e-06,0.582649290561676,1142.5731201171875,0.5089448094367981,56,False,none,True,0.21038247644901276,0.372547447681427,2.6070950031280518,56.0,0.0007291666697710752,4.47239875793457,0.0,0.0,0.44390153884887695,0.44390153884887695,4.47239875793457,0,25,0.0,1,0.0,0.0,0.0,0
43,tum_fr1_desk,25,train,592,592,geometry_stratified,edge,1,6.566649764751405,6.566649764751405,0.0,0.1860985078025487,0.18609600522173927,-2.5025808094158997e-06,0.41018059849739075,0.4101795256137848,1.0728836059570312e-06,0.27737803459167476,0.277377712726593,3.218650817538027e-07,7.846911408442855e-07,77.65996299713152,1.0104191536548494e-08,0.0,1.381514443931244e-08,4.144543331364853e-09,-0.08540742032772641,-5.354520356470882e-05,0.0004184842109680176,0.00012303998373681957,-0.0011293014955429369,-1.4541617739177255e-05,0.4527164697647095,866.3740844726562,0.5215415358543396,107,False,none,True,0.00990458857268095,0.20605072379112244,2.32600474357605,107.0,0.0013932292349636555,10.770768165588379,0.0,0.0,0.5560116767883301,0.5560116767883301,10.770768165588379,0,25,0.0,1,0.0,0.0,0.0,0
43,tum_fr1_desk,25,train,1198,1198,geometry_stratified,edge,1,6.566649764751405,6.566679706080127,2.9941328722138394e-05,0.1860985078025487,0.1861006412424004,2.1334398516981157e-06,0.41018059849739075,0.41018056869506836,2.9802322387695312e-08,0.27737803459167476,0.2773769617080688,1.0728836059570312e-06,3.2135204357898416e-06,62.22790900210384,5.164114442092529e-08,4.811559507989593e-07,4.789221245838059e-10,1.7241196485017013e-08,0.01280712299495157,0.00010599352571463716,0.0009073242545127869,0.0008466221392154638,0.003971021308806867,6.381415304622581e-05,0.7595439553260803,1477.410888671875,0.5131046772003174,55,False,none,True,0.44054558873176575,0.050700705498456955,3.2188069820404053,55.0,0.0007161458488553762,6.552328586578369,0.0,0.0,0.3222324848175049,0.3222324848175049,6.552328586578369,0,25,0.0,1,0.0,0.0,0.0,0
43,tum_fr1_desk,25,train,4242,4242,geometry_stratified,edge,1,6.566649764751405,6.566799473459285,0.0001497087078794479,0.1860985078025487,0.1861223060651426,2.379826259391038e-05,0.41018059849739075,0.41016918420791626,1.1414289474487305e-05,0.27737803459167476,0.27736929059028625,8.744001388505396e-06,2.430707920733427e-05,29.659929001354612,8.19525872979134e-07,5.047507290816862e-06,3.848387322156435e-07,2.948085744947685e-07,0.3775921504643218,0.0002588681191267152,0.044063955545425415,0.03776558041572575,0.10907838407086937,0.0036776346991891852,0.7096001505851746,1411.609375,0.5016887187957764,16,True,min_influence_pixels,True,0.6584170460700989,0.33401623368263245,0.8379839658737183,16.0,0.00020833333837799728,0.8443730473518372,0.0,0.0,0.3278769254684448,0.3278769254684448,0.8443730473518372,0,25,0.0,1,0.0,0.0,0.0,0
43,tum_fr1_desk,25,train,304,304,geometry_stratified,edge,1,6.566649764751405,6.566645068091121,-4.696660284686516e-06,0.1860985078025487,0.18609882712991235,3.193273636625804e-07,0.41018059849739075,0.41017961502075195,9.834766387939453e-07,0.27737803459167476,0.2773779064416885,1.2814998623378315e-07,2.186397056281044e-07,94.81634099938674,2.305928527968808e-09,-4.953429161242252e-08,1.0372438215057322e-08,1.3515601307016479e-09,-0.004191001698448105,-0.00031697125465243725,0.00031566619873046875,6.869435310585814e-07,-0.0003042110695123373,-3.208424479429183e-06,0.730093240737915,1403.95947265625,0.5190244317054749,100,False,none,True,0.32775041460990906,2.418727159500122,26.125091552734375,100.0,0.0013020833721384406,9.51221752166748,0.0,0.0,0.3335716128349304,0.3335716128349304,9.51221752166748,0,25,0.0,1,0.0,0.0,0.0,0
43,tum_fr1_desk,25,train,1976,1976,geometry_stratified,edge,1,6.566649764751405,6.566658277461119,8.512709714025846e-06,0.1860985078025487,0.1860993627501636,8.549476148977941e-07,0.41018059849739075,0.4101797342300415,8.642673492431641e-07,0.27737803459167476,0.27737747281789776,5.617737769969544e-07,1.5395608567505495e-06,63.797860995691735,2.4131856973300656e-08,1.3343252549800545e-07,1.3546964361415314e-08,8.805526834745933e-09,0.0039533303129752895,0.0,0.0005549043416976929,0.000309592485427862,0.0013591595557908896,2.1304155571652685e-05,0.6993792653083801,1362.04296875,0.5124781131744385,59,False,none,True,0.442886620759964,0.1599830538034439,3.7613444328308105,59.0,0.0007682291907258332,6.239067077636719,0.0,0.0,0.3046104311943054,0.3046104311943054,6.239067077636719,0,25,0.0,1,0.0,0.0,0.0,0
43,tum_fr1_desk,25,train,2520,2520,geometry_stratified,texture,1,6.566649764751405,6.567027862566994,0.0003780978155889514,0.1860985078025487,0.186138842976147,4.033517359830485e-05,0.41018059849739075,0.4102017283439636,-2.1129846572875977e-05,0.27737803459167476,0.2773709386587143,7.0959329604436405e-06,2.4850890947457213e-05,78.77517800079659,3.154660081784381e-07,4.7997075371270885e-06,-2.682297534467305e-07,9.007828532449505e-08,0.2094569941838902,0.02266991157896353,-0.0013510286808013916,0.002956292033195501,0.012358142402347772,0.00015687863507236766,0.9012301564216614,1690.0169677734375,0.5322669148445129,130,False,none,True,0.18646518886089325,0.1643715500831604,5.660214424133301,130.0,0.0016927083488553762,16.13347053527832,0.0,0.0,0.19911205768585205,0.19911205768585205,16.13347053527832,0,25,0.0,1,0.0,0.0,0.0,0
43,tum_fr1_desk,25,train,2055,2055,geometry_stratified,texture,1,6.566649764751405,6.566665322474881,1.555772347572315e-05,0.1860985078025487,0.18606277836148227,-3.572944106641773e-05,0.41018059849739075,0.4101813733577728,-7.748603820800781e-07,0.27737803459167476,0.27737771421670915,3.2037496561221346e-07,1.091720417026565e-06,64.3348200028413,1.6969355272593442e-08,2.418243103040633e-07,-1.2044183570356721e-08,4.979806667650028e-09,-0.1059348187456628,0.0068014759632770705,-7.495284080505371e-05,-0.0001850148662924725,-0.003931758466067065,-6.11140042964824e-05,0.7545855641365051,1460.6234130859375,0.5156188011169434,81,False,none,True,0.07760681957006454,0.08381132036447525,1.2605775594711304,81.0,0.0010546875419095159,7.80939245223999,0.0,0.0,0.20184540748596191,0.20184540748596191,7.80939245223999,0,25,0.0,1,0.0,0.0,0.0,0
43,tum_fr1_desk,25,train,2576,2576,geometry_stratified,texture,1,6.566649764751405,6.566705831525787,5.606677438141361e-05,0.1860985078025487,0.18610574436713226,7.236564583568139e-06,0.41018059849739075,0.41018158197402954,-9.834766387939453e-07,0.27737803459167476,0.2773763373494148,1.6972422599570436e-06,5.257376399377348e-06,69.40507800027262,7.57491605924958e-08,8.078194852139404e-07,-1.4170096297421957e-08,2.4454151034170395e-08,0.017447214251216536,0.0,-2.1666288375854492e-05,0.0006482735276222007,0.0019093473062989253,2.75101961025305e-05,0.527360200881958,1025.2237548828125,0.5133854150772095,68,False,none,True,0.3372655212879181,0.2852805554866791,4.166525363922119,68.0,0.000885416695382446,6.692718029022217,0.0,0.0,0.5163090229034424,0.5163090229034424,6.692718029022217,0,25,0.0,1,0.0,0.0,0.0,0
43,tum_fr1_desk,25,train,1451,1451,geometry_stratified,texture,1,6.566649764751405,6.566968268878223,0.0003185041268176647,0.1860985078025487,0.1861589469033033,6.043910075462233e-05,0.41018059849739075,0.4101859927177429,-5.3942203521728516e-06,0.27737803459167476,0.2773683354258537,9.699165821053235e-06,3.0007051273653596e-05,64.43160699564032,4.6571942983951935e-07,4.94329012838708e-06,-8.372009645107632e-08,1.5053428392232273e-07,0.24719918317365597,0.0,-0.002075403928756714,0.0017730079591274095,0.012761289475737028,0.00019805946290615573,0.6856712102890015,1345.17626953125,0.5087258815765381,49,False,none,True,0.19947786629199982,0.40126365423202515,2.6210079193115234,49.0,0.0006380208651535213,4.362954616546631,0.0,0.0,0.32055580615997314,0.32055580615997314,4.362954616546631,0,25,0.0,1,0.0,0.0,0.0,0
43,tum_fr1_desk,25,train,1804,1804,geometry_stratified,texture,1,6.566649764751405,6.566718453988425,6.86892370200809e-05,0.1860985078025487,0.18611793312510308,1.9425322554389446e-05,0.41018059849739075,0.41018030047416687,2.980232238769531e-07,0.27737803459167476,0.2773755043745041,2.530217170670923e-06,7.540191539055578e-06,64.21775199851254,1.174159995390407e-07,1.069630045936082e-06,4.640823052850809e-09,3.940058771801184e-08,0.3128294932673654,0.03537677121992239,7.405877113342285e-05,0.0008472179993987139,0.012462044191910455,0.00019405917840598205,0.7210469841957092,1367.59814453125,0.5262359976768494,94,False,none,True,0.1022253930568695,0.2346380650997162,4.418972015380859,94.0,0.0012239583302289248,13.11799144744873,0.0,0.0,0.2929180860519409,0.2929180860519409,13.11799144744873,0,25,0.0,1,0.0,0.0,0.0,0
43,tum_fr1_desk,25,train,5318,5318,geometry_stratified,texture,1,6.566649764751405,6.5676156234389875,0.000965858687582255,0.1860985078025487,0.18626701635771947,0.00016850855517078211,0.41018059849739075,0.4101392924785614,4.13060188293457e-05,0.27737803459167476,0.27733132541179656,4.6709179878201557e-05,0.0001331704294594198,43.07985500054201,3.0912460001953187e-06,2.2420193558453318e-05,9.588244628220315e-07,1.0842464506348475e-06,0.31386286294559707,0.01723951940739593,0.02683631330728531,0.035167752951383524,0.15730637561251287,0.0036515066174325267,0.8666402101516724,1694.9613037109375,0.510303795337677,38,False,none,True,0.7397927045822144,0.09817768633365631,4.317148208618164,38.0,0.0004947916604578495,5.151910305023193,0.0,0.0,0.3524717688560486,0.3524717688560486,5.151910305023193,0,25,0.0,1,0.0,0.0,0.0,0
43,tum_fr1_desk,25,train,1093,1093,geometry_stratified,depth_discontinuity,1,6.566649764751405,6.567446802858203,0.0007970381067980981,0.1860985078025487,0.18613948951083167,4.098170828298331e-05,0.41018059849739075,0.41017550230026245,5.0961971282958984e-06,0.27737803459167476,0.2773481860756874,2.9848515987362934e-05,8.869095461557603e-05,79.76060699729715,1.1119643888690756e-06,9.992879151798673e-06,6.389366029359071e-08,3.742262892805519e-07,0.1362232887207453,0.005236031952691567,0.0013741254806518555,0.004873183369636547,0.014470688939527895,0.00018142651472071,0.6664800047874451,1147.34130859375,0.579890787601471,360,False,none,True,0.38711586594581604,0.48079219460487366,34.66893768310547,552.0,0.0071875001303851604,39.945404052734375,0.0,0.0,0.3863375186920166,0.3863375186920166,39.945404052734375,0,25,0.0,1,0.0,0.0,0.0,0
43,tum_fr1_desk,25,train,1119,1119,geometry_stratified,depth_discontinuity,1,6.566649764751405,6.567047238031124,0.00039747327971895174,0.1860985078025487,0.18614425034899243,4.5742546443738874e-05,0.41018059849739075,0.4101806879043579,-8.940696716308594e-08,0.27737803459167476,0.2773639380931854,1.4096498489379883e-05,4.23049662203454e-05,62.35768199985614,6.784242913398063e-07,6.374086832154356e-06,-1.4337763094415889e-09,2.260587314552905e-07,0.11771417126550343,0.004742283341506247,0.0,0.004366432130336745,0.013035005420344472,0.0002090360802759561,0.6706035733222961,1299.5709228515625,0.5150191783905029,63,False,none,True,0.46720853447914124,0.0,3.5085456371307373,63.0,0.0008203125325962901,7.509592533111572,0.0,0.0,0.28295737504959106,0.28295737504959106,7.509592533111572,0,25,0.0,1,0.0,0.0,0.0,0
43,tum_fr1_desk,25,train,901,901,geometry_stratified,depth_discontinuity,1,6.566649764751405,6.566890768949553,0.00024100419814754304,0.1860985078025487,0.18613598713316074,3.747933061204467e-05,0.41018059849739075,0.4101804494857788,1.4901161193847656e-07,0.27737803459167476,0.2773694261908531,8.608400821674689e-06,2.579985385450589e-05,62.27830100397114,4.142671434286683e-07,3.869794041622548e-06,2.39267304239682e-09,1.3822472165908603e-07,0.2991752307019233,0.0,0.0,0.0017526607960462598,0.014699745727708243,0.00023603318476480152,0.6918954849243164,1349.6644287109375,0.511642575263977,54,False,none,True,0.14741705358028412,0.0,0.8581582903862,54.0,0.0007031250279396772,5.821295738220215,0.0,0.0,0.18829166889190674,0.18829166889190674,5.821295738220215,0,25,0.0,1,0.0,0.0,0.0,0
43,tum_fr1_desk,25,train,1165,1165,geometry_stratified,depth_discontinuity,1,6.566649764751405,6.567369294389691,0.0007195296382853655,0.1860985078025487,0.1861424445260305,4.393672348179667e-05,0.41018059849739075,0.4101759195327759,4.678964614868164e-06,0.27737803459167476,0.27735106498003004,2.696961164472267e-05,8.012345162862007e-05,79.84567200037418,1.0034789566082504e-06,9.011504571994755e-06,5.8600103144554125e-08,3.377717410230611e-07,0.1116598686597543,0.0012788580966837937,0.0011872053146362305,0.004745166003704004,0.013416742492576612,0.00016803343445482853,0.6607655882835388,1149.9765625,0.5735904574394226,342,False,none,True,0.440714955329895,0.40593576431274414,31.15269660949707,543.0,0.007070312742143869,36.79521560668945,0.0,0.0,0.38787978887557983,0.38787978887557983,36.79521560668945,0,25,0.0,1,0.0,0.0,0.0,0
43,tum_fr1_desk,25,train,611,611,geometry_stratified,depth_discontinuity,1,6.566649764751405,6.5665658127148365,-8.395203656874628e-05,0.1860985078025487,0.18607186804732537,-2.663975522332329e-05,0.41018059849739075,0.4101807177066803,-1.1920928955078125e-07,0.27737803459167476,0.27738105356693266,-3.0189752578957396e-06,-9.036412806644348e-06,69.02515399997355,-1.3091477936648733e-07,-1.216252796317969e-06,-1.7270412689094026e-09,-4.373732013545231e-08,-0.0002872117193648549,0.0,-0.0005742311477661133,-0.00018030107021330122,-0.00048137518977242025,-6.973909681861843e-06,0.5460899472236633,1062.7974853515625,0.5128231048583984,61,False,none,True,0.3471249043941498,0.004143574740737677,2.252171754837036,61.0,0.0007942708325572312,6.4115400314331055,0.0,0.0,0.38686686754226685,0.38686686754226685,6.4115400314331055,0,25,0.0,1,0.0,0.0,0.0,0
43,tum_fr1_desk,25,train,1129,1129,geometry_stratified,depth_discontinuity,1,6.566649764751405,6.566683815690376,3.405093897068667e-05,0.1860985078025487,0.18609993377721035,1.4259746616562818e-06,0.41018059849739075,0.41018036007881165,2.384185791015625e-07,0.27737803459167476,0.2773767530918121,1.2814998626708984e-06,3.8041806766097504e-06,54.95653099933406,6.922163039468135e-08,6.195976775007739e-07,4.33831202163127e-09,2.3318427116268075e-08,0.021325834029187085,0.0,0.0,0.0012816548347472922,0.003492906871012802,6.355763013963031e-05,0.7388617396354675,1416.7459716796875,0.5205202102661133,82,False,none,True,0.5729557871818542,0.0,5.8785905838012695,82.0,0.0010677083628252149,10.260111808776855,0.0,0.0,0.30335545539855957,0.30335545539855957,10.260111808776855,0,25,0.0,1,0.0,0.0,0.0,0
43,tum_fr1_desk,25,train,2171,2171,geometry_stratified,flat,1,6.566649764751405,6.566645655173379,-4.1095780263233905e-06,0.1860985078025487,0.1860872962167833,-1.1211585765391607e-05,0.41018059849739075,0.41017815470695496,2.4437904357910156e-06,0.27737803459167476,0.27737744748592374,5.871057510153932e-07,1.3492740700215433e-06,64.06898999557598,2.1059705640977204e-08,-6.414301250272808e-08,3.814310848289885e-08,9.163649232740104e-09,0.202100107197694,-0.015530334369731391,0.0007270872592926025,0.00029645978938787343,0.006073915118890891,9.480272935955914e-05,0.538736879825592,1024.723876953125,0.5247385501861572,96,False,none,True,0.04543869197368622,0.3362390697002411,4.72108268737793,96.0,0.0012499999720603228,12.36928939819336,0.0,0.0,0.4791213274002075,0.4791213274002075,12.36928939819336,0,25,0.0,1,0.0,0.0,0.0,0
43,tum_fr1_desk,25,train,4210,4210,geometry_stratified,flat,1,6.566649764751405,6.566648590585858,-1.1741655470132173e-06,0.1860985078025487,0.18609767422378107,-8.335787676228001e-07,0.41018059849739075,0.4101763665676117,4.231929779052734e-06,0.27737803459167476,0.2773768067359924,1.2278556823508424e-06,2.9700054336805317e-06,33.57717399921967,8.845310906002854e-08,-3.4969159317591915e-08,1.2603591294345034e-07,3.656816628997359e-08,-0.10424632909665377,-0.0032347058172121357,0.011451572179794312,0.0033267486840486693,0.003780602586496842,0.00011259442461074012,0.5315313339233398,1059.2030029296875,0.5008219480514526,5,True,min_influence_pixels,True,0.07359540462493896,0.4810866117477417,0.22796513140201569,5.0,6.510417006211355e-05,0.41098344326019287,0.0,0.0,0.498543918132782,0.498543918132782,0.41098344326019287,0,25,0.0,1,0.0,0.0,0.0,0
43,tum_fr1_desk,25,train,3758,3758,geometry_stratified,flat,1,6.566649764751405,6.566589589175855,-6.017557555004771e-05,0.1860985078025487,0.1860731323107427,-2.5375491805978978e-05,0.41018059849739075,0.4101744592189789,6.139278411865234e-06,0.27737803459167476,0.27737833112478255,-2.9653310779087505e-07,-1.9244946886563863e-06,47.05975399701856,-4.089470354601325e-08,-1.278705697311127e-06,1.304570867976527e-07,-6.301203950400202e-09,-0.3141221771193372,-0.011395721723887586,0.00846010446548462,0.002068153209984297,-0.005906270108475377,-0.00012550575825044825,0.6203929781913757,1211.2149658203125,0.511207103729248,47,False,none,True,0.08506937325000763,0.5258941650390625,3.4235711097717285,47.0,0.0006119791651144624,5.603560447692871,0.0,0.0,0.37870633602142334,0.37870633602142334,5.603560447692871,0,25,0.0,1,0.0,0.0,0.0,0
43,tum_fr1_desk,25,train,3190,3190,geometry_stratified,flat,1,6.566649764751405,6.566652113083453,2.3483320479300573e-06,0.1860985078025487,0.18609213642672603,-6.371375822655789e-06,0.41018059849739075,0.4101795554161072,1.043081283569336e-06,0.27737803459167476,0.27737763822078704,3.9637088772304097e-07,1.0132246212501082e-06,76.79049499711255,1.3194661934243388e-08,3.058102500860762e-08,1.3583468678103425e-08,5.161718097245567e-09,0.08252345530564398,-0.0063075899517031075,0.00030153989791870117,0.0003211759030818939,0.0035850900209354404,4.668663772867001e-05,0.5192991495132446,1028.8096923828125,0.5037572383880615,27,False,none,True,0.1300479918718338,0.30490246415138245,0.8171126246452332,27.0,0.0003515625139698386,1.878633737564087,0.0,0.0,0.44224250316619873,0.44224250316619873,1.878633737564087,0,25,0.0,1,0.0,0.0,0.0,0
43,tum_fr1_desk,25,train,2790,2790,geometry_stratified,flat,1,6.566649764751405,6.566647416420627,-2.348330777834917e-06,0.1860985078025487,0.18609941363618235,9.058336336575934e-07,0.41018059849739075,0.4101793169975281,1.2814998626708984e-06,0.27737803459167476,0.27737773358821866,3.010034561046204e-07,6.869396526370446e-07,66.89562799874693,1.0268827323811238e-08,-3.510439842016141e-08,1.9156705767003236e-08,4.499598331153401e-09,0.007864570392648318,-0.005081006143694444,0.00042523443698883057,0.00019014999270439148,0.0009520017093555305,1.4231149894778821e-05,0.6072564125061035,1185.1754150390625,0.5113767981529236,59,False,none,True,0.2211717665195465,0.2400311529636383,2.623506784439087,59.0,0.0007682291907258332,5.6884002685546875,0.0,0.0,0.41855835914611816,0.41855835914611816,5.6884002685546875,0,25,0.0,1,0.0,0.0,0.0,0
43,tum_fr1_desk,25,train,3887,3887,geometry_stratified,flat,1,6.566649764751405,6.566496245298733,-0.00015351945267205735,0.1860985078025487,0.18607537663468482,-2.313116786387126e-05,0.41018059849739075,0.4101887047290802,-8.106231689453125e-06,0.27737803459167476,0.2773859217762947,-7.887184619914667e-06,-2.2293837428087993e-05,44.46429399831686,-5.013874150106128e-07,-3.4526456819008223e-06,-1.8230879117882714e-07,-1.77382432299796e-07,0.0010340421228174357,-2.7804601911006477e-05,0.0013904273509979248,0.0004880785942078525,0.001239567881020712,2.7877826668464233e-05,0.929228663444519,1797.474853515625,0.5159633159637451,78,False,none,True,0.6358062624931335,0.3931886851787567,8.213077545166016,78.0,0.0010156250791624188,7.981650352478027,0.0,0.0,0.10976195335388184,0.10976195335388184,7.981650352478027,0,25,0.0,1,0.0,0.0,0.0,0
43,tum_fr1_desk,25,train,3405,3405,geometry_stratified,general_visible,1,6.566649764751405,6.56664712287937,-2.6418720349141722e-06,0.1860985078025487,0.18608180914993103,-1.669865261766379e-05,0.41018059849739075,0.41012489795684814,5.570054054260254e-05,0.27737803459167476,0.27736141830682753,1.6616284847226215e-05,4.045692679381625e-05,51.80252599529922,7.809836685857266e-07,-5.0998903705080076e-08,1.0752475766849099e-06,3.2076205798794537e-07,-0.047305504961418166,0.0015481114859828837,0.028869330883026123,0.008629662636667507,0.01471284496265432,0.00028401790607642235,0.4932120740413666,928.4037475585938,0.5302473902702332,136,False,none,True,0.059077851474285126,0.39784032106399536,6.910289287567139,235.0,0.0030598959419876337,15.123690605163574,0.0,0.0,0.6031313538551331,0.6031313538551331,15.123690605163574,0,25,0.0,1,0.0,0.0,0.0,0
43,tum_fr1_desk,35,train,2231,2231,geometry_stratified,edge,1,7.341295492507301,7.3413604021094425,6.490960214122765e-05,0.2751612109892305,0.2751533256361673,-7.885353063230571e-06,0.5426113605499268,0.5426123142242432,-9.5367431640625e-07,0.29189596772193904,0.2918943241238594,1.6435980796369876e-06,5.661927386016032e-06,64.35272899398115,8.798270834086285e-08,1.0086534503812354e-06,-1.4819485223314249e-08,2.5540456563865564e-08,0.04631414713952431,0.0,-0.0003751330077648163,0.0008081879466772107,-0.00021787466684224967,-3.3856321285555315e-06,0.6179393529891968,1093.5076904296875,0.5640982985496521,200,False,none,True,0.2910557985305786,0.008573699742555618,9.602871894836426,200.0,0.0026041667442768812,32.04915237426758,0.0,0.0,0.31455081701278687,0.31455081701278687,32.04915237426758,0,35,0.0,1,0.0,0.0,0.0,0
43,tum_fr1_desk,35,train,3288,3288,geometry_stratified,edge,1,7.341295492507301,7.341308123488992,1.2630981690797682e-05,0.2751612109892305,0.2751661433046206,4.932315390060449e-06,0.5426113605499268,0.542610764503479,5.960464477539062e-07,0.29189596772193904,0.2918954133987427,5.543231963445194e-07,1.5339202574224417e-06,75.90894599707099,2.0207371308799747e-08,1.6639648364087496e-07,7.852123882432846e-09,7.302475209785003e-09,0.1430791564169276,0.017703525690586586,0.0002953559160232544,0.00013522794470190863,0.0043831208282708095,5.774182174048282e-05,0.5582578778266907,1100.8349609375,0.5061222314834595,43,False,none,True,0.03873728960752487,0.12856857478618622,0.5121445059776306,43.0,0.0005598958232440054,3.061127185821533,0.0,0.0,0.44343066215515137,0.44343066215515137,3.061127185821533,0,35,0.0,1,0.0,0.0,0.0,0
43,tum_fr1_desk,35,train,2158,2158,geometry_stratified,edge,1,7.341295492507301,7.3413495252976375,5.403279033622255e-05,0.2751612109892305,0.2751489451585894,-1.2265830641122744e-05,0.5426113605499268,0.5426136255264282,-2.2649765014648438e-06,0.29189596772193904,0.29189504086971285,9.268522261907108e-07,3.899817062221501e-06,65.9210459998576,5.91589074941245e-08,8.196591773792434e-07,-3.435892842886226e-08,1.4060035185010764e-08,0.07520914157513836,-0.0005882358946395112,-0.0004396531730890274,0.0010795386508107158,-0.0017928724541098496,-2.7197269505003344e-05,0.5719053745269775,1037.6878662109375,0.5501342415809631,166,False,none,True,0.22059033811092377,0.014567779377102852,5.894737720489502,166.0,0.0021614583674818277,25.06712532043457,0.0,0.0,0.37229669094085693,0.37229669094085693,25.06712532043457,0,35,0.0,1,0.0,0.0,0.0,0
43,tum_fr1_desk,35,train,375,375,geometry_stratified,edge,1,7.341295492507301,7.341293036487349,-2.456019951857513e-06,0.2751612109892305,0.27515954801010273,-1.6629791277922301e-06,0.5426113605499268,0.5426110625267029,2.980232238769531e-07,0.29189596772193904,0.29189595133066176,1.639127727992573e-08,-6.941235681890588e-08,65.95483799901558,-1.0524225200877895e-09,-3.723790439594698e-08,4.518595343701721e-09,2.485227433986023e-10,-0.038032633364313284,-0.004780611322336481,0.0003643035888671875,9.716884233046397e-05,-0.0009332567548679066,-1.4149936277333227e-05,0.8374171853065491,1634.447509765625,0.5113548636436462,66,False,none,True,0.035064697265625,1.3804329633712769,8.03637981414795,66.0,0.0008593749953433871,5.677423477172852,0.0,0.0,0.23913711309432983,0.23913711309432983,5.677423477172852,0,35,0.0,1,0.0,0.0,0.0,0
43,tum_fr1_desk,35,train,246,246,geometry_stratified,edge,1,7.341295492507301,7.341102874588179,-0.00019261791912228432,0.2751612109892305,0.27513950747776444,-2.1703511466075742e-05,0.5426113605499268,0.5426118969917297,-5.364418029785156e-07,0.29189596772193904,0.29190185517072675,-5.8874487877114134e-06,-1.8662903672075987e-05,52.55733500234783,-3.5509608071342056e-07,-3.6649103139205926e-06,-1.020679231461321e-08,-1.1201954565330245e-07,-0.30130883646153883,-0.012286077965497688,0.0007672309875488281,-0.00350388959050163,-0.018576486421303495,-0.00035345183351617146,0.8934189677238464,1773.5972900390625,0.5027326941490173,17,True,min_influence_pixels,True,0.26584362983703613,0.5214061737060547,1.075649619102478,17.0,0.0002213541738456115,1.3663383722305298,0.0,0.0,0.125654935836792,0.125654935836792,1.3663383722305298,0,35,0.0,1,0.0,0.0,0.0,0
43,tum_fr1_desk,35,train,1343,1343,geometry_stratified,edge,1,7.341295492507301,7.341338648513075,4.315600577342593e-05,0.2751612109892305,0.2751706738043591,9.462815128591373e-06,0.5426113605499268,0.5426117777824402,-4.172325134277344e-07,0.29189596772193904,0.29189480990171435,1.1578202246953495e-06,3.884288786470468e-06,72.5907440064475,5.350942244269416e-08,5.945111372545351e-07,-5.74773711357299e-09,1.5949970489247393e-08,0.059205645519893935,0.0004330938447678345,-0.00024238228797912598,0.000672134011983877,0.0034569874799310223,4.762297903468207e-05,0.6469078660011292,1275.8387451171875,0.5060451626777649,35,False,none,True,0.25446560978889465,0.22207587957382202,1.4403808116912842,35.0,0.00045572916860692203,3.0225718021392822,0.0,0.0,0.3296501040458679,0.3296501040458679,3.0225718021392822,0,35,0.0,1,0.0,0.0,0.0,0
43,tum_fr1_desk,35,train,2502,2502,geometry_stratified,texture,1,7.341295492507301,7.341293738207194,-1.7543001069597608e-06,0.2751612109892305,0.2751613688395632,1.5785033269377635e-07,0.5426113605499268,0.5426116585731506,-2.980232238769531e-07,0.29189596772193904,0.2918961092829704,-1.4156103134155273e-07,-3.320459476697362e-07,65.44777000090107,-5.0734493729146875e-09,-2.6804581835799874e-08,-4.553603948199457e-09,-2.162961875394742e-09,-0.006376502601918688,0.0,9.78820025920868e-07,-0.00017864694818853222,-0.00056152481813521,-8.579739510261067e-06,0.5113645792007446,988.3079833984375,0.5164141654968262,81,False,none,True,0.32907381653785706,0.010614750906825066,2.7878518104553223,81.0,0.0010546875419095159,8.20708179473877,0.0,0.0,0.4697687029838562,0.4697687029838562,8.20708179473877,0,35,0.0,1,0.0,0.0,0.0,0
43,tum_fr1_desk,35,train,2853,2853,geometry_stratified,texture,1,7.341295492507301,7.341307421766823,1.1929259521537006e-05,0.2751612109892305,0.2751593888350138,-1.82215421673515e-06,0.5426113605499268,0.5426108241081238,5.364418029785156e-07,0.29189596772193904,0.29189545214176177,5.155801772738222e-07,1.434056004846995e-06,65.32973599678371,2.195104546140514e-08,1.8260076119279438e-07,8.211296047559805e-09,7.891967867422655e-09,0.008460019541789876,0.01815342549787033,0.00031438469886779785,0.00011836234480143426,0.0006255795880517564,9.575725027919211e-06,0.595022976398468,1128.5618896484375,0.5262399315834045,121,False,none,True,0.11385072767734528,0.3297930061817169,5.820591926574707,121.0,0.0015755208441987634,13.11996841430664,0.0,0.0,0.4332311749458313,0.4332311749458313,13.11996841430664,0,35,0.0,1,0.0,0.0,0.0,0
43,tum_fr1_desk,35,train,3640,3640,geometry_stratified,texture,1,7.341295492507301,7.341509873314848,0.00021438080754698774,0.2751612109892305,0.27519215767589544,3.0946686664923284e-05,0.5426113605499268,0.5426123142242432,-9.5367431640625e-07,0.29189596772193904,0.29188988059759136,6.087124347686768e-06,1.9914159010641378e-05,98.11639399413252,2.0296464433693178e-07,2.1849641922205983e-06,-9.71982639785234e-09,6.203982943004189e-08,0.018040888014065004,0.0,-2.2724270820617676e-05,0.0006277203559875433,0.0018756143429030975,1.9116217652834464e-05,0.5230684280395508,1026.250732421875,0.5086886882781982,60,False,none,True,0.4056861102581024,0.1830742210149765,2.5577850341796875,60.0,0.0007812500116415322,4.344357013702393,0.0,0.0,0.4965498447418213,0.4965498447418213,4.344357013702393,0,35,0.0,1,0.0,0.0,0.0,0
43,tum_fr1_desk,35,train,744,744,geometry_stratified,texture,1,7.341295492507301,7.341296194227542,7.017202410253276e-07,0.2751612109892305,0.2751615102780403,2.9928880979079864e-07,0.5426113605499268,0.5426107048988342,6.556510925292969e-07,0.29189596772193904,0.29189575016498565,2.175569533968691e-07,4.294073612579751e-07,65.29050900280708,6.576872623852775e-09,1.074766075104665e-08,1.0042058218616552e-08,3.3321374993035434e-09,-0.0008235832374001717,0.0003377608531366441,0.00038170814514160156,0.00010746903717517853,5.226926693413439e-06,8.005645496175737e-08,0.6759768724441528,1328.9525146484375,0.5076538324356079,45,False,none,True,0.20880047976970673,2.2720324993133545,9.493958473205566,45.0,0.0005859375232830644,3.8269236087799072,0.0,0.0,0.5058380365371704,0.5058380365371704,3.8269236087799072,0,35,0.0,1,0.0,0.0,0.0,0
43,tum_fr1_desk,35,train,2418,2418,geometry_stratified,texture,1,7.341295492507301,7.341602505939573,0.0003070134322715745,0.2751612109892305,0.2752064030526675,4.51920634370051e-05,0.5426113605499268,0.5426091551780701,2.205371856689453e-06,0.29189596772193904,0.2918861791491508,9.788572788216321e-06,3.0493353545655992e-05,69.19277499400778,4.407014106356736e-07,4.4370735571475844e-06,3.187286327048514e-08,1.414681343400959e-07,0.054566809433614694,0.004974702543407844,0.0007694661617279053,0.004154911637306191,0.011561001244910947,0.00016708393681149733,0.6421734690666199,1249.0946044921875,0.5131111145019531,66,False,none,True,0.668884813785553,0.39900973439216614,7.000638008117676,66.0,0.0008593749953433871,6.555551528930664,0.0,0.0,0.4629666805267334,0.4629666805267334,6.555551528930664,0,35,0.0,1,0.0,0.0,0.0,0
43,tum_fr1_desk,35,train,1475,1475,geometry_stratified,texture,1,7.341295492507301,7.341313386408872,1.7893901571142123e-05,0.2751612109892305,0.2751590845083334,-2.126480897146621e-06,0.5426113605499268,0.5426081418991089,3.2186508178710938e-06,0.29189596772193904,0.29189447015523906,1.4975666999816895e-06,3.4857355138175917e-06,65.55616400146391,5.317174314439376e-08,2.729552871754751e-07,4.9097607629989137e-08,2.284402577228661e-08,0.02222904112389834,0.0015361520191932085,0.0011243224143981934,0.0005326997488737106,0.0016774260306524308,2.558761721651335e-05,0.6348649263381958,1225.7822265625,0.5169263482093811,80,False,none,True,0.13891476392745972,0.7608063817024231,7.614506721496582,80.0,0.0010416667209938169,8.46318531036377,0.0,0.0,0.4166676998138428,0.4166676998138428,8.46318531036377,0,35,0.0,1,0.0,0.0,0.0,0
43,tum_fr1_desk,35,train,2310,2310,geometry_stratified,depth_discontinuity,1,7.341295492507301,7.341296895947897,1.403440595737493e-06,0.2751612109892305,0.27516221944751773,1.008458287210523e-06,0.5426113605499268,0.5426107048988342,6.556510925292969e-07,0.29189596772193904,0.29189572930336,2.3841857904605135e-07,4.963171115602004e-07,71.4692900000955,6.944480791113739e-09,1.9636974086850696e-08,9.173885630155564e-09,3.3359584101889465e-09,0.003362960519025293,-0.0003537606625120607,0.0,2.1946430206296053e-05,0.00016905324909826,2.3653970691192556e-06,0.4732684791088104,920.3025512695312,0.5132531523704529,67,False,none,True,0.14042779803276062,0.0,0.9305539727210999,67.0,0.000872395874466747,6.626565456390381,0.0,0.0,0.48651206493377686,0.48651206493377686,6.626565456390381,0,35,0.0,1,0.0,0.0,0.0,0
43,tum_fr1_desk,35,train,3042,3042,geometry_stratified,depth_discontinuity,1,7.341295492507301,7.344727558248794,0.0034320657414923517,0.2751612109892305,0.27574667821984056,0.0005854672306100372,0.5426113605499268,0.5426431894302368,-3.1828880310058594e-05,0.29189596772193904,0.2918035238981247,9.244382381434768e-05,0.00030965335110390757,97.96698499849299,3.160792904963554e-06,3.5032881144042014e-05,-3.248939457568099e-07,9.436222194218769e-07,0.17543830193632282,0.024595168885863952,-0.0033148229122161865,0.007393324375152555,0.02125540544983108,0.00021696498519534972,0.8328603506088257,1134.835205078125,0.7329041361808777,642,False,none,True,0.5886865258216858,0.33512139320373535,107.57933807373047,1197.0,0.015585937537252903,116.45206451416016,0.0,0.0,0.1821674108505249,0.1821674108505249,116.45206451416016,0,35,0.0,1,0.0,0.0,0.0,0
43,tum_fr1_desk,35,train,1228,1228,geometry_stratified,depth_discontinuity,1,7.341295492507301,7.341249179222062,-4.6313285238852586e-05,0.2751612109892305,0.2751516721014502,-9.538887780324856e-06,0.5426113605499268,0.5426109433174133,4.172325134277344e-07,0.29189596772193904,0.2918972194194793,-1.2516975402832031e-06,-4.185338598190257e-06,73.50964700162876,-5.693590935210887e-08,-6.300300318110141e-07,5.675887865690468e-09,-1.7027663597071404e-08,-0.05037791155706195,0.0,0.0,-0.0003416873514652252,-0.002558281571835503,-3.48019841773804e-05,0.6951990127563477,1282.5399169921875,0.5410486459732056,150,False,none,True,0.1736200898885727,0.0,3.5634360313415527,150.0,0.001953125,20.524330139160156,0.0,0.0,0.2713424563407898,0.2713424563407898,20.524330139160156,0,35,0.0,1,0.0,0.0,0.0,0
43,tum_fr1_desk,35,train,424,424,geometry_stratified,depth_discontinuity,1,7.341295492507301,7.341321807093946,2.6314586644815563e-05,0.2751612109892305,0.27516431687140674,3.105882176224206e-06,0.5426113605499268,0.5426117777824402,-4.172325134277344e-07,0.29189596772193904,0.2918953105807304,6.57141208615375e-07,2.278442324894391e-06,38.84551599912811,5.865393382715088e-08,6.77416323814728e-07,-1.07408153218276e-08,1.6916784131021057e-08,0.006019806532865601,0.007285555780142894,0.0,7.98322260379819e-05,0.0003885833871582167,1.0003300951567704e-05,0.8162914514541626,1623.1082763671875,0.501918613910675,12,True,min_influence_pixels,True,0.28564557433128357,0.0,0.274019330739975,12.0,0.00015624999650754035,0.9592983722686768,0.0,0.0,0.21396255493164062,0.21396255493164062,0.9592983722686768,0,35,0.0,1,0.0,0.0,0.0,0
43,tum_fr1_desk,35,train,25,25,geometry_stratified,depth_discontinuity,1,7.341295492507301,7.341292334767618,-3.157739683068428e-06,0.2751612109892305,0.2751597078029761,-1.5031862544145902e-06,0.5426113605499268,0.5426113605499268,0.0,0.29189596772193904,0.29189606159925463,-9.387731558785362e-08,-3.0109369394051823e-07,37.57673699874431,-8.012768483612076e-09,-8.403443021606557e-08,0.0,-2.4982827963745412e-09,-0.07986387205150436,-0.046953658533230636,0.0,-0.00014554373919963871,-0.0028659237082065124,-7.626856233691292e-05,0.45459339022636414,875.8584594726562,0.5180260539054871,67,False,none,True,0.10138773173093796,0.0,0.9138103723526001,67.0,0.000872395874466747,9.01302719116211,0.0,0.0,0.3396274447441101,0.3396274447441101,9.01302719116211,0,35,0.0,1,0.0,0.0,0.0,0
43,tum_fr1_desk,35,train,3408,3408,geometry_stratified,depth_discontinuity,1,7.341295492507301,7.341307421766823,1.1929259521537006e-05,0.2751612109892305,0.2751626702759601,1.4592867295659673e-06,0.5426113605499268,0.5426109433174133,4.172325134277344e-07,0.29189596772193904,0.29189548790454867,4.798173903752811e-07,1.3681473463386487e-06,60.06407300446881,2.2778131383745116e-08,1.986089008757275e-07,6.9464572173900355e-09,7.988425798889502e-09,0.004810211242939122,0.00012500788545291575,0.0,0.0005300521850585826,0.0020417009350204066,3.399204937148539e-05,0.6110310554504395,1218.46240234375,0.500477135181427,4,True,min_influence_pixels,True,0.8269626498222351,0.0,0.1972760558128357,4.0,5.208333459449932e-05,0.23855498433113098,0.0,0.0,0.4773898124694824,0.4773898124694824,0.23855498433113098,0,35,0.0,1,0.0,0.0,0.0,0
43,tum_fr1_desk,35,train,3024,3024,geometry_stratified,flat,1,7.341295492507301,7.341376191078277,8.069857097581234e-05,0.2751612109892305,0.2751626395397516,1.4285505210986926e-06,0.5426113605499268,0.5426028370857239,8.52346420288086e-06,0.29189596772193904,0.291891011595726,4.956126213040424e-06,1.240715999188228e-05,52.71399999764981,2.3536745442264747e-07,1.5308754975795842e-06,1.616926092358931e-07,9.401916404107803e-08,0.032797780411915056,0.004367619650993193,0.0026283562183380127,0.0014038883149624093,0.004870359197412638,9.23921386658151e-05,0.9814050793647766,1914.0408935546875,0.5117398500442505,45,False,none,True,0.30789241194725037,0.3328373432159424,3.761026382446289,45.0,0.0005859375232830644,5.86991024017334,0.0,0.0,0.03403550386428833,0.03403550386428833,5.86991024017334,0,35,0.0,1,0.0,0.0,0.0,0
43,tum_fr1_desk,35,train,3675,3675,geometry_stratified,flat,1,7.341295492507301,7.34126987979609,-2.5612711211486783e-05,0.2751612109892305,0.27515885733818224,-2.3536510482813355e-06,0.5426113605499268,0.5426116585731506,-2.980232238769531e-07,0.29189596772193904,0.29189681857824323,-8.508563041909056e-07,-2.606969738738252e-06,58.46022399782669,-4.45939060862163e-08,-4.3812201630358033e-07,-5.097880293582734e-09,-1.4554448238558528e-08,0.038745432022836646,-0.00038893422941164253,0.0023966729640960693,0.0022496089339256176,0.007135480525738692,0.00012205701651098633,0.9626148343086243,1887.26171875,0.509058952331543,45,False,none,True,0.4968196153640747,0.2799983322620392,3.51857852935791,45.0,0.0005859375232830644,4.529476642608643,0.0,0.0,0.033871233463287354,0.033871233463287354,4.529476642608643,0,35,0.0,1,0.0,0.0,0.0,0
43,tum_fr1_desk,35,train,540,540,geometry_stratified,flat,1,7.341295492507301,7.341255494640967,-3.999786633457347e-05,0.2751612109892305,0.27515845689104096,-2.7540981895612937e-06,0.5426113605499268,0.5426054000854492,5.9604644775390625e-06,0.29189596772193904,0.2918953686952591,5.990266799260624e-07,-5.184043547708079e-07,63.830808001512196,-8.121538344909038e-09,-6.266232182682992e-07,9.337911682706343e-08,9.384601240076282e-09,0.04873708761198969,0.00017494066915846318,0.001638650894165039,0.0015978246927261797,0.0042281937464993995,6.624064270656312e-05,0.8267773389816284,1640.9849853515625,0.502829909324646,19,True,min_influence_pixels,True,0.3760586977005005,2.3518989086151123,3.8599236011505127,19.0,0.00024739583022892475,1.414949893951416,0.0,0.0,0.3014472723007202,0.3014472723007202,1.414949893951416,0,35,0.0,1,0.0,0.0,0.0,0
43,tum_fr1_desk,35,train,3670,3670,geometry_stratified,flat,1,7.341295492507301,7.341307772627893,1.22801205915124e-05,0.2751612109892305,0.2751641051901082,2.8942008776788875e-06,0.5426113605499268,0.5426117181777954,-3.5762786865234375e-07,0.29189596772193904,0.29189570993185043,2.5779008860915553e-07,9.731960262976697e-07,42.34783400170272,2.2981010699591847e-08,2.899822595653568e-07,-8.445009693718083e-09,6.087444486506448e-09,0.04900139902534484,-0.004412146559573893,-0.0035389959812164307,0.0003531679511070418,0.0007271157397939405,1.7170080995516903e-05,0.9535273909568787,1870.5274658203125,0.50876384973526,44,False,none,True,0.4133738577365875,0.27735042572021484,3.0266916751861572,44.0,0.0005729167023673654,4.38191032409668,0.0,0.0,0.05162316560745239,0.05162316560745239,4.38191032409668,0,35,0.0,1,0.0,0.0,0.0,0
43,tum_fr1_desk,35,train,2767,2767,geometry_stratified,flat,1,7.341295492507301,7.341520399649973,0.00022490714267142664,0.2751612109892305,0.27520237672294173,4.116573371121257e-05,0.5426113605499268,0.5426125526428223,-1.1920928955078125e-06,0.29189596772193904,0.2918896391987801,6.328523158960486e-06,2.0786038465485673e-05,71.30016900191549,2.9152860023273233e-07,3.1543704007964477e-06,-1.6719355819139596e-08,8.875888020392307e-08,0.3206598314935256,0.0,-0.00017781555652618408,0.0006364475935697611,0.011860617369270795,0.00016634767540245462,0.8858311176300049,1709.53857421875,0.517169713973999,91,False,none,True,0.08152696490287781,0.24755403399467468,2.825110912322998,91.0,0.0011848958674818277,8.58484935760498,0.0,0.0,0.17052769660949707,0.17052769660949707,8.58484935760498,0,35,0.0,1,0.0,0.0,0.0,0
43,tum_fr1_desk,35,train,3753,3753,geometry_stratified,flat,1,7.341295492507301,7.341983583655603,0.000688091148301595,0.2751612109892305,0.2752713836541546,0.00011017266492407973,0.5426113605499268,0.54261314868927,-1.7881393432617188e-06,0.29189596772193904,0.2918760493397713,1.991838216774955e-05,6.462156171631267e-05,66.196966006828,9.762012613938706e-07,1.0394602499314253e-05,-2.7012406325046347e-08,3.0089569612140577e-07,0.6425016158953145,0.0,-0.0036382675170898438,0.008793785423040379,0.04233409485376451,0.0006395171471967142,0.7049909830093384,1377.7928466796875,0.5106813907623291,48,False,none,True,0.2654273808002472,0.3518745005130768,3.296821117401123,48.0,0.0006249999860301614,5.340694904327393,0.0,0.0,0.2665897607803345,0.2665897607803345,5.340694904327393,0,35,0.0,1,0.0,0.0,0.0,0
43,tum_fr1_desk,35,train,445,445,geometry_stratified,general_visible,1,7.341295492507301,7.3411095406393905,-0.0001859518679108163,0.2751612109892305,0.27516635967085784,5.148681627320517e-06,0.5426113605499268,0.5426120758056641,-7.152557373046875e-07,0.29189596772193904,0.2919017106294632,-5.742907524142193e-06,-1.812615188955851e-05,65.38680799712893,-2.7721420336582896e-07,-2.843874377825284e-06,-1.0938838570252485e-08,-8.782975802082828e-08,-0.042801933442045303,-0.001017916833136779,-0.00026094913482666016,-0.001307702064514249,-0.004028806413630774,-6.161497306624411e-05,0.8095308542251587,1588.632568359375,0.5085771083831787,54,False,none,True,0.40344852209091187,1.9429082870483398,10.062466621398926,54.0,0.0007031250279396772,4.288548946380615,0.0,0.0,0.3214069604873657,0.3214069604873657,4.288548946380615,0,35,0.0,1,0.0,0.0,0.0,0
43,tum_fr1_desk,45,validation,5751,5751,geometry_stratified,edge,1,5.441277803302475,5.441378385287784,0.00010058198530948914,0.0,0.0,0.0,0.522146999835968,0.5221416354179382,5.364418029785156e-06,0.35661659240722654,0.3566103518009186,6.2406063079389895e-06,1.6021626424487262e-05,43.05831599776866,3.720913382984491e-07,2.3359479575258225e-06,1.2458494730874165e-07,1.4493382203480475e-07,0.08547075915177871,-0.0005813665918628754,0.002958729863166809,0.001810166984796524,0.011098600216379395,0.0002577574147803305,1.0,1886.4652099609375,0.5290918946266174,65,False,none,True,0.20549193024635315,0.10697992891073227,4.545200824737549,65.0,0.0008463541744276881,14.545952796936035,0.0,0.0,0.07168066501617432,0.07168066501617432,14.545952796936035,0,45,0.0,1,0.0,0.0,0.0,0
43,tum_fr1_desk,45,validation,1610,1610,geometry_stratified,edge,1,5.441277803302475,5.441285052376674,7.249074199577876e-06,0.0,0.0,0.0,0.522146999835968,0.522149384021759,-2.384185791015625e-06,0.35661659240722654,0.3566169738769531,-3.8146972658470446e-07,-4.372697287423688e-07,65.12262399337487,-6.7145594254134115e-09,1.113142216185169e-07,-3.6610714446306336e-08,-5.8577143117499775e-09,0.003556046549988423,0.0,3.0875205993652344e-05,5.016699433330052e-05,0.00022359485984820354,3.43344365041173e-06,0.8712019324302673,1694.154296875,0.5132399797439575,75,False,none,True,0.17016737163066864,1.5492397546768188,11.382451057434082,75.0,0.0009765625,6.619986057281494,0.0,0.0,0.2364809513092041,0.2364809513092041,6.619986057281494,0,45,0.0,1,0.0,0.0,0.0,0
43,tum_fr1_desk,45,validation,2147,2147,geometry_stratified,edge,1,5.441277803302475,5.441444988154602,0.00016718485212763312,0.0,0.0,0.0,0.522146999835968,0.5221503973007202,-3.3974647521972656e-06,0.35661659240722654,0.35660991370677947,6.678700447071417e-06,1.95556885116707e-05,64.16327800252475,3.047800723476317e-07,2.605615818460126e-06,-5.29502989554801e-08,1.040891403149418e-07,0.07063068993230415,0.005400009050677584,-0.0012600123882293701,0.004611241817474299,0.01300775662296711,0.0002027289912222887,0.8746092915534973,1710.1226806640625,0.5104306936264038,56,False,none,True,0.6647765636444092,0.40357518196105957,5.571822166442871,56.0,0.0007291666697710752,5.215344429016113,0.0,0.0,0.3197900652885437,0.3197900652885437,5.215344429016113,0,45,0.0,1,0.0,0.0,0.0,0
43,tum_fr1_desk,45,validation,1229,1229,geometry_stratified,edge,1,5.441277803302475,5.44124835406296,-2.9449239514534042e-05,0.0,0.0,0.0,0.522146999835968,0.5221473574638367,-3.5762786865234375e-07,0.35661659240722654,0.35661805570125577,-1.4632940292247376e-06,-3.994009706377918e-06,66.14451200584881,-6.038308523653102e-08,-4.4522574317170865e-07,-5.406765547241782e-09,-2.212268236396311e-08,-0.013700754304773355,-0.0017639842953565271,-0.00047156959772109985,-0.0006064869463443812,-0.002589188887294033,-3.914442496854591e-05,0.7176001667976379,1360.0953369140625,0.5266101360321045,102,False,none,True,0.44169047474861145,0.11897814273834229,7.459730625152588,102.0,0.0013281250139698386,13.305062294006348,0.0,0.0,0.32051968574523926,0.32051968574523926,13.305062294006348,0,45,0.0,1,0.0,0.0,0.0,0
43,tum_fr1_desk,45,validation,1936,1936,geometry_stratified,edge,1,5.441277803302475,5.441480781953975,0.00020297865150009642,0.0,0.0,0.0,0.522146999835968,0.5221465229988098,4.76837158203125e-07,0.35661659240722654,0.35660710334777834,9.489059448197779e-06,2.638641011210277e-05,64.28393100213725,4.1046665474184367e-07,3.1575332798697076e-06,7.417672671375239e-09,1.4761168615967644e-07,0.11391073917529937,-0.0019238298746478005,0.0004900097846984863,0.00769763886928565,0.021249492253607647,0.00033055682691373,0.8314624428749084,1618.0068359375,0.5128806829452515,61,False,none,True,0.6492367386817932,0.20702436566352844,5.514601707458496,61.0,0.0007942708325572312,6.440327167510986,0.0,0.0,0.30856186151504517,0.30856186151504517,6.440327167510986,0,45,0.0,1,0.0,0.0,0.0,0
43,tum_fr1_desk,45,validation,1883,1883,geometry_stratified,edge,1,5.441277803302475,5.441376119902113,9.83165996384372e-05,0.0,0.0,0.0,0.522146999835968,0.5221476554870605,-6.556510925292969e-07,0.35661659240722654,0.3566122621297836,4.330277442954333e-06,1.227135724516205e-05,63.65184899914311,1.9278870037738022e-07,1.544599272202772e-06,-1.0300582038679243e-08,6.803066228308038e-08,0.030742789835070283,0.00031122784594699027,-0.0008142590522766113,0.00267714262008667,0.006668038706416042,0.00010475797343303897,0.7185042500495911,1427.6510009765625,0.5022771954536438,15,True,min_influence_pixels,True,0.7670542597770691,0.02368755079805851,0.9003366231918335,15.0,0.00019531250291038305,1.1385974884033203,0.0,0.0,0.3647248148918152,0.3647248148918152,1.1385974884033203,0,45,0.0,1,0.0,0.0,0.0,0
43,tum_fr1_desk,45,validation,3965,3965,geometry_stratified,texture,1,5.441277803302475,5.441817892461063,0.000540089158588053,0.0,0.0,0.0,0.522146999835968,0.5220997929573059,4.7206878662109375e-05,0.35661659240722654,0.3565775632858276,3.902912139891468e-05,9.66031984741127e-05,51.3577589954366,1.8809854706218078e-06,1.0516213502151499e-05,9.19177152303393e-07,7.59945958747589e-07,0.5816806351224102,0.0,0.011804282665252686,0.012181320041418059,0.049698471670613066,0.0009676915940788817,0.978928804397583,1782.8802490234375,0.5480715036392212,166,False,none,True,0.14144092798233032,0.4009332060813904,13.036362648010254,225.0,0.0029296875,24.035737991333008,0.0,0.0,0.01540607213973999,0.01540607213973999,24.035737991333008,0,45,0.0,1,0.0,0.0,0.0,0
43,tum_fr1_desk,45,validation,3131,3131,geometry_stratified,texture,1,5.441277803302475,5.441300456699526,2.26533970515419e-05,0.0,0.0,0.0,0.522146999835968,0.5221461653709412,8.344650268554688e-07,0.35661659240722654,0.3566152989864349,1.2934207916370788e-06,3.393717230893803e-06,64.63959800021257,5.250214011050382e-08,3.504569606306556e-07,1.2909502111271245e-08,2.0009728272642185e-08,0.06309841754245227,0.0,0.0003954768180847168,0.00017943284474312982,0.002294438284900645,3.5495862534496265e-05,0.8385448455810547,1672.69091796875,0.5003148317337036,3,True,min_influence_pixels,True,0.07319535315036774,0.38872775435447693,0.07271312177181244,3.0,3.9062499126885086e-05,0.15741389989852905,0.0,0.0,0.33521926403045654,0.33521926403045654,0.15741389989852905,0,45,0.0,1,0.0,0.0,0.0,0
43,tum_fr1_desk,45,validation,5989,5989,geometry_stratified,texture,1,5.441277803302475,5.441837376798344,0.0005595734958694365,0.0,0.0,0.0,0.522146999835968,0.5221506953239441,-3.6954879760742188e-06,0.35661659240722654,0.3565919369459152,2.4655461311362536e-05,6.986378768683601e-05,42.217663998599164,1.654847309627415e-06,1.3254487408114382e-05,-8.753416522991039e-08,5.840081846352426e-07,0.5642932889819283,0.09898280484619404,-0.002704620361328125,0.016866098344326008,0.05282342671993772,0.001251216237868833,0.805496096611023,1522.84619140625,0.5279411673545837,85,False,none,True,0.4523482024669647,0.13777297735214233,8.244344711303711,85.0,0.0011067708255723119,13.970597267150879,0.0,0.0,0.221096932888031,0.221096932888031,13.970597267150879,0,45,0.0,1,0.0,0.0,0.0,0
43,tum_fr1_desk,45,validation,3056,3056,geometry_stratified,texture,1,5.441277803302475,5.441329453220176,5.164991770101324e-05,0.0,0.0,0.0,0.522146999835968,0.5221453905105591,1.6093254089355469e-06,0.35661659240722654,0.3566137313842773,2.86102294921875e-06,7.569207644871487e-06,79.4239539973205,9.530131986537521e-08,6.503065523879073e-07,2.026246904038346e-08,3.6022167182903934e-08,0.06799163625766091,-0.0006825570700591532,0.00035965442657470703,0.0006825949996709935,0.004006135395551865,5.043988864728415e-05,0.8857812285423279,1708.244140625,0.5175331234931946,93,False,none,True,0.1561698317527771,0.39008665084838867,4.7887983322143555,93.0,0.0012109375093132257,8.76657485961914,0.0,0.0,0.29575222730636597,0.29575222730636597,8.76657485961914,0,45,0.0,1,0.0,0.0,0.0,0
43,tum_fr1_desk,45,validation,3275,3275,geometry_stratified,texture,1,5.441277803302475,5.441256509216988,-2.129408548690037e-05,0.0,0.0,0.0,0.522146999835968,0.5221466422080994,3.5762786865234375e-07,0.35661659240722654,0.3566174656152725,-8.732080459816771e-07,-2.5339289111735947e-06,77.55099699716084,-3.267435634987855e-08,-2.745817115372476e-07,4.611518645794284e-09,-1.1259791360434032e-08,-0.02504229725938245,0.0016696746259846074,0.00020450353622436523,-0.00032219514250755865,-0.0015196849591485146,-1.959594354672385e-05,0.8739657998085022,1702.056640625,0.5124762654304504,80,False,none,True,0.24687622487545013,0.31763896346092224,3.5215256214141846,80.0,0.0010416667209938169,6.2381415367126465,0.0,0.0,0.31514620780944824,0.31514620780944824,6.2381415367126465,0,45,0.0,1,0.0,0.0,0.0,0
43,tum_fr1_desk,45,validation,3789,3789,geometry_stratified,texture,1,5.441277803302475,5.441241558112971,-3.6245189503958386e-05,0.0,0.0,0.0,0.522146999835968,0.522150993347168,-3.993511199951172e-06,0.35661659240722654,0.3566194593906402,-2.8669834136740846e-06,-6.957283047463305e-06,96.37746500084177,-7.218786100467096e-08,-3.760753564502015e-07,-4.143615107448917e-08,-2.974744577115661e-08,0.006619359600673391,0.0008633583845398252,0.00020608305931091309,8.327588438987454e-05,0.0004960312375157871,5.146755390499788e-06,0.6667481660842896,1324.8759765625,0.5022532343864441,20,True,min_influence_pixels,True,0.11926808953285217,0.2774268090724945,0.4469231963157654,20.0,0.0002604166802484542,1.1266169548034668,0.0,0.0,0.41193777322769165,0.41193777322769165,1.1266169548034668,0,45,0.0,1,0.0,0.0,0.0,0
43,tum_fr1_desk,45,validation,2252,2252,geometry_stratified,depth_discontinuity,1,5.441277803302475,5.4416751610280345,0.0003973577255598215,0.0,0.0,0.0,0.522146999835968,0.5221474766731262,-4.76837158203125e-07,0.35661659240722654,0.3565984398126602,1.8152594566334113e-05,5.084461523398212e-05,63.52406599762617,8.003992571237825e-07,6.255231294147172e-06,-7.506401719010617e-09,2.857593304404107e-07,0.14877753499415602,0.007630128144744924,0.0,0.012028563022613514,0.035639032847296824,0.0005610319850846547,0.5552536845207214,1089.091796875,0.508831799030304,49,False,none,True,0.7125868201255798,0.0,3.1467092037200928,49.0,0.0006380208651535213,4.415895938873291,0.0,0.0,0.44374531507492065,0.44374531507492065,4.415895938873291,0,45,0.0,1,0.0,0.0,0.0,0
43,tum_fr1_desk,45,validation,588,588,geometry_stratified,depth_discontinuity,1,5.441277803302475,5.441278709436088,9.061336134763565e-07,0.0,0.0,0.0,0.522146999835968,0.522146999835968,0.0,0.35661659240722654,0.35661655068397524,4.1723251298364517e-08,1.1657069393672158e-07,36.6862390001188,3.177504620638384e-09,2.4699550517386698e-08,0.0,1.1372997733081715e-09,0.002153998087857989,0.0008916692776229501,0.0,0.00019818544387817383,0.000619525508686387,1.6887136037149535e-05,0.7499485611915588,1493.3543701171875,0.5011906027793884,8,True,min_influence_pixels,True,0.7551829218864441,0.0,0.44956615567207336,8.0,0.00010416666918899864,0.5953076481819153,0.0,0.0,0.26351600885391235,0.26351600885391235,0.5953076481819153,0,45,0.0,1,0.0,0.0,0.0,0
43,tum_fr1_desk,45,validation,471,471,geometry_stratified,depth_discontinuity,1,5.441277803302475,5.4412791625029655,1.359200490824719e-06,0.0,0.0,0.0,0.522146999835968,0.5221458673477173,1.1324882507324219e-06,0.35661659240722654,0.3566161900758743,4.023313522338867e-07,8.255281314648345e-07,40.1813479984412,2.054505815725396e-08,3.382665237804984e-08,2.8184426534827948e-08,1.0012888374215191e-08,0.0034678484594472536,0.00026417125718865286,0.0,0.00012457519769668024,0.00037244704663004323,9.269152608929199e-06,1.0,1960.689453125,0.5090246200561523,42,False,none,True,0.4735865890979767,0.0,2.1369640827178955,42.0,0.0005468750023283064,4.512298583984375,0.0,0.0,0.0441703200340271,0.0441703200340271,4.512298583984375,0,45,0.0,1,0.0,0.0,0.0,0
43,tum_fr1_desk,45,validation,670,670,geometry_stratified,depth_discontinuity,1,5.441277803302475,5.441282787039688,4.983737213137829e-06,0.0,0.0,0.0,0.522146999835968,0.522146999835968,0.0,0.35661659240722654,0.3566163629293442,2.2947788236304945e-07,6.411391175578527e-07,49.61463299696334,1.2922379524546591e-08,1.0044893838966537e-07,0.0,4.625205680289817e-09,0.0029259128434464543,0.0008855520216592312,0.0,7.733404636384167e-05,0.00026089011895071425,5.258330117380532e-06,0.8483452200889587,1634.9874267578125,0.5178695321083069,88,False,none,True,0.3843265175819397,0.0,3.4338629245758057,88.0,0.0011458334047347307,8.934754371643066,0.0,0.0,0.23561543226242065,0.23561543226242065,8.934754371643066,0,45,0.0,1,0.0,0.0,0.0,0
43,tum_fr1_desk,45,validation,40,40,geometry_stratified,depth_discontinuity,1,5.441277803302475,5.441278709436088,9.061336134763565e-07,0.0,0.0,0.0,0.522146999835968,0.522146999835968,0.0,0.35661659240722654,0.35661655068397524,4.1723251298364517e-08,1.1657069393672158e-07,35.234170994954184,3.3084557020914565e-09,2.5717466535713926e-08,0.0,1.1841700860320972e-09,0.006415050222738472,0.001266317721940552,0.0,1.6770139336586692e-05,0.00025091604970903724,7.121383663176592e-06,0.6828138828277588,1335.689208984375,0.5102071166038513,49,False,none,True,0.11195816099643707,0.0,0.5713836550712585,49.0,0.0006380208651535213,5.103546142578125,0.0,0.0,0.3005220293998718,0.3005220293998718,5.103546142578125,0,45,0.0,1,0.0,0.0,0.0,0
43,tum_fr1_desk,45,validation,473,473,geometry_stratified,depth_discontinuity,1,5.441277803302475,5.441280974770947,3.1714684727290887e-06,0.0,0.0,0.0,0.522146999835968,0.522146999835968,0.0,0.35661659240722654,0.3566164463758469,1.460313796552981e-07,4.0799753498396287e-07,48.306361997674685,8.44604143453408e-09,6.56532254050047e-08,0.0,3.0230258213675372e-09,0.004232986343298606,0.0001081315402618882,0.0,5.417242646217624e-05,0.00026937903955859266,5.5764712642107e-06,1.0,1960.72265625,0.5090160369873047,37,False,none,True,0.2020549327135086,0.0,0.9108683466911316,37.0,0.0004817708395421505,4.508023262023926,0.0,0.0,0.033833861351013184,0.033833861351013184,4.508023262023926,0,45,0.0,1,0.0,0.0,0.0,0
43,tum_fr1_desk,45,validation,2298,2298,geometry_stratified,flat,1,5.441277803302475,5.441345763848123,6.796054564794929e-05,0.0,0.0,0.0,0.522146999835968,0.5221459269523621,1.0728836059570312e-06,0.35661659240722654,0.356613141298294,3.4511089325173216e-06,9.359295720317858e-06,63.87072499637725,1.4653498485963198e-07,1.0640327889154853e-06,1.679773645935419e-08,5.403271894460363e-08,0.014200658513726871,0.0004375202991394843,0.0005224943161010742,0.001264292001724232,0.003560359762853502,5.57432182436546e-05,0.8894049525260925,1729.288330078125,0.5133184194564819,68,False,none,True,0.704060971736908,0.39016687870025635,7.286676406860352,68.0,0.000885416695382446,6.6591949462890625,0.0,0.0,0.3001765012741089,0.3001765012741089,6.6591949462890625,0,45,0.0,1,0.0,0.0,0.0,0
43,tum_fr1_desk,45,validation,1920,1920,geometry_stratified,flat,1,5.441277803302475,5.4413475761438965,6.977284142184459e-05,0.0,0.0,0.0,0.522146999835968,0.5221453905105591,1.6093254089355469e-06,0.35661659240722654,0.35661289691925047,3.6954879760742188e-06,9.900653871873975e-06,56.76512599893613,1.7441437322026784e-07,1.2291497674673047e-06,2.8350600489563052e-08,6.51013789019596e-08,0.02364559670753552,-0.00014130971885738947,0.0007474422454833984,0.002296042442321844,0.0066672175809495,0.00011745270469538736,1.0,1970.1607666015625,0.5065727233886719,38,False,none,True,0.740034282207489,0.5785011649131775,4.333178520202637,38.0,0.0004947916604578495,3.2863574028015137,0.0,0.0,0.23238766193389893,0.23238766193389893,3.2863574028015137,0,45,0.0,1,0.0,0.0,0.0,0
43,tum_fr1_desk,45,validation,3359,3359,geometry_stratified,flat,1,5.441277803302475,5.441430489484377,0.0001526861819023395,0.0,0.0,0.0,0.522146999835968,0.5221453905105591,1.6093254089355469e-06,0.35661659240722654,0.3566090792417526,7.513165473926886e-06,2.0567144434278385e-05,85.1696730023832,2.41484365376193e-07,1.7927294601455975e-06,1.8895521753271438e-08,8.821409322208686e-08,0.04626481836241636,0.0013622465444277643,0.00040158629417419434,0.003273522853851296,0.009252413395173313,0.00010863507007845872,0.8044008016586304,1566.5401611328125,0.5124887228012085,75,False,none,True,0.6513866782188416,0.22445136308670044,5.46904182434082,75.0,0.0009765625,6.2443528175354,0.0,0.0,0.34812498092651367,0.34812498092651367,6.2443528175354,0,45,0.0,1,0.0,0.0,0.0,0
43,tum_fr1_desk,45,validation,3513,3513,geometry_stratified,flat,1,5.441277803302475,5.441268741976739,-9.061325735970627e-06,0.0,0.0,0.0,0.522146999835968,0.5221386551856995,8.344650268554688e-06,0.35661659240722654,0.3566145062446594,2.086162567138672e-06,3.6287202619060197e-06,41.21054799907142,8.805319118755188e-08,-2.1987879744221797e-07,2.0248821415193785e-07,5.062205353798446e-08,-0.13136623388761492,0.01364490488047232,0.005401968955993652,0.001240413635969162,-0.0016515081880110983,-4.007489024529135e-05,0.7474778890609741,1431.8634033203125,0.5210315585136414,73,False,none,True,0.11888384073972702,0.4559418559074402,6.044745445251465,73.0,0.000950520858168602,10.515788078308105,0.0,0.0,0.20633095502853394,0.20633095502853394,10.515788078308105,0,45,0.0,1,0.0,0.0,0.0,0
43,tum_fr1_desk,45,validation,2507,2507,geometry_stratified,flat,1,5.441277803302475,5.4413326247263685,5.482142389379163e-05,0.0,0.0,0.0,0.522146999835968,0.5221455693244934,1.430511474609375e-06,0.35661659240722654,0.3566136389970779,2.9534101486650144e-06,7.87447233532329e-06,64.4615189958131,1.221577222813312e-07,8.504519401311718e-07,2.2191712154693245e-08,4.581663905339935e-08,0.004400830158395985,0.0006125122884069745,0.0005967915058135986,0.0006383687257767168,0.002114739284778249,3.280622792825601e-05,0.8184612989425659,1618.9923095703125,0.5045374631881714,29,False,none,True,0.8053611516952515,0.3729197382926941,2.673201322555542,29.0,0.0003776041849050671,2.2687301635742188,0.0,0.0,0.3905656337738037,0.3905656337738037,2.2687301635742188,0,45,0.0,1,0.0,0.0,0.0,0
43,tum_fr1_desk,45,validation,2220,2220,geometry_stratified,flat,1,5.441277803302475,5.4414762510769865,0.00019844777451183404,0.0,0.0,0.0,0.522146999835968,0.5221445560455322,2.4437904357910156e-06,0.35661659240722654,0.35660672187805176,9.870529174782483e-06,2.69336444333575e-05,64.5305299985921,4.1737832362364177e-07,3.075254062165051e-06,3.787029853689925e-08,1.5295905945600994e-07,0.07775831016937262,0.0047003981052040344,0.0007405579090118408,0.005682280659675576,0.015756881222540823,0.0002441771549510689,0.9015515446662903,1736.62744140625,0.5181392431259155,78,False,none,True,0.6640096306800842,0.4340464472770691,9.958948135375977,78.0,0.0010156250791624188,9.06961727142334,0.0,0.0,0.30123478174209595,0.30123478174209595,9.06961727142334,0,45,0.0,1,0.0,0.0,0.0,0
43,tum_fr1_desk,45,validation,2744,2744,geometry_stratified,general_visible,1,5.441277803302475,5.441267835845206,-9.967457268444946e-06,0.0,0.0,0.0,0.522146999835968,0.5221490859985352,-2.086162567138672e-06,0.35661659240722654,0.35661767721176146,-1.0848045349232116e-06,-2.48088249370195e-06,60.586250001506414,-4.0947946004914736e-08,-1.6451682136123486e-07,-3.443293762341788e-08,-1.7905127564360544e-08,0.004389124007726952,0.0,0.0,0.0004016280174254927,0.0012507266671006342,2.0643737928482722e-05,0.8165915608406067,1470.3792724609375,0.55436110496521,193,False,none,True,0.7390488386154175,0.0,20.087743759155273,193.0,0.002513020997866988,27.1805362701416,0.0,0.0,0.15910643339157104,0.15910643339157104,27.1805362701416,0,45,0.0,1,0.0,0.0,0.0,0
43,tum_fr1_desk,55,validation,1134,1134,geometry_stratified,edge,1,6.198480940595794,6.198473928860448,-7.011735346118542e-06,0.0,0.0,0.0,0.49233996868133545,0.49234017729759216,-2.086162567138672e-07,0.3156790390610694,0.31567937284708025,-3.3378601083100534e-07,-9.189587452996337e-07,72.40210299642058,-1.2692431673498009e-08,-9.684436025933098e-08,-2.8813563153570383e-09,-4.610170105797991e-09,-0.025452266908814636,0.0060184585880370504,-0.0010403990745544434,-0.0005190670490264893,-0.002285832080611969,-3.157134925659516e-05,0.7355978488922119,1429.4267578125,0.5136103630065918,63,False,none,True,0.19376049935817719,0.010858694091439247,1.3924721479415894,63.0,0.0008203125325962901,6.805188179016113,0.0,0.0,0.17904478311538696,0.17904478311538696,6.805188179016113,0,55,0.0,1,0.0,0.0,0.0,0
43,tum_fr1_desk,55,validation,7558,7558,geometry_stratified,edge,1,6.198480940595794,6.198873615843787,0.00039267524799324605,0.0,0.0,0.0,0.49233996868133545,0.49233418703079224,5.781650543212891e-06,0.3156790390610694,0.3156621173024178,1.692175865164458e-05,4.786812951311561e-05,76.4415489975363,6.262056452395855e-07,5.136934731737342e-06,7.563492130960392e-08,2.2136859958436957e-07,0.18576455137477055,-0.00331240864096867,0.0013031437993049622,0.0053766004741191975,0.024184042693596444,0.00031637300670576274,0.9202814102172852,1734.03125,0.5297178626060486,84,False,none,True,0.397172749042511,0.03341776132583618,6.398114204406738,84.0,0.0010937500046566129,14.858929634094238,0.0,0.0,0.3446648120880127,0.3446648120880127,14.858929634094238,0,55,0.0,1,0.0,0.0,0.0,0
43,tum_fr1_desk,55,validation,1437,1437,geometry_stratified,edge,1,6.198480940595794,6.198556991683345,7.60510875510434e-05,0.0,0.0,0.0,0.49233996868133545,0.4923407733440399,-8.046627044677734e-07,0.3156790390610694,0.31567633897066116,2.700090408258582e-06,8.09820818946308e-06,87.28709900606191,9.277669073296474e-08,8.712752333052312e-07,-9.218575409544672e-09,3.09334419290423e-08,0.06493290714255195,0.005578013113490127,-0.0004175156354904175,0.001899303495883936,0.005585949069484155,6.39951279523704e-05,0.76276034116745,1505.1307373046875,0.5057734251022339,40,False,none,True,0.43815696239471436,0.15515097975730896,1.7127069234848022,40.0,0.0005208333604969084,2.8867080211639404,0.0,0.0,0.2643478512763977,0.2643478512763977,2.8867080211639404,0,55,0.0,1,0.0,0.0,0.0,0
43,tum_fr1_desk,55,validation,1735,1735,geometry_stratified,edge,1,6.198480940595794,6.198545395154865,6.445455907044817e-05,0.0,0.0,0.0,0.49233996868133545,0.49234065413475037,-6.854534149169922e-07,0.3156790390610694,0.3156767517328262,2.287328243200104e-06,6.861240248292568e-06,82.21919099742081,8.345059304351222e-08,7.839357002730675e-07,-8.336902937156054e-09,2.7819882626573848e-08,0.048081671675100246,0.0,-0.0004360303282737732,0.0015906818211078588,0.001494815802625074,1.818086245426528e-05,0.7938956618309021,1576.9376220703125,0.5024413466453552,21,True,min_influence_pixels,True,0.47788116335868835,0.012256701476871967,0.5982916951179504,21.0,0.0002734375011641532,1.2206599712371826,0.0,0.0,0.2702736258506775,0.2702736258506775,1.2206599712371826,0,55,0.0,1,0.0,0.0,0.0,0
43,tum_fr1_desk,55,validation,2448,2448,geometry_stratified,edge,1,6.198480940595794,6.198839902633231,0.0003589620374366831,0.0,0.0,0.0,0.49233996868133545,0.49234870076179504,-8.732080459594727e-06,0.3156790390610694,0.315667775273323,1.1263787746407239e-05,3.52171414500801e-05,76.30046599661,4.615586679594432e-07,4.704585126028347e-06,-1.1444334376650713e-07,1.4762410162616418e-07,0.1447593692620126,8.412284305826107e-05,-0.003123059868812561,0.009566618502140023,0.02342711498254499,0.0003070376396336275,0.9608792662620544,1788.482177734375,0.5362595915794373,171,False,none,True,0.7204431891441345,0.04282550886273384,13.837907791137695,173.0,0.0022526041138917208,18.129798889160156,0.0,0.0,0.13260173797607422,0.13260173797607422,18.129798889160156,0,55,0.0,1,0.0,0.0,0.0,0
43,tum_fr1_desk,55,validation,5215,5215,geometry_stratified,edge,1,6.198480940595794,6.198534877399997,5.3936804202514566e-05,0.0,0.0,0.0,0.49233996868133545,0.492336630821228,3.337860107421875e-06,0.3156790390610694,0.3156759515404701,3.087520599298621e-06,8.125006729040515e-06,62.43448500026716,1.3013652197188376e-07,8.638944359400701e-07,5.346180251839336e-08,4.945216732844692e-08,0.04778552676754977,0.0030804830878812042,0.0004708617925643921,0.0006774805486202268,0.003651607005296015,5.8487020518874934e-05,0.9147251844406128,1712.2579345703125,0.5332215428352356,88,False,none,True,0.23546716570854187,0.12944646179676056,6.061499118804932,88.0,0.0011458334047347307,16.610776901245117,0.0,0.0,0.075234055519104,0.075234055519104,16.610776901245117,0,55,0.0,1,0.0,0.0,0.0,0
43,tum_fr1_desk,55,validation,6802,6802,geometry_stratified,texture,1,6.198480940595794,6.198506021126425,2.5080530630994247e-05,0.0,0.0,0.0,0.49233996868133545,0.492336630821228,3.337860107421875e-06,0.3156790390610694,0.3156770676374435,1.971423625901636e-06,4.866241929463239e-06,61.650502000702545,7.89327219007525e-08,4.068179466033941e-07,5.4141653337775545e-08,3.197741400190335e-08,0.05719966501479945,0.007956522216759243,0.0014497935771942139,0.0010208107531070737,0.006242026269483584,0.00010124858787706955,0.8045428395271301,1483.749267578125,0.5412363409996033,94,False,none,True,0.248618945479393,0.12817730009555817,7.768852710723877,94.0,0.0012239583302289248,20.618179321289062,0.0,0.0,0.21848773956298828,0.21848773956298828,20.618179321289062,0,55,0.0,1,0.0,0.0,0.0,0
43,tum_fr1_desk,55,validation,1298,1298,geometry_stratified,texture,1,6.198480940595794,6.198478513455354,-2.427140439742459e-06,0.0,0.0,0.0,0.49233996868133545,0.4923405051231384,-5.364418029785156e-07,0.3156790390610694,0.31567929387092586,-2.548098564369994e-07,-6.009719355055617e-07,89.8667400033446,-6.687367712272584e-09,-2.700821727428999e-08,-5.969303025330069e-09,-2.8354189372788644e-09,6.623579960063353e-06,0.0012297136712813295,-0.0004979074001312256,-0.00014936667867004871,-0.0009169408579572039,-1.0203339499386288e-05,0.6391894221305847,1274.065673828125,0.5006926655769348,6,True,min_influence_pixels,True,0.06396689265966415,0.1631438285112381,0.07865523546934128,6.0,7.812499825377017e-05,0.346329927444458,0.0,0.0,0.39969170093536377,0.39969170093536377,0.346329927444458,0,55,0.0,1,0.0,0.0,0.0,0
43,tum_fr1_desk,55,validation,3372,3372,geometry_stratified,texture,1,6.198480940595794,6.198537304571936,5.636397614150468e-05,0.0,0.0,0.0,0.49233996868133545,0.49233338236808777,6.586313247680664e-06,0.3156790390610694,0.3156748831272125,4.155933856941907e-06,1.0378505788707393e-05,55.3810359997442,1.8740179921436158e-07,1.0177486773950025e-06,1.1892723075297988e-07,7.504254447246351e-08,0.10262548598880805,0.01947535386345351,0.006984233856201172,0.004665088653564464,0.012690934278661251,0.0002291566788082453,0.8484926819801331,1632.7156982421875,0.5186818242073059,60,False,none,True,0.27938172221183777,0.5644491910934448,7.882161617279053,60.0,0.0007812500116415322,9.340925216674805,0.0,0.0,0.11140584945678711,0.11140584945678711,9.340925216674805,0,55,0.0,1,0.0,0.0,0.0,0
43,tum_fr1_desk,55,validation,2884,2884,geometry_stratified,texture,1,6.198480940595794,6.198470153315336,-1.0787280458224302e-05,0.0,0.0,0.0,0.49233996868133545,0.49233928322792053,6.854534149169922e-07,0.3156790390610694,0.3156792506575584,-2.1159648899704564e-07,-8.005464446675485e-07,45.025754996459,-1.7779745053259108e-08,-2.3958022378686724e-07,1.5223585145232965e-08,-4.699454545819086e-09,0.03538521942181383,-0.0021790330845373185,0.0032949894666671753,0.001805688440799702,0.00782278788534812,0.0001737402934379076,0.9149921536445618,1817.4422607421875,0.5024504065513611,17,True,min_influence_pixels,True,0.3198024034500122,0.2006741464138031,0.6376864910125732,17.0,0.0002213541738456115,1.2251973152160645,0.0,0.0,0.04011273384094238,0.04011273384094238,1.2251973152160645,0,55,0.0,1,0.0,0.0,0.0,0
43,tum_fr1_desk,55,validation,7403,7403,geometry_stratified,texture,1,6.198480940595794,6.1991705731072155,0.0006896325114214008,0.0,0.0,0.0,0.49233996868133545,0.49230217933654785,3.7789344787597656e-05,0.3156790390610694,0.31564103066921234,3.8008391857080603e-05,0.00010090718904587931,46.24233600043226,2.1821386584997796e-06,1.491344449845601e-05,8.172023313710711e-07,8.219392691737137e-07,0.6574721594186741,0.0,0.018482953310012817,0.019797579944133753,0.0672502349831263,0.0014543001240788886,0.8955699801445007,1708.3719482421875,0.5232242345809937,112,False,none,True,0.21561866998672485,0.3643685579299927,6.734874248504639,120.0,0.0015625000232830644,11.61210823059082,0.0,0.0,0.29947537183761597,0.29947537183761597,11.61210823059082,0,55,0.0,1,0.0,0.0,0.0,0
43,tum_fr1_desk,55,validation,3101,3101,geometry_stratified,texture,1,6.198480940595794,6.198517347865154,3.6407269360161365e-05,0.0,0.0,0.0,0.49233996868133545,0.4923381209373474,1.8477439880371094e-06,0.3156790390610694,0.31567707657814026,1.962482929163123e-06,5.237400689274746e-06,51.94995099736843,1.0081627775818403e-07,7.008143157248715e-07,3.556777152938428e-08,3.777641540532991e-08,0.04901650730135465,0.006886449977265008,0.0037400126457214355,0.0018723547458648626,0.0055457778612512595,0.00010675232131657228,0.9287189245223999,1800.2962646484375,0.5148700475692749,52,False,none,True,0.20496712625026703,0.5256485342979431,5.432146072387695,52.0,0.0006770833279006183,7.435025215148926,0.0,0.0,0.0343509316444397,0.0343509316444397,7.435025215148926,0,55,0.0,1,0.0,0.0,0.0,0
43,tum_fr1_desk,55,validation,1165,1165,geometry_stratified,depth_discontinuity,1,6.198480940595794,6.198615514171603,0.0001345735758091493,0.0,0.0,0.0,0.49233996868133545,0.49233996868133545,0.0,0.3156790390610694,0.31567383408546446,5.204975604966577e-06,1.5197514353790998e-05,78.67514099780237,1.931679328571589e-07,1.7104967859276966e-06,0.0,6.615781730994251e-08,0.13887683604570356,0.0042766303943444495,0.0,0.0008012872189283385,0.006754569178388698,8.585391894724883e-05,0.6154544353485107,1053.310546875,0.583304762840271,338,False,none,True,0.12265706062316895,0.0,5.108959674835205,370.0,0.004817708395421505,41.65238952636719,0.0,0.0,0.3328690528869629,0.3328690528869629,41.65238952636719,0,55,0.0,1,0.0,0.0,0.0,0
43,tum_fr1_desk,55,validation,2171,2171,geometry_stratified,depth_discontinuity,1,6.198480940595794,6.1987115251231595,0.00023058452736535173,0.0,0.0,0.0,0.49233996868133545,0.49233993887901306,2.9802322387695312e-08,0.3156790390610694,0.3156701117753982,8.927285671200824e-06,2.605827663841403e-05,65.86583299940685,3.956266162859991e-07,3.5008215468470313e-06,4.5247013558552726e-10,1.35537429114139e-07,0.044337644242632646,0.0004069078794040823,0.0,0.00400305390357969,0.01244042100634047,0.00018887517913046816,0.7862392067909241,1534.4832763671875,0.5113804340362549,64,False,none,True,0.7634859085083008,0.0,4.3444085121154785,64.0,0.0008333333535119891,5.690227508544922,0.0,0.0,0.3058122396469116,0.3058122396469116,5.690227508544922,0,55,0.0,1,0.0,0.0,0.0,0
43,tum_fr1_desk,55,validation,2670,2670,geometry_stratified,depth_discontinuity,1,6.198480940595794,6.197731288376786,-0.0007496522190084676,0.0,0.0,0.0,0.49233996868133545,0.49233388900756836,6.079673767089844e-06,0.3156790390610694,0.31570621281862254,-2.717375755312279e-05,-8.095433767383517e-05,74.76256500376621,-1.0828191578199202e-06,-1.0027106734108218e-05,8.131975898343745e-08,-3.634674325547003e-07,-0.030057984229930446,0.005139750642015009,0.020022988319396973,0.0024694323539733443,-0.002309319829815547,-3.088871856789843e-05,0.8717106580734253,1576.7640380859375,0.5518478155136108,185,False,none,True,0.8608760833740234,0.000985167920589447,22.342815399169922,185.0,0.0024088541977107525,25.923912048339844,0.0,0.0,0.1526772379875183,0.1526772379875183,25.923912048339844,0,55,0.0,1,0.0,0.0,0.0,0
43,tum_fr1_desk,55,validation,2099,2099,geometry_stratified,depth_discontinuity,1,6.198480940595794,6.198733640306019,0.0002526997102245687,0.0,0.0,0.0,0.49233996868133545,0.49233996868133545,0.0,0.3156790390610694,0.3156692653894424,9.773671627022473e-06,2.853760443122304e-05,72.9729180020513,3.910711701349374e-07,3.462924563568435e-06,0.0,1.3393560096839942e-07,0.08802316914662534,-0.0008496895715068634,0.0,0.0068937033414840365,0.019936367822076747,0.00027320228336649943,0.7614258527755737,1498.6337890625,0.5070799589157104,42,False,none,True,0.700631856918335,0.0,2.480227470397949,42.0,0.0005468750023283064,3.5399866104125977,0.0,0.0,0.30030733346939087,0.30030733346939087,3.5399866104125977,0,55,0.0,1,0.0,0.0,0.0,0
43,tum_fr1_desk,55,validation,1311,1311,geometry_stratified,depth_discontinuity,1,6.198480940595794,6.198773016398164,0.00029207580236967345,0.0,0.0,0.0,0.49233996868133545,0.49233996868133545,0.0,0.3156790390610694,0.3156677424907684,1.1296570301022602e-05,3.29843817571083e-05,65.99371299671475,4.998109707624771e-07,4.425812537388423e-06,0.0,1.711764619394117e-07,0.30348262409363613,-5.538716693388431e-05,0.0,0.003053323179483418,0.017858086660253625,0.00027060284759462805,0.5645523071289062,1089.7547607421875,0.5170544385910034,130,False,none,True,0.20290759205818176,0.0,1.7302387952804565,196.0,0.002552083460614085,8.527225494384766,0.0,0.0,0.416816771030426,0.416816771030426,8.527225494384766,0,55,0.0,1,0.0,0.0,0.0,0
43,tum_fr1_desk,55,validation,5132,5132,geometry_stratified,depth_discontinuity,1,6.198480940595794,6.198487682659685,6.742063891174155e-06,0.0,0.0,0.0,0.49233996868133545,0.49234020709991455,-2.384185791015625e-07,0.3156790390610694,0.3156788498163223,1.8924474709525185e-07,6.161105120004455e-07,33.434311000746675,1.8427492404036266e-08,2.0165104915796193e-07,-7.130955355898855e-09,5.66019581175235e-09,0.17671023312408707,-0.03589094619192751,0.0,0.0008883323520421996,0.008261930679659208,0.00024710934463326303,0.09175759553909302,181.93531799316406,0.503341794013977,17,True,min_influence_pixels,True,0.13252002000808716,0.0,0.22142888605594635,17.0,0.0002213541738456115,1.6709089279174805,0.0,0.0,0.9059669971466064,0.9059669971466064,1.6709089279174805,0,55,0.0,1,0.0,0.0,0.0,0
43,tum_fr1_desk,55,validation,7224,7224,geometry_stratified,flat,1,6.198480940595794,6.198568048867247,8.71082714528626e-05,0.0,0.0,0.0,0.49233996868133545,0.4922957122325897,4.425644874572754e-05,0.3156790390610694,0.3156623929738998,1.664608716961391e-05,3.680422051362227e-05,44.432198999857064,8.283231832334174e-07,1.9604762630168904e-06,9.960445294609413e-07,3.746401831173708e-07,0.15666381770689863,0.0,0.011643804609775543,0.00985514447093011,0.061454867941176425,0.0013831156081510645,0.9462563991546631,1740.676025390625,0.5426142811775208,96,False,none,True,0.4576299488544464,0.05921385809779167,11.012458801269531,96.0,0.0012499999720603228,21.307130813598633,0.0,0.0,0.21950042247772217,0.21950042247772217,21.307130813598633,0,55,0.0,1,0.0,0.0,0.0,0
43,tum_fr1_desk,55,validation,2333,2333,geometry_stratified,flat,1,6.198480940595794,6.198484446467711,3.5058719172198494e-06,0.0,0.0,0.0,0.49233996868133545,0.4923385977745056,1.3709068298339844e-06,0.3156790390610694,0.3156784921884537,5.468726157475956e-07,1.2312628364986613e-06,68.86139000562252,1.7880307620832644e-08,5.091201204235923e-08,1.990820733827839e-08,7.941643578541524e-09,0.001651069098634217,0.00041142197529814295,0.0004837512969970703,0.0002119034528733632,0.00027348718392545136,3.971560607520719e-06,0.9850276112556458,1963.925537109375,0.5005605220794678,5,True,min_influence_pixels,True,0.5000962018966675,1.7920788526535034,0.6424071192741394,5.0,6.510417006211355e-05,0.28026092052459717,0.0,0.0,0.14473026990890503,0.14473026990890503,0.28026092052459717,0,55,0.0,1,0.0,0.0,0.0,0
43,tum_fr1_desk,55,validation,1486,1486,geometry_stratified,flat,1,6.198480940595794,6.198537574257791,5.6633661996485785e-05,0.0,0.0,0.0,0.49233996868133545,0.492339551448822,4.172325134277344e-07,0.3156790390610694,0.3156767234206199,2.3156404495017213e-06,6.649924528908741e-06,54.245868006546516,1.2258859104450521e-07,1.044017988423581e-06,7.691507736172308e-09,4.268786793534698e-08,0.20391085794877384,0.0008294258095897095,0.0001901388168334961,0.002421320974826835,0.012658532715234809,0.000233354782224282,1.0,1876.3853759765625,0.5319395065307617,110,False,none,True,0.23355047404766083,0.9612012505531311,19.079877853393555,110.0,0.0014322916977107525,15.969742774963379,0.0,0.0,0.05113595724105835,0.05113595724105835,15.969742774963379,0,55,0.0,1,0.0,0.0,0.0,0
43,tum_fr1_desk,55,validation,3323,3323,geometry_stratified,flat,1,6.198480940595794,6.198490379488174,9.438892379698416e-06,0.0,0.0,0.0,0.49233996868133545,0.4923385977745056,1.3709068298339844e-06,0.3156790390610694,0.31567826271057126,7.763504981661562e-07,1.9012841471289719e-06,69.57061200228054,2.73288403308375e-08,1.3567355680857035e-07,1.9705257584754978e-08,1.1159173044800975e-08,-0.21676725398520347,0.0,0.0030722618103027344,0.00039483383297916896,-0.006501555382322218,-9.345261160142009e-05,0.9727767109870911,1907.448974609375,0.5089883208274841,36,False,none,True,0.09286583214998245,0.5272502899169922,2.7869067192077637,36.0,0.0004687500186264515,4.494169235229492,0.0,0.0,0.022539615631103516,0.022539615631103516,4.494169235229492,0,55,0.0,1,0.0,0.0,0.0,0
43,tum_fr1_desk,55,validation,6921,6921,geometry_stratified,flat,1,6.198480940595794,6.199461616321508,0.0009806757257138088,0.0,0.0,0.0,0.49233996868133545,0.49230673909187317,3.3229589462280273e-05,0.3156790390610694,0.3156311437487602,4.789531230919852e-05,0.00013099654096291217,60.177940998983104,2.176819924183278e-06,1.629626586476896e-05,5.52188873707756e-07,7.958948331251125e-07,0.28657638710453703,0.09198287375645112,0.0068891942501068115,0.01344112157821653,0.03798514767082802,0.0006312138142358494,0.8944329619407654,1619.8575439453125,0.5511676073074341,196,False,none,True,0.4304977059364319,0.4226541817188263,21.826879501342773,212.0,0.002760416828095913,25.583812713623047,0.0,0.0,0.1753307580947876,0.1753307580947876,25.583812713623047,0,55,0.0,1,0.0,0.0,0.0,0
43,tum_fr1_desk,55,validation,7482,7482,geometry_stratified,flat,1,6.198480940595794,6.199042185822293,0.0005612452264989187,0.0,0.0,0.0,0.49233996868133545,0.4922976791858673,4.228949546813965e-05,0.3156790390610694,0.315644645690918,3.439337015143096e-05,8.915039760350273e-05,46.17796300590271,1.9305831569943236e-06,1.2153962409021321e-05,9.157938703951489e-07,7.448005046700439e-07,0.21443788872449954,-0.09984038852959287,0.010257065296173096,0.008998514711856836,0.028538422980555457,0.0006180095682632758,0.9545316696166992,1703.3446044921875,0.559386670589447,202,False,none,True,0.39115267992019653,0.3439326584339142,21.82714080810547,241.0,0.0031380208674818277,29.693342208862305,0.0,0.0,0.2986297011375427,0.2986297011375427,29.693342208862305,0,55,0.0,1,0.0,0.0,0.0,0
43,tum_fr1_desk,55,validation,4058,4058,geometry_stratified,general_visible,1,6.198480940595794,6.198482289007735,1.3484119412154882e-06,0.0,0.0,0.0,0.49233996868133545,0.4923403859138489,-4.172325134277344e-07,0.3156790390610694,0.3156791120767593,-7.30156898831602e-08,-1.0195702761807074e-07,30.037974996957928,-3.3942710062311578e-09,4.489024114814822e-08,-1.3890167811578152e-08,-2.430779368134996e-09,-0.007580990449715053,-0.0027380037636975108,0.0011872649192810059,-8.212327957157761e-05,-0.0005443542433987214,-1.812220176139871e-05,0.8838624954223633,1745.19873046875,0.5054537653923035,20,True,min_influence_pixels,True,0.5926862955093384,0.5575031638145447,3.1364455223083496,20.0,0.0002604166802484542,2.7268948554992676,0.0,0.0,0.2707864046096802,0.2707864046096802,2.7268948554992676,0,55,0.0,1,0.0,0.0,0.0,0
43,tum_fr2_xyz,10,cross_scene_test,2248,2248,geometry_stratified,edge,1,12.713416474380416,12.713375376167892,-4.109821252384904e-05,0.5767192914731468,0.5767162534026994,-3.038070447436425e-06,0.26260071992874146,0.262600839138031,-1.1920928955078125e-07,0.11625648885965346,0.11625687927007675,-3.9041042328158415e-07,-2.3990522166989148e-06,72.69511399499606,-3.3001560694492516e-08,-5.653504102996251e-07,-1.639852845667e-09,-5.370518069597606e-09,0.0176745316677156,0.0021441902159566872,0.00039704516530036926,0.0001310239080339684,0.0028800550695866466,3.961827571774485e-05,0.42657867074012756,833.4135131835938,0.5108451247215271,58,False,none,True,0.042230091989040375,0.0492933988571167,0.4962913393974304,58.0,0.0007552083698101342,5.4225568771362305,0.0,0.0,0.5679211616516113,0.5679211616516113,5.4225568771362305,0,10,0.0,1,0.0,0.0,0.0,0
43,tum_fr2_xyz,10,cross_scene_test,3933,3933,geometry_stratified,edge,1,12.713416474380416,12.713400760312057,-1.5714068359429234e-05,0.5767192914731468,0.5767184918976123,-7.995755345602262e-07,0.26260071992874146,0.2625958025455475,4.9173831939697266e-06,0.11625648885965346,0.11625514924526215,1.3396143913185776e-06,4.752495294991533e-06,52.31663500308059,9.084099722223514e-08,-3.003646614218199e-07,9.39927270490576e-08,2.5605897459568957e-08,-0.05355824951201882,-0.017173984214197274,0.03289604187011719,0.009188024699687825,-0.00034346690071436654,-6.5651565834488775e-06,0.9304291605949402,1840.548583984375,0.5045172572135925,21,True,min_influence_pixels,True,0.24047473073005676,0.26024961471557617,1.130943775177002,50.0,0.0006510416860692203,2.258615732192993,0.0,0.0,0.3995881676673889,0.3995881676673889,2.258615732192993,0,10,0.0,1,0.0,0.0,0.0,0
43,tum_fr2_xyz,10,cross_scene_test,3439,3439,geometry_stratified,edge,1,12.713416474380416,12.71343521045931,1.873607889280038e-05,0.5767192914731468,0.5767246863474798,5.394874332931288e-06,0.26260071992874146,0.26259681582450867,3.904104232788086e-06,0.11625648885965346,0.11625515595078469,1.3329088687785706e-06,5.491729538409203e-06,65.92507800087333,8.330258689017331e-08,2.8420260485019337e-07,5.922032026623263e-08,2.0218540640344986e-08,0.19796457209365315,0.0056547427198759825,0.0004970300942659378,0.00017615421093069086,0.0105315830673474,0.00015975078660063,0.42336657643318176,697.9661865234375,0.6055716872215271,321,False,none,True,0.01900826022028923,0.018457621335983276,1.977668285369873,321.0,0.004179687704890966,52.78584671020508,0.0,0.0,0.5632275342941284,0.5632275342941284,52.78584671020508,0,10,0.0,1,0.0,0.0,0.0,0
43,tum_fr2_xyz,10,cross_scene_test,2099,2099,geometry_stratified,edge,1,12.713416474380416,12.713427353384127,1.0879003710329016e-05,0.5767192914731468,0.5767189856622215,-3.058109253606389e-07,0.26260071992874146,0.26260051131248474,2.086162567138672e-07,0.11625648885965346,0.11625633239746093,1.564621925354004e-07,8.373244699923987e-07,87.8195789991878,9.534598998705547e-09,1.2387902372464836e-07,2.3755096425114563e-09,1.7816322318835922e-09,0.006022129839903911,-0.002206098391250355,-5.1721930503845215e-05,3.9912760257727886e-05,8.265045047175097e-05,9.411392244605883e-07,0.4894983172416687,962.7054443359375,0.5074611306190491,42,False,none,True,0.17820428311824799,0.052221253514289856,0.8596169948577881,42.0,0.0005468750023283064,3.730563163757324,0.0,0.0,0.5554401874542236,0.5554401874542236,3.730563163757324,0,10,0.0,1,0.0,0.0,0.0,0
43,tum_fr2_xyz,10,cross_scene_test,3793,3793,geometry_stratified,edge,1,12.713416474380416,12.713418589740115,2.1153596989620382e-06,0.5767192914731468,0.5767193199788732,2.8505726334948633e-08,0.26260071992874146,0.2625993490219116,1.3709068298339844e-06,0.11625648885965346,0.11625605933368206,4.2952597140155646e-07,1.6826213256053875e-06,34.560073996544816,4.868685540932608e-08,6.120819356965277e-08,3.9667358060953294e-08,1.2428386913885047e-08,0.015383421909245243,-0.0059352260891933906,0.0024777650833129883,0.0007885888218879256,0.0010606244155273593,3.068929816624225e-05,0.9931065440177917,1961.357421875,0.5053362846374512,22,True,min_influence_pixels,True,0.12395954132080078,1.5311479568481445,4.416066646575928,22.0,0.0002864583511836827,2.668144941329956,0.0,0.0,0.32778865098953247,0.32778865098953247,2.668144941329956,0,10,0.0,1,0.0,0.0,0.0,0
43,tum_fr2_xyz,10,cross_scene_test,993,993,geometry_stratified,edge,1,12.713416474380416,12.713422518268002,6.043887585960306e-06,0.5767192914731468,0.5767158759694635,-3.415503683323884e-06,0.26260071992874146,0.2626022398471832,-1.519918441772461e-06,0.11625648885965346,0.11625689268112181,-4.0382146834772037e-07,-1.4036072937270786e-06,43.700255002477206,-3.2118972615777947e-08,1.3830325671137847e-07,-3.478053941987987e-08,-9.240711943782232e-09,-0.00852385353609364,-0.003815328313897637,0.002545788884162903,0.0007276734337210641,0.005811716554999614,0.0001329904494760996,0.723402738571167,1403.9000244140625,0.5142807960510254,57,False,none,True,0.13733543455600739,0.11339529603719711,1.7903153896331787,57.0,0.0007421874906867743,7.140390872955322,0.0,0.0,0.3619421124458313,0.3619421124458313,7.140390872955322,0,10,0.0,1,0.0,0.0,0.0,0
43,tum_fr2_xyz,10,cross_scene_test,2299,2299,geometry_stratified,texture,1,12.713416474380416,12.713463919124106,4.744474368933993e-05,0.5767192914731468,0.5767254018865516,6.110413404813997e-06,0.26260071992874146,0.26259928941726685,1.430511474609375e-06,0.11625648885965346,0.11625565029680729,8.385628461754502e-07,4.246548139687465e-06,67.47413300035987,6.29359422767954e-08,7.031545509311974e-07,2.1200887080709067e-08,1.2427915838073499e-08,0.03401524466204897,0.00103232676803771,0.0005851574242115021,0.0003229580819606795,0.005404934912101518,8.010380677396315e-05,0.6038017868995667,1195.865478515625,0.5039077997207642,24,True,min_influence_pixels,True,0.12937885522842407,0.04526977986097336,0.34124755859375,24.0,0.0003124999930150807,1.9539090394973755,0.0,0.0,0.42792952060699463,0.42792952060699463,1.9539090394973755,0,10,0.0,1,0.0,0.0,0.0,0
43,tum_fr2_xyz,10,cross_scene_test,1529,1529,geometry_stratified,texture,1,12.713416474380416,12.713600212321838,0.00018373794142156896,0.5767192914731468,0.5767420529968263,2.276152367952644e-05,0.26260071992874146,0.2625900208950043,1.0699033737182617e-05,0.11625648885965346,0.11625169366598129,4.7951936721774e-06,2.233937808802489e-05,68.8235950001399,3.24588944939297e-07,2.66969404055681e-06,1.5545589760547772e-07,6.9673687812554e-08,-0.0003618219797303368,0.0,0.0013297442346811295,0.0003948500379920006,0.01455536515139191,0.000211488010054725,0.5907460451126099,1137.6802978515625,0.5182548761367798,83,False,none,True,0.16926459968090057,0.026230720803141594,1.7843711376190186,83.0,0.0010807291837409139,9.127436637878418,0.0,0.0,0.47083932161331177,0.47083932161331177,9.127436637878418,0,10,0.0,1,0.0,0.0,0.0,0
43,tum_fr2_xyz,10,cross_scene_test,2891,2891,geometry_stratified,texture,1,12.713416474380416,12.71354641981712,0.00012994543670430403,0.5767192914731468,0.5767338428344168,1.4551361269932173e-05,0.26260071992874146,0.26259878277778625,1.9371509552001953e-06,0.11625648885965346,0.11625478640198707,1.7024576663970947e-06,9.367826151433094e-06,70.32596099452348,1.332058036457205e-07,1.8477591328531338e-06,2.7545317942417418e-08,2.4208096730163002e-08,0.0375725689390638,0.004640432353012425,0.0005335584282875061,0.0004517260938882786,0.005751400082938162,8.178203328620056e-05,0.5885341763496399,1140.797119140625,0.5148972868919373,80,False,none,True,0.135902538895607,0.04286123439669609,1.3315497636795044,80.0,0.0010416667209938169,7.448655605316162,0.0,0.0,0.4390648603439331,0.4390648603439331,7.448655605316162,0,10,0.0,1,0.0,0.0,0.0,0
43,tum_fr2_xyz,10,cross_scene_test,2009,2009,geometry_stratified,texture,1,12.713416474380416,12.713579662297567,0.00016318791715086434,0.5767192914731468,0.5767426036989333,2.3312225786442653e-05,0.26260071992874146,0.262599378824234,1.341104507446289e-06,0.11625648885965346,0.11625467836856841,1.8104910850524902e-06,1.0517220596436657e-05,71.17337000090629,1.477690405316305e-07,2.2928226828206447e-06,1.8842784983052118e-08,2.5437759727120358e-08,0.38057802553312925,0.01012975374341707,0.00025742873549461365,0.0005637839902192382,0.014945609430185818,0.00020998878414771574,0.5000024437904358,974.2583618164062,0.5122133493423462,57,False,none,True,0.06096664071083069,0.036603301763534546,0.5958269238471985,57.0,0.0007421874906867743,6.106664657592773,0.0,0.0,0.5072566270828247,0.5072566270828247,6.106664657592773,0,10,0.0,1,0.0,0.0,0.0,0
43,tum_fr2_xyz,10,cross_scene_test,1975,1975,geometry_stratified,texture,1,12.713416474380416,12.713387463837087,-2.901054332937747e-05,0.5767192914731468,0.5767163781756164,-2.913297530438008e-06,0.26260071992874146,0.2626001238822937,5.960464477539062e-07,0.11625648885965346,0.11625656038522719,-7.152557372769319e-08,-9.163842240297119e-07,52.33355800010031,-1.7510451401526252e-08,-5.543392125053271e-07,1.138937367401551e-08,-1.3667248408288253e-09,-0.00016978578790372012,0.0,0.0008931085467338562,0.0002672323957085554,0.006897805377019408,0.0001318046324502948,0.6360356211662292,1258.476806640625,0.5044011473655701,27,False,none,True,0.1457783281803131,0.03874484822154045,0.40605413913726807,27.0,0.0003515625139698386,2.20055890083313,0.0,0.0,0.4259774088859558,0.4259774088859558,2.20055890083313,0,10,0.0,1,0.0,0.0,0.0,0
43,tum_fr2_xyz,10,cross_scene_test,3982,3982,geometry_stratified,texture,1,12.713416474380416,12.713423424851866,6.95047144994021e-06,0.5767192914731468,0.5767196512584182,3.5978527135327454e-07,0.26260071992874146,0.26260027289390564,4.470348358154297e-07,0.11625648885965346,0.11625629477202892,1.9408762454153905e-07,8.933935710977807e-07,45.85775900341105,1.9481841034389125e-08,1.5156587676740181e-07,9.748292230812626e-09,4.2323835433629055e-09,0.042171677720268974,0.0037384822219693192,0.00043374858796596527,0.00018467186018824612,0.01296261026024157,0.0002826699459796404,0.6951106786727905,1329.5189208984375,0.5218287110328674,60,False,none,True,0.04627764970064163,0.00815613754093647,0.5941088795661926,60.0,0.0007812500116415322,10.91434097290039,0.0,0.0,0.45342445373535156,0.45342445373535156,10.91434097290039,0,10,0.0,1,0.0,0.0,0.0,0
43,tum_fr2_xyz,10,cross_scene_test,4062,4062,geometry_stratified,depth_discontinuity,1,12.713416474380416,12.713422216073422,5.7416930054898785e-06,0.5767192914731468,0.5767195800724201,2.885992732570841e-07,0.26260071992874146,0.26260071992874146,0.0,0.11625648885965346,0.11625643931329249,4.9546360972319015e-08,3.161372957412526e-07,41.910407999239396,7.543169127511e-09,1.3699921522105155e-07,0.0,1.1821970564738526e-09,0.016556223741737597,0.00046659374259798436,0.0,0.0002763487398624309,0.001177792139038989,2.810261687407968e-05,0.6812869906425476,1349.3323974609375,0.5039066672325134,15,True,min_influence_pixels,True,0.2732900083065033,0.00017523462884128094,0.5341687202453613,63.0,0.0008203125325962901,1.9533330202102661,0.0,0.0,0.48485642671585083,0.48485642671585083,1.9533330202102661,0,10,0.0,1,0.0,0.0,0.0,0
43,tum_fr2_xyz,10,cross_scene_test,30,30,geometry_stratified,depth_discontinuity,1,12.713416474380416,12.713558205758346,0.0001417313779299434,0.5767192914731468,0.576726619727766,7.328254619132224e-06,0.26260071992874146,0.2626010775566101,-3.5762786865234375e-07,0.11625648885965346,0.11625537313520909,1.1157244443754655e-06,7.395160940134996e-06,47.92224599805195,1.5431582527320634e-07,2.957527865778762e-06,-7.462669188478382e-09,2.3281973145015363e-08,0.7673571924420379,0.03915635217476149,0.0,0.0005160874454304579,0.022937633054289516,0.0004786426966553683,0.4000356197357178,766.7989501953125,0.5206955671310425,82,False,none,True,0.02677677571773529,0.0,0.277080237865448,106.0,0.0013802084140479565,10.347782135009766,0.0,0.0,0.4315187335014343,0.4315187335014343,10.347782135009766,0,10,0.0,1,0.0,0.0,0.0,0
43,tum_fr2_xyz,10,cross_scene_test,3718,3718,geometry_stratified,depth_discontinuity,1,12.713416474380416,12.71342705118921,1.0576808794127146e-05,0.5767192914731468,0.5767199084835645,6.17010417647279e-07,0.26260071992874146,0.26260071992874146,0.0,0.11625648885965346,0.11625639759004115,9.12696123123169e-08,5.823585006287478e-07,33.14490900083911,1.7570073902269717e-08,3.191080957217104e-07,0.0,2.753654032056817e-09,0.016095357384713793,0.011895224851499311,0.0,0.00025151297450065613,0.0011126012340617775,3.3567786655670426e-05,1.0,1981.1644287109375,0.503753662109375,14,True,min_influence_pixels,True,0.275185763835907,0.0,0.516476571559906,46.0,0.0005989583441987634,1.8768287897109985,0.0,0.0,0.28110271692276,0.28110271692276,1.8768287897109985,0,10,0.0,1,0.0,0.0,0.0,0
43,tum_fr2_xyz,10,cross_scene_test,346,346,geometry_stratified,depth_discontinuity,1,12.713416474380416,12.713487490590762,7.101621034522054e-05,0.5767192914731468,0.5767216892695288,2.3977963820032144e-06,0.26260071992874146,0.26260071992874146,0.0,0.11625648885965346,0.11625587604939937,6.128102540969849e-07,3.910148569570639e-06,43.100617003801744,9.072140589601628e-08,1.6476843089962371e-06,0.0,1.4218131820315499e-08,0.13859751081708893,0.01231195231122012,0.0,0.00103841088712215,0.0073177779875003585,0.00016978360163277673,0.826340913772583,1624.319091796875,0.5077306032180786,40,False,none,True,0.17552796006202698,0.0,0.6784678101539612,68.0,0.000885416695382446,3.865297794342041,0.0,0.0,0.2559874653816223,0.2559874653816223,3.865297794342041,0,10,0.0,1,0.0,0.0,0.0,0
43,tum_fr2_xyz,10,cross_scene_test,4035,4035,geometry_stratified,depth_discontinuity,1,12.713416474380416,12.713460292755975,4.381837555911261e-05,0.5767192914731468,0.5767207812288123,1.4897556654958066e-06,0.26260071992874146,0.26260071992874146,0.0,0.11625648885965346,0.11625611074268817,3.781169652938843e-07,2.412637307460948e-06,32.64564299752237,7.390380724447835e-08,1.3422426864876941e-06,0.0,1.1582463403235197e-08,0.19159922722762168,0.029931530585548483,0.0,0.0014073956757783904,0.010070944902887305,0.00030849277202632015,0.6578964591026306,1301.9822998046875,0.5043036341667175,19,True,min_influence_pixels,True,0.17940755188465118,0.0,0.38605424761772156,39.0,0.0005078125395812094,2.1518282890319824,0.0,0.0,0.47355473041534424,0.47355473041534424,2.1518282890319824,0,10,0.0,1,0.0,0.0,0.0,0
43,tum_fr2_xyz,10,cross_scene_test,1227,1227,geometry_stratified,depth_discontinuity,1,12.713416474380416,12.713412545857995,-3.928522421148273e-06,0.5767192914731468,0.5767253703837396,6.078910592788311e-06,0.26260071992874146,0.26260265707969666,-1.9371509552001953e-06,0.11625648885965346,0.11625710390508175,-6.150454282816131e-07,-2.4293418993069946e-06,94.43835199635942,-2.572410305720546e-08,-4.159880322032427e-08,-2.0512333329099943e-08,-6.512665832048012e-09,-0.036505093280227996,-0.0026478760179204364,0.0,-0.00025682225823402474,-0.00187637094349568,-1.9868738746817754e-05,0.6646782159805298,1326.0030517578125,0.5002644658088684,6,True,min_influence_pixels,True,0.2054881453514099,0.0,0.02717333845794201,6.0,7.812499825377017e-05,0.1322379857301712,0.0,0.0,0.5049072504043579,0.5049072504043579,0.1322379857301712,0,10,0.0,1,0.0,0.0,0.0,0
43,tum_fr2_xyz,10,cross_scene_test,188,188,geometry_stratified,flat,1,12.713416474380416,12.713929025935364,0.0005125515549480042,0.5767192914731468,0.5767547238915244,3.543241837755673e-05,0.26260071992874146,0.26255935430526733,4.1365623474121094e-05,0.11625648885965346,0.1162396565079689,1.683235168456476e-05,7.547792598220492e-05,43.15224799938733,1.7491076243183565e-06,1.1877748639080896e-05,9.58597185358881e-07,3.900689411314967e-07,0.14527584560433127,0.004004798487774734,0.023990511894226074,0.010532405972480785,0.018625207586065375,0.00043161616021324806,1.0,1903.7642822265625,0.5242751240730286,98,False,none,True,0.33124229311943054,0.9163495302200317,15.142738342285156,101.0,0.0013151041930541396,12.137574195861816,0.0,0.0,0.18168854713439941,0.18168854713439941,12.137574195861816,0,10,0.0,1,0.0,0.0,0.0,0
43,tum_fr2_xyz,10,cross_scene_test,3160,3160,geometry_stratified,flat,1,12.713416474380416,12.713417985351525,1.510971108231729e-06,0.5767192914731468,0.5767210290198327,1.7375466858648991e-06,0.26260071992874146,0.26260116696357727,-4.470348358154297e-07,0.11625648885965346,0.11625660993158816,-1.210719347000122e-07,-4.275070171052976e-07,84.8616269940976,-5.037695272269905e-09,1.7805115948776493e-08,-5.2678089220057306e-09,-1.4266982497098853e-09,0.33723159754401877,0.00195581189269034,0.00010549649596214294,4.208269529044385e-05,0.007090521086134159,8.355391402791896e-05,0.36728164553642273,719.4972534179688,0.5094698071479797,59,False,none,True,0.012105463072657585,0.0445830337703228,0.26841413974761963,59.0,0.0007682291907258332,4.734896183013916,0.0,0.0,0.6006283164024353,0.6006283164024353,4.734896183013916,0,10,0.0,1,0.0,0.0,0.0,0
43,tum_fr2_xyz,10,cross_scene_test,3109,3109,geometry_stratified,flat,1,12.713416474380416,12.713411034888779,-5.439491637559968e-06,0.5767192914731468,0.576719255246188,-3.622695887717242e-08,0.26260071992874146,0.2626011371612549,-4.172325134277344e-07,0.11625648885965346,0.11625666096806526,-1.7210841180004266e-07,-7.761523736851129e-07,95.44597400235943,-8.13185031425135e-09,-5.6990267996275076e-08,-4.371399818471341e-09,-1.8032024252357478e-09,0.0009975413443399361,0.00012041112850569302,0.00011785700917243958,3.549249959178269e-05,0.000824458362748501,8.637958503395022e-06,0.39068442583084106,765.6925048828125,0.5092366933822632,58,False,none,True,0.026877570897340775,0.04407782480120659,0.32769614458084106,58.0,0.0007552083698101342,4.618340015411377,0.0,0.0,0.5849580764770508,0.5849580764770508,4.618340015411377,0,10,0.0,1,0.0,0.0,0.0,0
43,tum_fr2_xyz,10,cross_scene_test,2430,2430,geometry_stratified,flat,1,12.713416474380416,12.713411639276405,-4.835104011391422e-06,0.5767192914731468,0.5767185975949346,-6.938782122212217e-07,0.26260071992874146,0.26259946823120117,1.2516975402832031e-06,0.11625648885965346,0.11625615507364273,3.3378601073386083e-07,1.1637422486455942e-06,94.14339900104096,1.2361379140695e-08,-5.135892757959546e-08,1.3295648484811588e-08,3.545506262527977e-09,-0.0015979819932461226,-0.001228877871570111,0.0004743114113807678,0.00014161134604364668,0.0033111983527718057,3.5171858971601325e-05,0.4398641586303711,857.1903076171875,0.5121464133262634,60,False,none,True,0.03566991910338402,0.04248430207371712,0.4746471047401428,60.0,0.0007812500116415322,6.073211193084717,0.0,0.0,0.5342555642127991,0.5342555642127991,6.073211193084717,0,10,0.0,1,0.0,0.0,0.0,0
43,tum_fr2_xyz,10,cross_scene_test,3084,3084,geometry_stratified,flat,1,12.713416474380416,12.713416474380416,0.0,0.5767192914731468,0.5767196581510923,3.666779454514213e-07,0.26260071992874146,0.2626011371612549,-4.172325134277344e-07,0.11625648885965346,0.1162566140294075,-1.2516975403387143e-07,-4.7665426835953075e-07,104.40318600012688,-4.565514584573611e-09,0.0,-3.996358055847331e-09,-1.1989074168073693e-09,0.026491768308318342,0.0004575280565521922,0.0001581348478794098,4.798559675691684e-05,0.001538653280469947,1.473760849087572e-05,0.38007035851478577,737.07177734375,0.5146490335464478,81,False,none,True,0.008179392665624619,0.044719334691762924,0.3874572515487671,81.0,0.0010546875419095159,7.324509620666504,0.0,0.0,0.591772198677063,0.591772198677063,7.324509620666504,0,10,0.0,1,0.0,0.0,0.0,0
43,tum_fr2_xyz,10,cross_scene_test,1048,1048,geometry_stratified,flat,1,12.713416474380416,12.713727443313251,0.0003109689328351095,0.5767192914731468,0.5767451461119638,2.5854638816991127e-05,0.26260071992874146,0.2626071870326996,-6.467103958129883e-06,0.11625648885965346,0.11625574566423894,7.431954145292741e-07,9.733790889395654e-06,58.62432999856537,1.6603671017875778e-07,5.304434743095903e-06,-1.1031433465061593e-07,1.2677252167273574e-08,0.09430736657626682,0.0038502502285486795,-0.00662250816822052,0.0004103317856788691,-0.02088029370131257,-0.000356171127274692,0.8990275263786316,1778.7196044921875,0.5044351816177368,33,False,none,True,0.38873735070228577,0.06933572888374329,1.015818476676941,33.0,0.00042968749767169356,2.21759033203125,0.0,0.0,0.31118345260620117,0.31118345260620117,2.21759033203125,0,10,0.0,1,0.0,0.0,0.0,0
43,tum_fr2_xyz,10,cross_scene_test,3680,3680,geometry_stratified,general_visible,1,12.713416474380416,12.713420100711959,3.6263315426054987e-06,0.5767192914731468,0.5767194395768411,1.4810369430851011e-07,0.26260071992874146,0.26259976625442505,9.5367431640625e-07,0.11625648885965346,0.11625617146492004,3.173947334261795e-07,1.289161082446071e-06,30.732320999959484,4.194805470266208e-08,1.1799732088605606e-07,3.1031639829855586e-08,1.03277176307835e-08,0.013061439971954414,-0.0014069398694816493,0.0049822330474853516,0.0016781896352768833,0.0012445702573136192,4.049711238260397e-05,1.0,1980.964111328125,0.5038046836853027,14,True,min_influence_pixels,True,0.2522371709346771,3.340811014175415,6.835204124450684,49.0,0.0006380208651535213,1.902341365814209,0.0,0.0,0.24632012844085693,0.24632012844085693,1.902341365814209,0,10,0.0,1,0.0,0.0,0.0,0
43,tum_fr2_xyz,20,cross_scene_test,1052,1052,geometry_stratified,edge,1,11.701696060621945,11.701712339473593,1.6278851648010573e-05,0.4241674170305799,0.4241677238305881,3.0680000817628894e-07,0.3435174226760864,0.34350815415382385,9.268522262573242e-06,0.1503625564277172,0.15035959854722022,2.9578804969787598e-06,9.06817593757061e-06,53.853126999456435,1.6838717531968274e-07,3.0228238460832334e-07,1.7210741100821858e-07,5.4924953513072975e-08,-0.1532013086043733,0.012558951143005648,0.0035139471292495728,0.000991269061341865,0.0007891979870083615,1.465463624825959e-05,0.48926326632499695,951.29638671875,0.5133121013641357,52,False,none,True,0.04662756249308586,0.17872458696365356,1.4999529123306274,52.0,0.0006770833279006183,6.656039714813232,0.0,0.0,0.4932658076286316,0.4932658076286316,6.656039714813232,0,20,0.0,1,0.0,0.0,0.0,0
43,tum_fr2_xyz,20,cross_scene_test,1416,1416,geometry_stratified,edge,1,11.701696060621945,11.7016836121295,-1.2448492444860904e-05,0.4241674170305799,0.4241657132024845,-1.7038280954451146e-06,0.3435174226760864,0.34351831674575806,-8.940696716308594e-07,0.1503625564277172,0.15036296024918555,-4.0382146834772037e-07,-1.5254809209837854e-06,71.14432699745521,-2.1442059899426008e-08,-1.7497519437222562e-07,-1.2566984738823093e-08,-5.676088106957071e-09,-0.024735920423292868,0.000543223667856807,0.000819869339466095,0.00020424406975507597,0.0015191440908292396,2.135298982986484e-05,0.5859235525131226,1147.2899169921875,0.509702205657959,44,False,none,True,0.09320645779371262,0.08976021409034729,0.8875897526741028,44.0,0.0005729167023673654,4.851100444793701,0.0,0.0,0.4323563575744629,0.4323563575744629,4.851100444793701,0,20,0.0,1,0.0,0.0,0.0,0
43,tum_fr2_xyz,20,cross_scene_test,482,482,geometry_stratified,edge,1,11.701696060621945,11.701678345470363,-1.7715151582109456e-05,0.4241674170305799,0.4241681647941705,7.477635906028013e-07,0.3435174226760864,0.34351620078086853,1.2218952178955078e-06,0.1503625564277172,0.1503623828291893,1.735985279138763e-07,7.376027724541916e-09,73.32091499847593,1.005992318112129e-10,-2.416111635060431e-07,1.6665029588363792e-08,2.367653594032273e-09,-0.00815756765433484,-0.0002691818265755982,0.00064835324883461,6.620697677135745e-05,0.003693939119296845,5.0380428549938695e-05,0.6573233008384705,1241.2115478515625,0.528581976890564,110,False,none,True,0.2257615029811859,0.04511816054582596,3.8711366653442383,110.0,0.0014322916977107525,14.290983200073242,0.0,0.0,0.4626544713973999,0.4626544713973999,14.290983200073242,0,20,0.0,1,0.0,0.0,0.0,0
43,tum_fr2_xyz,20,cross_scene_test,2837,2837,geometry_stratified,edge,1,11.701696060621945,11.701777455490385,8.139486843994348e-05,0.4241674170305799,0.42417553076507214,8.11373449222108e-06,0.3435174226760864,0.3435170650482178,3.5762786865234375e-07,0.1503625564277172,0.15036156252026558,9.939074516185364e-07,5.1813955295664036e-06,68.78543399943737,7.532692938462501e-08,1.18331547403785e-06,5.199180231315673e-09,1.4449388392703404e-08,0.006544250622759762,0.00022620423766908648,9.953975677490234e-06,1.1668540537353861e-05,0.00026185055658796245,3.8067733437591487e-06,0.45514652132987976,886.2864990234375,0.512543261051178,69,False,none,True,0.0591384582221508,0.062337279319763184,0.7618516087532043,69.0,0.0008984375162981451,6.271636009216309,0.0,0.0,0.5609040260314941,0.5609040260314941,6.271636009216309,0,20,0.0,1,0.0,0.0,0.0,0
43,tum_fr2_xyz,20,cross_scene_test,4250,4250,geometry_stratified,edge,1,11.701696060621945,11.701815280683716,0.00011922006177123023,0.4241674170305799,0.4241809651611781,1.354813059817328e-05,0.3435174226760864,0.34349891543388367,1.850724220275879e-05,0.1503625564277172,0.15035570561885833,6.85080885887146e-06,2.329450088541077e-05,38.48039700096706,6.053602015806996e-07,3.0982024891332093e-06,4.809524756798553e-07,1.7803373646844888e-07,1.322493780169296,0.11639015820452292,0.06058722734451294,0.020743435714393854,0.07932344926091188,0.0020613989314849945,0.6701874732971191,1329.7220458984375,0.5030056834220886,13,True,min_influence_pixels,True,0.07872624695301056,0.2469901591539383,0.4894970953464508,13.0,0.00016927083197515458,1.5028321743011475,0.0,0.0,0.3706620931625366,0.3706620931625366,1.5028321743011475,0,20,0.0,1,0.0,0.0,0.0,0
43,tum_fr2_xyz,20,cross_scene_test,3498,3498,geometry_stratified,edge,1,11.701696060621945,11.701698933356038,2.872734093273266e-06,0.4241674170305799,0.4241648490119552,-2.568018624693469e-06,0.3435174226760864,0.34351181983947754,5.602836608886719e-06,0.1503625564277172,0.15036084428429602,1.7121434211786468e-06,5.06490696940036e-06,64.71451099787373,7.82653981510696e-08,4.439088002021143e-08,8.657774774919965e-08,2.6456870256423652e-08,0.0936055203812316,0.001309714877958501,0.0007788240909576416,0.00023860726214479724,0.004396866433186056,6.794251189397876e-05,0.39428040385246277,661.2639770507812,0.5952526330947876,311,False,none,True,0.01356816291809082,0.07346123456954956,4.144889831542969,311.0,0.004049479495733976,47.626319885253906,0.0,0.0,0.5999865531921387,0.5999865531921387,47.626319885253906,0,20,0.0,1,0.0,0.0,0.0,0
43,tum_fr2_xyz,20,cross_scene_test,539,539,geometry_stratified,texture,1,11.701696060621945,11.701603655355598,-9.240526634712865e-05,0.4241674170305799,0.4241496047308549,-1.7812299725028513e-05,0.3435174226760864,0.3434939682483673,2.345442771911621e-05,0.1503625564277172,0.1503565266728401,6.029754877096005e-06,1.4955458523431953e-05,58.14759100030642,2.571982478750176e-07,-1.5891503802219717e-06,4.0336026507087134e-07,1.036974150324513e-07,-0.09750699175697441,0.0,0.014011532068252563,0.003057092428207425,0.008462051631142008,0.00014552712305996332,0.9265530705451965,1808.861083984375,0.5112300515174866,40,False,none,True,0.21061484515666962,0.28660282492637634,2.791895866394043,40.0,0.0005208333604969084,5.615037441253662,0.0,0.0,0.12484979629516602,0.12484979629516602,5.615037441253662,0,20,0.0,1,0.0,0.0,0.0,0
43,tum_fr2_xyz,20,cross_scene_test,4839,4839,geometry_stratified,texture,1,11.701696060621945,11.70174489735995,4.8836738004709446e-05,0.4241674170305799,0.424185261545733,1.7844515153075946e-05,0.3435174226760864,0.34350889921188354,8.52346420288086e-06,0.1503625564277172,0.1503594674170017,3.0890107154957214e-06,1.0365128609577247e-05,46.9440829983796,2.2079733903706304e-07,1.0403172217975837e-06,1.8156631589065377e-07,6.580191832913952e-08,0.5844672842429262,0.05534172591915176,0.002957575023174286,0.001773261837661265,0.03937105561347025,0.0008386798313821414,0.6428720951080322,1233.58740234375,0.5201402306556702,58,False,none,True,0.08710511028766632,0.044724658131599426,1.3275423049926758,58.0,0.0007552083698101342,10.070125579833984,0.0,0.0,0.5,0.5,10.070125579833984,0,20,0.0,1,0.0,0.0,0.0,0
43,tum_fr2_xyz,20,cross_scene_test,3041,3041,geometry_stratified,texture,1,11.701696060621945,11.701754952050651,5.8891428706076e-05,0.4241674170305799,0.4241732889290938,5.871898513865048e-06,0.3435174226760864,0.34351539611816406,2.0265579223632812e-06,0.1503625564277172,0.1503613069653511,1.2494623660985749e-06,5.292737937342211e-06,81.55545299814548,6.489741326631542e-08,7.22102894915134e-07,2.48488341105697e-08,1.5320402501191268e-08,0.013352328881042652,0.0010544688374589245,0.00048232078552246094,0.0004157721996307373,0.002338111111708273,2.8668973388713078e-05,0.5897251963615417,1153.0550537109375,0.510445773601532,65,False,none,True,0.3283936679363251,0.11157679557800293,2.297919750213623,65.0,0.0008463541744276881,5.222895622253418,0.0,0.0,0.5517373085021973,0.5517373085021973,5.222895622253418,0,20,0.0,1,0.0,0.0,0.0,0
43,tum_fr2_xyz,20,cross_scene_test,1364,1364,geometry_stratified,texture,1,11.701696060621945,11.702145187792386,0.00044912717044098827,0.4241674170305799,0.4242326119417426,6.51949111626915e-05,0.3435174226760864,0.3435150384902954,2.384185791015625e-06,0.1503625564277172,0.15035694912075998,5.60730695722822e-06,2.8949114374504303e-05,56.91411099542165,5.086456393359647e-07,7.89131487052688e-06,4.189094320049058e-08,9.852226203936118e-08,0.21824819721681799,-0.02121491532475092,0.0004600733518600464,0.0021659336984157646,0.013334984250774475,0.00023430014134538942,0.8762133717536926,1634.5008544921875,0.5350739359855652,127,False,none,True,0.19728802144527435,0.15434877574443817,6.166639804840088,127.0,0.0016536458861082792,17.536958694458008,0.0,0.0,0.20987999439239502,0.20987999439239502,17.536958694458008,0,20,0.0,1,0.0,0.0,0.0,0
43,tum_fr2_xyz,20,cross_scene_test,2227,2227,geometry_stratified,texture,1,11.701696060621945,11.701564874456484,-0.00013118616546137218,0.4241674170305799,0.42415011356298465,-1.7303467595264355e-05,0.3435174226760864,0.34351563453674316,1.7881393432617188e-06,0.1503625564277172,0.15036344900727272,-8.925795555170257e-07,-6.28599279091141e-06,82.20052200340433,-7.647144613815318e-08,-1.5959286177761634e-06,2.1753381848203628e-08,-1.085856310596251e-08,-0.027017049644205926,0.0015491863954336348,0.0005101785063743591,-0.0005381025373935866,-0.0009756181881764845,-1.1868759034596876e-05,0.9047548174858093,1765.8394775390625,0.5113652348518372,57,False,none,True,0.3903939425945282,0.11048103123903275,2.846280813217163,57.0,0.0007421874906867743,5.6826171875,0.0,0.0,0.2622835636138916,0.2622835636138916,5.6826171875,0,20,0.0,1,0.0,0.0,0.0,0
43,tum_fr2_xyz,20,cross_scene_test,950,950,geometry_stratified,texture,1,11.701696060621945,11.701728618386262,3.255776431743129e-05,0.4241674170305799,0.42417497548761446,7.558457034539945e-06,0.3435174226760864,0.34351646900177,9.5367431640625e-07,0.1503625564277172,0.15036191567778587,6.407499313354492e-07,2.7804791872921327e-06,50.84003799856873,5.4690737787615534e-08,6.403961444393073e-07,1.875833209316441e-08,1.2603254375094838e-08,0.1420325262707891,0.01387873194131728,0.0020850002765655518,0.0010757578536868123,0.007773330259714999,0.00015289780585793104,0.8968615531921387,1747.3170166015625,0.512279212474823,46,False,none,True,0.10852861404418945,0.31726619601249695,2.6142115592956543,46.0,0.0005989583441987634,6.139604091644287,0.0,0.0,0.12353301048278809,0.12353301048278809,6.139604091644287,0,20,0.0,1,0.0,0.0,0.0,0
43,tum_fr2_xyz,20,cross_scene_test,154,154,geometry_stratified,depth_discontinuity,1,11.701696060621945,11.701665897028699,-3.0163593246257392e-05,0.4241674170305799,0.4241710980955938,3.6810650138607848e-06,0.3435174226760864,0.34351739287376404,2.9802322387695312e-08,0.1503625564277172,0.1503628760576248,-3.1962990759693e-07,-1.778370946014802e-06,64.25154300086433,-2.7678260520387484e-08,-4.6946099404728104e-07,4.6383823634078953e-10,-4.974665084582175e-09,-0.04772642879717992,-0.0019816146392769296,0.0,-0.00041825734078883986,-0.002636782637833139,-4.1038432926002545e-05,0.6375536322593689,1270.3843994140625,0.5008587837219238,6,True,min_influence_pixels,True,0.23192712664604187,0.0,0.09958549588918686,6.0,7.812499825377017e-05,0.42938271164894104,0.0,0.0,0.3083850145339966,0.3083850145339966,0.42938271164894104,0,20,0.0,1,0.0,0.0,0.0,0
43,tum_fr2_xyz,20,cross_scene_test,23,23,geometry_stratified,depth_discontinuity,1,11.701696060621945,11.701825335537372,0.00012927491542669145,0.4241674170305799,0.4241746639001332,7.246869553279023e-06,0.3435174226760864,0.3435174226760864,0.0,0.1503625564277172,0.15036114826798438,1.4081597328186035e-06,7.733275614908966e-06,40.93313900375506,1.8892456828682362e-07,3.15819696639518e-06,0.0,3.4401459724098465e-08,0.11738042039228169,0.017832220974658752,0.0,0.0015552081167697906,0.007613170882442958,0.00018599039965502164,0.6157314777374268,1197.6337890625,0.5131233334541321,59,False,none,True,0.2593730390071869,0.0,1.7019208669662476,70.0,0.0009114583372138441,6.561672210693359,0.0,0.0,0.3711909055709839,0.3711909055709839,6.561672210693359,0,20,0.0,1,0.0,0.0,0.0,0
43,tum_fr2_xyz,20,cross_scene_test,3936,3936,geometry_stratified,depth_discontinuity,1,11.701696060621945,11.701747770126348,5.170950440280819e-05,0.4241674170305799,0.4241699096703236,2.492639743667535e-06,0.3435174226760864,0.3435174226760864,0.0,0.1503625564277172,0.1503619931638241,5.632638931107881e-07,3.093282622830479e-06,37.3079470009543,8.291216406926266e-08,1.386018490952759e-06,0.0,1.5097692003700454e-08,0.534129353387641,0.04819832371232555,0.0,0.0027552692219614955,0.02546308095652143,0.0006825109126447004,0.5290646553039551,1050.7471923828125,0.5025127530097961,12,True,min_influence_pixels,True,0.13076792657375336,0.0,0.1642940789461136,13.0,0.00016927083197515458,1.2563790082931519,0.0,0.0,0.3883417844772339,0.3883417844772339,1.2563790082931519,0,20,0.0,1,0.0,0.0,0.0,0
43,tum_fr2_xyz,20,cross_scene_test,3457,3457,geometry_stratified,depth_discontinuity,1,11.701696060621945,11.701708030359866,1.196973792083611e-05,0.4241674170305799,0.4241571424336569,-1.0274596923043333e-05,0.3435174226760864,0.343513160943985,4.26173210144043e-06,0.1503625564277172,0.15036114752292631,1.4089047908893981e-06,4.4378823619387185e-06,65.16978699801257,6.809723594883096e-08,1.8367004822650626e-07,6.539429232092467e-08,2.161898719927325e-08,0.11274405587527525,0.02005909810860307,0.0005994439125061035,0.00021029864437878062,0.004814367242200374,7.38742209230666e-05,0.4049213230609894,714.6485595703125,0.5656020045280457,271,False,none,True,0.02260466292500496,0.06782209873199463,2.9660887718200684,271.0,0.003528645960614085,32.80100631713867,0.0,0.0,0.5886098146438599,0.5886098146438599,32.80100631713867,0,20,0.0,1,0.0,0.0,0.0,0
43,tum_fr2_xyz,20,cross_scene_test,3461,3461,geometry_stratified,depth_discontinuity,1,11.701696060621945,11.701722872880707,2.681225876166593e-05,0.4241674170305799,0.42417266815034455,5.251119764626555e-06,0.3435174226760864,0.34351271390914917,4.708766937255859e-06,0.1503625564277172,0.15036085173487662,1.704692840581723e-06,5.716171355021614e-06,65.07792400225298,8.783579750982409e-08,4.1200236751156496e-07,7.235582587257766e-08,2.619464075901848e-08,0.26245832898944244,0.014814952003866733,0.0006124898791313171,0.00024506832705810735,0.008498239865290165,0.000130585601731794,0.40322527289390564,660.8446655273438,0.6091665029525757,331,False,none,True,0.02005613222718239,0.0689021572470665,4.8556318283081055,331.0,0.0043098959140479565,54.5832405090332,0.0,0.0,0.5905792713165283,0.5905792713165283,54.5832405090332,0,20,0.0,1,0.0,0.0,0.0,0
43,tum_fr2_xyz,20,cross_scene_test,3854,3854,geometry_stratified,depth_discontinuity,1,11.701696060621945,11.701707551569715,1.1490947770198545e-05,0.4241674170305799,0.4241679692553422,5.522247623068743e-07,0.3435174226760864,0.3435174226760864,0.0,0.1503625564277172,0.15036243125796317,1.2516975403387143e-07,6.87392955471402e-07,28.434794003260322,2.4174360306341093e-08,4.0411573823538156e-07,0.0,4.4019926439248874e-09,1.2181691314198027,0.08244037756852646,0.0,0.0005765568232163787,0.03448540572811458,0.0012127890120871105,0.7391425967216492,1470.4676513671875,0.5016581416130066,11,True,min_influence_pixels,True,0.03478005528450012,0.0,0.02883477881550789,11.0,0.00014322917559184134,0.8290607333183289,0.0,0.0,0.2137318253517151,0.2137318253517151,0.8290607333183289,0,20,0.0,1,0.0,0.0,0.0,0
43,tum_fr2_xyz,20,cross_scene_test,2337,2337,geometry_stratified,flat,1,11.701696060621945,11.701733885106368,3.782448442279929e-05,0.4241674170305799,0.42417183614375187,4.41911317194954e-06,0.3435174226760864,0.3435155153274536,1.9073486328125e-06,0.1503625564277172,0.15036157220602037,9.842216968369843e-07,3.928397517638802e-06,70.30966499587521,5.5872795267468074e-08,5.379699138805212e-07,2.712782990680437e-08,1.3998384104016492e-08,0.014890101837302439,0.00010906248397068996,0.0006458163261413574,0.0003301564604043933,0.0022641953335164992,3.2203187622204295e-05,0.5648182034492493,1110.6881103515625,0.5075299739837646,41,False,none,True,0.23715528845787048,0.1364998072385788,1.4068068265914917,41.0,0.0005338541814126074,3.7649877071380615,0.0,0.0,0.5295568704605103,0.5295568704605103,3.7649877071380615,0,20,0.0,1,0.0,0.0,0.0,0
43,tum_fr2_xyz,20,cross_scene_test,2815,2815,geometry_stratified,flat,1,11.701696060621945,11.702321403888881,0.0006253432669360848,0.4241674170305799,0.42423160809759486,6.419106701494037e-05,0.3435174226760864,0.34351667761802673,7.450580596923828e-07,0.1503625564277172,0.1503555215895176,7.034838199609927e-06,3.805894966207529e-05,83.00385699840263,4.5852025482150446e-07,7.533906128580498e-06,8.976186006714376e-09,8.475314827533027e-08,0.3052009275227725,0.04947964678002473,0.0003113746643066406,0.00086575737223029,0.012678310385123268,0.00015274362955648263,0.5202538967132568,1014.8545532226562,0.511638879776001,69,False,none,True,0.09758688509464264,0.12749524414539337,1.3098522424697876,69.0,0.0008984375162981451,5.819441318511963,0.0,0.0,0.4681077003479004,0.4681077003479004,5.819441318511963,0,20,0.0,1,0.0,0.0,0.0,0
43,tum_fr2_xyz,20,cross_scene_test,830,830,geometry_stratified,flat,1,11.701696060621945,11.701692709101238,-3.3515207071843633e-06,0.4241674170305799,0.42417011043379194,2.6934032120173867e-06,0.3435174226760864,0.3435159921646118,1.430511474609375e-06,0.1503625564277172,0.15036216378211975,3.9264559745233463e-07,1.048802364798584e-06,59.154875998501666,1.772977032062664e-08,-5.66567108900584e-08,2.418247778332945e-08,6.637586349809607e-09,-0.018083821988518878,-0.002324420018294915,0.0009702853858470917,0.0002907403497374606,0.006634012418845368,0.00011214650198934406,0.4353894293308258,839.307861328125,0.5177481770515442,68,False,none,True,0.008074678480625153,0.04173688590526581,0.4420326352119446,68.0,0.000885416695382446,8.874096870422363,0.0,0.0,0.561351478099823,0.561351478099823,8.874096870422363,0,20,0.0,1,0.0,0.0,0.0,0
43,tum_fr2_xyz,20,cross_scene_test,4323,4323,geometry_stratified,flat,1,11.701696060621945,11.701699412145237,3.3515232917835647e-06,0.4241674170305799,0.4241674000856724,-1.6944907532678855e-08,0.3435174226760864,0.3435148596763611,2.562999725341797e-06,0.1503625564277172,0.15036175101995466,8.05407762538568e-07,2.4388036022118764e-06,44.20536499674199,5.516985556824653e-08,7.581711613580337e-08,5.797938158706967e-08,1.8219683574559963e-08,0.07931591690449125,0.0394900892513379,0.0060863494873046875,0.0019560514017939457,0.004090941640645319,9.254400774536819e-05,0.915929913520813,1813.3697509765625,0.5040982365608215,14,True,min_influence_pixels,True,0.0927482545375824,1.3178937435150146,2.890556573867798,14.0,0.0001822916674427688,2.049107074737549,0.0,0.0,0.2952548861503601,0.2952548861503601,2.049107074737549,0,20,0.0,1,0.0,0.0,0.0,0
43,tum_fr2_xyz,20,cross_scene_test,3090,3090,geometry_stratified,flat,1,11.701696060621945,11.701695581833114,-4.78788830804433e-07,0.4241674170305799,0.4241680428486957,6.258181157736686e-07,0.3435174226760864,0.3435176908969879,-2.682209014892578e-07,0.1503625564277172,0.15036264210939407,-8.568167686462402e-08,-2.6288351511565274e-07,82.38772399636218,-3.190809290074093e-09,-5.8114098506419946e-09,-3.255593048074748e-09,-1.0399811125794334e-09,0.07105024332530263,0.0001537941286039457,0.0001851692795753479,5.7265277428081296e-05,0.0017552878104471438,2.1305210598179022e-05,0.3867133557796478,740.5851440429688,0.5211727023124695,110,False,none,True,0.00964098796248436,0.12244635075330734,1.3983230590820312,110.0,0.0014322916977107525,10.586352348327637,0.0,0.0,0.6077103018760681,0.6077103018760681,10.586352348327637,0,20,0.0,1,0.0,0.0,0.0,0
43,tum_fr2_xyz,20,cross_scene_test,3913,3913,geometry_stratified,flat,1,11.701696060621945,11.701664460672344,-3.159994960100221e-05,0.4241674170305799,0.4241650382964452,-2.37873413472256e-06,0.3435174226760864,0.3435170650482178,3.5762786865234375e-07,0.1503625564277172,0.1503627933561802,-2.3692846298772885e-07,-1.5779983411079308e-06,45.81941799551714,-3.4439510804399965e-08,-6.896628325591973e-07,7.805159565477964e-09,-5.1709182122503025e-09,-0.20770287751683014,0.0,0.0007141828536987305,-0.00027412623167038033,-0.003195741589108585,-6.97464465703438e-05,0.7169065475463867,1430.5482177734375,0.5001410841941833,1,True,min_influence_pixels,True,0.10817751288414001,0.0457954965531826,0.010862518101930618,1.0,1.302083364862483e-05,0.07054819166660309,0.0,0.0,0.27218949794769287,0.27218949794769287,0.07054819166660309,0,20,0.0,1,0.0,0.0,0.0,0
43,tum_fr2_xyz,20,cross_scene_test,1651,1651,geometry_stratified,general_visible,1,11.701696060621945,11.701745854948538,4.979432659268923e-05,0.4241674170305799,0.42416952911140726,2.1120808273433767e-06,0.3435174226760864,0.34351494908332825,2.473592758178711e-06,0.1503625564277172,0.15036127194762228,1.2844800949263213e-06,5.138949393875166e-06,68.69164200179512,7.481185838796618e-08,7.248964377847883e-07,3.6010097969620066e-08,1.8699219548322253e-08,0.13522893130309654,0.053775512543055126,0.000860258936882019,0.00042231180705129545,0.006328472181850353,9.212870732781394e-05,0.5733676552772522,1074.42041015625,0.5326529145240784,115,False,none,True,0.07085566967725754,0.13932719826698303,3.4315426349639893,115.0,0.0014973959187045693,16.326461791992188,0.0,0.0,0.43415260314941406,0.43415260314941406,16.326461791992188,0,20,0.0,1,0.0,0.0,0.0,0
44,tum_fr1_desk,15,train,3962,3962,geometry_stratified,edge,1,6.354523596593911,6.354710618402503,0.00018702180859264672,0.20807514927433599,0.20809762846083907,2.247918650308267e-05,0.35896074771881104,0.3589682877063751,-7.539987564086914e-06,0.26973697245121,0.2697322562336922,4.716217517797272e-06,1.4300386739803297e-05,35.59117200347828,4.017958930491454e-07,5.254724642795391e-06,-2.1184993748871325e-07,1.3251087987033308e-07,0.0678972502823032,0.01287802172705587,-0.005842044949531555,0.0037887766957282465,0.008916009082408874,0.0002505118146021582,0.9450027346611023,1772.447265625,0.5321626663208008,81,False,none,True,0.7083869576454163,0.20688393712043762,14.718770980834961,81.0,0.0010546875419095159,16.081327438354492,0.0,0.0,0.19937288761138916,0.19937288761138916,16.081327438354492,0,15,0.0,1,0.0,0.0,0.0,0
44,tum_fr1_desk,15,train,731,731,geometry_stratified,edge,1,6.354523596593911,6.354521080660356,-2.515933554825267e-06,0.20807514927433599,0.2080742178880452,-9.313862907867065e-07,0.35896074771881104,0.35896041989326477,3.2782554626464844e-07,0.26973697245121,0.26973696798086166,4.470348313745376e-09,-3.1706902368437093e-09,61.79770400194684,-5.130757344550894e-11,-4.07124114958382e-08,5.304817574684017e-09,7.233842075434622e-11,-0.0009000750678751501,-8.252142092025905e-05,0.0004153251647949219,8.335411548612837e-05,0.0014471121814360057,2.341692470306691e-05,0.4237673878669739,788.8034057617188,0.5362281203269958,159,False,none,True,0.43107280135154724,0.0036971955560147762,7.875452518463135,159.0,0.0020703126210719347,18.11406707763672,0.0,0.0,0.5351996421813965,0.5351996421813965,18.11406707763672,0,15,0.0,1,0.0,0.0,0.0,0
44,tum_fr1_desk,15,train,2812,2812,geometry_stratified,edge,1,6.354523596593911,6.354451753286937,-7.184330697374008e-05,0.20807514927433599,0.20806538008568143,-9.769188654557004e-06,0.35896074771881104,0.3589562475681305,4.500150680541992e-06,0.26973697245121,0.2697383031249046,-1.330673694621698e-06,-4.153113986152064e-06,45.95292599697132,-9.037757435567409e-08,-1.5634109344522514e-06,9.792957864834526e-08,-2.895732242837813e-08,-0.05374751095663288,0.0007421464256261445,0.010068714618682861,-0.004448723793029741,-0.033686652261328616,-0.0007330687117409857,0.9197344183921814,1829.855224609375,0.5016268491744995,9,True,min_influence_pixels,True,0.9254997968673706,0.7768906950950623,1.3847534656524658,9.0,0.00011718750465661287,0.8134170770645142,0.0,0.0,0.2756502628326416,0.2756502628326416,0.8134170770645142,0,15,0.0,1,0.0,0.0,0.0,0
44,tum_fr1_desk,15,train,3227,3227,geometry_stratified,edge,1,6.354523596593911,6.354634858224092,0.00011126163018104762,0.20807514927433599,0.20809136774933593,1.6218474999940558e-05,0.35896074771881104,0.3589554727077484,5.27501106262207e-06,0.26973697245121,0.26973123848438263,5.733966827348169e-06,1.666489972409191e-05,60.466000002634246,2.7560777500357045e-07,1.8400692980551124e-06,8.723929253451958e-08,9.482960386164728e-08,0.062480362821450086,6.18603376821244e-05,0.0070999786257743835,0.007738099247217245,0.03379864830377831,0.0005589694754458017,0.7045599818229675,1392.25,0.5050584673881531,28,False,none,True,0.7483156323432922,0.11624126136302948,2.186678171157837,28.0,0.0003645833348855376,2.529247283935547,0.0,0.0,0.3584100008010864,0.3584100008010864,2.529247283935547,0,15,0.0,1,0.0,0.0,0.0,0
44,tum_fr1_desk,15,train,3952,3952,geometry_stratified,edge,1,6.354523596593911,6.354688253636706,0.00016465704279511328,0.20807514927433599,0.20809632796325006,2.117868891407526e-05,0.35896074771881104,0.35895025730133057,1.049041748046875e-05,0.26973697245121,0.26972768157720567,9.290874004308503e-06,2.6905572975860477e-05,39.199966995511204,6.863672354352094e-07,4.200438301745718e-06,2.676129161453123e-07,2.3701229149943932e-07,0.04802177586944589,0.0037725604737059563,0.009434312582015991,0.007499250769615218,0.02144748962485157,0.000547130298025698,0.7651909589767456,1423.1534423828125,0.536672830581665,79,False,none,True,0.7737507820129395,0.32726332545280457,20.18866539001465,79.0,0.0010286459000781178,18.336427688598633,0.0,0.0,0.3315678834915161,0.3315678834915161,18.336427688598633,0,15,0.0,1,0.0,0.0,0.0,0
44,tum_fr1_desk,15,train,52,52,geometry_stratified,edge,1,6.354523596593911,6.354538692225848,1.5095631937356302e-05,0.20807514927433599,0.20807630303505606,1.153760720074004e-06,0.35896074771881104,0.35895997285842896,7.748603820800781e-07,0.26973697245121,0.26973617672920225,7.957220077292604e-07,2.310487242761777e-06,67.9182590029086,3.401864648301468e-08,2.2226176228560029e-07,1.1408719738338622e-08,1.1715877577120809e-08,0.002018631868939469,0.00014505347938947172,0.0023356080055236816,0.0008821368217468151,0.0031528624337384256,4.6421425990960756e-05,0.8402500748634338,1534.760498046875,0.5464795827865601,179,False,none,True,0.7296212315559387,0.15605933964252472,20.583038330078125,362.0,0.004713541828095913,23.23979949951172,0.0,0.0,0.2230011224746704,0.2230011224746704,23.23979949951172,0,15,0.0,1,0.0,0.0,0.0,0
44,tum_fr1_desk,15,train,1305,1305,geometry_stratified,texture,1,6.354523596593911,6.354617805377222,9.420878331134475e-05,0.20807514927433599,0.2080839394310132,8.790156677207506e-06,0.35896074771881104,0.3589572012424469,3.546476364135742e-06,0.26973697245121,0.26973239332437515,4.579126834824976e-06,1.3341780623646114e-05,85.49350300017977,1.560560762566725e-07,1.101940849366608e-06,4.148240789862459e-08,5.356110902152819e-08,0.08615162403180499,0.0,0.0006872266530990601,0.0013605929911136572,0.006807617098951757,7.962730336289346e-05,0.6664478778839111,1271.34619140625,0.5232064127922058,99,False,none,True,0.2486596554517746,0.17190566658973694,4.879906177520752,99.0,0.0012890625512227416,11.603206634521484,0.0,0.0,0.3984331488609314,0.3984331488609314,11.603206634521484,0,15,0.0,1,0.0,0.0,0.0,0
44,tum_fr1_desk,15,train,4359,4359,geometry_stratified,texture,1,6.354523596593911,6.35466085695556,0.00013726036164918298,0.20807514927433599,0.2080895859935499,1.4436719213917204e-05,0.35896074771881104,0.3589598536491394,8.940696716308594e-07,0.26973697245121,0.2697315827012062,5.389750003803595e-06,1.5867507263454476e-05,31.65231599996332,5.013063582289796e-07,4.336502948136308e-06,2.8246579859492603e-08,1.702797989192905e-07,0.10893178547858895,0.07979339656884693,0.0010472536087036133,0.005839502811431918,0.016715944453026172,0.0005281112590006223,0.8615869879722595,1677.70068359375,0.5125522613525391,32,False,none,True,0.5590527653694153,0.22258204221725464,4.905633449554443,32.0,0.00041666667675599456,6.276119709014893,0.0,0.0,0.2621276378631592,0.2621276378631592,6.276119709014893,0,15,0.0,1,0.0,0.0,0.0,0
44,tum_fr1_desk,15,train,1349,1349,geometry_stratified,texture,1,6.354523596593911,6.35451772608455,-5.870509360406118e-06,0.20807514927433599,0.208075076306553,-7.296778298249151e-08,0.35896074771881104,0.35895928740501404,1.4603137969970703e-06,0.26973697245121,0.2697367534041405,2.1904706948294717e-07,5.737692952870872e-07,63.54794900107663,9.028919175304405e-09,-9.237921054394153e-08,2.2979715631299598e-08,3.4469573436467014e-09,-0.00020772799678248077,0.0,-0.0003241896629333496,-0.00010369271039961658,-0.00020518222736731138,-3.2287781209718536e-06,0.7914360761642456,1529.4866943359375,0.5164520740509033,69,False,none,True,0.3813728988170624,0.5269089341163635,7.471558094024658,69.0,0.0008984375162981451,8.226035118103027,0.0,0.0,0.3118210434913635,0.3118210434913635,8.226035118103027,0,15,0.0,1,0.0,0.0,0.0,0
44,tum_fr1_desk,15,train,4091,4091,geometry_stratified,texture,1,6.354523596593911,6.354530305757184,6.709163272944352e-06,0.20807514927433599,0.2080759092676622,7.59993326215902e-07,0.35896074771881104,0.35896071791648865,2.9802322387695312e-08,0.26973697245121,0.2697367131710052,2.5928020475074476e-07,7.639734785689515e-07,51.05614800413605,1.496339830625417e-08,1.314075490458239e-07,5.837166247888703e-10,5.078334635228269e-09,0.18249072025859547,-0.025373778881627396,0.0014201551675796509,0.0008333521895110552,0.009127982093637093,0.0001787832112382947,0.6766952276229858,1332.611572265625,0.5067962408065796,21,True,min_influence_pixels,True,0.11438237130641937,0.18973901867866516,1.0334453582763672,21.0,0.0002734375011641532,3.398134469985962,0.0,0.0,0.3238939046859741,0.3238939046859741,3.398134469985962,0,15,0.0,1,0.0,0.0,0.0,0
44,tum_fr1_desk,15,train,407,407,geometry_stratified,texture,1,6.354523596593911,6.3545157692498595,-7.82734405113672e-06,0.20807514927433599,0.20807487316887746,-2.7610545852430057e-07,0.35896074771881104,0.3589618504047394,-1.1026859283447266e-06,0.26973697245121,0.26973759531974795,-6.228685379694454e-07,-1.78380790842152e-06,67.93950599967502,-2.6255826888556604e-08,-1.152104940411866e-07,-1.6230408392283588e-08,-9.167987444189317e-09,-0.0029509643520997386,-6.254510646536669e-05,0.00528523325920105,0.001414901018142678,0.0027665611912886705,4.0720949476758104e-05,0.8226073980331421,1582.6962890625,0.5187506079673767,62,False,none,True,0.5955850481987,0.492180734872818,10.19814682006836,62.0,0.0008072917116805911,9.375314712524414,0.0,0.0,0.31902050971984863,0.31902050971984863,9.375314712524414,0,15,0.0,1,0.0,0.0,0.0,0
44,tum_fr1_desk,15,train,1118,1118,geometry_stratified,texture,1,6.354523596593911,6.354674834832509,0.00015123823859841679,0.20807514927433599,0.20808955636853166,1.4407094195673098e-05,0.35896074771881104,0.3589605987071991,1.4901161193847656e-07,0.26973697245121,0.2697312846779823,5.687773227680548e-06,1.6784599415831587e-05,69.43607600260293,2.417273610795977e-07,2.178093108152416e-06,2.146025819962675e-09,8.19138055478154e-08,0.11804328352949511,0.0,-0.000344887375831604,0.0028860881924629156,0.009696795958598568,0.00013965069048883273,0.6502869725227356,1273.452880859375,0.5096486210823059,48,False,none,True,0.36094674468040466,0.15692952275276184,2.4984006881713867,48.0,0.0006249999860301614,4.824319839477539,0.0,0.0,0.33387500047683716,0.33387500047683716,4.824319839477539,0,15,0.0,1,0.0,0.0,0.0,0
44,tum_fr1_desk,15,train,2332,2332,geometry_stratified,depth_discontinuity,1,6.354523596593911,6.354530305757184,6.709163272944352e-06,0.20807514927433599,0.20807576784183218,6.185674961967091e-07,0.35896074771881104,0.3589605391025543,2.086162567138672e-07,0.26973697245121,0.26973665952682496,3.1292438501528963e-07,9.134165044116358e-07,65.31716600147774,1.3984325412877995e-08,1.0271669277250276e-07,3.193896329016287e-09,4.790844492674559e-09,0.0014324368632450124,0.0,0.0,0.00013877153396607556,0.0004536777067458831,6.945765325084972e-06,0.6186968088150024,1234.370361328125,0.5002245903015137,2,True,min_influence_pixels,True,0.7752165198326111,0.0,0.08705675601959229,2.0,2.604166729724966e-05,0.11229992657899857,0.0,0.0,0.462197482585907,0.462197482585907,0.11229992657899857,0,15,0.0,1,0.0,0.0,0.0,0
44,tum_fr1_desk,15,train,2469,2469,geometry_stratified,depth_discontinuity,1,6.354523596593911,6.354540649070868,1.7052476957601925e-05,0.20807514927433599,0.20807658476922894,1.4354948929540257e-06,0.35896074771881104,0.35896170139312744,-9.5367431640625e-07,0.26973697245121,0.2697366222739219,3.501772880554199e-07,1.0814329641220584e-06,59.428551998280454,1.8197195249740382e-08,2.869408118524465e-07,-1.604740960933802e-08,5.892408215928805e-09,0.0020634985117458093,0.0,0.0,0.0001982271671295277,0.0006429730847146343,1.0819262174404629e-05,0.2753729820251465,549.5093994140625,0.5001251697540283,1,True,min_influence_pixels,True,0.7720762491226196,0.0,0.04832329973578453,1.0,1.302083364862483e-05,0.06258876621723175,0.0,0.0,0.6740062236785889,0.6740062236785889,0.06258876621723175,0,15,0.0,1,0.0,0.0,0.0,0
44,tum_fr1_desk,15,train,3115,3115,geometry_stratified,depth_discontinuity,1,6.354523596593911,6.354638772001674,0.00011517540776306845,0.20807514927433599,0.20810169545505608,2.654618072009396e-05,0.35896074771881104,0.3589608073234558,-5.960464477539063e-08,0.26973697245121,0.26973269283771517,4.2796134948064335e-06,1.2637649038841919e-05,59.62390000058804,2.1195609543685134e-07,1.9316986604689148e-06,-9.996770552547346e-10,7.177681256617273e-08,0.6436173494240514,0.0,0.0,0.001185403857380152,0.023584469453957056,0.00039555395493626644,0.3593142330646515,697.2175903320312,0.5143544673919678,62,False,none,True,0.08887068927288055,0.0,0.6378461718559265,62.0,0.0008072917116805911,7.177238941192627,0.0,0.0,0.5113834738731384,0.5113834738731384,7.177238941192627,0,15,0.0,1,0.0,0.0,0.0,0
44,tum_fr1_desk,15,train,2682,2682,geometry_stratified,depth_discontinuity,1,6.354523596593911,6.354521639756577,-1.9568373339495793e-06,0.20807514927433599,0.20807499638473753,-1.528895984537204e-07,0.35896074771881104,0.35896074771881104,0.0,0.26973697245121,0.26973704546689986,-7.30156898831602e-08,-2.1556079113451157e-07,59.500985000340734,-3.6228104649574653e-09,-3.288747797937082e-08,0.0,-1.2271341370691944e-09,-0.0019105260049343542,-0.00031254615478318315,0.0,-0.00018562674522404343,-0.0006081111749631188,-1.022018669034868e-05,0.28070059418678284,559.371337890625,0.5008143782615662,5,True,min_influence_pixels,True,0.7760037779808044,0.0,0.31598544120788574,5.0,6.510417006211355e-05,0.4071957468986511,0.0,0.0,0.7467513084411621,0.7467513084411621,0.4071957468986511,0,15,0.0,1,0.0,0.0,0.0,0
44,tum_fr1_desk,15,train,3044,3044,geometry_stratified,depth_discontinuity,1,6.354523596593911,6.3546228373578595,9.924076394884906e-05,0.20807514927433599,0.20810574978557747,3.060051124148533e-05,0.35896074771881104,0.35896068811416626,5.960464477539063e-08,0.26973697245121,0.2697332516312599,3.7208199500926575e-06,1.0981953267583179e-05,63.51410100614885,1.7290574996125676e-07,1.5624997028493168e-06,9.38447428699656e-10,5.858258073640123e-08,0.669507934956437,0.004906464363017893,0.0,0.0030038250610232367,0.03078501944074297,0.0004846958227081361,0.4355722665786743,860.2822265625,0.5053132176399231,32,False,none,True,0.17141218483448029,0.0,0.45537349581718445,32.0,0.00041666667675599456,2.656599283218384,0.0,0.0,0.44321298599243164,0.44321298599243164,2.656599283218384,0,15,0.0,1,0.0,0.0,0.0,0
44,tum_fr1_desk,15,train,3116,3116,geometry_stratified,depth_discontinuity,1,6.354523596593911,6.354629546674444,0.00010595008053293498,0.20807514927433599,0.20811285580197866,3.770652764267801e-05,0.35896074771881104,0.3589608073234558,-5.960464477539063e-08,0.26973697245121,0.2697330370545387,3.935396671261859e-06,1.1621407779693107e-05,61.39534799876856,1.8928808384515069e-07,1.7257020928533556e-06,-9.70833242554243e-10,6.409926483910139e-08,1.1071357554249524,0.007203008229272654,0.0,0.001197050511837005,0.03656981210911711,0.000595644675063176,0.4048740565776825,799.86865234375,0.5051756501197815,32,False,none,True,0.07597179710865021,0.0,0.19660210609436035,32.0,0.00041666667675599456,2.587830066680908,0.0,0.0,0.46673935651779175,0.46673935651779175,2.587830066680908,0,15,0.0,1,0.0,0.0,0.0,0
44,tum_fr1_desk,15,train,3310,3310,geometry_stratified,flat,1,6.354523596593911,6.354585936301914,6.233970800373356e-05,0.20807514927433599,0.20808338500091855,8.235726582567215e-06,0.35896074771881104,0.3589633107185364,-2.562999725341797e-06,0.26973697245121,0.2697354152798652,1.55717134475708e-06,4.7251850524972605e-06,54.48665800213348,8.672187331277028e-08,1.1441279441527242e-06,-4.703903339495404e-08,2.8578947614957544e-08,0.07619833674883858,-0.0013584950174399327,-0.009502977132797241,0.00532815754413607,0.02249904184791884,0.0004129275436022864,1.0,1926.7237548828125,0.5180157423019409,60,False,none,True,0.8144918084144592,0.3388882279396057,10.38948917388916,60.0,0.0007812500116415322,9.00786304473877,0.0,0.0,0.18334519863128662,0.18334519863128662,9.00786304473877,0,15,0.0,1,0.0,0.0,0.0,0
44,tum_fr1_desk,15,train,310,310,geometry_stratified,flat,1,6.354523596593911,6.3545233170456665,-2.7954824410869605e-07,0.20807514927433599,0.2080746506644887,-4.98609847299214e-07,0.35896074771881104,0.35896041989326477,3.2782554626464844e-07,0.26973697245121,0.26973688453435896,8.791685102149671e-08,2.4318447607974807e-07,68.75363099970855,3.537041935731059e-09,-4.06594153710778e-09,4.768119755973879e-09,1.2787230251427652e-09,-0.109582631868129,-0.004996001049441867,0.00029921531677246094,7.653343491259568e-05,-0.002391263473899891,-3.478017726671087e-05,0.6597673296928406,1301.9757080078125,0.505743145942688,35,False,none,True,0.02560066245496273,1.5284188985824585,4.462500095367432,35.0,0.00045572916860692203,2.8715856075286865,0.0,0.0,0.30905383825302124,0.30905383825302124,2.8715856075286865,0,15,0.0,1,0.0,0.0,0.0,0
44,tum_fr1_desk,15,train,868,868,geometry_stratified,flat,1,6.354523596593911,6.354462655502165,-6.09410917453701e-05,0.20807514927433599,0.20805667621184654,-1.8473062489449132e-05,0.35896074771881104,0.3589390218257904,2.1725893020629883e-05,0.26973697245121,0.269732728600502,4.243850707963404e-06,1.1444194298997363e-05,73.31583600171143,1.5609443911585783e-07,-8.312132148905393e-07,2.9633288257291004e-07,5.7884502713224716e-08,-0.3538233509450954,-0.011287325559437705,0.005793929100036621,0.0010890640318393652,-0.009667423783115756,-0.00013185996791866475,0.6433500051498413,1227.442626953125,0.5231385231018066,101,False,none,True,0.08504618704319,0.5922394394874573,7.835686683654785,101.0,0.0013151041930541396,11.569250106811523,0.0,0.0,0.38318705558776855,0.38318705558776855,11.569250106811523,0,15,0.0,1,0.0,0.0,0.0,0
44,tum_fr1_desk,15,train,1668,1668,geometry_stratified,flat,1,6.354523596593911,6.354565529034407,4.193244049677247e-05,0.20807514927433599,0.2080799228754284,4.773601092411539e-06,0.35896074771881104,0.3589610159397125,-2.682209014892578e-07,0.26973697245121,0.2697354882955551,1.4841556548739199e-06,4.395018615024886e-06,74.68449599400628,5.884780444093247e-08,5.61461116375984e-07,-3.5913866448370162e-09,1.987233943431886e-08,0.12114161916136723,0.0037671183329853752,0.0004376247525215149,0.0008877977728843633,0.007113771283442819,9.525097798094167e-05,0.6311166286468506,1240.3592529296875,0.5078175663948059,40,False,none,True,0.1796349287033081,0.12099722772836685,1.1751072406768799,40.0,0.0005208333604969084,3.908787488937378,0.0,0.0,0.3550056219100952,0.3550056219100952,3.908787488937378,0,15,0.0,1,0.0,0.0,0.0,0
44,tum_fr1_desk,15,train,3497,3497,geometry_stratified,flat,1,6.354523596593911,6.354739413208068,0.00021581661415748243,0.20807514927433599,0.20813693050362023,6.178122928424123e-05,0.35896074771881104,0.3589629828929901,-2.2351741790771484e-06,0.26973697245121,0.26972959041595457,7.3820352554099244e-06,2.1905834067412116e-05,86.76522099995054,2.5247252084362927e-07,2.48736315853567e-06,-2.576117657878636e-08,8.508057918061584e-08,0.32499452181594535,-0.01251683750837862,-0.0004230886697769165,0.0031362123787403162,0.018326710334608004,0.0002112218481483318,0.48161813616752625,941.9434204101562,0.5103026032447815,67,False,none,True,0.25348687171936035,0.15847380459308624,2.1221320629119873,67.0,0.000872395874466747,5.1512980461120605,0.0,0.0,0.5230237245559692,0.5230237245559692,5.1512980461120605,0,15,0.0,1,0.0,0.0,0.0,0
44,tum_fr1_desk,15,train,894,894,geometry_stratified,flat,1,6.354523596593911,6.35452275794923,-8.386446808117398e-07,0.20807514927433599,0.2080742689899244,-8.80284411586274e-07,0.35896074771881104,0.35896003246307373,7.152557373046875e-07,0.26973697245121,0.26973678916692734,1.8328428263991725e-07,5.053888951499222e-07,70.1668920009979,7.202668961634137e-09,-1.1952142340860882e-08,1.0193635729148658e-08,2.6121191549614397e-09,-0.11916739070966287,-0.0030748099463083767,0.0005278587341308594,0.00015001260326244492,-0.0014724804585181449,-2.0985402324748877e-05,0.5724425911903381,1114.28466796875,0.5127310156822205,62,False,none,True,0.01668124832212925,0.15781864523887634,1.110780119895935,62.0,0.0008072917116805911,6.365505695343018,0.0,0.0,0.3448476195335388,0.3448476195335388,6.365505695343018,0,15,0.0,1,0.0,0.0,0.0,0
44,tum_fr1_desk,15,train,1239,1239,geometry_stratified,general_visible,1,6.354523596593911,6.354524155690454,5.590965432844541e-07,0.20807514927433599,0.20807458563939218,-5.636349438009614e-07,0.35896074771881104,0.3589608073234558,-5.960464477539063e-08,0.26973697245121,0.2697369694709778,2.9802321721561498e-09,1.1774473382181754e-08,52.55741900327848,2.2403066218771652e-10,1.063782342982973e-08,-1.1340862223784723e-09,5.670430985148349e-11,0.09361361578642402,0.0,0.0,7.921354845166198e-05,0.00288018978885138,5.480082248087024e-05,0.15944448113441467,318.15936279296875,0.5001465678215027,1,True,min_influence_pixels,True,0.0706486701965332,0.0,0.0051780273206532,1.0,1.302083364862483e-05,0.07329263538122177,0.0,0.0,0.7762665152549744,0.7762665152549744,0.07329263538122177,0,15,0.0,1,0.0,0.0,0.0,0
44,tum_fr1_desk,25,train,2926,2926,geometry_stratified,edge,1,6.577797793380991,6.57801940384346,0.0002216104624697124,0.19270289063217622,0.19276519868030362,6.230804812740187e-05,0.40711578726768494,0.40711531043052673,4.76837158203125e-07,0.27606296092271804,0.2760549634695053,7.997453212726935e-06,2.393485113236638e-05,84.277365996968,2.840009396262749e-07,2.629537122430774e-06,5.6579504183873036e-09,9.489443717325782e-08,0.278657501264556,0.025643551478871318,0.0002537667751312256,0.003064401447772966,0.01705968818938562,0.00020242312971669485,0.5906230211257935,1137.85009765625,0.5180692076683044,91,False,none,True,0.2614920735359192,0.17441599071025848,3.9382615089416504,91.0,0.0011848958674818277,9.034614562988281,0.0,0.0,0.4558507204055786,0.4558507204055786,9.034614562988281,0,25,0.0,1,0.0,0.0,0.0,0
44,tum_fr1_desk,25,train,137,137,geometry_stratified,edge,1,6.577797793380991,6.577883434330635,8.564094964480518e-05,0.19270289063217622,0.1927056023498832,2.7117177069935217e-06,0.40711578726768494,0.40711453557014465,1.2516975402832031e-06,0.27606296092271804,0.27605955004692073,3.410875797305035e-06,1.0036154320306783e-05,68.9457170010428,1.4556603015898708e-07,1.242150395556984e-06,1.81548266481045e-08,4.9471902616567845e-08,0.04789260308672816,0.0,0.0025275051593780518,0.0015666551887988656,0.00496180395484029,7.196681926979226e-05,0.8864238858222961,1699.1112060546875,0.5206985473632812,82,False,none,True,0.28366386890411377,0.4724215269088745,7.8249359130859375,82.0,0.0010677083628252149,10.349275588989258,0.0,0.0,0.14003229141235352,0.14003229141235352,10.349275588989258,0,25,0.0,1,0.0,0.0,0.0,0
44,tum_fr1_desk,25,train,1247,1247,geometry_stratified,edge,1,6.577797793380991,6.577797793380991,0.0,0.19270289063217622,0.1927022101003066,-6.805318696068152e-07,0.40711578726768494,0.4071153402328491,4.470348358154297e-07,0.27606296092271804,0.2760628268122673,1.341104507446289e-07,3.2941599156519376e-07,70.58790399605641,4.666748450040356e-09,0.0,6.333023230728093e-09,1.899906969218428e-09,-0.013142507027524175,-0.0004982315809022309,0.0002635568380355835,7.869863184169212e-05,0.00031837125145905043,4.510280564171974e-06,0.44529294967651367,870.7056274414062,0.5104161500930786,58,False,none,True,0.0103748245164752,0.13320495188236237,0.7477735877037048,58.0,0.0007552083698101342,5.208070278167725,0.0,0.0,0.5172684192657471,0.5172684192657471,5.208070278167725,0,25,0.0,1,0.0,0.0,0.0,0
44,tum_fr1_desk,25,train,382,382,geometry_stratified,edge,1,6.577797793380991,6.577798381972819,5.88591828609708e-07,0.19270289063217622,0.19269992767306598,-2.9629591102309227e-06,0.40711578726768494,0.4071146249771118,1.1622905731201172e-06,0.27606296092271804,0.2760625913739204,3.695487976185241e-07,9.191186935553873e-07,88.77849100099411,1.0352943412217891e-08,6.6298922404878134e-09,1.3092028936458295e-08,4.162593815819488e-09,-0.09836045428284734,-0.0007088106481942802,0.0005799531936645508,0.00017203730094479674,-0.0012439204472756275,-1.4011506990603146e-05,0.6294440627098083,1226.5205078125,0.5121948719024658,66,False,none,True,0.008258582092821598,0.12893128395080566,0.8365082740783691,66.0,0.0008593749953433871,6.09744930267334,0.0,0.0,0.3541151285171509,0.3541151285171509,6.09744930267334,0,25,0.0,1,0.0,0.0,0.0,0
44,tum_fr1_desk,25,train,719,719,geometry_stratified,edge,1,6.577797793380991,6.577852532762307,5.4739381316615265e-05,0.19270289063217622,0.19270672604496764,3.8354127914197456e-06,0.40711578726768494,0.40710973739624023,6.0498714447021484e-06,0.27606296092271804,0.2760592058300972,3.7550926208496094e-06,1.0283384475344234e-05,64.18921000295086,1.602042535633558e-07,8.527816639914843e-07,9.425059826135932e-08,5.850037133463682e-08,0.3256690065227019,0.04477247224692871,0.0025412142276763916,0.0014258989132940741,0.014590355528214546,0.00022730230715635555,0.7296087145805359,1374.373046875,0.5298665165901184,90,False,none,True,0.08106667548418045,0.279148668050766,5.379189968109131,90.0,0.0011718750465661287,14.93326187133789,0.0,0.0,0.3197208642959595,0.3197208642959595,14.93326187133789,0,25,0.0,1,0.0,0.0,0.0,0
44,tum_fr1_desk,25,train,2485,2485,geometry_stratified,edge,1,6.577797793380991,6.578021464020331,0.00022367063934058962,0.19270289063217622,0.1927315510766472,2.866044447097371e-05,0.40711578726768494,0.4071164131164551,-6.258487701416016e-07,0.27606296092271804,0.2760552212595939,7.73966312411778e-06,2.334153281475448e-05,72.07834600558272,3.23835577649723e-07,3.103159988205966e-06,-8.682895832447757e-09,1.0737847846173268e-07,0.07377709003770061,0.0,-0.00016407296061515808,0.0035940315574407855,0.00010648234361642847,1.4773139162791144e-06,0.8043308258056641,1567.7291259765625,0.5120546817779541,60,False,none,True,0.5437337160110474,0.0023009013384580612,3.291140079498291,60.0,0.0007812500116415322,6.027346611022949,0.0,0.0,0.16136205196380615,0.16136205196380615,6.027346611022949,0,25,0.0,1,0.0,0.0,0.0,0
44,tum_fr1_desk,25,train,3412,3412,geometry_stratified,texture,1,6.577797793380991,6.577800736340931,2.942959940632761e-06,0.19270289063217622,0.1927023404974661,-5.501347101199983e-07,0.40711578726768494,0.40711402893066406,1.7583370208740234e-06,0.27606296092271804,0.2760623291134834,6.318092346524473e-07,1.6088885624636391e-06,84.22702700045193,1.9101808763296448e-08,3.494080279738439e-08,2.087616153024835e-08,7.501264821433828e-09,0.004826505751156063,0.0010836568119010903,0.000326693058013916,0.00013924874365331408,0.0011472952190445856,1.362146166026292e-05,0.5186035633087158,1014.7235107421875,0.5100786685943604,63,False,none,True,0.2180970013141632,0.10805211961269379,1.6435762643814087,63.0,0.0008203125325962901,5.039340019226074,0.0,0.0,0.5129618644714355,0.5129618644714355,5.039340019226074,0,25,0.0,1,0.0,0.0,0.0,0
44,tum_fr1_desk,25,train,1882,1882,geometry_stratified,texture,1,6.577797793380991,6.57788284572728,8.505234628941594e-05,0.19270289063217622,0.19271302640437876,1.0135772202546356e-05,0.40711578726768494,0.407114177942276,1.6093254089355469e-06,0.27606296092271804,0.27605946362018585,3.4973025321849427e-06,1.0237048771409371e-05,70.61131999944337,1.449774451389674e-07,1.2045143227755325e-06,2.2791323104400727e-08,4.9528921598017315e-08,0.05390960535176603,0.0,0.0001455545425415039,0.0010697871446609386,0.004227470383270253,5.9869584413711264e-05,0.6203322410583496,1194.98681640625,0.5181121826171875,78,False,none,True,0.3022994101047516,0.2943858206272125,5.403642654418945,78.0,0.0010156250791624188,9.056102752685547,0.0,0.0,0.40662747621536255,0.40662747621536255,9.056102752685547,0,25,0.0,1,0.0,0.0,0.0,0
44,tum_fr1_desk,25,train,2651,2651,geometry_stratified,texture,1,6.577797793380991,6.577815156873466,1.7363492475830355e-05,0.19270289063217622,0.19270460030524417,1.7096730679511118e-06,0.40711578726768494,0.40711382031440735,1.9669532775878906e-06,0.27606296092271804,0.2760617554187775,1.205503940560071e-06,3.2972288381321454e-06,66.54983299813466,4.9545260890805904e-08,2.609096325804009e-07,2.9556096371316554e-08,1.811430451814748e-08,0.0027072849160172385,0.0,0.00046525895595550537,0.00044974833726885155,0.001898796255489716,2.8531946211539522e-05,0.6201937198638916,1206.0125732421875,0.5132514238357544,67,False,none,True,0.7905390858650208,0.22535161674022675,6.731008052825928,67.0,0.000872395874466747,6.625720500946045,0.0,0.0,0.5088614225387573,0.5088614225387573,6.625720500946045,0,25,0.0,1,0.0,0.0,0.0,0
44,tum_fr1_desk,25,train,2663,2663,geometry_stratified,texture,1,6.577797793380991,6.57787107367692,7.328029592912344e-05,0.19270289063217622,0.1927169044089821,1.4013776805876788e-05,0.40711578726768494,0.40710940957069397,6.377696990966797e-06,0.27606296092271804,0.27605845034122467,4.510581493366583e-06,1.2498054287358024e-05,45.94218000420369,2.720387732191737e-07,1.5950548259228952e-06,1.3882007754928566e-07,9.817952680856387e-08,0.07183471626960891,0.010714369911070762,0.00526680052280426,0.005163170397281647,0.020588078316170946,0.0004481302000533528,0.8670790791511536,1720.572265625,0.5029480457305908,17,True,min_influence_pixels,True,0.5287930369377136,0.1500888615846634,1.0006850957870483,17.0,0.0002213541738456115,1.4740195274353027,0.0,0.0,0.22650235891342163,0.22650235891342163,1.4740195274353027,0,25,0.0,1,0.0,0.0,0.0,0
44,tum_fr1_desk,25,train,1016,1016,geometry_stratified,texture,1,6.577797793380991,6.577783667201037,-1.4126179953777296e-05,0.19270289063217622,0.19271259740630325,9.706774127038464e-06,0.40711578726768494,0.4071114957332611,4.291534423828125e-06,0.27606296092271804,0.276062174141407,7.867813110462585e-07,1.6591052942655326e-06,69.62885100074345,2.382784248799133e-08,-2.028782573710209e-07,6.163442828867452e-08,1.1299645186416443e-08,-0.08247097240234957,0.0071315523360218624,0.0007343888282775879,-0.0001824470236897191,-0.003499337547197966,-5.025700549274614e-05,0.7721913456916809,1449.1026611328125,0.531875491142273,130,False,none,True,0.14969991147518158,0.7536155581474304,14.396815299987793,130.0,0.0016927083488553762,15.937748908996582,0.0,0.0,0.30222243070602417,0.30222243070602417,15.937748908996582,0,25,0.0,1,0.0,0.0,0.0,0
44,tum_fr1_desk,25,train,2668,2668,geometry_stratified,texture,1,6.577797793380991,6.578538010633448,0.0007402172524573203,0.19270289063217622,0.19281288445406083,0.00010999382188461859,0.40711578726768494,0.4071480631828308,-3.2275915145874023e-05,0.27606296092271804,0.27604641020298004,1.655071973799549e-05,5.4989045481640215e-05,69.04241099982755,7.964531464837977e-07,1.0721196460812602e-05,-4.674795488522937e-07,2.397181601615394e-07,0.14228600033249883,0.015981194052038544,-0.006962448358535767,0.007959204912185658,0.010330182055322917,0.00014962081864940547,0.9859475493431091,1882.0399169921875,0.522871732711792,104,False,none,True,0.6302645802497864,0.10527044534683228,8.41148853302002,104.0,0.0013541666558012366,11.435877799987793,0.0,0.0,0.11924314498901367,0.11924314498901367,11.435877799987793,0,25,0.0,1,0.0,0.0,0.0,0
44,tum_fr1_desk,25,train,2709,2709,geometry_stratified,depth_discontinuity,1,6.577797793380991,6.577880197013167,8.24036321764865e-05,0.19270289063217622,0.19272892624080637,2.603560863015386e-05,0.40711578726768494,0.4071156978607178,8.940696716308594e-08,0.27606296092271804,0.2760600134730339,2.9474496841541686e-06,8.835161965377676e-06,61.78124299913179,1.4300719015157782e-07,1.3337969289100337e-06,1.4471539066370413e-09,4.77078404556475e-08,0.180816536271875,-0.0025122136288634467,0.0,0.0016686327755451244,0.010263822521345044,0.00016613169342496526,0.49756115674972534,982.71240234375,0.50531405210495,31,False,none,True,0.24132639169692993,0.0,0.6412096619606018,31.0,0.00040364585584029555,2.657022476196289,0.0,0.0,0.4819561243057251,0.4819561243057251,2.657022476196289,0,25,0.0,1,0.0,0.0,0.0,0
44,tum_fr1_desk,25,train,1675,1675,geometry_stratified,depth_discontinuity,1,6.577797793380991,6.577995859034327,0.00019806565333624349,0.19270289063217622,0.19269871584641268,-4.174785763533251e-06,0.40711578726768494,0.4071108400821686,4.947185516357422e-06,0.27606296092271804,0.2760544568300247,8.504092693317755e-06,2.472340553822097e-05,74.0408359997673,3.339158074646628e-07,2.675086668887234e-06,6.681698618817554e-08,1.1485678920946386e-07,0.055607799921731704,0.0,0.0014262199401855469,0.0023049741983413585,0.007314613054696122,9.879160541514024e-05,0.5887847542762756,1033.23095703125,0.5688481330871582,294,False,none,True,0.2977310121059418,0.1676401048898697,16.019962310791016,500.0,0.006510416977107525,34.42405700683594,0.0,0.0,0.40945500135421753,0.40945500135421753,34.42405700683594,0,25,0.0,1,0.0,0.0,0.0,0
44,tum_fr1_desk,25,train,2969,2969,geometry_stratified,depth_discontinuity,1,6.577797793380991,6.581353165514891,0.0035553721339001143,0.19270289063217622,0.19311255727580276,0.0004096666436265439,0.40711578726768494,0.40709877014160156,1.7017126083374023e-05,0.27606296092271804,0.2759318932890892,0.00013106763362885632,0.00039089747628022703,84.54415199958021,4.62358976978287e-06,4.205343657498354e-05,2.012809364207535e-07,1.5502862176618333e-06,0.4712805898572041,0.01862692042904962,0.005870431661605835,0.02322964072227479,0.0695994777576115,0.0008232323124839797,0.7065585255622864,1265.975341796875,0.5571139454841614,334,False,none,True,0.3413263261318207,0.16729135811328888,14.524576187133789,761.0,0.009908854030072689,28.556961059570312,0.0,0.0,0.3295706510543823,0.3295706510543823,28.556961059570312,0,25,0.0,1,0.0,0.0,0.0,0
44,tum_fr1_desk,25,train,1747,1747,geometry_stratified,depth_discontinuity,1,6.577797793380991,6.579220064006611,0.001422270625620392,0.19270289063217622,0.19281137816134758,0.00010848752917136384,0.40711578726768494,0.40711385011672974,1.9371509552001953e-06,0.27606296092271804,0.2760119780898094,5.098283290866368e-05,0.00015278351112222468,70.03989800432464,2.181378264040176e-06,2.030657762426458e-05,2.7657820904887456e-08,7.279112957234136e-07,0.5258620052110476,0.0,0.008172661066055298,0.022806684672832478,0.06951128124017487,0.000992452633724322,0.40744492411613464,789.0712890625,0.5153600573539734,134,False,none,True,0.39479362964630127,0.023982489481568336,3.21621036529541,288.0,0.003750000149011612,7.680023193359375,0.0,0.0,0.5453875064849854,0.5453875064849854,7.680023193359375,0,25,0.0,1,0.0,0.0,0.0,0
44,tum_fr1_desk,25,train,966,966,geometry_stratified,depth_discontinuity,1,6.577797793380991,6.577797499085106,-2.9429588455087696e-07,0.19270289063217622,0.1927020968045193,-7.938276569141589e-07,0.40711578726768494,0.40711545944213867,3.2782554626464844e-07,0.27606296092271804,0.276062873005867,8.791685102149671e-08,2.102531725712434e-07,71.25826500123367,2.9505794530305133e-09,-4.1299894762492735e-09,4.600526637281625e-09,1.2337775978684667e-09,-0.082107876099478,-0.003955199116475572,0.0011075139045715332,0.00032288444926962395,0.0013985988987495275,1.9627181474672644e-05,0.32760947942733765,634.2802734375,0.515505850315094,71,False,none,True,0.02366223745048046,0.0023028231225907803,0.20130537450313568,71.0,0.000924479216337204,7.752933025360107,0.0,0.0,0.5424906611442566,0.5424906611442566,7.752933025360107,0,25,0.0,1,0.0,0.0,0.0,0
44,tum_fr1_desk,25,train,2396,2396,geometry_stratified,depth_discontinuity,1,6.577797793380991,6.577790435989864,-7.357391126561197e-06,0.19270289063217622,0.19270246058634344,-4.300458327777257e-07,0.40711578726768494,0.407115638256073,1.4901161193847656e-07,0.27606296092271804,0.27606317698955535,-2.1606683731079102e-07,-6.73157896741849e-07,55.39246400439879,-1.2152517654538579e-08,-1.3282296172954025e-07,2.6901062196230042e-09,-3.900654018453356e-09,0.0011636449481007283,-0.0005091069217814104,0.00044283270835876465,0.00022228360176090867,0.0005752335985065722,1.0384690568393782e-05,0.5769695043563843,1131.1888427734375,0.5090558528900146,42,False,none,True,0.6910890936851501,0.03064224123954773,3.267942190170288,42.0,0.0005468750023283064,4.527920722961426,0.0,0.0,0.5254493951797485,0.5254493951797485,4.527920722961426,0,25,0.0,1,0.0,0.0,0.0,0
44,tum_fr1_desk,25,train,2509,2509,geometry_stratified,flat,1,6.577797793380991,6.577806327970313,8.534589322373165e-06,0.19270289063217622,0.19270359133726225,7.007050860374786e-07,0.40711578726768494,0.40711328387260437,2.5033950805664062e-06,0.27606296092271804,0.27606190741062164,1.053512096393927e-06,2.7529685581770263e-06,71.20007900084602,3.866524583693671e-08,1.1986769456072872e-07,3.516000425416186e-08,1.4796501790137185e-08,0.0008344779082896658,3.599793302516696e-05,0.0008142143487930298,0.0003679320216180004,0.0015646226881852543,2.197501337276133e-05,0.6560230851173401,1273.60693359375,0.5140906572341919,68,False,none,True,0.9599012136459351,0.24777492880821228,8.508478164672852,68.0,0.000885416695382446,7.04533052444458,0.0,0.0,0.4995325803756714,0.4995325803756714,7.04533052444458,0,25,0.0,1,0.0,0.0,0.0,0
44,tum_fr1_desk,25,train,3359,3359,geometry_stratified,flat,1,6.577797793380991,6.577806916563297,9.123182306502997e-06,0.19270289063217622,0.19270426495022516,1.374318048946721e-06,0.40711578726768494,0.40711551904678345,2.682209014892578e-07,0.27606296092271804,0.2760625571012497,4.038214683199648e-07,1.1685258388057696e-06,69.37242799904197,1.6844240175965972e-08,1.3151020613879895e-07,3.866390570803748e-09,5.821065803341084e-09,-0.013673149451243205,0.015862085908961543,0.00022949278354644775,-7.315725088119507e-05,-0.000488155990191931,-7.036743620947971e-06,0.5768069624900818,1122.8211669921875,0.5127121806144714,73,False,none,True,0.25306084752082825,0.21859335899353027,2.9978716373443604,73.0,0.000950520858168602,6.356079578399658,0.0,0.0,0.4577956199645996,0.4577956199645996,6.356079578399658,0,25,0.0,1,0.0,0.0,0.0,0
44,tum_fr1_desk,25,train,2672,2672,geometry_stratified,flat,1,6.577797793380991,6.577781901431773,-1.589194921791659e-05,0.19270289063217622,0.19269849706366188,-4.393568514338142e-06,0.40711578726768494,0.4071117639541626,4.023313522338867e-06,0.27606296092271804,0.2760623171925545,6.437301635631165e-07,1.273545014972256e-06,69.74862499919254,1.825906983810791e-08,-2.278460574398501e-07,5.7683051420518236e-08,9.229288227123742e-09,-0.0002757317933799186,-0.0010687612733760177,0.0006895959377288818,0.00020659943111241141,0.0008518005089855849,1.2212434424269237e-05,0.754399836063385,1359.322265625,0.5539823174476624,189,False,none,True,0.0141906151548028,0.24084945023059845,6.883823394775391,189.0,0.0024609374813735485,26.99114418029785,0.0,0.0,0.2553398609161377,0.2553398609161377,26.99114418029785,0,25,0.0,1,0.0,0.0,0.0,0
44,tum_fr1_desk,25,train,3468,3468,geometry_stratified,flat,1,6.577797793380991,6.578035590973784,0.0002377975927938536,0.19270289063217622,0.1927374766113922,3.4585979215989715e-05,0.40711578726768494,0.40711483359336853,9.5367431640625e-07,0.27606296092271804,0.27605424672365186,8.714199066173212e-06,2.6008839857773837e-05,44.903201996930875,5.792201602805862e-07,5.295782532615536e-06,2.123844790559554e-08,1.940663177376265e-07,0.11862449131375818,3.51245006711921e-05,0.006999552249908447,0.01125490665435791,0.030389175932579067,0.0006767707998787294,1.0,1943.7528076171875,0.5134686827659607,55,False,none,True,0.6896655559539795,0.5361148118972778,8.254826545715332,55.0,0.0007161458488553762,6.734343528747559,0.0,0.0,0.035894811153411865,0.035894811153411865,6.734343528747559,0,25,0.0,1,0.0,0.0,0.0,0
44,tum_fr1_desk,25,train,3453,3453,geometry_stratified,flat,1,6.577797793380991,6.577896089322078,9.829594108712314e-05,0.19270289063217622,0.1927172123032608,1.4321671084588372e-05,0.40711578726768494,0.4071093201637268,6.467103958129883e-06,0.27606296092271804,0.2760575369000435,5.424022674560547e-06,1.5226067298816195e-05,44.162983998830896,3.447698937014597e-07,2.2257540633967416e-06,1.4643720538225142e-07,1.228183012883399e-07,0.10680819474979675,0.0,0.011373043060302734,0.011415308713912942,0.03171819395147837,0.0007182076725684575,0.967688262462616,1899.9669189453125,0.5083184838294983,37,False,none,True,0.6866400241851807,0.3891095817089081,4.474292755126953,37.0,0.0004817708395421505,4.1592326164245605,0.0,0.0,0.08430105447769165,0.08430105447769165,4.1592326164245605,0,25,0.0,1,0.0,0.0,0.0,0
44,tum_fr1_desk,25,train,3104,3104,geometry_stratified,flat,1,6.577797793380991,6.577772778302016,-2.5015078974455207e-05,0.19270289063217622,0.19269994049671704,-2.95013545917322e-06,0.40711578726768494,0.40712258219718933,-6.794929504394531e-06,0.27606296092271804,0.2760658860206604,-2.925097942363397e-06,-7.669192632478703e-06,52.884297001583036,-1.4501833374563217e-07,-4.7301525013571433e-07,-1.2848671325235035e-07,-5.5311275902482685e-08,0.05793317059551184,-0.0005288247790283182,0.0037299692630767822,0.008505800366401806,0.04282684977121717,0.000809821671070624,1.0,1952.8692626953125,0.5110670328140259,46,False,none,True,0.8960878849029541,0.5044975280761719,7.750166893005371,46.0,0.0005989583441987634,5.533519744873047,0.0,0.0,0.055411338806152344,0.055411338806152344,5.533519744873047,0,25,0.0,1,0.0,0.0,0.0,0
44,tum_fr1_desk,25,train,219,219,geometry_stratified,general_visible,1,6.577797793380991,6.577811036716428,1.3243335437174153e-05,0.19270289063217622,0.19270362867717714,7.380450009197848e-07,0.40711578726768494,0.40711429715156555,1.4901161193847656e-06,0.27606296092271804,0.2760620445013046,9.164214134216309e-07,2.5073904568321464e-06,64.78467599663418,3.8703449824498853e-08,2.0442080219498508e-07,2.300105845188117e-08,1.4145650947906919e-08,-0.003605104150377514,0.0012740384748816357,0.0005075931549072266,8.593276143087358e-05,-0.0001981685567573945,-3.0588801087419216e-06,0.6842420697212219,1284.2548828125,0.5317929983139038,139,False,none,True,0.3148452639579773,1.1087301969528198,22.629863739013672,139.0,0.0018098958535119891,15.896498680114746,0.0,0.0,0.4049210548400879,0.4049210548400879,15.896498680114746,0,25,0.0,1,0.0,0.0,0.0,0
44,tum_fr1_desk,35,train,2501,2501,geometry_stratified,edge,1,7.359859472327669,7.360179429770801,0.0003199574431320684,0.283470385517082,0.2835029617298217,3.257621273972111e-05,0.5445149540901184,0.5445131063461304,1.8477439880371094e-06,0.29191633015871044,0.29190630465745926,1.0025501251176294e-05,3.144932892497684e-05,79.8672050004825,3.937702455568195e-07,4.006117944532245e-06,2.3135202841090366e-08,1.2552713283400525e-07,0.11485852908403693,0.0,0.00030813366174697876,0.002513525635004038,0.017291061476264028,0.00021649764100496028,0.5427353978157043,1034.96142578125,0.5234014987945557,100,False,none,True,0.27422991394996643,0.007463647052645683,3.2960286140441895,100.0,0.0013020833721384406,11.700759887695312,0.0,0.0,0.4378020167350769,0.4378020167350769,11.700759887695312,0,35,0.0,1,0.0,0.0,0.0,0
44,tum_fr1_desk,35,train,692,692,geometry_stratified,edge,1,7.359859472327669,7.3598626435963554,3.17126868676354e-06,0.283470385517082,0.2834706522625892,2.66745507238042e-07,0.5445149540901184,0.5445180535316467,-3.0994415283203125e-06,0.29191633015871044,0.29191716611385343,-8.35955142997058e-07,-1.4060133971908981e-06,71.28932200430427,-1.972263668191439e-08,4.448448375721776e-08,-4.3476939339290895e-08,-1.1726232197110602e-08,-2.771319235073122e-05,0.0,-0.0010875463485717773,-0.0003269419074058977,-0.00021744470887736597,-3.0501722104221615e-06,0.8882470726966858,1736.268310546875,0.5105839371681213,44,False,none,True,0.36294621229171753,1.4149974584579468,9.408834457397461,44.0,0.0005729167023673654,5.291975975036621,0.0,0.0,0.20484066009521484,0.20484066009521484,5.291975975036621,0,35,0.0,1,0.0,0.0,0.0,0
44,tum_fr1_desk,35,train,479,479,geometry_stratified,edge,1,7.359859472327669,7.359846787276081,-1.2685051587801865e-05,0.283470385517082,0.28346929072148985,-1.0947955921269958e-06,0.5445149540901184,0.5445186495780945,-3.6954879760742188e-06,0.29191633015871044,0.29191781431436536,-1.484155654929431e-06,-3.2425073590021557e-06,57.46119999821531,-5.6429509984178284e-08,-2.2075855687308744e-07,-6.431275323503508e-08,-2.5828831541553736e-08,-0.0011007386194985536,-0.00022603223267201114,-0.003518819808959961,-0.0011480629444121648,-0.0008008586000068792,-1.3937380354600203e-05,1.0,1954.6405029296875,0.5106030106544495,41,False,none,True,0.7203080654144287,2.018035411834717,14.517366409301758,41.0,0.0005338541814126074,5.301514148712158,0.0,0.0,0.050035178661346436,0.050035178661346436,5.301514148712158,0,35,0.0,1,0.0,0.0,0.0,0
44,tum_fr1_desk,35,train,379,379,geometry_stratified,edge,1,7.359859472327669,7.359859119964625,-3.523630436319536e-07,0.283470385517082,0.28346950433341594,-8.81183666034957e-07,0.5445149540901184,0.5445141792297363,7.748603820800781e-07,0.29191633015871044,0.29191610813140867,2.2202730176612562e-07,3.9339516677066626e-07,68.81792200147174,5.716463899654702e-09,-5.120222078551252e-09,1.1259572500075008e-08,3.2263005814296068e-09,0.004804812926181512,-0.005228315759640889,0.0004277229309082031,0.00013116286136205524,0.00019663757303004116,2.8573599334463463e-06,0.8937685489654541,1726.594970703125,0.5166480541229248,86,False,none,True,0.05588492751121521,1.6564085483551025,14.253168106079102,86.0,0.0011197916464880109,8.324021339416504,0.0,0.0,0.233475923538208,0.233475923538208,8.324021339416504,0,35,0.0,1,0.0,0.0,0.0,0
44,tum_fr1_desk,35,train,1174,1174,geometry_stratified,edge,1,7.359859472327669,7.359859119964625,-3.523630436319536e-07,0.283470385517082,0.283471258217908,8.727008259934443e-07,0.5445149540901184,0.5445141196250916,8.344650268554688e-07,0.29191633015871044,0.29191609025001525,2.399086951876406e-07,4.262342895501258e-07,71.75995099532884,5.9397238102611195e-09,-4.910302177532011e-09,1.1628561827052916e-08,3.3432115248135727e-09,-0.018366989291678237,-0.0020387292391313983,0.0004878044128417969,0.0001329188235104084,-0.00047986291541943595,-6.687057457030208e-06,0.639646589756012,1238.7119140625,0.5153803825378418,79,False,none,True,0.04229795187711716,2.155917167663574,16.904666900634766,79.0,0.0010286459000781178,7.690179347991943,0.0,0.0,0.4930514693260193,0.4930514693260193,7.690179347991943,0,35,0.0,1,0.0,0.0,0.0,0
44,tum_fr1_desk,35,train,825,825,geometry_stratified,edge,1,7.359859472327669,7.35996870624959,0.00010923392192108139,0.283470385517082,0.2834729809728668,2.5954557847929216e-06,0.5445149540901184,0.544513463973999,1.4901161193847656e-06,0.29191633015871044,0.29191264957189555,3.680586814880371e-06,1.1210272271672408e-05,70.50083300418919,1.5900907541058826e-07,1.5493990250383377e-06,2.1136149118922075e-08,5.2206288323737525e-08,0.03662601962368406,0.0007592311743021898,0.00028577446937561035,0.0010808423161506875,0.003599296462006755,5.1053247296991276e-05,0.6721488833427429,1286.8046875,0.521339476108551,90,False,none,True,0.39009392261505127,0.28633737564086914,7.217349529266357,90.0,0.0011718750465661287,10.669745445251465,0.0,0.0,0.3929690718650818,0.3929690718650818,10.669745445251465,0,35,0.0,1,0.0,0.0,0.0,0
44,tum_fr1_desk,35,train,1427,1427,geometry_stratified,texture,1,7.359859472327669,7.360433509685924,0.0005740373582554525,0.283470385517082,0.2835511283473572,8.074283027520446e-05,0.5445149540901184,0.5445131063461304,1.8477439880371094e-06,0.29191633015871044,0.2918987840414047,1.7546117305755615e-05,5.561499964940973e-05,58.69648200314259,9.475014132266414e-07,9.779757468679618e-06,3.147963770534292e-08,2.989296241777523e-07,0.18999824900719275,0.025225725664019812,0.00037914514541625977,0.002845688164234167,0.01349348490557185,0.00022988575200894346,0.6990104913711548,1238.7166748046875,0.5633020997047424,194,False,none,True,0.271056205034256,0.1597815901041031,13.636468887329102,194.0,0.002526041818782687,31.651050567626953,0.0,0.0,0.292338490486145,0.292338490486145,31.651050567626953,0,35,0.0,1,0.0,0.0,0.0,0
44,tum_fr1_desk,35,train,667,667,geometry_stratified,texture,1,7.359859472327669,7.3598450254662895,-1.4446861379191489e-05,0.283470385517082,0.28346902656057277,-1.3589565092120282e-06,0.5445149540901184,0.5445138216018677,1.1324882507324219e-06,0.29191633015871044,0.2919164180755615,-8.791685107700786e-08,-7.501050445345864e-07,104.89501700067194,-7.15100741658473e-09,-1.377268605533373e-07,1.0796397036907552e-08,-8.381413492353472e-10,-0.008762072744804783,-0.0008188954815982664,0.000476837158203125,1.5503168106056897e-05,-0.0005209919153760425,-4.966793755061836e-06,0.7936679720878601,1511.8858642578125,0.523952305316925,111,False,none,True,0.22744418680667877,2.1739771366119385,28.759803771972656,111.0,0.0014453125186264515,11.97615909576416,0.0,0.0,0.4137701988220215,0.4137701988220215,11.97615909576416,0,35,0.0,1,0.0,0.0,0.0,0
44,tum_fr1_desk,35,train,2144,2144,geometry_stratified,texture,1,7.359859472327669,7.359790409717287,-6.906261038164274e-05,0.283470385517082,0.2834618675861607,-8.517930921270178e-06,0.5445149540901184,0.544514536857605,4.172325134277344e-07,0.29191633015871044,0.29191824942827227,-1.9192695618341915e-06,-6.338706349027089e-06,68.54509699769551,-9.247497817736252e-08,-1.0075499693867912e-06,6.0869782333485026e-09,-2.800009987437493e-08,-0.012427222293464268,0.0,0.0003076717257499695,-0.0002540431916713548,-0.00023169499912819268,-3.3801834015346464e-06,0.5651388764381409,1118.1202392578125,0.5044365525245667,26,False,none,True,0.33738285303115845,0.10244780778884888,0.9756705164909363,26.0,0.00033854166395030916,2.2182867527008057,0.0,0.0,0.4256080389022827,0.4256080389022827,2.2182867527008057,0,35,0.0,1,0.0,0.0,0.0,0
44,tum_fr1_desk,35,train,5947,5947,geometry_stratified,texture,1,7.359859472327669,7.359783010217027,-7.646211064127328e-05,0.283470385517082,0.28347530709276836,4.921575686378521e-06,0.5445149540901184,0.5445112586021423,3.6954879760742188e-06,0.29191633015871044,0.29191748499870296,-1.1548399925231934e-06,-5.2363248517189385e-06,43.85251799976686,-1.1940762105717116e-07,-1.743619617046387e-06,8.427082741506121e-08,-2.6334633567206633e-08,0.2087279791709893,0.0,0.006776183843612671,0.005975655466318119,0.03437608992668659,0.0007839023046947805,0.7830499410629272,1482.2628173828125,0.5272800922393799,79,False,none,True,0.3544590473175049,0.12071039527654648,6.481334209442139,79.0,0.0010286459000781178,13.640048027038574,0.0,0.0,0.3458458185195923,0.3458458185195923,13.640048027038574,0,35,0.0,1,0.0,0.0,0.0,0
44,tum_fr1_desk,35,train,1182,1182,geometry_stratified,texture,1,7.359859472327669,7.359873214508701,1.3742181032228018e-05,0.283470385517082,0.28347094344772467,5.579306426861663e-07,0.5445149540901184,0.5445134043693542,1.5497207641601562e-06,0.29191633015871044,0.2919154584407806,8.717179298400879e-07,2.1608430612690278e-06,65.1429060017108,3.3170811587869276e-08,2.1095437516814367e-07,2.378955529124625e-08,1.3381624851326016e-08,0.006097059978608321,0.00024286446751927565,0.0005772113800048828,0.00038014203310010597,0.0007938856434075449,1.2186831876777124e-05,0.5621985197067261,1100.8232421875,0.5097072720527649,50,False,none,True,0.4390232563018799,1.0639947652816772,7.2951226234436035,50.0,0.0006510416860692203,4.853649616241455,0.0,0.0,0.5404567718505859,0.5404567718505859,4.853649616241455,0,35,0.0,1,0.0,0.0,0.0,0
44,tum_fr1_desk,35,train,1185,1185,geometry_stratified,texture,1,7.359859472327669,7.359879909433161,2.0437105492376872e-05,0.283470385517082,0.28347068732765135,3.018105693697315e-07,0.5445149540901184,0.5445131659507751,1.7881393432617188e-06,0.29191633015871044,0.291915188729763,1.1414289474154238e-06,2.928957243172236e-06,71.27335500263143,4.1094701421928266e-08,2.8674257710503914e-07,2.5088468800096476e-08,1.6014805916927607e-08,0.008428577460250608,-8.787807102520872e-05,0.0006159543991088867,0.0005080267786979897,0.0011182526873078598,1.5689631662022555e-05,0.5754501819610596,1110.4698486328125,0.517204225063324,76,False,none,True,0.4676694869995117,1.0768858194351196,13.286450386047363,76.0,0.000989583320915699,8.602120399475098,0.0,0.0,0.4911555051803589,0.4911555051803589,8.602120399475098,0,35,0.0,1,0.0,0.0,0.0,0
44,tum_fr1_desk,35,train,56,56,geometry_stratified,depth_discontinuity,1,7.359859472327669,7.360645313041905,0.0007858407142364854,0.283470385517082,0.28353555314790024,6.51676308182636e-05,0.5445149540901184,0.5445149540901184,0.0,0.29191633015871044,0.29189306944608684,2.326071262359619e-05,7.474171239733818e-05,41.4581229997566,1.8028243198028284e-06,1.8955048067205046e-05,0.0,5.610652615346999e-07,0.2152175840313646,0.004923905140254134,0.0,0.008382701873779291,0.02485638366977744,0.0005995540046500265,0.6344459056854248,1167.5565185546875,0.5423963069915771,188,False,none,True,0.38513338565826416,0.0,8.164112091064453,264.0,0.0034374999813735485,21.19814109802246,0.0,0.0,0.3457537889480591,0.3457537889480591,21.19814109802246,0,35,0.0,1,0.0,0.0,0.0,0
44,tum_fr1_desk,35,train,18,18,geometry_stratified,depth_discontinuity,1,7.359859472327669,7.3598002757372445,-5.919659042419312e-05,0.283470385517082,0.2834662961280201,-4.089389061878723e-06,0.5445149540901184,0.5445149540901184,0.0,0.29191633015871044,0.29191808253526685,-1.7523765564186888e-06,-5.630218002495351e-06,44.66128300555283,-1.2606485133432764e-07,-1.325456557457901e-06,0.0,-3.923704019431802e-08,-0.03894616884880886,0.007339258461015685,0.0,-0.0021656036376953014,-0.005873622804825765,-0.00013151486946972582,0.6378446221351624,1233.7279052734375,0.5160058736801147,61,False,none,True,0.5830978155136108,0.0,4.6664958000183105,61.0,0.0007942708325572312,8.002938270568848,0.0,0.0,0.32805633544921875,0.32805633544921875,8.002938270568848,0,35,0.0,1,0.0,0.0,0.0,0
44,tum_fr1_desk,35,train,2585,2585,geometry_stratified,depth_discontinuity,1,7.359859472327669,7.359878852339139,1.9380011470282454e-05,0.283470385517082,0.28347628222938037,5.8967122983921705e-06,0.5445149540901184,0.5445150136947632,-5.960464477539063e-08,0.29191633015871044,0.29191577434539795,5.558133124861087e-07,1.8104036837176675e-06,42.266488999302965,4.283307477343395e-08,4.585195489173955e-07,-1.4102104571868648e-09,1.3150212512216826e-08,0.27298229583224476,-0.10521507268655939,0.0,0.001975543797016144,0.01432243361472934,0.00033886026385975747,0.8070269227027893,1601.0059814453125,0.5030748844146729,17,True,min_influence_pixels,True,0.21490024030208588,0.0,0.3303980231285095,17.0,0.0002213541738456115,1.5374484062194824,0.0,0.0,0.18970519304275513,0.18970519304275513,1.5374484062194824,0,35,0.0,1,0.0,0.0,0.0,0
44,tum_fr1_desk,35,train,273,273,geometry_stratified,depth_discontinuity,1,7.359859472327669,7.359959896960487,0.00010042463281845215,0.283470385517082,0.28347967091840376,9.28540132177913e-06,0.5445149540901184,0.5445149540901184,0.0,0.29191633015871044,0.29191335737705226,2.9727816581726074e-06,9.551438208464043e-06,51.94846499944106,1.838637235684791e-07,1.93315881074701e-06,0.0,5.722559190545078e-08,0.050658116303115897,0.005770293902188417,0.0,0.004059734940528914,0.011783515898987214,0.00022683087746893,1.0,1958.061767578125,0.5097091197967529,40,False,none,True,0.709177553653717,0.0,3.4427411556243896,40.0,0.0005208333604969084,4.854554653167725,0.0,0.0,0.012714922428131104,0.012714922428131104,4.854554653167725,0,35,0.0,1,0.0,0.0,0.0,0
44,tum_fr1_desk,35,train,37,37,geometry_stratified,depth_discontinuity,1,7.359859472327669,7.359926774193366,6.730186569736674e-05,0.283470385517082,0.2834761087433748,5.723226292830841e-06,0.5445149540901184,0.5445150136947632,-5.960464477539063e-08,0.29191633015871044,0.29191435575485225,1.9744038581848145e-06,6.3682757579177175e-06,45.97119499521796,1.38527522692855e-07,1.4640007879796828e-06,-1.2965650508234745e-09,4.294871730852759e-08,0.00983819513612838,0.0018361835190884301,0.0,0.0009202063083648682,0.0029199381674618794,6.351669056602986e-05,0.7550780177116394,1427.39794921875,0.5279890894889832,131,False,none,True,0.759974479675293,0.0,10.635486602783203,151.0,0.001966145820915699,13.994531631469727,0.0,0.0,0.32837313413619995,0.32837313413619995,13.994531631469727,0,35,0.0,1,0.0,0.0,0.0,0
44,tum_fr1_desk,35,train,4359,4359,geometry_stratified,depth_discontinuity,1,7.359859472327669,7.359975401321259,0.00011592899359058606,0.283470385517082,0.28348110710994967,1.0721592867690699e-05,0.5445149540901184,0.5445148944854736,5.960464477539063e-08,0.29191633015871044,0.29191288053989406,3.4496188163757324e-06,1.1058905016907898e-05,43.042541001341306,2.5692965051861775e-07,2.693358498211652e-06,1.3847845268599084e-09,8.01444044920172e-08,0.06901031815935177,-0.003883266348740963,0.0,0.00495023429393765,0.013875163661444177,0.00032235930636650365,0.9171765446662903,1785.2335205078125,0.5127571225166321,33,False,none,True,0.642841637134552,0.0,4.100401401519775,33.0,0.00042968749767169356,6.378555774688721,0.0,0.0,0.06745678186416626,0.06745678186416626,6.378555774688721,0,35,0.0,1,0.0,0.0,0.0,0
44,tum_fr1_desk,35,train,1701,1701,geometry_stratified,flat,1,7.359859472327669,7.360176610659562,0.00031713833189339624,0.283470385517082,0.28354551958015617,7.513406307418924e-05,0.5445149540901184,0.5445143580436707,5.960464477539062e-07,0.29191633015871044,0.291906763613224,9.566545486450195e-06,3.049158023433244e-05,65.8335249972879,4.631618956388646e-07,4.817277092582559e-06,9.053843733545503e-09,1.4531419192340533e-07,0.25807051302153994,-0.00034991544020315096,5.125999450683594e-06,0.008065849542617798,0.025826020441125825,0.000392292839281958,0.7029104232788086,1370.3204345703125,0.5119532942771912,65,False,none,True,0.44751647114753723,0.25641438364982605,4.207141876220703,65.0,0.0008463541744276881,5.976640701293945,0.0,0.0,0.3444185256958008,0.3444185256958008,5.976640701293945,0,35,0.0,1,0.0,0.0,0.0,0
44,tum_fr1_desk,35,train,3858,3858,geometry_stratified,flat,1,7.359859472327669,7.359279169141658,-0.0005803031860107666,0.283470385517082,0.2833425218968564,-0.00012786362022559894,0.5445149540901184,0.5445295572280884,-1.4603137969970703e-05,0.29191633015871044,0.29193789064884185,-2.156049013141148e-05,-6.323851800786025e-05,112.57209899486043,-5.617601392574856e-07,-5.154946840222467e-06,-1.2972253427234595e-07,-1.915260559581095e-07,-0.35337440154022026,-0.041247710354021305,0.0003194361925125122,-0.0014717195183038545,-0.01525855795291275,-0.00013554475832958744,0.5248429179191589,999.982666015625,0.5238519906997681,122,False,none,True,0.16231496632099152,0.2298845648765564,4.677372455596924,122.0,0.0015885416651144624,11.926002502441406,0.0,0.0,0.4825632572174072,0.4825632572174072,11.926002502441406,0,35,0.0,1,0.0,0.0,0.0,0
44,tum_fr1_desk,35,train,2386,2386,geometry_stratified,flat,1,7.359859472327669,7.35986123414332,1.7618156515908368e-06,0.283470385517082,0.28347135883003854,9.733129565647758e-07,0.5445149540901184,0.5445141792297363,7.748603820800781e-07,0.29191633015871044,0.29191604554653167,2.8461217876918354e-07,5.944757841683656e-07,82.856761997391,7.1747407192557735e-09,2.126339008572786e-08,9.351806218356408e-09,3.43499036057124e-09,0.022545921149657033,0.0012664460593563298,0.000396043062210083,0.00011921287514270185,0.0008651065645776295,1.0440989289502648e-05,0.5195202231407166,1023.2799682617188,0.5067009329795837,40,False,none,True,0.00837168749421835,0.25503426790237427,0.8825333714485168,40.0,0.0005208333604969084,3.350468635559082,0.0,0.0,0.48994898796081543,0.48994898796081543,3.350468635559082,0,35,0.0,1,0.0,0.0,0.0,0
44,tum_fr1_desk,35,train,3934,3934,geometry_stratified,flat,1,7.359859472327669,7.361645615556678,0.0017861432290091628,0.283470385517082,0.28365000983311717,0.00017962431603518736,0.5445149540901184,0.5444195866584778,9.5367431640625e-05,0.29191633015871044,0.291834856569767,8.147358894344814e-05,0.00022242359281770692,102.58649299794342,2.1681567067719716e-06,1.741109552351078e-05,9.296295141168034e-07,7.941941142785869e-07,0.31251798769068806,0.01640987306205588,0.004729852080345154,0.004395899176597606,0.02435505228970679,0.00023740993163880785,0.5832859873771667,733.5880737304688,0.7941137552261353,707,False,none,True,0.14019298553466797,0.1743759661912918,46.259521484375,809.0,0.010533854365348816,147.05686950683594,0.0,0.0,0.430242121219635,0.430242121219635,147.05686950683594,0,35,0.0,1,0.0,0.0,0.0,0
44,tum_fr1_desk,35,train,3588,3588,geometry_stratified,flat,1,7.359859472327669,7.359862995959685,3.5236320163889445e-06,0.283470385517082,0.2834689358035517,-1.4497135302771191e-06,0.5445149540901184,0.5445128679275513,2.086162567138672e-06,0.29191633015871044,0.29191560000181194,7.301568984985352e-07,1.4845037411853755e-06,45.12591499951668,3.289692278153862e-08,7.808444474592225e-08,4.6229812008488154e-08,1.6180434202970852e-08,-0.007359503390928168,0.0011447946663504377,0.0015840530395507812,0.0003103569149971175,0.0011746836434590477,2.60312426567224e-05,0.8853604197502136,1663.2923583984375,0.5312938690185547,99,False,none,True,0.35704246163368225,0.26596400141716003,9.748137474060059,99.0,0.0012890625512227416,15.646928787231445,0.0,0.0,0.13303691148757935,0.13303691148757935,15.646928787231445,0,35,0.0,1,0.0,0.0,0.0,0
44,tum_fr1_desk,35,train,3468,3468,geometry_stratified,flat,1,7.359859472327669,7.359894708776487,3.5236448818309896e-05,0.283470385517082,0.2834699638325131,-4.2168456887425876e-07,0.5445149540901184,0.5445160269737244,-1.0728836059570312e-06,0.29191633015871044,0.2919156089425087,7.212162017600221e-07,2.7602524654003903e-06,55.51682299847016,4.971920791426506e-08,6.346985817124456e-07,-1.932537829094788e-08,1.2990948739626116e-08,0.1497728444949349,0.0021839969670994636,0.0035244226455688477,0.0016601808369159782,0.017583519456851878,0.0003167241658863731,0.9833980202674866,1961.4732666015625,0.5003567934036255,4,True,min_influence_pixels,True,0.1538805067539215,0.09621979296207428,0.044617388397455215,4.0,5.208333459449932e-05,0.17839796841144562,0.0,0.0,0.016380012035369873,0.016380012035369873,0.17839796841144562,0,35,0.0,1,0.0,0.0,0.0,0
44,tum_fr1_desk,35,train,2388,2388,geometry_stratified,general_visible,1,7.359859472327669,7.359878852339139,1.9380011470282454e-05,0.283470385517082,0.28348113305487516,1.0747537793176498e-05,0.5445149540901184,0.5445147156715393,2.384185791015625e-07,0.29191633015871044,0.2919156849384308,6.452202796491946e-07,1.9745992976149654e-06,69.12072200066177,2.8567399767555384e-08,2.8037918165983435e-07,3.449306838827289e-09,9.334686631933867e-09,0.31812709962268926,0.0025112093428836246,0.0002873539924621582,0.00013022536877542457,0.007632964019338236,0.00011042946020247237,0.5423382520675659,1053.360107421875,0.5138649344444275,68,False,none,True,0.021607154980301857,0.2593858540058136,1.9479715824127197,68.0,0.000885416695382446,6.932455539703369,0.0,0.0,0.45557254552841187,0.45557254552841187,6.932455539703369,0,35,0.0,1,0.0,0.0,0.0,0
44,tum_fr1_desk,45,validation,2011,2011,geometry_stratified,edge,1,5.46953077457543,5.469525758316665,-5.01625876481171e-06,0.0,0.0,0.0,0.5203197598457336,0.5203197598457336,0.0,0.35477172434329984,0.3547719538211822,-2.2947788236304945e-07,-6.41989464926407e-07,71.42266099981498,-8.988596279380714e-09,-7.023343424329575e-08,0.0,-3.212956212365763e-09,0.00750781351834906,0.0,-0.0006800591945648193,0.0001384884119033647,-0.0007246919312558053,-1.014652662209943e-05,0.7130994200706482,1411.958740234375,0.5040426254272461,30,False,none,True,0.5369710922241211,0.04012954607605934,1.1665035486221313,30.0,0.0003906250058207661,2.021317481994629,0.0,0.0,0.3611293435096741,0.3611293435096741,2.021317481994629,0,45,0.0,1,0.0,0.0,0.0,0
44,tum_fr1_desk,45,validation,2083,2083,geometry_stratified,edge,1,5.46953077457543,5.470049304575615,0.0005185300001846471,0.0,0.0,0.0,0.5203197598457336,0.5203211307525635,-1.3709068298339844e-06,0.35477172434329984,0.35474841594696044,2.33083963394054e-05,6.557194371680033e-05,72.85481299913954,9.00035852368117e-07,7.117306034273553e-06,-1.8816969990029012e-08,3.199293962868409e-07,0.10942709932151162,0.003957543660068202,-0.00036150217056274414,0.00831591188907621,0.023991538379169196,0.00032930615551030995,0.871780514717102,1619.2957763671875,0.5373701453208923,132,False,none,True,0.6946806907653809,0.2697807252407074,18.021028518676758,132.0,0.0017187499906867743,18.685068130493164,0.0,0.0,0.2850160002708435,0.2850160002708435,18.685068130493164,0,45,0.0,1,0.0,0.0,0.0,0
44,tum_fr1_desk,45,validation,6030,6030,geometry_stratified,edge,1,5.46953077457543,5.469595986466618,6.521189118746662e-05,0.0,0.0,0.0,0.5203197598457336,0.5203075408935547,1.2218952178955078e-05,0.35477172434329984,0.35476507544517516,6.648898124683722e-06,1.539099383969467e-05,45.81761299778009,3.35918718429098e-07,1.423293072701675e-06,2.6668679094100995e-07,1.4511664160692675e-07,0.1611319209458717,0.050508460611102146,0.009808182716369629,0.004893376678228367,0.013568074130168339,0.0002961322784498993,0.8664436340332031,1602.78662109375,0.5395857691764832,92,False,none,True,0.28927263617515564,0.7562946677207947,20.69478416442871,92.0,0.0011979166883975267,19.792877197265625,0.0,0.0,0.2205318808555603,0.2205318808555603,19.792877197265625,0,45,0.0,1,0.0,0.0,0.0,0
44,tum_fr1_desk,45,validation,1827,1827,geometry_stratified,edge,1,5.46953077457543,5.469532598670963,1.8240955323989283e-06,0.0,0.0,0.0,0.5203197598457336,0.5203192830085754,4.76837158203125e-07,0.35477172434329984,0.35477149784564965,2.264976501908933e-07,5.083801985258767e-07,79.1332950029755,6.424352714072643e-09,2.3050923537688406e-08,6.025746282714442e-09,2.8622294848505517e-09,0.03695146147171968,0.0,6.902217864990234e-05,0.0001558534801006095,0.0016003838687632798,2.0223900302686795e-05,0.7467610239982605,1479.7783203125,0.503643810749054,25,False,none,True,0.1047462448477745,0.7548711895942688,1.5661320686340332,25.0,0.00032552084303461015,1.8218942880630493,0.0,0.0,0.288074791431427,0.288074791431427,1.8218942880630493,0,45,0.0,1,0.0,0.0,0.0,0
44,tum_fr1_desk,45,validation,1740,1740,geometry_stratified,edge,1,5.46953077457543,5.469675336521985,0.0001445619465547665,0.0,0.0,0.0,0.5203197598457336,0.5203191637992859,5.960464477539062e-07,0.35477172434329984,0.35476493239402773,6.791949272111353e-06,1.8844949351576882e-05,68.22367400309304,2.7622302121581015e-07,2.1189410958461802e-06,8.736651264587179e-09,9.955414115931998e-08,0.10292796054472664,-0.0006872772042602546,0.0005791187286376953,0.00771765410900116,0.022776658885270328,0.000333852716349426,0.6947491765022278,1378.0509033203125,0.5031534433364868,21,True,min_influence_pixels,True,0.6771900653839111,0.10640932619571686,1.2355268001556396,21.0,0.0002734375011641532,1.5767327547073364,0.0,0.0,0.33957016468048096,0.33957016468048096,1.5767327547073364,0,45,0.0,1,0.0,0.0,0.0,0
44,tum_fr1_desk,45,validation,1358,1358,geometry_stratified,edge,1,5.46953077457543,5.469804853519876,0.00027407894444575476,0.0,0.0,0.0,0.5203197598457336,0.5203108191490173,8.940696716308594e-06,0.35477172434329984,0.35475650429725647,1.5220046043373792e-05,4.023202130360756e-05,62.060936994384974,6.482664176863393e-07,4.416287567017435e-06,1.4406319255407812e-07,2.4524357479086787e-07,0.43206543698395805,0.07678597471791274,0.004036456346511841,0.005222656205296508,0.029237081825706893,0.0004711028102645654,0.6912358403205872,1303.1234130859375,0.5294454097747803,109,False,none,True,0.21154819428920746,0.11996830999851227,4.88082218170166,109.0,0.0014192708767950535,14.722712516784668,0.0,0.0,0.2805389165878296,0.2805389165878296,14.722712516784668,0,45,0.0,1,0.0,0.0,0.0,0
44,tum_fr1_desk,45,validation,1986,1986,geometry_stratified,texture,1,5.46953077457543,5.469618332025213,8.755744978294899e-05,0.0,0.0,0.0,0.5203197598457336,0.5203186869621277,1.0728836059570312e-06,0.35477172434329984,0.3547673970460892,4.327297210671155e-06,1.1824344649903876e-05,67.77550200058613,1.7446340197969492e-07,1.2918746036317339e-06,1.5829961775093203e-08,6.384751249254829e-08,0.09291939299879726,0.0,0.0005061626434326172,0.0031052500009536854,0.009584133347512373,0.00014140999423994659,0.9372169971466064,1838.844970703125,0.5086769461631775,46,False,none,True,0.40460553765296936,0.5085079073905945,3.9615180492401123,46.0,0.0005989583441987634,4.338472843170166,0.0,0.0,0.2172200083732605,0.2172200083732605,4.338472843170166,0,45,0.0,1,0.0,0.0,0.0,0
44,tum_fr1_desk,45,validation,6916,6916,geometry_stratified,texture,1,5.46953077457543,5.4695394390360335,8.664460603213797e-06,0.0,0.0,0.0,0.5203197598457336,0.5203137993812561,5.9604644775390625e-06,0.35477172434329984,0.3547695398330688,2.184510231040271e-06,4.545508893030141e-06,45.780926004226785,9.928826893126781e-08,1.8925918192248535e-07,1.3019536732369186e-07,4.7716602124618077e-08,0.024001727269514106,0.0017472924439602688,0.0009139776229858398,0.0004032459110021591,0.002561889469677972,5.595975645930452e-05,0.811557412147522,1564.1719970703125,0.5178415179252625,67,False,none,True,0.14795224368572235,0.18485483527183533,2.9688875675201416,67.0,0.000872395874466747,8.920746803283691,0.0,0.0,0.3996332883834839,0.3996332883834839,8.920746803283691,0,45,0.0,1,0.0,0.0,0.0,0
44,tum_fr1_desk,45,validation,6486,6486,geometry_stratified,texture,1,5.46953077457543,5.469717292309619,0.00018651773418909556,0.0,0.0,0.0,0.5203197598457336,0.5203337073326111,-1.3947486877441406e-05,0.35477172434329984,0.35476737618446347,4.348158836375848e-06,1.5829179897074546e-05,56.00753100588918,2.826259185645965e-07,3.330225968530612e-06,-2.4902877571901594e-07,7.763525294337008e-08,0.6248502776174858,-0.0029803559496924814,-0.02339019626379013,0.01951873078942301,-0.0026134614758834274,-4.6662679624435195e-05,0.915304958820343,1812.948486328125,0.5038708448410034,22,True,min_influence_pixels,True,0.5306068062782288,0.08545520901679993,1.1923381090164185,22.0,0.0002864583511836827,1.9354188442230225,0.0,0.0,0.25603753328323364,0.25603753328323364,1.9354188442230225,0,45,0.0,1,0.0,0.0,0.0,0
44,tum_fr1_desk,45,validation,1275,1275,geometry_stratified,texture,1,5.46953077457543,5.469520286040987,-1.0488534443631181e-05,0.0,0.0,0.0,0.5203197598457336,0.520317792892456,1.9669532775878906e-06,0.35477172434329984,0.35477161407470703,1.102685928122682e-07,-2.082573991397271e-07,71.44742899981793,-2.914834054284274e-09,-1.4680072593875854e-07,2.75300777805861e-08,1.543352844964501e-09,-0.018412614851765596,0.00014264223143323207,0.0005882978439331055,0.00013016024604439735,-0.0005499178767400669,-7.696818268176846e-06,0.8120229244232178,1602.551513671875,0.505706250667572,34,False,none,True,0.10122238099575043,1.0771015882492065,3.3618998527526855,34.0,0.000442708347691223,2.8531200885772705,0.0,0.0,0.2915039658546448,0.2915039658546448,2.8531200885772705,0,45,0.0,1,0.0,0.0,0.0,0
44,tum_fr1_desk,45,validation,6296,6296,geometry_stratified,texture,1,5.46953077457543,5.46966940801946,0.00013863344402942346,0.0,0.0,0.0,0.5203197598457336,0.5203033685684204,1.6391277313232422e-05,0.35477172434329984,0.35476046502590175,1.1259317398093494e-05,2.7193242423327542e-05,55.47224399924744,4.902134917003981e-07,2.499149737503033e-06,2.9548610496908675e-07,2.0297209174098388e-07,0.09790513548725066,-0.003337431597679019,0.006181657314300537,0.004459311068057997,0.013180374031305354,0.0002376030439923102,0.7867323160171509,1497.8634033203125,0.5242363214492798,113,False,none,True,0.3925815522670746,0.4029944837093353,9.640917778015137,115.0,0.0014973959187045693,12.118160247802734,0.0,0.0,0.3000749945640564,0.3000749945640564,12.118160247802734,0,45,0.0,1,0.0,0.0,0.0,0
44,tum_fr1_desk,45,validation,6044,6044,geometry_stratified,texture,1,5.46953077457543,5.4695398950607546,9.120485324309868e-06,0.0,0.0,0.0,0.5203197598457336,0.5203393697738647,-1.9609928131103516e-05,0.35477172434329984,0.35477719008922576,-5.4657459259144225e-06,-1.0139211999019336e-05,44.72248800448142,-2.2671395200560703e-07,2.039351058330196e-07,-4.3848025917383e-07,-1.2221471053593277e-07,0.7669390252981403,0.0,-0.03428374230861664,0.009754596650600439,0.016143218950436314,0.00036096424127429316,0.881589412689209,1730.7965087890625,0.5083547234535217,39,False,none,True,0.36514919996261597,0.19460657238960266,2.3383045196533203,39.0,0.0005078125395812094,4.177365303039551,0.0,0.0,0.20834362506866455,0.20834362506866455,4.177365303039551,0,45,0.0,1,0.0,0.0,0.0,0
44,tum_fr1_desk,45,validation,332,332,geometry_stratified,depth_discontinuity,1,5.46953077457543,5.469531230599242,4.560238116013693e-07,0.0,0.0,0.0,0.5203197598457336,0.5203207731246948,-1.0132789611816406e-06,0.35477172434329984,0.3547720074653625,-2.8312206268310547e-07,-5.258620475228529e-07,40.84207899722969,-1.2875496557325644e-08,1.1165538650280297e-08,-2.4809681241994834e-08,-6.932116817616204e-09,-0.017179064363546104,-0.004051374537022673,0.0,-1.9373930990695606e-05,-0.0005577735433743216,-1.365683523143264e-05,1.0,1991.37548828125,0.5011654496192932,7,True,min_influence_pixels,True,0.07101179659366608,0.0,0.041380517184734344,7.0,9.11458337213844e-05,0.5827273726463318,0.0,0.0,0.02451348304748535,0.02451348304748535,0.5827273726463318,0,45,0.0,1,0.0,0.0,0.0,0
44,tum_fr1_desk,45,validation,268,268,geometry_stratified,depth_discontinuity,1,5.46953077457543,5.46952621433995,-4.560235479900143e-06,0.0,0.0,0.0,0.5203197598457336,0.520321249961853,-1.4901161193847656e-06,0.35477172434329984,0.3547723799943924,-6.556510925292969e-07,-1.4427808800680731e-06,58.473495999351144,-2.46740998705479e-08,-7.798807651163436e-08,-2.5483616019834026e-08,-1.1212791048726972e-08,-0.0006243484132975041,0.0003697698203632832,0.0,-3.6090612411499023e-05,-9.812882012944806e-05,-1.6781760428782461e-06,1.0,1993.1065673828125,0.5007292628288269,5,True,min_influence_pixels,True,0.5985463857650757,0.0,0.21824489533901215,5.0,6.510417006211355e-05,0.36462485790252686,0.0,0.0,0.010720312595367432,0.010720312595367432,0.36462485790252686,0,45,0.0,1,0.0,0.0,0.0,0
44,tum_fr1_desk,45,validation,47,47,geometry_stratified,depth_discontinuity,1,5.46953077457543,5.469528038433568,-2.736141862413888e-06,0.0,0.0,0.0,0.5203197598457336,0.5203197598457336,0.0,0.35477172434329984,0.35477184951305385,-1.2516975400611585e-07,-3.501761636652269e-07,41.583322003134526,-8.4210723625888e-09,-6.579902063158011e-08,0.0,-3.0100951048759554e-09,-0.003066320075627793,-0.00048446088876206994,0.0,-0.00020050108432773106,-0.0005476021177426593,-1.3168791990726026e-05,0.7683091759681702,1444.15625,0.5310124754905701,107,False,none,True,0.6423644423484802,0.0,9.960653305053711,108.0,0.0014062500558793545,15.506234169006348,0.0,0.0,0.19660770893096924,0.19660770893096924,15.506234169006348,0,45,0.0,1,0.0,0.0,0.0,0
44,tum_fr1_desk,45,validation,2249,2249,geometry_stratified,depth_discontinuity,1,5.46953077457543,5.46931325667618,-0.00021751789924984166,0.0,0.0,0.0,0.5203197598457336,0.5203197598457336,0.0,0.35477172434329984,0.3547816753387451,-9.950995445262567e-06,-2.7838316621723086e-05,65.45321799785597,-4.253162407176829e-07,-3.323257525045855e-06,0.0,-1.5203218038246077e-07,-0.08524386798429084,-0.0014672250832590966,0.0,-0.00654848515987394,-0.018297993628389908,-0.00027955835004154096,0.5616637468338013,1098.641357421875,0.5102348327636719,56,False,none,True,0.6835837960243225,0.0,3.49819278717041,56.0,0.0007291666697710752,5.117430686950684,0.0,0.0,0.4273836016654968,0.4273836016654968,5.117430686950684,0,45,0.0,1,0.0,0.0,0.0,0
44,tum_fr1_desk,45,validation,2317,2317,geometry_stratified,depth_discontinuity,1,5.46953077457543,5.469771561810052,0.0002407872346221751,0.0,0.0,0.0,0.5203197598457336,0.5203197002410889,5.960464477539063e-08,0.35477172434329984,0.35476069152355194,1.10328197479026e-05,3.085073253512568e-05,75.13314700190676,4.106141399127437e-07,3.2048069890652165e-06,7.933202208857025e-10,1.4684357288564799e-07,0.03119677057950354,-0.003233739769052918,0.0,0.0035095930099487416,0.014124612465279855,0.00018799442095672358,0.5556343197822571,1091.010986328125,0.5082838535308838,49,False,none,True,0.8358481526374817,0.0,3.462019920349121,49.0,0.0006380208651535213,4.1419243812561035,0.0,0.0,0.49030423164367676,0.49030423164367676,4.1419243812561035,0,45,0.0,1,0.0,0.0,0.0,0
44,tum_fr1_desk,45,validation,339,339,geometry_stratified,depth_discontinuity,1,5.46953077457543,5.469532142647008,1.3680715778008334e-06,0.0,0.0,0.0,0.5203197598457336,0.520320475101471,-7.152557373046875e-07,0.35477172434329984,0.354771876335144,-1.5199184416614386e-07,-2.373057857333967e-07,52.909368998371065,-4.4851373249358295e-09,2.5856887044768055e-08,-1.3518508174359597e-08,-2.8726829868415795e-09,0.0026335342793109007,0.0003252470404775665,0.0,0.00016253292560580723,0.00044231378757252326,8.359838643816389e-06,1.0,1948.72119140625,0.5121570229530334,46,False,none,True,0.6175811290740967,0.0,3.753981113433838,46.0,0.0005989583441987634,6.0785231590271,0.0,0.0,0.012201011180877686,0.012201011180877686,6.0785231590271,0,45,0.0,1,0.0,0.0,0.0,0
44,tum_fr1_desk,45,validation,1997,1997,geometry_stratified,flat,1,5.46953077457543,5.469574097051307,4.332247587690574e-05,0.0,0.0,0.0,0.5203197598457336,0.5203179121017456,1.8477439880371094e-06,0.35477172434329984,0.35476918816566466,2.536177635181769e-06,6.609836363242458e-06,69.1907509972225,9.553063477382685e-08,6.2613102549855e-07,2.670507201332853e-08,3.6654864972972733e-08,0.007803580365415286,0.00039431478778540613,0.0005990266799926758,0.0007531523704528698,0.001950795411832395,2.819445350305137e-05,0.9395738840103149,1822.9830322265625,0.5144045948982239,67,False,none,True,0.6764451861381531,0.5140056610107422,8.57397174835205,67.0,0.000872395874466747,7.20228910446167,0.0,0.0,0.2815204858779907,0.2815204858779907,7.20228910446167,0,45,0.0,1,0.0,0.0,0.0,0
44,tum_fr1_desk,45,validation,2729,2729,geometry_stratified,flat,1,5.46953077457543,5.469544911335847,1.4136760416505467e-05,0.0,0.0,0.0,0.5203197598457336,0.5203206539154053,-8.940696716308594e-07,0.35477172434329984,0.35477134585380554,3.78489494301526e-07,1.2937545888404598e-06,45.99603800306795,2.812752239125826e-08,3.0734735056011867e-07,-1.943797140899885e-08,8.228741229326766e-09,0.06243564844270644,0.0,-0.005021214485168457,0.0002973526716232022,-0.0010591813343675443,-2.3027664563128165e-05,0.8284244537353516,1650.2843017578125,0.5009889006614685,8,True,min_influence_pixels,True,0.40928536653518677,0.22076310217380524,0.31153416633605957,8.0,0.00010416666918899864,0.4944606423377991,0.0,0.0,0.18524086475372314,0.18524086475372314,0.4944606423377991,0,45,0.0,1,0.0,0.0,0.0,0
44,tum_fr1_desk,45,validation,1640,1640,geometry_stratified,flat,1,5.46953077457543,5.469627452694416,9.667811898594891e-05,0.0,0.0,0.0,0.5203197598457336,0.5203191637992859,5.960464477539062e-07,0.35477172434329984,0.35476712286472323,4.601478576615747e-06,1.2716694355009248e-05,74.37919000221882,1.7097113257928586e-07,1.2998006429360805e-06,8.013618429242447e-09,6.186513427315463e-08,0.12304655507569073,0.002417178788111013,-4.76837158203125e-06,0.0016988389194011466,0.008118273485800914,0.00010914710802253608,0.8296653032302856,1653.64404296875,0.5007193684577942,7,True,min_influence_pixels,True,0.29406389594078064,0.7655918598175049,0.38114580512046814,7.0,9.11458337213844e-05,0.35968831181526184,0.0,0.0,0.2690122127532959,0.2690122127532959,0.35968831181526184,0,45,0.0,1,0.0,0.0,0.0,0
44,tum_fr1_desk,45,validation,4406,4406,geometry_stratified,flat,1,5.46953077457543,5.469623348390904,9.25738154737843e-05,0.0,0.0,0.0,0.5203197598457336,0.5203108787536621,8.881092071533203e-06,0.35477172434329984,0.3547648251056671,6.899237632751465e-06,1.6968315090381383e-05,44.489165004051756,3.8140331671399157e-07,2.0808171037904024e-06,1.9962370772129295e-07,1.5507680650160846e-07,-0.0180591731062556,0.0,0.02511817216873169,0.0072452142834663336,0.02430317919193438,0.0005462718661885656,0.441068559885025,877.4884033203125,0.5016488432884216,10,True,min_influence_pixels,True,0.2750687301158905,0.31453239917755127,0.48607566952705383,10.0,0.0001302083401242271,0.8244143724441528,0.0,0.0,0.7299380302429199,0.7299380302429199,0.8244143724441528,0,45,0.0,1,0.0,0.0,0.0,0
44,tum_fr1_desk,45,validation,3294,3294,geometry_stratified,flat,1,5.46953077457543,5.470290576665323,0.0007598020898926805,0.0,0.0,0.0,0.5203197598457336,0.5203348994255066,-1.5139579772949219e-05,0.35477172434329984,0.3547415107488632,3.0213594436667712e-05,8.851177913750231e-05,68.76903299416881,1.2870877382412453e-06,1.1048608026189738e-05,-2.201511220062228e-07,4.393488336418754e-07,0.06200558614244667,-0.0011924781869348672,-0.000996805727481842,0.005441618710756324,0.015557554457109735,0.00022622907113480743,0.8698018789291382,1501.4073486328125,0.5783243179321289,291,False,none,True,0.7689827680587769,0.10600845515727997,34.26653289794922,291.0,0.003789062611758709,39.16214370727539,0.0,0.0,0.24611979722976685,0.24611979722976685,39.16214370727539,0,45,0.0,1,0.0,0.0,0.0,0
44,tum_fr1_desk,45,validation,2377,2377,geometry_stratified,flat,1,5.46953077457543,5.469923428806133,0.00039265423070311556,0.0,0.0,0.0,0.5203197598457336,0.5203166604042053,3.0994415283203125e-06,0.35477172434329984,0.35475283265113833,1.889169216151565e-05,5.203960741193626e-05,68.56618400342995,7.589689898643482e-07,5.726645523739128e-06,4.520364627795629e-08,2.755249170723955e-07,0.04760613440292505,0.003031597612999329,0.0006440188735723495,0.005713859386742182,0.03515376443356436,0.0005126982775037595,0.8277934789657593,1551.4029541015625,0.5325773358345032,129,False,none,True,0.8522989749908447,0.016975387930870056,14.159333229064941,129.0,0.0016796875279396772,16.288681030273438,0.0,0.0,0.31350451707839966,0.31350451707839966,16.288681030273438,0,45,0.0,1,0.0,0.0,0.0,0
44,tum_fr1_desk,45,validation,3711,3711,geometry_stratified,general_visible,1,5.46953077457543,5.469538070962157,7.2963867268072136e-06,0.0,0.0,0.0,0.5203197598457336,0.5203202962875366,-5.364418029785156e-07,0.35477172434329984,0.35477155148983,1.7285346987083727e-07,6.245087188753495e-07,121.23064399929717,5.15140972837668e-09,6.018599329431521e-08,-4.42496868185923e-09,1.4258232421155774e-09,0.01199765090497884,0.0030937472075118974,0.00022870302200317383,0.00018211379647253834,0.000916869802522041,7.563020143053571e-06,0.6816899180412292,1355.9986572265625,0.5017216801643372,16,True,min_influence_pixels,True,0.1727587878704071,0.29242199659347534,0.4004478454589844,16.0,0.00020833333837799728,0.8608434796333313,0.0,0.0,0.4095423221588135,0.4095423221588135,0.8608434796333313,0,45,0.0,1,0.0,0.0,0.0,0
44,tum_fr1_desk,55,validation,2008,2008,geometry_stratified,edge,1,6.096313478725603,6.0965866456963145,0.0002731669707118911,0.0,0.0,0.0,0.49054476618766785,0.49054452776908875,2.384185791015625e-07,0.3191389739513397,0.31912808567285533,1.0888278484388891e-05,3.151179384214804e-05,64.9245320018963,4.853603540989353e-07,4.207453828144846e-06,3.672241782114022e-09,1.6770669188760376e-07,0.04952959446212324,-0.0019572062311574642,0.00043532252311706543,0.0038081884384155162,0.010693757981701451,0.00016471059015703204,0.9116639494895935,1730.73291015625,0.5257502198219299,100,False,none,True,0.6513928771018982,0.10279493778944016,9.71025562286377,100.0,0.0013020833721384406,12.875116348266602,0.0,0.0,0.1480870246887207,0.1480870246887207,12.875116348266602,0,55,0.0,1,0.0,0.0,0.0,0
44,tum_fr1_desk,55,validation,3431,3431,geometry_stratified,edge,1,6.096313478725603,6.096317166497003,3.6877714002514494e-06,0.0,0.0,0.0,0.49054476618766785,0.4905443787574768,3.8743019104003906e-07,0.3191389739513397,0.3191387116909027,2.622604370339232e-07,6.60381525630543e-07,64.6741149976151,1.0210909351521779e-08,5.702082510734686e-08,5.990498533367264e-09,4.055106699853476e-09,0.017058399535535784,-4.074500969638781e-05,0.00027373433113098145,0.0002338886260986328,0.0012003790272083772,1.8560424479757345e-05,0.8163419961929321,1618.271728515625,0.5034529566764832,29,False,none,True,0.22496846318244934,0.32630640268325806,0.9517660140991211,29.0,0.0003776041849050671,1.7264816761016846,0.0,0.0,0.23313921689987183,0.23313921689987183,1.7264816761016846,0,55,0.0,1,0.0,0.0,0.0,0
44,tum_fr1_desk,55,validation,2131,2131,geometry_stratified,edge,1,6.096313478725603,6.096336132227957,2.265350235397534e-05,0.0,0.0,0.0,0.49054476618766785,0.4905426800251007,2.086162567138672e-06,0.3191389739513397,0.31913745105266567,1.5228986740556394e-06,3.876978207180194e-06,64.67990099918097,5.994100404125986e-08,3.5024021379164136e-07,3.225364502591135e-08,2.354516086960188e-08,0.2695883577985114,0.0020370675640622726,0.0009677410125732422,0.0022564653307199922,0.014358301093889499,0.0002219901526143541,1.0,1977.5181884765625,0.504684329032898,30,False,none,True,0.169172003865242,1.629380464553833,4.212519645690918,30.0,0.0003906250058207661,2.342172145843506,0.0,0.0,0.08594685792922974,0.08594685792922974,2.342172145843506,0,55,0.0,1,0.0,0.0,0.0,0
44,tum_fr1_desk,55,validation,5853,5853,geometry_stratified,edge,1,6.096313478725603,6.096333234680367,1.9755954764555383e-05,0.0,0.0,0.0,0.49054476618766785,0.4905305504798889,1.4215707778930664e-05,0.3191389739513397,0.3191339269280433,5.04702329640061e-06,1.096227674748106e-05,42.44096000184072,2.5829474043484433e-07,4.6549264587084133e-07,3.3495255004396954e-07,1.1891868836571354e-07,0.03685660685080183,0.004030113587342066,0.0030774474143981934,0.002056260406970961,0.006169341424402605,0.0001453629094189913,0.7376528382301331,1414.4364013671875,0.520517110824585,91,False,none,True,0.4215720593929291,0.36486127972602844,8.067678451538086,91.0,0.0011848958674818277,10.258565902709961,0.0,0.0,0.2627856731414795,0.2627856731414795,10.258565902709961,0,55,0.0,1,0.0,0.0,0.0,0
44,tum_fr1_desk,55,validation,3295,3295,geometry_stratified,edge,1,6.096313478725603,6.096312951901371,-5.268242313505311e-07,0.0,0.0,0.0,0.49054476618766785,0.4905562996864319,-1.1533498764038086e-05,0.3191389739513397,0.31914245486259457,-3.480911254849506e-06,-7.113975735819937e-06,80.30703800613992,-8.858471078557317e-08,-6.560125294500993e-09,-1.436175340342684e-07,-4.3345033527240425e-08,0.0487038148069221,0.009205519622941728,-0.0007007122039794922,0.0010211437940597368,0.0035664286278946837,4.440991370671659e-05,1.0,1485.0062255859375,0.672397792339325,390,False,none,True,0.3114440441131592,0.30537495017051697,53.16911697387695,390.0,0.005078125279396772,86.19889068603516,0.0,0.0,0.0828472375869751,0.0828472375869751,86.19889068603516,0,55,0.0,1,0.0,0.0,0.0,0
44,tum_fr1_desk,55,validation,1426,1426,geometry_stratified,edge,1,6.096313478725603,6.096307683662586,-5.7950630170111594e-06,0.0,0.0,0.0,0.49054476618766785,0.49054503440856934,-2.682209014892578e-07,0.3191389739513397,0.3191392838954925,-3.0994415278762233e-07,-8.294438803036782e-07,66.52542899973923,-1.2468072626888726e-08,-8.711049450028913e-08,-4.031855269814332e-09,-4.6590327555623465e-09,-0.021883906660644215,0.04024838170435356,-7.298588752746582e-05,-0.0001450367271900177,-0.0011442723352860962,-1.720052546058112e-05,0.7820136547088623,1465.7646484375,0.5325192213058472,124,False,none,True,0.15311230719089508,0.13230763375759125,4.64081335067749,124.0,0.0016145834233611822,16.259597778320312,0.0,0.0,0.217596173286438,0.217596173286438,16.259597778320312,0,55,0.0,1,0.0,0.0,0.0,0
44,tum_fr1_desk,55,validation,3903,3903,geometry_stratified,texture,1,6.096313478725603,6.0963232249853885,9.746259785892164e-06,0.0,0.0,0.0,0.49054476618766785,0.4905441701412201,5.960464477539062e-07,0.3191389739513397,0.3191384091973305,5.647540092246217e-07,1.4836207131821588e-06,51.75818799762055,2.866446393467956e-08,1.8830372860696405e-07,1.1515983669700877e-08,1.0911394526612578e-08,-0.036928024526789116,-0.003743132112457609,0.004149287939071655,-0.000315934419631958,-0.0015105455726624412,-2.9184668766454585e-05,0.8141922950744629,1596.802490234375,0.5088891386985779,36,False,none,True,0.5116627216339111,0.4299963712692261,4.185278415679932,36.0,0.0004687500186264515,4.444579124450684,0.0,0.0,0.2620876431465149,0.2620876431465149,4.444579124450684,0,55,0.0,1,0.0,0.0,0.0,0
44,tum_fr1_desk,55,validation,3981,3981,geometry_stratified,texture,1,6.096313478725603,6.096265274573135,-4.82041524678678e-05,0.0,0.0,0.0,0.49054476618766785,0.49054574966430664,-9.834766387939453e-07,0.3191389739513397,0.31914117783308027,-2.203881740547864e-06,-6.136428970499549e-06,65.97581000096397,-9.30102862005012e-08,-7.306337348061886e-07,-1.4906624697439496e-08,-3.340439079892559e-08,-0.017184759760578316,0.00090877865561248,0.0023482441902160645,-0.00021494030952456944,-0.0007563981307698996,-1.1464779754259143e-05,0.9735317230224609,1782.06982421875,0.5452926754951477,140,False,none,True,0.5664574503898621,0.43972641229629517,22.786365509033203,140.0,0.0018229166744276881,22.646324157714844,0.0,0.0,0.16997307538986206,0.16997307538986206,22.646324157714844,0,55,0.0,1,0.0,0.0,0.0,0
44,tum_fr1_desk,55,validation,7782,7782,geometry_stratified,texture,1,6.096313478725603,6.098061569982724,0.0017480912571210538,0.0,0.0,0.0,0.49054476618766785,0.49052783846855164,1.6927719116210938e-05,0.3191389739513397,0.31906468719243997,7.428675889975533e-05,0.0002110743421155433,52.28633200022159,4.0368932767104176e-06,3.343304435877517e-05,3.2375036589178215e-07,1.4207682210226662e-06,0.590068017288333,0.13717344016286548,0.0016797184944152832,0.01726102679967878,0.05784758183205863,0.001106361445125152,0.8788182735443115,1580.9927978515625,0.554864764213562,275,False,none,True,0.25993219017982483,0.4817262887954712,20.345458984375,621.0,0.008085937239229679,27.432382583618164,0.0,0.0,0.4350961446762085,0.4350961446762085,27.432382583618164,0,55,0.0,1,0.0,0.0,0.0,0
44,tum_fr1_desk,55,validation,2943,2943,geometry_stratified,texture,1,6.096313478725603,6.096341400501254,2.7921775651584824e-05,0.0,0.0,0.0,0.49054476618766785,0.49054110050201416,3.6656856536865234e-06,0.3191389739513397,0.31913676857948303,2.205371856689453e-06,5.447880746772725e-06,52.70492899580859,1.0336567851568443e-07,5.297754153848748e-07,6.955109746904395e-08,4.1843749696823185e-08,0.044954118414251454,-0.0018882862311611626,0.0052832067012786865,0.0035661280155181996,0.013580001445254314,0.0002576609380563681,0.6896905303001404,1372.6915283203125,0.5014366507530212,11,True,min_influence_pixels,True,0.516648530960083,0.19927142560482025,0.5142622590065002,11.0,0.00014322917559184134,0.7183236479759216,0.0,0.0,0.23969197273254395,0.23969197273254395,0.7183236479759216,0,55,0.0,1,0.0,0.0,0.0,0
44,tum_fr1_desk,55,validation,1731,1731,geometry_stratified,texture,1,6.096313478725603,6.096686749755982,0.0003732710303792075,0.0,0.0,0.0,0.49054476618766785,0.49054282903671265,1.9371509552001953e-06,0.3191389739513397,0.319123612344265,1.5361607074715344e-05,4.404497673563044e-05,66.8708860030165,6.586569936226597e-07,5.581966273968159e-06,2.8968525332725692e-08,2.297204058881827e-07,0.862606565797984,0.010162822007170225,0.0007385760545730591,0.01026690453290939,0.058005080703485354,0.0008674190543978853,0.8262749910354614,1639.2452392578125,0.5030581951141357,24,True,min_influence_pixels,True,0.27692121267318726,0.0759587287902832,0.5395878553390503,24.0,0.0003124999930150807,1.529097557067871,0.0,0.0,0.24026614427566528,0.24026614427566528,1.529097557067871,0,55,0.0,1,0.0,0.0,0.0,0
44,tum_fr1_desk,55,validation,7603,7603,geometry_stratified,texture,1,6.096313478725603,6.096959149852865,0.0006456711272626592,0.0,0.0,0.0,0.49054476618766785,0.49053335189819336,1.1414289474487305e-05,0.3191389739513397,0.3191099837422371,2.8990209102630615e-05,8.111879302025438e-05,42.96445899672108,1.8880440930594549e-06,1.5028028801943832e-05,2.6566817646553886e-07,6.747486126810781e-07,0.37169381798207013,0.0,-0.004948243498802185,0.009944818913936587,0.031131248666153712,0.0007245814189940006,0.902644157409668,1645.7020263671875,0.5474857687950134,107,False,none,True,0.38711896538734436,0.23055776953697205,14.66542911529541,107.0,0.0013932292349636555,23.742887496948242,0.0,0.0,0.35003525018692017,0.35003525018692017,23.742887496948242,0,55,0.0,1,0.0,0.0,0.0,0
44,tum_fr1_desk,55,validation,703,703,geometry_stratified,depth_discontinuity,1,6.096313478725603,6.096312161665146,-1.3170604562517951e-06,0.0,0.0,0.0,0.49054476618766785,0.4905448853969574,-1.1920928955078125e-07,0.3191389739513397,0.31913906186819074,-8.791685102149671e-08,-2.2413370708993892e-07,48.81853999540908,-4.591159569930124e-09,-2.6978694085805352e-08,-2.4418855943252655e-09,-1.8008906253600467e-09,-0.004597785210068039,0.003590825710148099,0.0,-6.629824638366977e-05,-0.00030693109797351003,-6.287183066154251e-06,0.9104596972465515,1780.1666259765625,0.510446310043335,43,False,none,True,0.27390268445014954,0.0,1.4306402206420898,43.0,0.0005598958232440054,5.223169803619385,0.0,0.0,0.022292137145996094,0.022292137145996094,5.223169803619385,0,55,0.0,1,0.0,0.0,0.0,0
44,tum_fr1_desk,55,validation,6285,6285,geometry_stratified,depth_discontinuity,1,6.096313478725603,6.096332444440451,1.8965714848384607e-05,0.0,0.0,0.0,0.49054476618766785,0.49054476618766785,0.0,0.3191389739513397,0.3191382229328156,7.510185241477174e-07,2.177709601089033e-06,31.803192003280856,6.847456069391958e-08,5.963462675830804e-07,0.0,2.3614564351598463e-08,0.22691723748731363,0.011195659178217188,0.0,0.0006351308897137638,0.009081767402803982,0.0002855615059603796,0.5810272097587585,1152.7574462890625,0.5030324459075928,17,True,min_influence_pixels,True,0.1072448194026947,0.0,0.16260699927806854,17.0,0.0002213541738456115,1.5162224769592285,0.0,0.0,0.2877352833747864,0.2877352833747864,1.5162224769592285,0,55,0.0,1,0.0,0.0,0.0,0
44,tum_fr1_desk,55,validation,901,901,geometry_stratified,depth_discontinuity,1,6.096313478725603,6.096378015177221,6.453645161830224e-05,0.0,0.0,0.0,0.49054476618766785,0.49054476618766785,0.0,0.3191389739513397,0.319136418402195,2.555549144744873e-06,7.410300715417809e-06,36.771573999430984,2.0152253247392888e-07,1.7550636156967578e-06,0.0,6.949795363082414e-08,0.26503605697556587,0.0,0.0,0.002446155995130539,0.015096238281927223,0.0004105409869634851,0.7521172761917114,1480.90576171875,0.5068764686584473,31,False,none,True,0.20835022628307343,0.0,0.7163537740707397,31.0,0.00040364585584029555,3.4382193088531494,0.0,0.0,0.14504271745681763,0.14504271745681763,3.4382193088531494,0,55,0.0,1,0.0,0.0,0.0,0
44,tum_fr1_desk,55,validation,5257,5257,geometry_stratified,depth_discontinuity,1,6.096313478725603,6.096365371225446,5.189249984383082e-05,0.0,0.0,0.0,0.49054476618766785,0.49054476618766785,0.0,0.3191389739513397,0.3191369190812111,2.0548701286093873e-06,5.958478024045942e-06,32.41830899787601,1.8379977883597602e-07,1.6007158130064934e-06,0.0,6.338609853906996e-08,0.10184416547114772,0.010950457095695094,0.0,0.006162628531455938,0.01695781126032048,0.0005230936401226703,0.8559293150901794,1705.1795654296875,0.5009584426879883,5,True,min_influence_pixels,True,0.6150261163711548,0.0,0.294741690158844,5.0,6.510417006211355e-05,0.4792344272136688,0.0,0.0,0.16026294231414795,0.16026294231414795,0.4792344272136688,0,55,0.0,1,0.0,0.0,0.0,0
44,tum_fr1_desk,55,validation,1183,1183,geometry_stratified,depth_discontinuity,1,6.096313478725603,6.096330600547873,1.71218222702052e-05,0.0,0.0,0.0,0.49054476618766785,0.49054476618766785,0.0,0.3191389739513397,0.3191382959485054,6.780028343200684e-07,1.9659874169805795e-06,38.46309599612141,5.111360295018446e-08,4.451493523020547e-07,0.0,1.762735985653463e-08,0.014797985766056954,0.0,0.0,0.0003030046820640536,0.001156961255768138,3.007977454245506e-05,0.8519752025604248,1639.526611328125,0.5186470746994019,77,False,none,True,0.33547621965408325,0.0,3.127823829650879,77.0,0.001002604141831398,9.32353401184082,0.0,0.0,0.21378445625305176,0.21378445625305176,9.32353401184082,0,55,0.0,1,0.0,0.0,0.0,0
44,tum_fr1_desk,55,validation,5743,5743,geometry_stratified,depth_discontinuity,1,6.096313478725603,6.096460201761046,0.00014672303544305265,0.0,0.0,0.0,0.49054476618766785,0.4905443787574768,3.8743019104003906e-07,0.3191389739513397,0.3191330477595329,5.926191806837622e-06,1.70841899763225e-05,40.16355799831217,4.2536545136365763e-07,3.653138386026918e-06,9.646311491036735e-09,1.4755146461592529e-07,0.10234058199536555,-0.06247160725684614,0.0,0.001492633670568469,0.006899577295249161,0.0001717870039188039,0.7891722321510315,1490.8514404296875,0.5283432602882385,67,False,none,True,0.26471421122550964,0.0,3.751434326171875,67.0,0.000872395874466747,14.171639442443848,0.0,0.0,0.10704189538955688,0.10704189538955688,14.171639442443848,0,55,0.0,1,0.0,0.0,0.0,0
44,tum_fr1_desk,55,validation,6635,6635,geometry_stratified,flat,1,6.096313478725603,6.096856405062873,0.0005429263372702664,0.0,0.0,0.0,0.49054476618766785,0.49053677916526794,7.987022399902344e-06,0.3191389739513397,0.3191150799393654,2.3894011974334717e-05,6.722528096238595e-05,43.09890099830227,1.5597910713554866e-06,1.2597219991564358e-05,1.8531847019061958e-07,5.543995652064525e-07,1.6643414248728465,0.0,-0.008812591433525085,0.014790656045079217,0.08473735059340366,0.001966113952574837,0.8034691214561462,1503.07421875,0.533550500869751,94,False,none,True,0.2890785336494446,0.11481621116399765,6.775440692901611,94.0,0.0012239583302289248,16.7752628326416,0.0,0.0,0.17832744121551514,0.17832744121551514,16.7752628326416,0,55,0.0,1,0.0,0.0,0.0,0
44,tum_fr1_desk,55,validation,2920,2920,geometry_stratified,flat,1,6.096313478725603,6.0963216445093416,8.165783738967036e-06,0.0,0.0,0.0,0.49054476618766785,0.49054422974586487,5.364418029785156e-07,0.3191389739513397,0.3191384896636009,4.842877388000488e-07,1.2656928215833572e-06,98.63255100208335,1.283240480677239e-08,8.278994769986793e-08,5.4387907189705025e-09,4.9100193990705925e-09,0.027680523152671554,0.0004608126082835673,0.0002892017364501953,0.0002829667180776485,0.0015673108477531762,1.589040161518352e-05,0.936854898929596,1804.976806640625,0.5180398225784302,98,False,none,True,0.20755283534526825,0.6304192543029785,7.558426380157471,98.0,0.0012760417303070426,9.019902229309082,0.0,0.0,0.152726411819458,0.152726411819458,9.019902229309082,0,55,0.0,1,0.0,0.0,0.0,0
44,tum_fr1_desk,55,validation,5643,5643,geometry_stratified,flat,1,6.096313478725603,6.0962565820779915,-5.6896647611104356e-05,0.0,0.0,0.0,0.49054476618766785,0.4905306100845337,1.4156103134155273e-05,0.3191389739513397,0.319136980175972,1.9937753677479186e-06,2.124305183013323e-06,42.93133300234331,4.948146340802818e-08,-1.32529422293966e-06,3.297382621075985e-07,4.644103102130775e-08,-0.5135364261010871,-0.010313418036826671,0.007311105728149414,0.0006207654252648326,-0.013448143450614711,-0.00031324774960704517,1.0,1868.1021728515625,0.5343025922775269,93,False,none,True,0.0981767475605011,0.2450312077999115,5.886466026306152,93.0,0.0012109375093132257,17.151309967041016,0.0,0.0,0.04672521352767944,0.04672521352767944,17.151309967041016,0,55,0.0,1,0.0,0.0,0.0,0
44,tum_fr1_desk,55,validation,2253,2253,geometry_stratified,flat,1,6.096313478725603,6.09655424408709,0.0002407653614877603,0.0,0.0,0.0,0.49054476618766785,0.49054351449012756,1.2516975402832031e-06,0.3191389739513397,0.3191290646791458,9.909272193908691e-06,2.8411013862375118e-05,73.31489299394889,3.8752036185499236e-07,3.283989809650709e-06,1.7072895958349325e-08,1.3516042633693214e-07,0.0489578818562908,-0.00035552754857305635,0.000623852014541626,0.0047867685556411965,0.01533315543312082,0.00020914107362042192,0.9454321265220642,1853.48583984375,0.5090832710266113,51,False,none,True,0.7664114832878113,0.334351122379303,4.999274730682373,51.0,0.0006640625069849193,4.541646480560303,0.0,0.0,0.25930851697921753,0.25930851697921753,4.541646480560303,0,55,0.0,1,0.0,0.0,0.0,0
44,tum_fr1_desk,55,validation,7870,7870,geometry_stratified,flat,1,6.096313478725603,6.096463362814561,0.00014988408895799665,0.0,0.0,0.0,0.49054476618766785,0.4905332624912262,1.150369644165039e-05,0.3191389739513397,0.31912958770990374,9.386241435982434e-06,2.4245472322743548e-05,66.45243000093615,3.6485456321765795e-07,2.2555095269787e-06,1.731117498861717e-07,1.4124752752984664e-07,0.08083160845577098,-0.07342878457827917,0.0021360069513320923,0.0017404966056346893,0.008133557420045654,0.0001223966891794788,0.8313996195793152,1575.310791015625,0.5267686247825623,84,False,none,True,0.2835635244846344,0.2227197289466858,6.776256084442139,84.0,0.0010937500046566129,13.384317398071289,0.0,0.0,0.4733971357345581,0.4733971357345581,13.384317398071289,0,55,0.0,1,0.0,0.0,0.0,0
44,tum_fr1_desk,55,validation,2370,2370,geometry_stratified,flat,1,6.096313478725603,6.096376171265295,6.269253969204414e-05,0.0,0.0,0.0,0.49054476618766785,0.49054497480392456,-2.086162567138672e-07,0.3191389739513397,0.3191365540027618,2.419948577914166e-06,7.070993912882678e-06,42.95647700200789,1.6460832932254114e-07,1.4594432334177158e-06,-4.856456378024575e-09,5.633489398586043e-08,0.1831916968614573,0.00025311758895911056,0.01187199354171753,0.008580884337425237,0.03137266792270564,0.0007303361474740866,0.7460260391235352,1476.0303955078125,0.5044272541999817,28,False,none,True,0.4027228057384491,0.2627991735935211,1.4732218980789185,28.0,0.0003645833348855376,2.2136337757110596,0.0,0.0,0.3934817314147949,0.3934817314147949,2.2136337757110596,0,55,0.0,1,0.0,0.0,0.0,0
44,tum_fr1_desk,55,validation,2596,2596,geometry_stratified,general_visible,1,6.096313478725603,6.096449401512229,0.0001359227866259971,0.0,0.0,0.0,0.49054476618766785,0.4905445873737335,1.7881393432617188e-07,0.3191389739513397,0.3191335380077362,5.435943603526727e-06,1.5716485299328196e-05,70.63481800287263,2.2250337360094883e-07,1.924302921265675e-06,2.531526793470321e-09,7.695841452165494e-08,0.004102505861325101,-0.0020899791573348037,0.0005167648196220398,0.0006700612604618739,0.00401273022346165,5.680952166251008e-05,0.8700944781303406,1585.7808837890625,0.5476851463317871,169,False,none,True,0.8830791115760803,0.0034388413187116385,21.136869430541992,169.0,0.0022005208302289248,23.842573165893555,0.0,0.0,0.1811097264289856,0.1811097264289856,23.842573165893555,0,55,0.0,1,0.0,0.0,0.0,0
44,tum_fr2_xyz,10,cross_scene_test,503,503,geometry_stratified,edge,1,12.715268412853858,12.715594329340913,0.00032591648705526666,0.5773901498447197,0.5774145426923177,2.439284759803151e-05,0.26129502058029175,0.26125842332839966,3.6597251892089844e-05,0.11584880165755748,0.11583501137793063,1.3790279626849089e-05,5.996064142226998e-05,42.799976996320765,1.400950318908452e-06,7.6148752856405405e-06,8.550764383643447e-07,3.2220296819399107e-07,0.09985911264982228,0.0,0.020386189222335815,0.008141729235649126,0.02286190779535766,0.0005341570112835096,1.0,1894.0379638671875,0.5269724726676941,88,False,none,True,0.3253641426563263,0.3602750599384308,9.246691703796387,90.0,0.0011718750465661287,13.486235618591309,0.0,0.0,0.18812036514282227,0.18812036514282227,13.486235618591309,0,10,0.0,1,0.0,0.0,0.0,0
44,tum_fr2_xyz,10,cross_scene_test,382,382,geometry_stratified,edge,1,12.715268412853858,12.715284738329755,1.6325475897360775e-05,0.5773901498447197,0.5773909098356921,7.599909723765563e-07,0.26129502058029175,0.26129087805747986,4.1425228118896484e-06,0.11584880165755748,0.11584741808474064,1.3835728168432038e-06,5.6548932504772985e-06,43.00113199860789,1.315056834006223e-07,3.796522356176413e-07,9.633520373425885e-08,3.217526498809369e-08,0.03797348708514647,0.03371831314438267,0.004663944244384766,0.0016141206026077937,0.002390242361896791,5.558556835141392e-05,1.0,1951.1387939453125,0.5115211606025696,48,False,none,True,0.17593295872211456,2.373441219329834,14.685893058776855,62.0,0.0008072917116805911,5.760587692260742,0.0,0.0,0.1743391752243042,0.1743391752243042,5.760587692260742,0,10,0.0,1,0.0,0.0,0.0,0
44,tum_fr2_xyz,10,cross_scene_test,1132,1132,geometry_stratified,edge,1,12.715268412853858,12.715297738289639,2.932543578104685e-05,0.5773901498447197,0.5773805740851093,-9.575759610358503e-06,0.26129502058029175,0.2612900137901306,5.0067901611328125e-06,0.11584880165755748,0.11584704667329787,1.7549842596109588e-06,7.362855179091591e-06,51.64088099991204,1.425780319104961e-07,5.678724919719475e-07,9.695400357599128e-08,3.398439812856694e-08,0.6054084455139304,0.0036900637337038134,0.00041056424379348755,0.0007902468089014299,0.021537007313756126,0.00041705344480456885,0.5976501107215881,1097.78076171875,0.5434166193008423,133,False,none,True,0.0627424418926239,0.06884032487869263,2.8564395904541016,133.0,0.001731770928017795,21.708311080932617,0.0,0.0,0.44650518894195557,0.44650518894195557,21.708311080932617,0,10,0.0,1,0.0,0.0,0.0,0
44,tum_fr2_xyz,10,cross_scene_test,2100,2100,geometry_stratified,edge,1,12.715268412853858,12.715258436204353,-9.976649504750412e-06,0.5773901498447197,0.5773885170318159,-1.632812903773484e-06,0.26129502058029175,0.26129546761512756,-4.470348358154297e-07,0.11584880165755748,0.11584902182221413,-2.2016465664465024e-07,-1.062486748528925e-06,66.37467599648517,-1.6007411449890745e-08,-1.503080708865339e-07,-6.735020986604924e-09,-3.316997835986558e-09,0.00839397677621001,-9.892086597679262e-05,0.00032361969351768494,0.00013139806687831324,0.002110411102769068,3.1795426057986685e-05,0.43811362981796265,858.1879272460938,0.5095100998878479,52,False,none,True,0.08863765746355057,0.05291242524981499,0.6730780005455017,52.0,0.0006770833279006183,4.755052089691162,0.0,0.0,0.5686265230178833,0.5686265230178833,4.755052089691162,0,10,0.0,1,0.0,0.0,0.0,0
44,tum_fr2_xyz,10,cross_scene_test,3431,3431,geometry_stratified,edge,1,12.715268412853858,12.715276575584136,8.162730278371555e-06,0.5773901498447197,0.5773916864960909,1.5366513711478902e-06,0.26129502058029175,0.26128971576690674,5.304813385009766e-06,0.11584880165755748,0.11584713980555533,1.661852002149411e-06,6.53997616839382e-06,66.98245499865152,9.763715242335448e-08,1.218637071235428e-07,7.919705817167438e-08,2.481025818153227e-08,0.1444748535630822,0.0031341690800920086,0.0007385499775409698,0.00022952567960601335,0.011562418605539398,0.00017261861491598316,0.41455724835395813,707.3030395507812,0.5851097702980042,315,False,none,True,0.011236963793635368,0.020539138466119766,1.3522282838821411,315.0,0.004101562779396772,42.55488586425781,0.0,0.0,0.5686718225479126,0.5686718225479126,42.55488586425781,0,10,0.0,1,0.0,0.0,0.0,0
44,tum_fr2_xyz,10,cross_scene_test,1150,1150,geometry_stratified,edge,1,12.715268412853858,12.715312249918728,4.3837064870544395e-05,0.5773901498447197,0.5773880937594179,-2.0560853017936864e-06,0.26129502058029175,0.26127326488494873,2.1755695343017578e-05,0.11584880165755748,0.11584189683198928,6.904825568199158e-06,2.7391627006805206e-05,33.84851100418018,8.092417123879519e-07,1.2950958127856986e-06,6.427371455226145e-07,2.0399200329215172e-07,0.08751647162862852,0.005415134127581489,0.03934295475482941,0.01195885576307773,0.06095072685892822,0.0018006915238132928,0.6524997353553772,1279.74267578125,0.5088678598403931,38,False,none,True,0.08788357675075531,0.14211662113666534,1.0198020935058594,38.0,0.0004947916604578495,4.433918476104736,0.0,0.0,0.3158595561981201,0.3158595561981201,4.433918476104736,0,10,0.0,1,0.0,0.0,0.0,0
44,tum_fr2_xyz,10,cross_scene_test,700,700,geometry_stratified,texture,1,12.715268412853858,12.715557443316275,0.000289030462417017,0.5773901498447197,0.5774238038366529,3.36539919332246e-05,0.26129502058029175,0.2613023519515991,-7.331371307373047e-06,0.11584880165755748,0.11584850810468197,2.935528755076966e-07,7.494334225042942e-06,43.04980400047498,1.7408521128133954e-07,6.71386244671005e-06,-1.7029976041916843e-07,6.818913170997428e-09,0.14661775398063703,0.028415424412675222,0.010907962918281555,0.006468619406223314,0.028988105996170636,0.0006733620900074435,0.7284203171730042,1417.0191650390625,0.5130510926246643,46,False,none,True,0.35518506169319153,0.19151681661605835,3.567530393600464,46.0,0.0005989583441987634,6.525549411773682,0.0,0.0,0.39509665966033936,0.39509665966033936,6.525549411773682,0,10,0.0,1,0.0,0.0,0.0,0
44,tum_fr2_xyz,10,cross_scene_test,1904,1904,geometry_stratified,texture,1,12.715268412853858,12.715318598771702,5.01859178445585e-05,0.5773901498447197,0.5773946635151039,4.513670384231894e-06,0.26129502058029175,0.26129451394081116,5.066394805908203e-07,0.11584880165755748,0.11584821678698062,5.848705768585205e-07,3.344518096010519e-06,66.9090680021327,4.998602126551686e-08,7.500615289239845e-07,7.572060046848528e-09,8.741275201141316e-09,0.03592313666963065,0.0028783134117044695,0.0010012201964855194,0.0005887962877750424,0.012974526277736723,0.00019391282325623136,0.7697799801826477,1512.474609375,0.507953941822052,40,False,none,True,0.20630277693271637,0.02702515944838524,0.9279394745826721,40.0,0.0005208333604969084,3.976975440979004,0.0,0.0,0.3423435091972351,0.3423435091972351,3.976975440979004,0,10,0.0,1,0.0,0.0,0.0,0
44,tum_fr2_xyz,10,cross_scene_test,417,417,geometry_stratified,texture,1,12.715268412853858,12.715400832372687,0.00013241951882925207,0.5773901498447197,0.5773943617107699,4.211866050152224e-06,0.26129502058029175,0.26129406690597534,9.5367431640625e-07,0.11584880165755748,0.11584737338125704,1.4282763004386245e-06,8.384889100984164e-06,54.87186699610902,1.5280852575289153e-07,2.413249741231549e-06,1.7380023108633707e-08,2.6029300233941448e-08,0.019466751814372074,0.0009443022834711469,0.0006629526615142822,0.0004200607538223308,0.008433032378498791,0.00015368590208707095,0.5527200698852539,1024.696044921875,0.5383989810943604,122,False,none,True,0.14789634943008423,0.027309009805321693,3.363851308822632,122.0,0.0015885416651144624,19.19947624206543,0.0,0.0,0.5180646777153015,0.5180646777153015,19.19947624206543,0,10,0.0,1,0.0,0.0,0.0,0
44,tum_fr2_xyz,10,cross_scene_test,1381,1381,geometry_stratified,texture,1,12.715268412853858,12.71546220625872,0.00019379340486302965,0.5773901498447197,0.5774032907530899,1.314090837023496e-05,0.26129502058029175,0.26129695773124695,-1.9371509552001953e-06,0.11584880165755748,0.11584771126508711,1.0903924703709045e-06,8.444603651348813e-06,66.22174899530364,1.2752009391880744e-07,2.926431388527253e-06,-2.9252488564407675e-08,1.6465775774787126e-08,0.04805532022521497,0.0,-0.00022679567337036133,0.0013130217790603693,0.0023509555014287527,3.550125958762399e-05,0.6976194381713867,1356.1632080078125,0.5134066939353943,62,False,none,True,0.35069289803504944,0.03229880705475807,2.567326068878174,62.0,0.0008072917116805911,6.7033467292785645,0.0,0.0,0.4604310989379883,0.4604310989379883,6.7033467292785645,0,10,0.0,1,0.0,0.0,0.0,0
44,tum_fr2_xyz,10,cross_scene_test,1870,1870,geometry_stratified,texture,1,12.715268412853858,12.715255715303922,-1.2697549935936081e-05,0.5773901498447197,0.5773889613414673,-1.1885032523695216e-06,0.26129502058029175,0.2612943947315216,6.258487701416016e-07,0.11584880165755748,0.11584872342646121,7.82310962677002e-08,1.9529623113752474e-08,56.22184700041544,3.4736715628727326e-10,-2.2584725713195185e-07,1.1131771785031841e-08,1.3914714731289801e-09,-0.0762462998671829,0.00023854039531800986,0.0006797052919864655,8.586542680859635e-05,0.0011002089857395734,1.956906513105917e-05,0.6124518513679504,1210.8909912109375,0.5047860741615295,30,False,none,True,0.08302739262580872,0.054296866059303284,0.3286210894584656,30.0,0.0003906250058207661,2.3930301666259766,0.0,0.0,0.384540855884552,0.384540855884552,2.3930301666259766,0,10,0.0,1,0.0,0.0,0.0,0
44,tum_fr2_xyz,10,cross_scene_test,1454,1454,geometry_stratified,texture,1,12.715268412853858,12.715290784817885,2.23719640271014e-05,0.5773901498447197,0.5773866915401651,-3.458304554615488e-06,0.26129502058029175,0.26129794120788574,-2.9206275939941406e-06,0.11584880165755748,0.11584948487579821,-6.832182407323639e-07,-2.1216331915822936e-06,63.97291699977359,-3.3164552924635316e-08,3.497099253295043e-07,-4.565412569829319e-08,-1.0679804404335383e-08,0.05340045570617846,0.0,-0.00048295967280864716,0.0007581440731883049,-0.0017268982526258106,-2.6994208387151118e-05,0.6069579124450684,1179.9827880859375,0.5133785605430603,62,False,none,True,0.23036549985408783,0.026547687128186226,1.7185664176940918,62.0,0.0008072917116805911,6.68928861618042,0.0,0.0,0.48030996322631836,0.48030996322631836,6.68928861618042,0,10,0.0,1,0.0,0.0,0.0,0
44,tum_fr2_xyz,10,cross_scene_test,22,22,geometry_stratified,depth_discontinuity,1,12.715268412853858,12.715559862062392,0.0002914492085341891,0.5773901498447197,0.5774061294288375,1.5979584117808976e-05,0.26129502058029175,0.2612961530685425,-1.1324882507324219e-06,0.11584880165755748,0.1158466275781393,2.174079418187924e-06,1.4744598990779394e-05,38.95392499543959,3.7851382094373214e-07,7.481895818413923e-06,-2.9072506836345873e-08,5.5811562466232805e-08,0.13051828615317795,0.02455536178346436,0.0,0.0021722480654716575,0.009326864231198726,0.00023943323380867625,0.702113926410675,1343.9603271484375,0.5214216113090515,83,False,none,True,0.30263951420783997,0.0,3.241516590118408,118.0,0.0015364583814516664,10.710817337036133,0.0,0.0,0.3542754054069519,0.3542754054069519,10.710817337036133,0,10,0.0,1,0.0,0.0,0.0,0
44,tum_fr2_xyz,10,cross_scene_test,406,406,geometry_stratified,depth_discontinuity,1,12.715268412853858,12.71532071505809,5.230220423158016e-05,0.5773901498447197,0.5773927020653125,2.5522205927552832e-06,0.26129502058029175,0.26129502058029175,0.0,0.11584880165755748,0.11584835052490233,4.511326551492889e-07,2.8793370122722323e-06,40.53292799653718,7.103698534974381e-08,1.2903633370885137e-06,0.0,1.1130028780250717e-08,0.04984578507961501,0.024308860884027783,0.0,0.0006462045013904613,0.003195001882103299,7.882484784657687e-05,0.8407179117202759,1641.61376953125,0.5111289024353027,42,False,none,True,0.2552731931209564,0.0,1.4204567670822144,74.0,0.000963541679084301,5.564457416534424,0.0,0.0,0.30469346046447754,0.30469346046447754,5.564457416534424,0,10,0.0,1,0.0,0.0,0.0,0
44,tum_fr2_xyz,10,cross_scene_test,283,283,geometry_stratified,depth_discontinuity,1,12.715268412853858,12.715304691772527,3.627891866919697e-05,0.5773901498447197,0.5773910812333461,9.313886264461502e-07,0.26129502058029175,0.26129502058029175,0.0,0.11584880165755748,0.11584848873317241,3.129243850708008e-07,1.997224301043133e-06,31.831626998609863,6.27433935792963e-08,1.13971298642012e-06,0.0,9.83061233673248e-09,0.05877817348390657,0.0,0.0,0.0005363602191209849,0.0033070875283072094,0.0001038931352284203,0.9648545384407043,1891.8079833984375,0.5090171098709106,39,False,none,True,0.17526762187480927,0.0,0.7902022004127502,95.0,0.0012369791511446238,4.508546352386475,0.0,0.0,0.17885172367095947,0.17885172367095947,4.508546352386475,0,10,0.0,1,0.0,0.0,0.0,0
44,tum_fr2_xyz,10,cross_scene_test,3491,3491,geometry_stratified,depth_discontinuity,1,12.715268412853858,12.715317691792139,4.927893828110541e-05,0.5773901498447197,0.5773723615906776,-1.778825404208373e-05,0.26129502058029175,0.26129618287086487,-1.1622905731201172e-06,0.11584880165755748,0.11584872528910636,7.636845111846924e-08,1.3784426270406184e-06,49.81232999853091,2.7672719326344942e-08,9.892919741469385e-07,-2.3333391012915797e-08,1.5331234479640188e-09,0.022650592682627035,-0.011725268988176288,0.0,9.622424840927124e-05,0.0010047939576753372,2.017159120452649e-05,0.4421270191669464,838.6934814453125,0.5261616110801697,189,False,none,True,0.11697100102901459,0.0,1.530074119567871,205.0,0.0026692708488553762,13.080799102783203,0.0,0.0,0.5406467914581299,0.5406467914581299,13.080799102783203,0,10,0.0,1,0.0,0.0,0.0,0
44,tum_fr2_xyz,10,cross_scene_test,3658,3658,geometry_stratified,depth_discontinuity,1,12.715268412853858,12.715337947714202,6.953486034433354e-05,0.5773901498447197,0.5773932303161056,3.080471385863426e-06,0.26129502058029175,0.26129502058029175,0.0,0.11584880165755748,0.11584820188581943,5.997717380523682e-07,3.828027900050348e-06,32.13699099433143,1.1911594027970962e-07,2.1637016470085405e-06,0.0,1.866297122086385e-08,0.2700111519815316,0.03997382699980927,0.0,0.0023004166781902327,0.014959560194663962,0.0004654934930685529,0.7349761128425598,1455.8114013671875,0.5038566589355469,16,True,min_influence_pixels,True,0.20254001021385193,0.0,0.3905649483203888,22.0,0.0002864583511836827,1.9283348321914673,0.0,0.0,0.3595818877220154,0.3595818877220154,1.9283348321914673,0,10,0.0,1,0.0,0.0,0.0,0
44,tum_fr2_xyz,10,cross_scene_test,1227,1227,geometry_stratified,depth_discontinuity,1,12.715268412853858,12.715250878151805,-1.7534702053012552e-05,0.5773901498447197,0.577394438375685,4.2885309653462045e-06,0.26129502058029175,0.261296808719635,-1.7881393432617188e-06,0.11584880165755748,0.11584948934614658,-6.876885891016205e-07,-3.018331060600577e-06,72.81702000182122,-4.145090063456436e-08,-2.4080499384036854e-07,-2.4556612495498933e-08,-9.444063888970199e-09,-0.036504730402180385,-0.0026478445727164956,0.0,-0.0002568196505308151,-0.0018763521889038608,-2.576804418605611e-05,0.6603782773017883,1317.4249267578125,0.5002644658088684,6,True,min_influence_pixels,True,0.2054879069328308,0.0,0.027173267677426338,6.0,7.812499825377017e-05,0.13223779201507568,0.0,0.0,0.5075337886810303,0.5075337886810303,0.13223779201507568,0,10,0.0,1,0.0,0.0,0.0,0
44,tum_fr2_xyz,10,cross_scene_test,3163,3163,geometry_stratified,flat,1,12.715268412853858,12.715269622146263,1.2092924048801024e-06,0.5773901498447197,0.5773911045783988,9.547336791149164e-07,0.26129502058029175,0.26129549741744995,-4.76837158203125e-07,0.11584880165755748,0.11584893427789211,-1.3262033463079526e-07,-4.808959821624845e-07,65.5863430001773,-7.332257908650045e-09,1.843817400944025e-08,-7.270372708565806e-09,-2.0220724096545032e-09,0.18670350824897497,0.0008416800658425094,0.00012303516268730164,4.121623351238668e-05,0.004251236712256882,6.481893207928045e-05,0.3651319444179535,714.9055786132812,0.509741485118866,61,False,none,True,0.00916159339249134,0.04380340129137039,0.2579787075519562,61.0,0.0007942708325572312,4.870739936828613,0.0,0.0,0.6023731231689453,0.6023731231689453,4.870739936828613,0,10,0.0,1,0.0,0.0,0.0,0
44,tum_fr2_xyz,10,cross_scene_test,3372,3372,geometry_stratified,flat,1,12.715268412853858,12.715267505884773,-9.069690847240963e-07,0.5773901498447197,0.5773918928221577,1.7429774380461893e-06,0.26129502058029175,0.2612932324409485,1.7881393432617188e-06,0.11584880165755748,0.11584827303886414,5.286186933461945e-07,2.0030815686302946e-06,79.78005199402105,2.510754904973503e-08,-1.1368369185721604e-08,2.2413363974690405e-08,6.62595072494827e-09,0.36844621218356366,0.00043897890000510476,0.0004122629761695862,0.00013088857085676725,0.009585424739195478,0.00012014813853360032,0.3688284456729889,717.8885498046875,0.5127683877944946,73,False,none,True,0.009177290834486485,0.04156196489930153,0.3239290118217468,73.0,0.000950520858168602,6.384189128875732,0.0,0.0,0.5993459224700928,0.5993459224700928,6.384189128875732,0,10,0.0,1,0.0,0.0,0.0,0
44,tum_fr2_xyz,10,cross_scene_test,2060,2060,geometry_stratified,flat,1,12.715268412853858,12.715254506015386,-1.3906838471910987e-05,0.5773901498447197,0.577390177473865,2.7629145304963743e-08,0.26129502058029175,0.2612949311733246,8.940696716308594e-08,0.11584880165755748,0.11584889478981494,-9.313225746154785e-08,-6.629476271182908e-07,66.54978599544847,-9.961679323260809e-09,-2.0896894353442573e-07,1.3434598748251532e-09,-1.3994373696095345e-09,0.0018921008864509758,0.0007738745242272804,0.0005382969975471497,0.00016193094197660546,0.004220328264235799,6.341610571857344e-05,0.4502921998500824,875.2647705078125,0.5134639739990234,61,False,none,True,0.027196316048502922,0.03862009197473526,0.44307443499565125,61.0,0.0007942708325572312,6.731975078582764,0.0,0.0,0.5485125780105591,0.5485125780105591,6.731975078582764,0,10,0.0,1,0.0,0.0,0.0,0
44,tum_fr2_xyz,10,cross_scene_test,2566,2566,geometry_stratified,flat,1,12.715268412853858,12.715241203863737,-2.7208990120541898e-05,0.5773901498447197,0.5773878336190327,-2.3162256870268294e-06,0.26129502058029175,0.2612950801849365,-5.960464477539063e-08,0.11584880165755748,0.11584905423223972,-2.5257468223849333e-07,-1.566341009062395e-06,67.23091500316514,-2.3297927880182112e-08,-4.047095018602816e-07,-8.865660205960981e-10,-3.75682351231725e-09,0.009759023914057252,0.00013494348388976007,0.0002782680094242096,8.357829865417513e-05,0.0021299569698727356,3.1681213468126385e-05,0.3940480649471283,768.9295654296875,0.5114631056785583,59,False,none,True,0.0061875442042946815,0.042427126318216324,0.27863752841949463,59.0,0.0007682291907258332,5.731552600860596,0.0,0.0,0.5789273977279663,0.5789273977279663,5.731552600860596,0,10,0.0,1,0.0,0.0,0.0,0
44,tum_fr2_xyz,10,cross_scene_test,2882,2882,geometry_stratified,flat,1,12.715268412853858,12.715278389526281,9.976672423306354e-06,0.5773901498447197,0.577392761714921,2.6118702013411266e-06,0.26129502058029175,0.26129427552223206,7.450580596923828e-07,0.11584880165755748,0.11584849208593367,3.095716238077362e-07,1.4046566706469557e-06,65.21695599803934,2.1538212710957943e-08,1.5297666489687573e-07,1.1424299835686628e-08,4.746796581812911e-09,0.1710601326278649,-0.0015655805337053685,0.00032892078161239624,0.00013352069072425365,0.0064105796433487384,9.829621062874299e-05,0.40882042050361633,799.5194702148438,0.5103326439857483,59,False,none,True,0.03202587366104126,0.04356200620532036,0.3905108869075775,59.0,0.0007682291907258332,5.166316032409668,0.0,0.0,0.5753763318061829,0.5753763318061829,5.166316032409668,0,10,0.0,1,0.0,0.0,0.0,0
44,tum_fr2_xyz,10,cross_scene_test,2630,2630,geometry_stratified,flat,1,12.715268412853858,12.71526871517693,3.0232307146604853e-07,0.5773901498447197,0.5773906158896116,4.6604489190027465e-07,0.26129502058029175,0.2612954378128052,-4.172325134277344e-07,0.11584880165755748,0.1158489242196083,-1.2256205081384586e-07,-4.623926575860482e-07,66.64271099725738,-6.938383067955887e-09,4.536476186847956e-09,-6.260737403748554e-09,-1.839091612267841e-09,-0.020777736832258142,2.350005524187626e-05,0.00012467801570892334,3.660158690763603e-05,0.00045236344275140217,6.787890768279501e-06,0.38813072443008423,759.7855224609375,0.5098424553871155,56,False,none,True,0.012888398952782154,0.043809764087200165,0.2790251076221466,56.0,0.0007291666697710752,4.921236991882324,0.0,0.0,0.5882211923599243,0.5882211923599243,4.921236991882324,0,10,0.0,1,0.0,0.0,0.0,0
44,tum_fr2_xyz,10,cross_scene_test,2066,2066,geometry_stratified,general_visible,1,12.715268412853858,12.715153833925772,-0.00011457892808586223,0.5773901498447197,0.5773682305379756,-2.1919306744111466e-05,0.26129502058029175,0.2612949311733246,8.940696716308594e-08,0.11584880165755748,0.11584976315498352,-9.614974260385711e-07,-6.205139930233757e-06,73.41267199808499,-8.452409865146472e-08,-1.5607513657703549e-06,1.217868315233345e-09,-1.3097158840147548e-08,-0.36462936771305365,-0.015443656909479547,0.00046181678771972656,-0.00020987312309443673,-0.007298652843352946,-9.941952315185225e-05,0.5266225337982178,1018.6986694335938,0.5159561038017273,72,False,none,True,0.06626004725694656,0.034003570675849915,0.7999081611633301,72.0,0.000937500037252903,7.978050231933594,0.0,0.0,0.49527865648269653,0.49527865648269653,7.978050231933594,0,10,0.0,1,0.0,0.0,0.0,0
44,tum_fr2_xyz,20,cross_scene_test,340,340,geometry_stratified,edge,1,11.7164457515598,11.71630114823822,-0.00014460332157995026,0.42492210608992825,0.42496220649339955,4.0100403471299284e-05,0.34437036514282227,0.34433600306510925,3.4362077713012695e-05,0.1504580445587635,0.15044930577278137,8.738785982120856e-06,2.129536210296103e-05,43.446907999168616,4.901467810636497e-07,-3.3282764698173076e-06,7.908981167007381e-07,2.011371207886204e-07,-0.14605179638649624,0.015005799239143025,0.04186314344406128,0.011028685420751555,0.00925420094119105,0.00021300021951776486,0.9140195846557617,1724.07763671875,0.5291498899459839,103,False,none,True,0.2261887639760971,0.267874151468277,7.200937271118164,225.0,0.0029296875,14.57494068145752,0.0,0.0,0.17799580097198486,0.17799580097198486,14.57494068145752,0,20,0.0,1,0.0,0.0,0.0,0
44,tum_fr2_xyz,20,cross_scene_test,4255,4255,geometry_stratified,edge,1,11.7164457515598,11.716534629744517,8.887818471770004e-05,0.42492210608992825,0.4249231345945474,1.0285046191382818e-06,0.34437036514282227,0.3443523645401001,1.800060272216797e-05,0.1504580445587635,0.15045167952775956,6.365031003929822e-06,2.0991351212214296e-05,28.63229399372358,7.331355013613566e-07,3.1041237819499485e-06,6.286818208179142e-07,2.2230251635880402e-07,0.16310613655721795,0.01376264214554146,0.025448083877563477,0.009113707393408,0.01120330346641753,0.0003912820771145121,0.9341647028923035,1823.1146240234375,0.5114004015922546,45,False,none,True,0.212777242064476,2.8636085987091064,17.53597640991211,52.0,0.0006770833279006183,5.700187683105469,0.0,0.0,0.28503161668777466,0.28503161668777466,5.700187683105469,0,20,0.0,1,0.0,0.0,0.0,0
44,tum_fr2_xyz,20,cross_scene_test,3486,3486,geometry_stratified,edge,1,11.7164457515598,11.716730168153621,0.0002844165938213905,0.42492210608992825,0.42497384220199297,5.173611206471529e-05,0.34437036514282227,0.3443690240383148,1.341104507446289e-06,0.1504580445587635,0.1504545547068119,3.489851951588019e-06,1.8160802456210075e-05,83.88435399683658,2.1649809041737328e-07,3.3905797716713217e-06,1.5987540507218598e-08,4.160313318642982e-08,0.21174300917524747,0.015932462246434853,0.0013565048575401306,0.0015035871416330324,0.015998100383759255,0.00019071614218263598,0.6542995572090149,1280.8919677734375,0.5098155736923218,49,False,none,True,0.17922820150852203,0.003818830708041787,0.8983548283576965,49.0,0.0006380208651535213,4.907781600952148,0.0,0.0,0.3670921325683594,0.3670921325683594,4.907781600952148,0,20,0.0,1,0.0,0.0,0.0,0
44,tum_fr2_xyz,20,cross_scene_test,457,457,geometry_stratified,edge,1,11.7164457515598,11.716460644534166,1.4892974366631506e-05,0.42492210608992825,0.42492273770870564,6.31618777391374e-07,0.34437036514282227,0.3443601131439209,1.0251998901367188e-05,0.1504580445587635,0.15045480728149413,3.2372772693634033e-06,9.820863090884418e-06,42.386654000438284,2.316970594277828e-07,3.5135999096502194e-07,2.4186855846798337e-07,7.637491908018806e-08,0.0244911677580113,0.030229262361770537,0.00795435905456543,0.0025369364768266234,0.002195488617637153,5.1796695667802684e-05,1.0,1946.274169921875,0.5128021836280823,50,False,none,True,0.19412672519683838,2.2882091999053955,15.889625549316406,52.0,0.0006770833279006183,6.401077747344971,0.0,0.0,0.06338727474212646,0.06338727474212646,6.401077747344971,0,20,0.0,1,0.0,0.0,0.0,0
44,tum_fr2_xyz,20,cross_scene_test,2325,2325,geometry_stratified,edge,1,11.7164457515598,11.716487548101192,4.179654139235822e-05,0.42492210608992825,0.42492695153398724,4.845444058987347e-06,0.34437036514282227,0.34437039494514465,-2.9802322387695312e-08,0.1504580445587635,0.15045759975910186,4.447996616308014e-07,2.4711753042187136e-06,51.44614000164438,4.8034221889916855e-08,8.124329909109269e-07,-5.792917094799092e-10,8.645928763879743e-09,-0.08425897397660975,-0.0006293472433345215,0.00028520822525024414,4.250358324497938e-05,-0.0017660939362561827,-3.432898826228232e-05,0.43479472398757935,827.6734619140625,0.5243215560913086,104,False,none,True,0.043373242020606995,0.05872849375009537,1.2416367530822754,104.0,0.0013541666558012366,12.16077995300293,0.0,0.0,0.5525693893432617,0.5525693893432617,12.16077995300293,0,20,0.0,1,0.0,0.0,0.0,0
44,tum_fr2_xyz,20,cross_scene_test,668,668,geometry_stratified,edge,1,11.7164457515598,11.71632084475293,-0.00012490680686916278,0.42492210608992825,0.42490682160167564,-1.5284488252609307e-05,0.34437036514282227,0.3443574011325836,1.2964010238647461e-05,0.1504580445587635,0.15045551136136054,2.5331974029541016e-06,3.8310963512975996e-06,46.32368499733275,8.270275457399792e-08,-2.696391853894066e-06,2.798570588543185e-07,5.468471264969442e-08,-0.09150422510348122,-0.01837576940455754,0.00732499361038208,0.001284181326627748,-0.0017041611488881002,-3.678811711516956e-05,0.8519772291183472,1596.775146484375,0.5325611233711243,92,False,none,True,0.23103581368923187,0.4876367747783661,11.700401306152344,92.0,0.0011979166883975267,16.28057289123535,0.0,0.0,0.259482741355896,0.259482741355896,16.28057289123535,0,20,0.0,1,0.0,0.0,0.0,0
44,tum_fr2_xyz,20,cross_scene_test,1920,1920,geometry_stratified,texture,1,11.7164457515598,11.716492832750012,4.708119021223922e-05,0.42492210608992825,0.4249045301917677,-1.757589816053784e-05,0.34437036514282227,0.34436652064323425,3.844499588012695e-06,0.1504580445587635,0.15045638009905815,1.664459705341681e-06,6.162024945312989e-06,67.6233870035503,9.112269021647015e-08,6.962264432239605e-07,5.685162720126477e-08,2.4613669605964795e-08,0.0920206140195372,0.0,0.0009660869836807251,0.0008326455950737055,0.0060289817253961035,8.915527589707352e-05,0.7311209440231323,1388.1573486328125,0.5256844758987427,96,False,none,True,0.1776711493730545,0.18894128501415253,4.70812463760376,96.0,0.0012499999720603228,12.842239379882812,0.0,0.0,0.39247745275497437,0.39247745275497437,12.842239379882812,0,20,0.0,1,0.0,0.0,0.0,0
44,tum_fr2_xyz,20,cross_scene_test,210,210,geometry_stratified,texture,1,11.7164457515598,11.716443349471941,-2.402087858399682e-06,0.42492210608992825,0.4249207139651301,-1.3921247981607543e-06,0.34437036514282227,0.3443688154220581,1.5497207641601562e-06,0.1504580445587635,0.15045760571956635,4.3883919714771125e-07,1.2065342142252998e-06,52.54045100446092,2.2963910494846337e-08,-4.571882830232527e-08,2.9495764397389318e-08,8.352406360395571e-09,-0.0017330919958666868,-0.0014444261112198237,0.0004997625946998596,0.00014691753312945366,0.004040120946470131,7.689543712000315e-05,0.4035312533378601,802.3265380859375,0.5019513368606567,13,True,min_influence_pixels,True,0.045019153505563736,0.03663763776421547,0.07966955751180649,13.0,0.00016927083197515458,0.9756636023521423,0.0,0.0,0.5943422913551331,0.5943422913551331,0.9756636023521423,0,20,0.0,1,0.0,0.0,0.0,0
44,tum_fr2_xyz,20,cross_scene_test,1723,1723,geometry_stratified,texture,1,11.7164457515598,11.7165139714096,6.821984980120988e-05,0.42492210608992825,0.42494105749401734,1.89514040890848e-05,0.34437036514282227,0.3443681299686432,2.2351741790771484e-06,0.1504580445587635,0.15045663341879845,1.4111399650462708e-06,6.022983835758854e-06,66.17963200551458,9.100963020249152e-08,1.0308284850469595e-06,3.3774351886557746e-08,2.1322874157545698e-08,0.18526428109414894,0.0009708876955998869,0.0007711276412010193,0.0006360759958624895,0.008933954024950872,0.00013499552285522575,0.626783549785614,1169.1488037109375,0.5351024270057678,112,False,none,True,0.10078979283571243,0.1182413175702095,3.844261884689331,112.0,0.0014583333395421505,17.55121421813965,0.0,0.0,0.39897847175598145,0.39897847175598145,17.55121421813965,0,20,0.0,1,0.0,0.0,0.0,0
44,tum_fr2_xyz,20,cross_scene_test,2063,2063,geometry_stratified,texture,1,11.7164457515598,11.716476498401708,3.07468419080692e-05,0.42492210608992825,0.4249299153172957,7.809227367427951e-06,0.34437036514282227,0.3443700671195984,2.980232238769531e-07,0.1504580445587635,0.1504576213657856,4.23192977883069e-07,2.0965970105872144e-06,66.26409700402291,3.164001481013058e-08,4.6400454089342757e-07,4.4975067548096226e-09,6.3864595914945734e-09,-0.0028315656975248515,0.0,0.000583648681640625,0.00011642128229139015,0.0007807620642620333,1.1782580606427535e-05,0.6141332387924194,1193.580078125,0.5135303735733032,62,False,none,True,0.3272636830806732,0.17448467016220093,3.394423484802246,62.0,0.0008072917116805911,6.765191555023193,0.0,0.0,0.48382556438446045,0.48382556438446045,6.765191555023193,0,20,0.0,1,0.0,0.0,0.0,0
44,tum_fr2_xyz,20,cross_scene_test,2086,2086,geometry_stratified,texture,1,11.7164457515598,11.716706145761686,0.00026039420188617157,0.42492210608992825,0.42494479750580977,2.269141588151502e-05,0.34437036514282227,0.3443687856197357,1.5795230865478516e-06,0.1504580445587635,0.15045474395155906,3.300607204437256e-06,1.693328226636792e-05,66.37057699845172,2.551323648544284e-07,3.923337925663144e-06,2.379854384247252e-08,4.97299760481855e-08,0.5018428840453364,0.006525314957608497,0.000440254807472229,0.0024978265166282765,0.024145678330133907,0.000363800940448313,0.5817648768424988,1135.2706298828125,0.511445939540863,57,False,none,True,0.14954648911952972,0.15168306231498718,1.723924160003662,57.0,0.0007421874906867743,5.722958564758301,0.0,0.0,0.4530342221260071,0.4530342221260071,5.722958564758301,0,20,0.0,1,0.0,0.0,0.0,0
44,tum_fr2_xyz,20,cross_scene_test,1855,1855,geometry_stratified,texture,1,11.7164457515598,11.716762838819898,0.000317087260098603,0.42492210608992825,0.4249433068392613,2.120074933303906e-05,0.34437036514282227,0.34436705708503723,3.3080577850341797e-06,0.1504580445587635,0.1504536099731922,4.434585571283511e-06,2.1826235437886578e-05,51.854536002792884,4.209127517158965e-07,6.114937757451435e-06,6.379495488795826e-08,8.551972330915592e-08,0.08468246524079781,0.0,0.0007754862308502197,0.0020018473267555403,0.007797228409887064,0.00015036733545291208,0.8914356231689453,1693.3668212890625,0.5254278779029846,93,False,none,True,0.35179975628852844,0.21424776315689087,7.196691513061523,93.0,0.0012109375093132257,12.713934898376465,0.0,0.0,0.2780459523200989,0.2780459523200989,12.713934898376465,0,20,0.0,1,0.0,0.0,0.0,0
44,tum_fr2_xyz,20,cross_scene_test,3479,3479,geometry_stratified,depth_discontinuity,1,11.7164457515598,11.716393866757675,-5.18848021240359e-05,0.42492210608992825,0.4249319191643858,9.813074457520887e-06,0.34437036514282227,0.34436625242233276,4.112720489501953e-06,0.1504580445587635,0.15045737400650977,6.705522537231445e-07,4.829557271643721e-07,55.566533003002405,8.691485703062971e-09,-9.33741936378007e-07,7.401434401674353e-08,1.2067556089686446e-08,0.09119570669937005,-0.019175841186209186,0.00042116641998291016,0.00016178241930901727,0.003842583543526772,6.9152839593558e-05,0.4858102798461914,779.9523315429688,0.6218717098236084,417,False,none,True,0.031305693089962006,0.06725586950778961,6.005932331085205,417.0,0.0054296874441206455,60.935848236083984,0.0,0.0,0.47651129961013794,0.47651129961013794,60.935848236083984,0,20,0.0,1,0.0,0.0,0.0,0
44,tum_fr2_xyz,20,cross_scene_test,4096,4096,geometry_stratified,depth_discontinuity,1,11.7164457515598,11.71645391866845,8.167108649814736e-06,0.42492210608992825,0.4249223166429564,2.105530281237833e-07,0.34437036514282227,0.34437036514282227,0.0,0.1504580445587635,0.1504579558968544,8.866190909229132e-08,4.879445674989977e-07,32.7337679991615,1.4906458905418305e-08,2.4950102444741293e-07,0.0,2.7085763268855105e-09,0.14360846914200032,0.0,0.0,0.000631069391965864,0.006455324405721024,0.00019720688452018055,0.637506902217865,1271.7764892578125,0.5002726912498474,2,True,min_influence_pixels,True,0.13285459578037262,0.0,0.018114106729626656,2.0,2.604166729724966e-05,0.13634535670280457,0.0,0.0,0.33122825622558594,0.33122825622558594,0.13634535670280457,0,20,0.0,1,0.0,0.0,0.0,0
44,tum_fr2_xyz,20,cross_scene_test,3885,3885,geometry_stratified,depth_discontinuity,1,11.7164457515598,11.71646448789068,1.873633087967619e-05,0.42492210608992825,0.42492319533056855,1.0892406402951416e-06,0.34437036514282227,0.34437036514282227,0.0,0.1504580445587635,0.15045784115791322,2.0340085027381605e-07,1.1194036053149725e-06,26.915195005130954,4.1590023966074774e-08,6.961246565779815e-07,0.0,7.557101118347495e-09,0.0507891589242675,0.03019805897346274,0.0,0.0008024424314498901,0.003533566646247277,0.0001312851958001292,0.8932156562805176,1769.3558349609375,0.503825306892395,14,True,min_influence_pixels,True,0.2754972577095032,0.0,0.526934027671814,54.0,0.0007031250279396772,1.9126651287078857,0.0,0.0,0.1911028027534485,0.1911028027534485,1.9126651287078857,0,20,0.0,1,0.0,0.0,0.0,0
44,tum_fr2_xyz,20,cross_scene_test,4406,4406,geometry_stratified,depth_discontinuity,1,11.7164457515598,11.716469292091105,2.3540531305599188e-05,0.42492210608992825,0.42492306139825736,9.553083291091724e-07,0.34437036514282227,0.34437036514282227,0.0,0.1504580445587635,0.15045778900384904,2.5555491445228284e-07,1.4064309487137498e-06,35.59979000419844,3.950672036402134e-08,6.612547799529984e-07,0.0,7.178551177468859e-09,0.16298673162124366,0.029690534578794336,0.0,0.001351802051067351,0.00891035033016972,0.0002502922160248385,0.8139095902442932,1614.2703857421875,0.5031965374946594,14,True,min_influence_pixels,True,0.18614453077316284,0.0,0.29751062393188477,30.0,0.0003906250058207661,1.5982775688171387,0.0,0.0,0.317146897315979,0.317146897315979,1.5982775688171387,0,20,0.0,1,0.0,0.0,0.0,0
44,tum_fr2_xyz,20,cross_scene_test,3476,3476,geometry_stratified,depth_discontinuity,1,11.7164457515598,11.716459683695568,1.3932135768612852e-05,0.42492210608992825,0.424919807336551,-2.2987533772611535e-06,0.34437036514282227,0.34436431527137756,6.0498714447021484e-06,0.1504580445587635,0.15045607835054398,1.966208219517096e-06,6.102752944904447e-06,69.16121800168185,8.823952384349336e-08,2.0144433789864798e-07,8.747491180035363e-08,2.8429346334954398e-08,0.2457319284054833,0.015423209170803864,0.0007974803447723389,0.00028185837436467756,0.008448019292295357,0.0001221496604078014,0.4353387653827667,714.5963745117188,0.6082092523574829,330,False,none,True,0.02145935781300068,0.06734597682952881,4.80478048324585,330.0,0.0042968750931322575,54.104637145996094,0.0,0.0,0.5402927398681641,0.5402927398681641,54.104637145996094,0,20,0.0,1,0.0,0.0,0.0,0
44,tum_fr2_xyz,20,cross_scene_test,155,155,geometry_stratified,depth_discontinuity,1,11.7164457515598,11.716460644534166,1.4892974366631506e-05,0.42492210608992825,0.4249219408637859,-1.6522614237901578e-07,0.34437036514282227,0.3443702459335327,1.1920928955078125e-07,0.1504580445587635,0.15045784711837767,1.9744038581848145e-07,9.936317398818519e-07,65.82182800048031,1.509577855957755e-08,2.2626193800820648e-07,1.8110905329142693e-09,2.9996186951392584e-09,0.010895536448499499,-0.0015308118298557605,0.00012918561697006226,0.0001376606523990631,0.0015087067854572262,2.2921070886184095e-05,0.698721170425415,1359.48486328125,0.5129602551460266,62,False,none,True,0.23577681183815002,0.0013569943839684129,1.5366588830947876,62.0,0.0008072917116805911,6.4801344871521,0.0,0.0,0.3223547339439392,0.3223547339439392,6.4801344871521,0,20,0.0,1,0.0,0.0,0.0,0
44,tum_fr2_xyz,20,cross_scene_test,828,828,geometry_stratified,flat,1,11.7164457515598,11.716448153648983,2.402089183561884e-06,0.42492210608992825,0.42492511355048007,3.0074605518182196e-06,0.34437036514282227,0.3443681299686432,2.2351741790771484e-06,0.1504580445587635,0.15045734792947768,6.966292858123779e-07,2.090696398997581e-06,66.42604999797186,3.1474043678066284e-08,3.6161854929432434e-08,3.364906055900349e-08,1.048729054088942e-08,-0.010265190774610744,-0.0008580407798103318,0.0006725266575813293,0.00020156829705228994,0.00463093658930311,6.971567012406283e-05,0.4949337840080261,888.151123046875,0.5562629699707031,150,False,none,True,0.007029576227068901,0.04184257611632347,1.3748457431793213,150.0,0.001953125,28.1314754486084,0.0,0.0,0.5100760459899902,0.5100760459899902,28.1314754486084,0,20,0.0,1,0.0,0.0,0.0,0
44,tum_fr2_xyz,20,cross_scene_test,1647,1647,geometry_stratified,flat,1,11.7164457515598,11.716425574063095,-2.017749670457647e-05,0.42492210608992825,0.42491970616249924,-2.3999274290087413e-06,0.34437036514282227,0.34436947107315063,8.940696716308594e-07,0.1504580445587635,0.15045799538493157,4.917383192304392e-08,-4.2663281970138067e-07,66.51535499986494,-6.414050104705101e-09,-3.0335095865634996e-07,1.3441553031366588e-08,7.392854164747939e-10,0.04678717540745225,0.0004503023771996739,0.0008311048150062561,0.000254890171345324,0.004148426326756882,6.23679498781192e-05,0.41783151030540466,832.7188720703125,0.5007677674293518,6,True,min_influence_pixels,True,0.02292131818830967,0.08035861700773239,0.03964802622795105,6.0,7.812499825377017e-05,0.38388895988464355,0.0,0.0,0.5679359436035156,0.5679359436035156,0.38388895988464355,0,20,0.0,1,0.0,0.0,0.0,0
44,tum_fr2_xyz,20,cross_scene_test,1494,1494,geometry_stratified,flat,1,11.7164457515598,11.716469292091105,2.3540531305599188e-05,0.42492210608992825,0.42492506405210234,2.95796217408828e-06,0.34437036514282227,0.34437012672424316,2.384185791015625e-07,0.1504580445587635,0.1504577174782753,3.270804881938538e-07,1.6141305099138102e-06,69.38188899948727,2.326443590957488e-08,3.3928928204553713e-07,3.4363229733241247e-09,4.714205578869017e-09,0.29552519221293494,0.0,0.002320528030395508,0.0011935901828110385,0.013565975131881224,0.00019552617156303536,0.531317949295044,1060.23291015625,0.5001331567764282,1,True,min_influence_pixels,True,0.1022300273180008,0.22852590680122375,0.022025031968951225,1.0,1.302083364862483e-05,0.06658998131752014,0.0,0.0,0.49889057874679565,0.49889057874679565,0.06658998131752014,0,20,0.0,1,0.0,0.0,0.0,0
44,tum_fr2_xyz,20,cross_scene_test,2039,2039,geometry_stratified,flat,1,11.7164457515598,11.716424132816917,-2.161874288297838e-05,0.42492210608992825,0.4249187395459408,-3.366543987470827e-06,0.34437036514282227,0.34436872601509094,1.6391277313232422e-06,0.1504580445587635,0.1504577875137329,2.5704503059387207e-07,1.363209394357126e-07,67.32147099683061,2.02492514523532e-09,-3.2112701286631357e-07,2.4347770585708232e-08,3.8181731145769726e-09,-0.05528418434353455,-0.013370647353434517,0.0003113299608230591,3.697383217513006e-05,-0.001186266904841571,-1.7620929657009703e-05,0.5059026479721069,974.9583740234375,0.5178966522216797,97,False,none,True,0.06304656714200974,0.16612283885478973,2.0506858825683594,97.0,0.0012630209093913436,8.94834041595459,0.0,0.0,0.5200749635696411,0.5200749635696411,8.94834041595459,0,20,0.0,1,0.0,0.0,0.0,0
44,tum_fr2_xyz,20,cross_scene_test,4570,4570,geometry_stratified,flat,1,11.7164457515598,11.716551444740833,0.00010569318103392789,0.42492210608992825,0.4249301790306787,8.072940750447621e-06,0.34437036514282227,0.3443562388420105,1.4126300811767578e-05,0.1504580445587635,0.15045265927910806,5.3852796554343385e-06,1.862084665898224e-05,30.031129994313233,6.200514819957933e-07,3.5194540150151594e-06,4.703885872573749e-07,1.793232441288126e-07,0.26982107762497876,0.090900684521421,0.025002002716064453,0.010549902915954618,0.02739690135978784,0.000912283399425056,0.9006014466285706,1770.105224609375,0.5077841281890869,20,True,min_influence_pixels,True,0.22894692420959473,0.5778422355651855,3.1400673389434814,20.0,0.0002604166802484542,3.892054319381714,0.0,0.0,0.3854125142097473,0.3854125142097473,3.892054319381714,0,20,0.0,1,0.0,0.0,0.0,0
44,tum_fr2_xyz,20,cross_scene_test,4152,4152,geometry_stratified,flat,1,11.7164457515598,11.716451516576075,5.7650162759159684e-06,0.42492210608992825,0.4249204636262405,-1.6424636877787613e-06,0.34437036514282227,0.34436067938804626,9.685754776000977e-06,0.1504580445587635,0.1504550762474537,2.968311309803351e-06,8.782226037897499e-06,48.42295399430441,1.8136493777167086e-07,1.1905544375904988e-07,2.0002403771443253e-07,6.129967432702451e-08,0.5886569053925328,0.039345425610244456,0.004682794213294983,0.0014923445123713464,0.021419818682853357,0.00044234845080646655,0.6633134484291077,1237.514892578125,0.5350043773651123,90,False,none,True,0.02461591176688671,0.19151607155799866,3.782780885696411,90.0,0.0011718750465661287,17.502180099487305,0.0,0.0,0.35819554328918457,0.35819554328918457,17.502180099487305,0,20,0.0,1,0.0,0.0,0.0,0
44,tum_fr2_xyz,20,cross_scene_test,2945,2945,geometry_stratified,general_visible,1,11.7164457515598,11.7164457515598,0.0,0.42492210608992825,0.4249218400093565,-2.6608057174248856e-07,0.34437036514282227,0.34437087178230286,-5.066394805908203e-07,0.1504580445587635,0.15045819655060766,-1.5199184416614386e-07,-4.413615675501283e-07,64.86169800336938,-6.80465638638077e-09,0.0,-7.811073348164611e-09,-2.3433220042782153e-09,0.04454418528247572,0.0007179937012926629,0.00010833144187927246,3.537255106494247e-05,0.0011792146062399123,1.818044612675196e-05,0.3656344413757324,717.8936767578125,0.5083155632019043,50,False,none,True,0.01572079211473465,0.12458052486181259,0.5833441019058228,50.0,0.0006510416860692203,4.157794952392578,0.0,0.0,0.6283032298088074,0.6283032298088074,4.157794952392578,0,20,0.0,1,0.0,0.0,0.0,0
45,tum_fr1_desk,15,train,228,228,geometry_stratified,edge,1,6.383516783245302,6.383492299709841,-2.4483535460362305e-05,0.2125037801928712,0.21248443241669238,-1.9347776178818554e-05,0.3583666682243347,0.358366459608078,2.086162567138672e-07,0.26848052591085436,0.26848137080669404,-8.448958396800599e-07,-2.5101621795529997e-06,71.67056800244609,-3.502361219555744e-08,-3.416121309311612e-07,2.9107660582060294e-09,-1.1788602535579513e-08,-0.12558103585261904,0.0037324847083486934,0.00029778480529785156,-7.47373327613099e-05,-0.004139100354267174,-5.775174481840173e-05,0.7092196345329285,1390.56298828125,0.5090233683586121,54,False,none,True,0.08672383427619934,1.7222527265548706,8.161521911621094,54.0,0.0007031250279396772,4.511679172515869,0.0,0.0,0.40286189317703247,0.40286189317703247,4.511679172515869,0,15,0.0,1,0.0,0.0,0.0,0
45,tum_fr1_desk,15,train,50,50,geometry_stratified,edge,1,6.383516783245302,6.383557308021089,4.052477578753155e-05,0.2125037801928712,0.21250643399781755,2.653804946350924e-06,0.3583666682243347,0.358365923166275,7.450580596923828e-07,0.26848052591085436,0.26847880035638805,1.725554466314172e-06,5.067553995661311e-06,47.394185996381566,1.0692353690910963e-07,8.550579556451401e-07,1.5720452710154494e-08,3.640856847812333e-08,0.0005053465645294963,0.0,0.0011471211910247803,0.00038569271564486973,0.0014318480981114123,3.0211471470798772e-05,0.8274288177490234,1514.312255859375,0.5454056262969971,175,False,none,True,0.6786594390869141,0.1460879147052765,18.724082946777344,349.0,0.004544271156191826,22.70281219482422,0.0,0.0,0.24027299880981445,0.24027299880981445,22.70281219482422,0,15,0.0,1,0.0,0.0,0.0,0
45,tum_fr1_desk,15,train,2892,2892,geometry_stratified,edge,1,6.383516783245302,6.383698021984214,0.00018123873891262576,0.2125037801928712,0.21252972294022995,2.5942747358759233e-05,0.3583666682243347,0.35834944248199463,1.722574234008789e-05,0.26848052591085436,0.2684686407446861,1.1885166168235095e-05,3.4294383302290184e-05,107.8178499956266,3.1807704664562744e-07,1.6809715545243884e-06,1.5976707327021098e-07,1.1023375228422002e-07,0.01386778201595007,0.0016391415799979422,0.0014767944812774658,0.001882281899452165,0.005983107596583462,5.54927370266255e-05,0.9361957907676697,1690.158935546875,0.5529099106788635,195,False,none,True,0.7620529532432556,0.47779470682144165,32.80010223388672,195.0,0.002539062639698386,26.454946517944336,0.0,0.0,0.20674991607666016,0.20674991607666016,26.454946517944336,0,15,0.0,1,0.0,0.0,0.0,0
45,tum_fr1_desk,15,train,3882,3882,geometry_stratified,edge,1,6.383516783245302,6.383539296962944,2.2513717642169695e-05,0.2125037801928712,0.21250692253073972,3.142337868522471e-06,0.3583666682243347,0.35836777091026306,-1.1026859283447266e-06,0.26848052591085436,0.268480022251606,5.03659248363153e-07,1.5457032147180568e-06,52.48366700106999,2.9451128380312e-08,4.2896617040327433e-07,-2.101007782711231e-08,9.596495007730403e-09,0.030798716670579207,0.0006635074468996915,-0.0038285553455352783,0.001769140362739563,0.005043097468412013,9.608889310857793e-05,0.8885083794593811,1698.0518798828125,0.522251546382904,81,False,none,True,0.7719227075576782,0.2581818997859955,11.460721969604492,81.0,0.0010546875419095159,11.125783920288086,0.0,0.0,0.28901129961013794,0.28901129961013794,11.125783920288086,0,15,0.0,1,0.0,0.0,0.0,0
45,tum_fr1_desk,15,train,1512,1512,geometry_stratified,edge,1,6.383516783245302,6.383695770524913,0.00017898727961096483,0.2125037801928712,0.21254950012518684,4.5719932315640976e-05,0.3583666682243347,0.3583686351776123,-1.9669532775878906e-06,0.26848052591085436,0.2684744819998741,6.043910980246814e-06,1.7980685426197578e-05,52.265355006966274,3.440268495985724e-07,3.424587465006374e-06,-3.7633979092378156e-08,1.1563895393882316e-07,0.5789584594311208,0.03181066700236712,0.00033658742904663086,0.003535524755716335,0.028973297081085703,0.0005543499527980619,0.6578062772750854,1275.8603515625,0.5145785808563232,59,False,none,True,0.18903452157974243,0.7472900152206421,6.825133323669434,59.0,0.0007682291907258332,7.289281845092773,0.0,0.0,0.3808774948120117,0.3808774948120117,7.289281845092773,0,15,0.0,1,0.0,0.0,0.0,0
45,tum_fr1_desk,15,train,2124,2124,geometry_stratified,edge,1,6.383516783245302,6.383573912031489,5.7128786187021774e-05,0.2125037801928712,0.21250865157519427,4.871382323079487e-06,0.3583666682243347,0.35836517810821533,1.4901161193847656e-06,0.26848052591085436,0.2684779614210129,2.564489841483386e-06,7.512018503161802e-06,68.16640499891946,1.1020118346098609e-07,8.380783200746373e-07,2.1859978084635477e-08,3.7621022283983396e-08,0.01123257094659369,0.0016892764835181595,0.00033274292945861816,0.0008153349161148515,0.0022967250987398946,3.369291806977794e-05,0.8361400961875916,1620.200927734375,0.5150718092918396,67,False,none,True,0.6287125945091248,0.28842684626579285,6.911478519439697,67.0,0.000872395874466747,7.535908222198486,0.0,0.0,0.30748695135116577,0.30748695135116577,7.535908222198486,0,15,0.0,1,0.0,0.0,0.0,0
45,tum_fr1_desk,15,train,1700,1700,geometry_stratified,texture,1,6.383516783245302,6.383618377321114,0.00010159407581245006,0.2125037801928712,0.21252475600582107,2.097581294988049e-05,0.3583666682243347,0.3583669066429138,-2.384185791015625e-07,0.26848052591085436,0.2684768319129944,3.6939978599881407e-06,1.0940956858516717e-05,66.69169200176839,1.6405277074431713e-07,1.5233393060376427e-06,-3.574936726680148e-09,5.538917590949996e-08,0.21804051381029765,0.002422833931283508,-0.0009862780570983887,0.0016560006886720685,0.010112841707506447,0.00015163570459778252,0.6826925277709961,1341.250244140625,0.5079970955848694,42,False,none,True,0.21448537707328796,0.13782276213169098,1.4087237119674683,42.0,0.0005468750023283064,3.9985554218292236,0.0,0.0,0.2850380539894104,0.2850380539894104,3.9985554218292236,0,15,0.0,1,0.0,0.0,0.0,0
45,tum_fr1_desk,15,train,472,472,geometry_stratified,texture,1,6.383516783245302,6.383518471770077,1.6885247751119437e-06,0.2125037801928712,0.21250370416296246,-7.602990872990212e-08,0.3583666682243347,0.35836493968963623,1.7285346984863281e-06,0.26848052591085436,0.26847994476556775,5.811452866155697e-07,1.6321699925036661e-06,52.87536999821896,3.086824721148323e-08,3.193405124482003e-08,3.2690734807993813e-08,1.0990850496840872e-08,0.0022018487394470654,-9.451879138090008e-05,0.0036773085594177246,0.0012184113264084306,0.001887449079265169,3.569618669956816e-05,0.651429295539856,1282.8233642578125,0.5068089962005615,32,False,none,True,0.5600484609603882,0.7005677223205566,4.291752338409424,32.0,0.00041666667675599456,3.4044878482818604,0.0,0.0,0.41369104385375977,0.41369104385375977,3.4044878482818604,0,15,0.0,1,0.0,0.0,0.0,0
45,tum_fr1_desk,15,train,638,638,geometry_stratified,texture,1,6.383516783245302,6.383520723137464,3.939892162740932e-06,0.2125037801928712,0.21250407015662173,2.8996375053824686e-07,0.3583666682243347,0.358364462852478,2.205371856689453e-06,0.26848052591085436,0.2684797182679176,8.076429367509519e-07,2.2782245086265494e-06,61.622372995771,3.6970736404177404e-08,6.3936066905624e-08,3.578849287158745e-08,1.3106326444234443e-08,0.0003631809343174197,3.635595346149602e-05,0.001100778579711914,0.0003558516502381037,0.0007911096160823321,1.2838025827675024e-05,1.0,1866.1728515625,0.5348560214042664,98,False,none,True,0.6472912430763245,0.4605737626552582,19.307891845703125,98.0,0.0012760417303070426,17.42801856994629,0.0,0.0,0.1123245358467102,0.1123245358467102,17.42801856994629,0,15,0.0,1,0.0,0.0,0.0,0
45,tum_fr1_desk,15,train,199,199,geometry_stratified,texture,1,6.383516783245302,6.383569690666894,5.2907421592252035e-05,0.2125037801928712,0.21250726855275157,3.488359880371439e-06,0.3583666682243347,0.3583633005619049,3.3676624298095703e-06,0.26848052591085436,0.2684775546193123,2.9712915420865293e-06,8.620867560459575e-06,41.98219699901529,2.0534579361489304e-07,1.2602347036171787e-06,8.021644102829017e-08,7.077503690805468e-08,0.017133841538085726,0.0,0.0041442811489105225,0.002281880378723178,0.008221482918902318,0.00019583260302206566,1.0,1926.8878173828125,0.5179715752601624,62,False,none,True,0.5978525876998901,0.2293889820575714,7.43340539932251,62.0,0.0008072917116805911,8.985774040222168,0.0,0.0,0.10294556617736816,0.10294556617736816,8.985774040222168,0,15,0.0,1,0.0,0.0,0.0,0
45,tum_fr1_desk,15,train,2134,2134,geometry_stratified,texture,1,6.383516783245302,6.383531979991909,1.5196746606882527e-05,0.2125037801928712,0.21250655487790562,2.774685034429014e-06,0.3583666682243347,0.3583664894104004,1.7881393432617188e-07,0.26848052591085436,0.2684799090027809,6.169080734585997e-07,1.8161268344205675e-06,65.24397400062298,2.7835932164451328e-08,2.329218420499251e-07,2.740696548074531e-09,9.455403091367628e-09,-0.014252460780554088,-0.013679755973468766,0.0004474520683288574,8.620042353869872e-05,-0.00014995610375826638,-2.298390097403241e-06,0.5375674366950989,1052.708984375,0.5096514821052551,48,False,none,True,0.13417372107505798,0.3027515411376953,2.1084914207458496,48.0,0.0006249999860301614,4.825748443603516,0.0,0.0,0.46010416746139526,0.46010416746139526,4.825748443603516,0,15,0.0,1,0.0,0.0,0.0,0
45,tum_fr1_desk,15,train,643,643,geometry_stratified,texture,1,6.383516783245302,6.383827482857111,0.00031069961180918426,0.2125037801928712,0.21252526924617318,2.148905330198736e-05,0.3583666682243347,0.3583601415157318,6.5267086029052734e-06,0.26848052591085436,0.26846705228090284,1.347362995152146e-05,3.953423163167804e-05,67.89029900392052,5.823251953772516e-07,4.576494968614618e-06,9.613610042472151e-08,1.9846178539799016e-07,0.13520857583336898,-0.012061094240100156,0.0006629824638366699,0.001807195693254493,0.009018853743287165,0.0001328445135109266,0.8696354627609253,1572.624267578125,0.5519835948944092,127,False,none,True,0.23323045670986176,0.33314037322998047,14.72099494934082,127.0,0.0016536458861082792,25.99179458618164,0.0,0.0,0.14756178855895996,0.14756178855895996,25.99179458618164,0,15,0.0,1,0.0,0.0,0.0,0
45,tum_fr1_desk,15,train,802,802,geometry_stratified,depth_discontinuity,1,6.383516783245302,6.383518753190937,1.9699456350608102e-06,0.2125037801928712,0.21250245652338914,-1.323669482050649e-06,0.3583666682243347,0.35836678743362427,-1.1920928955078125e-07,0.26848052591085436,0.2684804886579513,3.725290304013029e-08,1.1622531919779669e-07,56.32511399744544,2.063472418414776e-09,3.497455211808634e-08,-2.1164500360565242e-09,6.613906372532128e-10,0.06280522226213492,0.008576526463809853,0.0,3.0341441743075848e-05,0.0017444948093008454,3.097188244270513e-05,0.17701543867588043,346.790283203125,0.5094394087791443,40,False,none,True,0.05205460637807846,0.0,0.24568189680576324,40.0,0.0005208333604969084,4.719695568084717,0.0,0.0,0.7122355699539185,0.7122355699539185,4.719695568084717,0,15,0.0,1,0.0,0.0,0.0,0
45,tum_fr1_desk,15,train,2827,2827,geometry_stratified,depth_discontinuity,1,6.383516783245302,6.383680854636529,0.0001640713912269831,0.2125037801928712,0.21252376133278333,1.9981139912139678e-05,0.3583666682243347,0.358366459608078,2.086162567138672e-07,0.26848052591085436,0.2684743821620941,6.143748760234491e-06,1.8166285171156476e-05,52.067473996430635,3.488989147505374e-07,3.151130228407674e-06,4.00665215155566e-09,1.1799590586352741e-07,0.04169035615883221,0.0,0.0,0.002184879779815685,0.006006774470372419,0.0001153651984496924,0.48041197657585144,948.7843017578125,0.5053447484970093,31,False,none,True,0.568337082862854,0.0,1.5188159942626953,31.0,0.00040364585584029555,2.6723859310150146,0.0,0.0,0.522221565246582,0.522221565246582,2.6723859310150146,0,15,0.0,1,0.0,0.0,0.0,0
45,tum_fr1_desk,15,train,3045,3045,geometry_stratified,depth_discontinuity,1,6.383516783245302,6.383517346086821,5.628415191694103e-07,0.2125037801928712,0.21251513111165238,1.1350918781183328e-05,0.3583666682243347,0.35836654901504517,1.1920928955078125e-07,0.26848052591085436,0.26848046928644176,5.6624412603234475e-08,1.6151359309183434e-07,70.71602300129598,2.2839744973904194e-09,7.959179479862652e-09,1.6857465181348865e-09,8.007295970560554e-10,0.1648394666114612,0.0,0.0,0.0002539857290685182,0.005736825678713428,8.112483472958162e-05,0.4982132613658905,982.4628295898438,0.506106436252594,39,False,none,True,0.08530016988515854,0.0,0.2604401111602783,39.0,0.0005078125395812094,3.0532190799713135,0.0,0.0,0.40990692377090454,0.40990692377090454,3.0532190799713135,0,15,0.0,1,0.0,0.0,0.0,0
45,tum_fr1_desk,15,train,2333,2333,geometry_stratified,depth_discontinuity,1,6.383516783245302,6.383598396027047,8.161278174512177e-05,0.2125037801928712,0.21251034141148317,6.561218611977893e-06,0.3583666682243347,0.35836654901504517,1.1920928955078125e-07,0.26848052591085436,0.2684774652123451,3.0606985092496153e-06,9.04924117094952e-06,73.2926700002281,1.234672058054558e-07,1.113519015542315e-06,1.6264831060242484e-09,4.175995374762701e-08,0.005064151990990418,-0.00039374661505005293,0.0,0.0004318356513977051,0.0012832296843837251,1.7508294954730554e-05,0.6928651928901672,1371.3536376953125,0.5042417645454407,32,False,none,True,0.7262643575668335,0.0,1.5403130054473877,32.0,0.00041666667675599456,2.120871067047119,0.0,0.0,0.4132528305053711,0.4132528305053711,2.120871067047119,0,15,0.0,1,0.0,0.0,0.0,0
45,tum_fr1_desk,15,train,2826,2826,geometry_stratified,depth_discontinuity,1,6.383516783245302,6.383644268712139,0.00012748546683738482,0.2125037801928712,0.2125179634835201,1.4183290648894786e-05,0.3583666682243347,0.35836657881736755,8.940696716308594e-08,0.26848052591085436,0.2684757739305496,4.751980304751324e-06,1.405457314269989e-05,53.06418100371957,2.648598899833152e-07,2.40247685775926e-06,1.684883578186553e-09,8.955156218124295e-08,0.03692235649546749,0.0,0.0,0.0020159840583801325,0.005519375851793548,0.00010401321093425834,0.4359399080276489,843.3096313476562,0.5159392952919006,68,False,none,True,0.5744655132293701,0.0,4.578286647796631,68.0,0.000885416695382446,7.9696455001831055,0.0,0.0,0.5535221099853516,0.5535221099853516,7.9696455001831055,0,15,0.0,1,0.0,0.0,0.0,0
45,tum_fr1_desk,15,train,1677,1677,geometry_stratified,depth_discontinuity,1,6.383516783245302,6.383519316032711,2.532787409137427e-06,0.2125037801928712,0.21250243649529277,-1.3436975784264504e-06,0.3583666682243347,0.35836684703826904,-1.7881393432617188e-07,0.26848052591085436,0.2684804856777191,4.023313526779759e-08,1.2804817641171128e-07,50.58165400259895,2.53151422065265e-09,5.007324214837437e-08,-3.5351539575393122e-09,7.954096413243103e-10,0.03534713795379574,0.005030613399235023,0.0,7.689073681831256e-05,0.0013245518364835983,2.6186408147419243e-05,0.28081202507019043,558.5966186523438,0.5017098784446716,12,True,min_influence_pixels,True,0.11438797414302826,0.0,0.09779395908117294,12.0,0.00015624999650754035,0.8549321889877319,0.0,0.0,0.5948426127433777,0.5948426127433777,0.8549321889877319,0,15,0.0,1,0.0,0.0,0.0,0
45,tum_fr1_desk,15,train,2557,2557,geometry_stratified,flat,1,6.383516783245302,6.383983685351761,0.0004669021064591661,0.2125037801928712,0.21256650796826326,6.272777539206853e-05,0.3583666682243347,0.3583683371543884,-1.6689300537109375e-06,0.26848052591085436,0.268463721871376,1.680403947834641e-05,4.9802167982476536e-05,66.65231200167909,7.471934054023802e-07,7.0050399219070445e-06,-2.5039342276212325e-08,2.5211487754427913e-07,0.298216914144267,0.02016212314606225,-0.00042591989040374756,0.010333421826362599,0.03169104709935956,0.0004754680842663223,0.6868823766708374,1360.4205322265625,0.503904402256012,25,False,none,True,0.47036927938461304,0.23063477873802185,1.3684920072555542,25.0,0.00032552084303461015,1.952188491821289,0.0,0.0,0.3117661476135254,0.3117661476135254,1.952188491821289,0,15,0.0,1,0.0,0.0,0.0,0
45,tum_fr1_desk,15,train,988,988,geometry_stratified,flat,1,6.383516783245302,6.383527195825205,1.0412579903196217e-05,0.2125037801928712,0.2125042489753794,4.6878250820059364e-07,0.3583666682243347,0.35836562514305115,1.043081283569336e-06,0.26848052591085436,0.26847982704639434,6.988644600247618e-07,2.015012801101337e-06,71.39214700146113,2.822457210959207e-08,1.4585049393434144e-07,1.4610588522404124e-08,9.789094310477294e-09,0.0050605532226715155,0.0004966835449711979,0.0016111135482788086,0.0006884247064590232,0.0013559021135319108,1.899231456793365e-05,0.8188557028770447,1602.8970947265625,0.5098598003387451,46,False,none,True,0.4929388463497162,0.6322296857833862,5.546971797943115,46.0,0.0005989583441987634,4.929903030395508,0.0,0.0,0.3635624051094055,0.3635624051094055,4.929903030395508,0,15,0.0,1,0.0,0.0,0.0,0
45,tum_fr1_desk,15,train,2389,2389,geometry_stratified,flat,1,6.383516783245302,6.383540704074172,2.392082887059388e-05,0.2125037801928712,0.21251725405325642,1.3473860385221359e-05,0.3583666682243347,0.35836654901504517,1.1920928955078125e-07,0.26848052591085436,0.26847960352897643,9.223818779324766e-07,2.7228902920475293e-06,101.08422500343295,2.6936846891342904e-08,2.3664255099924344e-07,1.179306558928782e-09,9.124884500040944e-09,0.4363046831519135,0.006880232140393905,0.00025881826877593994,0.00024933372624219574,0.012115747172635565,0.00011985794195112145,0.5426324009895325,1069.2001953125,0.5065124034881592,39,False,none,True,0.04316578432917595,0.23751847445964813,0.9139648675918579,39.0,0.0005078125395812094,3.2562026977539062,0.0,0.0,0.39385831356048584,0.39385831356048584,3.2562026977539062,0,15,0.0,1,0.0,0.0,0.0,0
45,tum_fr1_desk,15,train,2014,2014,geometry_stratified,flat,1,6.383516783245302,6.383588264701798,7.148145649615856e-05,0.2125037801928712,0.21253923633197577,3.545613910457823e-05,0.3583666682243347,0.3583650290966034,1.6391277313232422e-06,0.26848052591085436,0.26847738474607463,3.1411647797296993e-06,9.210637645334708e-06,65.4417010009638,1.4074569432721588e-07,1.0922921532113874e-06,2.504714434759423e-08,4.799943662349848e-08,0.5354551387631723,0.04759702069814681,0.0001804828643798828,0.001898989267647283,0.022982553096211035,0.0003511912548830685,0.5793710350990295,1124.926513671875,0.5140300989151001,62,False,none,True,0.14491142332553864,0.30551689863204956,3.159783124923706,62.0,0.0008072917116805911,7.015063285827637,0.0,0.0,0.4150806665420532,0.4150806665420532,7.015063285827637,0,15,0.0,1,0.0,0.0,0.0,0
45,tum_fr1_desk,15,train,3594,3594,geometry_stratified,flat,1,6.383516783245302,6.383564343610965,4.7560365663557036e-05,0.2125037801928712,0.21250974084893517,5.960656063980219e-06,0.3583666682243347,0.3583696484565735,-2.9802322387695312e-06,0.26848052591085436,0.2684796571731567,8.687376976679317e-07,2.720501070810428e-06,51.02700499992352,5.331492747447171e-08,9.320626531701855e-07,-5.840500023025059e-08,1.7025057568423502e-08,0.057098157519017256,0.0016847375866504977,-0.0076520442962646484,0.0033992767333984597,0.011893554268546614,0.00023308352643006269,0.9494442939758301,1837.321533203125,0.5157545208930969,57,False,none,True,0.7893593907356262,0.3049384355545044,8.62008285522461,57.0,0.0007421874906867743,7.877273082733154,0.0,0.0,0.2480233907699585,0.2480233907699585,7.877273082733154,0,15,0.0,1,0.0,0.0,0.0,0
45,tum_fr1_desk,15,train,3133,3133,geometry_stratified,flat,1,6.383516783245302,6.383500742292685,-1.604095261686922e-05,0.2125037801928712,0.21249732566982057,-6.454523050619665e-06,0.3583666682243347,0.3583662807941437,3.8743019104003906e-07,0.26848052591085436,0.26848100423812865,-4.783272742892031e-07,-1.4346795378103429e-06,71.22231000539614,-2.014368163152311e-08,-2.2522370610632934e-07,5.439730767096511e-09,-6.715975292755356e-09,-0.06148343184109706,-0.002613461220810853,0.0002676546573638916,-0.00023831538856029788,-0.002424063495282703,-3.403517093308325e-05,0.4488964080810547,877.1434936523438,0.5107707381248474,63,False,none,True,0.17681607604026794,0.1772778481245041,1.9069238901138306,63.0,0.0008203125325962901,5.385362148284912,0.0,0.0,0.5394378900527954,0.5394378900527954,5.385362148284912,0,15,0.0,1,0.0,0.0,0.0,0
45,tum_fr1_desk,15,train,3510,3510,geometry_stratified,general_visible,1,6.383516783245302,6.383898125091262,0.00038134184596039233,0.2125037801928712,0.21254650367083708,4.2723477965883605e-05,0.3583666682243347,0.3583206832408905,4.598498344421387e-05,0.26848052591085436,0.2684525966644287,2.7929246425639764e-05,8.031243886748514e-05,80.21862799796509,1.0011694399650221e-06,4.753781702300691e-06,5.732456985599451e-07,3.4816410006848093e-07,0.07658863957512096,0.0,0.006081677973270416,0.006803192943334591,0.029871366252727814,0.0003723744346947141,0.6346195340156555,1213.0894775390625,0.5221431851387024,117,False,none,True,0.5614439845085144,0.10666089504957199,7.39697790145874,117.0,0.0015234375605359674,11.071581840515137,0.0,0.0,0.3458172678947449,0.3458172678947449,11.071581840515137,0,15,0.0,1,0.0,0.0,0.0,0
45,tum_fr1_desk,25,train,683,683,geometry_stratified,edge,1,6.633325567181567,6.6333878669427495,6.229976118277136e-05,0.20312691984364506,0.20311380243399457,-1.3117409650487133e-05,0.40592190623283386,0.4059218466281891,5.960464477539063e-08,0.27374923825263975,0.27374704033136366,2.1979212760925293e-06,6.618405668780152e-06,80.95615600177553,8.175296352552853e-08,7.695493988302138e-07,7.362583368469642e-10,2.7149526171231803e-08,0.07404461037948806,0.0,-1.901388168334961e-05,0.002702426910400346,0.008078364138860183,9.978690365045259e-05,0.5452879071235657,1069.887451171875,0.5086684823036194,47,False,none,True,0.4191320836544037,0.017373856157064438,1.8919243812561035,47.0,0.0006119791651144624,4.334246635437012,0.0,0.0,0.4128986597061157,0.4128986597061157,4.334246635437012,0,25,0.0,1,0.0,0.0,0.0,0
45,tum_fr1_desk,25,train,1155,1155,geometry_stratified,edge,1,6.633325567181567,6.633375943474327,5.037629276039013e-05,0.20312691984364506,0.20314010607557156,1.3186231926504144e-05,0.40592190623283386,0.4059116244316101,1.0281801223754883e-05,0.27374923825263975,0.2737443909049034,4.847347736369745e-06,1.2914949119491729e-05,79.58858900383348,1.6227136680196284e-07,6.329587368104201e-07,1.291868765666853e-07,6.090505934382461e-08,0.014611572713308263,0.015598833835705928,0.0024286359548568726,0.0009627990424633248,0.004330023401236277,5.4405078107713614e-05,0.7734509110450745,1445.998779296875,0.533890426158905,128,False,none,True,0.26591962575912476,0.21188588440418243,8.096512794494629,128.0,0.0016666667070239782,16.945205688476562,0.0,0.0,0.2865302562713623,0.2865302562713623,16.945205688476562,0,25,0.0,1,0.0,0.0,0.0,0
45,tum_fr1_desk,25,train,368,368,geometry_stratified,edge,1,6.633325567181567,6.633479082559298,0.00015351537773167223,0.20312691984364506,0.20312667922370678,-2.406199382798402e-07,0.40592190623283386,0.405923455953598,-1.5497207641601562e-06,0.27374923825263975,0.27374433130025866,4.906952381089624e-06,1.5054800035522992e-05,65.43077699461719,2.300874409112016e-07,2.346225809672129e-06,-2.368489012880968e-08,7.499456076294655e-08,0.07138069510313283,0.010721207132377258,-0.0004298686981201172,0.0020068526268005593,0.0068083844540337245,0.0001040547700448954,0.7458555698394775,1446.593994140625,0.5145942568778992,77,False,none,True,0.4325636029243469,2.2258925437927246,19.39911651611328,77.0,0.001002604141831398,7.297136306762695,0.0,0.0,0.358939528465271,0.358939528465271,7.297136306762695,0,25,0.0,1,0.0,0.0,0.0,0
45,tum_fr1_desk,25,train,3977,3977,geometry_stratified,edge,1,6.633325567181567,6.633330932676068,5.365494501141654e-06,0.20312691984364506,0.20313184739429765,4.927550652594759e-06,0.40592190623283386,0.40590065717697144,2.1249055862426758e-05,0.27374923825263975,0.27374267578125,6.562471389748303e-06,1.627050213806769e-05,39.61053599778097,4.1076197855487697e-07,1.3545624581909813e-07,5.364495916848274e-07,1.6567489493492187e-07,0.09048747761435649,0.004548113107947671,0.011574804782867432,0.003575727343559293,0.010823912880738012,0.0002732584300637684,0.6149998903274536,1169.63916015625,0.5248030424118042,90,False,none,True,0.074395552277565,0.35370633006095886,5.309108257293701,90.0,0.0011718750465661287,12.401506423950195,0.0,0.0,0.3959851861000061,0.3959851861000061,12.401506423950195,0,25,0.0,1,0.0,0.0,0.0,0
45,tum_fr1_desk,25,train,2988,2988,geometry_stratified,edge,1,6.633325567181567,6.633329442260264,3.875078697035406e-06,0.20312691984364506,0.20312125613359053,-5.663710054532034e-06,0.40592190623283386,0.40592142939567566,4.76837158203125e-07,0.27374923825263975,0.27374895960092543,2.7865171431384894e-07,7.613388950757188e-07,67.36044599529123,1.1302462206514184e-08,5.7527509501737706e-08,7.0788895643068915e-09,4.136726088977021e-09,-0.10433384657452294,-0.00017699023671252645,0.00034855306148529053,-0.0005310017615556689,-0.004678144860990465,-6.94494341874976e-05,0.46641090512275696,920.9363403320312,0.5054528713226318,39,False,none,True,0.18804481625556946,0.20899055898189545,1.08249032497406,39.0,0.0005078125395812094,2.726433038711548,0.0,0.0,0.5528677701950073,0.5528677701950073,2.726433038711548,0,25,0.0,1,0.0,0.0,0.0,0
45,tum_fr1_desk,25,train,3688,3688,geometry_stratified,edge,1,6.633325567181567,6.633302912944529,-2.265423703740055e-05,0.20312691984364506,0.20311983266661118,-7.087177033876513e-06,0.40592190623283386,0.40590983629226685,1.2069940567016602e-05,0.27374923825263975,0.27374641001224514,2.8282403946033874e-06,6.5297401972520714e-06,45.11676700349199,1.447297896311293e-07,-5.021245656996463e-07,2.675267171976751e-07,6.268712459792353e-08,0.061868132574776524,0.0024455791573416152,0.004503369331359863,0.0014733942225575447,0.004821260517322106,0.00010686183513435141,0.6542553305625916,1257.2183837890625,0.519399106502533,67,False,none,True,0.10401841253042221,0.4678334593772888,5.546699523925781,67.0,0.000872395874466747,9.699539184570312,0.0,0.0,0.35634374618530273,0.35634374618530273,9.699539184570312,0,25,0.0,1,0.0,0.0,0.0,0
45,tum_fr1_desk,25,train,1231,1231,geometry_stratified,texture,1,6.633325567181567,6.6335214120256305,0.0001958448440637639,0.20312691984364506,0.20317488136666229,4.796152301722589e-05,0.40592190623283386,0.40592512488365173,-3.2186508178710938e-06,0.27374923825263975,0.27374335080385204,5.8874487877114134e-06,1.8288297075580077e-05,66.18895400606561,2.7630436755208614e-07,2.9588750419868626e-06,-4.8628216991858396e-08,8.894911358127645e-08,0.11402983480950013,0.005839658249980728,-0.00035965442657470703,0.001515258103609085,0.007440241176409719,0.00011240910644588654,0.7160491943359375,1383.5985107421875,0.5165266394615173,75,False,none,True,0.27028989791870117,0.6198773980140686,7.35573148727417,75.0,0.0009765625,8.263313293457031,0.0,0.0,0.35386723279953003,0.35386723279953003,8.263313293457031,0,25,0.0,1,0.0,0.0,0.0,0
45,tum_fr1_desk,25,train,1882,1882,geometry_stratified,texture,1,6.633325567181567,6.633411415889055,8.584870748862272e-05,0.20312691984364506,0.20313725271513652,1.0332871491464113e-05,0.40592190623283386,0.4059201776981354,1.7285346984863281e-06,0.27374923825263975,0.27374571561813354,3.5226345062033815e-06,1.0336910061415279e-05,70.02198800182668,1.4762377299464302e-07,1.226024994982764e-06,2.468559873566051e-08,5.0307547767873795e-08,0.05265375309239673,0.0,0.0002181529998779297,0.0010699331760406494,0.004210551063197136,6.0131841202327675e-05,0.6185927987098694,1191.5948486328125,0.5181301236152649,78,False,none,True,0.3028949499130249,0.29395556449890137,5.4104814529418945,78.0,0.0010156250791624188,9.06505298614502,0.0,0.0,0.40660685300827026,0.40660685300827026,9.06505298614502,0,25,0.0,1,0.0,0.0,0.0,0
45,tum_fr1_desk,25,train,1307,1307,geometry_stratified,texture,1,6.633325567181567,6.633305595676958,-1.99715046083071e-05,0.20312691984364506,0.20309373602108924,-3.3183822555821196e-05,0.40592190623283386,0.40591683983802795,5.066394805908203e-06,0.27374923825263975,0.27374841719865795,8.210539818032103e-07,1.6368135272003472e-06,69.69925399607746,2.3483946145140432e-08,-2.865382836010133e-07,7.268936918884856e-08,1.1779953654158445e-08,-0.024966131739873276,0.0,0.0010008811950683594,-1.808404922482021e-05,-0.0010552449418586899,-1.513997469640173e-05,0.6949945688247681,1318.9095458984375,0.525946319103241,115,False,none,True,0.24348974227905273,0.5705820322036743,10.561074256896973,115.0,0.0014973959187045693,12.973149299621582,0.0,0.0,0.3608347177505493,0.3608347177505493,12.973149299621582,0,25,0.0,1,0.0,0.0,0.0,0
45,tum_fr1_desk,25,train,1380,1380,geometry_stratified,texture,1,6.633325567181567,6.6333571640779425,3.159689637577401e-05,0.20312691984364506,0.20313464555899297,7.725715347906004e-06,0.40592190623283386,0.40592408180236816,-2.175569534301758e-06,0.27374923825263975,0.2737487852573395,4.529953002707643e-07,1.7264767841343853e-06,70.25278700166382,2.4575207017673144e-08,4.497600411927528e-07,-3.096773277123131e-08,6.448075864378674e-09,0.006251864344994473,0.0,-0.00023472309112548828,2.856627106667675e-05,0.00029069784965374084,4.137883521216833e-06,0.667736291885376,1311.42333984375,0.5081691145896912,47,False,none,True,0.26442795991897583,0.49009910225868225,3.081908941268921,47.0,0.0006119791651144624,4.084557056427002,0.0,0.0,0.35962092876434326,0.35962092876434326,4.084557056427002,0,25,0.0,1,0.0,0.0,0.0,0
45,tum_fr1_desk,25,train,914,914,geometry_stratified,texture,1,6.633325567181567,6.633318711281573,-6.85589999349645e-06,0.20312691984364506,0.2031264378654663,-4.819781787568367e-07,0.40592190623283386,0.405921995639801,-8.940696716308594e-08,0.27374923825263975,0.2737495049834251,-2.667307853476686e-07,-7.895647523314788e-07,49.10032900079386,-1.6080640769610994e-08,-1.3963042881821837e-07,-1.8209036269724464e-09,-5.432362486682238e-09,-0.0001582178301209325,0.0,4.686415195465088e-05,5.318224430117535e-06,0.0002950597406967784,6.009323088079671e-06,0.8794875741004944,1708.946533203125,0.5136372447013855,65,False,none,True,0.5375213027000427,0.043889325112104416,3.9644248485565186,65.0,0.0008463541744276881,6.818631172180176,0.0,0.0,0.20764100551605225,0.20764100551605225,6.818631172180176,0,25,0.0,1,0.0,0.0,0.0,0
45,tum_fr1_desk,25,train,2441,2441,geometry_stratified,texture,1,6.633325567181567,6.633559270418968,0.00023370323740135035,0.20312691984364506,0.20314065643777088,1.3736594125818291e-05,0.40592190623283386,0.40591397881507874,7.927417755126953e-06,0.27374923825263975,0.27373868227005005,1.0555982589699475e-05,3.052100434320952e-05,66.32865500432672,4.6014809649341737e-07,3.5234128806939556e-06,1.1951723963963742e-07,1.5914664015139298e-07,0.056492283990005276,0.0,0.004664704203605652,0.0017580799758434296,0.009714572387557463,0.00014646116956425193,0.7980731129646301,1529.4141845703125,0.5208161473274231,95,False,none,True,0.17437264323234558,0.20416563749313354,3.9398505687713623,95.0,0.0012369791511446238,10.408063888549805,0.0,0.0,0.29670441150665283,0.29670441150665283,10.408063888549805,0,25,0.0,1,0.0,0.0,0.0,0
45,tum_fr1_desk,25,train,1995,1995,geometry_stratified,depth_discontinuity,1,6.633325567181567,6.633333615425805,8.048244238167968e-06,0.20312691984364506,0.20312663941470077,-2.804289442881469e-07,0.40592190623283386,0.4059220254421234,-1.1920928955078125e-07,0.27374923825263975,0.27374899238348005,2.4586915969848633e-07,7.612105719914652e-07,61.197319999337196,1.2438625939823991e-08,1.315130178618138e-07,-1.9479495107313908e-09,4.0176458658834936e-09,0.010838038004699513,0.0005035239636780232,0.0,1.9166618585586548e-05,0.00038723536376918344,6.327652318326643e-06,0.45360037684440613,885.903564453125,0.5110200047492981,52,False,none,True,0.060798343271017075,0.0,0.33499956130981445,52.0,0.0006770833279006183,5.510011196136475,0.0,0.0,0.4964156746864319,0.4964156746864319,5.510011196136475,0,25,0.0,1,0.0,0.0,0.0,0
45,tum_fr1_desk,25,train,893,893,geometry_stratified,depth_discontinuity,1,6.633325567181567,6.633324374850355,-1.1923312115413864e-06,0.20312691984364506,0.20312822847334264,1.3086296975772793e-06,0.40592190623283386,0.4059218466281891,5.960464477539063e-08,0.27374923825263975,0.2737492620944977,-2.384185793236071e-08,-8.177272980596341e-08,68.7052070061327,-1.1901969787917864e-09,-1.7354306369165843e-08,8.675418847085383e-10,-3.470167542065998e-10,0.03594696642049655,0.0015272753201487355,0.0,6.122398190200329e-06,0.0008460218987630952,1.231379593525682e-05,0.32835739850997925,638.9199829101562,0.5129256248474121,62,False,none,True,0.030019214376807213,0.0,0.1940082311630249,62.0,0.0008072917116805911,6.462801933288574,0.0,0.0,0.5225298404693604,0.5225298404693604,6.462801933288574,0,25,0.0,1,0.0,0.0,0.0,0
45,tum_fr1_desk,25,train,2828,2828,geometry_stratified,depth_discontinuity,1,6.633325567181567,6.633732767435308,0.00040720025374163527,0.20312691984364506,0.20318244721092993,5.5527367284868845e-05,0.40592190623283386,0.40591999888420105,1.9073486328125e-06,0.27374923825263975,0.2737344175577163,1.4820694923423083e-05,4.4380573411914005e-05,62.28574899432715,7.125317448772446e-07,6.537615109657302e-06,3.0622552728493596e-08,2.3794680424847938e-07,0.15374549061510834,0.0,0.0005931854248046875,0.0059330418705940136,0.017757121759163302,0.00028509124552360417,0.627575695514679,1183.8740234375,0.5291033983230591,126,False,none,True,0.46126487851142883,0.2046625316143036,9.690381050109863,126.0,0.0016406250651925802,14.55170726776123,0.0,0.0,0.37757933139801025,0.37757933139801025,14.55170726776123,0,25,0.0,1,0.0,0.0,0.0,0
45,tum_fr1_desk,25,train,1971,1971,geometry_stratified,depth_discontinuity,1,6.633325567181567,6.633325269098734,-2.980828330834129e-07,0.20312691984364506,0.2031249484119056,-1.971431739467011e-06,0.40592190623283386,0.4059217870235443,1.1920928955078125e-07,0.27374923825263975,0.27374921292066573,2.5331974018438785e-08,5.664661421389454e-08,61.84846100222785,9.158936745710465e-10,-4.819567508279237e-09,1.927441485512262e-09,4.095813154918487e-10,-0.005564198521858188,0.0002652084074579175,0.0,-2.599619328975955e-05,-0.0002532330399308474,-4.094411337441779e-06,0.6902461647987366,1361.6400146484375,0.5059226155281067,37,False,none,True,0.1263047307729721,0.0,0.3740287721157074,37.0,0.0004817708395421505,2.961320400238037,0.0,0.0,0.3341839909553528,0.3341839909553528,2.961320400238037,0,25,0.0,1,0.0,0.0,0.0,0
45,tum_fr1_desk,25,train,30,30,geometry_stratified,depth_discontinuity,1,6.633325567181567,6.633323182519471,-2.384662095344936e-06,0.20312691984364506,0.20312673020394847,-1.896396965850311e-07,0.40592190623283386,0.40592190623283386,0.0,0.27374923825263975,0.27374932169914246,-8.344650270775134e-08,-2.51648053428909e-07,49.17905299953418,-5.116976397070773e-09,-4.848938623050597e-08,0.0,-1.6967895398177296e-09,-0.0016402732919358343,0.0002713329068526893,0.0,-0.0001424849033355713,-0.00042756312758691645,-8.694008963348e-06,0.5816916227340698,1119.79541015625,0.5184623599052429,105,False,none,True,0.7298944592475891,0.0,6.737790107727051,146.0,0.001901041716337204,9.231184005737305,0.0,0.0,0.5329324007034302,0.5329324007034302,9.231184005737305,0,25,0.0,1,0.0,0.0,0.0,0
45,tum_fr1_desk,25,train,2540,2540,geometry_stratified,depth_discontinuity,1,6.633325567181567,6.6333693855806475,4.38183990807417e-05,0.20312691984364506,0.2031306790319115,3.759188266450053e-06,0.40592190623283386,0.4059191942214966,2.7120113372802734e-06,0.27374923825263975,0.2737468913197517,2.346932888031006e-06,6.6283923741931206e-06,61.34120000206167,1.0805775521134802e-07,7.14338798055287e-07,4.421190549237907e-08,3.8260302829943426e-08,0.005421263646150809,-0.0016006232688685063,0.0006607174873352051,0.0007127881050109641,0.0021825530306598434,3.558054016854069e-05,0.8136535286903381,1522.9818115234375,0.5332503318786621,143,False,none,True,0.7693918943405151,0.3014235496520996,17.802490234375,143.0,0.001861979253590107,16.625171661376953,0.0,0.0,0.33755308389663696,0.33755308389663696,16.625171661376953,0,25,0.0,1,0.0,0.0,0.0,0
45,tum_fr1_desk,25,train,4228,4228,geometry_stratified,flat,1,6.633325567181567,6.633358058333071,3.249115150438797e-05,0.20312691984364506,0.2031104331854569,-1.648665818815287e-05,0.40592190623283386,0.405895471572876,2.6434659957885742e-05,0.27374923825263975,0.2737401708960533,9.067356586456299e-06,2.2965476342863294e-05,50.843431999965105,4.516901286852362e-07,6.390432397327204e-07,5.199228084741385e-07,1.7833879873535134e-07,0.1068717907128498,-0.05269493527708585,0.010510411113500595,0.003785465285181998,0.05409042616593022,0.0010638626079759396,0.7246343493461609,1377.7742919921875,0.5249456167221069,76,False,none,True,0.18688639998435974,0.06600172817707062,3.1542248725891113,76.0,0.000989583320915699,12.472806930541992,0.0,0.0,0.29116910696029663,0.29116910696029663,12.472806930541992,0,25,0.0,1,0.0,0.0,0.0,0
45,tum_fr1_desk,25,train,4464,4464,geometry_stratified,flat,1,6.633325567181567,6.633309172656107,-1.6394525459872966e-05,0.20312691984364506,0.20312411771249084,-2.8021311542225646e-06,0.40592190623283386,0.4059235155582428,-1.6093254089355469e-06,0.27374923825263975,0.2737502947449684,-1.0564923286771055e-06,-2.9194630600090014e-06,34.43391500331927,-8.47845230415298e-08,-4.7611563942969046e-07,-4.673663766610376e-08,-3.068173713547427e-08,-0.044771161566976136,0.0,-0.025479495525360107,-0.011408621072769187,-0.026644342270710566,-0.0007737819608412861,0.34289541840553284,684.1931762695312,0.5001675486564636,2,True,min_influence_pixels,True,0.7145228981971741,0.4885985851287842,0.10078751295804977,2.0,2.604166729724966e-05,0.08377169072628021,0.0,0.0,0.6777917146682739,0.6777917146682739,0.08377169072628021,0,25,0.0,1,0.0,0.0,0.0,0
45,tum_fr1_desk,25,train,3159,3159,geometry_stratified,flat,1,6.633325567181567,6.633369683666509,4.411648494251352e-05,0.20312691984364506,0.2031328100690558,5.890225410754013e-06,0.40592190623283386,0.405918687582016,3.2186508178710938e-06,0.27374923825263975,0.2737467288970947,2.509355545021741e-06,7.034284878702654e-06,43.85506499966141,1.6039845976187615e-07,1.0059609977286347e-06,7.339290952814558e-08,5.721928687236274e-08,0.05697071303781742,0.0005790331448492572,0.00940859317779541,0.009462624788284302,0.03624066391071795,0.000826373508077066,0.9200993180274963,1787.4053955078125,0.5137680768966675,50,False,none,True,0.8560910224914551,0.3830700218677521,8.530414581298828,50.0,0.0006510416860692203,6.884024143218994,0.0,0.0,0.21242618560791016,0.21242618560791016,6.884024143218994,0,25,0.0,1,0.0,0.0,0.0,0
45,tum_fr1_desk,25,train,5791,5791,geometry_stratified,flat,1,6.633325567181567,6.633409329268404,8.376208683724684e-05,0.20312691984364506,0.20313886947297916,1.1949629334095935e-05,0.40592190623283386,0.4059178829193115,4.023313522338867e-06,0.27374923825263975,0.27374510020017623,4.138052463520392e-06,1.1812689251220934e-05,53.56544400274288,2.2052816832090577e-07,1.5637336420278289e-06,7.51102431286269e-08,7.725227598801381e-08,0.037337735217072954,-0.012176386115225993,0.0022715628147125244,0.002922758460044861,0.008185763622291294,0.00015281799254519634,0.6309774518013,1182.3497314453125,0.5326639413833618,75,False,none,True,0.5659285187721252,0.31259652972221375,14.348055839538574,75.0,0.0009765625,16.33198356628418,0.0,0.0,0.5,0.5,16.33198356628418,0,25,0.0,1,0.0,0.0,0.0,0
45,tum_fr1_desk,25,train,939,939,geometry_stratified,flat,1,6.633325567181567,6.633284730023976,-4.083715759062301e-05,0.20312691984364506,0.20311073551159628,-1.618433204877978e-05,0.40592190623283386,0.4059227406978607,-8.344650268554688e-07,0.27374923825263975,0.2737509176135063,-1.6793608665355286e-06,-4.926172235195143e-06,61.60895700304536,-7.995870202690885e-08,-6.628444884824848e-07,-1.354454072017841e-08,-2.7258388199178848e-08,-0.27138499788900994,0.0,0.0008910894393920898,-0.002418268471956253,-0.015099953750323667,-0.0002450934812867757,0.586456835269928,1170.30322265625,0.5001152753829956,1,True,min_influence_pixels,True,0.2367999404668808,0.6659067273139954,0.052018601447343826,1.0,1.302083364862483e-05,0.057625140994787216,0.0,0.0,0.44551658630371094,0.44551658630371094,0.057625140994787216,0,25,0.0,1,0.0,0.0,0.0,0
45,tum_fr1_desk,25,train,3416,3416,geometry_stratified,flat,1,6.633325567181567,6.63332646143019,8.942486235952174e-07,0.20312691984364506,0.20312389218025745,-3.027663387611401e-06,0.40592190623283386,0.4059212803840637,6.258487701416016e-07,0.27374923825263975,0.2737490192055702,2.1904706953845832e-07,5.569068548001498e-07,80.4377239983296,6.923453662260691e-09,1.1117279047002718e-08,7.780538024106675e-09,2.723188308299314e-09,0.09373419011894057,-0.003425139820285694,0.00019328296184539795,7.483863737434149e-05,0.002730262602157541,3.3942564091125184e-05,0.4336843192577362,862.9445190429688,0.5015633702278137,15,True,min_influence_pixels,True,0.020762398838996887,0.11483127623796463,0.10599187016487122,15.0,0.00019531250291038305,0.7816873788833618,0.0,0.0,0.59059739112854,0.59059739112854,0.7816873788833618,0,25,0.0,1,0.0,0.0,0.0,0
45,tum_fr1_desk,25,train,2944,2944,geometry_stratified,general_visible,1,6.633325567181567,6.633344644525465,1.907734389838822e-05,0.20312691984364506,0.2031308448701971,3.925026552054067e-06,0.40592190623283386,0.405921071767807,8.344650268554688e-07,0.27374923825263975,0.2737483203411102,9.179115295632201e-07,2.6299078003656285e-06,43.39227399759693,6.060774322431853e-08,4.396484014514825e-07,1.9230728191421394e-08,2.1153801011075245e-08,0.1004066695141157,-0.0015044931835726597,0.010914728045463562,0.007854734361171706,0.03179170790309539,0.0007326582585843743,0.8210951685905457,1629.92529296875,0.5027624368667603,19,True,min_influence_pixels,True,0.5362824201583862,0.17364703118801117,0.9805692434310913,19.0,0.00024739583022892475,1.3812206983566284,0.0,0.0,0.25061434507369995,0.25061434507369995,1.3812206983566284,0,25,0.0,1,0.0,0.0,0.0,0
45,tum_fr1_desk,35,train,755,755,geometry_stratified,edge,1,7.284288811195044,7.2842396390458175,-4.917214922617319e-05,0.27338520457583426,0.2733864367950562,1.2322192219360595e-06,0.5456831455230713,0.5456827282905579,4.172325134277344e-07,0.2945234417915344,0.2945247977972031,-1.3560056686956479e-06,-4.495925738714316e-06,66.9566249998752,-6.714683929667447e-08,-7.34388109111904e-07,6.231385070984567e-09,-2.0252001481528905e-08,-0.20415187045564842,0.0,0.00034034252166748047,-0.0017796915024518856,-0.011118005404678291,-0.00016604787658725353,0.7056203484535217,1355.2532958984375,0.519655704498291,85,False,none,True,0.2037827968597412,0.32606539130210876,5.207262992858887,85.0,0.0011067708255723119,9.827838897705078,0.0,0.0,0.3205779194831848,0.3205779194831848,9.827838897705078,0,35,0.0,1,0.0,0.0,0.0,0
45,tum_fr1_desk,35,train,3974,3974,geometry_stratified,edge,1,7.284288811195044,7.284322400940974,3.358974593048458e-05,0.27338520457583426,0.27337422528687927,-1.0979288954993116e-05,0.5456831455230713,0.5456457734107971,3.737211227416992e-05,0.2945234417915344,0.2945112183690071,1.2223422527268824e-05,2.3773932543391125e-05,53.57698000443634,4.4373409142177427e-07,6.269436225726656e-07,6.975404785987451e-07,2.2814691171948636e-07,0.42243587653053893,0.027869094690771368,0.013820827007293701,0.004609247110784059,0.025300579350185676,0.0004722285456942648,0.5497265458106995,1018.6018676757812,0.5386872887611389,159,False,none,True,0.05140597000718117,0.36034655570983887,7.964791297912598,160.0,0.0020833334419876337,19.343637466430664,0.0,0.0,0.4472252130508423,0.4472252130508423,19.343637466430664,0,35,0.0,1,0.0,0.0,0.0,0
45,tum_fr1_desk,35,train,3080,3080,geometry_stratified,edge,1,7.284288811195044,7.284230982034929,-5.782916011476402e-05,0.27338520457583426,0.27336801519996107,-1.7189375873194468e-05,0.5456831455230713,0.5456855297088623,-2.384185791015625e-06,0.2945234417915344,0.2945258989930153,-2.457201480898785e-06,-6.8679751290350824e-06,79.94086400140077,-8.591319614602536e-08,-7.23399238138716e-07,-2.9824368560412954e-08,-3.0737739847992245e-08,0.060489194315273664,-0.012858882682866946,0.0004813671112060547,0.00019324948079883775,0.0023332337595706556,2.918699702232104e-05,0.6052765846252441,1159.4432373046875,0.521040678024292,98,False,none,True,0.0647561252117157,0.2916724383831024,3.7497506141662598,98.0,0.0012760417303070426,10.520342826843262,0.0,0.0,0.41200119256973267,0.41200119256973267,10.520342826843262,0,35,0.0,1,0.0,0.0,0.0,0
45,tum_fr1_desk,35,train,5234,5234,geometry_stratified,edge,1,7.284288811195044,7.28478090963447,0.0004920984394258809,0.27338520457583426,0.2734741371451475,8.893256931324922e-05,0.5456831455230713,0.545691728591919,-8.58306884765625e-06,0.2945234417915344,0.2945111945271492,1.2247264385201184e-05,4.25705881971561e-05,43.88144099357305,9.70127398582719e-07,1.12142725554057e-05,-1.9559678655296076e-07,2.790989563673385e-07,0.3757081109693834,-0.0022262411687033953,-0.007493868470191956,0.012523622810840629,0.028323023273020845,0.0006454442386513488,0.8011907339096069,1530.3485107421875,0.5225347876548767,65,False,none,True,0.5138756632804871,0.08565027266740799,6.75510311126709,65.0,0.0008463541744276881,11.267407417297363,0.0,0.0,0.2048887014389038,0.2048887014389038,11.267407417297363,0,35,0.0,1,0.0,0.0,0.0,0
45,tum_fr1_desk,35,train,2512,2512,geometry_stratified,edge,1,7.284288811195044,7.284265263899186,-2.3547295858072914e-05,0.27338520457583426,0.27337820604227114,-6.998533563118414e-06,0.5456831455230713,0.5456833243370056,-1.7881393432617188e-07,0.2945234417915344,0.29452420473098756,-7.629394531694089e-07,-2.3611364430378724e-06,67.46734400076093,-3.499673031461328e-08,-3.490176796911901e-07,-2.6503775563501524e-09,-1.1308277574418879e-08,0.035726626950769,-0.0028098744506086792,0.000756382942199707,0.0002498046495020348,0.005393678897548378,7.994503085059264e-05,0.627400279045105,1223.119140625,0.5119510293006897,58,False,none,True,0.03591946139931679,0.0006581497145816684,0.21857057511806488,58.0,0.0007552083698101342,5.975528717041016,0.0,0.0,0.3190527558326721,0.3190527558326721,5.975528717041016,0,35,0.0,1,0.0,0.0,0.0,0
45,tum_fr1_desk,35,train,1043,1043,geometry_stratified,edge,1,7.284288811195044,7.284311319758963,2.2508563919387825e-05,0.27338520457583426,0.27338599864571783,7.940698835695592e-07,0.5456831455230713,0.5456821918487549,9.5367431640625e-07,0.2945234417915344,0.29452247768640516,9.641051292308411e-07,2.687311853499193e-06,70.70385200495366,3.800799782890067e-08,3.1834989581346755e-07,1.3488293627049253e-08,1.363582183843808e-08,-0.07061402105829728,-0.002179489541039914,0.0007523298263549805,0.00016000601463020403,-0.0018122278337277641,-2.5631246139189074e-05,0.5575606822967529,1091.3739013671875,0.5098795890808105,50,False,none,True,0.06691417098045349,0.5847883820533752,3.219283103942871,50.0,0.0006510416860692203,4.939804553985596,0.0,0.0,0.45073825120925903,0.45073825120925903,4.939804553985596,0,35,0.0,1,0.0,0.0,0.0,0
45,tum_fr1_desk,35,train,1097,1097,geometry_stratified,texture,1,7.284288811195044,7.284287772341063,-1.0388539806172048e-06,0.27338520457583426,0.2733851123358044,-9.224002983643231e-08,0.5456831455230713,0.5456825494766235,5.960464477539062e-07,0.2945234417915344,0.2945232942700386,1.4752149579688734e-07,2.2785721894118261e-07,67.5497650008765,3.373175597845914e-09,-1.537909096506442e-08,8.823812307062389e-09,2.1838935456692284e-09,-0.0019442528708140117,-9.518516717808758e-05,0.0003600120544433594,7.483363151550293e-05,-7.985939250211384e-05,-1.1822305007438237e-06,0.6800445914268494,1333.406005859375,0.509005606174469,51,False,none,True,0.24845847487449646,1.8103317022323608,9.270305633544922,51.0,0.0006640625069849193,4.502792835235596,0.0,0.0,0.48899102210998535,0.48899102210998535,4.502792835235596,0,35,0.0,1,0.0,0.0,0.0,0
45,tum_fr1_desk,35,train,1721,1721,geometry_stratified,texture,1,7.284288811195044,7.284583163166154,0.0002943519711102738,0.27338520457583426,0.2734227179281267,3.7513352292462e-05,0.5456831455230713,0.5456823706626892,7.748603820800781e-07,0.2945234417915344,0.29451434314250946,9.098649024930072e-06,2.871240466272355e-05,67.24622500041733,4.2697422290314976e-07,4.377226693519927e-06,1.1522734280998961e-08,1.3530349138369635e-07,0.31239799979214666,0.0,-0.00041360408067703247,0.003947607427835467,0.019154336109341658,0.00028483883086705293,0.6534332633018494,1294.830810546875,0.5036475658416748,25,False,none,True,0.21867775917053223,0.10712117701768875,0.5941838622093201,25.0,0.00032552084303461015,1.823774814605713,0.0,0.0,0.2937583327293396,0.2937583327293396,1.823774814605713,0,35,0.0,1,0.0,0.0,0.0,0
45,tum_fr1_desk,35,train,2150,2150,geometry_stratified,texture,1,7.284288811195044,7.284372959192693,8.414799764899783e-05,0.27338520457583426,0.27339072321721786,5.518641383595035e-06,0.5456831455230713,0.5456838011741638,-6.556510925292969e-07,0.2945234417915344,0.2945211037993431,2.337992191292493e-06,7.725932713321232e-06,54.35317099909298,1.4214318265718404e-07,1.5481708997328242e-06,-1.2062793770399119e-08,4.3014825967219245e-08,0.036233757788637355,0.0,-0.000279448926448822,0.0017529688775539398,0.003937475028031915,7.244241606616882e-05,0.509658694267273,996.49462890625,0.5104514956474304,60,False,none,True,0.5568732023239136,0.07485029101371765,3.301234006881714,60.0,0.0007812500116415322,5.225757598876953,0.0,0.0,0.49948936700820923,0.49948936700820923,5.225757598876953,0,35,0.0,1,0.0,0.0,0.0,0
45,tum_fr1_desk,35,train,892,892,geometry_stratified,texture,1,7.284288811195044,7.284293312898495,4.501703450898731e-06,0.27338520457583426,0.273385313521607,1.0894577273656836e-07,0.5456831455230713,0.5456821918487549,9.5367431640625e-07,0.2945234417915344,0.2945230200886726,4.217028617969909e-07,9.5690238530645e-07,71.56613400002243,1.337088273213347e-08,6.290270550170168e-08,1.3325776636278146e-08,5.892491856509376e-09,0.000992352903175231,-5.1407981648786405e-05,0.0005881786346435547,0.0002097591757773687,0.0002690980258842389,3.7601308166814564e-06,0.6071870923042297,1167.5321044921875,0.5190602540969849,85,False,none,True,0.45260176062583923,1.0556893348693848,14.374220848083496,85.0,0.0011067708255723119,9.530137062072754,0.0,0.0,0.5289883613586426,0.5289883613586426,9.530137062072754,0,35,0.0,1,0.0,0.0,0.0,0
45,tum_fr1_desk,35,train,676,676,geometry_stratified,texture,1,7.284288811195044,7.28429400546867,5.194273626329959e-06,0.27338520457583426,0.27338561433274466,4.0975691040223694e-07,0.5456831455230713,0.5456822514533997,8.940696716308594e-07,0.2945234417915344,0.29452301710844037,4.246830940246582e-07,9.906876416971768e-07,80.36167299724184,1.2327862334712456e-08,6.463620570104653e-08,1.1125573153032112e-08,5.284647247690253e-09,0.005712863979303151,0.0019059441461947296,0.000518798828125,0.0002026904374360372,0.00037795087280736365,4.703123500432049e-06,0.7341598272323608,1413.082763671875,0.5185447931289673,87,False,none,True,0.20848411321640015,2.280856132507324,23.082168579101562,87.0,0.0011328125838190317,9.272403717041016,0.0,0.0,0.4644630551338196,0.4644630551338196,9.272403717041016,0,35,0.0,1,0.0,0.0,0.0,0
45,tum_fr1_desk,35,train,675,675,geometry_stratified,texture,1,7.284288811195044,7.284296429465156,7.6182701125304675e-06,0.27338520457583426,0.2733838889632137,-1.3156126205671193e-06,0.5456831455230713,0.5456816554069519,1.4901161193847656e-06,0.2945234417915344,0.2945227652788162,6.765127181784791e-07,1.5513152092065027e-06,98.52936399693135,1.5744699308673278e-08,7.731979385117856e-08,1.5123573916819098e-08,6.866102558010511e-09,0.029830245533158717,0.0019382853646875142,0.0004825592041015625,0.0002365967258810553,0.0012795902111343437,1.2986892021085165e-05,0.6920994520187378,1356.2689208984375,0.5092965960502625,52,False,none,True,0.11292663961648941,2.2677390575408936,11.066043853759766,52.0,0.0006770833279006183,4.6482977867126465,0.0,0.0,0.49229347705841064,0.49229347705841064,4.6482977867126465,0,35,0.0,1,0.0,0.0,0.0,0
45,tum_fr1_desk,35,train,223,223,geometry_stratified,depth_discontinuity,1,7.284288811195044,7.284422132851443,0.00013332165639923232,0.27338520457583426,0.27338820452222046,2.9999463861951625e-06,0.5456831455230713,0.5456830263137817,1.1920928955078125e-07,0.2945234417915344,0.2945193901658058,4.051625728584973e-06,1.2877379937308754e-05,49.51199400238693,2.6008606998716203e-07,2.6927143429692007e-06,2.407685086264841e-09,8.183119686897781e-08,0.06653956375701942,0.0,0.0,0.002452117204666149,0.007305964403216888,0.00014755948635121976,0.7961104512214661,1576.8045654296875,0.5038884282112122,28,False,none,True,0.46905654668807983,0.0,0.9119462966918945,28.0,0.0003645833348855376,1.9442139863967896,0.0,0.0,0.24864089488983154,0.24864089488983154,1.9442139863967896,0,35,0.0,1,0.0,0.0,0.0,0
45,tum_fr1_desk,35,train,294,294,geometry_stratified,depth_discontinuity,1,7.284288811195044,7.284318245494407,2.943429936319575e-05,0.27338520457583426,0.27339189803957326,6.69346373899371e-06,0.5456831455230713,0.5456830859184265,5.960464477539063e-08,0.2945234417915344,0.29452253729104994,9.045004844554505e-07,2.8613235488268824e-06,46.72302499966463,6.124011766890992e-08,6.299741800409332e-07,1.2757017503857778e-09,1.935877406186656e-08,0.023729394578313467,0.0025685899281294514,-0.00012242794036865234,0.0007269948720931563,0.0023555442266920026,5.041506252450286e-05,0.8085635304450989,1596.17626953125,0.5055627822875977,38,False,none,True,0.4321509003639221,0.03355526179075241,1.2953075170516968,38.0,0.0004947916604578495,2.781383752822876,0.0,0.0,0.2569253444671631,0.2569253444671631,2.781383752822876,0,35,0.0,1,0.0,0.0,0.0,0
45,tum_fr1_desk,35,train,277,277,geometry_stratified,depth_discontinuity,1,7.284288811195044,7.284391658969146,0.00010284777410252133,0.27338520457583426,0.2733967109165402,1.1506340705957907e-05,0.5456831455230713,0.5456831455230713,0.0,0.2945234417915344,0.2945203438401222,3.0979514121787233e-06,9.883386523763305e-06,48.922719004622195,2.020203849019415e-07,2.102249756249327e-06,0.0,6.3323369493957e-08,0.2349493856840823,0.054949255523212004,0.0,0.0020213924348354353,0.013042983185399933,0.0002666038080215378,0.8165980577468872,1574.8348388671875,0.517529308795929,61,False,none,True,0.22321170568466187,0.0,1.9563727378845215,61.0,0.0007942708325572312,8.76465129852295,0.0,0.0,0.21752780675888062,0.21752780675888062,8.76465129852295,0,35,0.0,1,0.0,0.0,0.0,0
45,tum_fr1_desk,35,train,2238,2238,geometry_stratified,depth_discontinuity,1,7.284288811195044,7.28429400546867,5.194273626329959e-06,0.27338520457583426,0.273386188864802,9.842889677202926e-07,0.5456831455230713,0.545682966709137,1.7881393432617188e-07,0.2945234417915344,0.2945232316851616,2.1010637279994526e-07,5.974617871846262e-07,81.16326800518436,7.3612337436494406e-09,6.399783737143471e-08,2.203138670004638e-09,2.588687936845083e-09,0.009901426469632213,3.6739128093377094e-06,0.0,2.1990761160850872e-05,0.00037257899223880624,4.590487808043997e-06,0.43840891122817993,868.2103881835938,0.5039569735527039,24,True,min_influence_pixels,True,0.08750011771917343,0.0,0.17311759293079376,24.0,0.0003124999930150807,1.9784841537475586,0.0,0.0,0.5197319984436035,0.5197319984436035,1.9784841537475586,0,35,0.0,1,0.0,0.0,0.0,0
45,tum_fr1_desk,35,train,179,179,geometry_stratified,depth_discontinuity,1,7.284288811195044,7.284276691247406,-1.2119947637501127e-05,0.27338520457583426,0.27338418818369076,-1.0163921435046852e-06,0.5456831455230713,0.5456787943840027,4.351139068603516e-06,0.2945234417915344,0.2945225015282631,9.402632712984804e-07,1.2274305147662324e-06,39.750017000187654,3.0878741882310084e-08,-3.04904212681064e-07,1.0946257126337769e-07,2.365441180299474e-08,0.0032635241713849794,0.0005087613748844602,0.0,0.00028943419456484154,0.0008810553577349613,2.2164905180563872e-05,1.0,1975.3729248046875,0.5052335262298584,29,False,none,True,0.7415772080421448,0.0,1.9405386447906494,29.0,0.0003776041849050671,2.616772174835205,0.0,0.0,0.10366415977478027,0.10366415977478027,2.616772174835205,0,35,0.0,1,0.0,0.0,0.0,0
45,tum_fr1_desk,35,train,1878,1878,geometry_stratified,depth_discontinuity,1,7.284288811195044,7.284358068687547,6.925749250363822e-05,0.27338520457583426,0.2733964681952396,1.1263619405343928e-05,0.5456831455230713,0.5456831455230713,0.0,0.2945234417915344,0.29452135562896725,2.086162567138672e-06,6.655453402401983e-06,61.927536997245625,1.0747163095955198e-07,1.1183634270279247e-06,0.0,3.368715547707733e-08,0.29755288838536664,0.020015935195217445,0.0,0.0020622733980417245,0.015408819949839954,0.0002488201646147383,0.6157476902008057,1201.68408203125,0.5114039182662964,54,False,none,True,0.19555602967739105,0.0,1.1150532960891724,54.0,0.0007031250279396772,5.701963424682617,0.0,0.0,0.3330783247947693,0.3330783247947693,5.701963424682617,0,35,0.0,1,0.0,0.0,0.0,0
45,tum_fr1_desk,35,train,3166,3166,geometry_stratified,flat,1,7.284288811195044,7.2842410241691615,-4.778702588215111e-05,0.27338520457583426,0.27336868079191495,-1.6523783919308865e-05,0.5456831455230713,0.5456789135932922,4.231929779052734e-06,0.2945234417915344,0.29452361166477203,-1.6987323764316997e-07,-2.265614660424139e-06,42.64032599894563,-5.313314585071796e-08,-1.1207002939736612e-06,9.924712534227289e-08,-3.98386348283009e-09,-0.04739973421136234,0.0028542655960718116,0.0031213760375976562,0.00035082176327705383,-0.0006734324412568412,-1.5793322998362942e-05,1.0,1923.678955078125,0.5188372135162354,60,False,none,True,0.23434793949127197,0.4195658266544342,6.1589555740356445,60.0,0.0007812500116415322,9.41860580444336,0.0,0.0,0.02609860897064209,0.02609860897064209,9.41860580444336,0,35,0.0,1,0.0,0.0,0.0,0
45,tum_fr1_desk,35,train,1639,1639,geometry_stratified,flat,1,7.284288811195044,7.284883422730905,0.000594611535861489,0.27338520457583426,0.27347959339825334,9.438882241907809e-05,0.5456831455230713,0.5456836223602295,-4.76837158203125e-07,0.2945234417915344,0.294505675137043,1.776665449138015e-05,5.687837280761769e-05,65.80163400212768,8.643914952898971e-07,9.036425080906992e-06,-7.246585368802643e-09,2.700032417250561e-07,0.10784545141633117,-0.002144066445530158,0.00012728571891784668,0.007690313458442621,0.021729890666188533,0.000330233298849173,0.7104718089103699,1368.9844970703125,0.5179771780967712,86,False,none,True,0.6661860942840576,0.17500989139080048,7.561153411865234,86.0,0.0011197916464880109,8.988574981689453,0.0,0.0,0.3058350086212158,0.3058350086212158,8.988574981689453,0,35,0.0,1,0.0,0.0,0.0,0
45,tum_fr1_desk,35,train,1600,1600,geometry_stratified,flat,1,7.284288811195044,7.284726537116085,0.0004377259210412987,0.27338520457583426,0.2734724412619128,8.723668607851787e-05,0.5456831455230713,0.5456791520118713,3.993511199951172e-06,0.2945234417915344,0.2945090591907501,1.4382600784290656e-05,4.4259760897831475e-05,73.24807700206293,6.042446806703876e-07,5.975937375515958e-06,5.452035552876972e-08,1.9635465356838775e-07,0.1254028108094456,0.0,0.0007114261388778687,0.004606729745864874,0.015732104026196396,0.00021477838968732686,0.790384829044342,1393.7933349609375,0.5660746097564697,190,False,none,True,0.4656504988670349,0.09157489240169525,18.40923309326172,190.0,0.0024739583022892475,33.03731918334961,0.0,0.0,0.24129116535186768,0.24129116535186768,33.03731918334961,0,35,0.0,1,0.0,0.0,0.0,0
45,tum_fr1_desk,35,train,2593,2593,geometry_stratified,flat,1,7.284288811195044,7.284298853462994,1.004226795053853e-05,0.27338520457583426,0.2733929592838141,7.75470797981237e-06,0.5456831455230713,0.545645534992218,3.7610530853271484e-05,0.2945234417915344,0.29451185613870623,1.1585652828161042e-05,2.164216034741081e-05,43.81629999988945,4.939294360195957e-07,2.2919023173028912e-07,8.583684805281682e-07,2.644142209221288e-07,0.12412553441345331,-0.048213599458592715,0.023883700370788574,0.008780921250581747,0.0467022425952798,0.0010658645891003491,0.29004645347595215,571.5747680664062,0.506451427936554,33,False,none,True,0.2694125175476074,0.16202802956104279,1.3917020559310913,33.0,0.00042968749767169356,3.225709915161133,0.0,0.0,0.9078319072723389,0.9078319072723389,3.225709915161133,0,35,0.0,1,0.0,0.0,0.0,0
45,tum_fr1_desk,35,train,3606,3606,geometry_stratified,flat,1,7.284288811195044,7.28416553559097,-0.00012327560407410232,0.27338520457583426,0.27336273514169357,-2.24694341406928e-05,0.5456831455230713,0.5456847548484802,-1.6093254089355469e-06,0.2945234417915344,0.2945276379585266,-4.1961669922097045e-06,-1.2731202635323384e-05,57.13866799487732,-2.2281238051374912e-07,-2.1574812364396455e-06,-2.8165259454067573e-08,-7.343830613247591e-08,-0.030469377423446353,-6.167969211191469e-05,0.002765476703643799,-0.0010624855756760088,-0.002949231207417553,-5.1615330054280604e-05,0.9944703578948975,1946.1134033203125,0.5100032687187195,43,False,none,True,0.6228605508804321,0.39087235927581787,5.0703206062316895,43.0,0.0005598958232440054,5.001633644104004,0.0,0.0,0.014677464962005615,0.014677464962005615,5.001633644104004,0,35,0.0,1,0.0,0.0,0.0,0
45,tum_fr1_desk,35,train,3524,3524,geometry_stratified,flat,1,7.284288811195044,7.284293312898495,4.501703450898731e-06,0.27338520457583426,0.27338684751862785,1.6429427935893415e-06,0.5456831455230713,0.5456851124763489,-1.9669532775878906e-06,0.2945234417915344,0.29452389627695086,-4.5448541646786467e-07,-6.487698539531319e-07,51.35550400154898,-1.2632917670004052e-08,8.765766276508456e-08,-3.830072970423119e-08,-8.849789819104035e-09,0.07603359142239796,-0.001070774597784846,-0.005859017372131348,-3.492087125778198e-05,0.00017518963922645223,3.4113118473371066e-06,0.863792359828949,1712.994384765625,0.5032587051391602,18,True,min_influence_pixels,True,0.3578230142593384,0.2910596430301666,1.0572627782821655,18.0,0.00023437500931322575,1.6293591260910034,0.0,0.0,0.10049891471862793,0.10049891471862793,1.6293591260910034,0,35,0.0,1,0.0,0.0,0.0,0
45,tum_fr1_desk,35,train,3462,3462,geometry_stratified,general_visible,1,7.284288811195044,7.284359453848664,7.064265362011213e-05,0.27338520457583426,0.27339374454222976,8.53996639549326e-06,0.5456831455230713,0.5456787347793579,4.410743713378906e-06,0.2945234417915344,0.29451999068260193,3.4511089324618105e-06,9.213456322614062e-06,45.35700799897313,2.0313192446077246e-07,1.5574804586253013e-06,9.724503242098254e-08,7.60876672583858e-08,0.07469362802843671,0.000463064378009706,0.0075917840003967285,0.007748684287071206,0.02145475412771288,0.0004730196076469288,1.0,1946.32421875,0.5127889513969421,51,False,none,True,0.6824303865432739,0.38697174191474915,6.838274002075195,51.0,0.0006640625069849193,6.39448356628418,0.0,0.0,0.014473497867584229,0.014473497867584229,6.39448356628418,0,35,0.0,1,0.0,0.0,0.0,0
45,tum_fr1_desk,45,validation,5068,5068,geometry_stratified,edge,1,5.4731503752523505,5.473319704443277,0.0001693291909266037,0.0,0.0,0.0,0.5223671197891235,0.5223631262779236,3.993511199951172e-06,0.35522041618824,0.35521147847175594,8.937716484080926e-06,2.3950218949201007e-05,42.659227998228744,5.614311386552857e-07,3.9693449429894616e-06,9.361423981036382e-08,2.095142576056939e-07,0.0897206478210264,-0.008542768101565009,-0.0014170706272125244,0.006226629018783569,0.017687255175900463,0.00041461732914235713,0.9133033752441406,1679.234130859375,0.5428808927536011,121,False,none,True,0.7125511765480042,0.35888558626174927,22.972091674804688,121.0,0.0015755208441987634,21.440454483032227,0.0,0.0,0.18434083461761475,0.18434083461761475,21.440454483032227,0,45,0.0,1,0.0,0.0,0.0,0
45,tum_fr1_desk,45,validation,1504,1504,geometry_stratified,edge,1,5.4731503752523505,5.473219292805586,6.891755323579218e-05,0.0,0.0,0.0,0.5223671197891235,0.5223699808120728,-2.86102294921875e-06,0.35522041618824,0.3552181243896484,2.2917985916248718e-06,7.171243959602527e-06,63.30238800001098,1.1328552028086655e-07,1.0887038453554111e-06,-4.519612987140791e-08,3.6203983199251096e-08,0.015230424075888038,0.03887524981225082,-0.0007671266794204712,-6.882548332214078e-05,-0.0003591704354680746,-5.673884458640206e-06,0.807773232460022,1398.639404296875,0.5765421390533447,230,False,none,True,0.207811176776886,0.08554990589618683,11.227238655090332,230.0,0.0029947918374091387,38.27105712890625,0.0,0.0,0.16292035579681396,0.16292035579681396,38.27105712890625,0,45,0.0,1,0.0,0.0,0.0,0
45,tum_fr1_desk,45,validation,821,821,geometry_stratified,edge,1,5.4731503752523505,5.473153113677309,2.738424958792507e-06,0.0,0.0,0.0,0.5223671197891235,0.5223668813705444,2.384185791015625e-07,0.35522041618824,0.35522021949291227,1.9669532774768683e-07,4.871624530157921e-07,66.0071849997621,7.380445825974065e-09,4.148677085384533e-08,3.612009497184614e-09,2.979907835009109e-09,0.0025241569736280667,-0.001640653512078545,0.0004153251647949219,0.00016353577375416428,0.00024508210719116034,3.71296105404349e-06,0.9463261365890503,1855.4853515625,0.5090153813362122,48,False,none,True,0.2852771580219269,1.4435453414916992,7.792990684509277,48.0,0.0006249999860301614,4.507687091827393,0.0,0.0,0.28415942192077637,0.28415942192077637,4.507687091827393,0,45,0.0,1,0.0,0.0,0.0,0
45,tum_fr1_desk,45,validation,2825,2825,geometry_stratified,edge,1,5.4731503752523505,5.4727017532765165,-0.0004486219758339516,0.0,0.0,0.0,0.5223671197891235,0.5223351716995239,3.1948089599609375e-05,0.35522041618824,0.35523133873939516,-1.0922551155145843e-05,-3.9029377779398986e-05,80.45865599706303,-4.850861264799609e-07,-5.575807478692256e-06,3.970746118450645e-07,-1.3575358697943634e-07,-0.05961746921614974,0.0,0.005029052495956421,-0.001522749662399292,-0.004777557706630402,-5.937903942622154e-05,1.0,1811.717529296875,0.5509623885154724,263,False,none,True,0.4449053406715393,0.349863737821579,20.25165557861328,326.0,0.0042447918094694614,25.481182098388672,0.0,0.0,0.11743223667144775,0.11743223667144775,25.481182098388672,0,45,0.0,1,0.0,0.0,0.0,0
45,tum_fr1_desk,45,validation,2633,2633,geometry_stratified,edge,1,5.4731503752523505,5.473257631520538,0.00010725626818786083,0.0,0.0,0.0,0.5223671197891235,0.522368848323822,-1.7285346984863281e-06,0.35522041618824,0.3552160322666168,4.383921623218878e-06,1.2725051888566947e-05,86.65823999763234,1.4684179933627337e-07,1.2376926670884531e-06,-1.9946570557324437e-08,5.0588629809913695e-08,0.027103474284152718,0.000953577729269954,-0.0003816187381744385,0.0025834232568739957,0.008788179390750071,0.00010141193025602852,0.8713146448135376,1711.4176025390625,0.5081186294555664,49,False,none,True,0.7863436341285706,0.34084552526474,4.5756025314331055,49.0,0.0006380208651535213,4.059303283691406,0.0,0.0,0.3746911883354187,0.3746911883354187,4.059303283691406,0,45,0.0,1,0.0,0.0,0.0,0
45,tum_fr1_desk,45,validation,949,949,geometry_stratified,edge,1,5.4731503752523505,5.473160872557406,1.0497305055423567e-05,0.0,0.0,0.0,0.5223671197891235,0.5223661661148071,9.5367431640625e-07,0.35522041618824,0.3552196502685547,7.659196853415651e-07,1.8902782483533383e-06,52.73652200412471,3.5843817083832205e-08,1.9905190286539063e-07,1.808375448672288e-08,1.4523515321728267e-08,0.0014769560780538704,5.550509717154768e-05,0.0007450580596923828,0.0003274083137512207,0.00041667429075030747,7.901057462942246e-06,0.8464266657829285,1496.971435546875,0.564426064491272,245,False,none,True,0.6529585123062134,0.24161618947982788,28.81697654724121,245.0,0.0031901041511446238,32.21304702758789,0.0,0.0,0.33372682332992554,0.33372682332992554,32.21304702758789,0,45,0.0,1,0.0,0.0,0.0,0
45,tum_fr1_desk,45,validation,2679,2679,geometry_stratified,texture,1,5.4731503752523505,5.473200123575027,4.9748322676457235e-05,0.0,0.0,0.0,0.5223671197891235,0.5223664045333862,7.152557373046875e-07,0.35522041618824,0.35521792769432065,2.4884939193725586e-06,6.773443265012288e-06,80.58071900450159,8.405786581072693e-08,6.173725339144477e-07,8.87626402619627e-09,3.088200192447452e-08,0.4248945620923905,0.0,0.0005337893962860107,0.0043727196753025055,0.025502654991927814,0.0003164858207644328,0.8837714195251465,1732.5692138671875,0.5090929865837097,52,False,none,True,0.20603784918785095,0.3149767816066742,2.368795871734619,52.0,0.0006770833279006183,4.546505451202393,0.0,0.0,0.1425136923789978,0.1425136923789978,4.546505451202393,0,45,0.0,1,0.0,0.0,0.0,0
45,tum_fr1_desk,45,validation,3415,3415,geometry_stratified,texture,1,5.4731503752523505,5.473156308508611,5.933256260526321e-06,0.0,0.0,0.0,0.5223671197891235,0.5223661661148071,9.5367431640625e-07,0.35522041618824,0.3552198588848114,5.573034286276979e-07,1.3065496939774195e-06,81.89539299928583,1.5953885146980285e-08,7.244920676524577e-08,1.1645030098513192e-08,6.805064463547514e-09,-0.0016634104025321506,0.0,0.00025343894958496094,-1.984834671026059e-05,-4.943382883457434e-05,-6.036216082998151e-07,0.8843135237693787,1706.1082763671875,0.5173220038414001,107,False,none,True,0.5634948015213013,0.364297091960907,8.03559684753418,107.0,0.0013932292349636555,8.660990715026855,0.0,0.0,0.2867894768714905,0.2867894768714905,8.660990715026855,0,45,0.0,1,0.0,0.0,0.0,0
45,tum_fr1_desk,45,validation,3304,3304,geometry_stratified,texture,1,5.4731503752523505,5.473151744464615,1.3692122644570759e-06,0.0,0.0,0.0,0.5223671197891235,0.5223594903945923,7.62939453125e-06,0.35522041618824,0.3552180647850036,2.3514032364002624e-06,4.556746188076282e-06,53.90707400511019,8.452965166768872e-08,2.5399491434598727e-08,1.4152863371005376e-07,4.361956718662486e-08,-0.16351176663812694,0.0014095597485470623,0.007807612419128418,0.001956447307020437,-0.0005639493020709119,-1.0461508298845001e-05,0.969620406627655,1861.3294677734375,0.5199289321899414,60,False,none,True,0.07593734562397003,0.42692703008651733,5.010778903961182,60.0,0.0007812500116415322,9.964473724365234,0.0,0.0,0.04831361770629883,0.04831361770629883,9.964473724365234,0,45,0.0,1,0.0,0.0,0.0,0
45,tum_fr1_desk,45,validation,1768,1768,geometry_stratified,texture,1,5.4731503752523505,5.473176846765955,2.6471513604242602e-05,0.0,0.0,0.0,0.5223671197891235,0.5223687291145325,-1.6093254089355469e-06,0.35522041618824,0.35521968901157375,7.271766662708679e-07,2.4613798877306886e-06,69.97857199894497,3.517333688615134e-08,3.78280277063123e-07,-2.2997402818677262e-08,1.039141905156097e-08,0.16416225885642177,-0.0025849019853497746,-0.00045233964920043945,0.0003332687541842405,0.006377356093560588,9.113298416059042e-05,0.8361632227897644,1605.6846923828125,0.519751787185669,83,False,none,True,0.10615566372871399,0.6316282153129578,7.28628396987915,83.0,0.0010807291837409139,9.87590503692627,0.0,0.0,0.23177778720855713,0.23177778720855713,9.87590503692627,0,45,0.0,1,0.0,0.0,0.0,0
45,tum_fr1_desk,45,validation,3027,3027,geometry_stratified,texture,1,5.4731503752523505,5.473160872557406,1.0497305055423567e-05,0.0,0.0,0.0,0.5223671197891235,0.5223638415336609,3.2782554626464844e-06,0.35522041618824,0.3552189528942108,1.4632940292247376e-06,3.22530550687144e-06,47.18626399699133,6.835263556947612e-08,2.2246527201417963e-07,6.947478323046536e-08,3.101101687809061e-08,-0.12158557879247844,0.0,0.007161915302276611,0.00131300650537014,-0.0004578007379206538,-9.701991620905693e-06,1.0,1962.17529296875,0.5086384415626526,40,False,none,True,0.18087275326251984,0.38359901309013367,2.438070058822632,40.0,0.0005208333604969084,4.319206237792969,0.0,0.0,0.008438706398010254,0.008438706398010254,4.319206237792969,0,45,0.0,1,0.0,0.0,0.0,0
45,tum_fr1_desk,45,validation,1771,1771,geometry_stratified,texture,1,5.4731503752523505,5.47325808793585,0.00010771268349962781,0.0,0.0,0.0,0.5223671197891235,0.5223681330680847,-1.0132789611816406e-06,0.35522041618824,0.35521579682827,4.619359970037262e-06,1.3194203696268003e-05,66.55072099965764,1.9825786254570971e-07,1.6185051323513372e-06,-1.52256646654039e-08,6.941111832674249e-08,0.2819906514849002,0.0,-0.000270843505859375,0.000435861013829697,0.010106279414156445,0.00015185830089216366,0.851497232913971,1696.106689453125,0.501030445098877,9,True,min_influence_pixels,True,0.09068726003170013,0.6660277247428894,0.38988789916038513,9.0,0.00011718750465661287,0.5152374505996704,0.0,0.0,0.24243712425231934,0.24243712425231934,0.5152374505996704,0,45,0.0,1,0.0,0.0,0.0,0
45,tum_fr1_desk,45,validation,2325,2325,geometry_stratified,depth_discontinuity,1,5.4731503752523505,5.4731485496366705,-1.8256156799623113e-06,0.0,0.0,0.0,0.5223671197891235,0.5223671197891235,0.0,0.35522041618824,0.3552204996347427,-8.344650270775134e-08,-2.334909308817769e-07,38.08883800229523,-6.130166818628248e-09,-4.7930464033906724e-08,0.0,-2.1908387623356443e-09,-0.004732979608050414,0.0,0.0,-0.00011605322360992709,-0.0004050089285244894,-1.0633270789202957e-05,0.22777795791625977,454.521240234375,0.5001381635665894,1,True,min_influence_pixels,True,0.3476112484931946,0.0,0.02401687577366829,1.0,1.302083364862483e-05,0.06909119337797165,0.0,0.0,0.7187812328338623,0.7187812328338623,0.06909119337797165,0,45,0.0,1,0.0,0.0,0.0,0
45,tum_fr1_desk,45,validation,3189,3189,geometry_stratified,depth_discontinuity,1,5.4731503752523505,5.473190082583264,3.9707330913074657e-05,0.0,0.0,0.0,0.5223671197891235,0.5223676562309265,-5.364418029785156e-07,0.35522041618824,0.35521876215934756,1.6540288924615787e-06,4.7703688174928164e-06,57.51647699798923,8.293916919945546e-08,6.903644483382183e-07,-9.326750019777282e-09,2.8757479226681483e-08,0.2552136539538452,0.0274574449828362,0.0,0.00037200842052698135,0.008796282107744809,0.00015293499475032738,0.5659653544425964,1125.9921875,0.5016369819641113,12,True,min_influence_pixels,True,0.09437759965658188,0.0,0.0772484764456749,12.0,0.00015624999650754035,0.8185043334960938,0.0,0.0,0.39882391691207886,0.39882391691207886,0.8185043334960938,0,45,0.0,1,0.0,0.0,0.0,0
45,tum_fr1_desk,45,validation,605,605,geometry_stratified,depth_discontinuity,1,5.4731503752523505,5.473149006040519,-1.3692118319141855e-06,0.0,0.0,0.0,0.5223671197891235,0.5223671197891235,0.0,0.35522041618824,0.355220478773117,-6.258487700305793e-08,-1.7511820736256282e-07,49.92803500499576,-3.5074123655185034e-09,-2.742370757786048e-08,0.0,-1.2535017049398345e-09,0.0005512997982126677,-1.632031284136415e-05,0.0,1.0336935520174895e-05,4.1305492361590706e-05,8.273005808752078e-07,0.8434292078018188,1653.9173583984375,0.5089584589004517,49,False,none,True,0.3210817575454712,0.0,1.4381979703903198,49.0,0.0006380208651535213,4.479226589202881,0.0,0.0,0.24824172258377075,0.24824172258377075,4.479226589202881,0,45,0.0,1,0.0,0.0,0.0,0
45,tum_fr1_desk,45,validation,3703,3703,geometry_stratified,depth_discontinuity,1,5.4731503752523505,5.473163610988983,1.3235736632921657e-05,0.0,0.0,0.0,0.5223671197891235,0.5223667621612549,3.5762786865234375e-07,0.35522041618824,0.35521970391273494,7.122755050770202e-07,1.8982009935424755e-06,64.37562000064645,2.948633339024019e-08,2.056016956852415e-07,5.555330863590168e-09,1.1064367303489546e-08,0.01420333129746254,0.001476135085407726,0.0,0.00022085681557655612,0.0009796528538710114,1.5217761846195405e-05,0.6793117523193359,1296.528564453125,0.5229465365409851,119,False,none,True,0.2925250828266144,0.0,3.3562161922454834,119.0,0.0015494792023673654,11.473259925842285,0.0,0.0,0.3503890633583069,0.3503890633583069,11.473259925842285,0,45,0.0,1,0.0,0.0,0.0,0
45,tum_fr1_desk,45,validation,71,71,geometry_stratified,depth_discontinuity,1,5.4731503752523505,5.474236296158329,0.00108592090597881,0.0,0.0,0.0,0.5223671197891235,0.5223671197891235,0.0,0.35522041618824,0.3551707863807678,4.96298074721957e-05,0.00013888612262916654,41.86513899912825,3.317464743925932e-06,2.59385477258638e-05,0.0,1.1854685941262284e-06,0.2685248317725124,0.00744485416693344,0.0,0.012509673833847046,0.03575596792299588,0.000854074984051538,0.6408433318138123,1155.377197265625,0.5536615252494812,280,False,none,True,0.42282727360725403,0.0,11.34477710723877,379.0,0.004934895783662796,26.830760955810547,0.0,0.0,0.3791080713272095,0.3791080713272095,26.830760955810547,0,45,0.0,1,0.0,0.0,0.0,0
45,tum_fr1_desk,45,validation,2322,2322,geometry_stratified,depth_discontinuity,1,5.4731503752523505,5.473303273289152,0.00015289803680129666,0.0,0.0,0.0,0.5223671197891235,0.522367000579834,1.1920928955078125e-07,0.35522041618824,0.3552133917808532,7.024407386813092e-06,1.962367673876389e-05,63.517747999867424,3.089479296212587e-07,2.4071703046149526e-06,1.8767870918696624e-09,1.1058967938894423e-07,0.04253847680225098,-0.0052129728205772,0.0,0.0036506593227386697,0.010963558492432218,0.0001726062216887019,0.5280500054359436,1035.1463623046875,0.5091210603713989,50,False,none,True,0.7283526659011841,0.0,3.3216772079467773,50.0,0.0006510416860692203,4.5605340003967285,0.0,0.0,0.45577728748321533,0.45577728748321533,4.5605340003967285,0,45,0.0,1,0.0,0.0,0.0,0
45,tum_fr1_desk,45,validation,6811,6811,geometry_stratified,flat,1,5.4731503752523505,5.473155395699428,5.020447077619394e-06,0.0,0.0,0.0,0.5223671197891235,0.5223656892776489,1.430511474609375e-06,0.35522041618824,0.35521975755691526,6.586313247569642e-07,1.463655802117281e-06,43.551784998271614,3.360725173894405e-08,1.1527534583986935e-07,3.2846219154189565e-08,1.512294673531986e-08,0.024765320645952826,-0.0010067975508527283,0.0027140527963638306,0.0013882339000701738,0.0063568153521190145,0.00014595992684045646,0.8536487817764282,1685.0166015625,0.5056114792823792,27,False,none,True,0.36087796092033386,0.19535250961780548,1.5606344938278198,27.0,0.0003515625139698386,2.8057334423065186,0.0,0.0,0.3685389757156372,0.3685389757156372,2.8057334423065186,0,45,0.0,1,0.0,0.0,0.0,0
45,tum_fr1_desk,45,validation,3378,3378,geometry_stratified,flat,1,5.4731503752523505,5.473142616391009,-7.75886134185555e-06,0.0,0.0,0.0,0.5223671197891235,0.5223628878593445,4.231929779052734e-06,0.35522041618824,0.35521950125694274,9.149312972800416e-07,1.438098461215501e-06,43.81001799629303,3.2825790241336705e-08,-1.771024458951846e-07,9.6597307479098e-08,2.0884065771382662e-08,-0.05625779382269158,0.014805690215067141,0.016648143529891968,0.00496810965705663,0.009110965593133978,0.0002079653469648175,0.8888124823570251,1769.3232421875,0.5013459920883179,9,True,min_influence_pixels,True,0.04241852089762688,0.4707663655281067,0.3453662097454071,9.0,0.00011718750465661287,0.6729859113693237,0.0,0.0,0.08516991138458252,0.08516991138458252,0.6729859113693237,0,45,0.0,1,0.0,0.0,0.0,0
45,tum_fr1_desk,45,validation,3253,3253,geometry_stratified,flat,1,5.4731503752523505,5.473158134127553,7.758875202767967e-06,0.0,0.0,0.0,0.5223671197891235,0.5223678350448608,-7.152557373046875e-07,0.35522041618824,0.3552202761173248,1.400709151999635e-07,5.81559933415564e-07,53.90151999745285,1.0789304892386077e-08,1.4394538786911053e-07,-1.3269676575697445e-08,2.598644995662138e-09,0.04197571601303629,0.0003675071297367938,-0.00033658742904663086,0.0003223530948162079,0.0022670574077256794,4.205924819620691e-05,1.0,1952.3150634765625,0.5112123489379883,40,False,none,True,0.227425679564476,0.5719892382621765,4.481653690338135,40.0,0.0005208333604969084,5.606167316436768,0.0,0.0,0.004555821418762207,0.004555821418762207,5.606167316436768,0,45,0.0,1,0.0,0.0,0.0,0
45,tum_fr1_desk,45,validation,3873,3873,geometry_stratified,flat,1,5.4731503752523505,5.4738450777244605,0.0006947024721100092,0.0,0.0,0.0,0.5223671197891235,0.5222863554954529,8.07642936706543e-05,0.35522041618824,0.35516443550586696,5.598068237305798e-05,0.0001352340631874202,66.37998299993342,2.037271735781491e-06,1.04655415791641e-05,1.2166965103129856e-06,8.433367988827916e-07,0.5386892363907947,0.026966197404385994,0.0198972225189209,0.01979366540908814,0.06894225518414392,0.0010386000729197696,0.5025503039360046,952.5966796875,0.5265582799911499,133,False,none,True,0.32581305503845215,0.2614332139492035,7.798128128051758,143.0,0.001861979253590107,13.279144287109375,0.0,0.0,0.6862697601318359,0.6862697601318359,13.279144287109375,0,45,0.0,1,0.0,0.0,0.0,0
45,tum_fr1_desk,45,validation,3947,3947,geometry_stratified,flat,1,5.4731503752523505,5.473832752862172,0.000682377609821927,0.0,0.0,0.0,0.5223671197891235,0.5222868919372559,8.022785186767578e-05,0.35522041618824,0.355165159702301,5.525648593901478e-05,0.0001333496659664172,52.64267500024289,2.5331096105165997e-06,1.2962441779768572e-05,1.5240078865161319e-06,1.0496519399661935e-06,0.3041491243421186,0.005949676473395054,0.01853969693183899,0.015356442332267767,0.04922727852751324,0.0009351211451030198,0.7611715197563171,1372.905029296875,0.5534240007400513,208,False,none,True,0.30179521441459656,0.26487091183662415,15.136785507202148,274.0,0.003567708423361182,26.711999893188477,0.0,0.0,0.3601388931274414,0.3601388931274414,26.711999893188477,0,45,0.0,1,0.0,0.0,0.0,0
45,tum_fr1_desk,45,validation,5846,5846,geometry_stratified,flat,1,5.4731503752523505,5.473562071187841,0.00041169593549028605,0.0,0.0,0.0,0.5223671197891235,0.5223637223243713,3.3974647521972656e-06,0.35522041618824,0.3552005797624588,1.9836425781238898e-05,5.460590533866878e-05,46.52735800482333,1.1736300464988357e-06,8.848470086085845e-06,7.302079675027029e-08,4.263389676925676e-07,0.7908975786355743,0.0,0.001893073320388794,0.015908054262399662,0.06434590582501722,0.0013829692590399546,0.8562507629394531,1602.83203125,0.5332111120223999,90,False,none,True,0.38150379061698914,0.38279807567596436,12.69166374206543,90.0,0.0011718750465661287,16.60556411743164,0.0,0.0,0.208929181098938,0.208929181098938,16.60556411743164,0,45,0.0,1,0.0,0.0,0.0,0
45,tum_fr1_desk,45,validation,5713,5713,geometry_stratified,general_visible,1,5.4731503752523505,5.473137595958704,-1.2779293646403289e-05,0.0,0.0,0.0,0.5223671197891235,0.5223599672317505,7.152557373046875e-06,0.35522041618824,0.3552188545465469,1.5616416931263366e-06,2.473341724731627e-06,49.83283999899868,4.963276676146343e-08,-2.5644321388586464e-07,1.4353100030402833e-07,3.133760173326898e-08,-0.812309509171115,-0.035066403423460235,0.005311846733093262,0.001498072885442514,-0.015478594092238014,-0.0003106103142535933,0.7106533050537109,1330.797119140625,0.5330057144165039,94,False,none,True,0.01878429763019085,0.6769910454750061,11.482276916503906,94.0,0.0012239583302289248,16.502851486206055,0.0,0.0,0.2891750931739807,0.2891750931739807,16.502851486206055,0,45,0.0,1,0.0,0.0,0.0,0
45,tum_fr1_desk,55,validation,6146,6146,geometry_stratified,edge,1,5.9323269964551395,5.93214284950221,-0.00018414695292978678,0.0,0.0,0.0,0.4997693598270416,0.49974679946899414,2.256035804748535e-05,0.3285241812467575,0.328524985909462,-8.046627045232846e-07,-8.186425990853553e-06,44.66849900200032,-1.83270675616097e-07,-4.122523860081809e-06,5.050619239852915e-07,-1.8014097686319182e-08,-0.847204075836876,-0.021306218083236406,0.01897275447845459,-8.376948535440687e-05,-0.027681242280889452,-0.0006197038830351082,0.633485734462738,1229.74658203125,0.5141351222991943,69,False,none,True,0.2018028348684311,0.2639510929584503,3.2917401790618896,74.0,0.000963541679084301,7.06755256652832,0.0,0.0,0.386377215385437,0.386377215385437,7.06755256652832,0,55,0.0,1,0.0,0.0,0.0,0
45,tum_fr1_desk,55,validation,6989,6989,geometry_stratified,edge,1,5.9323269964551395,5.932525863641707,0.00019886718656714208,0.0,0.0,0.0,0.4997693598270416,0.499769002199173,3.5762786865234375e-07,0.3285241812467575,0.32851589620113375,8.285045623723786e-06,2.3680514814798336e-05,43.56089200155111,5.436186847127723e-07,4.565268924246566e-06,8.209838050139318e-09,1.9019458149361984e-07,0.17623710722084773,0.012881324883399617,-0.00037795305252075195,0.007526662945747387,0.021534885727656924,0.0004943628272554684,0.7385302782058716,1437.32568359375,0.5128224492073059,42,False,none,True,0.45480477809906006,0.24823959171772003,4.507366180419922,42.0,0.0005468750023283064,6.411211967468262,0.0,0.0,0.2989083528518677,0.2989083528518677,6.411211967468262,0,55,0.0,1,0.0,0.0,0.0,0
45,tum_fr1_desk,55,validation,3009,3009,geometry_stratified,edge,1,5.9323269964551395,5.932323445338136,-3.5511170031199413e-06,0.0,0.0,0.0,0.4997693598270416,0.49975815415382385,1.1205673217773438e-05,0.3285241812467575,0.32852096557617183,3.2156705856434264e-06,6.307483660643201e-06,79.72211000014795,7.911837331740838e-08,-4.45436906162337e-08,1.4055916505161043e-07,4.033599443915193e-08,0.029039436704542343,0.0023261350349917734,0.0004927217960357666,0.0034469991922377874,0.0138716117504258,0.00017399955608801696,1.0,1897.6658935546875,0.5259631276130676,115,False,none,True,0.8433467149734497,0.41321781277656555,16.312164306640625,115.0,0.0014973959187045693,12.98155689239502,0.0,0.0,0.15526741743087769,0.15526741743087769,12.98155689239502,0,55,0.0,1,0.0,0.0,0.0,0
45,tum_fr1_desk,55,validation,5804,5804,geometry_stratified,edge,1,5.9323269964551395,5.932423385025695,9.638857055538352e-05,0.0,0.0,0.0,0.4997693598270416,0.49976974725723267,-3.8743019104003906e-07,0.3285241812467575,0.32852033376693723,3.847479820240363e-06,1.1141048946236211e-05,42.50169599981746,2.621318675443931e-07,2.267875864431328e-06,-9.115640727412456e-09,9.052532445427324e-08,1.0878996542277548,0.06141868384350377,-0.0013037621974945068,0.0030270395800471306,0.04459661806307091,0.0010492903168678833,0.611120879650116,1186.5299072265625,0.5140488147735596,50,False,none,True,0.12010610103607178,0.04582609608769417,1.165573000907898,50.0,0.0006510416860692203,7.024393558502197,0.0,0.0,0.31667494773864746,0.31667494773864746,7.024393558502197,0,55,0.0,1,0.0,0.0,0.0,0
45,tum_fr1_desk,55,validation,2235,2235,geometry_stratified,edge,1,5.9323269964551395,5.932262062203115,-6.49342520242513e-05,0.0,0.0,0.0,0.4997693598270416,0.49976620078086853,3.159046173095703e-06,0.3285241812467575,0.3285259038209915,-1.7225742340309935e-06,-5.765779656642473e-06,65.61300400062464,-8.787556284707802e-08,-9.896552217550216e-07,4.814664747045614e-08,-2.6253549281398463e-08,0.009711207457154147,0.00011671594085764861,-0.0006130831316113472,0.0008627028204500342,-0.018248628690566496,-0.00027812518217261884,0.9695264101028442,1899.251953125,0.5094780325889587,52,False,none,True,0.820626437664032,0.0038987998850643635,3.907435894012451,52.0,0.0006770833279006183,4.739013195037842,0.0,0.0,0.1943507194519043,0.1943507194519043,4.739013195037842,0,55,0.0,1,0.0,0.0,0.0,0
45,tum_fr1_desk,55,validation,1838,1838,geometry_stratified,edge,1,5.9323269964551395,5.932332069484467,5.073029327284928e-06,0.0,0.0,0.0,0.4997693598270416,0.4997681975364685,1.1622905731201172e-06,0.3285241812467575,0.3285236239433288,5.57303428683209e-07,1.2963011651658093e-06,64.97701499756658,1.9950149529250555e-08,7.807421328103353e-08,1.7887718805852277e-08,8.576931838190478e-09,0.019388257606557602,-0.0048148703658486,0.0004101991653442383,0.00022748522460458442,0.0009850611976909489,1.516014851910079e-05,0.8812524676322937,1710.7188720703125,0.5141357183456421,69,False,none,True,0.15202488005161285,1.817895531654358,13.923117637634277,69.0,0.0008984375162981451,7.0678582191467285,0.0,0.0,0.18466854095458984,0.18466854095458984,7.0678582191467285,0,55,0.0,1,0.0,0.0,0.0,0
45,tum_fr1_desk,55,validation,7569,7569,geometry_stratified,texture,1,5.9323269964551395,5.932938846532516,0.00061185007737663,0.0,0.0,0.0,0.4997693598270416,0.49974310398101807,2.625584602355957e-05,0.3285241812467575,0.32849114537239077,3.303587436670474e-05,8.795758254959771e-05,52.50193800020497,1.6753206814814019e-06,1.1653856994274026e-05,5.000928922558452e-07,6.292315222073473e-07,0.7273272889145979,0.08367655824869447,0.005495160818099976,0.00999588444828986,0.04953988973595898,0.0009435821156881022,0.8990426063537598,1693.956298828125,0.5297353863716125,141,False,none,True,0.19348521530628204,0.3977903425693512,8.790909767150879,162.0,0.0021093750838190317,14.867703437805176,0.0,0.0,0.35091614723205566,0.35091614723205566,14.867703437805176,0,55,0.0,1,0.0,0.0,0.0,0
45,tum_fr1_desk,55,validation,3448,3448,geometry_stratified,texture,1,5.9323269964551395,5.932341708256514,1.471180137446737e-05,0.0,0.0,0.0,0.4997693598270416,0.4997710585594177,-1.6987323760986328e-06,0.3285241812467575,0.32852408587932586,9.536743161842054e-08,7.162465931057622e-07,52.408713003387675,1.3666555655725877e-08,2.80712891642968e-07,-3.2413167176778937e-08,1.8196865779218053e-09,0.11551838431758377,0.020664923617489894,0.00047892332077026367,0.0007927786558866445,0.0058716825066141625,0.00011203638040557531,0.8750253319740295,1670.8193359375,0.5227103233337402,64,False,none,True,0.11046149581670761,0.4996064305305481,6.927417755126953,64.0,0.0008333333535119891,11.355158805847168,0.0,0.0,0.11666560173034668,0.11666560173034668,11.355158805847168,0,55,0.0,1,0.0,0.0,0.0,0
45,tum_fr1_desk,55,validation,6297,6297,geometry_stratified,texture,1,5.9323269964551395,5.932424906967649,9.791051250918059e-05,0.0,0.0,0.0,0.4997693598270416,0.4997338652610779,3.549456596374512e-05,0.3285241812467575,0.32850950658321376,1.4674663543712274e-05,3.285976762656219e-05,44.49333999946248,7.385322753238837e-07,2.2005655792611533e-06,7.977500894330236e-07,3.2981708147533e-07,0.42429828250400803,0.0,0.013738036155700684,0.007254375889897344,0.04608126615990961,0.001035689075274329,0.6466447114944458,1231.5665283203125,0.5240586996078491,85,False,none,True,0.19480706751346588,0.1547742635011673,4.205239772796631,85.0,0.0011067708255723119,12.029359817504883,0.0,0.0,0.33334243297576904,0.33334243297576904,12.029359817504883,0,55,0.0,1,0.0,0.0,0.0,0
45,tum_fr1_desk,55,validation,6819,6819,geometry_stratified,texture,1,5.9323269964551395,5.93231482120893,-1.2175246209444879e-05,0.0,0.0,0.0,0.4997693598270416,0.4997435510158539,2.580881118774414e-05,0.3285241812467575,0.3285169392824173,7.24196434015445e-06,1.4055783949620889e-05,42.596115003107116,3.299780730847311e-07,-2.85829968497286e-07,6.05895894164563e-07,1.7001466776080858e-07,0.0005049228320408439,0.0,0.005034714937210083,0.0015437304973602295,0.00852597852967878,0.000200158594957706,0.7793465256690979,1419.929931640625,0.5478626489639282,107,False,none,True,0.5824609398841858,0.15973027050495148,17.761627197265625,107.0,0.0013932292349636555,23.93133544921875,0.0,0.0,0.24910545349121094,0.24910545349121094,23.93133544921875,0,55,0.0,1,0.0,0.0,0.0,0
45,tum_fr1_desk,55,validation,4544,4544,geometry_stratified,texture,1,5.9323269964551395,5.93228894892407,-3.8047531069729246e-05,0.0,0.0,0.0,0.4997693598270416,0.49976202845573425,7.331371307373047e-06,0.3285241812467575,0.32852354645729065,6.347894668246035e-07,-8.866230891192727e-08,42.53862900077365,-2.084277537724941e-09,-8.944230682431555e-07,1.7234620578015597e-07,1.4922659280181748e-08,-0.08643425908577473,-0.004207742034382345,0.030018389225006104,0.003526836633682251,0.002020563289224949,4.749949250099717e-05,0.4662502110004425,928.61767578125,0.5010905861854553,8,True,min_influence_pixels,True,0.6181192994117737,0.5417488217353821,0.6324833631515503,8.0,0.00010416666918899864,0.5453062653541565,0.0,0.0,0.7302405834197998,0.7302405834197998,0.5453062653541565,0,55,0.0,1,0.0,0.0,0.0,0
45,tum_fr1_desk,55,validation,7868,7868,geometry_stratified,texture,1,5.9323269964551395,5.9327881590354465,0.0004611625803070396,0.0,0.0,0.0,0.4997693598270416,0.4997408092021942,2.855062484741211e-05,0.3285241812467575,0.328496652841568,2.7528405189491956e-05,7.155433109411332e-05,42.65729900362203,1.6774229209410948e-06,1.0810871552553816e-05,6.693022182437729e-07,6.45338683706967e-07,0.7409767131676297,0.0,0.014457643032073975,0.01654747724533079,0.06582797913897992,0.0015431820737968071,0.8012849688529968,1543.37548828125,0.5181769132614136,75,False,none,True,0.2503696382045746,0.3510018587112427,5.465546607971191,78.0,0.0010156250791624188,9.088469505310059,0.0,0.0,0.4765690565109253,0.4765690565109253,9.088469505310059,0,55,0.0,1,0.0,0.0,0.0,0
45,tum_fr1_desk,55,validation,690,690,geometry_stratified,depth_discontinuity,1,5.9323269964551395,5.932323952640388,-3.043814751357843e-06,0.0,0.0,0.0,0.4997693598270416,0.4997693598270416,0.0,0.3285241812467575,0.32852430641651154,-1.25169754061627e-07,-3.591626569512556e-07,40.318830993783195,-8.908062265164267e-09,-7.549362608819616e-08,0.0,-3.1044985922564837e-09,-0.005099451838972868,0.00012986055515884498,0.0,-1.6969628632068634e-05,-0.0002117938873404649,-5.2529768874777554e-06,0.6804696917533875,1349.0513916015625,0.5034060478210449,21,True,min_influence_pixels,True,0.11579271405935287,0.0,0.1971988081932068,21.0,0.0002734375011641532,1.7030329704284668,0.0,0.0,0.189691960811615,0.189691960811615,1.7030329704284668,0,55,0.0,1,0.0,0.0,0.0,0
45,tum_fr1_desk,55,validation,701,701,geometry_stratified,depth_discontinuity,1,5.9323269964551395,5.932325474547497,-1.5219076425765365e-06,0.0,0.0,0.0,0.4997693598270416,0.4997694194316864,-5.960464477539063e-08,0.3285241812467575,0.32852426171302795,-8.046627048008403e-08,-2.1536065111792247e-07,49.59486900042975,-4.342397821759673e-09,-3.068679630070903e-08,-1.2018308743768257e-09,-1.6224716810802901e-09,-0.013413927986974272,0.0,0.0,-5.755592137575427e-05,-0.0005960040793215994,-1.2017454453129717e-05,0.7435809969902039,1469.31494140625,0.5050731897354126,34,False,none,True,0.13647527992725372,0.0,0.3461836278438568,34.0,0.000442708347691223,2.5366032123565674,0.0,0.0,0.10108423233032227,0.10108423233032227,2.5366032123565674,0,55,0.0,1,0.0,0.0,0.0,0
45,tum_fr1_desk,55,validation,1158,1158,geometry_stratified,depth_discontinuity,1,5.9323269964551395,5.932372146624479,4.515016933925864e-05,0.0,0.0,0.0,0.4997693598270416,0.49976909160614014,2.682209014892578e-07,0.3285241812467575,0.3285222440958023,1.9371509552001953e-06,5.488615783237484e-06,69.62023700179998,7.883649955250195e-08,6.485207647036783e-07,3.852628388529087e-09,2.7824538361598965e-08,0.0021270248774936107,0.0005603627082453738,0.0,4.884749650956033e-05,0.00017596633723201757,2.527517067019868e-06,0.5543935894966125,1054.5020751953125,0.5247396230697632,101,False,none,True,0.3589158058166504,0.0,4.439721584320068,101.0,0.0013151041930541396,12.369813919067383,0.0,0.0,0.36861640214920044,0.36861640214920044,12.369813919067383,0,55,0.0,1,0.0,0.0,0.0,0
45,tum_fr1_desk,55,validation,1038,1038,geometry_stratified,depth_discontinuity,1,5.9323269964551395,5.932328011060531,1.0146053917026165e-06,0.0,0.0,0.0,0.4997693598270416,0.4997693598270416,0.0,0.3285241812467575,0.3285241395235061,4.172325135387567e-08,1.197209416500853e-07,36.65653200005181,3.2660193181918052e-09,2.7678706531790364e-08,0.0,1.1382214595155018e-09,0.002727280956854372,0.0,0.0,6.122887134552002e-05,0.00022303807981852484,6.0845384887530985e-06,0.790213942527771,1574.6104736328125,0.5008472204208374,5,True,min_influence_pixels,True,0.35938113927841187,0.0,0.1522422581911087,5.0,6.510417006211355e-05,0.42362338304519653,0.0,0.0,0.22068607807159424,0.22068607807159424,0.42362338304519653,0,55,0.0,1,0.0,0.0,0.0,0
45,tum_fr1_desk,55,validation,1120,1120,geometry_stratified,depth_discontinuity,1,5.9323269964551395,5.932332576787726,5.580332586241354e-06,0.0,0.0,0.0,0.4997693598270416,0.4997692406177521,1.1920928955078125e-07,0.3285241812467575,0.3285239160060882,2.652406692615905e-07,7.300241073278069e-07,49.00866699608741,1.4895816435613074e-08,1.138641984832368e-07,2.432412404938463e-09,5.412117601214616e-09,-0.10852342683294225,0.011865781229538519,0.0,-0.0008691109716892284,-0.005802507621611607,-0.00011839758102530819,0.9517917037010193,1891.147216796875,0.5022879838943481,19,True,min_influence_pixels,True,0.1910286396741867,0.0,0.21853338181972504,19.0,0.00024739583022892475,1.1439822912216187,0.0,0.0,0.06846815347671509,0.06846815347671509,1.1439822912216187,0,55,0.0,1,0.0,0.0,0.0,0
45,tum_fr1_desk,55,validation,348,348,geometry_stratified,depth_discontinuity,1,5.9323269964551395,5.932328011060531,1.0146053917026165e-06,0.0,0.0,0.0,0.4997693598270416,0.4997696280479431,-2.682209014892578e-07,0.3285241812467575,0.3285242199897766,-3.874301912620837e-08,-4.128586852055986e-08,48.705162000260316,-8.476692577336915e-10,2.0831578215409566e-08,-5.5070323241676976e-09,-7.954602250578963e-10,-5.742467586866695e-05,-0.005737471831515836,0.0,-1.9818544387817383e-06,-6.005478381064791e-06,-1.2330270826391448e-07,0.8864148259162903,1763.31396484375,0.5016981959342957,11,True,min_influence_pixels,True,0.45923879742622375,0.0,0.38993901014328003,11.0,0.00014322917559184134,0.8490985631942749,0.0,0.0,0.02600616216659546,0.02600616216659546,0.8490985631942749,0,55,0.0,1,0.0,0.0,0.0,0
45,tum_fr1_desk,55,validation,3053,3053,geometry_stratified,flat,1,5.9323269964551395,5.932364537012487,3.754055734717099e-05,0.0,0.0,0.0,0.4997693598270416,0.4997669458389282,2.4139881134033203e-06,0.3285241812467575,0.3285219132900238,2.267956733692511e-06,5.878754758993405e-06,83.68598300148733,7.02477828203192e-08,4.4858835375697013e-07,2.884578787059736e-08,2.710079576471251e-08,0.18546075669375028,0.016609434256533606,0.0004912614822387695,0.0017681181430816428,0.010526661011018061,0.00012578762456349438,0.8794494271278381,1690.621337890625,0.5191929936408997,106,False,none,True,0.20254352688789368,0.7512207627296448,9.15279483795166,106.0,0.0013802084140479565,9.596495628356934,0.0,0.0,0.15234065055847168,0.15234065055847168,9.596495628356934,0,55,0.0,1,0.0,0.0,0.0,0
45,tum_fr1_desk,55,validation,3749,3749,geometry_stratified,flat,1,5.9323269964551395,5.932345259388452,1.826293331230744e-05,0.0,0.0,0.0,0.4997693598270416,0.49977174401283264,-2.384185791015625e-06,0.3285241812467575,0.32852414548397063,3.5762786843029915e-08,7.238095825270105e-07,59.327540002414025,1.2200229143119012e-08,3.0783230370860353e-07,-4.0186830448702456e-08,6.028024563562679e-10,-0.5966300826019015,0.004878669370613542,0.004439860582351685,0.0010400709463283392,-0.012016848191655084,-0.00020255092645280961,0.7448335886001587,1482.3258056640625,0.5014762878417969,10,True,min_influence_pixels,True,0.04944939166307449,0.304819256067276,0.26149898767471313,10.0,0.0001302083401242271,0.7381375432014465,0.0,0.0,0.1318744421005249,0.1318744421005249,0.7381375432014465,0,55,0.0,1,0.0,0.0,0.0,0
45,tum_fr1_desk,55,validation,1477,1477,geometry_stratified,flat,1,5.9323269964551395,5.9323269964551395,0.0,0.0,0.0,0.0,0.4997693598270416,0.49976876378059387,5.960464477539062e-07,0.3285241812467575,0.32852400243282315,1.7881393432617188e-07,3.5779291149032255e-07,67.35918699996546,5.3117165961416074e-09,0.0,8.84877734278788e-09,2.654633202836364e-09,0.001891146791866305,0.0001499524203270597,0.0005320310592651367,0.00016703475266693912,0.00025497358312035097,3.7852829654918745e-06,0.5211777687072754,1036.8428955078125,0.5016583204269409,17,True,min_influence_pixels,True,0.13500738143920898,0.9232566356658936,0.8774858117103577,17.0,0.0002213541738456115,0.8291747570037842,0.0,0.0,0.657512903213501,0.657512903213501,0.8291747570037842,0,55,0.0,1,0.0,0.0,0.0,0
45,tum_fr1_desk,55,validation,7659,7659,geometry_stratified,flat,1,5.9323269964551395,5.933450309753572,0.0011233132984322935,0.0,0.0,0.0,0.4997693598270416,0.49974289536476135,2.6464462280273438e-05,0.3285241812467575,0.32847005426883696,5.412697792051002e-05,0.00014843421263845437,43.68632600380806,3.3977270742684017e-06,2.571315560695986e-05,6.057836559193962e-07,1.2389913016670677e-06,0.517969735461338,0.04323160667696149,0.0014015734195709229,0.014224390685558336,0.050027516528122574,0.0011451527538333564,0.933016300201416,1677.0843505859375,0.5553323030471802,127,False,none,True,0.3730001747608185,0.19781677424907684,15.79230785369873,127.0,0.0016536458861082792,27.66615104675293,0.0,0.0,0.3642709255218506,0.3642709255218506,27.66615104675293,0,55,0.0,1,0.0,0.0,0.0,0
45,tum_fr1_desk,55,validation,3315,3315,geometry_stratified,flat,1,5.9323269964551395,5.932325981849987,-1.0146051527826216e-06,0.0,0.0,0.0,0.4997693598270416,0.499766081571579,3.2782554626464844e-06,0.3285241812467575,0.32852323949337003,9.417533874400696e-07,1.8481400997386606e-06,53.21732399897883,3.4728166710789966e-08,-1.9065317015979433e-08,6.160128349763303e-08,1.7696368713656866e-08,-1.131486748118924,-0.02451976916556764,0.007607787847518921,0.0020442729350179656,-0.022372212842289334,-0.0004203934200584499,0.8407275080680847,1649.292724609375,0.508750319480896,34,False,none,True,0.0320369154214859,0.5047711730003357,2.348620653152466,34.0,0.000442708347691223,4.375158786773682,0.0,0.0,0.06693702936172485,0.06693702936172485,4.375158786773682,0,55,0.0,1,0.0,0.0,0.0,0
45,tum_fr1_desk,55,validation,6663,6663,geometry_stratified,flat,1,5.9323269964551395,5.932284383242741,-4.261321239873439e-05,0.0,0.0,0.0,0.4997693598270416,0.4997829794883728,-1.3619661331176758e-05,0.3285241812467575,0.32853001952171323,-5.838274955760614e-06,-1.3203822319156228e-05,57.742910998058505,-2.2866568537911401e-07,-7.379817134637909e-07,-2.3586724492699533e-07,-1.011080815783069e-07,0.3587198477917326,-0.01424703333163757,-0.02899901568889618,-0.007661143876612181,-0.05266570606588631,-0.0009120722380563233,0.700223982334137,1387.04443359375,0.5038316249847412,24,True,min_influence_pixels,True,0.12588687241077423,0.1266820728778839,0.4838716685771942,24.0,0.0003124999930150807,1.9158002138137817,0.0,0.0,0.2514941692352295,0.2514941692352295,1.9158002138137817,0,55,0.0,1,0.0,0.0,0.0,0
45,tum_fr1_desk,55,validation,1742,1742,geometry_stratified,general_visible,1,5.9323269964551395,5.932380263558631,5.3267103491627665e-05,0.0,0.0,0.0,0.4997693598270416,0.4997693598270416,0.0,0.3285241812467575,0.328521990776062,2.1904706954956055e-06,6.285387246256011e-06,61.76166699879104,1.0176841966359238e-07,8.624622047955789e-07,0.0,3.546650862805376e-08,0.04063794388654163,0.0003345401286160843,0.0,0.0021043956279754583,0.005792561643019454,9.378894587046754e-05,0.6520973443984985,1296.22412109375,0.5020745396614075,16,True,min_influence_pixels,True,0.5635251402854919,0.0,0.5845285058021545,16.0,0.00020833333837799728,1.0372713804244995,0.0,0.0,0.33619874715805054,0.33619874715805054,1.0372713804244995,0,55,0.0,1,0.0,0.0,0.0,0
45,tum_fr2_xyz,10,cross_scene_test,529,529,geometry_stratified,edge,1,12.721963072458074,12.72246815463092,0.000505082172846727,0.5774850871841573,0.5775392617535076,5.417456935030707e-05,0.2623111307621002,0.26225215196609497,5.8978796005249023e-05,0.11609593406319618,0.11607389077544213,2.2043287754056062e-05,9.524398436003402e-05,44.73231099836994,2.1291988326626973e-06,1.1291215713517067e-05,1.3184830984341102e-06,4.92782225243389e-07,0.304669421188672,0.06922994611772876,0.07745909690856934,0.02660787254571917,0.03515144716220455,0.0007858178211156021,0.7389403581619263,1420.3037109375,0.5192692279815674,92,False,none,True,0.21247415244579315,0.5448185801506042,7.2962117195129395,186.0,0.0024218750186264515,9.634598731994629,0.0,0.0,0.3607226014137268,0.3607226014137268,9.634598731994629,0,10,0.0,1,0.0,0.0,0.0,0
45,tum_fr2_xyz,10,cross_scene_test,192,192,geometry_stratified,edge,1,12.721963072458074,12.7222310493893,0.00026797693122659894,0.5774850871841573,0.5775299592231382,4.4872038980958706e-05,0.2623111307621002,0.26230740547180176,3.725290298461914e-06,0.11609593406319618,0.11609250865876675,3.42540442943573e-06,1.900542268654533e-05,52.59070699685253,3.613836696981992e-07,5.095518705284508e-06,7.083552420553819e-08,6.513326450699236e-08,-0.07620450507767274,0.0,-0.0005933865904808044,-0.0004348760470747927,-0.010615325331955978,-0.0002018479297605048,0.5909988284111023,1150.0203857421875,0.5129029154777527,61,False,none,True,0.11145943403244019,0.006670867558568716,0.7621110677719116,61.0,0.0007942708325572312,6.451444149017334,0.0,0.0,0.3912413716316223,0.3912413716316223,6.451444149017334,0,10,0.0,1,0.0,0.0,0.0,0
45,tum_fr2_xyz,10,cross_scene_test,791,791,geometry_stratified,edge,1,12.721963072458074,12.722008188320551,4.511586247701871e-05,0.5774850871841573,0.5774802573867482,-4.829797409011682e-06,0.2623111307621002,0.2622983157634735,1.2814998626708984e-05,0.11609593406319618,0.11609170101583002,4.233047366158926e-06,1.713866598607071e-05,43.91460600163555,3.902725663855984e-07,1.0273543721498587e-06,2.9181631792920346e-07,9.639269827449372e-08,0.12726911501609806,0.08041900356926068,0.019094228744506836,0.0058668928220868555,0.008063640180653574,0.0001836209160194504,0.846903920173645,1645.6959228515625,0.5136174559593201,44,False,none,True,0.07357268035411835,1.4607889652252197,10.447052955627441,44.0,0.0005729167023673654,6.80872917175293,0.0,0.0,0.2655860185623169,0.2655860185623169,6.80872917175293,0,10,0.0,1,0.0,0.0,0.0,0
45,tum_fr2_xyz,10,cross_scene_test,1590,1590,geometry_stratified,edge,1,12.721963072458074,12.724526941802093,0.0025638693440193094,0.5774850871841573,0.5776934342164406,0.00020834703228334028,0.2623111307621002,0.2623123228549957,-1.1920928955078125e-06,0.11609593406319618,0.1160742174834013,2.1716579794883728e-05,0.00013970829437996173,44.594787003006786,3.1328391448655635e-06,5.749257965614774e-05,-2.6731664744299285e-08,4.869757488340396e-07,0.26685045420296305,0.0,0.00012004375457763672,0.006064741313457481,0.022869018554747437,0.0005128182034641292,0.6958903074264526,1258.801025390625,0.551819920539856,228,False,none,True,0.16347520053386688,0.02268974483013153,4.823523998260498,277.0,0.0036067708861082792,25.90994644165039,0.0,0.0,0.36943817138671875,0.36943817138671875,25.90994644165039,0,10,0.0,1,0.0,0.0,0.0,0
45,tum_fr2_xyz,10,cross_scene_test,865,865,geometry_stratified,edge,1,12.721963072458074,12.722826410988016,0.0008633385299425811,0.5774850871841573,0.5775210737444146,3.598656025738389e-05,0.2623111307621002,0.26221954822540283,9.15825366973877e-05,0.11609593406319618,0.11606102474033832,3.490932285786508e-05,0.00015224455462540957,47.18678500648821,3.2264235549100423e-06,1.8296193093550907e-05,1.9408513778761375e-06,7.398114292606505e-07,0.5700004956502038,0.004422230867523108,0.05972203612327576,0.02298232465982436,0.07182132623376747,0.0015220644132439198,0.6115940809249878,1191.1190185546875,0.5124617218971252,74,False,none,True,0.1730644255876541,0.2769954800605774,2.804255723953247,86.0,0.0011197916464880109,6.2308502197265625,0.0,0.0,0.44538795948028564,0.44538795948028564,6.2308502197265625,0,10,0.0,1,0.0,0.0,0.0,0
45,tum_fr2_xyz,10,cross_scene_test,1812,1812,geometry_stratified,edge,1,12.721963072458074,12.723293733137686,0.0013306606796117393,0.5774850871841573,0.5775593948851995,7.430770104221995e-05,0.2623111307621002,0.26231279969215393,-1.6689300537109375e-06,0.11609593406319618,0.11608497649431229,1.0957568883890323e-05,7.130816056041094e-05,53.45433799811872,1.3340013782028426e-06,2.4893408644562596e-05,-3.1221601767281713e-08,2.0498932910320515e-07,0.33339711177456266,0.02579893329564642,-0.001760922372341156,0.004194685816764826,0.017215430728806144,0.0003220586274852385,0.7773724794387817,1436.372802734375,0.540205180644989,164,False,none,True,0.25383931398391724,0.019102243706583977,5.486830711364746,164.0,0.0021354167256504297,20.102584838867188,0.0,0.0,0.3329503536224365,0.3329503536224365,20.102584838867188,0,10,0.0,1,0.0,0.0,0.0,0
45,tum_fr2_xyz,10,cross_scene_test,1993,1993,geometry_stratified,texture,1,12.721963072458074,12.721924012794597,-3.9059663476948e-05,0.5774850871841573,0.577482906086965,-2.1810971922997524e-06,0.2623111307621002,0.2623103857040405,7.450580596923828e-07,0.11609593406319618,0.11609604693949221,-1.1287629603229377e-07,-1.2970700820830032e-06,72.30999300372787,-1.7937632520807105e-08,-5.401696481278088e-07,1.0303666599082262e-08,-1.561005489607426e-09,-0.03455846588098055,-0.003471926446479867,0.0007387436926364899,0.0002065906766802062,0.005000704270048405,6.915647564494438e-05,0.47077393531799316,908.7957763671875,0.5170194506645203,76,False,none,True,0.03778276965022087,0.037432603538036346,0.6400631666183472,76.0,0.000989583320915699,8.50973892211914,0.0,0.0,0.5314007997512817,0.5314007997512817,8.50973892211914,0,10,0.0,1,0.0,0.0,0.0,0
45,tum_fr2_xyz,10,cross_scene_test,4041,4041,geometry_stratified,texture,1,12.721963072458074,12.72208146474698,0.0001183922889058664,0.5774850871841573,0.5774993619289631,1.4274744805864437e-05,0.2623111307621002,0.26231178641319275,-6.556510925292969e-07,0.11609593406319618,0.11609511114656924,8.229166269385635e-07,5.764438513056398e-06,44.570256999577396,1.293337508264997e-07,2.656307072830856e-06,-1.4710507335318116e-08,1.846335835457189e-08,0.21468522925789557,0.0,-0.0032110214233398438,0.0021860271692275557,0.013244283789652457,0.00029715520352009716,0.8280245661735535,1627.2724609375,0.507841944694519,19,True,min_influence_pixels,True,0.30218565464019775,0.6448933482170105,3.713470697402954,19.0,0.00024739583022892475,3.9209725856781006,0.0,0.0,0.45139753818511963,0.45139753818511963,3.9209725856781006,0,10,0.0,1,0.0,0.0,0.0,0
45,tum_fr2_xyz,10,cross_scene_test,2215,2215,geometry_stratified,texture,1,12.721963072458074,12.722930592516647,0.0009675200585732568,0.5774850871841573,0.5776390880545944,0.00015400087043715427,0.2623111307621002,0.2623092830181122,1.8477439880371094e-06,0.11609593406319618,0.11608704812824724,8.885934948937857e-06,5.5349040405469214e-05,66.81278799806023,8.284198588910279e-07,1.4481060999899402e-05,2.7655543847246052e-08,1.3299751761887023e-07,0.5005545526027841,0.03158106092232449,0.0004217959940433502,0.004133621603250502,0.031842184768099205,0.0004765881760393486,0.7730602025985718,1457.6678466796875,0.529340386390686,113,False,none,True,0.20050738751888275,0.02804671786725521,3.352936029434204,113.0,0.0014713541604578495,14.670207023620605,0.0,0.0,0.30819380283355713,0.30819380283355713,14.670207023620605,0,10,0.0,1,0.0,0.0,0.0,0
45,tum_fr2_xyz,10,cross_scene_test,1910,1910,geometry_stratified,texture,1,12.721963072458074,12.721961558511087,-1.5139469873304279e-06,0.5774850871841573,0.5774824484555723,-2.6387285849693853e-06,0.2623111307621002,0.2623122036457062,-1.0728836059570312e-06,0.11609593406319618,0.11609626896679401,-3.3490359782617496e-07,-1.310337383639158e-06,73.73430800362257,-1.7771067758237877e-08,-2.053246349387381e-08,-1.4550670305393255e-08,-4.5420321542818456e-09,0.10155480030902808,0.003559435829102009,0.00043683499097824097,0.0004212709143757848,0.007470000316286751,0.00010130969583276959,0.579100489616394,1126.2275390625,0.5131949186325073,58,False,none,True,0.12197622656822205,0.03862670063972473,1.0595697164535522,58.0,0.0007552083698101342,6.59744930267334,0.0,0.0,0.46059131622314453,0.46059131622314453,6.59744930267334,0,10,0.0,1,0.0,0.0,0.0,0
45,tum_fr2_xyz,10,cross_scene_test,2357,2357,geometry_stratified,texture,1,12.721963072458074,12.722184114382074,0.00022104192400007605,0.5774850871841573,0.577510520081746,2.5432897588717474e-05,0.2623111307621002,0.26230984926223755,1.2814998626708984e-06,0.11609593406319618,0.11609364598989486,2.28807330132641e-06,1.3628005600849598e-05,67.9542500001844,2.0054677376047293e-07,3.2528049974722143e-06,1.88582739514809e-08,3.367079029376677e-08,0.1240024713719734,0.005305642887755979,0.00042426958680152893,0.0007534712553024306,0.009198263226358822,0.00013535964603146768,0.6221638321876526,1210.2547607421875,0.5130767226219177,65,False,none,True,0.13433890044689178,0.03796463832259178,1.1265848875045776,65.0,0.0008463541744276881,6.538372993469238,0.0,0.0,0.39319902658462524,0.39319902658462524,6.538372993469238,0,10,0.0,1,0.0,0.0,0.0,0
45,tum_fr2_xyz,10,cross_scene_test,1933,1933,geometry_stratified,texture,1,12.721963072458074,12.721778374820696,-0.00018469763737805067,0.5774850871841573,0.5774625636404586,-2.2523543698693693e-05,0.2623111307621002,0.2623116672039032,-5.364418029785156e-07,0.11609593406319618,0.1160976856946945,-1.7516314983201386e-06,-1.0776127539579522e-05,53.6836579994997,-2.0073385348814996e-07,-3.440481596462222e-06,-9.992646234791134e-09,-3.262876569134806e-08,-0.08693592255484006,0.005322693133951034,-0.0006476156413555145,-0.0011278789490461322,-0.027029021487297397,-0.0005034869547740076,0.6207855343818665,1217.6842041015625,0.5088082551956177,44,False,none,True,0.23470906913280487,0.00801892951130867,1.0690072774887085,44.0,0.0005729167023673654,4.404136657714844,0.0,0.0,0.46998775005340576,0.46998775005340576,4.404136657714844,0,10,0.0,1,0.0,0.0,0.0,0
45,tum_fr2_xyz,10,cross_scene_test,342,342,geometry_stratified,depth_discontinuity,1,12.721963072458074,12.722003646433986,4.0573975912394644e-05,0.5774850871841573,0.577486807075191,1.7198910337024031e-06,0.2623111307621002,0.26231107115745544,5.960464477539063e-08,0.11609593406319618,0.11609556674957275,3.6731362343389584e-07,2.3006686870376293e-06,40.86935800296487,5.629324265066084e-08,9.92772529224736e-07,1.458418915488386e-09,8.987506566833006e-09,0.056077273580434905,0.013773965112732621,0.0,0.0005371842533349949,0.00320919274839818,7.852319941422541e-05,0.8015686273574829,1569.213623046875,0.5098090767860413,38,False,none,True,0.21362313628196716,0.0010195515351369977,1.052720308303833,115.0,0.0014973959187045693,4.904524326324463,0.0,0.0,0.2507293224334717,0.2507293224334717,4.904524326324463,0,10,0.0,1,0.0,0.0,0.0,0
45,tum_fr2_xyz,10,cross_scene_test,3679,3679,geometry_stratified,depth_discontinuity,1,12.721963072458074,12.722008491113158,4.541865508400633e-05,0.5774850871841573,0.5774873449683038,2.2577841465309945e-06,0.2623111307621002,0.2623111307621002,0.0,0.11609593406319618,0.11609554290771484,3.91155481338501e-07,2.499068608965985e-06,28.18892699724529,8.865426517334987e-08,1.6112232682160902e-06,0.0,1.3876210377809908e-08,0.22975228048715124,0.001318199606435279,0.0,0.001959542930126193,0.012713747791704982,0.0004510192173312382,0.8279293775558472,1642.0352783203125,0.5032092332839966,14,True,min_influence_pixels,True,0.18287351727485657,0.0,0.29344403743743896,35.0,0.00045572916860692203,1.604628324508667,0.0,0.0,0.3080351948738098,0.3080351948738098,1.604628324508667,0,10,0.0,1,0.0,0.0,0.0,0
45,tum_fr2_xyz,10,cross_scene_test,16,16,geometry_stratified,depth_discontinuity,1,12.721963072458074,12.722245584204078,0.00028251174600413265,0.5774850871841573,0.5774989968500106,1.3909665853351072e-05,0.2623111307621002,0.2623114585876465,-3.2782554626464844e-07,0.11609593406319618,0.11609359942376614,2.334639430043306e-06,1.516970352255791e-05,42.46991399850231,3.571870553609519e-07,6.652044221565774e-06,-7.719006595497442e-09,5.4971607197642e-08,0.6994723635204565,0.017557735228267396,0.0,0.0014305488206446167,0.026294862065416334,0.0006191409303617525,0.43554461002349854,811.6063842773438,0.535645067691803,106,False,none,True,0.05286373570561409,0.0,0.9421663880348206,172.0,0.0022395832929760218,17.822546005249023,0.0,0.0,0.4252433776855469,0.4252433776855469,17.822546005249023,0,10,0.0,1,0.0,0.0,0.0,0
45,tum_fr2_xyz,10,cross_scene_test,3789,3789,geometry_stratified,depth_discontinuity,1,12.721963072458074,12.721972761731301,9.689273227309059e-06,0.5774850871841573,0.5774856181937753,5.310096180544122e-07,0.2623111307621002,0.2623111307621002,0.0,0.11609593406319618,0.11609585061669349,8.344650269387355e-08,5.331324435141488e-07,30.24699900561245,1.7625961617389675e-08,3.2033833258999265e-07,0.0,2.7588357667611825e-09,0.018628882455722362,0.02090974676792083,0.0,0.00024483203887939314,0.0011988787058714397,3.963628608738946e-05,0.8466764688491821,1677.3505859375,0.503770112991333,15,True,min_influence_pixels,True,0.24691732227802277,0.0,0.4654521346092224,39.0,0.0005078125395812094,1.8850525617599487,0.0,0.0,0.354752779006958,0.354752779006958,1.8850525617599487,0,10,0.0,1,0.0,0.0,0.0,0
45,tum_fr2_xyz,10,cross_scene_test,3526,3526,geometry_stratified,depth_discontinuity,1,12.721963072458074,12.721975486843293,1.2414385219372548e-05,0.5774850871841573,0.5774866120218017,1.5248376444843004e-06,0.2623111307621002,0.26231107115745544,5.960464477539063e-08,0.11609593406319618,0.11609580926597117,1.247972250123519e-07,7.512447991637856e-07,31.989410003006924,2.3484171764754975e-08,3.880779676213355e-07,1.8632617722486267e-09,3.901204336079386e-09,1.1406159450773004,0.0548346416357699,0.0,0.0005827408283948898,0.03267980478046255,0.0010215819790796619,0.4221593141555786,836.5811767578125,0.503624439239502,15,True,min_influence_pixels,True,0.06175633519887924,0.0,0.11191517859697342,15.0,0.00019531250291038305,1.8122056722640991,0.0,0.0,0.4360557794570923,0.4360557794570923,1.8122056722640991,0,10,0.0,1,0.0,0.0,0.0,0
45,tum_fr2_xyz,10,cross_scene_test,1227,1227,geometry_stratified,depth_discontinuity,1,12.721963072458074,12.721953080417698,-9.99204037555046e-06,0.5774850871841573,0.5774906709111102,5.583726952917978e-06,0.2623111307621002,0.2623130977153778,-1.9669532775878906e-06,0.11609593406319618,0.11609661020338535,-6.761401891708374e-07,-2.7993567559261795e-06,74.85891800024547,-3.739510041965875e-08,-1.3347829012860826e-07,-2.627547031312209e-08,-9.032192920135718e-09,-0.03650434259916402,-0.0026478418595143327,0.0,-0.0002568170428276055,-0.0018763325634371126,-2.5064916960607955e-05,0.6612929701805115,1319.2496337890625,0.5002644658088684,6,True,min_influence_pixels,True,0.2054881602525711,0.0,0.027173340320587158,6.0,7.812499825377017e-05,0.1322379857301712,0.0,0.0,0.5060150623321533,0.5060150623321533,0.1322379857301712,0,10,0.0,1,0.0,0.0,0.0,0
45,tum_fr2_xyz,10,cross_scene_test,2490,2490,geometry_stratified,flat,1,12.721963072458074,12.722102055039727,0.00013898258165312427,0.5774850871841573,0.5774945391465808,9.451962423523419e-06,0.2623111307621002,0.2623107433319092,3.8743019104003906e-07,0.11609593406319618,0.11609462089836597,1.3131648302078247e-06,8.090328487791417e-06,65.81387000187533,1.2292740857756712e-07,2.1117521526870254e-06,5.886755953251183e-09,1.9952706476163865e-08,-0.7360834851306421,-0.0062065941506194156,0.0003407523036003113,7.898422045400297e-05,-0.011395233863060381,-0.00017314334900433116,0.44660040736198425,871.0737915039062,0.5117009878158569,59,False,none,True,0.009830900467932224,0.043342601507902145,0.31109052896499634,59.0,0.0007682291907258332,5.850480556488037,0.0,0.0,0.5130443572998047,0.5130443572998047,5.850480556488037,0,10,0.0,1,0.0,0.0,0.0,0
45,tum_fr2_xyz,10,cross_scene_test,2916,2916,geometry_stratified,flat,1,12.721963072458074,12.721963375247537,3.0278946283601726e-07,0.5774850871841573,0.5774849483841389,-1.3880001836774625e-07,0.2623111307621002,0.2623104453086853,6.854534149169922e-07,0.11609593406319618,0.11609572581946849,2.0824372769234767e-07,8.005997481215509e-07,65.65556799614569,1.2193935298352e-08,4.611786510685469e-09,1.044014142040827e-08,3.171760355566075e-09,0.03877913261178634,-0.00030718702920851104,0.00032657012343406677,9.975093707907841e-05,0.0029986919279184785,4.567307875692305e-05,0.36909979581832886,730.3995971679688,0.5043395161628723,29,False,none,True,0.014380225911736488,0.04385003820061684,0.1263464391231537,29.0,0.0003776041849050671,2.1697726249694824,0.0,0.0,0.5977001190185547,0.5977001190185547,2.1697726249694824,0,10,0.0,1,0.0,0.0,0.0,0
45,tum_fr2_xyz,10,cross_scene_test,3235,3235,geometry_stratified,flat,1,12.721963072458074,12.721958227829566,-4.844628508138271e-06,0.5774850871841573,0.577483414649773,-1.6725343842116658e-06,0.2623111307621002,0.2623116075992584,-4.76837158203125e-07,0.11609593406319618,0.11609611883759499,-1.8477439880926205e-07,-8.11914907713819e-07,66.85918100265553,-1.214365619706845e-08,-7.246018326108199e-08,-7.131962298254683e-09,-2.7636353906567166e-09,-0.1489194729517891,-0.0009496285352111888,0.00016004592180252075,4.0270650060849136e-05,-0.0018926783694993194,-2.8308428866697388e-05,0.3781489431858063,736.1988525390625,0.5126504898071289,75,False,none,True,0.012735803611576557,0.04417067766189575,0.3599468171596527,75.0,0.0009765625,6.325234413146973,0.0,0.0,0.5945895910263062,0.5945895910263062,6.325234413146973,0,10,0.0,1,0.0,0.0,0.0,0
45,tum_fr2_xyz,10,cross_scene_test,3023,3023,geometry_stratified,flat,1,12.721963072458074,12.721963678037017,6.055789434356029e-07,0.5774850871841573,0.5774859612191626,8.740350053715318e-07,0.2623111307621002,0.26231151819229126,-3.8743019104003906e-07,0.11609593406319618,0.11609604507684707,-1.1101365088306281e-07,-4.097754268311065e-07,102.91116000007605,-3.981836632983281e-09,5.884482726996328e-09,-3.764705315145148e-09,-1.078732869039478e-09,0.06326866093084504,9.287228375298717e-05,0.00014532729983329773,4.4730997615261e-05,0.0021207231183477987,2.0607319151258536e-05,0.37055516242980957,724.6769409179688,0.5103383660316467,62,False,none,True,0.007869553752243519,0.04355479031801224,0.2658224105834961,62.0,0.0008072917116805911,5.169194221496582,0.0,0.0,0.5971114635467529,0.5971114635467529,5.169194221496582,0,10,0.0,1,0.0,0.0,0.0,0
45,tum_fr2_xyz,10,cross_scene_test,2657,2657,geometry_stratified,flat,1,12.721963072458074,12.721963375247537,3.0278946283601726e-07,0.5774850871841573,0.5774854102462994,3.230621421490554e-07,0.2623111307621002,0.26231154799461365,-4.172325134277344e-07,0.11609593406319618,0.116096056625247,-1.2256205081384586e-07,-4.605201195040365e-07,79.87724499980686,-5.7653480600783115e-09,3.790684854450718e-09,-5.223421431582213e-09,-1.5343800454577797e-09,0.03211862030492085,0.00041433133469548356,0.00020029768347740173,6.0968508478252345e-05,0.0020343731475347035,2.546874454094683e-05,0.38101983070373535,749.395263671875,0.5074363946914673,42,False,none,True,0.010228348895907402,0.04174085706472397,0.19323234260082245,42.0,0.0005468750023283064,3.7182083129882812,0.0,0.0,0.5904484987258911,0.5904484987258911,3.7182083129882812,0,10,0.0,1,0.0,0.0,0.0,0
45,tum_fr2_xyz,10,cross_scene_test,1708,1708,geometry_stratified,flat,1,12.721963072458074,12.722006068772895,4.299631482140853e-05,0.5774850871841573,0.577487521451061,2.434266903716953e-06,0.2623111307621002,0.2623070478439331,4.082918167114258e-06,0.11609593406319618,0.11609433889389037,1.5951693058124938e-06,7.035336232305413e-06,68.4993190006935,1.0270665949590223e-07,6.276896682866763e-07,5.960523734656284e-08,2.328737466421154e-08,0.1451596144156433,0.008639314973940326,0.0014037489891052246,0.0007276386953890303,0.011286906580937096,0.00016477399696225922,0.5670374631881714,1112.937255859375,0.5084963440895081,42,False,none,True,0.1058526486158371,0.07218765467405319,0.7563433051109314,42.0,0.0005468750023283064,4.248157978057861,0.0,0.0,0.45712316036224365,0.45712316036224365,4.248157978057861,0,10,0.0,1,0.0,0.0,0.0,0
45,tum_fr2_xyz,10,cross_scene_test,2339,2339,geometry_stratified,general_visible,1,12.721963072458074,12.721983662189523,2.0589731448694693e-05,0.5774850871841573,0.5774880800505942,2.9928664369016644e-06,0.2623111307621002,0.2623114287853241,-2.980232238769531e-07,0.11609593406319618,0.11609584614634513,8.791685104925229e-08,7.920646568308221e-07,66.6641729985713,1.1881414277017988e-08,3.0885752455274527e-07,-4.470515577885293e-09,1.3188020955594313e-09,0.14836884561114516,-0.007611873281322956,0.00025827065110206604,0.00020964350551366806,0.00645777184984838,9.68702011796768e-05,0.4907211363315582,956.6253662109375,0.5119710564613342,60,False,none,True,0.06704723834991455,0.041966844350099564,0.6525079011917114,60.0,0.0007812500116415322,5.985538005828857,0.0,0.0,0.5322338342666626,0.5322338342666626,5.985538005828857,0,10,0.0,1,0.0,0.0,0.0,0
45,tum_fr2_xyz,20,cross_scene_test,141,141,geometry_stratified,edge,1,11.718466377997991,11.718609130803816,0.00014275280582509708,0.42500384139344166,0.4250044241407842,5.82747342547929e-07,0.343950092792511,0.3439194858074188,3.0606985092163086e-05,0.15031003206968307,0.15029930099844932,1.073107123375494e-05,3.52233185108361e-05,72.0471090025967,4.888928785409917e-07,1.9813814572344885e-06,4.248190595830842e-07,1.4894520241427278e-07,0.12427856676358218,-0.001640166290782924,0.01008954644203186,0.003263689018785952,0.026055779622854137,0.00036164920402170537,0.8189287185668945,1418.180419921875,0.5764502882957458,214,False,none,True,0.07203543931245804,0.030491089448332787,3.9190902709960938,292.0,0.003802083432674408,38.22513198852539,0.0,0.0,0.14276939630508423,0.14276939630508423,38.22513198852539,0,20,0.0,1,0.0,0.0,0.0,0
45,tum_fr2_xyz,20,cross_scene_test,3627,3627,geometry_stratified,edge,1,11.718466377997991,11.7184759908342,9.612836208816589e-06,0.42500384139344166,0.4250046559743149,8.145808732540338e-07,0.343950092792511,0.3439410626888275,9.03010368347168e-06,0.15031003206968307,0.15030721873044967,2.8133392334095397e-06,8.45045374543892e-06,40.0073600030737,2.1122247868366435e-07,2.4027669429020186e-07,2.257110612341807e-07,7.032054185013447e-08,0.05841298404174644,0.07201164982869657,0.03177142143249512,0.010012174770236082,0.00674983817826132,0.00016871491089996292,1.0,1983.4345703125,0.5031759142875671,15,True,min_influence_pixels,True,0.2020031064748764,2.126401901245117,3.697425603866577,29.0,0.0003776041849050671,1.5879650115966797,0.0,0.0,0.07749426364898682,0.07749426364898682,1.5879650115966797,0,20,0.0,1,0.0,0.0,0.0,0
45,tum_fr2_xyz,20,cross_scene_test,1154,1154,geometry_stratified,edge,1,11.718466377997991,11.71844138472343,-2.4993274561069256e-05,0.42500384139344166,0.4249821188517535,-2.1722541688140584e-05,0.343950092792511,0.343948096036911,1.996755599975586e-06,0.15031003206968307,0.1503097042441368,3.2782554626464844e-07,2.4864156511426193e-07,66.91239700012375,3.715926737967586e-09,-3.7352233190843596e-07,2.984134016259936e-08,4.899324504307358e-09,0.2268788029977209,0.02906636571966159,0.0006291046738624573,0.0006992460228502709,0.010403480769599455,0.0001554791224947481,0.6297228336334229,1145.2249755859375,0.5488681793212891,176,False,none,True,0.09882714599370956,0.07463043183088303,4.238279819488525,176.0,0.0022916668094694614,24.434099197387695,0.0,0.0,0.33628201484680176,0.33628201484680176,24.434099197387695,0,20,0.0,1,0.0,0.0,0.0,0
45,tum_fr2_xyz,20,cross_scene_test,3639,3639,geometry_stratified,edge,1,11.718466377997991,11.71845676518306,-9.612814931614366e-06,0.42500384139344166,0.4250035188190396,-3.225744020785015e-07,0.343950092792511,0.3439386188983917,1.1473894119262695e-05,0.15031003206968307,0.15030669420957565,3.337860107421875e-06,9.433535550903032e-06,44.33358600363135,2.1278530345211265e-07,-2.1682917621026602e-07,2.588081667547234e-07,7.528964851046499e-08,-0.14889852276672144,-0.04886817449131797,0.17201519012451172,0.0509289441630244,0.014612628257037144,0.00032960627763881377,0.9681225419044495,1917.9185791015625,0.5037776827812195,14,True,min_influence_pixels,True,0.1347987800836563,0.27130746841430664,0.7670665383338928,19.0,0.00024739583022892475,1.8888322114944458,0.0,0.0,0.0913928747177124,0.0913928747177124,1.8888322114944458,0,20,0.0,1,0.0,0.0,0.0,0
45,tum_fr2_xyz,20,cross_scene_test,186,186,geometry_stratified,edge,1,11.718466377997991,11.71868267195931,0.00021629396131928047,0.42500384139344166,0.4250231291231833,1.928772974163495e-05,0.343950092792511,0.3439394533634186,1.0639429092407227e-05,0.15031003206968307,0.15030449330806733,5.538761615742072e-06,2.220019019621856e-05,43.165572998987045,5.143031507247576e-07,5.0107978718215135e-06,2.46479505615665e-07,1.2831433086436843e-07,0.4213132857412507,0.0,0.05605041980743408,0.01859062761068342,0.036402901647543374,0.0008433318294743274,0.5346860885620117,1028.8656005859375,0.518684983253479,64,False,none,True,0.06823054701089859,0.016655050218105316,0.7930418252944946,64.0,0.0008333333535119891,9.342477798461914,0.0,0.0,0.26890844106674194,0.26890844106674194,9.342477798461914,0,20,0.0,1,0.0,0.0,0.0,0
45,tum_fr2_xyz,20,cross_scene_test,389,389,geometry_stratified,edge,1,11.718466377997991,11.718494255281616,2.7877283624633264e-05,0.42500384139344166,0.4250049993637063,1.1579702646202783e-06,0.343950092792511,0.343939870595932,1.0222196578979492e-05,0.15031003206968307,0.15030666291713715,3.369152545923404e-06,1.0581243222117464e-05,42.86584300280083,2.4684556469415734e-07,6.503379304312708e-07,2.38469510055164e-07,7.859760382417453e-08,0.08527938989071515,0.06391273355854846,0.011030435562133789,0.0038208507001399328,0.005603422847267741,0.00013071999649934835,1.0,1953.9019775390625,0.5107963681221008,39,False,none,True,0.17787204682826996,2.2073006629943848,12.875575065612793,39.0,0.0005078125395812094,5.3981733322143555,0.0,0.0,0.06078827381134033,0.06078827381134033,5.3981733322143555,0,20,0.0,1,0.0,0.0,0.0,0
45,tum_fr2_xyz,20,cross_scene_test,1707,1707,geometry_stratified,texture,1,11.718466377997991,11.718452920063047,-1.3457934944227645e-05,0.42500384139344166,0.4250051373466668,1.295953225122215e-06,0.343950092792511,0.34394484758377075,5.245208740234375e-06,0.15031003206968307,0.1503086045384407,1.4275312423817077e-06,3.7710669104204513e-06,66.21299799735425,5.695357444124696e-08,-2.0325216122619006e-07,7.921720657391112e-08,2.1559682925680986e-08,0.016979688185514874,0.004595690972197419,0.0013348013162612915,0.00046675689518452246,0.0025708307260219453,3.8826677597722896e-05,0.6782439947128296,1289.3111572265625,0.5250514149665833,89,False,none,True,0.13943223655223846,0.21917596459388733,4.491820812225342,89.0,0.0011588542256504297,12.52570629119873,0.0,0.0,0.37883520126342773,0.37883520126342773,12.52570629119873,0,20,0.0,1,0.0,0.0,0.0,0
45,tum_fr2_xyz,20,cross_scene_test,2586,2586,geometry_stratified,texture,1,11.718466377997991,11.718497619793464,3.124179547242534e-05,0.42500384139344166,0.42500646714100615,2.625747564488634e-06,0.343950092792511,0.3439476191997528,2.473592758178711e-06,0.15031003206968307,0.15030895099043845,1.0810792446247497e-06,4.023737747196332e-06,68.34441999671981,5.88744150201209e-08,4.5712284154177894e-07,3.6193046313033764e-08,1.581810548215401e-08,0.008517899516668592,0.00048045886072273225,0.0006551742553710938,0.00027440004050729994,0.002017383089858279,2.9517890267487872e-05,0.4652407169342041,901.602783203125,0.5150151252746582,75,False,none,True,0.20485959947109222,0.12786845862865448,2.4979777336120605,75.0,0.0009765625,7.507565498352051,0.0,0.0,0.5822087526321411,0.5822087526321411,7.507565498352051,0,20,0.0,1,0.0,0.0,0.0,0
45,tum_fr2_xyz,20,cross_scene_test,3203,3203,geometry_stratified,texture,1,11.718466377997991,11.718465416715542,-9.612824491966876e-07,0.42500384139344166,0.42500354148015024,-2.9991329142387e-07,0.343950092792511,0.3439503610134125,-2.682209014892578e-07,0.15031003206968307,0.15031012296676635,-9.089708327691959e-08,-2.9136951248956887e-07,66.76077999873087,-4.3643814900770754e-09,-1.4398909797263628e-08,-4.01764181746164e-09,-1.3615341713899622e-09,0.00011237373962913466,-0.000463565634262475,0.00015091896057128906,4.571639001368921e-05,0.0005259855006618089,7.878660205465063e-06,0.4590007960796356,903.5474243164062,0.5069985389709473,47,False,none,True,0.1012137308716774,0.08676093816757202,0.6577730774879456,47.0,0.0006119791651144624,3.4992644786834717,0.0,0.0,0.5846288204193115,0.5846288204193115,3.4992644786834717,0,20,0.0,1,0.0,0.0,0.0,0
45,tum_fr2_xyz,20,cross_scene_test,1408,1408,geometry_stratified,texture,1,11.718466377997991,11.718366405762735,-9.997223525637366e-05,0.42500384139344166,0.4249908164746043,-1.3024918837367672e-05,0.343950092792511,0.34394925832748413,8.344650268554688e-07,0.15031003206968307,0.15031086653470993,-8.344650268554688e-07,-5.2439826631115555e-06,67.81636099913158,-7.732621724097976e-08,-1.4741610104625618e-06,1.2304774460932141e-08,-1.2304774460932141e-08,-0.044661125482830855,0.0,0.00017895735800266266,-0.0009958820417523412,0.002345499872518001,3.4586047348486254e-05,0.6844726800918579,1347.144775390625,0.5070914030075073,35,False,none,True,0.3629094660282135,0.009113221429288387,1.3190783262252808,35.0,0.00045572916860692203,3.5456931591033936,0.0,0.0,0.39175885915756226,0.39175885915756226,3.5456931591033936,0,20,0.0,1,0.0,0.0,0.0,0
45,tum_fr2_xyz,20,cross_scene_test,4766,4766,geometry_stratified,texture,1,11.718466377997991,11.71850098430792,3.460630992790925e-05,0.42500384139344166,0.42499891734284573,-4.924050595933593e-06,0.343950092792511,0.3439105153083801,3.9577484130859375e-05,0.15031003206968307,0.15029778331518173,1.2248754501342773e-05,3.658745623350474e-05,41.77522100508213,8.758171794962789e-07,8.283932219939482e-07,9.473913764823556e-07,2.9320621666735556e-07,0.020769459210887575,0.006557366332299849,0.038133323192596436,0.011542505770921724,0.025151133552148753,0.0006020586593447109,0.7128835916519165,1397.285400390625,0.5091918110847473,41,False,none,True,0.15091094374656677,0.43060192465782166,2.6725833415985107,41.0,0.0005338541814126074,4.595914363861084,0.0,0.0,0.48294568061828613,0.48294568061828613,4.595914363861084,0,20,0.0,1,0.0,0.0,0.0,0
45,tum_fr2_xyz,20,cross_scene_test,3348,3348,geometry_stratified,texture,1,11.718466377997991,11.71850290688878,3.6528890788645185e-05,0.42500384139344166,0.4250056564728156,1.8150793739124538e-06,0.343950092792511,0.3439485430717468,1.5497207641601562e-06,0.15031003206968307,0.15030917078256606,8.612871170154968e-07,3.5337419898880407e-06,68.73334500414785,5.141233835883864e-08,5.314580686628998e-07,2.2546855009990204e-08,1.253084826532916e-08,0.01029201107257105,0.0007374472001450277,0.0004473552107810974,0.0004296176135540064,0.002282888663034054,3.321369944815415e-05,0.4404762387275696,875.2415161132812,0.5022624731063843,18,True,min_influence_pixels,True,0.37308642268180847,0.10147328674793243,0.5368366837501526,18.0,0.00023437500931322575,1.1312310695648193,0.0,0.0,0.6288647651672363,0.6288647651672363,1.1312310695648193,0,20,0.0,1,0.0,0.0,0.0,0
45,tum_fr2_xyz,20,cross_scene_test,42,42,geometry_stratified,depth_discontinuity,1,11.718466377997991,11.718464455433304,-1.9225646870069113e-06,0.42500384139344166,0.4250041224817805,2.810883388271179e-07,0.343950092792511,0.34394964575767517,4.470348358154297e-07,0.15031003206968307,0.150309918820858,1.1324882506769107e-07,2.7506855281753294e-07,41.35713499999838,6.651054354165097e-09,-4.648689245536439e-08,1.0809134525770394e-08,2.7383140797276096e-09,0.12797243294619776,0.0,0.0,0.00012489431537687778,0.0040506677721950015,9.794362622544236e-05,0.7623927593231201,1521.413330078125,0.5001081824302673,1,True,min_influence_pixels,True,0.06710567325353622,0.0,0.003629412269219756,1.0,1.302083364862483e-05,0.05408502742648125,0.0,0.0,0.19496172666549683,0.19496172666549683,0.05408502742648125,0,20,0.0,1,0.0,0.0,0.0,0
45,tum_fr2_xyz,20,cross_scene_test,1665,1665,geometry_stratified,depth_discontinuity,1,11.718466377997991,11.718461090947148,-5.287050843350016e-06,0.42500384139344166,0.42500451729412325,6.759006815904023e-07,0.343950092792511,0.3439501225948334,-2.9802322387695312e-08,0.15031003206968307,0.15031009837985038,-6.631016730151984e-08,-3.418149826427007e-07,49.10369999561226,-6.961084046074819e-09,-1.0767112954466667e-07,-6.069262069937366e-10,-1.3504108103349664e-09,-0.0049537861445543285,-0.001220276326216685,0.0,-2.356972545385083e-05,-0.00022662245590089944,-4.615180850346301e-06,0.5500766038894653,1075.5408935546875,0.5104418396949768,60,False,none,True,0.13337063789367676,0.0,0.6963188052177429,60.0,0.0007812500116415322,5.220930099487305,0.0,0.0,0.3498949408531189,0.3498949408531189,5.220930099487305,0,20,0.0,1,0.0,0.0,0.0,0
45,tum_fr2_xyz,20,cross_scene_test,477,477,geometry_stratified,depth_discontinuity,1,11.718466377997991,11.719090775902322,0.0006243979043301096,0.42500384139344166,0.4251219437420597,0.00011810234861803215,0.343950092792511,0.3439468443393707,3.248453140258789e-06,0.15031003206968307,0.1503022827208042,7.749348878871576e-06,4.013163524198377e-05,62.00445700233104,6.472379113081344e-07,1.0070210022267198e-05,5.23906392751196e-08,1.2498051355534395e-07,-1.303431564242569,0.034443451446479534,0.0,-0.0008493921719491481,-0.03708809827052135,-0.0005981521339526775,0.6176443696022034,1228.2923583984375,0.5018479824066162,12,True,min_influence_pixels,True,0.04882464557886124,0.0,0.04511282220482826,12.0,0.00015624999650754035,0.9239764213562012,0.0,0.0,0.2608065605163574,0.2608065605163574,0.9239764213562012,0,20,0.0,1,0.0,0.0,0.0,0
45,tum_fr2_xyz,20,cross_scene_test,3762,3762,geometry_stratified,depth_discontinuity,1,11.718466377997991,11.718553855591674,8.747759368255004e-05,0.42500384139344166,0.425015423706119,1.1582312677338447e-05,0.343950092792511,0.3439505696296692,-4.76837158203125e-07,0.15031003206968307,0.15030922591686247,8.061528206093627e-07,4.809548032975854e-06,42.41461200581398,1.1339365858908684e-07,2.0624400305856637e-06,-1.124228504407308e-08,1.900648815315956e-08,0.49188746023407326,-0.022407557015429458,0.0,0.0038299962878227192,0.02665811350561675,0.0006285124923920698,0.7085269093513489,1411.194580078125,0.5010759830474854,6,True,min_influence_pixels,True,0.2247970551252365,0.0,0.12094204872846603,6.0,7.812499825377017e-05,0.5380054712295532,0.0,0.0,0.3464159369468689,0.3464159369468689,0.5380054712295532,0,20,0.0,1,0.0,0.0,0.0,0
45,tum_fr2_xyz,20,cross_scene_test,45,45,geometry_stratified,depth_discontinuity,1,11.718466377997991,11.7195719936589,0.0011056156609079437,0.42500384139344166,0.4250495006465501,4.565925310845431e-05,0.343950092792511,0.343950092792511,0.0,0.15031003206968307,0.15029803663492203,1.1995434761047363e-05,6.604370722850345e-05,75.01381100155413,8.804206365029923e-07,1.4738828039079866e-05,0.0,1.5990968330883551e-07,0.45858219083911855,0.0,0.0,0.002985011786222458,0.023413134340755,0.0003121176491122405,0.4385695457458496,785.2545166015625,0.5575062036514282,249,False,none,True,0.09727510809898376,0.0,2.796959638595581,705.0,0.009179688058793545,28.75308609008789,0.0,0.0,0.4627440571784973,0.4627440571784973,28.75308609008789,0,20,0.0,1,0.0,0.0,0.0,0
45,tum_fr2_xyz,20,cross_scene_test,3826,3826,geometry_stratified,depth_discontinuity,1,11.718466377997991,11.718467819922067,1.441924075251677e-06,0.42500384139344166,0.4250042896163242,4.4822288253199005e-07,0.343950092792511,0.343950092792511,0.0,0.15031003206968307,0.1503100164234638,1.564621926464227e-08,8.613301605500812e-08,33.97671400307445,2.535060219396561e-09,4.243859706742688e-08,0.0,4.604983066704594e-10,0.47118617267495466,0.021827477884108437,0.0,5.8476318372413516e-05,0.010673498937867587,0.0003141415893515122,0.40780845284461975,801.9656372070312,0.5075111389160156,18,True,min_influence_pixels,True,0.0170315969735384,0.0,0.06396325677633286,18.0,0.00023437500931322575,3.7555644512176514,0.0,0.0,0.4644296169281006,0.4644296169281006,3.7555644512176514,0,20,0.0,1,0.0,0.0,0.0,0
45,tum_fr2_xyz,20,cross_scene_test,3600,3600,geometry_stratified,flat,1,11.718466377997991,11.71854568453304,7.930653504928387e-05,0.42500384139344166,0.4250092091009644,5.367707522740961e-06,0.343950092792511,0.3439417779445648,8.314847946166992e-06,0.15031003206968307,0.15030667707324027,3.354996442800351e-06,1.1989731400082505e-05,44.74849899997935,2.67935945741734e-07,1.7722725191144506e-06,1.8581289053227976e-07,7.497450233586381e-08,0.18507448265401116,0.033076967396585055,0.026559829711914062,0.011252116411924362,0.024544506012807343,0.0005484989789896343,1.0,1986.54052734375,0.5023876428604126,14,True,min_influence_pixels,True,0.2889859080314636,0.6260846257209778,1.0924348831176758,14.0,0.0001822916674427688,1.1938258409500122,0.0,0.0,0.07960599660873413,0.07960599660873413,1.1938258409500122,0,20,0.0,1,0.0,0.0,0.0,0
45,tum_fr2_xyz,20,cross_scene_test,1044,1044,geometry_stratified,flat,1,11.718466377997991,11.718861002415967,0.00039462441797510905,0.42500384139344166,0.42508113249997304,7.729110653137417e-05,0.343950092792511,0.34394970536231995,3.8743019104003906e-07,0.15031003206968307,0.1503056339919567,4.398077726369687e-06,2.391072661136812e-05,54.02855200372869,4.425572354727915e-07,7.303997670488647e-06,7.1708416507868135e-09,8.140284281663075e-08,0.5356455029322227,0.01614867506618156,0.0016930922865867615,0.0012263649143278606,0.02780700192969293,0.0005146723519033765,0.5762817859649658,1116.3680419921875,0.5152112245559692,62,False,none,True,0.06789067387580872,0.0530417263507843,0.9197660684585571,62.0,0.0008072917116805911,7.605621337890625,0.0,0.0,0.40429234504699707,0.40429234504699707,7.605621337890625,0,20,0.0,1,0.0,0.0,0.0,0
45,tum_fr2_xyz,20,cross_scene_test,3384,3384,geometry_stratified,flat,1,11.718466377997991,11.718445229833229,-2.1148164762507804e-05,0.42500384139344166,0.4250001442466,-3.697146841674659e-06,0.343950092792511,0.3439488708972931,1.2218952178955078e-06,0.15031003206968307,0.15030989497900007,1.3709068300005178e-07,-1.9752003529012038e-07,87.379554999643,-2.2604834196160343e-09,-2.420264644583531e-07,1.3983765629162336e-08,1.5689102902917265e-09,0.0699914688913168,-0.00015192524834706234,0.000329338014125824,0.00010045063390862197,0.0021727155517655763,2.486526226614971e-05,0.35147029161453247,676.33447265625,0.5186693072319031,94,False,none,True,0.009243200533092022,0.1101611778140068,1.1145981550216675,94.0,0.0012239583302289248,9.334650993347168,0.0,0.0,0.6269736289978027,0.6269736289978027,9.334650993347168,0,20,0.0,1,0.0,0.0,0.0,0
45,tum_fr2_xyz,20,cross_scene_test,2547,2547,geometry_stratified,flat,1,11.718466377997991,11.718468781205049,2.4032070573554165e-06,0.42500384139344166,0.4250041233298554,2.819364137152114e-07,0.343950092792511,0.3439488708972931,1.2218952178955078e-06,0.15031003206968307,0.1503096394240856,3.926455974800902e-07,1.2093159569057074e-06,72.44499999796972,1.6692883662635084e-08,3.317284916036672e-08,1.686652243674169e-08,5.4199130028448365e-09,0.00041175938846294,0.0005949729483871596,0.0004123300313949585,0.00012581385672091883,0.0009244382654568343,1.2760553046900986e-05,0.42238786816596985,824.7781982421875,0.5111229419708252,60,False,none,True,0.151111900806427,0.13669994473457336,1.6006536483764648,60.0,0.0007812500116415322,5.561458587646484,0.0,0.0,0.5927400588989258,0.5927400588989258,5.561458587646484,0,20,0.0,1,0.0,0.0,0.0,0
45,tum_fr2_xyz,20,cross_scene_test,2850,2850,geometry_stratified,flat,1,11.718466377997991,11.718474068265257,7.69026726565869e-06,0.42500384139344166,0.4250027062013413,-1.135192100376603e-06,0.343950092792511,0.3439505398273468,-4.470348358154297e-07,0.15031003206968307,0.15031008273363114,-5.0663948064633146e-08,6.94638863962408e-08,71.36729900230421,9.733293450547714e-10,1.0775617647251016e-07,-6.263860928812739e-09,-7.099042386765594e-10,0.06556161293034535,0.0029098689805764355,0.0001617521047592163,6.737777730449895e-05,0.002039458194833654,2.8576928416021558e-05,0.3652650713920593,718.1373901367188,0.507628321647644,46,False,none,True,0.0404435358941555,0.13187697529792786,0.6572574377059937,46.0,0.0005989583441987634,3.8141567707061768,0.0,0.0,0.622870147228241,0.622870147228241,3.8141567707061768,0,20,0.0,1,0.0,0.0,0.0,0
45,tum_fr2_xyz,20,cross_scene_test,2274,2274,geometry_stratified,flat,1,11.718466377997991,11.718833603460002,0.000367225462010623,0.42500384139344166,0.4250350676785489,3.122628510721093e-05,0.343950092792511,0.3439497649669647,3.2782554626464844e-07,0.15031003206968307,0.15030594915151596,4.082918167114258e-06,2.222206769309934e-05,82.35040900035528,2.698476906532846e-07,4.459303438420551e-06,3.980861179004395e-09,4.957981650214564e-08,-0.03345554200412337,0.0,0.0004126131534576416,-0.0001838989555835724,-0.0011592261823065103,-1.4076750757868235e-05,0.6942422389984131,1369.17041015625,0.5060532093048096,33,False,none,True,0.21374216675758362,0.1717129796743393,1.1666243076324463,33.0,0.00042968749767169356,3.0266151428222656,0.0,0.0,0.30565816164016724,0.30565816164016724,3.0266151428222656,0,20,0.0,1,0.0,0.0,0.0,0
45,tum_fr2_xyz,20,cross_scene_test,4030,4030,geometry_stratified,general_visible,1,11.718466377997991,11.718486084335119,1.9706337127445295e-05,0.42500384139344166,0.42500405116493745,2.0977149578493837e-07,0.343950092792511,0.34393855929374695,1.1533498764038086e-05,0.15031003206968307,0.15030635818839072,3.673881292354242e-06,1.1236896958631113e-05,32.38164300273638,3.470144167076868e-07,6.08565078855944e-07,3.5617398298979017e-07,1.134556789488348e-07,0.33257307851109275,0.03661382985280118,0.04508376121520996,0.014720448665320851,0.020378813143297293,0.0006293322775986135,0.9913120865821838,1965.2183837890625,0.5034284591674805,14,True,min_influence_pixels,True,0.10185280442237854,1.7463654279708862,3.1682841777801514,14.0,0.0001822916674427688,1.714237093925476,0.0,0.0,0.165713369846344,0.165713369846344,1.714237093925476,0,20,0.0,1,0.0,0.0,0.0,0
46,tum_fr1_desk,15,train,1168,1168,geometry_stratified,edge,1,6.370340971593658,6.3703555611670915,1.4589573433809733e-05,0.21094820387980964,0.21094694945057668,-1.2544292329608187e-06,0.3581640124320984,0.35816240310668945,1.6093254089355469e-06,0.2689088299870491,0.2689078047871589,1.0251998902033321e-06,2.9511431687564575e-06,65.99229999847012,4.471950771264031e-08,2.2107993560078916e-07,2.4386563416835834e-08,1.5535144103586312e-08,0.005128085404676241,3.6673129878953166e-06,0.0010553859174251556,0.00043349303305148523,0.005679920893122454,8.606944890925351e-05,0.46513721346855164,853.5635986328125,0.5439355969429016,160,False,none,True,0.2495807707309723,0.019567033275961876,5.912585258483887,160.0,0.0020833334419876337,21.96780014038086,0.0,0.0,0.5015043616294861,0.5015043616294861,21.96780014038086,0,15,0.0,1,0.0,0.0,0.0,0
46,tum_fr1_desk,15,train,2882,2882,geometry_stratified,edge,1,6.370340971593658,6.370474804710346,0.00013383311668846432,0.21094820387980964,0.21096760837952974,1.9404499720099277e-05,0.3581640124320984,0.35816431045532227,-2.980232238769531e-07,0.2689088299870491,0.26890394389629363,4.886090755495953e-06,1.445652294381338e-05,51.94334699626779,2.7831327359117047e-07,2.576520852575796e-06,-5.7374667038372894e-09,9.406576661005356e-08,0.04806237837719718,-0.005307145493534605,-0.003886193037033081,0.004798188805580139,0.02636351410953075,0.0005075436149970276,0.955336332321167,1861.94140625,0.5120860934257507,52,False,none,True,0.8787062168121338,0.23183630406856537,6.711070537567139,52.0,0.0006770833279006183,6.043056011199951,0.0,0.0,0.23428767919540405,0.23428767919540405,6.043056011199951,0,15,0.0,1,0.0,0.0,0.0,0
46,tum_fr1_desk,15,train,525,525,geometry_stratified,edge,1,6.370340971593658,6.37034153273019,5.611365327951034e-07,0.21094820387980964,0.21095010642931855,1.9025495089086686e-06,0.3581640124320984,0.35816290974617004,1.1026859283447266e-06,0.2689088299870491,0.26890847831964493,3.5166740419700915e-07,9.852754013893636e-07,65.49751100101275,1.504294417194157e-08,8.567295523434882e-09,1.6835539419622774e-08,5.369172031461951e-09,0.05672803878428212,0.0024671567785330417,0.000501781702041626,0.00016019165050239204,0.002050175321558478,3.13015760480849e-05,0.43044501543045044,847.7907104492188,0.506725549697876,42,False,none,True,0.031434208154678345,0.20617519319057465,0.799027681350708,42.0,0.0005468750023283064,3.3627779483795166,0.0,0.0,0.5407764911651611,0.5407764911651611,3.3627779483795166,0,15,0.0,1,0.0,0.0,0.0,0
46,tum_fr1_desk,15,train,3966,3966,geometry_stratified,edge,1,6.370340971593658,6.370552244623733,0.0002112730300751764,0.21094820387980964,0.2109739228704598,2.571899065015315e-05,0.3581640124320984,0.3581720292568207,-8.016824722290039e-06,0.2689088299870491,0.2689033806324005,5.449354648634497e-06,1.6500640618996233e-05,36.04883899970446,4.5773015378197095e-07,5.860744366189116e-06,-2.2238787558056347e-07,1.511658849451205e-07,0.0739694245429181,0.010720084911918039,-0.0054761916399002075,0.0041045621037483215,0.009663422783584515,0.0002680647436014164,0.9694021344184875,1813.0943603515625,0.5336672067642212,87,False,none,True,0.6921662092208862,0.20394551753997803,15.084778785705566,87.0,0.0011328125838190317,16.83359146118164,0.0,0.0,0.1250072717666626,0.1250072717666626,16.83359146118164,0,15,0.0,1,0.0,0.0,0.0,0
46,tum_fr1_desk,15,train,2608,2608,geometry_stratified,edge,1,6.370340971593658,6.371419048602792,0.0010780770091347591,0.21094820387980964,0.21110070173551243,0.00015249785570278784,0.3581640124320984,0.35816457867622375,-5.662441253662109e-07,0.2689088299870491,0.26886892467737195,3.9905309677179535e-05,0.0001179893709520826,72.912087001896,1.6182415811114337e-06,1.4785984786126406e-05,-7.766121484788748e-09,5.473071930603474e-07,0.0771895922403536,-0.0015510917788598665,-0.002033546566963196,0.0073557391762734126,0.025630156091594466,0.00035152136148466006,0.7344889640808105,1352.3355712890625,0.5421262383460999,250,False,none,True,0.7569400668144226,0.07909581810235977,17.609529495239258,431.0,0.005611979402601719,21.063125610351562,0.0,0.0,0.37193232774734497,0.37193232774734497,21.063125610351562,0,15,0.0,1,0.0,0.0,0.0,0
46,tum_fr1_desk,15,train,3160,3160,geometry_stratified,edge,1,6.370340971593658,6.37028429717723,-5.667441642742688e-05,0.21094820387980964,0.21094118173057091,-7.022149238727904e-06,0.3581640124320984,0.35816046595573425,3.546476364135742e-06,0.2689088299870491,0.2689098730683327,-1.043081283569336e-06,-3.257077843138152e-06,43.01553800178226,-7.571863550801577e-08,-1.3175335950715922e-06,8.2446402599656e-08,-2.4248941941075292e-08,0.005824103186951923,0.0,0.006903022527694702,0.002702930569648765,0.009765840416253588,0.00022703053059220044,0.8059988021850586,1526.5147705078125,0.5269993543624878,80,False,none,True,0.8197128176689148,0.03507686406373978,11.539377212524414,80.0,0.0010416667209938169,13.49966812133789,0.0,0.0,0.2838711142539978,0.2838711142539978,13.49966812133789,0,15,0.0,1,0.0,0.0,0.0,0
46,tum_fr1_desk,15,train,3709,3709,geometry_stratified,texture,1,6.370340971593658,6.370325540367397,-1.543122626035398e-05,0.21094820387980964,0.21094241989073179,-5.7839890778565994e-06,0.3581640124320984,0.35816362500190735,3.8743019104003906e-07,0.2689088299870491,0.26890928745269777,-4.574656486400208e-07,-1.3711348851152178e-06,79.79471799626481,-1.71832787876937e-08,-1.9338656301882434e-07,4.855336302562968e-09,-5.733031710964062e-09,-0.05382985524861894,0.0,0.00020094215869903564,-0.00010783858597278317,-0.0017619860636485488,-2.2081487445460078e-05,0.4187467396259308,817.77880859375,0.511053740978241,77,False,none,True,0.13019199669361115,0.13843633234500885,1.4846745729446411,77.0,0.001002604141831398,5.526872634887695,0.0,0.0,0.5556767582893372,0.5556767582893372,5.526872634887695,0,15,0.0,1,0.0,0.0,0.0,0
46,tum_fr1_desk,15,train,850,850,geometry_stratified,texture,1,6.370340971593658,6.370338446480154,-2.5251135040704753e-06,0.21094820387980964,0.21094766131179918,-5.425680104642616e-07,0.3581640124320984,0.35816529393196106,-1.2814998626708984e-06,0.2689088299870491,0.2689093083143234,-4.783272742892031e-07,-1.3508609563820776e-06,54.228039996814914,-2.491074647841634e-08,-4.65647201008701e-08,-2.363168321676696e-08,-8.820663153551145e-09,-0.00584230950984832,-0.0007309738222578068,0.0030579566955566406,0.0007991328835487144,0.0011412565304024123,2.1045505802338496e-05,0.9920104146003723,1959.9774169921875,0.5051335692405701,29,False,none,True,0.30684560537338257,0.576085090637207,2.266284465789795,29.0,0.0003776041849050671,2.56677508354187,0.0,0.0,0.14003807306289673,0.14003807306289673,2.56677508354187,0,15,0.0,1,0.0,0.0,0.0,0
46,tum_fr1_desk,15,train,432,432,geometry_stratified,texture,1,6.370340971593658,6.370320209592887,-2.0762000771057387e-05,0.21094820387980964,0.21094453013145045,-3.6737483591897657e-06,0.3581640124320984,0.3581625819206238,1.430511474609375e-06,0.2689088299870491,0.26890917271375653,-3.4272670740298494e-07,-1.0832127342805086e-06,52.52588000439573,-2.062245761879397e-08,-3.9527183113009964e-07,2.7234412340919558e-08,-6.524911288955143e-09,-0.059819973699390516,-0.010255011626484099,0.0042362213134765625,0.0010275950655340982,0.003847217741593133,7.324423201041413e-05,0.6730246543884277,1298.0950927734375,0.5174709558486938,62,False,none,True,0.1320745348930359,0.19657611846923828,2.870920419692993,62.0,0.0008072917116805911,8.735477447509766,0.0,0.0,0.31423628330230713,0.31423628330230713,8.735477447509766,0,15,0.0,1,0.0,0.0,0.0,0
46,tum_fr1_desk,15,train,495,495,geometry_stratified,texture,1,6.370340971593658,6.370444502511421,0.00010353091776327261,0.21094820387980964,0.21096024957894363,1.2045699133989007e-05,0.3581640124320984,0.35816290974617004,1.1026859283447266e-06,0.2689088299870491,0.2689046502113342,4.179775714929779e-06,1.230003032310314e-05,52.72824100393336,2.332721533833377e-07,1.963481348743447e-06,2.09126249491704e-08,7.927015268000274e-08,0.04566778124406312,0.0,0.001047089695930481,0.0013542041182517672,0.005072574792530942,9.620223804075967e-05,0.8408528566360474,1595.7906494140625,0.5259192585945129,84,False,none,True,0.33959507942199707,0.2431405931711197,7.552038669586182,84.0,0.0010937500046566129,12.959630012512207,0.0,0.0,0.16964447498321533,0.16964447498321533,12.959630012512207,0,15,0.0,1,0.0,0.0,0.0,0
46,tum_fr1_desk,15,train,568,568,geometry_stratified,texture,1,6.370340971593658,6.370507912910133,0.000166941316475544,0.21094820387980964,0.21096599411304023,1.7790233230591257e-05,0.3581640124320984,0.35816532373428345,-1.3113021850585938e-06,0.2689088299870491,0.2689030170440674,5.812942981742175e-06,1.724586430328273e-05,43.730956997023895,3.9436283785091634e-07,3.8174631414287404e-06,-2.998567319594296e-08,1.3292512629297762e-07,0.09179836005865116,0.0037455069114847583,-0.002451002597808838,0.0020128846168517844,0.006374357244454402,0.0001457630402391653,0.9418388605117798,1798.1905517578125,0.5227702856063843,83,False,none,True,0.3992707431316376,0.3012212812900543,7.975196838378906,83.0,0.0010807291837409139,11.385135650634766,0.0,0.0,0.1155596375465393,0.1155596375465393,11.385135650634766,0,15,0.0,1,0.0,0.0,0.0,0
46,tum_fr1_desk,15,train,1934,1934,geometry_stratified,texture,1,6.370340971593658,6.370246701685258,-9.426990839944693e-05,0.21094820387980964,0.210935010287547,-1.3193592262650267e-05,0.3581640124320984,0.3581636846065521,3.2782554626464844e-07,0.2689088299870491,0.268912236392498,-3.4064054488802675e-06,-1.008418776534634e-05,48.950996999337804,-2.0600576869726998e-07,-1.925801601154767e-06,6.697014695514438e-09,-6.958807088089234e-08,0.10138683081522437,0.015801618710560073,-0.0002129971981048584,0.0007220469415187697,0.005150448695201751,0.00010521642072522906,0.5695912837982178,1119.3121337890625,0.5078761577606201,46,False,none,True,0.16744518280029297,0.2512848675251007,1.6489931344985962,46.0,0.0005989583441987634,3.938081741333008,0.0,0.0,0.41887617111206055,0.41887617111206055,3.938081741333008,0,15,0.0,1,0.0,0.0,0.0,0
46,tum_fr1_desk,15,train,1385,1385,geometry_stratified,depth_discontinuity,1,6.370340971593658,6.3703426550034745,1.6834098168772016e-06,0.21094820387980964,0.21094749580800842,-7.080718012197895e-07,0.3581640124320984,0.3581642508506775,-2.384185791015625e-07,0.2689088299870491,0.2689088389277458,-8.940696683001903e-09,-1.4720427295433792e-08,48.58248399978038,-3.0299865473120595e-10,3.4650550533497044e-08,-4.907500800136944e-09,-1.8403127931956547e-10,0.05397524464099135,0.008326372207171973,0.0,0.00010404800996184453,0.001968279454388786,4.051417902793286e-05,0.1695966273546219,335.9997253417969,0.5037522315979004,21,True,min_influence_pixels,True,0.10681323707103729,0.0,0.20039254426956177,21.0,0.0002734375011641532,1.876102089881897,0.0,0.0,0.7743693590164185,0.7743693590164185,1.876102089881897,0,15,0.0,1,0.0,0.0,0.0,0
46,tum_fr1_desk,15,train,4439,4439,geometry_stratified,depth_discontinuity,1,6.370340971593658,6.370594332112349,0.00025336051869118137,0.21094820387980964,0.21097216880305736,2.3964923247715708e-05,0.3581640124320984,0.358167827129364,-3.814697265625e-06,0.2689088299870491,0.26890055537223817,8.274614810954706e-06,2.4645115163688785e-05,39.57551100029377,6.227364989300035e-07,6.401951921462256e-06,-9.63903476975113e-08,2.090842190488275e-07,0.5811254892912707,0.19103750381141937,0.0,0.015845844149589533,0.05475409319621697,0.001383534711549537,0.49949419498443604,995.4849853515625,0.5007596015930176,7,True,min_influence_pixels,True,0.4218299388885498,0.0,0.16021418571472168,7.0,9.11458337213844e-05,0.3798075318336487,0.0,0.0,0.45899498462677,0.45899498462677,0.3798075318336487,0,15,0.0,1,0.0,0.0,0.0,0
46,tum_fr1_desk,15,train,147,147,geometry_stratified,depth_discontinuity,1,6.370340971593658,6.370332273986659,-8.697606999064078e-06,0.21094820387980964,0.21094512036948881,-3.083510320828209e-06,0.3581640124320984,0.3581640124320984,0.0,0.2689088299870491,0.26890915334224696,-3.2335519783988076e-07,-9.557298308667688e-07,57.2798170032911,-1.668528079989948e-08,-1.5184418271734952e-07,0.0,-5.645185595151289e-09,-0.0041014922182274205,-0.0006109271582610924,0.0,-6.973519921303628e-05,-0.0002938607050506333,-5.130266129058147e-06,0.6465728878974915,1265.7392578125,0.5098262429237366,58,False,none,True,0.29477888345718384,0.0,1.4482812881469727,58.0,0.0007552083698101342,4.913110733032227,0.0,0.0,0.4312838315963745,0.4312838315963745,4.913110733032227,0,15,0.0,1,0.0,0.0,0.0,0
46,tum_fr1_desk,15,train,2899,2899,geometry_stratified,depth_discontinuity,1,6.370340971593658,6.370885588711051,0.0005446171173932868,0.21094820387980964,0.21100465327333548,5.6449393525837e-05,0.3581640124320984,0.3581644594669342,-4.470348358154297e-07,0.2689088299870491,0.26888871788978574,2.011209726338059e-05,5.9470392866784804e-05,47.97505099850241,1.239610831651669e-06,1.135209043155134e-05,-9.3180690069383e-09,4.192199246230798e-07,0.23806762580958996,0.01622950050444899,0.0,0.0038483753800392095,0.016886151183378655,0.00035197776410713505,0.5676397085189819,1068.1285400390625,0.5304338932037354,129,False,none,True,0.30603909492492676,0.0,4.656978130340576,129.0,0.0016796875279396772,15.216938972473145,0.0,0.0,0.36346620321273804,0.36346620321273804,15.216938972473145,0,15,0.0,1,0.0,0.0,0.0,0
46,tum_fr1_desk,15,train,1531,1531,geometry_stratified,depth_discontinuity,1,6.370340971593658,6.370342935571842,1.963978184527093e-06,0.21094820387980964,0.21094746748703078,-7.363927788661684e-07,0.3581640124320984,0.35816413164138794,-1.1920928955078125e-07,0.2689088299870491,0.2689087927341461,3.725290304013029e-08,1.1595991894251938e-07,49.56423900148366,2.3395884064526487e-09,3.9624903440327276e-08,-2.4051471777305576e-09,7.516084941607832e-10,0.03062114033504315,0.004679271135638596,0.0,6.556417793035507e-05,0.0011431049171036043,2.3063098317102912e-05,0.1872374713420868,361.1922302246094,0.5173872709274292,66,False,none,True,0.11617080867290497,0.0,1.0099481344223022,66.0,0.0008593749953433871,8.693648338317871,0.0,0.0,0.7184685468673706,0.7184685468673706,8.693648338317871,0,15,0.0,1,0.0,0.0,0.0,0
46,tum_fr1_desk,15,train,74,74,geometry_stratified,depth_discontinuity,1,6.370340971593658,6.3702955197752225,-4.5451818435182645e-05,0.21094820387980964,0.2109474795570717,-7.243227379549744e-07,0.3581640124320984,0.3581640124320984,0.0,0.2689088299870491,0.2689105197787285,-1.6897916793601198e-06,-4.994437981656172e-06,61.139003999414854,-8.16898813350635e-08,-7.434177114762558e-07,0.0,-2.7638521546348586e-08,-0.01759903905483462,-0.002121418349398274,0.0,-0.0002709507942199596,-0.0012068395177275654,-1.9739273438918235e-05,0.6738157868385315,1343.00830078125,0.5007212162017822,5,True,min_influence_pixels,True,0.30249330401420593,0.0,0.10908311605453491,5.0,6.510417006211355e-05,0.36061331629753113,0.0,0.0,0.4269292950630188,0.4269292950630188,0.36061331629753113,0,15,0.0,1,0.0,0.0,0.0,0
46,tum_fr1_desk,15,train,2886,2886,geometry_stratified,flat,1,6.370340971593658,6.370277563632355,-6.340796130288595e-05,0.21094820387980964,0.21093970796626804,-8.49591354160073e-06,0.3581640124320984,0.3581598997116089,4.112720489501953e-06,0.2689088299870491,0.2689099535346031,-1.1235475539939088e-06,-3.52269926193655e-06,53.64229500264628,-6.56701817430214e-08,-1.1820516124404803e-06,7.666936116918682e-08,-2.0945180550878407e-08,-0.03881912523170117,0.0001396908872102337,0.007737457752227783,-0.003150725364685192,-0.024625713673450355,-0.00045907270880627906,0.9836797714233398,1960.4481201171875,0.5007627010345459,5,True,min_influence_pixels,True,0.9329572916030884,0.9102065563201904,0.7028836011886597,5.0,6.510417006211355e-05,0.3813462257385254,0.0,0.0,0.23580503463745117,0.23580503463745117,0.3813462257385254,0,15,0.0,1,0.0,0.0,0.0,0
46,tum_fr1_desk,15,train,3857,3857,geometry_stratified,flat,1,6.370340971593658,6.370514085653262,0.00017311405960462878,0.21094820387980964,0.21100663959507507,5.843571526542579e-05,0.3581640124320984,0.35816285014152527,1.1622905731201172e-06,0.2689088299870491,0.2689020454883575,6.784498691625451e-06,1.999604530264636e-05,70.08955900528235,2.8529278235492027e-07,2.4698979714165685e-06,1.6582934599895546e-08,9.679756568469967e-08,0.2918487288436822,-0.004287897853755163,0.000253140926361084,0.0020373445004224777,0.015538323862451927,0.00022169241871361852,0.43928518891334534,859.6598510742188,0.5099987983703613,63,False,none,True,0.20687271654605865,0.13167452812194824,1.6925357580184937,63.0,0.0008203125325962901,4.99940824508667,0.0,0.0,0.5455056428909302,0.5455056428909302,4.99940824508667,0,15,0.0,1,0.0,0.0,0.0,0
46,tum_fr1_desk,15,train,2417,2417,geometry_stratified,flat,1,6.370340971593658,6.3707357490617404,0.00039477746808280756,0.21094820387980964,0.2110322393568696,8.403547705995718e-05,0.3581640124320984,0.35816508531570435,-1.0728836059570312e-06,0.2689088299870491,0.268894475698471,1.435428857810006e-05,4.248116455720329e-05,66.17554400145309,6.419465861326427e-07,5.9656097133729495e-06,-1.6212690385038207e-08,2.1691228677749695e-07,0.7244016848373125,0.018390054553424712,-0.0001309812068939209,0.006564069911837583,0.041712647691452824,0.0006303332797768447,0.5233414173126221,1040.9698486328125,0.5017440319061279,12,True,min_influence_pixels,True,0.2381715625524521,0.2972595691680908,0.46690693497657776,12.0,0.00015624999650754035,0.8720204830169678,0.0,0.0,0.47497087717056274,0.47497087717056274,0.8720204830169678,0,15,0.0,1,0.0,0.0,0.0,0
46,tum_fr1_desk,15,train,1001,1001,geometry_stratified,flat,1,6.370340971593658,6.37034742466817,6.453074512080548e-06,0.21094820387980964,0.21094883147810986,6.275983002179686e-07,0.3581640124320984,0.3581632673740387,7.450580596923828e-07,0.2689088299870491,0.268908366560936,4.6342611315086657e-07,1.3331555346477795e-06,53.054397998494096,2.5128087113260997e-08,1.216312832776599e-07,1.4043285529571567e-08,8.734923599812037e-09,0.00885876173550848,-0.0008043662377240912,0.006746202707290649,0.0029521614313124944,0.007829072278942315,0.00014756688557967496,0.969761312007904,1930.6368408203125,0.5013012290000916,9,True,min_influence_pixels,True,0.8073834180831909,0.4467492401599884,0.8159627318382263,9.0,0.00011718750465661287,0.6506191492080688,0.0,0.0,0.121615469455719,0.121615469455719,0.6506191492080688,0,15,0.0,1,0.0,0.0,0.0,0
46,tum_fr1_desk,15,train,3107,3107,geometry_stratified,flat,1,6.370340971593658,6.370484624912766,0.00014365331910859425,0.21094820387980964,0.2109675143223997,1.931044259007031e-05,0.3581640124320984,0.35817059874534607,-6.586313247680664e-06,0.2689088299870491,0.2689054653048515,3.364682197637414e-06,1.0268504572269907e-05,52.486556000076234,1.95640662196525e-07,2.736954566201402e-06,-1.2548571957495358e-07,6.410560063480879e-08,0.02586444246473929,-0.0031118960443806062,-0.004006922245025635,0.002311480045318559,0.016328916500859433,0.00031110664797354425,1.0,1976.5758056640625,0.5049254298210144,26,False,none,True,0.9199357628822327,0.6858443021774292,3.9545607566833496,26.0,0.00033854166395030916,2.4627037048339844,0.0,0.0,0.1281505823135376,0.1281505823135376,2.4627037048339844,0,15,0.0,1,0.0,0.0,0.0,0
46,tum_fr1_desk,15,train,1775,1775,geometry_stratified,flat,1,6.370340971593658,6.370377165048545,3.619345488736769e-05,0.21094820387980964,0.2109545082527456,6.304372935944658e-06,0.3581640124320984,0.35816290974617004,1.1026859283447266e-06,0.2689088299870491,0.26890715360641476,1.6763806343633725e-06,4.90070519697234e-06,68.74312699801521,7.129011162256025e-08,5.265028878947082e-07,1.60406716496409e-08,2.4386156224923747e-08,0.23210399550906757,0.012006385328574398,0.0010759234428405762,0.0006058168131858124,0.009436389511845913,0.00013727029775817973,0.5969732999801636,1166.7860107421875,0.5106390118598938,52,False,none,True,0.0751795768737793,0.18624544143676758,1.3906537294387817,52.0,0.0006770833279006183,5.319512844085693,0.0,0.0,0.4244823455810547,0.4244823455810547,5.319512844085693,0,15,0.0,1,0.0,0.0,0.0,0
46,tum_fr1_desk,15,train,3274,3274,geometry_stratified,general_visible,1,6.370340971593658,6.370326382069234,-1.4589524423236355e-05,0.21094820387980964,0.21094469382033748,-3.510059472161542e-06,0.3581640124320984,0.3581637442111969,2.682209014892578e-07,0.2689088299870491,0.26890929192304613,-4.6193599700927734e-07,-1.3784954362526693e-06,82.51616400229977,-1.6705762475995003e-08,-1.7680807875205805e-07,3.2505255755924662e-09,-5.598127380187025e-09,-0.07222403747078232,0.0,0.00019757449626922607,-9.444849565624913e-05,-0.0023311307428616306,-2.825059515365572e-05,0.4407068192958832,864.7888793945312,0.5086119771003723,59,False,none,True,0.10634457319974899,0.16739919781684875,1.1787348985671997,59.0,0.0007682291907258332,4.305978775024414,0.0,0.0,0.5363019704818726,0.5363019704818726,4.305978775024414,0,15,0.0,1,0.0,0.0,0.0,0
46,tum_fr1_desk,25,train,1202,1202,geometry_stratified,edge,1,6.626605721640754,6.626614352686643,8.631045888662925e-06,0.1983671255495208,0.1983666998894401,-4.256600806828992e-07,0.40642356872558594,0.4064233601093292,2.086162567138672e-07,0.27413506656885145,0.2741347014904022,3.650784492492676e-07,1.0657278752657426e-06,68.50338000367628,1.555730352587784e-08,1.259944529481572e-07,3.0453425320425307e-09,5.329349431074428e-09,0.005359689976636162,0.00016832520255246957,0.0004368424415588379,0.00025639981031416736,0.0006532673490201652,9.536279070975872e-06,0.7453046441078186,1400.18359375,0.5312906503677368,108,False,none,True,0.24949847161769867,0.025778641924262047,4.306796550750732,108.0,0.0014062500558793545,15.645312309265137,0.0,0.0,0.2904338836669922,0.2904338836669922,15.645312309265137,0,25,0.0,1,0.0,0.0,0.0,0
46,tum_fr1_desk,25,train,3928,3928,geometry_stratified,edge,1,6.626605721640754,6.627084026494452,0.00047830485369804165,0.1983671255495208,0.1985156326318018,0.0001485070822810075,0.40642356872558594,0.4064229428768158,6.258487701416016e-07,0.27413506656885145,0.27411811649799345,1.695007085800171e-05,5.098759315449705e-05,66.42857599945273,7.675551129519486e-07,7.200287624741228e-06,9.421378687189645e-09,2.5516233944471954e-07,0.8727569546724396,0.14674353188319814,5.916133522987366e-05,0.0029679212719202035,0.037664424885553646,0.0005669913033490879,0.5355815887451172,850.792236328125,0.6285092234611511,359,False,none,True,0.14459657669067383,0.04495299607515335,12.17943286895752,359.0,0.004674479365348816,64.25460815429688,0.0,0.0,0.49838948249816895,0.49838948249816895,64.25460815429688,0,25,0.0,1,0.0,0.0,0.0,0
46,tum_fr1_desk,25,train,3406,3406,geometry_stratified,edge,1,6.626605721640754,6.626560780954857,-4.49406858971102e-05,0.1983671255495208,0.19837394734884276,6.8217993219599204e-06,0.40642356872558594,0.40642327070236206,2.980232238769531e-07,0.27413506656885145,0.27413655221462246,-1.485645771015509e-06,-4.5273145123189595e-06,60.900698001205456,-7.433928774066509e-08,-7.37933839382607e-07,4.893592908755399e-09,-2.4394560649963363e-08,-0.4762961780088055,-0.0032380822866907577,0.00030359625816345215,-0.0010527731850743377,-0.01765253275467748,-0.0002898576425893849,0.3611232042312622,702.6970825195312,0.5129101872444153,60,False,none,True,0.10980462282896042,0.09351649135351181,1.3124585151672363,60.0,0.0007812500116415322,6.45510196685791,0.0,0.0,0.6128718256950378,0.6128718256950378,6.45510196685791,0,25,0.0,1,0.0,0.0,0.0,0
46,tum_fr1_desk,25,train,1,1,geometry_stratified,edge,1,6.626605721640754,6.626749475434442,0.0001437537936883615,0.1983671255495208,0.19837167815628934,4.552606768543077e-06,0.40642356872558594,0.40642261505126953,9.5367431640625e-07,0.27413506656885145,0.27412974238395693,5.324184894517359e-06,1.588935059834965e-05,52.31316600111313,3.0373521262336817e-07,2.7479467345811695e-06,1.823010131686462e-08,1.0177523750720936e-07,0.02480867215964455,0.004661002320804939,0.0003769397735595703,0.0009485691785813266,0.0026119436287982524,4.9928991656568344e-05,0.6933191418647766,1135.8787841796875,0.6093811988830566,382,False,none,True,0.4427599012851715,0.5191138982772827,52.605438232421875,382.0,0.004973958246409893,54.690582275390625,0.0,0.0,0.36265599727630615,0.36265599727630615,54.690582275390625,0,25,0.0,1,0.0,0.0,0.0,0
46,tum_fr1_desk,25,train,3845,3845,geometry_stratified,edge,1,6.626605721640754,6.626612864574058,7.14293330439375e-06,0.1983671255495208,0.19836623744320941,-8.881063113808096e-07,0.40642356872558594,0.4064227342605591,8.344650268554688e-07,0.27413506656885145,0.2741345658898353,5.006790161354857e-07,1.370499309918629e-06,54.189788999792654,2.5290729770582295e-08,1.3181327029011095e-07,1.539893478564129e-08,9.239360871794526e-09,0.011310598937306793,-0.0008927073326031043,0.00014090538024902344,8.614100515842021e-05,0.00116131390991647,2.1430493296825968e-05,0.44925656914711,845.398193359375,0.5304141640663147,132,False,none,True,0.1343497484922409,0.046471744775772095,2.7497661113739014,132.0,0.0017187499906867743,15.207075119018555,0.0,0.0,0.5417472124099731,0.5417472124099731,15.207075119018555,0,25,0.0,1,0.0,0.0,0.0,0
46,tum_fr1_desk,25,train,2414,2414,geometry_stratified,edge,1,6.626605721640754,6.626784893766388,0.0001791721256338974,0.1983671255495208,0.19839741944135866,3.0293891837868125e-05,0.40642356872558594,0.40642425417900085,-6.854534149169922e-07,0.27413506656885145,0.2741289928555488,6.073713302634509e-06,1.8420842246286047e-05,66.54321800306207,2.7682523928191137e-07,2.692567792944017e-06,-1.0300875663774635e-08,9.127471566456285e-08,0.11082865011671572,0.0,-0.00012571737170219421,0.004675593599677091,0.01053280345190621,0.0001582851531379431,0.7959612011909485,1551.6180419921875,0.5119878053665161,59,False,none,True,0.5101377964019775,0.008237971924245358,3.107086181640625,59.0,0.0007682291907258332,5.993887901306152,0.0,0.0,0.1756637692451477,0.1756637692451477,5.993887901306152,0,25,0.0,1,0.0,0.0,0.0,0
46,tum_fr1_desk,25,train,716,716,geometry_stratified,texture,1,6.626605721640754,6.626679234891077,7.351325032267653e-05,0.1983671255495208,0.1983818692119038,1.4743662382993294e-05,0.40642356872558594,0.4064171016216278,6.467103958129883e-06,0.27413506656885145,0.27413055002689357,4.516541957877429e-06,1.2539223615631494e-05,51.90110499825096,2.4159839402367366e-07,1.4164101193058198e-06,1.2460435974046837e-07,8.702207704498073e-08,0.1018565113165879,0.02053550073292615,0.009574398398399353,0.007368083298206374,0.02491172012917816,0.00047998438819400226,0.7490745782852173,1471.6334228515625,0.5080088973045349,33,False,none,True,0.5189228057861328,0.23853173851966858,3.0331788063049316,33.0,0.00042968749767169356,4.00443696975708,0.0,0.0,0.29378366470336914,0.29378366470336914,4.00443696975708,0,25,0.0,1,0.0,0.0,0.0,0
46,tum_fr1_desk,25,train,1371,1371,geometry_stratified,texture,1,6.626605721640754,6.6266342934444635,2.8571803709631638e-05,0.1983671255495208,0.1983714453652062,4.319815685410733e-06,0.40642356872558594,0.4064229130744934,6.556510925292969e-07,0.27413506656885145,0.2741338685154915,1.198053359963147e-06,3.502142378910934e-06,57.24115799966967,6.118224196182657e-08,4.991478982622351e-07,1.14541898773795e-08,2.0929928775550993e-08,0.033075523930044426,0.0030800207736856877,-0.0008204430341720581,0.0014502927660942078,0.00270712273557182,4.7293290879745e-05,0.7834481596946716,1547.0667724609375,0.5054087042808533,30,False,none,True,0.5522751808166504,0.12570083141326904,1.8334808349609375,30.0,0.0003906250058207661,2.7043447494506836,0.0,0.0,0.28310853242874146,0.28310853242874146,2.7043447494506836,0,25,0.0,1,0.0,0.0,0.0,0
46,tum_fr1_desk,25,train,372,372,geometry_stratified,texture,1,6.626605721640754,6.6264039386285445,-0.00020178301220941108,0.1983671255495208,0.19837207532958726,4.949780066459963e-06,0.40642356872558594,0.4064232110977173,3.5762786865234375e-07,0.27413506656885145,0.27414203137159343,-6.96480274198219e-06,-2.1051321318039e-05,69.19264500174904,-3.042421823519952e-07,-2.9162494395800367e-06,5.168582132440575e-09,-1.0065813702895928e-07,-0.235930600156129,-0.005743923107590865,0.0001728534698486328,-0.004685495793819383,-0.01799949636107974,-0.000260135977756375,0.6079248785972595,1198.0997314453125,0.5064075589179993,42,False,none,True,0.3036339581012726,2.354199171066284,8.515087127685547,42.0,0.0005468750023283064,3.203770399093628,0.0,0.0,0.4630858898162842,0.4630858898162842,3.203770399093628,0,25,0.0,1,0.0,0.0,0.0,0
46,tum_fr1_desk,25,train,712,712,geometry_stratified,texture,1,6.626605721640754,6.627071822666588,0.0004661010258342202,0.1983671255495208,0.19839486008151933,2.7734531998530043e-05,0.40642356872558594,0.4064219892024994,1.5795230865478516e-06,0.27413506656885145,0.2741182580590248,1.6808509826660156e-05,5.040239559465367e-05,52.38271100097336,9.621952478503282e-07,8.897993573214628e-06,3.015351928842517e-08,3.2087895997493956e-07,0.23339137474223826,0.0,0.0038898587226867676,0.013901498913764965,0.0423569440997037,0.0008086054213367581,1.0,1894.3875732421875,0.5268750786781311,89,False,none,True,0.5959129333496094,0.17171891033649445,10.315074920654297,89.0,0.0011588542256504297,13.437528610229492,0.0,0.0,0.035894811153411865,0.035894811153411865,13.437528610229492,0,25,0.0,1,0.0,0.0,0.0,0
46,tum_fr1_desk,25,train,2513,2513,geometry_stratified,texture,1,6.626605721640754,6.626877756646826,0.00027203500607253517,0.1983671255495208,0.19839898758461874,3.186203509794594e-05,0.40642356872558594,0.4064243733882904,-8.046627044677734e-07,0.27413506656885145,0.27412577420473094,9.292364120505603e-06,2.8142397785024957e-05,65.95909500174457,4.266644013881726e-07,4.12429864396017e-06,-1.2199420026100884e-08,1.40880709783235e-07,0.05090200048874749,0.0,0.0008111298084259033,0.003312271833419811,0.009395081619850388,0.00014243800069727903,0.8289369940757751,1586.0556640625,0.5216404795646667,97,False,none,True,0.5450830459594727,0.24606871604919434,8.560450553894043,97.0,0.0012630209093913436,10.82023811340332,0.0,0.0,0.32671940326690674,0.32671940326690674,10.82023811340332,0,25,0.0,1,0.0,0.0,0.0,0
46,tum_fr1_desk,25,train,3922,3922,geometry_stratified,texture,1,6.626605721640754,6.626617924158925,1.2202518171022803e-05,0.1983671255495208,0.1983632493268183,-3.876222702509091e-06,0.40642356872558594,0.40642285346984863,7.152557373046875e-07,0.27413506656885145,0.274134424328804,6.422400474215273e-07,1.8169735352052579e-06,53.95849399792496,3.367354054164543e-08,2.2614638154082034e-07,1.3255665314383932e-08,1.1902482812923307e-08,0.029367483498706548,-0.0016962749452764658,0.0006573731079697609,0.0002746946178376671,0.018315618451698452,0.00033943902237899376,0.4756716191768646,840.39599609375,0.5650088787078857,220,False,none,True,0.11501066386699677,0.009536602534353733,4.048337936401367,220.0,0.002864583395421505,32.50442886352539,0.0,0.0,0.5420541763305664,0.5420541763305664,32.50442886352539,0,25,0.0,1,0.0,0.0,0.0,0
46,tum_fr1_desk,25,train,114,114,geometry_stratified,depth_discontinuity,1,6.626605721640754,6.626630126711381,2.4405070627508962e-05,0.1983671255495208,0.19836907855468158,1.9530051607874466e-06,0.40642356872558594,0.40642040967941284,3.159046173095703e-06,0.27413506656885145,0.274133263528347,1.8030405044555664e-06,4.909861956772283e-06,50.0753230007831,9.804953143678175e-08,4.873672133303524e-07,6.30858870954522e-08,3.600656763466847e-08,0.0048118106156254115,0.00043577711258488416,0.0005636811256408691,0.0006173789501190408,0.0016012913387269023,3.197765371781747e-05,0.9309079051017761,1850.9686279296875,0.5019301176071167,19,True,min_influence_pixels,True,0.7558351159095764,0.46983152627944946,1.1828571557998657,21.0,0.0002734375011641532,0.9650724530220032,0.0,0.0,0.22540515661239624,0.22540515661239624,0.9650724530220032,0,25,0.0,1,0.0,0.0,0.0,0
46,tum_fr1_desk,25,train,826,826,geometry_stratified,depth_discontinuity,1,6.626605721640754,6.626531316784049,-7.440485670517916e-05,0.1983671255495208,0.1983666079758454,-5.175736753904037e-07,0.40642356872558594,0.40642327070236206,2.980232238769531e-07,0.27413506656885145,0.2741375848650932,-2.518296241760254e-06,-7.639755546541458e-06,62.68399599503027,-1.218772898132907e-07,-1.1869833044957462e-06,4.754375006669662e-09,-4.017446880635865e-08,0.024326163859512917,0.023165202392179604,0.0,0.00037461742758750083,0.0016717640117378178,2.666971026975305e-05,0.5839462280273438,1133.533203125,0.5141558051109314,64,False,none,True,0.28375253081321716,0.0,2.0083768367767334,64.0,0.0008333333535119891,7.077916622161865,0.0,0.0,0.3814292550086975,0.3814292550086975,7.077916622161865,0,25,0.0,1,0.0,0.0,0.0,0
46,tum_fr1_desk,25,train,2494,2494,geometry_stratified,depth_discontinuity,1,6.626605721640754,6.626617924158925,1.2202518171022803e-05,0.1983671255495208,0.19837262003161565,5.49448209485881e-06,0.40642356872558594,0.4064233899116516,1.7881393432617188e-07,0.27413506656885145,0.27413458526134493,4.813075065168704e-07,1.4210010737700425e-06,62.35350099450443,2.278943525392878e-08,1.956990060926696e-07,2.867744897627028e-09,7.71901334873387e-09,0.03338822774389172,-0.004994140791866664,0.0,0.00019581764936446935,0.00162598943101982,2.6076954863578996e-05,0.5085902810096741,990.89404296875,0.5122640132904053,59,False,none,True,0.19002237915992737,0.0,1.165217638015747,59.0,0.0007682291907258332,6.132002353668213,0.0,0.0,0.4765850305557251,0.4765850305557251,6.132002353668213,0,25,0.0,1,0.0,0.0,0.0,0
46,tum_fr1_desk,25,train,1997,1997,geometry_stratified,depth_discontinuity,1,6.626605721640754,6.6266006620701035,-5.0595706504452664e-06,0.1983671255495208,0.19837328668287807,6.1611333572741955e-06,0.40642356872558594,0.40642356872558594,0.0,0.27413506656885145,0.27413524389266963,-1.7732381818458265e-07,-5.344666038821996e-07,62.070179003058,-8.610682496273584e-09,-8.151371128148346e-08,0.0,-2.856827884705254e-09,0.021580076442699436,0.0,0.0,4.138490185141494e-05,0.0007853639652612178,1.2652838736336259e-05,0.513774573802948,989.986572265625,0.5179712176322937,77,False,none,True,0.08402962982654572,0.0,0.755058228969574,77.0,0.001002604141831398,8.985618591308594,0.0,0.0,0.4536170959472656,0.4536170959472656,8.985618591308594,0,25,0.0,1,0.0,0.0,0.0,0
46,tum_fr1_desk,25,train,5402,5402,geometry_stratified,depth_discontinuity,1,6.626605721640754,6.626606316884747,5.952439927625619e-07,0.1983671255495208,0.19836321131729118,-3.914232229618175e-06,0.40642356872558594,0.40642139315605164,2.175569534301758e-06,0.27413506656885145,0.2741343930363655,6.735324859508118e-07,1.6687667806692068e-06,43.695448999642394,3.819086012099027e-08,1.3622562678493895e-08,4.9789385029996206e-08,1.5414247967936525e-08,0.0840557957912722,0.001777082159182708,0.003803059458732605,0.0011425408833019984,0.009923152322541212,0.0002270980742782257,0.6490954160690308,1211.8084716796875,0.5346418619155884,85,False,none,True,0.008489991538226604,0.014236555434763432,0.39364492893218994,85.0,0.0011067708255723119,17.32093048095703,0.0,0.0,0.42646902799606323,0.42646902799606323,17.32093048095703,0,25,0.0,1,0.0,0.0,0.0,0
46,tum_fr1_desk,25,train,948,948,geometry_stratified,depth_discontinuity,1,6.626605721640754,6.626605721640754,0.0,0.1983671255495208,0.19836706603697396,-5.951254683500551e-08,0.40642356872558594,0.4064234495162964,1.1920928955078125e-07,0.27413506656885145,0.2741350308060646,3.5762786843029915e-08,8.799388031893676e-08,58.19607699959306,1.5120242610090721e-09,0.0,2.048407653863246e-09,6.145222957774282e-10,0.01386501141667651,0.0011414500167130637,0.0,1.0304094757884632e-06,0.00029097339660502316,4.999879916425601e-06,0.21514149010181427,425.25823974609375,0.5049078464508057,23,True,min_influence_pixels,True,0.01945795677602291,0.0,0.04774826392531395,23.0,0.0002994791720993817,2.4539196491241455,0.0,0.0,0.7503801584243774,0.7503801584243774,2.4539196491241455,0,25,0.0,1,0.0,0.0,0.0,0
46,tum_fr1_desk,25,train,3105,3105,geometry_stratified,flat,1,6.626605721640754,6.626597685854828,-8.035785925564198e-06,0.1983671255495208,0.19836602560795646,-1.0999415643309085e-06,0.40642356872558594,0.40642237663269043,1.1920928955078125e-06,0.27413506656885145,0.27413499057292934,7.599592211082751e-08,3.1080370353232065e-08,43.70408599788789,7.11154795794931e-10,-1.8386806958856315e-07,2.727646324797694e-08,1.7388745325665935e-09,0.032419719532978286,-0.0014227520997121025,0.004893273115158081,0.005702474713325412,0.026262775478980635,0.0006009226569856616,1.0,1918.453857421875,0.52025306224823,66,False,none,True,0.9015405178070068,0.42368802428245544,13.419971466064453,66.0,0.0008593749953433871,10.126533508300781,0.0,0.0,0.04902464151382446,0.04902464151382446,10.126533508300781,0,25,0.0,1,0.0,0.0,0.0,0
46,tum_fr1_desk,25,train,3678,3678,geometry_stratified,flat,1,6.626605721640754,6.626717033686371,0.00011131204561731778,0.1983671255495208,0.1983817021818487,1.457663232790063e-05,0.40642356872558594,0.4064197242259979,3.844499588012695e-06,0.27413506656885145,0.2741300120949745,5.054473876942023e-06,1.459622545962764e-05,43.01594500429928,3.3932127861351886e-07,2.587692670850136e-06,8.937382609235835e-08,1.1750233259868747e-07,0.07132041857819571,0.00048218948515620086,0.00812673568725586,0.00950301885604854,0.028775416663037387,0.0006689476811484995,0.9999889731407166,1947.0955810546875,0.5125797986984253,51,False,none,True,0.7900040745735168,0.5120562314987183,8.189828872680664,51.0,0.0006640625069849193,6.289899826049805,0.0,0.0,0.0385136604309082,0.0385136604309082,6.289899826049805,0,25,0.0,1,0.0,0.0,0.0,0
46,tum_fr1_desk,25,train,3459,3459,geometry_stratified,flat,1,6.626605721640754,6.626600364448485,-5.357192268462541e-06,0.1983671255495208,0.1983685247488559,1.3991993351170073e-06,0.40642356872558594,0.40642720460891724,-3.635883331298828e-06,0.27413506656885145,0.2741363450884819,-1.2785196304432311e-06,-3.2497191460656796e-06,60.33654999919236,-5.3859876743187655e-08,-8.878850826794456e-08,-6.02600468761886e-08,-2.1189803368942124e-08,0.05794556521889538,0.000512965178217497,0.003006488084793091,0.004751083254814159,0.012912002895188039,0.00021399968833751474,1.0,1934.36328125,0.5159659385681152,57,False,none,True,0.6584731936454773,0.40445131063461304,8.485306739807129,57.0,0.0007421874906867743,7.982981204986572,0.0,0.0,0.04812043905258179,0.04812043905258179,7.982981204986572,0,25,0.0,1,0.0,0.0,0.0,0
46,tum_fr1_desk,25,train,2761,2761,geometry_stratified,flat,1,6.626605721640754,6.626722093392596,0.00011637175184198156,0.1983671255495208,0.19838018192418458,1.305637466378351e-05,0.40642356872558594,0.4064231514930725,4.172325134277344e-07,0.27413506656885145,0.2741308629512787,4.203617572751117e-06,1.2600882325692387e-05,81.35390000097686,1.548897142674301e-07,1.4304385142025671e-06,5.128611085918738e-09,5.167075669022188e-08,-0.026945869892765373,-0.014942304023027264,0.00027886033058166504,-0.0002839811146259086,-0.0015101404381664232,-1.8562606564015862e-05,0.5876092314720154,1146.0919189453125,0.5117068290710449,66,False,none,True,0.28434622287750244,0.33926424384117126,3.650251626968384,66.0,0.0008593749953433871,5.8534159660339355,0.0,0.0,0.37722301483154297,0.37722301483154297,5.8534159660339355,0,25,0.0,1,0.0,0.0,0.0,0
46,tum_fr1_desk,25,train,3005,3005,geometry_stratified,flat,1,6.626605721640754,6.626623578996044,1.785735529047372e-05,0.1983671255495208,0.19837435177024584,7.226220725048416e-06,0.40642356872558594,0.40642306208610535,5.066394805908203e-07,0.27413506656885145,0.27413428872823714,7.778406143077454e-07,2.260331687650796e-06,65.24975199863547,3.4641230325259546e-08,2.7367698333699657e-07,7.76461925252092e-09,1.192097426399432e-08,0.029244281723084242,-0.002337592929926524,0.00028502941131591797,0.00021611042320728024,0.001711735596106572,2.623359543408484e-05,0.5508585572242737,1065.1051025390625,0.5161870121955872,84,False,none,True,0.1639552265405655,0.21436913311481476,3.06196928024292,84.0,0.0010937500046566129,8.09350299835205,0.0,0.0,0.47445452213287354,0.47445452213287354,8.09350299835205,0,25,0.0,1,0.0,0.0,0.0,0
46,tum_fr1_desk,25,train,3494,3494,geometry_stratified,flat,1,6.626605721640754,6.626554530962526,-5.1190678227897024e-05,0.1983671255495208,0.1983454503966703,-2.1675152850508805e-05,0.40642356872558594,0.4064231514930725,4.172325134277344e-07,0.27413506656885145,0.27413673549890516,-1.6689300537109375e-06,-5.099537161446343e-06,98.37713900196832,-5.183660770358764e-08,-5.203513615787588e-07,4.241153154691624e-09,-1.6964612618766497e-08,-0.1636441419977963,-0.00891862159404877,0.00026866793632507324,-0.0009525872766971699,-0.007591810764642019,-7.717047722327158e-05,0.5218299627304077,1021.486572265625,0.5098534226417542,65,False,none,True,0.1940341740846634,0.158818781375885,1.7384066581726074,65.0,0.0008463541744276881,4.926717281341553,0.0,0.0,0.5147475004196167,0.5147475004196167,4.926717281341553,0,25,0.0,1,0.0,0.0,0.0,0
46,tum_fr1_desk,25,train,2101,2101,geometry_stratified,general_visible,1,6.626605721640754,6.62659441202038,-1.1309620373545215e-05,0.1983671255495208,0.19836603346294182,-1.092086578974305e-06,0.40642356872558594,0.4064219295978546,1.6391277313232422e-06,0.27413506656885145,0.27413497120141983,9.536743161842054e-08,1.5226658432816695e-08,66.44390300061787,2.2916562310728647e-10,-1.7021306489837067e-07,2.466934748411754e-08,1.435307489650837e-09,-0.0500011039060162,-0.014309040411465301,0.0006791353225708008,-7.496029138565063e-05,-0.001627559633991473,-2.449524426607417e-05,0.6618925333023071,1309.2166748046875,0.5045637488365173,27,False,none,True,0.18485203385353088,0.26657599210739136,1.0301061868667603,27.0,0.0003515625139698386,2.281883478164673,0.0,0.0,0.3546264171600342,0.3546264171600342,2.281883478164673,0,25,0.0,1,0.0,0.0,0.0,0
46,tum_fr1_desk,35,train,2171,2171,geometry_stratified,edge,1,7.23672518753072,7.236700184160425,-2.5003370295095806e-05,0.2605773837006648,0.26056648235170987,-1.0901348954928114e-05,0.5430384278297424,0.543038010597229,4.172325134277344e-07,0.29517061561346053,0.2951712518930435,-6.362795829661927e-07,-2.188048002946734e-06,65.72617100027855,-3.329036165726832e-08,-3.804172662817957e-07,6.3480422954498005e-09,-9.68076450039203e-09,-0.065563769869879,-0.02690418956163415,0.0005090832710266113,0.00010361345484852236,-0.0016502886875115377,-2.5108547514574423e-05,0.5276007652282715,1006.0516967773438,0.5234270691871643,96,False,none,True,0.04705653339624405,0.07510284334421158,1.4309172630310059,96.0,0.0012499999720603228,11.71352767944336,0.0,0.0,0.45608657598495483,0.45608657598495483,11.71352767944336,0,35,0.0,1,0.0,0.0,0.0,0
46,tum_fr1_desk,35,train,625,625,geometry_stratified,edge,1,7.23672518753072,7.236742655724147,1.7468193427738754e-05,0.2605773837006648,0.2605791694408289,1.7857401640730686e-06,0.5430384278297424,0.5430417060852051,-3.2782554626464844e-06,0.29517061561346053,0.2951710671186447,-4.515051841846862e-07,-1.213846873536308e-07,50.923440998303704,-2.383670171810939e-09,3.4302853627508465e-07,-6.437615758832332e-08,-8.866352613518914e-09,0.01278279960796258,0.0025800602346138096,0.0004086494445800781,0.0011210948228835838,0.002908990926983038,5.712479105801076e-05,1.0,1963.8690185546875,0.5081989169120789,35,False,none,True,0.6986596584320068,1.1427663564682007,7.548857688903809,35.0,0.00045572916860692203,4.099462985992432,0.0,0.0,0.06401145458221436,0.06401145458221436,4.099462985992432,0,35,0.0,1,0.0,0.0,0.0,0
46,tum_fr1_desk,35,train,1094,1094,geometry_stratified,edge,1,7.23672518753072,7.236720049840141,-5.137690578749243e-06,0.2605773837006648,0.2605783485507695,9.648501047010427e-07,0.5430384278297424,0.543038010597229,4.172325134277344e-07,0.29517061561346053,0.295170646905899,-3.129243847377339e-08,-2.664639381817264e-07,59.383527004683856,-4.487169281149453e-09,-8.651710058151328e-08,7.02606487814079e-09,-5.26954865299685e-10,-0.05566826015640203,-0.008370172499222284,0.0005928277969360352,0.0001388035248965913,-0.0015488525561144911,-2.6082192052895846e-05,0.37614357471466064,722.3744506835938,0.5197044014930725,79,False,none,True,0.06071774661540985,0.19044116139411926,2.474468469619751,79.0,0.0010286459000781178,9.852203369140625,0.0,0.0,0.6558142900466919,0.6558142900466919,9.852203369140625,0,35,0.0,1,0.0,0.0,0.0,0
46,tum_fr1_desk,35,train,1017,1017,geometry_stratified,edge,1,7.23672518753072,7.2368669901895455,0.0001418026588257959,0.2605773837006648,0.26060684670049233,2.9462999827534198e-05,0.5430384278297424,0.5430369973182678,1.430511474609375e-06,0.29517061561346053,0.29516586810350415,4.747509956382068e-06,1.4506687958079692e-05,97.70153400313575,1.4847963346833527e-07,1.4513862067021866e-06,1.4641648047854218e-08,4.8591969459043453e-08,0.16726028574151997,-0.0007841109625842946,0.00022923946380615234,0.0012381911277770663,0.008701194703662018,8.905893640710648e-05,0.7684608697891235,1460.260498046875,0.5252491235733032,109,False,none,True,0.1948338747024536,1.2187166213989258,17.845439910888672,109.0,0.0014192708767950535,12.624550819396973,0.0,0.0,0.28381699323654175,0.28381699323654175,12.624550819396973,0,35,0.0,1,0.0,0.0,0.0,0
46,tum_fr1_desk,35,train,2384,2384,geometry_stratified,edge,1,7.23672518753072,7.236725872556589,6.850258689183875e-07,0.2605773837006648,0.2605730500938861,-4.333606778705867e-06,0.5430384278297424,0.543037474155426,9.5367431640625e-07,0.29517061561346053,0.29517030864953997,3.0696392055995503e-07,5.931163568556932e-07,66.41810799919767,8.930039935236608e-09,1.0313841955971743e-08,1.4358649246945883e-08,4.621690225859236e-09,0.28259247437419077,-0.003961639765454272,0.0004419982433319092,0.00015167313104029467,0.006279844509660078,9.455018667101957e-05,0.5451785922050476,1056.1390380859375,0.515199601650238,76,False,none,True,0.01935431733727455,0.27865028381347656,2.2647786140441895,76.0,0.000989583320915699,7.59981107711792,0.0,0.0,0.4610689878463745,0.4610689878463745,7.59981107711792,0,35,0.0,1,0.0,0.0,0.0,0
46,tum_fr1_desk,35,train,5795,5795,geometry_stratified,edge,1,7.23672518753072,7.23677622225384,5.103472312040225e-05,0.2605773837006648,0.26058471892988644,7.335229221638873e-06,0.5430384278297424,0.5430340766906738,4.351139068603516e-06,0.29517061561346053,0.2951677560806274,2.859532833132672e-06,7.340303458869717e-06,42.21856600634055,1.7386434815827996e-07,1.2088218039603157e-06,1.0306221836028358e-07,6.773164282044104e-08,0.031758896337515274,0.004096137637922784,0.0027793049812316895,0.0017436191439628435,0.008422870198805135,0.00019950630719054157,0.7762879729270935,1508.12939453125,0.5137355923652649,43,False,none,True,0.40064629912376404,0.14566858112812042,3.7519757747650146,43.0,0.0005598958232440054,6.8677897453308105,0.0,0.0,0.34431350231170654,0.34431350231170654,6.8677897453308105,0,35,0.0,1,0.0,0.0,0.0,0
46,tum_fr1_desk,35,train,5290,5290,geometry_stratified,texture,1,7.23672518753072,7.2367621790823025,3.699155158276568e-05,0.2605773837006648,0.26059850249581973,2.1118795154928538e-05,0.5430384278297424,0.5430477261543274,-9.298324584960938e-06,0.29517061561346053,0.29517227858304973,-1.6629695892000917e-06,-1.5586826655202702e-06,43.7449689998175,-3.56311297312103e-08,8.456184203244036e-07,-2.1255757627807963e-07,-3.801510498743363e-08,0.7130553812105767,0.05701220377504354,-0.018712937831878662,-0.0020956359803676605,0.017238304908855678,0.00039406371299354663,0.4518309235572815,897.1657104492188,0.5026203393936157,15,True,min_influence_pixels,True,0.15490053594112396,0.34041139483451843,0.6489489674568176,15.0,0.00019531250291038305,1.3101824522018433,0.0,0.0,0.5636706948280334,0.5636706948280334,1.3101824522018433,0,35,0.0,1,0.0,0.0,0.0,0
46,tum_fr1_desk,35,train,590,590,geometry_stratified,texture,1,7.23672518753072,7.236690251354643,-3.493617607652766e-05,0.2605773837006648,0.2605756169135381,-1.7667871267113e-06,0.5430384278297424,0.5430371761322021,1.2516975402832031e-06,0.29517061561346053,0.2951713040471077,-6.884336471446595e-07,-2.687838962122861e-06,67.59028500528075,-3.97666463739998e-08,-5.168816209873673e-07,1.8518897208162528e-08,-1.0185393464325132e-08,-0.008834244492945231,-0.000316419181545409,0.00031948089599609375,-0.00027711987495426804,-0.0010054564404036578,-1.4875753820613462e-05,0.8009305000305176,1563.418212890625,0.511294424533844,67,False,none,True,0.4997679591178894,1.6928595304489136,12.382218360900879,67.0,0.000872395874466747,5.647205829620361,0.0,0.0,0.41388583183288574,0.41388583183288574,5.647205829620361,0,35,0.0,1,0.0,0.0,0.0,0
46,tum_fr1_desk,35,train,1767,1767,geometry_stratified,texture,1,7.23672518753072,7.236721419890367,-3.7676403525921387e-06,0.2605773837006648,0.26058235081117453,4.967110509734862e-06,0.5430384278297424,0.5430381298065186,2.980232238769531e-07,0.29517061561346053,0.29517064094543455,-2.5331974018438785e-08,-1.9979740055744858e-07,52.73617500643013,-3.788621388128495e-09,-7.144318586118067e-08,5.651210461141998e-09,-4.803528889865458e-10,0.018948596109972016,-0.0015850046561615705,0.0004241466522216797,0.00019569490104914822,0.0010057238259406267,1.9070852708183684e-05,0.7199708223342896,1366.70654296875,0.5257925391197205,95,False,none,True,0.13052280247211456,0.6312792897224426,9.8244047164917,95.0,0.0012369791511446238,12.896268844604492,0.0,0.0,0.27122461795806885,0.27122461795806885,12.896268844604492,0,35,0.0,1,0.0,0.0,0.0,0
46,tum_fr1_desk,35,train,6431,6431,geometry_stratified,texture,1,7.23672518753072,7.23672518753072,0.0,0.2605773837006648,0.26057406305305136,-3.3206476134362006e-06,0.5430384278297424,0.5430378913879395,5.364418029785156e-07,0.29517061561346053,0.2951704546809196,1.6093254090465692e-07,2.9635571378755445e-07,44.237330002943054,6.699222438782772e-09,0.0,1.2126450736127764e-08,3.637935221089299e-09,0.41327557791256453,0.0,0.00115126371383667,0.0007550779730081556,0.2098231844783119,0.0047431249685356835,0.6503098607063293,1297.1907958984375,0.500321626663208,2,True,min_influence_pixels,True,0.07696221023797989,0.0017663839971646667,0.012660842388868332,2.0,2.604166729724966e-05,0.16081631183624268,0.0,0.0,0.5,0.5,0.16081631183624268,0,35,0.0,1,0.0,0.0,0.0,0
46,tum_fr1_desk,35,train,990,990,geometry_stratified,texture,1,7.23672518753072,7.2367313527674355,6.165236715816036e-06,0.2605773837006648,0.2605778123518036,4.286511388063019e-07,0.5430384278297424,0.5430359244346619,2.5033950805664062e-06,0.29517061561346053,0.2951696768403053,9.387731552124023e-07,1.9793494989210234e-06,57.35378499957733,3.451122709574635e-08,1.0749485349330425e-07,4.364829767703832e-08,1.636811162888937e-08,-0.002584748211486243,-0.0002694264754677985,0.00021457672119140625,-6.640851497652367e-05,0.00022837830462432116,3.981922110737839e-06,0.8491862416267395,1654.2567138671875,0.5123339891433716,52,False,none,True,0.5414378643035889,0.10978904366493225,4.016110897064209,52.0,0.0006770833279006183,6.1669921875,0.0,0.0,0.1909877061843872,0.1909877061843872,6.1669921875,0,35,0.0,1,0.0,0.0,0.0,0
46,tum_fr1_desk,35,train,3629,3629,geometry_stratified,texture,1,7.23672518753072,7.236805336290711,8.014875999151627e-05,0.2605773837006648,0.26058533426284813,7.950562183334231e-06,0.5430384278297424,0.5430371761322021,1.2516975402832031e-06,0.29517061561346053,0.2951677992939949,2.816319465637207e-06,8.444192883778815e-06,63.10955600201851,1.3380212789817019e-07,1.26999404003021e-06,1.9833724392597037e-08,4.462587988334333e-08,0.009217374279628654,-0.0004838800204284722,0.00021064281463623047,0.0008627772331237793,0.0026371958799802048,4.178758411635563e-05,0.6359208226203918,1244.375244140625,0.5100361704826355,70,False,none,True,0.7211386561393738,0.26948991417884827,4.9710493087768555,70.0,0.0009114583372138441,5.018075466156006,0.0,0.0,0.4814452528953552,0.4814452528953552,5.018075466156006,0,35,0.0,1,0.0,0.0,0.0,0
46,tum_fr1_desk,35,train,74,74,geometry_stratified,depth_discontinuity,1,7.23672518753072,7.236710802012416,-1.4385518303683398e-05,0.2605773837006648,0.2605770385719894,-3.4512867541636183e-07,0.5430384278297424,0.5430384278297424,0.0,0.29517061561346053,0.29517105370759966,-4.380941391324278e-07,-1.391494433135213e-06,48.829991996171884,-2.849671638783602e-08,-2.946041503511034e-07,0.0,-8.971824922002301e-09,-0.009720263777539095,-0.002838925441348436,0.0,-0.0005034536123275923,-0.00137870935405691,-2.8234887979604755e-05,0.7738507986068726,1541.0250244140625,0.5011662244796753,8,True,min_influence_pixels,True,0.5647952556610107,0.0,0.32933658361434937,8.0,0.00010416666918899864,0.5831078886985779,0.0,0.0,0.24463069438934326,0.24463069438934326,0.5831078886985779,0,35,0.0,1,0.0,0.0,0.0,0
46,tum_fr1_desk,35,train,278,278,geometry_stratified,depth_discontinuity,1,7.23672518753072,7.236840958436611,0.00011577090589121042,0.2605773837006648,0.260596132930906,1.8749230241199566e-05,0.5430384278297424,0.5430383682250977,5.960464477539063e-08,0.29517061561346053,0.2951670721173286,3.543496131908075e-06,1.12313133207066e-05,61.948727001436055,1.8130014714339883e-07,1.8688181580959153e-06,9.621609298607364e-10,5.7200467280399996e-08,0.3124065436009591,0.04922611415239214,0.0,0.0023927345871925312,0.016723957521195782,0.00026996450662832987,0.8243710398674011,1585.40380859375,0.5189753770828247,65,False,none,True,0.21254904568195343,0.0,2.0165958404541016,65.0,0.0008463541744276881,9.487672805786133,0.0,0.0,0.22177249193191528,0.22177249193191528,9.487672805786133,0,35,0.0,1,0.0,0.0,0.0,0
46,tum_fr1_desk,35,train,1153,1153,geometry_stratified,depth_discontinuity,1,7.23672518753072,7.236728270147983,3.082617263672205e-06,0.2605773837006648,0.2605785047443751,1.121043710305969e-06,0.5430384278297424,0.5430384874343872,-5.960464477539063e-08,0.29517061561346053,0.2951705396175384,7.599592211082751e-08,2.6524956546900043e-07,61.07537799834972,4.342986882146969e-09,5.0472340322731987e-08,-9.75919375840804e-10,1.2442972045605832e-09,0.07140495573102967,0.0,0.0,0.00010173236951231939,0.0024381971072070315,3.992111366503393e-05,0.5338007807731628,1064.94970703125,0.5002450346946716,2,True,min_influence_pixels,True,0.07270331680774689,0.0,0.008906511589884758,2.0,2.604166729724966e-05,0.12250488996505737,0.0,0.0,0.36567074060440063,0.36567074060440063,0.12250488996505737,0,35,0.0,1,0.0,0.0,0.0,0
46,tum_fr1_desk,35,train,1374,1374,geometry_stratified,depth_discontinuity,1,7.23672518753072,7.2367142271315,-1.0960399219328565e-05,0.2605773837006648,0.26058536939198995,7.985691325151922e-06,0.5430384278297424,0.543037474155426,9.5367431640625e-07,0.29517061561346053,0.29517066329717634,-4.768371580921027e-08,-5.333320504734764e-07,77.33731500047725,-6.896180071291397e-09,-1.4172200339850083e-07,1.233136056508252e-08,-6.165680281105701e-10,0.08528776354562773,0.0,0.0,0.0006533600389957428,0.00452698404488394,5.853557296184906e-05,0.6687941551208496,1278.4029541015625,0.5221481323242188,102,False,none,True,0.20457041263580322,0.0,2.265424966812134,102.0,0.0013281250139698386,11.07405948638916,0.0,0.0,0.30667608976364136,0.30667608976364136,11.07405948638916,0,35,0.0,1,0.0,0.0,0.0,0
46,tum_fr1_desk,35,train,202,202,geometry_stratified,depth_discontinuity,1,7.23672518753072,7.2371136145378445,0.00038842700712482525,0.2605773837006648,0.260619270068543,4.1886367878218866e-05,0.5430384278297424,0.5430384278297424,0.0,0.29517061561346053,0.29515878707170484,1.1828541755687372e-05,3.757209206394553e-05,52.816313997027464,7.113728547217458e-07,7.354299793557842e-06,0.0,2.2395621467172225e-07,0.2809961064836415,0.026524874591620645,0.0,0.0030610576272010817,0.017012855774991596,0.00032211365177715906,0.8328061699867249,1598.98974609375,0.5198326706886292,69,False,none,True,0.24465109407901764,0.0,2.4260411262512207,69.0,0.0008984375162981451,9.916330337524414,0.0,0.0,0.198638916015625,0.198638916015625,9.916330337524414,0,35,0.0,1,0.0,0.0,0.0,0
46,tum_fr1_desk,35,train,2167,2167,geometry_stratified,depth_discontinuity,1,7.23672518753072,7.236757383863397,3.2196332677258965e-05,0.2605773837006648,0.26057849929158605,1.1155909212523518e-06,0.5430384278297424,0.5430384278297424,0.0,0.29517061561346053,0.29516963511705396,9.80496406566278e-07,3.114313766248099e-06,61.29223400057526,5.081090315975217e-08,5.252922038533754e-07,0.0,1.5997074059285806e-08,0.007407293831651174,-0.0001894541269099135,0.0,0.00012612417340278348,0.0005313671797939874,8.669404671870831e-06,0.49687695503234863,946.4315795898438,0.524000346660614,97,False,none,True,0.2656553089618683,0.0,3.187908411026001,97.0,0.0012630209093913436,12.000167846679688,0.0,0.0,0.46993404626846313,0.46993404626846313,12.000167846679688,0,35,0.0,1,0.0,0.0,0.0,0
46,tum_fr1_desk,35,train,2566,2566,geometry_stratified,flat,1,7.23672518753072,7.236765604241905,4.041671118493184e-05,0.2605773837006648,0.2605953656338741,1.798193320928787e-05,0.5430384278297424,0.5430367588996887,1.6689300537109375e-06,0.29517061561346053,0.2951688840985298,1.7315149307139954e-06,4.831456960416522e-06,76.09974999650149,6.348847349220775e-08,5.311017603446779e-07,2.193082176732069e-08,2.2753227583449325e-08,0.23392442644465206,0.005529483084505293,0.0004373490810394287,0.0010398197919130325,0.010510528702516378,0.00013811515416278734,0.5105082392692566,995.2993774414062,0.5119192600250244,62,False,none,True,0.1541862189769745,0.4142945110797882,3.3879265785217285,62.0,0.0008072917116805911,5.959615707397461,0.0,0.0,0.4883347153663635,0.4883347153663635,5.959615707397461,0,35,0.0,1,0.0,0.0,0.0,0
46,tum_fr1_desk,35,train,466,466,geometry_stratified,flat,1,7.23672518753072,7.236753958710277,2.877117955701891e-05,0.2605773837006648,0.2605786911185171,1.3074178523142521e-06,0.5430384278297424,0.5430389046669006,-4.76837158203125e-07,0.29517061561346053,0.2951698824763298,7.331371307262025e-07,2.519575392479313e-06,79.36110700393328,3.1748239000174715e-08,3.625350079301812e-07,-6.008448926745591e-09,9.237990224731453e-09,0.001373839901880558,-0.004182529010053115,-0.0004467964172363281,-0.00010340362787242263,5.387672225613193e-05,6.788806795936162e-07,0.94129878282547,1853.92578125,0.506732702255249,39,False,none,True,0.3670226037502289,2.307805061340332,9.004368782043457,39.0,0.0005078125395812094,3.3663361072540283,0.0,0.0,0.2177073359489441,0.2177073359489441,3.3663361072540283,0,35,0.0,1,0.0,0.0,0.0,0
46,tum_fr1_desk,35,train,3296,3296,geometry_stratified,flat,1,7.23672518753072,7.23667381089844,-5.1376632280053514e-05,0.2605773837006648,0.26056935695980965,-8.026740855149317e-06,0.5430384278297424,0.5430540442466736,-1.5616416931152344e-05,0.29517061561346053,0.29517686516046526,-6.249547004733014e-06,-1.3596845923257657e-05,43.09204599849181,-3.155302935426537e-07,-1.1922532590318793e-06,-3.623967386393978e-07,-1.4502785513947848e-07,-0.37955969540561085,-0.01189391381425109,0.006171882152557373,-0.0011397525668144157,0.009348218929554009,0.0002169360658781713,0.19303147494792938,384.1982421875,0.5014267563819885,12,True,min_influence_pixels,True,0.20648075640201569,0.06072346493601799,0.19062089920043945,12.0,0.00015624999650754035,0.7133902907371521,0.0,0.0,0.9304986000061035,0.9304986000061035,0.7133902907371521,0,35,0.0,1,0.0,0.0,0.0,0
46,tum_fr1_desk,35,train,359,359,geometry_stratified,flat,1,7.23672518753072,7.23682177724482,9.65897140998706e-05,0.2605773837006648,0.2605935697563126,1.6186055647793296e-05,0.5430384278297424,0.5430373549461365,1.0728836059570312e-06,0.29517061561346053,0.2951673522591591,3.2633543014526367e-06,9.935721990752225e-06,44.62432600121247,2.226525951446811e-07,2.1645080778866264e-06,2.404257278704625e-08,7.312949222726568e-08,0.10649628039452352,-0.01925395024086196,0.0012507438659667969,0.002021252363920256,0.007731078909278272,0.0001732480824263478,0.8824215531349182,1699.1859130859375,0.5183201432228088,66,False,none,True,0.30729207396507263,1.0100688934326172,12.06710147857666,66.0,0.0008593749953433871,9.160057067871094,0.0,0.0,0.2008455991744995,0.2008455991744995,9.160057067871094,0,35,0.0,1,0.0,0.0,0.0,0
46,tum_fr1_desk,35,train,3212,3212,geometry_stratified,flat,1,7.23672518753072,7.2367193648151895,-5.822715530179323e-06,0.2605773837006648,0.2605729253564572,-4.458344207591836e-06,0.5430384278297424,0.543038010597229,4.172325134277344e-07,0.29517061561346053,0.2951706677675247,-5.21540641784668e-08,-3.3272560400085834e-07,97.1141389964032,-3.42612937147269e-09,-5.995744379090854e-08,4.2963106890458794e-09,-5.370388361307349e-10,-0.21059420056189992,0.008391556760591112,0.0002241283655166626,-0.00020969044417143423,-0.006724771855233917,-6.924606370121843e-05,0.5802993178367615,1137.573974609375,0.5091200470924377,58,False,none,True,0.08899813145399094,0.2270040065050125,1.4409765005111694,58.0,0.0007552083698101342,4.56002140045166,0.0,0.0,0.42846864461898804,0.42846864461898804,4.56002140045166,0,35,0.0,1,0.0,0.0,0.0,0
46,tum_fr1_desk,35,train,3606,3606,geometry_stratified,flat,1,7.23672518753072,7.236567291950543,-0.00015789558017687,0.2605773837006648,0.2605510308632565,-2.635283740831662e-05,0.5430384278297424,0.5430376529693604,7.748603820800781e-07,0.29517061561346053,0.2951751917600631,-4.5761466025973085e-06,-1.484498623187218e-05,52.55201899854001,-2.8248174884174483e-07,-3.004557830237819e-06,1.4744635826486613e-08,-8.70784165823285e-08,-0.02837884504308974,-0.0001528817059501227,0.006746202707290649,-0.00039596259593965843,-0.0025598587438571425,-4.871094950563669e-05,0.9978100657463074,1938.973388671875,0.513607382774353,49,False,none,True,0.730423629283905,0.44337016344070435,7.986134052276611,49.0,0.0006380208651535213,6.803694248199463,0.0,0.0,0.01400899887084961,0.01400899887084961,6.803694248199463,0,35,0.0,1,0.0,0.0,0.0,0
46,tum_fr1_desk,35,train,1714,1714,geometry_stratified,general_visible,1,7.23672518753072,7.237179383396106,0.0004541958653865308,0.2605773837006648,0.2606434006555311,6.601695486629922e-05,0.5430384278297424,0.5430383682250977,5.960464477539063e-08,0.29517061561346053,0.29515676647424693,1.3849139213595318e-05,4.3966765546377916e-05,52.28239700227277,8.409477772120248e-07,8.687357340689379e-06,1.1400518758311626e-09,2.6489105335000767e-07,0.01754713601704161,0.0020476757327513237,-5.447119474411011e-05,7.03739002347048e-05,0.0005405317335483618,1.0338694561476674e-05,0.6877128481864929,1365.6278076171875,0.5025872588157654,24,True,min_influence_pixels,True,0.1722988486289978,0.06342806667089462,0.3049408495426178,24.0,0.0003124999930150807,1.2936190366744995,0.0,0.0,0.28897303342819214,0.28897303342819214,1.2936190366744995,0,35,0.0,1,0.0,0.0,0.0,0
46,tum_fr1_desk,45,validation,3077,3077,geometry_stratified,edge,1,5.416530806285952,5.416605588673653,7.478238770097789e-05,0.0,0.0,0.0,0.5157220959663391,0.5157197117805481,2.384185791015625e-06,0.3558318585157394,0.35582768023014066,4.178285598732678e-06,1.1051329368216718e-05,79.40614400285995,1.3917473902043002e-07,9.417707992253657e-07,3.002520549203037e-08,5.261917262450359e-08,0.03157026353494752,-0.00024300889950773508,0.00038376450538635254,0.002346947789192144,0.006954219259997575,8.757784863280992e-05,0.7190366387367249,1396.54443359375,0.5138683915138245,73,False,none,True,0.6629554033279419,0.1496528536081314,5.6347737312316895,73.0,0.000950520858168602,6.934182643890381,0.0,0.0,0.39975136518478394,0.39975136518478394,6.934182643890381,0,45,0.0,1,0.0,0.0,0.0,0
46,tum_fr1_desk,45,validation,1885,1885,geometry_stratified,edge,1,5.416530806285952,5.416613697684646,8.289139869432915e-05,0.0,0.0,0.0,0.5157220959663391,0.5157224535942078,-3.5762786865234375e-07,0.3558318585157394,0.3558281272649765,3.7312507629172487e-06,1.0504352681350847e-05,67.33207399520325,1.5600815566885968e-07,1.231083401652448e-06,-5.3114043194009036e-09,5.541565173208632e-08,0.014248876693961243,0.0007070712919039768,-0.0010005831718444824,0.0012431263923645686,0.0029533106674206762,4.3861869866522616e-05,0.7188855409622192,1408.0203857421875,0.5095646977424622,51,False,none,True,0.8221282958984375,0.0033839039970189333,3.9478888511657715,51.0,0.0006640625069849193,4.782351016998291,0.0,0.0,0.3397442698478699,0.3397442698478699,4.782351016998291,0,45,0.0,1,0.0,0.0,0.0,0
46,tum_fr1_desk,45,validation,912,912,geometry_stratified,edge,1,5.416530806285952,5.416550177503766,1.937121781470097e-05,0.0,0.0,0.0,0.5157220959663391,0.5157222151756287,-1.1920928955078125e-07,0.3558318585157394,0.35583099722862244,8.612871169599856e-07,2.4340750957894488e-06,51.864793997083325,4.6931162898792805e-08,3.734945484559397e-07,-2.2984626056257955e-09,1.6606392324790127e-08,0.04657189672769846,0.0,-0.0027220845222473145,-0.00021854862570763745,0.00201122646630041,3.877825999682007e-05,0.8500610589981079,1695.9029541015625,0.5002439022064209,3,True,min_influence_pixels,True,0.2727435231208801,0.5391045808792114,0.09901182353496552,3.0,3.9062499126885086e-05,0.12195855379104614,0.0,0.0,0.23299264907836914,0.23299264907836914,0.12195855379104614,0,45,0.0,1,0.0,0.0,0.0,0
46,tum_fr1_desk,45,validation,4232,4232,geometry_stratified,edge,1,5.416530806285952,5.416530355793543,-4.5049240871009033e-07,0.0,0.0,0.0,0.5157220959663391,0.5157225728034973,-4.76837158203125e-07,0.3558318585157394,0.35583202242851253,-1.6391277313232422e-07,-3.355992364194259e-07,44.214920002559666,-7.590180789651944e-09,-1.0188696681663355e-08,-1.0784530610380392e-08,-3.7071823973182597e-09,-0.17086841212005766,-0.005469909379206328,0.00021332502365112305,2.3285066708955693e-05,-0.004147531783364471,-9.380389658342397e-05,0.7269532680511475,1437.0869140625,0.5048519372940063,24,True,min_influence_pixels,True,0.03151949495077133,0.9531764984130859,2.3888378143310547,24.0,0.0003124999930150807,2.425964832305908,0.0,0.0,0.3501551151275635,0.3501551151275635,2.425964832305908,0,45,0.0,1,0.0,0.0,0.0,0
46,tum_fr1_desk,45,validation,1474,1474,geometry_stratified,edge,1,5.416530806285952,5.416532608256057,1.8019701055749238e-06,0.0,0.0,0.0,0.5157220959663391,0.5157226920127869,-5.960464477539062e-07,0.3558318585157394,0.35583195388317107,-9.536743167393169e-08,-1.1384954573698722e-07,65.2009640034521,-1.746132859798812e-09,2.7637169681716937e-08,-9.141681520573043e-09,-1.4626690438025182e-09,0.005194711065826141,0.0,0.0004661083221435547,0.00016150511801238387,0.00031475594751938213,4.827473831563552e-06,0.8239679932594299,1599.2274169921875,0.5142287611961365,73,False,none,True,0.11416731029748917,1.6768008470535278,12.741602897644043,73.0,0.000950520858168602,7.114366054534912,0.0,0.0,0.31214070320129395,0.31214070320129395,7.114366054534912,0,45,0.0,1,0.0,0.0,0.0,0
46,tum_fr1_desk,45,validation,2039,2039,geometry_stratified,edge,1,5.416530806285952,5.4165299053011795,-9.009847721230813e-07,0.0,0.0,0.0,0.5157220959663391,0.5157215595245361,5.364418029785156e-07,0.3558318585157394,0.35583173930644985,1.1920928955078125e-07,1.9561495697317296e-07,65.2437969984021,2.9982154008903526e-09,-1.3809508544469713e-08,8.222111950223462e-09,1.8271359889385472e-09,-0.0012710054987312702,-0.0007159424838630987,0.0007007122039794922,0.0001721307635307312,-1.2674911155760007e-05,-1.9426998027215416e-07,0.5093628168106079,993.890869140625,0.5114936828613281,58,False,none,True,0.39239734411239624,0.22153699398040771,3.5281741619110107,58.0,0.0007552083698101342,5.746826648712158,0.0,0.0,0.484616756439209,0.484616756439209,5.746826648712158,0,45,0.0,1,0.0,0.0,0.0,0
46,tum_fr1_desk,45,validation,3712,3712,geometry_stratified,texture,1,5.416530806285952,5.416513237116607,-1.7569169344255897e-05,0.0,0.0,0.0,0.5157220959663391,0.515718400478363,3.6954879760742188e-06,0.3558318585157394,0.3558315634727478,2.9504299159377467e-07,-1.2083692703729442e-07,104.95903900300618,-1.1512769951507794e-09,-1.6739072223929842e-07,3.520885872410069e-08,2.8110298493236416e-09,0.024348213949183517,0.0,0.0002664327621459961,0.0002628888934850526,0.0015599460542597373,1.4862426991305228e-05,0.6941071152687073,1366.6243896484375,0.5068989396095276,55,False,none,True,0.18819332122802734,0.2867167592048645,1.6381828784942627,55.0,0.0007161458488553762,3.4494590759277344,0.0,0.0,0.4027961492538452,0.4027961492538452,3.4494590759277344,0,45,0.0,1,0.0,0.0,0.0,0
46,tum_fr1_desk,45,validation,5229,5229,geometry_stratified,texture,1,5.416530806285952,5.416676317779441,0.00014551149348918102,0.0,0.0,0.0,0.5157220959663391,0.5156595706939697,6.252527236938477e-05,0.3558318585157394,0.3558063626289367,2.549588680267334e-05,5.517652517109573e-05,44.3512570054736,1.2440803011352333e-06,3.2808876977539275e-06,1.409774527059475e-06,5.748627778357392e-07,0.03988344378904696,0.0021974175626490178,0.029143095016479492,0.010653895139694225,0.03087443482870108,0.0006961343806984032,0.8816044330596924,1673.726318359375,0.5257315039634705,107,False,none,True,0.5828770399093628,0.30752336978912354,11.45566463470459,108.0,0.0014062500558793545,12.865745544433594,0.0,0.0,0.19691359996795654,0.19691359996795654,12.865745544433594,0,45,0.0,1,0.0,0.0,0.0,0
46,tum_fr1_desk,45,validation,2765,2765,geometry_stratified,texture,1,5.416530806285952,5.416533959734126,3.153448174586515e-06,0.0,0.0,0.0,0.5157220959663391,0.515720546245575,1.5497207641601562e-06,0.3558318585157394,0.35583124756813045,6.109476089477539e-07,1.3090187159501115e-06,80.28225100133568,1.6305206937064244e-08,3.927951863898348e-08,1.930340448643341e-08,7.609995999459325e-09,-0.013526581094827073,0.005648322350898377,0.000364154577255249,-0.0005124092102051225,-0.0014480192367525015,-1.80366048372063e-05,0.8403850793838501,1653.1094970703125,0.5073662400245667,48,False,none,True,0.47506701946258545,0.3801112174987793,3.149726629257202,48.0,0.0006249999860301614,3.6831231117248535,0.0,0.0,0.20760953426361084,0.20760953426361084,3.6831231117248535,0,45,0.0,1,0.0,0.0,0.0,0
46,tum_fr1_desk,45,validation,6750,6750,geometry_stratified,texture,1,5.416530806285952,5.416605138173487,7.433188753580566e-05,0.0,0.0,0.0,0.5157220959663391,0.5157182216644287,3.874301910400391e-06,0.3558318585157394,0.3558272540569305,4.604458808898926e-06,1.1859922849023273e-05,45.830004004528746,2.587807508777726e-07,1.6219044521239943e-06,8.453636421278835e-08,1.0046821746827538e-07,0.38022784501106344,0.002056666723418754,-0.00041081011295318604,0.0005495587363839177,0.012878291734082479,0.00028100132247009833,0.8709229230880737,1612.6932373046875,0.5390424728393555,105,False,none,True,0.06534521281719208,0.14208166301250458,4.049229145050049,105.0,0.0013671874767169356,19.521236419677734,0.0,0.0,0.3205610513687134,0.3205610513687134,19.521236419677734,0,45,0.0,1,0.0,0.0,0.0,0
46,tum_fr1_desk,45,validation,7021,7021,geometry_stratified,texture,1,5.416530806285952,5.417016464282383,0.00048565799643096597,0.0,0.0,0.0,0.5157220959663391,0.5157253742218018,-3.2782554626464844e-06,0.3558318585157394,0.35581035315990445,2.1505355834949835e-05,6.0856541158772356e-05,66.8007599961129,9.110157004548087e-07,7.2702465729315976e-06,-4.907512224168175e-08,3.2193280190526606e-07,0.35447700191333276,0.0,-0.004046022891998291,0.005805619060993167,0.025223745466045142,0.00037759668404241056,0.8764768242835999,1595.86181640625,0.5482184886932373,217,False,none,True,0.2426864504814148,0.43804338574409485,16.411888122558594,365.0,0.00475260429084301,24.1092529296875,0.0,0.0,0.4345623254776001,0.4345623254776001,24.1092529296875,0,45,0.0,1,0.0,0.0,0.0,0
46,tum_fr1_desk,45,validation,5333,5333,geometry_stratified,texture,1,5.416530806285952,5.416564142853931,3.333656797899209e-05,0.0,0.0,0.0,0.5157220959663391,0.5157285332679749,-6.4373016357421875e-06,0.3558318585157394,0.35583224594593044,-3.8743019104003906e-07,5.635843903134474e-07,36.15369899489451,1.5588567863914412e-08,9.220790377133957e-07,-1.7805374870912209e-07,-1.071619783897494e-08,0.2263503403386462,0.0,-0.022984422743320465,-0.004882422462105754,-0.06828573699763739,-0.0018887621155246228,0.47397127747535706,931.9603881835938,0.5075744390487671,33,False,none,True,0.20942169427871704,0.07847918570041656,1.090340495109558,33.0,0.00042968749767169356,3.787208080291748,0.0,0.0,0.5942112803459167,0.5942112803459167,3.787208080291748,0,45,0.0,1,0.0,0.0,0.0,0
46,tum_fr1_desk,45,validation,941,941,geometry_stratified,depth_discontinuity,1,5.416530806285952,5.416616851193011,8.604490705899082e-05,0.0,0.0,0.0,0.5157220959663391,0.5157183408737183,3.7550926208496094e-06,0.3558318585157394,0.3558267474174499,5.111098289489746e-06,1.3304298265113703e-05,69.54203299392248,1.913130475532174e-07,1.2373079036459947e-06,5.399745246414899e-08,7.349653252064723e-08,0.36445134408914726,-0.0004999305930776798,0.0,0.0007966813631355759,0.01379323086091076,0.00019834379679576234,0.7178970575332642,1399.9691162109375,0.511794924736023,67,False,none,True,0.10177026689052582,0.0,0.6001877188682556,67.0,0.000872395874466747,5.8974761962890625,0.0,0.0,0.24898040294647217,0.24898040294647217,5.8974761962890625,0,45,0.0,1,0.0,0.0,0.0,0
46,tum_fr1_desk,45,validation,390,390,geometry_stratified,depth_discontinuity,1,5.416530806285952,5.416560538888298,2.9732602346399517e-05,0.0,0.0,0.0,0.5157220959663391,0.5157220959663391,0.0,0.3558318585157394,0.3558304816484451,1.376867294289319e-06,3.842463448804929e-06,36.79924600146478,1.0441690703804043e-07,8.079677052409178e-07,0.0,3.7415638739840305e-08,0.05634243881188539,0.004883696864961942,0.0,0.00023456551134586404,0.002488197926976043,6.761545948188724e-05,0.7910553216934204,1560.4886474609375,0.5059279203414917,31,False,none,True,0.12958958745002747,0.0,0.3840973973274231,31.0,0.00040364585584029555,2.9639525413513184,0.0,0.0,0.12558472156524658,0.12558472156524658,2.9639525413513184,0,45,0.0,1,0.0,0.0,0.0,0
46,tum_fr1_desk,45,validation,1743,1743,geometry_stratified,depth_discontinuity,1,5.416530806285952,5.41660063317439,6.98268884384845e-05,0.0,0.0,0.0,0.5157220959663391,0.5157221555709839,-5.960464477539063e-08,0.3558318585157394,0.3558286428451538,3.2156705855879153e-06,8.989336308373944e-06,60.95841400383506,1.4746670259184237e-07,1.1454840087225942e-06,-9.777919217458764e-10,5.2751874177461516e-08,0.06429591898556897,-7.004698152338691e-05,0.0,0.0029455572366714478,0.008286794694523604,0.00013594176997456427,0.22214655578136444,442.060546875,0.5015251636505127,13,True,min_influence_pixels,True,0.529314398765564,0.0,0.403645783662796,13.0,0.00016927083197515458,0.7625823020935059,0.0,0.0,0.8863517642021179,0.8863517642021179,0.7625823020935059,0,45,0.0,1,0.0,0.0,0.0,0
46,tum_fr1_desk,45,validation,67,67,geometry_stratified,depth_discontinuity,1,5.416530806285952,5.416970058620589,0.0004392523346377075,0.0,0.0,0.0,0.5157220959663391,0.5157222151756287,-1.1920928955078125e-07,0.3558318585157394,0.3558115541934967,2.030432224270351e-05,5.6696995826344604e-05,39.75443299714243,1.4261804672304097e-06,1.1049140976788203e-05,-2.998641423444527e-09,5.107436004473513e-07,0.13854625300275458,0.005471283653670153,0.0,0.006754368543624878,0.018926534751626933,0.00047608614498381556,0.6958203911781311,1258.3095703125,0.5519802570343018,213,False,none,True,0.4601908326148987,0.0,11.960418701171875,234.0,0.0030468751210719347,25.990127563476562,0.0,0.0,0.326218843460083,0.326218843460083,25.990127563476562,0,45,0.0,1,0.0,0.0,0.0,0
46,tum_fr1_desk,45,validation,6461,6461,geometry_stratified,depth_discontinuity,1,5.416530806285952,5.416679020825445,0.0001482145394930967,0.0,0.0,0.0,0.5157220959663391,0.5157220959663391,0.0,0.3558318585157394,0.35582499504089354,6.863474845852924e-06,1.9154359377918486e-05,40.99550100363558,4.6723076701074664e-07,3.615385490226176e-06,0.0,1.6742019679779627e-07,0.419071160322785,0.029627475339911464,0.0,0.016052040457725514,0.04862531623345544,0.001186113476918924,0.5465282201766968,1079.5008544921875,0.5052786469459534,25,False,none,True,0.4164329767227173,0.0,1.0991004705429077,25.0,0.00032552084303461015,2.6393213272094727,0.0,0.0,0.44644832611083984,0.44644832611083984,2.6393213272094727,0,45,0.0,1,0.0,0.0,0.0,0
46,tum_fr1_desk,45,validation,520,520,geometry_stratified,depth_discontinuity,1,5.416530806285952,5.416532608256057,1.8019701055749238e-06,0.0,0.0,0.0,0.5157220959663391,0.5157220959663391,0.0,0.3558318585157394,0.35583177506923674,8.344650265224018e-08,2.3287582384625237e-07,40.08676699595526,5.809294220952003e-09,4.495174444366496e-08,0.0,2.0816471096474282e-09,0.0035510316735472003,0.0,0.0,8.3363056182853e-05,0.0002971513851711206,7.412705175278991e-06,0.731391191482544,1457.4283447265625,0.5008367896080017,6,True,min_influence_pixels,True,0.3583819270133972,0.0,0.14994578063488007,6.0,7.812499825377017e-05,0.41839659214019775,0.0,0.0,0.256608247756958,0.256608247756958,0.41839659214019775,0,45,0.0,1,0.0,0.0,0.0,0
46,tum_fr1_desk,45,validation,2906,2906,geometry_stratified,flat,1,5.416530806285952,5.41665289145122,0.00012208516526879265,0.0,0.0,0.0,0.5157220959663391,0.5157206654548645,1.430511474609375e-06,0.3558318585157394,0.35582577586174013,6.082653999262e-06,1.6609696437681382e-05,80.71892000589287,2.0577203506276836e-07,1.5124727295642688e-06,1.7722133478804482e-08,7.535598839550798e-08,0.07390627045295695,0.002128755426864415,0.0003242194652557373,0.0018981873989105114,0.00655683891491185,8.123050846608414e-05,0.855758786201477,1678.0286865234375,0.5089786052703857,59,False,none,True,0.38256606459617615,0.43564286828041077,3.673177480697632,59.0,0.0007682291907258332,4.489290237426758,0.0,0.0,0.288108229637146,0.288108229637146,4.489290237426758,0,45,0.0,1,0.0,0.0,0.0,0
46,tum_fr1_desk,45,validation,2848,2848,geometry_stratified,flat,1,5.416530806285952,5.416538915157313,8.108871361045544e-06,0.0,0.0,0.0,0.5157220959663391,0.5157206654548645,1.430511474609375e-06,0.3558318585157394,0.35583105385303493,8.046627044677734e-07,1.8800828549739196e-06,81.66885299579008,2.3020806415278485e-08,9.928964425964873e-08,1.7515998108643892e-08,9.85274893611219e-09,-0.0018046705467420487,-0.00038248390843746705,0.00048300623893737793,-2.8499960899375232e-05,-0.0001863904012248606,-2.2822703440498764e-06,0.8802071809768677,1733.12353515625,0.5068732500076294,45,False,none,True,0.7717613577842712,0.38745322823524475,3.983783006668091,45.0,0.0005859375232830644,3.436622381210327,0.0,0.0,0.3476387858390808,0.3476387858390808,3.436622381210327,0,45,0.0,1,0.0,0.0,0.0,0
46,tum_fr1_desk,45,validation,3729,3729,geometry_stratified,flat,1,5.416530806285952,5.416467287317427,-6.351896852496708e-05,0.0,0.0,0.0,0.5157220959663391,0.5157191753387451,2.9206275939941406e-06,0.3558318585157394,0.3558339238166809,-2.0653009414894896e-06,-6.509856744981615e-06,54.01168699609116,-1.2052681756547867e-07,-1.176022673195969e-06,5.407399317494947e-08,-3.8238038031268235e-08,-0.4752460108029588,-0.015483467957727065,0.011807292699813843,0.0019078554585575946,-0.0031881687136837422,-5.902738631204893e-05,0.4876529276371002,947.5787963867188,0.5136304497718811,60,False,none,True,0.11803727596998215,0.22962091863155365,2.3693697452545166,60.0,0.0007812500116415322,6.815227508544922,0.0,0.0,0.6581007242202759,0.6581007242202759,6.815227508544922,0,45,0.0,1,0.0,0.0,0.0,0
46,tum_fr1_desk,45,validation,5967,5967,geometry_stratified,flat,1,5.416530806285952,5.416918247059797,0.0003874407738457819,0.0,0.0,0.0,0.5157220959663391,0.5157540440559387,-3.1948089599609375e-05,0.3558318585157394,0.35582350194454193,8.356571197465357e-06,3.14860452905199e-05,44.243755997740664,7.116494651161117e-07,8.756959374461039e-06,-7.220926180236783e-07,1.888757183701151e-07,0.44601111029941,0.0,-0.0285893976688385,0.013854017853736855,0.02258806370109078,0.000510536756921005,0.6013407707214355,1171.1058349609375,0.5124810934066772,58,False,none,True,0.5994606614112854,0.18216414749622345,4.87775993347168,58.0,0.0007552083698101342,6.240538597106934,0.0,0.0,0.4618837833404541,0.4618837833404541,6.240538597106934,0,45,0.0,1,0.0,0.0,0.0,0
46,tum_fr1_desk,45,validation,6601,6601,geometry_stratified,flat,1,5.416530806285952,5.416624059220725,9.325293477324692e-05,0.0,0.0,0.0,0.5157220959663391,0.5157229900360107,-8.940696716308594e-07,0.3558318585157394,0.35582780838012695,4.050135612443384e-06,1.153136271287971e-05,39.36263899959158,2.929519718685365e-07,2.369072225422043e-06,-2.271366184671043e-08,1.0289288816447005e-07,0.6302409506441702,0.0,-0.0021711066365242004,0.0034886367619037587,0.020777267865144538,0.0005278423498322894,0.8267050981521606,1608.011474609375,0.5131164193153381,42,False,none,True,0.18263156712055206,0.05444975569844246,1.5548267364501953,42.0,0.0005468750023283064,6.558199882507324,0.0,0.0,0.3135841488838196,0.3135841488838196,6.558199882507324,0,45,0.0,1,0.0,0.0,0.0,0
46,tum_fr1_desk,45,validation,3370,3370,geometry_stratified,flat,1,5.416530806285952,5.4164943165521855,-3.648973376613185e-05,0.0,0.0,0.0,0.5157220959663391,0.5157132744789124,8.821487426757812e-06,0.3558318585157394,0.3558309018611908,9.566545485784061e-07,4.1582082704812985e-07,54.93855699751293,7.568834162625604e-09,-6.641917036114316e-07,1.6057006060710988e-07,1.7413172111923397e-08,-0.2026468726493036,0.002171374915866206,0.009305596351623535,0.0010735467076301297,-0.004406075828799352,-8.020006475595663e-05,0.5305877923965454,1054.92919921875,0.5019605755805969,13,True,min_influence_pixels,True,0.20863576233386993,0.4241509437561035,0.6203092336654663,13.0,0.00016927083197515458,0.9802817702293396,0.0,0.0,0.5678913593292236,0.5678913593292236,0.9802817702293396,0,45,0.0,1,0.0,0.0,0.0,0
46,tum_fr1_desk,45,validation,999,999,geometry_stratified,general_visible,1,5.416530806285952,5.416528553824371,-2.252461580809495e-06,0.0,0.0,0.0,0.5157220959663391,0.5157275795936584,-5.4836273193359375e-06,0.3558318585157394,0.3558336079120636,-1.7493963241910215e-06,-3.480968044128105e-06,64.41428899415769,-5.40403084235522e-08,-3.496835276740835e-08,-8.513060386078774e-08,-2.715851329740968e-08,-0.0009372771158560056,0.0,-0.0001773536205291748,-7.445365190505981e-05,-0.0001996218722220376,-3.0990309035335794e-06,0.8601544499397278,1642.9842529296875,0.5225317478179932,94,False,none,True,0.32674553990364075,0.4173782169818878,8.383203506469727,94.0,0.0012239583302289248,11.265872955322266,0.0,0.0,0.11495727300643921,0.11495727300643921,11.265872955322266,0,45,0.0,1,0.0,0.0,0.0,0
46,tum_fr1_desk,55,validation,6628,6628,geometry_stratified,edge,1,6.015679707974389,6.016189631209398,0.000509923235009424,0.0,0.0,0.0,0.4912697374820709,0.49125558137893677,1.4156103134155273e-05,0.3225792944431305,0.3225544780492782,2.4816393852267193e-05,6.798058342742486e-05,42.920795996906236,1.5838611994130992e-06,1.1880563329864145e-05,3.298192124669742e-07,5.781904383613011e-07,0.48094259899695935,0.0,0.008106514811515808,0.012493208795785915,0.054619438531946736,0.0012725635036191722,0.7070888876914978,1392.432861328125,0.5068082213401794,50,False,none,True,0.2418089509010315,0.11466503143310547,1.2134755849838257,50.0,0.0006510416860692203,3.404106855392456,0.0,0.0,0.25905197858810425,0.25905197858810425,3.404106855392456,0,55,0.0,1,0.0,0.0,0.0,0
46,tum_fr1_desk,55,validation,3873,3873,geometry_stratified,edge,1,6.015679707974389,6.01630703580859,0.0006273278342012745,0.0,0.0,0.0,0.4912697374820709,0.49120914936065674,6.058812141418457e-05,0.3225792944431305,0.32253581285476685,4.348158836364746e-05,0.0001099963770629205,43.71606899803737,2.516154347451935e-06,1.4350051333056463e-05,1.3859462390569626e-06,9.946362827270576e-07,0.5423597322899063,0.0006549358497600632,0.03470925986766815,0.029354800283908855,0.09822210894326613,0.002246819331986959,0.5985823273658752,1176.8018798828125,0.507651686668396,57,False,none,True,0.3787350654602051,0.22303219139575958,2.3022706508636475,60.0,0.0007812500116415322,3.8258490562438965,0.0,0.0,0.5606309175491333,0.5606309175491333,3.8258490562438965,0,55,0.0,1,0.0,0.0,0.0,0
46,tum_fr1_desk,55,validation,2254,2254,geometry_stratified,edge,1,6.015679707974389,6.015948625545456,0.0002689175710672842,0.0,0.0,0.0,0.4912697374820709,0.49126923084259033,5.066394805908203e-07,0.3225792944431305,0.32256829440593715,1.1000037193342749e-05,3.160132759832514e-05,70.80045800103107,4.4634354763446486e-07,3.7982462071554385e-06,7.155878576144833e-09,1.5536675190974829e-07,0.05998646717240419,0.0,-0.0007271766662597656,0.003304979205131564,0.008985600130564673,0.00012691443507941452,0.9476515650749207,1783.5452880859375,0.5303301811218262,136,False,none,True,0.6012121438980103,0.3212892711162567,13.989816665649414,136.0,0.001770833390764892,15.165088653564453,0.0,0.0,0.24189430475234985,0.24189430475234985,15.165088653564453,0,55,0.0,1,0.0,0.0,0.0,0
46,tum_fr1_desk,55,validation,6149,6149,geometry_stratified,edge,1,6.015679707974389,6.016217042571901,0.0005373345975119292,0.0,0.0,0.0,0.4912697374820709,0.4912656247615814,4.112720489501953e-06,0.3225792944431305,0.3225563853979111,2.2909045219399182e-05,6.503712320791553e-05,49.837489998026285,1.3049839229562163e-06,1.0781734744932165e-05,8.252262482851422e-08,4.5967493989577827e-07,2.266941861318207,0.10701163709468262,0.007319904863834381,0.012875770404934886,0.1673368177181901,0.0033576493865324505,0.7550021409988403,1494.8907470703125,0.5040550231933594,22,True,min_influence_pixels,True,0.1580682396888733,0.03470015525817871,0.39083805680274963,22.0,0.0002864583511836827,2.027500629425049,0.0,0.0,0.18542861938476562,0.18542861938476562,2.027500629425049,0,55,0.0,1,0.0,0.0,0.0,0
46,tum_fr1_desk,55,validation,4975,4975,geometry_stratified,edge,1,6.015679707974389,6.015685913576794,6.20560240527368e-06,0.0,0.0,0.0,0.4912697374820709,0.49126455187797546,5.185604095458984e-06,0.3225792944431305,0.32257748842239375,1.8060207367387449e-06,3.888753791624887e-06,48.49126699991757,8.01949305971217e-08,1.2797360822278019e-07,1.0693892769326484e-07,3.724424723201839e-08,0.05240260709283717,-0.006727826821200461,0.00265425443649292,0.0008607628755271379,0.0034632190000111356,7.14194372363383e-05,0.8814539313316345,1667.3052978515625,0.5276697874069214,84,False,none,True,0.060532357543706894,0.36900031566619873,5.942534446716309,85.0,0.0011067708255723119,13.834883689880371,0.0,0.0,0.1013343334197998,0.1013343334197998,13.834883689880371,0,55,0.0,1,0.0,0.0,0.0,0
46,tum_fr1_desk,55,validation,2448,2448,geometry_stratified,edge,1,6.015679707974389,6.016425995247542,0.0007462872731531789,0.0,0.0,0.0,0.4912697374820709,0.491287499666214,-1.7762184143066406e-05,0.3225792944431305,0.3225545197725296,2.4774670600913318e-05,7.599321157173016e-05,66.88847400073428,1.136118183394286e-06,1.115718790572179e-05,-2.655492505759874e-07,3.703877382617721e-07,0.14435234444860567,-7.085716250822965e-06,-0.00999307632446289,0.00728637874126431,0.01678960912364888,0.0002510090022903583,0.9509590268135071,1766.47216796875,0.5373379588127136,175,False,none,True,0.7029069662094116,0.08512377738952637,14.711738586425781,181.0,0.0023567709140479565,18.668991088867188,0.0,0.0,0.1332244873046875,0.1332244873046875,18.668991088867188,0,55,0.0,1,0.0,0.0,0.0,0
46,tum_fr1_desk,55,validation,3988,3988,geometry_stratified,texture,1,6.015679707974389,6.015631614856389,-4.809311800002547e-05,0.0,0.0,0.0,0.4912697374820709,0.4912741780281067,-4.4405460357666016e-06,0.3225792944431305,0.3225825667381287,-3.2722949981911498e-06,-8.307914089343582e-06,86.46976199815981,-9.607883608515524e-08,-5.561842300554609e-07,-5.1353744166210406e-08,-3.784322892273935e-08,-0.012456910308078939,-0.003999517946959408,0.0023243725299835205,0.0002886846661567799,0.0010522946502749446,1.2169510195914946e-05,0.9465790390968323,1745.3416748046875,0.5413459539413452,155,False,none,True,0.41104862093925476,0.3283464014530182,15.285490036010742,190.0,0.0024739583022892475,20.6729679107666,0.0,0.0,0.21590501070022583,0.21590501070022583,20.6729679107666,0,55,0.0,1,0.0,0.0,0.0,0
46,tum_fr1_desk,55,validation,1729,1729,geometry_stratified,texture,1,6.015679707974389,6.015700393350225,2.068537583621577e-05,0.0,0.0,0.0,0.4912697374820709,0.4912708103656769,-1.0728836059570312e-06,0.3225792944431305,0.3225787818431854,5.125999451016661e-07,1.751833890029701e-06,55.4656829990563,3.158410381531779e-08,3.7294007245106336e-07,-1.9343196512612772e-08,9.241749445515483e-09,0.14268004789014554,0.0,-0.00032301992177963257,0.0004277091473341016,0.003079621212249119,5.552300171443875e-05,0.7396909594535828,1473.4884033203125,0.5009998083114624,13,True,min_influence_pixels,True,0.1376783698797226,0.033084940165281296,0.08536488562822342,13.0,0.00016927083197515458,0.49990177154541016,0.0,0.0,0.28270965814590454,0.28270965814590454,0.49990177154541016,0,55,0.0,1,0.0,0.0,0.0,0
46,tum_fr1_desk,55,validation,5411,5411,geometry_stratified,texture,1,6.015679707974389,6.015685913576794,6.20560240527368e-06,0.0,0.0,0.0,0.4912697374820709,0.49127256870269775,-2.8312206268310547e-06,0.3225792944431305,0.3225798934698105,-5.990266799815736e-07,-1.006820336375994e-06,43.618793999485206,-2.308225982561271e-08,1.4226900462555017e-07,-6.490827387076472e-08,-1.373322426082306e-08,0.006398230895799273,0.0,0.0004162788391113281,0.0002437636256218123,0.0008564100225138596,1.963396838812112e-05,0.14147301018238068,282.33673095703125,0.5000789761543274,1,True,min_influence_pixels,True,0.3380773365497589,0.32959258556365967,0.026356998831033707,1.0,1.302083364862483e-05,0.03947609290480614,0.0,0.0,0.8708155751228333,0.8708155751228333,0.03947609290480614,0,55,0.0,1,0.0,0.0,0.0,0
46,tum_fr1_desk,55,validation,3710,3710,geometry_stratified,texture,1,6.015679707974389,6.015678156575173,-1.5513992162041745e-06,0.0,0.0,0.0,0.4912697374820709,0.4912676513195038,2.086162567138672e-06,0.3225792944431305,0.32257873117923735,5.632638931385436e-07,1.0934164103997263e-06,90.07311100140214,1.2139210006665646e-08,-1.7223777428760336e-08,2.3160769556479484e-08,6.253407780372719e-09,0.025067425189872594,0.0027510171495141456,0.00022751092910766602,0.00023512542247772217,0.0014149909526773446,1.5709360284617215e-05,0.7369845509529114,1448.12841796875,0.5079220533370972,69,False,none,True,0.18170316517353058,0.46689268946647644,2.569099187850952,69.0,0.0008984375162981451,3.961016893386841,0.0,0.0,0.31528133153915405,0.31528133153915405,3.961016893386841,0,55,0.0,1,0.0,0.0,0.0,0
46,tum_fr1_desk,55,validation,3375,3375,geometry_stratified,texture,1,6.015679707974389,6.015691084918906,1.1376944517138554e-05,0.0,0.0,0.0,0.4912697374820709,0.4912654757499695,4.26173210144043e-06,0.3225792944431305,0.32257755696773527,1.7374753952248412e-06,3.926330521991533e-06,58.96259600558551,6.659019086641966e-08,1.9295189302826523e-07,7.227856963822823e-08,2.9467416852885017e-08,-0.005447233112860772,0.0,0.001428455114364624,0.0003403127193450928,0.0012333631858146886,2.0917721901149884e-05,0.8532072901725769,1693.609619140625,0.5027803182601929,20,True,min_influence_pixels,True,0.27060630917549133,0.2796327769756317,0.7649264931678772,20.0,0.0002604166802484542,1.3901711702346802,0.0,0.0,0.12065815925598145,0.12065815925598145,1.3901711702346802,0,55,0.0,1,0.0,0.0,0.0,0
46,tum_fr1_desk,55,validation,3930,3930,geometry_stratified,texture,1,6.015679707974389,6.0162816926969835,0.0006019847225946506,0.0,0.0,0.0,0.4912697374820709,0.49125829339027405,1.1444091796875e-05,0.3225792944431305,0.32255157828330994,2.771615982055664e-05,7.703697187918427e-05,96.0170019970974,8.02326361757401e-07,6.269563828006718e-06,1.1918818083094238e-07,2.886588754499386e-07,0.3034901255104039,0.005858077436065045,0.0005912184715270996,0.0036985576152801236,0.019260133022021304,0.00020059086017498796,0.7685480713844299,1218.2435302734375,0.6298656463623047,460,False,none,True,0.22712956368923187,0.41826921701431274,41.907562255859375,460.0,0.005989583674818277,64.93281555175781,0.0,0.0,0.31087225675582886,0.31087225675582886,64.93281555175781,0,55,0.0,1,0.0,0.0,0.0,0
46,tum_fr1_desk,55,validation,6928,6928,geometry_stratified,depth_discontinuity,1,6.015679707974389,6.015668848191513,-1.0859782875627388e-05,0.0,0.0,0.0,0.4912697374820709,0.49126964807510376,8.940696716308594e-08,0.3225792944431305,0.32257970571517947,-4.1127204897239977e-07,-1.2090748523148727e-06,40.17150599975139,-3.009782237993157e-08,-2.7033546802289657e-07,2.2256314504026624e-09,-1.0237904672404988e-08,-0.011090397481670733,-2.5787506467346566e-05,0.0,-0.0012433528900146484,-0.00490660203135988,-0.00012214135141934302,0.8934019207954407,1730.4781494140625,0.5152745842933655,57,False,none,True,0.8427842855453491,0.0,6.436581134796143,57.0,0.0007421874906867743,7.637281894683838,0.0,0.0,0.1567707657814026,0.1567707657814026,7.637281894683838,0,55,0.0,1,0.0,0.0,0.0,0
46,tum_fr1_desk,55,validation,1600,1600,geometry_stratified,depth_discontinuity,1,6.015679707974389,6.016557371631681,0.0008776636572918051,0.0,0.0,0.0,0.4912697374820709,0.4912697672843933,-2.9802322387695312e-08,0.3225792944431305,0.3225439012050628,3.539323806767136e-05,0.00010210900672961768,68.76459100021748,1.4849067702488735e-06,1.2763308041620277e-05,-4.333963447495973e-10,5.147014990252676e-07,0.2702018590279387,0.0028265942062822335,0.0,0.005752666294574743,0.021848546593387204,0.0003177296087359569,0.6223706007003784,1119.7818603515625,0.5547962188720703,189,False,none,True,0.2966162860393524,0.0,8.126729011535645,189.0,0.0024609374813735485,27.398120880126953,0.0,0.0,0.30607837438583374,0.30607837438583374,27.398120880126953,0,55,0.0,1,0.0,0.0,0.0,0
46,tum_fr1_desk,55,validation,206,206,geometry_stratified,depth_discontinuity,1,6.015679707974389,6.01589587501679,0.00021616704240123852,0.0,0.0,0.0,0.4912697374820709,0.4912697374820709,0.0,0.3225792944431305,0.3225705742835998,8.720159530684057e-06,2.5153754359674625e-05,39.77186200063443,6.324510117045408e-07,5.435175310569827e-06,0.0,2.1925449531492784e-07,0.1868948318295729,0.017260778866172936,0.0,0.003818193823099128,0.014736985388604964,0.00037053797954870413,0.6735116243362427,1310.703125,0.5128551721572876,50,False,none,True,0.34375160932540894,0.0,2.2094976902008057,50.0,0.0006510416860692203,6.4275994300842285,0.0,0.0,0.20130646228790283,0.20130646228790283,6.4275994300842285,0,55,0.0,1,0.0,0.0,0.0,0
46,tum_fr1_desk,55,validation,693,693,geometry_stratified,depth_discontinuity,1,6.015679707974389,6.015679707974389,0.0,0.0,0.0,0.0,0.4912697374820709,0.4912697374820709,0.0,0.3225792944431305,0.3225792944431305,0.0,0.0,40.18754699791316,0.0,0.0,0.0,0.0,-0.0039093478230025624,-0.0015089891107757658,0.0,-1.8871948122979598e-05,-0.00017958716647131998,-4.468726754600013e-06,0.7351492047309875,1459.7198486328125,0.5026234984397888,19,True,min_influence_pixels,True,0.14154884219169617,0.0,0.18567690253257751,19.0,0.00024739583022892475,1.3117514848709106,0.0,0.0,0.11449897289276123,0.11449897289276123,1.3117514848709106,0,55,0.0,1,0.0,0.0,0.0,0
46,tum_fr1_desk,55,validation,418,418,geometry_stratified,depth_discontinuity,1,6.015679707974389,6.015702461893229,2.2753918839768517e-05,0.0,0.0,0.0,0.4912697374820709,0.4912698268890381,-8.940696716308594e-08,0.3225792944431305,0.3225784033536911,8.910894394031921e-07,2.5931071776831896e-06,79.68975100084208,3.2540033631875553e-08,2.855313080289092e-07,-1.121938091664274e-09,1.118198298039325e-08,0.021387751536326327,0.0022905996363409287,0.0,0.0006471276283263883,0.0020638287790637876,2.5898296244418924e-05,0.9315671920776367,1843.3944091796875,0.5043542385101318,27,False,none,True,0.43297213315963745,0.0,0.942632794380188,27.0,0.0003515625139698386,2.177121162414551,0.0,0.0,0.016378045082092285,0.016378045082092285,2.177121162414551,0,55,0.0,1,0.0,0.0,0.0,0
46,tum_fr1_desk,55,validation,1189,1189,geometry_stratified,depth_discontinuity,1,6.015679707974389,6.015685396442922,5.688468533548985e-06,0.0,0.0,0.0,0.4912697374820709,0.4912697672843933,-2.9802322387695312e-08,0.3225792944431305,0.32257907390594476,2.205371857355587e-07,6.437257038250917e-07,51.574012999481056,1.2481590366674955e-08,1.1029718656188772e-07,-5.778554092347863e-10,4.276130029629026e-09,0.03143611282118641,0.003031940555640173,0.0,0.0003519669175148024,0.0019024684255980874,3.688812087624887e-05,0.837172269821167,1656.734375,0.5043147206306458,30,False,none,True,0.23137341439723969,0.0,0.4991568624973297,30.0,0.0003906250058207661,2.157364845275879,0.0,0.0,0.16519933938980103,0.16519933938980103,2.157364845275879,0,55,0.0,1,0.0,0.0,0.0,0
46,tum_fr1_desk,55,validation,3623,3623,geometry_stratified,flat,1,6.015679707974389,6.015686947844724,7.239870335240539e-06,0.0,0.0,0.0,0.4912697374820709,0.49127134680747986,-1.6093254089355469e-06,0.3225792944431305,0.32257948517799373,-1.9073486323684108e-07,-1.4030468015926357e-07,42.911254000500776,-3.269647635038263e-09,1.687172864991559e-07,-3.750357444498746e-08,-4.4448680813339825e-09,-0.00423374514288799,-0.0013565451021074482,0.00014263391494750977,-0.00022791028022772775,-0.0006488693315770062,-1.5121192486461335e-05,0.974818229675293,1865.099853515625,0.521662712097168,80,False,none,True,0.6293596029281616,0.5051372051239014,12.288131713867188,80.0,0.0010416667209938169,10.83134937286377,0.0,0.0,0.20858800411224365,0.20858800411224365,10.83134937286377,0,55,0.0,1,0.0,0.0,0.0,0
46,tum_fr1_desk,55,validation,2856,2856,geometry_stratified,flat,1,6.015679707974389,6.015681259374159,1.5513997704275084e-06,0.0,0.0,0.0,0.4912697374820709,0.4912707805633545,-1.043081283569336e-06,0.3225792944431305,0.3225795447826385,-2.503395080122317e-07,-4.5644573445894143e-07,83.74294100212865,-5.450557730559512e-09,1.8525737833688855e-08,-1.2455751745604708e-08,-2.989380418414829e-09,-0.013486057511824967,0.007176123023427627,-0.00014197826385498047,-0.00018831193447113592,-0.0008764320074677603,-1.0465741911852395e-05,0.9557765126228333,1886.3255615234375,0.50568687915802,38,False,none,True,0.25810882449150085,0.5871008634567261,2.403305768966675,38.0,0.0004947916604578495,2.8434431552886963,0.0,0.0,0.17562586069107056,0.17562586069107056,2.8434431552886963,0,55,0.0,1,0.0,0.0,0.0,0
46,tum_fr1_desk,55,validation,3451,3451,geometry_stratified,flat,1,6.015679707974389,6.015672985248455,-6.722725934160678e-06,0.0,0.0,0.0,0.4912697374820709,0.4912683963775635,1.341104507446289e-06,0.3225792944431305,0.322579163312912,1.311302185169616e-07,3.6688492988060626e-08,56.91901200043503,6.445736090391066e-10,-1.1811037644345086e-07,2.356162660441188e-08,2.3038034904042145e-09,-0.3395154881986855,0.0,0.005980134010314941,0.0012410167604684844,0.0012015186175816858,2.110926692776225e-05,0.7199357748031616,1436.4949951171875,0.5001752376556396,2,True,min_influence_pixels,True,0.09719276428222656,0.13809219002723694,0.020618706941604614,2.0,2.604166729724966e-05,0.087632916867733,0.0,0.0,0.23631125688552856,0.23631125688552856,0.087632916867733,0,55,0.0,1,0.0,0.0,0.0,0
46,tum_fr1_desk,55,validation,7605,7605,geometry_stratified,flat,1,6.015679707974389,6.017003253401809,0.0013235454274198588,0.0,0.0,0.0,0.4912697374820709,0.4912388324737549,3.090500831604004e-05,0.3225792944431305,0.3225166380405426,6.265640258790173e-05,0.00017288368746066262,54.964652998023666,3.1453612099921545e-06,2.4079937836912185e-05,5.62270598108775e-07,1.1399399281235276e-06,0.10123826886097653,0.0,0.00360029935836792,0.01053487062454228,0.03226166367121869,0.0005869529217691723,0.9962431788444519,1725.2379150390625,0.5764526128768921,297,False,none,True,0.6652868986129761,0.5726329684257507,47.32111740112305,618.0,0.008046874776482582,38.226318359375,0.0,0.0,0.3496478199958801,0.3496478199958801,38.226318359375,0,55,0.0,1,0.0,0.0,0.0,0
46,tum_fr1_desk,55,validation,7452,7452,geometry_stratified,flat,1,6.015679707974389,6.016138946504263,0.00045923852987428404,0.0,0.0,0.0,0.4912697374820709,0.4912627935409546,6.943941116333008e-06,0.3225792944431305,0.3225586861371994,2.060830593109131e-05,5.767858366717715e-05,46.32649599807337,1.2450452473154e-06,9.913085805008496e-06,1.498913519516303e-07,4.4484922692940925e-07,0.19498168571678853,0.0333613106253408,0.00022568553686141968,0.005185834318399446,0.018095868569527378,0.0003906159570169078,0.8849893808364868,1671.111328125,0.5285813212394714,88,False,none,True,0.38231903314590454,0.11549848318099976,7.114134311676025,88.0,0.0011458334047347307,14.29064655303955,0.0,0.0,0.32904326915740967,0.32904326915740967,14.29064655303955,0,55,0.0,1,0.0,0.0,0.0,0
46,tum_fr1_desk,55,validation,3065,3065,geometry_stratified,flat,1,6.015679707974389,6.015717458859462,3.775088507307345e-05,0.0,0.0,0.0,0.4912697374820709,0.4912688732147217,8.642673492431641e-07,0.3225792944431305,0.3225775122642517,1.7821788788063841e-06,4.920565963127219e-06,79.54908400279237,6.185572121678353e-08,4.7456090219402526e-07,1.0864579524420747e-08,2.2403512260981224e-08,0.11407687444243564,0.0,0.00031566619873046875,0.0011521443724632485,0.006625842332515907,8.329250318310797e-05,0.894832193851471,1785.6566162109375,0.5001221895217896,1,True,min_influence_pixels,True,0.24066101014614105,0.6006779670715332,0.05139867961406708,1.0,1.302083364862483e-05,0.06109151989221573,0.0,0.0,0.18205559253692627,0.18205559253692627,0.06109151989221573,0,55,0.0,1,0.0,0.0,0.0,0
46,tum_fr1_desk,55,validation,765,765,geometry_stratified,general_visible,1,6.015679707974389,6.015677639442223,-2.0685321659996703e-06,0.0,0.0,0.0,0.4912697374820709,0.4912697374820709,0.0,0.3225792944431305,0.32257937788963315,-8.344650265224018e-08,-2.4069973577222466e-07,50.26287300279364,-4.788817697684063e-09,-4.115427635592379e-08,0.0,-1.6602016093986943e-09,-0.011423571925048392,-0.0025641304247747687,0.0,-0.00011676251888275563,-0.0006672739038331609,-1.3275681710356538e-05,0.7973790764808655,1585.4305419921875,0.5019416213035583,14,True,min_influence_pixels,True,0.22567930817604065,0.0,0.21909111738204956,14.0,0.0001822916674427688,0.9708073139190674,0.0,0.0,0.08666139841079712,0.08666139841079712,0.9708073139190674,0,55,0.0,1,0.0,0.0,0.0,0
46,tum_fr2_xyz,10,cross_scene_test,3772,3772,geometry_stratified,edge,1,12.723184091151456,12.723260113339368,7.602218791191717e-05,0.5772768742986077,0.5772807268138026,3.852515194857631e-06,0.2597012221813202,0.25968578457832336,1.5437602996826172e-05,0.1153024472296238,0.1152971614152193,5.2858144044959365e-06,2.201567566551096e-05,54.532107002160046,4.037195127017356e-07,1.3940812503156332e-06,2.830919956240583e-07,9.693031674507942e-08,0.2414975810847526,0.006530240476203196,0.04012489318847656,0.014454816654324576,0.018349113377573195,0.0003364827509204142,0.9501818418502808,1881.90478515625,0.5039042830467224,18,True,min_influence_pixels,True,0.20266181230545044,2.4425771236419678,5.1638712882995605,34.0,0.000442708347691223,1.9521379470825195,0.0,0.0,0.33441609144210815,0.33441609144210815,1.9521379470825195,0,10,0.0,1,0.0,0.0,0.0,0
46,tum_fr2_xyz,10,cross_scene_test,4038,4038,geometry_stratified,edge,1,12.723184091151456,12.723196509027472,1.2417876016357354e-05,0.5772768742986077,0.5772770728740889,1.9857548116952728e-07,0.2597012221813202,0.2596983015537262,2.9206275939941406e-06,0.1153024472296238,0.11530146412551402,9.831041097724258e-07,4.057034599532645e-06,73.14224899891997,5.54677311001546e-08,1.6977706026705194e-07,3.993078738988826e-08,1.3440988255460158e-08,0.005845214178290092,-0.002580759244538544,0.0019489601254463196,0.0006427954882383402,0.022949791860163844,0.00031376929441290116,0.7351405024528503,1432.0872802734375,0.512334942817688,50,False,none,True,0.21529844403266907,0.02291998080909252,1.4692027568817139,50.0,0.0006510416860692203,6.1674604415893555,0.0,0.0,0.46289074420928955,0.46289074420928955,6.1674604415893555,0,10,0.0,1,0.0,0.0,0.0,0
46,tum_fr2_xyz,10,cross_scene_test,3775,3775,geometry_stratified,edge,1,12.723184091151456,12.723224979413828,4.088826237236276e-05,0.5772768742986077,0.5772808119386695,3.937640061790759e-06,0.2597012221813202,0.2596938908100128,7.331371307373047e-06,0.1153024472296238,0.11529989577829837,2.5514513254248916e-06,1.0718583813090144e-05,83.78464300039923,1.2793017227559318e-07,4.880161913701528e-07,8.750256663787555e-08,3.0452493846786866e-08,0.3142072547769068,0.056009339411087544,0.006822824478149414,0.0022726597730070366,0.022075366829505887,0.00026347748273392653,0.6649457216262817,1310.2891845703125,0.5064800977706909,18,True,min_influence_pixels,True,0.062232065945863724,0.13166260719299316,0.6282301545143127,18.0,0.00023437500931322575,3.2400588989257812,0.0,0.0,0.42008399963378906,0.42008399963378906,3.2400588989257812,0,10,0.0,1,0.0,0.0,0.0,0
46,tum_fr2_xyz,10,cross_scene_test,3432,3432,geometry_stratified,edge,1,12.723184091151456,12.72319166302285,7.571871394773666e-06,0.5772768742986077,0.5772756594821716,-1.2148164361125424e-06,0.2597012221813202,0.259696364402771,4.857778549194336e-06,0.1153024472296238,0.1153009247034788,1.5225261449924865e-06,6.028164369342831e-06,76.65886900213081,7.863622889055761e-08,9.87735860616884e-08,6.336877405612791e-08,1.986105671543584e-08,0.0876482947323467,0.008479303553865392,0.0006917249411344528,0.00021541503374464775,0.009783724270770313,0.00012762677558546246,0.412678062915802,696.9967041015625,0.5910803079605103,298,False,none,True,0.013783315196633339,0.020134776830673218,1.5446346998214722,298.0,0.003880208358168602,45.54014205932617,0.0,0.0,0.569244384765625,0.569244384765625,45.54014205932617,0,10,0.0,1,0.0,0.0,0.0,0
46,tum_fr2_xyz,10,cross_scene_test,3884,3884,geometry_stratified,edge,1,12.723184091151456,12.723219224746217,3.513359476059463e-05,0.5772768742986077,0.5772792437051149,2.3694065071078185e-06,0.2597012221813202,0.25968438386917114,1.683831214904785e-05,0.1153024472296238,0.11529709324240685,5.353987216946687e-06,2.1384142616577887e-05,37.13752399926307,5.758095940106891e-07,9.460403111766903e-07,4.534042751310502e-07,1.4416650978274504e-07,0.36948510595683715,0.15981012521014804,0.1547088623046875,0.047402995266020265,0.07728140970793189,0.002080952131043131,0.5642950534820557,1120.3812255859375,0.5026634335517883,10,True,min_influence_pixels,True,0.11135822534561157,0.335082471370697,0.5945265293121338,10.0,0.0001302083401242271,1.3317033052444458,0.0,0.0,0.4606502652168274,0.4606502652168274,1.3317033052444458,0,10,0.0,1,0.0,0.0,0.0,0
46,tum_fr2_xyz,10,cross_scene_test,789,789,geometry_stratified,edge,1,12.723184091151456,12.723209835568063,2.5744416607409448e-05,0.5772768742986077,0.5772763097674801,-5.645311276225584e-07,0.2597012221813202,0.25968387722969055,1.7344951629638672e-05,0.1153024472296238,0.11529702208936214,5.425140261652861e-06,2.1452828430794393e-05,48.497538999072276,4.423488051879245e-07,5.308396495727736e-07,3.5764601642921444e-07,1.118642383432413e-07,0.4254921530568012,0.08237145704152082,0.02910315990447998,0.009167627105489407,0.01983895999448945,0.00040907147875831294,0.8477403521537781,1658.6900634765625,0.5100902318954468,36,False,none,True,0.07067566365003586,1.4069918394088745,7.45499324798584,36.0,0.0004687500186264515,5.045108795166016,0.0,0.0,0.2701508402824402,0.2701508402824402,5.045108795166016,0,10,0.0,1,0.0,0.0,0.0,0
46,tum_fr2_xyz,10,cross_scene_test,812,812,geometry_stratified,texture,1,12.723184091151456,12.723067183132562,-0.00011690801889407965,0.5772768742986077,0.5772911979022626,1.4323603654831096e-05,0.2597012221813202,0.25970277190208435,-1.5497207641601562e-06,0.1153024472296238,0.11530391871929167,-1.4714896678785783e-06,-8.222203860885131e-06,74.52769199881004,-1.103241444940548e-07,-1.5686520776189645e-06,-2.079389180849583e-08,-1.974420015451536e-08,-0.04012050559693492,0.0,-0.0010377764701843262,-0.0004053067415952516,-0.0023312755482811625,-3.128066207012536e-05,0.706119954586029,1408.0655517578125,0.5004822611808777,4,True,min_influence_pixels,True,0.10385312139987946,0.3870629072189331,0.11837080121040344,4.0,5.208333459449932e-05,0.241122305393219,0.0,0.0,0.341791033744812,0.341791033744812,0.241122305393219,0,10,0.0,1,0.0,0.0,0.0,0
46,tum_fr2_xyz,10,cross_scene_test,2055,2055,geometry_stratified,texture,1,12.723184091151456,12.723161981362534,-2.210978892236426e-05,0.5772768742986077,0.5772839433184865,7.069019878791494e-06,0.2597012221813202,0.25970080494880676,4.172325134277344e-07,0.1153024472296238,0.11530251242220402,-6.51925802230835e-08,-7.344531771784811e-07,73.14951000444125,-1.0040438782623273e-08,-3.02254778207289e-07,5.703831965551132e-09,-8.912237446173644e-10,0.08473567098889845,0.00545472233439892,0.0007703043520450592,0.00025275561492890154,0.007711260565625665,0.00010541780204894712,0.4622498154640198,898.9209594726562,0.5132274031639099,60,False,none,True,0.031846631318330765,0.04133109375834465,0.48397549986839294,60.0,0.0007812500116415322,6.613699913024902,0.0,0.0,0.533697247505188,0.533697247505188,6.613699913024902,0,10,0.0,1,0.0,0.0,0.0,0
46,tum_fr2_xyz,10,cross_scene_test,1654,1654,geometry_stratified,texture,1,12.723184091151456,12.723284646680044,0.00010055552858823091,0.5772768742986077,0.5772855702159942,8.695917386503105e-06,0.2597012221813202,0.25969868898391724,2.5331974029541016e-06,0.1153024472296238,0.11530082151293755,1.6257166862432282e-06,8.458614138609546e-06,76.71283699892228,1.1026334665120492e-07,1.3108044562299736e-06,3.3021818799240726e-08,2.1192237829322717e-08,0.09057758665903037,0.01022730007240219,0.0007174275815486908,0.0005271174013614655,0.009777389658906852,0.00012745441364714764,0.6072484254837036,1112.9228515625,0.5446338653564453,136,False,none,True,0.1132480651140213,0.034558944404125214,3.2985994815826416,136.0,0.001770833390764892,22.316936492919922,0.0,0.0,0.4670683741569519,0.4670683741569519,22.316936492919922,0,10,0.0,1,0.0,0.0,0.0,0
46,tum_fr2_xyz,10,cross_scene_test,4144,4144,geometry_stratified,texture,1,12.723184091151456,12.723200749285953,1.6658134496694288e-05,0.5772768742986077,0.577280082943244,3.2086446362100673e-06,0.2597012221813202,0.2597009539604187,2.682209014892578e-07,0.1153024472296238,0.11530222333967685,2.2388994694311215e-07,1.2263335290543715e-06,76.49870799650671,1.6030774390469073e-08,2.1775706979855105e-07,3.5062147912551155e-09,2.92671540221746e-09,0.1210168952700279,0.0,0.0019508600234985352,0.0007089234422892332,0.015672944881485025,0.00020487855667053521,0.62180095911026,1239.4197998046875,0.5006870627403259,4,True,min_influence_pixels,True,0.06738004088401794,0.04958941042423248,0.04018140584230423,4.0,5.208333459449932e-05,0.34352052211761475,0.0,0.0,0.5,0.5,0.34352052211761475,0,10,0.0,1,0.0,0.0,0.0,0
46,tum_fr2_xyz,10,cross_scene_test,377,377,geometry_stratified,texture,1,12.723184091151456,12.723553613873564,0.0003695227221083286,0.5772768742986077,0.5773070346310212,3.0160332413431412e-05,0.2597012221813202,0.2596771717071533,2.4050474166870117e-05,0.1153024472296238,0.11529205068945884,1.0396540164950285e-05,4.811275403677143e-05,48.55457600206137,9.909005082183978e-07,7.610461310436335e-06,4.95328682632283e-07,2.1412070747994802e-07,0.26537528317179415,0.0,0.01356053352355957,0.006579328700900056,0.03695985465375522,0.0007612022943457708,0.8168478012084961,1599.3895263671875,0.5097246766090393,53,False,none,True,0.22944487631320953,0.13653667271137238,1.7795225381851196,53.0,0.0006901042070239782,4.86232852935791,0.0,0.0,0.32343631982803345,0.32343631982803345,4.86232852935791,0,10,0.0,1,0.0,0.0,0.0,0
46,tum_fr2_xyz,10,cross_scene_test,3967,3967,geometry_stratified,texture,1,12.723184091151456,12.723553310973212,0.0003692198217564169,0.5772768742986077,0.5773153437422704,3.846944366270311e-05,0.2597012221813202,0.25969594717025757,5.27501106262207e-06,0.1153024472296238,0.11529768593609332,4.7612935304697235e-06,2.6407169550880436e-05,64.92069899832131,4.0676040089407016e-07,5.687243474780886e-06,8.125314643883408e-08,7.334014580762353e-08,0.5308437081197201,0.14838477061142671,-0.0009736716747283936,0.004500742256641377,0.029491024092629863,0.000454262269933237,0.8010168671607971,1575.6280517578125,0.507379412651062,22,True,min_influence_pixels,True,0.20091262459754944,0.3212006986141205,1.926437258720398,22.0,0.0002864583511836827,3.6896917819976807,0.0,0.0,0.42760610580444336,0.42760610580444336,3.6896917819976807,0,10,0.0,1,0.0,0.0,0.0,0
46,tum_fr2_xyz,10,cross_scene_test,282,282,geometry_stratified,depth_discontinuity,1,12.723184091151456,12.723233157112496,4.906596103992911e-05,0.5772768742986077,0.5772797612270947,2.8869284869337264e-06,0.2597012221813202,0.2597012221813202,0.0,0.1153024472296238,0.11530202478170395,4.2244791984002994e-07,2.6994950699359112e-06,31.014721003884915,8.703915374888498e-08,1.5820216804072843e-06,0.0,1.3620884088788481e-08,0.04840300134575948,0.023486005954812164,0.0,0.0008013471961021423,0.003436501892085043,0.0001108022829434637,0.8044125437736511,1576.1185302734375,0.5093756318092346,37,False,none,True,0.2860034704208374,4.359135914455692e-07,1.3407362699508667,112.0,0.0014583333395421505,4.687824726104736,0.0,0.0,0.2604840397834778,0.2604840397834778,4.687824726104736,0,10,0.0,1,0.0,0.0,0.0,0
46,tum_fr2_xyz,10,cross_scene_test,78,78,geometry_stratified,depth_discontinuity,1,12.723184091151456,12.723214984469697,3.0893318241353995e-05,0.5772768742986077,0.5772775686441489,6.943455411745347e-07,0.2597012221813202,0.25970175862312317,-5.364418029785156e-07,0.1153024472296238,0.11530234217643737,1.0505318642772821e-07,1.0799951074555133e-06,47.06788899784442,2.2945475789342798e-08,6.563565713084949e-07,-1.1397192744358753e-08,2.231950246006133e-09,0.39339360522014744,0.03405454626165122,0.0,0.00017710069660097365,0.010865513472125455,0.00023084769050558154,0.4083309769630432,792.1248779296875,0.5144881010055542,59,False,none,True,0.042265839874744415,0.0,0.3061756491661072,67.0,0.000872395874466747,7.244044780731201,0.0,0.0,0.4309260845184326,0.4309260845184326,7.244044780731201,0,10,0.0,1,0.0,0.0,0.0,0
46,tum_fr2_xyz,10,cross_scene_test,50,50,geometry_stratified,depth_discontinuity,1,12.723184091151456,12.723201657913307,1.756676185138417e-05,0.5772768742986077,0.5772801717560407,3.297457432993589e-06,0.2597012221813202,0.259700745344162,4.76837158203125e-07,0.1153024472296238,0.11530215293169022,2.942979335784912e-07,1.5173120887294373e-06,46.0516360035399,3.2948060490463454e-08,3.814579323530189e-07,1.0354402136038587e-08,6.390607568336315e-09,0.42244879029243165,0.039333626560211554,0.0,0.00018074854742735637,0.011573659744566868,0.0002513191875241354,0.40545472502708435,780.3018798828125,0.5186126232147217,67,False,none,True,0.0452628917992115,0.0,0.4212307035923004,79.0,0.0010286459000781178,9.306314468383789,0.0,0.0,0.43833351135253906,0.43833351135253906,9.306314468383789,0,10,0.0,1,0.0,0.0,0.0,0
46,tum_fr2_xyz,10,cross_scene_test,6,6,geometry_stratified,depth_discontinuity,1,12.723184091151456,12.72356997052398,0.00038587937252465565,0.5772768742986077,0.5772999099046597,2.3035606051990953e-05,0.2597012221813202,0.25970128178596497,-5.960464477539063e-08,0.1153024472296238,0.11529914289712904,3.3043324947495956e-06,2.1161331972546305e-05,44.594341998163145,4.7452952604206935e-07,8.65310160962909e-06,-1.3365965749162923e-09,7.409757262223316e-08,0.5254967070572185,0.03648188962137816,0.0,0.001744705997407437,0.02215747690252773,0.000496867447969978,0.4108107388019562,788.403076171875,0.5200668573379517,101,False,none,True,0.06411139667034149,0.0,0.6432573795318604,255.0,0.0033203125931322575,10.033432960510254,0.0,0.0,0.44773048162460327,0.44773048162460327,10.033432960510254,0,10,0.0,1,0.0,0.0,0.0,0
46,tum_fr2_xyz,10,cross_scene_test,867,867,geometry_stratified,depth_discontinuity,1,12.723184091151456,12.723281314983673,9.722383221699715e-05,0.5772768742986077,0.5772922729632708,1.5398664663046624e-05,0.2597012221813202,0.2596985697746277,2.652406692504883e-06,0.1153024472296238,0.11530081443488598,1.6327947378186325e-06,8.41301937848179e-06,43.78585000085877,1.9214014066911535e-07,2.220439530466813e-06,6.057680032368587e-08,3.729046570493912e-08,0.39651579054555697,0.0,0.0,0.0026281528174877146,0.020315559286254625,0.0004639754460826083,0.36895081400871277,736.2105102539062,0.5001484751701355,1,True,min_influence_pixels,True,0.20481254160404205,0.0,0.015203767456114292,1.0,1.302083364862483e-05,0.07423260062932968,0.0,0.0,0.5399779081344604,0.5399779081344604,0.07423260062932968,0,10,0.0,1,0.0,0.0,0.0,0
46,tum_fr2_xyz,10,cross_scene_test,3836,3836,geometry_stratified,depth_discontinuity,1,12.723184091151456,12.723419128194596,0.0002350370431400961,0.5772768742986077,0.577296292241573,1.9417942965227475e-05,0.2597012221813202,0.2597012221813202,0.0,0.1153024472296238,0.11530042365193367,2.023577690121736e-06,1.293119151773411e-05,48.419765997095965,2.670643125063775e-07,4.854154874564919e-06,0.0,4.179238888191039e-08,0.23475236354639506,0.0,0.0,0.003941433876752845,0.016930686508743582,0.00034966477346790606,0.7425798177719116,1463.5511474609375,0.506382167339325,24,True,min_influence_pixels,True,0.3417305648326874,0.0,1.0904898643493652,27.0,0.0003515625139698386,3.1910808086395264,0.0,0.0,0.3998551368713379,0.3998551368713379,3.1910808086395264,0,10,0.0,1,0.0,0.0,0.0,0
46,tum_fr2_xyz,10,cross_scene_test,897,897,geometry_stratified,flat,1,12.723184091151456,12.723185908399387,1.8172479308020684e-06,0.5772768742986077,0.5772747049291808,-2.1693694269853125e-06,0.2597012221813202,0.25969964265823364,1.5795230865478516e-06,0.1153024472296238,0.11530195772647857,4.895031452262222e-07,1.924604151019477e-06,111.13351899984991,1.7317944831946485e-08,1.635193366642626e-08,1.4212841460999581e-08,4.404640018884701e-09,-0.3152781784615968,-0.00126659762436232,0.0008947849273681641,0.0002504578907974054,0.0016600459969203724,1.493740153159925e-05,0.4823480546474457,899.0050048828125,0.535535454750061,114,False,none,True,0.016705874353647232,0.03395041823387146,0.9000476598739624,114.0,0.0014843749813735485,17.767736434936523,0.0,0.0,0.5354214906692505,0.5354214906692505,17.767736434936523,0,10,0.0,1,0.0,0.0,0.0,0
46,tum_fr2_xyz,10,cross_scene_test,3282,3282,geometry_stratified,flat,1,12.723184091151456,12.723183182527775,-9.086236811839399e-07,0.5772768742986077,0.5772762388461916,-6.354524161311659e-07,0.2597012221813202,0.2597000300884247,1.1920928955078125e-06,0.1153024472296238,0.11530209742486477,3.498047590200226e-07,1.3270838992714968e-06,88.21669600001769,1.5043455031134136e-08,-1.029990605388075e-08,1.3513234450625689e-08,3.9652897340425494e-09,0.021848361700300245,-0.000597740715396422,0.00037578120827674866,0.00011344740632921423,0.0030618885811400515,3.470871977725665e-05,0.3681783676147461,716.934326171875,0.5125454664230347,77,False,none,True,0.01126131508499384,0.04259277135133743,0.33781298995018005,77.0,0.001002604141831398,6.272745609283447,0.0,0.0,0.5964453220367432,0.5964453220367432,6.272745609283447,0,10,0.0,1,0.0,0.0,0.0,0
46,tum_fr2_xyz,10,cross_scene_test,3334,3334,geometry_stratified,flat,1,12.723184091151456,12.723251632710628,6.754155917221283e-05,0.5772768742986077,0.5772833612334541,6.486934846394732e-06,0.2597012221813202,0.25970160961151123,-3.8743019104003906e-07,0.1153024472296238,0.11530198194086552,4.6528875827234195e-07,3.2684303779491266e-06,87.62576199660543,3.7299879664107726e-08,7.70795684205626e-07,-4.421418795251651e-09,5.309953918464834e-09,-0.01073548568932381,-0.0004376741682827756,0.00016085058450698853,4.7995281056499584e-05,0.0009179556897641927,1.0475865417293075e-05,0.35416167974472046,694.424072265625,0.5090077519416809,59,False,none,True,0.009464635513722897,0.04329127445816994,0.23760631680488586,59.0,0.0007682291907258332,4.503880500793457,0.0,0.0,0.6073895692825317,0.6073895692825317,4.503880500793457,0,10,0.0,1,0.0,0.0,0.0,0
46,tum_fr2_xyz,10,cross_scene_test,1269,1269,geometry_stratified,flat,1,12.723184091151456,12.723183485402314,-6.057491415134564e-07,0.5772768742986077,0.5772772434604476,3.691618398748986e-07,0.2597012221813202,0.2597014904022217,-2.682209014892578e-07,0.1153024472296238,0.11530253291130066,-8.568167686462402e-08,-3.431686178085061e-07,50.77092599822208,-6.759156171792559e-09,-1.1931024097032793e-08,-5.282962565990041e-09,-1.6876130419134853e-09,0.3917206689230177,0.0007768889275077129,0.005161769688129425,0.0017067044042050894,0.022955471210511683,0.00045213812352596337,0.5291354656219482,1052.2501220703125,0.5018609166145325,11,True,min_influence_pixels,True,0.04944548383355141,0.12463424354791641,0.1619739979505539,11.0,0.00014322917559184134,0.930458664894104,0.0,0.0,0.48996812105178833,0.48996812105178833,0.930458664894104,0,10,0.0,1,0.0,0.0,0.0,0
46,tum_fr2_xyz,10,cross_scene_test,3033,3033,geometry_stratified,flat,1,12.723184091151456,12.723191057272654,6.966121198104247e-06,0.5772768742986077,0.5772778353893316,9.610907238943867e-07,0.2597012221813202,0.2597014307975769,-2.086162567138672e-07,0.1153024472296238,0.11530244983732699,-2.6077031922699945e-09,1.4227179239596366e-07,88.37106600549305,1.6099363606988763e-09,7.882807702773711e-08,-2.360685076503432e-09,-2.950856326784496e-11,-0.03947308259445492,-0.00016798274315488193,0.00016637146472930908,4.849047545576503e-05,0.00039839971884078574,4.508259737593543e-06,0.37555283308029175,734.9560546875,0.5099867582321167,61,False,none,True,0.012601678259670734,0.04323408007621765,0.2788097560405731,61.0,0.0007942708325572312,4.9933905601501465,0.0,0.0,0.5908610820770264,0.5908610820770264,4.9933905601501465,0,10,0.0,1,0.0,0.0,0.0,0
46,tum_fr2_xyz,10,cross_scene_test,2949,2949,geometry_stratified,flat,1,12.723184091151456,12.723184394026056,3.0287460006661604e-07,0.5772768742986077,0.5772773612286185,4.869300107568364e-07,0.2597012221813202,0.2597014307975769,-2.086162567138672e-07,0.1153024472296238,0.11530250720679759,-5.997717379691014e-08,-2.24324539560766e-07,94.56735300045693,-2.37211397425581e-09,3.2027395338553315e-09,-2.2060071482899516e-09,-6.342270550453109e-10,0.15049337850172861,0.0007542445699109113,0.00017298758029937744,5.393789688241772e-05,0.0038100686677280003,4.028947143851632e-05,0.3571258783340454,707.9920654296875,0.5034207105636597,24,True,min_influence_pixels,True,0.007452726364135742,0.04253126308321953,0.08549086004495621,24.0,0.0003124999930150807,1.710364818572998,0.0,0.0,0.6041930913925171,0.6041930913925171,1.710364818572998,0,10,0.0,1,0.0,0.0,0.0,0
46,tum_fr2_xyz,10,cross_scene_test,2462,2462,geometry_stratified,general_visible,1,12.723184091151456,12.723238608920164,5.45177687083509e-05,0.5772768742986077,0.577279017131417,2.1428328093042737e-06,0.2597012221813202,0.2597005069255829,7.152557373046875e-07,0.1153024472296238,0.11530176326632499,6.839632988031585e-07,3.8256854059586574e-06,126.02821000473341,3.0355786262575425e-08,4.325838533000136e-07,5.675362185004641e-09,5.427065089454734e-09,0.1511837994024603,-0.007102306945596881,0.00028520822525024414,0.00035262126475572517,0.006958594815200716,5.521458104450871e-05,0.5322348475456238,1043.1844482421875,0.5092020630836487,55,False,none,True,0.0971117615699768,0.05597769841551781,0.7043704390525818,55.0,0.0007161458488553762,4.601037979125977,0.0,0.0,0.5019322633743286,0.5019322633743286,4.601037979125977,0,10,0.0,1,0.0,0.0,0.0,0
46,tum_fr2_xyz,20,cross_scene_test,4588,4588,geometry_stratified,edge,1,11.706702767816846,11.707206584578131,0.0005038167612845257,0.4241739599167535,0.4242033729812229,2.9413064469407946e-05,0.34536120295524597,0.345345675945282,1.5527009963989258e-05,0.15086118429899215,0.1508510448038578,1.0139495134342535e-05,4.361325132151813e-05,49.04638900188729,8.89224511917481e-07,1.0272249834032408e-05,3.1657804539681365e-07,2.0673275526873895e-07,0.332230740827125,0.04945183621875541,0.04398179054260254,0.01601781658828258,0.04445112617052521,0.0009063078256141292,0.7349420785903931,1393.5513916015625,0.5263878107070923,97,False,none,True,0.1468586027622223,0.023301804438233376,2.245079278945923,162.0,0.0021093750838190317,13.193899154663086,0.0,0.0,0.41408783197402954,0.41408783197402954,13.193899154663086,0,20,0.0,1,0.0,0.0,0.0,0
46,tum_fr2_xyz,20,cross_scene_test,4794,4794,geometry_stratified,edge,1,11.706702767816846,11.707076670001621,0.00037390218477462156,0.4241739599167535,0.4242032221691799,2.926225242638747e-05,0.34536120295524597,0.34536096453666687,2.384185791015625e-07,0.15086118429899215,0.15085704475641248,4.139542579661981e-06,2.2564511607256874e-05,38.601247004407924,5.845539550750836e-07,9.686272174884019e-06,6.1764475918183985e-09,1.0723857131323456e-07,0.23397554555159772,0.029465401829188706,-0.0009446144104003906,0.0060598745942115895,0.021221739926595956,0.0005497682477504579,0.7671272158622742,1498.408935546875,0.51096111536026,37,False,none,True,0.3273107409477234,0.8308729529380798,6.347488880157471,80.0,0.0010416667209938169,5.480554580688477,0.0,0.0,0.4781728982925415,0.4781728982925415,5.480554580688477,0,20,0.0,1,0.0,0.0,0.0,0
46,tum_fr2_xyz,20,cross_scene_test,650,650,geometry_stratified,edge,1,11.706702767816846,11.706746388079718,4.362026287196841e-05,0.4241739599167535,0.4241734205713147,-5.393454388102903e-07,0.34536120295524597,0.3453523814678192,8.821487426757812e-06,0.15086118429899215,0.1508580632507801,3.1210482120402894e-06,1.027110098851097e-05,47.501779001322575,2.1622560679727375e-07,9.182869313326961e-07,1.8570856949404357e-07,6.570381736552206e-08,0.47517574972941645,2.047433839413859e-05,0.008154988288879395,0.0027947118971496376,0.015715137242604576,0.00033083260402030467,0.8375069499015808,1610.931640625,0.5188897848129272,65,False,none,True,0.05540106073021889,1.6283961534500122,15.9032621383667,65.0,0.0008463541744276881,9.444879531860352,0.0,0.0,0.1955154538154602,0.1955154538154602,9.444879531860352,0,20,0.0,1,0.0,0.0,0.0,0
46,tum_fr2_xyz,20,cross_scene_test,3543,3543,geometry_stratified,edge,1,11.706702767816846,11.706723379534814,2.061171796796657e-05,0.4241739599167535,0.42417536239725134,1.4024804978474137e-06,0.34536120295524597,0.3453564941883087,4.708766937255859e-06,0.15086118429899215,0.150859547406435,1.636892557138614e-06,5.322771187131186e-06,31.141400002525188,1.7092266843172027e-07,6.618751233501131e-07,1.5120601311675249e-07,5.256322955955358e-08,0.11086055352806135,0.1051018378800391,0.014834165573120117,0.005513352900743507,0.007952941667252855,0.00025538163559146244,0.9943364262580872,1971.4268798828125,0.503373920917511,16,True,min_influence_pixels,True,0.215521439909935,2.4789481163024902,4.5454792976379395,25.0,0.00032552084303461015,1.6869664192199707,0.0,0.0,0.07928639650344849,0.07928639650344849,1.6869664192199707,0,20,0.0,1,0.0,0.0,0.0,0
46,tum_fr2_xyz,20,cross_scene_test,1073,1073,geometry_stratified,edge,1,11.706702767816846,11.70671714807488,1.4380258033241944e-05,0.4241739599167535,0.4241810054548015,7.045538047978361e-06,0.34536120295524597,0.34536224603652954,-1.043081283569336e-06,0.15086118429899215,0.15086134076118468,-1.564621925354004e-07,-4.621385682082051e-08,74.28712800174253,-6.220977720357756e-10,1.9357671268304557e-07,-1.404121160189244e-08,-2.106181740283866e-09,0.0640447041036154,0.011568903973219594,0.0016961097717285156,0.0006436694413424204,0.0026841804746027607,3.613251106624823e-05,0.6883915662765503,1323.0133056640625,0.5193209052085876,75,False,none,True,0.0715123638510704,1.7315185070037842,17.418092727661133,75.0,0.0009765625,9.660451889038086,0.0,0.0,0.3959053158760071,0.3959053158760071,9.660451889038086,0,20,0.0,1,0.0,0.0,0.0,0
46,tum_fr2_xyz,20,cross_scene_test,3940,3940,geometry_stratified,edge,1,11.706702767816846,11.706685990909323,-1.6776907523663454e-05,0.4241739599167535,0.4241737883913401,-1.7152541337273064e-07,0.34536120295524597,0.34534215927124023,1.9043684005737305e-05,0.15086118429899215,0.15085565373301507,5.530565977074353e-06,1.5539234000232197e-05,31.229484993673395,4.975821408319798e-07,-5.372137109229368e-07,6.097982086350529e-07,1.7709437021439063e-07,-0.12917085845667664,0.015213426097522048,0.08960610628128052,0.02597361057996747,0.03632443001755131,0.001163145342451535,0.6003396511077881,1187.4659423828125,0.5045636296272278,19,True,min_influence_pixels,True,0.1595328152179718,0.59268718957901,1.716433048248291,27.0,0.0003515625139698386,2.28182315826416,0.0,0.0,0.3659454584121704,0.3659454584121704,2.28182315826416,0,20,0.0,1,0.0,0.0,0.0,0
46,tum_fr2_xyz,20,cross_scene_test,1514,1514,geometry_stratified,texture,1,11.706702767816846,11.707026814517034,0.00032404670018770787,0.4241739599167535,0.424212781926824,3.8822010070493906e-05,0.34536120295524597,0.34536096453666687,2.384185791015625e-07,0.15086118429899215,0.15085758715867995,3.5971403122003753e-06,1.958341266735889e-05,72.41339800384594,2.704390790543871e-07,4.4749550376091655e-06,3.292465008877223e-09,4.9675065821511756e-08,0.0849949063678146,0.0014499973930795773,0.0001781657338142395,0.001809800416231147,0.007174788037741095,9.90809468347285e-05,0.7769754528999329,1503.03173828125,0.5159387588500977,67,False,none,True,0.32025378942489624,0.11229623109102249,3.447157382965088,67.0,0.000872395874466747,7.969384670257568,0.0,0.0,0.39773356914520264,0.39773356914520264,7.969384670257568,0,20,0.0,1,0.0,0.0,0.0,0
46,tum_fr2_xyz,20,cross_scene_test,1730,1730,geometry_stratified,texture,1,11.706702767816846,11.706672090092185,-3.067772466103236e-05,0.4241739599167535,0.42417090158764836,-3.0583291051322625e-06,0.34536120295524597,0.34536033868789673,8.642673492431641e-07,0.15086118429899215,0.15086125880479812,-7.450580596923828e-08,-1.083617724320077e-06,71.36997899942799,-1.51831027486888e-08,-4.298407410387249e-07,1.2109676384381323e-08,-1.0439376193432175e-09,-0.01600340830892577,-0.001567426261649095,0.0008163228631019592,-1.5471875667583124e-05,0.0010259925731292464,1.437568831479507e-05,0.48505088686943054,962.6393432617188,0.5028759837150574,18,True,min_influence_pixels,True,0.2553582489490509,0.11396455764770508,0.5310845375061035,18.0,0.00023437500931322575,1.437995433807373,0.0,0.0,0.5541864037513733,0.5541864037513733,1.437995433807373,0,20,0.0,1,0.0,0.0,0.0,0
46,tum_fr2_xyz,20,cross_scene_test,2571,2571,geometry_stratified,texture,1,11.706702767816846,11.706791446833265,8.867901641806952e-05,0.4241739599167535,0.42418416961976463,1.0209703011132554e-05,0.34536120295524597,0.34535887837409973,2.3245811462402344e-06,0.15086118429899215,0.15085952207446096,1.6622245311848083e-06,7.321805238859576e-06,81.5056409992394,8.983188340213043e-08,1.0880107846633225e-06,2.852049401417415e-08,2.039398145706651e-08,0.006937962773250206,0.00037227317801414445,0.0006723552942276001,0.000533218681812303,0.0027846549196321843,3.416518029295875e-05,0.6858927607536316,1339.0587158203125,0.5112200379371643,58,False,none,True,0.5289376974105835,0.10814126580953598,3.5740222930908203,58.0,0.0007552083698101342,5.610014915466309,0.0,0.0,0.5150259733200073,0.5150259733200073,5.610014915466309,0,20,0.0,1,0.0,0.0,0.0,0
46,tum_fr2_xyz,20,cross_scene_test,2227,2227,geometry_stratified,texture,1,11.706702767816846,11.706560405831365,-0.00014236198548189805,0.4241739599167535,0.42415527743186454,-1.868248488895441e-05,0.34536120295524597,0.3453594446182251,1.7583370208740234e-06,0.15086118429899215,0.150862205773592,-1.021474599849359e-06,-6.98511745926305e-06,88.12191200559027,-7.926652180243125e-08,-1.6155117636674393e-06,1.9953459711161035e-08,-1.1591607315380978e-08,-0.026722617592099596,0.0009467120396739401,0.0004817843437194824,-0.0005340620875358693,-0.0010199776832922295,-1.1574620432969318e-05,0.9071153402328491,1769.48974609375,0.5116422772407532,59,False,none,True,0.3895469605922699,0.1107386127114296,2.9122366905212402,59.0,0.0007682291907258332,5.821148872375488,0.0,0.0,0.264662504196167,0.264662504196167,5.821148872375488,0,20,0.0,1,0.0,0.0,0.0,0
46,tum_fr2_xyz,20,cross_scene_test,3202,3202,geometry_stratified,texture,1,11.706702767816846,11.706691742984601,-1.1024832245354332e-05,0.4241739599167535,0.42417201882478733,-1.9410919661622117e-06,0.34536120295524597,0.3453613519668579,-1.4901161193847656e-07,0.15086118429899215,0.15086134895682335,-1.6465783120311883e-07,-7.886674813916255e-07,72.73138799791923,-1.0843564286359948e-08,-1.5158286606148287e-07,-2.048793733219276e-09,-2.263917075359947e-09,-0.00023783374882135888,-0.0003744811436439677,0.0001717209815979004,4.97926026582704e-05,0.0007200931911313578,9.900721146033387e-06,0.5417983531951904,1069.335693359375,0.5056681632995605,38,False,none,True,0.14851291477680206,0.069797083735466,0.6187075972557068,38.0,0.0004947916604578495,2.834078073501587,0.0,0.0,0.5410435199737549,0.5410435199737549,2.834078073501587,0,20,0.0,1,0.0,0.0,0.0,0
46,tum_fr2_xyz,20,cross_scene_test,211,211,geometry_stratified,texture,1,11.706702767816846,11.7066653793688,-3.7388448046016265e-05,0.4241739599167535,0.4241676165526689,-6.343364084615555e-06,0.34536120295524597,0.3453597128391266,1.4901161193847656e-06,0.15086118429899215,0.15086114406585693,4.023313521228644e-08,-9.412369729791769e-07,49.02822099393234,-1.9197861025707278e-08,-7.625903467034507e-07,3.039302852879733e-08,8.206117700510822e-10,-0.01707951706773514,-0.002645466246989834,0.0005911998450756073,7.530674338340759e-06,0.0037991374587878525,7.748878873777673e-05,0.48603740334510803,925.1495361328125,0.5243608951568604,90,False,none,True,0.15725208818912506,0.03735283762216568,2.370373249053955,90.0,0.0011718750465661287,12.180437088012695,0.0,0.0,0.5412935018539429,0.5412935018539429,12.180437088012695,0,20,0.0,1,0.0,0.0,0.0,0
46,tum_fr2_xyz,20,cross_scene_test,3448,3448,geometry_stratified,depth_discontinuity,1,11.706702767816846,11.7067252969089,2.2529092053247268e-05,0.4241739599167535,0.42417191888791395,-2.041028839550041e-06,0.34536120295524597,0.3453564941883087,4.708766937255859e-06,0.15086118429899215,0.15085952654480933,1.6577541828155518e-06,5.437420195166673e-06,66.9923210007255,8.116482775850963e-08,3.362936485362746e-07,7.028815940270028e-08,2.4745435865665843e-08,0.23799712407219076,0.0193344034265045,0.000575527548789978,0.00022254574578255484,0.007692719496813882,0.00011482986978060626,0.38524019718170166,676.9918212890625,0.568047046661377,294,False,none,True,0.02009272202849388,0.06842175871133804,3.011573076248169,294.0,0.003828125074505806,34.02350997924805,0.0,0.0,0.5945860147476196,0.5945860147476196,34.02350997924805,0,20,0.0,1,0.0,0.0,0.0,0
46,tum_fr2_xyz,20,cross_scene_test,4091,4091,geometry_stratified,depth_discontinuity,1,11.706702767816846,11.7067147513619,1.1983545054050637e-05,0.4241739599167535,0.424174449784367,4.898676135289826e-07,0.34536120295524597,0.34536120295524597,0.0,0.15086118429899215,0.1508610539138317,1.30385160446167e-07,7.165537303036687e-07,30.484939998132177,2.350517108931729e-08,3.930972163561704e-07,0.0,4.277035167336913e-09,0.017819048580308916,0.018718072654596157,0.0,0.00024174973368644437,0.00116145367126775,3.8099260531229934e-05,0.7603827118873596,1506.875,0.5036090016365051,14,True,min_influence_pixels,True,0.2707347273826599,0.0,0.4885381758213043,39.0,0.0005078125395812094,1.8044902086257935,0.0,0.0,0.26858824491500854,0.26858824491500854,1.8044902086257935,0,20,0.0,1,0.0,0.0,0.0,0
46,tum_fr2_xyz,20,cross_scene_test,3464,3464,geometry_stratified,depth_discontinuity,1,11.706702767816846,11.70672433822175,2.157040490402551e-05,0.4241739599167535,0.42417385347207104,-1.064446824572407e-07,0.34536120295524597,0.34535643458366394,4.76837158203125e-06,0.15086118429899215,0.15085951909422873,1.6652047634124756e-06,5.431871603088704e-06,67.78498100175057,8.013385152307447e-08,3.1821805634891965e-07,7.0345547222446e-08,2.4565984069088568e-08,0.23278401314603414,0.01562633165016525,0.0006219074130058289,0.0002340098493732526,0.007689767554437635,0.0001134435304221601,0.38698339462280273,632.6737060546875,0.6106634140014648,343,False,none,True,0.020296484231948853,0.06814973056316376,4.893880367279053,343.0,0.0044661457650363445,55.33171081542969,0.0,0.0,0.5927279591560364,0.5927279591560364,55.33171081542969,0,20,0.0,1,0.0,0.0,0.0,0
46,tum_fr2_xyz,20,cross_scene_test,117,117,geometry_stratified,depth_discontinuity,1,11.706702767816846,11.706732487069262,2.9719252415461028e-05,0.4241739599167535,0.4241962379678211,2.2278051067581295e-05,0.34536120295524597,0.3453613519668579,-1.4901161193847656e-07,0.15086118429899215,0.15086090564727783,2.7865171431384894e-07,1.6476170838044835e-06,72.42917400435545,2.274797561139391e-08,4.103215703339913e-07,-2.057342417428589e-09,3.847230320438178e-09,0.10807020191929695,0.008790465645588691,0.0,0.000247667916119099,0.004107442794917813,5.670978374916738e-05,0.371796190738678,722.4276733398438,0.513648271560669,91,False,none,True,0.06102180853486061,0.0,0.41642123460769653,155.0,0.002018229104578495,6.8241376876831055,0.0,0.0,0.5863259434700012,0.5863259434700012,6.8241376876831055,0,20,0.0,1,0.0,0.0,0.0,0
46,tum_fr2_xyz,20,cross_scene_test,3495,3495,geometry_stratified,depth_discontinuity,1,11.706702767816846,11.706695098365365,-7.669451481007172e-06,0.4241739599167535,0.42417381655812053,-1.43358632964663e-07,0.34536120295524597,0.3453602194786072,9.834766387939453e-07,0.15086118429899215,0.1508609727025032,2.115964889415345e-07,3.957093024208938e-07,57.54379700374557,6.876663046672725e-09,-1.3328024705265735e-07,1.7090923609540922e-08,3.6771381097385965e-09,-0.15119399699829117,-0.009694138190213697,0.0002706199884414673,5.615400150418837e-05,-0.0027634027044921,-4.802259927881068e-05,0.30726146697998047,608.4607543945312,0.5039815306663513,29,False,none,True,0.026459626853466034,0.09271905571222305,0.2372569888830185,29.0,0.0003776041849050671,1.990767002105713,0.0,0.0,0.659803569316864,0.659803569316864,1.990767002105713,0,20,0.0,1,0.0,0.0,0.0,0
46,tum_fr2_xyz,20,cross_scene_test,1443,1443,geometry_stratified,depth_discontinuity,1,11.706702767816846,11.70688731807717,0.00018455026032349053,0.4241739599167535,0.4242674259176133,9.346600085979873e-05,0.34536120295524597,0.345360666513443,5.364418029785156e-07,0.15086118429899215,0.15085901543498037,2.1688640117756286e-06,1.1501129948609716e-05,52.97215599421179,2.1711651588933688e-07,3.483910685901781e-06,1.0126863687351748e-08,4.0943472491710894e-08,-0.30882929804162984,0.009886092656169243,0.0,-0.00035715461708605255,-0.010009705783626421,-0.00018896164590167277,0.47877129912376404,904.4675903320312,0.5283404588699341,146,False,none,True,0.06649912893772125,0.0,0.9423075914382935,146.0,0.001901041716337204,14.1702241897583,0.0,0.0,0.4025930166244507,0.4025930166244507,14.1702241897583,0,20,0.0,1,0.0,0.0,0.0,0
46,tum_fr2_xyz,20,cross_scene_test,2797,2797,geometry_stratified,flat,1,11.706702767816846,11.706708519914347,5.752097500533182e-06,0.4241739599167535,0.4241739358625169,-2.4054236602566448e-08,0.34536120295524597,0.3453615605831146,-3.5762786865234375e-07,0.15086118429899215,0.15086122900247573,-4.470348358154297e-08,3.329003399087954e-08,101.17804300534772,3.290242922480721e-10,5.68512429147217e-08,-3.5346391176338676e-09,-4.4182988970423344e-10,0.06064513471110544,0.0006522952106015056,0.0001563727855682373,5.635677371173403e-05,0.0017715817786332858,1.7509547783402468e-05,0.34994152188301086,690.364501953125,0.5058938264846802,38,False,none,True,0.028886869549751282,0.12957735359668732,0.46698108315467834,38.0,0.0004947916604578495,2.94691801071167,0.0,0.0,0.6294370293617249,0.6294370293617249,2.94691801071167,0,20,0.0,1,0.0,0.0,0.0,0
46,tum_fr2_xyz,20,cross_scene_test,563,563,geometry_stratified,flat,1,11.706702767816846,11.70788402502101,0.0011812572041627334,0.4241739599167535,0.42435899233826546,0.00018503242151196586,0.34536120295524597,0.3453505337238312,1.0669231414794922e-05,0.15086118429899215,0.15084513276815414,1.6051530838001593e-05,7.990093262797302e-05,66.5344590015593,1.2008955032774892e-06,1.7754066417449184e-05,1.6035647655217092e-07,2.4125139181826684e-07,0.559768855400387,0.01267287481848671,0.002253912389278412,0.0038957405835390105,0.038812107100420545,0.0005833384336905925,0.754471480846405,1385.0980224609375,0.5437061786651611,140,False,none,True,0.14725765585899353,0.05628114566206932,4.447951316833496,140.0,0.0018229166744276881,21.85308837890625,0.0,0.0,0.2825784683227539,0.2825784683227539,21.85308837890625,0,20,0.0,1,0.0,0.0,0.0,0
46,tum_fr2_xyz,20,cross_scene_test,4771,4771,geometry_stratified,flat,1,11.706702767816846,11.706705643864643,2.8760477963629683e-06,0.4241739599167535,0.4241738030687383,-1.5684801518700553e-07,0.34536120295524597,0.34535861015319824,2.592802047729492e-06,0.15086118429899215,0.15086037516593934,8.091330528092744e-07,2.424225161501625e-06,46.42958899785299,5.221293605708478e-08,6.194428721942732e-08,5.5843743261422996e-08,1.7427099189844015e-08,0.1699225008550016,0.02190802338815745,0.01553201675415039,0.0048434194177389145,0.009619602758969194,0.00020718690314949865,0.7382332682609558,1469.525390625,0.5013616681098938,8,True,min_influence_pixels,True,0.07890044152736664,1.079295039176941,0.7885279655456543,8.0,0.00010416666918899864,0.6808245778083801,0.0,0.0,0.48196089267730713,0.48196089267730713,0.6808245778083801,0,20,0.0,1,0.0,0.0,0.0,0
46,tum_fr2_xyz,20,cross_scene_test,762,762,geometry_stratified,flat,1,11.706702767816846,11.706702767816846,0.0,0.4241739599167535,0.4241721616037134,-1.7983130400911485e-06,0.34536120295524597,0.3453609049320221,2.980232238769531e-07,0.15086118429899215,0.15086109489202498,8.940696716308594e-08,2.588795915639425e-07,90.946566000639,2.8465021050066214e-09,0.0,3.276904637332422e-09,9.830713911997266e-10,-0.07060741697195994,0.0003344448005117018,0.000843048095703125,0.0002517982757126464,0.00465317104136833,5.1163790410026436e-05,0.4048907160758972,785.390380859375,0.5145279169082642,68,False,none,True,0.006822046358138323,0.04280712082982063,0.36050447821617126,68.0,0.000885416695382446,7.26396369934082,0.0,0.0,0.5758751630783081,0.5758751630783081,7.26396369934082,0,20,0.0,1,0.0,0.0,0.0,0
46,tum_fr2_xyz,20,cross_scene_test,3968,3968,geometry_stratified,flat,1,11.706702767816846,11.70670995793991,7.190123064049203e-06,0.4241739599167535,0.4241734424119672,-5.175047863015259e-07,0.34536120295524597,0.34535402059555054,7.18235969543457e-06,0.15086118429899215,0.15085895135998725,2.23293900489252e-06,6.668930157584641e-06,32.5208840004052,2.0506607869274239e-07,2.2109248518458525e-07,2.2085376570160514e-07,6.86616945856914e-08,0.10748208715967777,-0.011745305804822859,0.010366082191467285,0.003279434237629164,0.005879924483734259,0.0001808045711076303,0.946078360080719,1869.4312744140625,0.505078136920929,14,True,min_influence_pixels,True,0.062064237892627716,1.1624351739883423,3.1090877056121826,14.0,0.0001822916674427688,2.5390682220458984,0.0,0.0,0.17084306478500366,0.17084306478500366,2.5390682220458984,0,20,0.0,1,0.0,0.0,0.0,0
46,tum_fr2_xyz,20,cross_scene_test,1955,1955,geometry_stratified,flat,1,11.706702767816846,11.706652437288703,-5.033052814340522e-05,0.4241739599167535,0.4241656042372912,-8.355679462279664e-06,0.34536120295524597,0.34536078572273254,4.172325134277344e-07,0.15086118429899215,0.150861606746912,-4.224479198677855e-07,-2.647072648162276e-06,84.83529400109546,-3.120249277533116e-08,-5.932734569500674e-07,4.918147786725967e-09,-4.9796246343217775e-09,0.02269561241717355,0.00040549381369736626,0.0006802976131439209,0.00021955752745271562,0.0019423664168612713,2.289573507974393e-05,0.4424172341823578,859.7603759765625,0.5135819911956787,63,False,none,True,0.06156037747859955,0.160338893532753,1.5069180727005005,63.0,0.0008203125325962901,6.7910003662109375,0.0,0.0,0.5683838129043579,0.5683838129043579,6.7910003662109375,0,20,0.0,1,0.0,0.0,0.0,0
46,tum_fr2_xyz,20,cross_scene_test,4240,4240,geometry_stratified,general_visible,1,11.706702767816846,11.707050304049048,0.0003475362322014064,0.4241739599167535,0.42423238066579255,5.8420749039056474e-05,0.34536120295524597,0.3452947437763214,6.645917892456055e-05,0.15086118429899215,0.15083746537566184,2.3718923330307007e-05,7.851100988071836e-05,51.254695004899986,1.531781817708849e-06,6.780573607318933e-06,1.296645681302113e-06,4.627658661911745e-07,0.8266151903703296,0.18664499633789797,0.03708624839782715,0.013519268855452543,0.06111128346427165,0.001192306060126382,0.8388394713401794,1567.5316162109375,0.5341339707374573,76,False,none,True,0.1186501756310463,0.3923564851284027,8.72134780883789,76.0,0.000989583320915699,17.066993713378906,0.0,0.0,0.28908276557922363,0.28908276557922363,17.066993713378906,0,20,0.0,1,0.0,0.0,0.0,0
