idx_i,idx_j,delta_q_i,delta_q_j,delta_q_ij,interaction_residual,overlap_iou,distance_3d,depth_conflict,overlap_bin,depth_bin,additivity_ratio,cost_i_ms,cost_j_ms,cost_ij_ms,scene,frame
1685,769,0.0044835707650561635,0.0013086784941440768,0.006111151443889623,0.0003189021846893834,0.0,2.209382128343645,0.050878887574381554,low,near,1.0548745911777442,0.5871254182522991,1.7992642186624028,2.5653502776900714,tum_fr1_desk,0
474,1082,0.005837173645764544,0.0031654761952987194,0.008927406081755296,-7.524375930796547e-05,0.9304516790923154,0.05229735923099227,1.456534381466559,high,far,0.9915319053213023,0.510599457829576,0.5345936375621236,1.2221288437724296,tum_fr1_desk,0
646,2888,-0.0006590870510911387,0.0014126224911432503,0.0005896683235573414,-0.00016386711649477018,0.0,2.9225787805823047,0.2890037030720496,low,medium,0.7814985118745599,1.073692986900744,1.9748463287101823,3.2052562788860537,tum_fr1_desk,0
1955,1585,0.0014762722584778412,-0.001003193449594025,0.00045958158414588214,-1.3497224737933922e-05,0.030341646982185822,2.068487428210863,0.1740272527756195,low,near,0.9694202219836262,0.5515827816728276,1.8639806031181732,2.4626778383432053,tum_fr1_desk,0
4911,3342,-0.0043255955696132106,0.007459961321788356,0.003331226988044269,0.00019686123586912352,0.026484254183493303,1.584200662474542,1.047842139820868,low,far,1.062468385301857,1.6626992350416718,1.9092484123462836,3.6828795631906486,tum_fr1_desk,0
2062,3884,0.006408805194743053,0.0014217585880587974,0.005909286240882275,-0.001921277541919575,0.1510893784338106,1.1965980045839721,0.09496813296264771,medium,near,0.7545474192343419,0.9214017645310711,1.3140441247373726,2.3883020005793894,tum_fr1_desk,0
200,4875,-0.0013846100015297937,0.005058381444204339,0.00244926836186126,-0.0012245030808132856,0.9344546019488713,0.06629024551462709,0.3916988726363997,high,medium,0.666509033301579,1.6569055200289187,0.6110669776011355,2.326011621468922,tum_fr1_desk,0
2690,3840,0.0004539381207439271,-0.00039587118922644994,0.0006831185763058732,0.000625051644788396,0.22503020979538224,0.9673978490612036,0.1179942639552394,medium,near,11.565161059767378,1.8308191138644898,1.2083223877429239,3.2069535030359546,tum_fr1_desk,0
1678,3242,-0.00266881420456025,0.005921040938269692,0.0003211113899194923,-0.0029311153437899494,0.29123700434687155,0.8054015521459058,0.06758845999612632,medium,near,0.09870550570367101,1.843645393510279,1.2130553347731676,3.246414770433876,tum_fr1_desk,0
1363,1981,0.00490344770865013,0.01011460249670687,0.014407728188009665,-0.0006103220173473345,0.06003989967302751,2.6473801250950104,0.29373245897084527,low,medium,0.9592968923474743,1.1848018557243654,0.8276606558252504,2.096654216709127,tum_fr1_desk,0
3748,4779,0.008859310667748883,0.0028777664697741635,0.011409414990925279,-0.0003276621465977682,0.0,2.693469334774305,0.0776060238418144,low,near,0.9720003419003668,1.1406616829393845,1.7270221488837396,2.8349250294449506,tum_fr1_desk,0
3457,1636,0.0037275897194438317,-0.001330303101152144,7.180999153526052e-05,-0.002325476626756427,0.3266953715249246,0.6953544477405573,0.2450028591995094,medium,medium,0.02994220581792311,0.880873120901517,0.8703140942579017,1.843863574822338,tum_fr1_desk,0
4218,4496,0.0023011510497051323,0.014316210562426431,0.013099304322653785,-0.003518057289477781,0.7626393568042107,0.20186231618746858,0.08215816564262311,high,near,0.7882428261213889,0.7173423081368346,1.2341791404163445,2.1086625892789304,tum_fr1_desk,0
3397,2511,0.005759665163433871,-0.002009139216748469,0.0009892443096258634,-0.0027612816370595388,0.1257325105855656,1.9153022002510596,0.30115134814129146,medium,medium,0.26369118158436133,1.752953743383857,0.9811700974576038,2.8379685882706895,tum_fr1_desk,0
2385,2919,0.0024982568254382064,-0.0005173782705809962,0.0016153392580246675,-0.0003655392968325427,0.04672902994564995,2.048814867434733,0.07704724411648729,low,near,0.8150546127388966,1.4677591856141747,0.7615496435074871,2.2833376174099715,tum_fr1_desk,0
1016,3643,0.009749672025087697,5.867800511692939e-05,0.006094859978668238,-0.0037134900515363883,0.5172373932751514,0.38474688765973775,0.775857119145217,high,far,0.6213316845561783,1.4899760690512687,1.7258333003018238,3.3436154592797904,tum_fr1_desk,0
4723,4682,0.002314122998665912,0.004507981826730862,0.005975490468531977,-0.0008466143568647967,0.0,2.653777212408552,0.3615498848442137,low,medium,0.8757729247087294,1.769991713357459,1.7844864378171388,3.7005114869602513,tum_fr1_desk,0
4067,160,0.000866387722253191,0.006269988932474506,0.005850394785312644,-0.0012859818694150532,0.26807530750511516,1.1482341613571423,0.8446911703725624,medium,far,0.8196841876682276,1.172636214479371,1.9916861939162311,3.1675938986205496,tum_fr1_desk,0
1045,1693,0.0019757152767448504,8.33834686704833e-05,-0.00040999655447971923,-0.002469095299895053,0.48766695158840684,0.57752699220292,0.38289845852362286,medium,medium,-0.19901791377338096,0.9620911877785838,1.313810345832349,2.4895687915118065,tum_fr1_desk,0
4548,3067,0.0027348732522860814,0.001614491452929479,0.004362366597093468,1.3001891877907019e-05,0.034969211720912226,2.6815373377724843,0.2992003157209449,low,medium,1.002758824303516,1.3653558269395387,1.2387765407282958,2.7768090715257006,tum_fr1_desk,0
4276,606,-0.002815078130330632,0.0068859000040653665,0.0020357667042211047,-0.0020350551695136297,0.7795582447499021,0.12173210097278883,0.8463249441819909,high,far,0.4999645778595589,1.930892865503881,1.8722965853306728,3.896982831390471,tum_fr1_desk,0
1895,2733,0.005701704089738692,-0.0022339685903420246,0.0036818292435268716,0.00021409374413020396,0.0,2.560853180974728,0.11434386942921512,low,near,1.061432687550627,1.9042321612411715,1.5440446950124596,3.4859899173180318,tum_fr1_desk,0
2806,537,0.003154768614725664,-0.002044684456951806,-3.2886140056765e-05,-0.001142970297830623,0.014519277262192968,2.9706588578075768,0.6295825913702383,low,far,-0.029598244045396967,1.6111529266313067,1.5455236114929018,3.2087261333028696,tum_fr1_desk,0
4495,2701,0.008910023020859716,0.0035222455993542626,0.013869624948547507,0.0014373563283335271,0.029168538428313184,2.7440596300415905,0.21482797107987112,low,medium,1.1155252389543249,1.4749458961666477,1.552950315886555,3.128261530690234,tum_fr1_desk,0
1715,4777,0.00042365377679827194,0.005794846102466337,0.0035066420436058723,-0.0027118578356587365,0.1843068911918861,1.157969710287835,0.0109812312632571,medium,near,0.5638141509250252,1.1983970271986903,1.313966952061365,2.646676988778781,tum_fr1_desk,0
876,991,-0.006063579355948258,-0.00035965932894716727,-0.010853846103415363,-0.004430607418519937,0.5831958273485792,0.4248285123230601,0.2215960764837047,high,medium,1.690040908778852,1.4343357137285004,0.628021197490652,2.1963367986658864,tum_fr1_desk,0
1081,4729,0.013945179786962313,0.011217068791602666,0.025348702893334407,0.00018645431476942766,0.0,1.9304182094197095,0.4756961939198059,low,medium,1.007370046605485,0.9062483768931113,1.1584571310584542,2.1261145540637276,tum_fr1_desk,0
1470,580,0.010306508653040771,-0.0003747265558047808,0.008670898142900944,-0.0012608839543350452,0.04898235186181958,1.6702186608830556,0.37615478633303273,low,medium,0.8729576525507198,1.9322979209947913,1.6068453750436529,3.685036393391183,tum_fr1_desk,0
2265,2479,-0.0046341588306794855,0.01121857898875923,0.004169081226842184,-0.0024153389312375614,0.3733372969870904,0.7808064190284146,0.004349423916241282,medium,near,0.6330774843161797,0.6741089607603743,0.5690039630326291,1.33124332573267,tum_fr1_desk,0
1631,2816,0.011360028402361522,-0.0007462645368215095,0.008964972970405214,-0.001648790895134799,0.17353676871250873,1.4207877481718538,0.3147527137341888,medium,medium,0.8445758270242155,0.5229568104355771,1.9001544621192243,2.549341722586327,tum_fr1_desk,0
3498,3913,0.011667713147149959,0.004069374186254037,0.01666331987628903,0.0009262325428850337,0.07800487111288625,1.8667609349502459,0.48425870583685376,low,medium,1.0587893892875555,1.5157525135744727,1.3600505625079,2.98715229114334,tum_fr1_desk,0
1625,3069,0.0006451886891613065,-0.001344874136583425,-0.0014790862901552756,-0.0007794008427331571,0.31555128833462553,0.6830379031397038,0.14208741318582122,medium,near,2.116955914299542,1.0048313223330898,1.4835839530711132,2.5669140061117073,tum_fr1_desk,0
2504,2967,-0.0009468237847210575,0.006248010485105124,0.005206287195308808,-9.489950507525794e-05,0.5975772563771989,0.39858624148388594,0.629824744226084,high,far,0.9819132160947271,1.6026065657058286,1.7052213955772728,3.366378210736998,tum_fr1_desk,0
3952,595,-0.0008009052009848479,-0.00693835805965891,-0.006186403484804433,0.0015528597758393257,0.0,2.3404182341888906,0.12502010127922594,low,near,0.799456321971886,1.6318143111270236,0.6546858032538989,2.364524220607209,tum_fr1_desk,0
2938,3636,-0.000615940467935549,0.006745714938904992,0.005999631416601758,-0.00013014305436768458,0.03384648214223146,2.6917935240637916,0.9023848620311968,low,far,0.9786090558397351,1.360156832184929,1.447755818254699,2.8183103954328677,tum_fr1_desk,0
4330,4846,-0.00023386755894953858,0.005120599085260776,0.0020383406426986903,-0.0028483908836125474,0.6510756225028603,0.3190580039936366,0.20461487897200678,high,medium,0.4170320386310216,1.1622957520600656,1.8315562741374496,3.0599939406219097,tum_fr1_desk,0
499,1680,0.0040646572713781215,-0.0008186227640198736,0.0034498572348857152,0.0002038227275274671,0.03850281156136913,1.8737432867829702,0.5175557561425744,low,medium,1.06246398893139,1.5593633407347443,0.6220231709628496,2.2089822946227278,tum_fr1_desk,0
3522,4268,-0.005037318871882776,-0.0013211372165221136,-0.013432607958349167,-0.007074151869944278,0.7091563176154925,0.2963271142610729,0.45037276213638766,high,medium,2.112890403261827,1.859531577642104,0.6667962234592271,2.704829415128465,tum_fr1_desk,0
133,2105,0.0019074343200380505,0.0005567068053993084,0.001005867328365438,-0.0014582737970719208,0.7867044631296776,0.21609466326142018,0.26266613316086057,high,medium,0.40803640732210805,1.9432588227118128,1.062305869285556,3.1400718915829247,tum_fr1_desk,0
3486,3584,-6.102359429181314e-06,0.003120462409052084,0.000163380398140788,-0.0029509796514821146,0.6699116093658185,0.26769986596942663,0.24213289912000463,high,medium,0.05244350429433166,1.4440979572028938,1.5436230334769259,3.112620905242092,tum_fr1_desk,0
2779,4964,0.008002057742066991,0.011080438951219075,0.01646590012257576,-0.002616596570710303,0.1266939603019375,2.7084161309484176,0.09746202596853903,medium,near,0.8628345416575975,0.782181739585642,1.1955476074099733,2.129359367196514,tum_fr1_desk,0
255,4804,-0.0070506566249800805,0.003708779878885797,-0.006138706088791,-0.002796829342696716,0.32963485607078513,0.9631064680446669,0.504272150246399,medium,medium,1.8374536252998777,1.8663907767407637,1.7338058643847534,3.724792599700842,tum_fr1_desk,0
3925,4784,-0.0046011660351032106,0.01115729382927177,0.006273906605181348,-0.00028222118898721095,0.011280218673661241,2.801549025894339,0.49909431689882583,low,medium,0.9568071268583345,1.9809141939724166,0.7256253366552923,2.7208828041731654,tum_fr1_desk,0
4178,2048,0.008769361870827065,0.0014273007737369107,0.009207150044000342,-0.0009895126005636337,0.209885888372024,1.2737175318961125,0.09581666764501837,medium,near,0.90286866362542,1.6534811227707658,1.917148594823642,3.6729787472826447,tum_fr1_desk,0
3962,4363,0.0026014781585594945,0.004572194170293745,0.009256414322689605,0.002082741993836365,0.3903351996906953,0.7244962762352151,0.13302613868913182,medium,near,1.2901515077510306,0.6703363882994435,1.5073597933891993,2.355253780464769,tum_fr1_desk,0
1329,1358,0.0025783731714642934,-0.0008162930573018153,0.003061326271828643,0.0012992461576661648,0.27126144550130016,1.2905805470619716,0.4606726444779564,medium,medium,1.7363511999469605,1.8547265880149393,1.425895568145938,3.4068827417954246,tum_fr1_desk,0
3579,3031,0.006430317801230766,0.0013146108947907353,0.006893118256861052,-0.0008518104391604497,0.27380368338507843,1.077353627718736,0.15152403938975392,medium,near,0.8899021056573275,1.4331300503418103,1.7935455631201178,3.3259397005301814,tum_fr1_desk,0
3445,899,0.005982027148481633,0.002640205342792303,0.003983631592214077,-0.004638600899059858,0.17536061959462107,1.074869554264972,0.07038680217324315,medium,near,0.4619649993485869,1.305895125071105,1.1901787384753582,2.6418041393261675,tum_fr1_desk,0
3900,523,-0.0005693345866834678,-0.0032960676094447583,-0.005504122211195542,-0.0016387200150673165,0.1202943248554336,2.695525809222735,0.056738555133964946,medium,near,1.4243140159453807,0.7884335282130062,0.5613029243997183,1.4232235716941024,tum_fr1_desk,0
3644,4432,-0.0019643641613117206,-0.0007682465267359103,-0.0034323361960402164,-0.0006997255079925856,0.040102472382682545,1.535080949021828,0.35173723020376263,low,medium,1.2565246618263222,1.810367936160166,1.8813086007977198,3.8023755324945965,tum_fr1_desk,0
364,4621,0.00625677132300255,-0.0011018186126777597,0.004579134469680109,-0.00057581824064468,0.007317061553601793,2.257366086631792,0.1388355330073109,low,near,0.8881257697554902,1.226784477786532,1.427382157295444,2.722840425947549,tum_fr1_desk,0
4580,2075,-0.008960650281209894,0.006334245316710715,-0.002984614164989959,-0.0003582092004907793,0.05719142501741319,2.261367884425333,0.00928382441520913,low,near,1.1368204925899126,1.0957457487561237,0.6573037497987213,1.8981426704057394,tum_fr1_desk,0
4718,4007,-0.0012328644212126327,-0.0034077400180719747,-0.005819476194542446,-0.0011788717552578389,0.5570142693512107,0.4032982888667911,0.34098988736790947,high,medium,1.2543043853625948,1.6837568579110074,1.247663298393586,3.035288571686974,tum_fr1_desk,0
3812,3448,-0.002306421006641318,-0.0031862307716322823,-0.004640296683210318,0.0008523550950632827,0.2547730425002709,0.8871389221062372,0.13533444764238703,medium,near,0.8449728552652475,1.0341450888467694,1.9797728731894695,3.209388794059745,tum_fr1_desk,0
2595,919,0.00019288580286511365,0.0008075331630797086,-0.0009738318015845696,-0.001974250767529392,0.439172776212258,0.5009344605937796,0.06194752363637412,medium,near,-0.9724519254194227,0.9276427530407707,0.7600603929421322,1.6625651698997923,tum_fr1_desk,0
4289,846,0.005423211007775843,0.0008052597656679514,0.0056516994428754625,-0.0005767713305683327,0.0,2.9099377781623383,0.6018732185904464,low,far,0.9072519397584512,0.7563313810850987,1.5029648298866465,2.3970657722630326,tum_fr1_desk,0
1917,4234,-0.006730807793305956,0.015083499733007967,0.008991315589539655,0.0006386236498376441,0.0,2.523818548172743,0.39982287489853363,low,medium,1.0763283652832893,1.294760034771675,1.5608451434666668,2.9449315463929753,tum_fr1_desk,0
3713,1619,0.0026925398119422113,0.0010101851564934233,0.005769768970187014,0.0020670440017513795,0.09085011212610024,1.8019551377958016,0.13824442411457571,low,near,1.5578286777120027,1.323382969833466,0.8025956934953538,2.1287316988102822,tum_fr1_desk,0
2635,1570,0.00617846056032571,-0.0036485342732880902,0.004963774365440036,0.0024338480784024162,0.0,2.2926721866745754,0.15922734405161332,low,near,1.9612480975295408,1.023302399814493,1.8942937163717388,3.0361534098547973,tum_fr1_desk,0
2898,77,-0.001019925933579103,0.002917559115438678,-3.853303370273341e-05,-0.0019361662155623083,0.7675553428541949,0.1918791996940587,0.4563106634044472,high,medium,-0.020295143933486443,1.6993056963792734,1.7376990150391958,3.5718222677510933,tum_fr1_desk,0
2190,992,-0.009040532758369385,0.0038038921233671417,-0.0056447160080237944,-0.0004080753730215514,0.0791884982439879,2.6377415953986696,0.17348246433416412,low,near,1.078132821089119,1.0654166441373614,1.1940196785044097,2.4120159746753544,tum_fr1_desk,0
1202,2035,-0.0022177248112273534,0.003634636868820813,0.0008881411738105916,-0.0005287708837828681,0.15874572909372328,1.1824791030509738,0.23528471465332904,medium,medium,0.626372537742561,0.675347061062546,1.9097481854202127,2.723638506177107,tum_fr1_desk,0
1865,2912,0.004397904622165434,0.009915153969782676,0.01532295355299777,0.00100989496104966,0.0526306768705558,2.9931932169753375,0.45229725705519125,low,medium,1.0704828022443043,0.7146919783227044,0.806816889754195,1.6189209188416342,tum_fr1_desk,0
2371,2891,0.011204715349686041,0.002435176140733363,0.012750203243256628,-0.0008896882471627758,0.1261836441360589,1.1675236183929014,0.18319390886458348,medium,near,0.9347045427501315,1.309790955669255,1.2295362229934117,2.7646116391447655,tum_fr1_desk,0
362,2443,0.008652192816345416,0.01199658603124902,0.021006950692955786,0.00035817184536134826,0.09810265049012064,2.162728270462209,0.9588027407764436,low,far,1.0172966426419117,1.013786385767815,0.8410264745449805,1.870839896212706,tum_fr1_desk,0
4146,3533,-0.0010253153799595167,0.0006558291160241225,0.0008354843833653541,0.0012049706473007482,0.015336226335261816,2.1919819788840824,0.26965528674674777,low,medium,-2.267342001958145,1.061653054580633,0.6033823090508281,1.798656614576216,tum_fr1_desk,0
536,1625,-0.0029480241012929042,0.0013710653995017592,-0.0015290533675755575,4.790533421558749e-05,0.13881427780662522,2.955281536938887,0.15274945302270407,medium,near,0.9702369521724918,0.582142458233047,1.0027958624688513,1.63433310193889,tum_fr1_desk,0
4759,4120,-0.0062742833593288465,0.000850602142768066,-0.009429211251821987,-0.004005530035261207,0.23124106835462477,1.0735119455938718,0.4012526854996697,medium,medium,1.7388466840029853,1.17865927419904,0.7112855305696998,1.976908046524149,tum_fr1_desk,0
1724,4422,-0.011484433214707858,0.0017285256674109389,-0.011600812787593014,-0.0018449052402960938,0.07021572006072296,2.748795408150895,0.3001172317553544,low,medium,1.189228368525911,0.5196416848825005,1.4953060580250659,2.101503308379825,tum_fr1_desk,0
285,3495,-0.0035326295437083516,-0.0013878310636685357,-0.00503530462685991,-0.00011484401948302342,0.04105270896779052,2.2623833876775743,0.07068085147507897,low,near,1.023548114057324,0.7860315809954999,0.5548245017721423,1.4486079139474182,tum_fr1_desk,0
4150,4895,-0.006253678597242806,0.005504711307230386,0.002150497901190039,0.002899465191202459,0.16086393035580815,2.156474639379993,0.19680626027099024,medium,near,-2.875122923028265,1.2455179232318736,1.648034421599361,2.9786204552413085,tum_fr1_desk,0
2490,327,-0.001579049344343087,0.0045689770679030565,0.0027331106956342377,-0.0002568170279257321,0.07553725962622299,1.6034064766449168,0.4839581443326937,low,medium,0.9138003149006677,1.3275838928890096,0.8808328460649564,2.3596310680429355,tum_fr1_desk,0
4547,164,0.0024937288881866733,0.001348274270063959,0.004268000018595408,0.0004259968603447762,0.359919845286471,0.5767067530602842,0.03142201004546139,medium,near,1.1105897764961083,0.8647582864991812,1.5834003977834887,2.559891284540424,tum_fr1_desk,0
914,1308,0.0032637775376894336,0.0006209521719900415,0.005611035913892885,0.0017263062042134104,0.16833051349423497,1.005770680265059,0.027281181409728853,medium,near,1.4440108636263655,1.7721921432003254,0.6841653344940628,2.5948534556208713,tum_fr1_desk,0
3577,2901,0.006620135096034505,0.001075489317785055,0.006879319004764715,-0.0008163054090548456,0.0,2.4614585071284005,0.14326194243256132,low,near,0.8938098879312151,1.3854424137722117,0.9020954612343144,2.323516407381712,tum_fr1_desk,0
4616,2599,0.010773970909921823,0.000224838361766379,0.009664521256132244,-0.0013342880155559568,0.08875674180358611,1.7190410289013536,1.2673492095868615,low,far,0.8786080755970215,1.2271675507255193,1.2686864838228824,2.589781702574185,tum_fr1_desk,0
2175,3924,-0.0019715128758176085,0.010103840117336373,0.010840257996142523,0.002707930754623758,0.3035064030736902,0.6931681671075552,0.04256454916358599,medium,near,1.3328196043564435,1.8508584518545785,1.5368327864144815,3.5352001622454883,tum_fr1_desk,0
2074,645,0.004697862032000713,0.0019588171646896095,0.007278579729354209,0.0006219005326638868,0.7571390180088441,0.24816742975134476,0.1558832745163979,high,near,1.093260806704617,0.6598680951930116,0.7100278079906734,1.4688534651504281,tum_fr1_desk,0
1386,3776,-0.0025328933650952037,0.0062222117551468436,0.002257947336249125,-0.0014313710538025148,0.19437198908261866,1.9176392869044705,0.5462458285063158,medium,medium,0.6118570534011644,1.1065722523235364,1.6563670655964058,2.7702000277119767,tum_fr1_desk,0
1250,1333,-0.0029479152878737003,0.002933833822385392,-0.002860547957710117,-0.0028464664922218086,0.2755071282860307,0.7737798735598969,0.1479426770775565,medium,near,218.67182696516102,1.5785688577763684,0.9456825734347625,2.556667200930314,tum_fr1_desk,0
4460,481,0.012406573283825708,0.00047723180756371257,0.013584114970798412,0.0007003098794089914,0.0,2.813647731008036,0.009503903647277353,low,near,1.0542739975070576,0.8933960664497376,1.3926168960503822,2.385746138958287,tum_fr1_desk,0
4226,3569,-0.0012938441289067834,-0.0004006129489814666,0.0006154996735849199,0.00230995675147317,0.3170425707918003,1.065932009530488,0.12994656192521434,medium,near,-0.3634574986408579,1.397429087402232,1.1895222691416967,2.651737400014434,tum_fr1_desk,0
4107,1341,0.005162038695277605,0.0068627722481336495,0.013313081348644092,0.0012882704052328366,0.19010472155762484,0.85282815482839,0.028815220381995965,medium,near,1.1070422952173642,1.8759703631933642,0.7052279463784421,2.677476638116804,tum_fr1_desk,0
3359,4873,0.00510336048775339,0.00842266516966947,0.01488087082979611,0.0013548451723732497,0.07211179222402897,2.186104821355759,0.3041971827460446,low,medium,1.1000844684308215,0.577393709988065,1.5048761968250588,2.233702038328277,tum_fr1_desk,0
2419,934,-0.004254981654909235,0.015029887334797593,0.008600366844356,-0.002174538835532358,0.25025598132717436,0.9729218266914833,0.06418045993027797,medium,near,0.7981108131270412,0.6729230318709265,1.1326439895957687,1.9384111897779124,tum_fr1_desk,0
2983,4278,0.005958245739613955,0.00878316691091727,0.015643667323920418,0.0009022546733891916,0.0,1.9514126193461756,0.31509011489086175,low,medium,1.061133458596868,1.2215928257661297,1.8274975347849216,3.0484944603908626,tum_fr1_desk,0
738,3241,0.009220865392744842,-0.007522560359325857,0.0016686552438781633,-2.964978954082191e-05,0.12856720236697536,2.421732089232648,0.4016581256113836,medium,medium,0.981963338577798,1.2802521648180978,1.1402255849822964,2.509572554881697,tum_fr1_desk,0
920,3430,0.006979287643592472,-0.00018832834901352574,0.009388663937813329,0.002597704643234384,0.0,2.801140232804496,0.021780790502678574,low,near,1.3823204072066455,0.9075304566035061,1.0974310759634534,2.072442985363458,tum_fr1_desk,0
2632,4494,0.010688647143722299,0.002842380797074923,0.009931550787578817,-0.0035994771532184056,0.8210395497940642,0.05987176802678871,0.5748333986598937,high,medium,0.7339292256141848,1.5733299728513628,1.3836628017063424,3.0799965250726875,tum_fr1_desk,0
1868,4867,0.0007513435858743248,0.009752502464070384,0.011472490846897877,0.0009686447969531674,0.30326370475040726,0.6938489692019394,0.8984868761219328,medium,far,1.0921141340246734,1.9170980334371155,1.2011022668748046,3.207500858100645,tum_fr1_desk,0
726,2736,0.007835514571918181,0.010105542788938576,0.01741006040585494,-0.0005309969550018177,0.06409000446376177,1.5624311074987005,0.07472546958615202,low,near,0.9703491665252143,0.7796573932163817,1.66937671035013,2.5242356512501885,tum_fr1_desk,0
4069,4876,0.0011594255218735318,0.014508491064302215,0.011006285837788378,-0.004661630748387369,0.11435658034218787,1.5988429275377913,0.09042615138529896,medium,near,0.7024280062540457,1.9945036637100864,1.846154222069306,4.099026469382601,tum_fr1_desk,0
4135,1560,0.0030146151042564984,-0.00557872057498616,-0.002399407643292521,0.00016469782743714056,0.0252834483809145,1.7991728077830245,0.629797443387427,low,far,0.936133011572661,0.8984000638830592,0.6942723819242063,1.7069657153435107,tum_fr1_desk,0
3387,1711,0.003672283949935125,-0.002252782293310978,0.002187703329742506,0.000768201673118359,0.15746026120745277,1.2549369785585613,0.13989362358918483,medium,near,1.5400920650396357,1.243813602618156,0.6215693238614719,1.9178487369093618,tum_fr1_desk,0
1312,1285,-0.0005880564951808573,0.0031189397581944927,0.0016606600208701238,-0.0008702232421435117,0.0,2.5610603964438674,0.26924642297642243,low,medium,0.655899126602497,1.7370214488877238,1.0217138118532896,2.892829835222329,tum_fr1_desk,0
4451,4286,0.011233536628680168,0.007508283569981837,0.016812806347657028,-0.001929013851004976,0.3165453093486246,0.7735923201532371,0.05135775200655965,medium,near,0.8970264970507078,0.8580350469515263,1.895135525764608,2.8056540243062984,tum_fr1_desk,0
2129,2403,-0.0026413472570822527,0.004971844044615847,0.00288655343536245,0.000556056647828856,0.016674874042398317,2.650829541672533,0.6337666960894254,low,far,1.2380688023233477,0.5077177561320722,1.7299203761121502,2.349119528752405,tum_fr1_desk,0
4795,4543,0.001237643224474519,0.009836539333194762,0.00957765675609905,-0.001496525801570231,0.3124754250446685,0.8131305755588286,0.06437887931994471,medium,near,0.8647854521790044,1.3397664684632442,0.6737657851703864,2.083787738780152,tum_fr1_desk,0
1265,4826,0.009475668727587058,0.0030681521221425506,0.012698727409256557,0.00015490655952694887,0.5903490209412021,0.3655928845395273,0.9889863833302996,high,far,1.0122685338731057,1.012808249058029,1.4489328397009222,2.5705183802534766,tum_fr1_desk,0
2507,28,0.004042561741887131,0.004452097858513832,0.007908111511879621,-0.0005865480885213431,0.010150206510915132,2.1402874135777568,0.19249328884937494,low,near,0.9308413806394018,1.4713604651028613,1.391593788842818,3.0584944833686185,tum_fr1_desk,0
115,2384,-0.008678371069893477,0.01768874266829997,0.007336575947239512,-0.0016737956511669824,0.13181522943975524,1.7529731362377372,0.43384871895077587,medium,medium,0.8141464223422836,1.3602934271833598,1.9340707154178998,3.3844972215858933,tum_fr1_desk,1
3637,2953,0.0012436335817324416,0.004967783611404309,0.0061927084366908535,-1.8708756445897418e-05,0.0,1.8984479077249703,0.7826621878694326,low,far,0.9968275220685966,1.531583063645841,1.5840604365473427,3.1962175775387394,tum_fr1_desk,1
2694,4674,-4.980251926386698e-05,-0.001735390396508208,-0.0010604059710065574,0.0007247869447655176,0.15836322860553187,1.1082107999801898,0.07098452737087456,medium,near,0.594333696559762,1.9361720285571442,0.5132949276702033,2.522686289306077,tum_fr1_desk,1
3747,4642,0.006283085523128388,0.0056254789342399854,0.012708973982596055,0.0008004095252276823,0.06083693724402569,2.234404589262881,0.046242804513066504,low,near,1.0671233216033433,1.4878107735050823,1.6491738991933793,3.27469923918914,tum_fr1_desk,1
3756,2015,-0.0018352725328533827,0.0030590853948723896,0.00047891021721255776,-0.0007449026448064491,0.09907945708060592,1.4885020385182721,0.1568221419151893,low,near,0.39100684852632284,0.5990147662103624,1.023230800954219,1.7275849268382901,tum_fr1_desk,1
2158,2555,0.001326157104424405,-0.007468073334768928,-0.007823424893479713,-0.00168150866313519,0.6709292405474511,0.2767431220646824,0.20831894903141807,high,medium,1.273983327572732,0.5753390171959607,0.6093527530518552,1.3315702771291438,tum_fr1_desk,1
2828,1556,0.0006044576255015304,0.0071385220330284485,0.005347512091926751,-0.002395467566603228,0.23080106806155434,0.9129195186586885,0.006681940841972466,medium,near,0.6905379827588359,1.3748862386841734,1.763346119515922,3.1643659561547883,tum_fr1_desk,1
1589,1587,0.003288804414300555,-3.231110614680807e-05,0.00393443709310642,0.0006779437849526731,0.0,2.2908537146643995,0.062418427856344605,low,near,1.2078112588161678,1.1809202721625356,1.7321479874638899,3.033372519477237,tum_fr1_desk,1
1035,3702,0.004126512021139308,0.01309369838600421,0.016186109217686588,-0.0010341011894569308,0.0811386765953648,1.4163595144164582,0.10273446715123491,low,near,0.9398938190182287,1.3449333964307222,0.6799305395358348,2.1361789827076505,tum_fr1_desk,1
817,2437,0.0041372796249755815,0.004781087894987513,0.009332002378590562,0.00041363485862746835,0.31959742907701016,0.851063789863165,0.15447350682897087,medium,near,1.046262793600995,1.390228644463902,1.8435900888892593,3.3803315411652592,tum_fr1_desk,1
2188,1106,0.006125491323338173,-0.0023356510785545017,0.0012347621650937168,-0.002555078079689955,0.21524542505262795,0.9829969417014551,0.09457489154662681,medium,near,0.32572255367205005,1.7640678532408325,0.9700218763777146,2.847217796068643,tum_fr1_desk,1
4118,3796,0.002967949556837722,0.0008686956441312425,0.0037710975941879594,-6.554760678100492e-05,0.050825552296795196,2.894031328645819,0.028059072543708454,low,near,0.9826592602244203,1.0814732081834706,1.4490678181229013,2.729625616626373,tum_fr1_desk,1
2587,1023,0.006826987422955854,0.008180653609031089,0.016066125575517266,0.0010584845435303249,0.0,2.899840140129598,0.03340181346361077,low,near,1.0704583806939334,1.6727357950174033,1.4662238322138739,3.2319873134472275,tum_fr1_desk,1
396,2078,-0.000250946324257058,-0.005219274080667709,-0.007486500800219389,-0.0020162803952946218,0.2533257706819905,0.666204035815233,0.13799563576775103,medium,near,1.3688424027450345,1.6513514427768774,1.1247566478558184,2.868719074691822,tum_fr1_desk,1
939,3220,-0.0021558494290233243,0.009085219104738085,0.008236243771590034,0.0013068740958752738,0.06164317130419011,2.6158013712110466,0.47724461135388824,low,medium,1.1884277689329166,1.6310345523925736,0.55390801238233,2.318586875590776,tum_fr1_desk,1
2100,3657,0.0011779177976930933,0.0002829445020601628,0.0006878003731842084,-0.0007730619265690477,0.16974957761901183,1.7585670033554304,0.0267612985930192,medium,near,0.4704960058825653,1.7349641447310769,1.673023002399451,3.492449423541488,tum_fr1_desk,1
2277,3904,0.0008570004232999072,-0.002971746873042561,-0.00793452278395627,-0.0058197763342136164,0.1437254837896986,1.5039505241199678,0.271258016389055,medium,medium,3.7537722582206072,0.5148857316917534,1.1961427391802557,1.8121517655126116,tum_fr1_desk,1
1524,4760,0.00473559557587605,0.007268061996218301,0.011765962447404712,-0.00023769512468964086,0.0,2.3301183715345393,0.22100187786082698,low,medium,0.98011645702877,0.8983742494379091,0.5263285450499433,1.5343145326976138,tum_fr1_desk,1
3575,3116,0.0025092814763099337,0.009745100757475936,0.008551490704001928,-0.0037028915297839427,0.2482598976418775,1.07688199984645,1.097149636285554,medium,far,0.697774295478685,1.7705912404758493,0.5353924469682937,2.4146507706626634,tum_fr1_desk,1
1241,515,0.003219765989542501,-0.006004519892382577,-0.0059912634231381705,-0.0032065095202980947,0.6522862048439386,0.24379983391537907,0.07772269512990825,high,near,2.1522245256758112,1.621166609895041,1.2107147425969198,2.8497219119342527,tum_fr1_desk,1
460,3764,0.004685454165305717,0.00225813188355604,0.0027108632327828026,-0.004232722816078955,0.6009391914741796,0.27303486981941477,0.06538452736569246,high,near,0.3903563457503882,0.7112044233390141,1.433620462348995,2.26448834686152,tum_fr1_desk,1
4781,3313,0.009064973778134151,0.006517245180455501,0.017068585833018367,0.0014863668744287163,0.45228144050796504,0.5334490201524226,0.30885371530495925,medium,medium,1.095318359985564,1.3082195135594286,0.5909433890997022,1.9542222432573857,tum_fr1_desk,1
3645,2645,0.0042480451503591485,0.0029924265966926604,0.006521151756922257,-0.0007193199901295528,0.018281548179111803,1.5170717161984688,0.42949838297912857,low,medium,0.9005285092187492,1.03140164726157,1.923606794472266,3.060393192016175,tum_fr1_desk,1
619,3232,0.004058931455229335,0.0034086753191468703,0.008641997143166814,0.0011743903687906091,0.4961709313010625,0.5819084094971956,0.18407793100479164,medium,near,1.1571096730940975,1.2220000648034972,1.846512009016935,3.1776040256806852,tum_fr1_desk,1
356,869,-0.00987833005546308,0.004991246873149752,-0.0057060798724720046,-0.0008189966901586768,0.06450405827553635,1.9943856051851034,0.2068876171044553,low,medium,1.167822908362859,1.1100111049978747,1.9295300317683488,3.064056498803546,tum_fr1_desk,1
3212,2409,0.0026057345092494835,0.0028137220742319798,0.0044728186977025354,-0.0009466378857789281,0.40209470609077186,0.6108175668619966,0.4719247308468735,medium,medium,0.8251737891109023,1.9659618619872554,1.6359653107016583,3.73053181160916,tum_fr1_desk,1
3619,1636,0.011021740548933717,0.0010454810413635066,0.013417787805945321,0.0013505662156480984,0.3801517034920385,0.7796539316662959,0.053271763139552876,medium,near,1.1118280937709282,1.3476279686791344,1.6574403664679116,3.089415433620888,tum_fr1_desk,1
2837,2660,0.0019964570271167703,0.006472888396218784,0.007979395268175019,-0.0004899501551605348,0.0,2.4240217098695997,0.014145323730912623,low,near,0.9420389452113747,1.2720254256821584,1.7124131593339065,3.1078688748410443,tum_fr1_desk,1
3929,2765,-0.0007864015018135035,-0.005284189346966613,-0.005455560655007797,0.0006150301937723192,0.017347012904459547,2.689196252854022,0.21567506430514163,low,medium,0.8988349941420304,1.2223240104137814,1.4531654684892839,2.771261328945875,tum_fr1_desk,1
2401,1772,-0.0013613913609379943,0.008223440231825484,0.0073492133111076816,0.00048716444022019184,0.05167392199338995,1.2760314929266399,0.5637283625615468,low,medium,1.070837968571441,0.8430416141005472,1.9344801400812912,2.910397974856094,tum_fr1_desk,1
4647,4500,0.0001772542673248818,-0.005307780886254079,-0.0034417327056192916,0.001688793913309905,0.0,2.1715216959864785,0.11850822516609387,low,near,0.6709649761672868,1.7594894835631854,0.7157215254722206,2.6191698241071273,tum_fr1_desk,1
2971,3565,0.0012390000982116667,0.0053099778353165265,0.005892668542297926,-0.0006563093912302666,0.04511265928576355,2.6722179008107076,0.23591166830204335,low,medium,0.8996470831045682,0.9435420110624063,1.3907037212144233,2.3946110181675255,tum_fr1_desk,1
2480,3252,0.0020557078152437873,0.005548206452529035,0.007412503777696218,-0.00019141049007660466,0.17341591546128327,1.2577656118602043,0.12112593721886628,medium,near,0.9746991901155312,1.5404270862106928,1.6566842237778299,3.249502369651555,tum_fr1_desk,1
3156,3388,0.0041132753275080185,-0.0008643604476887435,0.00162938848057982,-0.0016195263992394551,0.7023130457557636,0.1608347166767768,0.0410439347539992,high,near,0.5013634328387175,0.5819516300014584,1.9596172444584994,2.5136504552971024,tum_fr1_desk,1
3613,2749,0.006974908343961769,0.0011873693593505022,0.0032307628720997534,-0.004931514831212519,0.7076830374605226,0.2031077835825616,0.3947225169623049,high,medium,0.39576785079709625,1.4609533892038797,1.1239158568727825,2.71442467675359,tum_fr1_desk,1
1991,271,0.00898424100906664,-0.0008533567430666269,0.004377424860992754,-0.0037534594050072597,0.3158302901933955,0.8507438040208907,0.04018166296212046,medium,near,0.5383038810937189,1.6437243267133295,1.3137065051939842,3.0342197770356525,tum_fr1_desk,1
152,2964,0.0024265907128251203,-0.002041328608204632,-0.0001841215955276388,-0.0005693837001481272,0.06422100648337409,2.1424964439941983,0.2629571901440828,low,medium,-0.47667527651603975,1.928332678546392,0.5636334473103375,2.624488630483536,tum_fr1_desk,1
3494,1914,-0.00551540150879909,0.00928354975030897,0.003719541346637064,-4.86068948728155e-05,0.05594462221851274,2.1400446076037523,0.05665496857598191,low,near,0.9868386989064288,0.738537505610392,0.7702936311922219,1.6312617919685222,tum_fr1_desk,1
2292,1538,0.000627799864454902,0.0031019079139401693,0.0026141840813897945,-0.0011155236970052768,0.512406689628415,0.4191195085681535,0.00940321087837796,high,near,0.7007206773279898,0.5778429492776163,0.7132556700558433,1.4231893958455442,tum_fr1_desk,1
1151,368,-0.0035692654980056665,0.003558509010656093,-0.0018911995424744116,-0.001880443055124838,0.025185532200715406,2.0296130873867475,0.17145106674911167,low,near,193.8402085415557,1.223750630353041,1.2600089734741187,2.608418203987246,tum_fr1_desk,1
389,999,0.0016985550430419411,0.004273975848211903,0.006122940923466976,0.00015041003221313246,0.3725140261611545,0.7431715447380607,0.23718190895667016,medium,medium,1.0250120129841283,1.9505529128842194,0.5775030824869416,2.719017154536147,tum_fr1_desk,1
882,4408,0.0021996819860734523,0.004460094239963996,0.006180938770029044,-0.0004788374560084042,0.05409924620920502,1.6804858733697088,0.1515294580508338,low,near,0.9279607301424292,0.9350682979436553,1.8071210512862814,2.7990505610277805,tum_fr1_desk,1
3197,2378,-0.001246958468718726,0.005860473944876448,0.0041360165386254335,-0.00047749893753228794,0.11901889880554177,1.8933785938406469,0.7096161303630223,medium,far,0.8963057031654578,0.5182351572160802,1.511029878588189,2.132752378246322,tum_fr1_desk,1
49,3951,-0.0011988226372206651,0.00016749472243949258,-0.0007666839096598835,0.000264644005121289,0.0,2.808233573924358,0.16892013105502923,low,near,0.7441164105727608,0.8706973319920879,1.033782138888817,2.051885542835937,tum_fr1_desk,1
127,4855,0.008187860237420587,-0.003804352298607569,-0.0011166290395997714,-0.005500136978412789,0.6491382705793135,0.2627277241418338,1.2060418114193683,high,far,-0.25467602184387134,1.6772927344383204,1.6002301197381559,3.3907148043889213,tum_fr1_desk,1
4520,3802,0.00019812676709800108,0.0018635503018014962,0.0024498473265674877,0.00038817025766799026,0.0,2.932457487502141,0.03265041725722598,low,near,1.1877027982254913,1.3332431361587902,0.7847229544582339,2.219902441635505,tum_fr1_desk,1
4314,4764,-0.0019857136220328368,0.00218437402093173,-0.0005628529425093266,-0.00076151334140822,0.1489382032475376,1.8361738741824938,0.29884416988207824,medium,medium,-2.819051477475769,1.324409402796135,1.5346682738721817,2.973362166681677,tum_fr1_desk,1
1306,3849,-0.0033336055441310795,0.010828546332252015,0.009540758076209221,0.0020458172880882856,0.09084836562976964,1.4011655244213634,0.028984743097566587,low,near,1.272789946704058,1.5556884664857615,1.0598897216941383,2.754130134177563,tum_fr1_desk,1
4757,2994,0.011743354788607429,-0.0007925737104694359,0.011120222908997678,0.0001694418308596864,0.0,1.7714930536082147,0.0006061673102299199,low,near,1.015380313910395,0.761122512967144,0.675599062136253,1.6444882125129276,tum_fr1_desk,1
816,82,-0.002887810627363435,0.0009254482242496091,-0.0028269281303921275,-0.0008645657272783016,0.08274185120851725,1.7833783197727355,0.3623336056713244,low,medium,1.4413084118998836,0.5230923375369627,1.3743890852063947,2.0822508456659556,tum_fr1_desk,1
1364,4462,0.0014511524809192882,0.00448742628652829,0.004918914428755462,-0.0010196643386921156,0.05080055762660793,2.527414739660059,1.1317690427056992,low,far,0.8281588007072213,0.6528396513094052,0.512479913340788,1.2221000111044842,tum_fr1_desk,1
2259,3751,0.001295360428611901,-0.0001838211861910871,0.0028611231466262347,0.0017495839042054207,0.0,2.184171062657503,0.002728619882168583,low,near,2.571705372298253,1.4565323703439033,0.8630331199713158,2.4886381942497433,tum_fr1_desk,1
1361,1573,0.007297402650866695,0.004562332580951935,0.005104849461346412,-0.006754885770472218,0.6948846130526489,0.19755480162228106,0.07275310795678061,high,near,0.4303990740516409,1.3956436552800797,1.3922048220166845,2.813941122906681,tum_fr1_desk,1
690,493,-0.0036570680563180443,0.0013297670837140228,-0.0026667192463377403,-0.0003394182737337185,0.14447433504840146,0.8857490491535455,0.46361446635151904,medium,medium,1.1463345791205428,0.8800357550894922,1.9814893885118776,2.8370970305117957,tum_fr1_desk,1
444,3641,0.005416644964055348,0.0009534309021031922,0.006654944509648958,0.0002848686434904174,0.0,1.774124283784407,0.13787293606594414,low,near,1.0445558410312223,1.843019133729754,1.4996945712902536,3.431170386327769,tum_fr1_desk,1
2559,3769,0.009266303316605173,0.006153549252480447,0.015958176591482548,0.0005383240223969266,0.0889906515116442,1.311423934424845,0.17531232597119256,low,near,1.0348439893313104,0.5960095199129314,1.7371148560205114,2.442336771630648,tum_fr1_desk,1
2668,802,-0.001451933130693381,0.0020204650383772813,0.002012163911152715,0.0014436320034688142,0.08094367990817108,1.4987324016803374,0.3194143527360369,low,medium,3.5330134870503143,0.8903548969778441,0.7392383938120375,1.7567285106887178,tum_fr1_desk,1
2591,566,-0.0031942989489344023,0.0014793792288773872,-0.0032578826552708846,-0.0015429629352138696,0.1191496433930458,1.6824715542039557,0.08826390538325023,medium,near,1.9008373712874416,1.808953703820253,1.7421752435095141,3.658905068627517,tum_fr1_desk,1
661,2472,0.001372728699985499,0.003639397620796787,0.004030202693806901,-0.0009819236269753855,0.2287169072288018,1.095553598939512,0.6270159332678361,medium,far,0.8039300101215078,0.6538519438753847,1.0890961149071243,1.8517086297279346,tum_fr1_desk,1
1700,3670,0.01692629501301705,0.004088368492418932,0.020625261962405782,-0.00038940154303019855,0.0651099934713666,2.5218297058128205,0.5871975020416285,low,medium,0.9814233063386641,1.4158201325231368,0.7405481091796147,2.3359134869479776,tum_fr1_desk,1
3067,114,0.004777563231711242,-0.002593432557430472,0.004673409020798132,0.002489278346517363,0.3414951439663398,0.7273145742242076,0.052793126052226476,medium,near,2.1387320565331285,0.6253315062660346,0.5286934496559306,1.2185459631845066,tum_fr1_desk,1
4507,2410,-0.004292524553376672,0.002528747397221764,-0.0019098639776865879,-0.0001460868215316796,0.0,1.842870415132175,0.08445128397713608,low,near,1.0834403946171594,0.8513050563895013,0.829330884844703,1.7509896145818031,tum_fr1_desk,1
2977,4188,-0.00846053614812612,0.009064170283849461,0.00038286249046514873,-0.0002207716452581923,0.2325764328123202,1.3153857836189258,0.36334565050051376,medium,medium,0.6332134886944804,0.7575408615581743,1.2501691281149405,2.1584713942563685,tum_fr1_desk,1
1348,4400,0.000793844668513243,-0.003069479761462689,-0.00317098141531247,-0.0008953463223630242,0.06789670710586755,1.836631773504064,0.03739830864160432,low,near,1.3940615904244937,1.5381104705365534,0.8093781707542289,2.4270835993327715,tum_fr1_desk,1
1167,3893,0.007462492690426765,0.0055797620884195055,0.014376605104795569,0.0013343503259492992,0.04063760048748606,2.856753984740759,0.5841219424784794,low,medium,1.1022252764786704,1.5098696590317973,1.1121785852388846,2.7089204325923104,tum_fr1_desk,1
717,3484,0.003820335142842073,0.003403182022450682,0.006117275859257665,-0.0011062413060350907,0.11087222470487562,2.516547224461384,0.5167624365994338,medium,medium,0.8467383659416882,1.0004425937552985,1.687337303887055,2.8489583417632844,tum_fr1_desk,1
2339,3406,0.003668639317809365,0.0005119451894165261,0.004117059932610536,-6.35245746153551e-05,0.0,2.6535516364784244,0.14722166101054485,low,near,0.9845693481731973,1.7053064891939052,1.852661042819343,3.644182422367205,tum_fr1_desk,1
3804,2370,0.006703480719113411,0.002957696497224151,0.006071618647738076,-0.003589558568599487,0.6403807854467931,0.2686109965958579,0.1412262589191605,high,near,0.6283903215386808,1.9957735308544255,1.3385889274199032,3.50167137145566,tum_fr1_desk,1
670,1505,-0.0011768119441281466,-0.003948333295451806,-0.0073603636031815255,-0.002235218363601573,0.16910910099026918,1.148973157590675,0.18721986493994439,medium,near,1.4364080756978865,1.584106628358207,1.485094227082412,3.2017769550075945,tum_fr1_desk,1
3385,3571,-0.003688428352124083,0.003342669932324044,-0.0005525646366375116,-0.00020680621683747237,0.767006584946374,0.24606681104000278,0.43639129677299376,high,medium,1.602758931770254,1.6276204885937606,1.7045031079367556,3.452855995785755,tum_fr1_desk,1
2946,1812,0.004048813979797487,-0.0023054395508678525,0.0022722057307426546,0.0005288313018130199,0.02353841484287998,1.8803976659033135,0.06506465833825106,low,near,1.3025905981303008,1.8356142758289926,1.624966697678106,3.570445586788659,tum_fr1_desk,1
3591,615,0.0035565433672144244,0.0059206379543235025,0.009384782882934577,-9.239843860334836e-05,0.08716109653259661,1.7574799258102247,0.30022088637942174,low,medium,0.9901459535922664,1.5745956679371484,0.9064140474745481,2.5201536952940513,tum_fr1_desk,1
857,4886,-0.0034481651867119415,-0.0019238095406385169,-0.00668545887891501,-0.0013134841515645523,0.40097438280170805,0.6839922792573678,0.2122101298675896,medium,medium,1.2447384726781234,0.7818805712229846,0.6154575040713111,1.4519502662869497,tum_fr1_desk,1
4251,3988,0.009596419618208844,0.007541688433185752,0.0163347284358708,-0.0008033796155237948,0.3083324537238916,0.8522408162844239,0.3536464524607246,medium,medium,0.9530675917841394,1.4545614223000616,0.9867677002630131,2.5386877223343363,tum_fr1_desk,1
4487,768,-0.0030665791779886297,0.0055059316303518666,-0.0010256941771737815,-0.0034650466295370183,0.10899763928412959,1.806144634486093,0.5061221145868903,medium,medium,-0.4203057538596523,1.6670378647169797,1.6412769963961726,3.3608436447768644,tum_fr1_desk,1
2103,365,0.00917367489832172,-0.006499798603415107,0.0025649539879646238,-0.00010892230694198952,0.13474973068661936,1.2749608683854194,0.658022656732851,medium,far,0.9589056484027695,1.7871805913766554,1.6756585835258737,3.618399142735193,tum_fr1_desk,1
2505,1474,0.00035276106826454315,0.0056593535214414774,0.0066567428360237175,0.0006446282463176967,0.0,2.70783464228688,0.2579039395531996,low,medium,1.1070374157544807,0.6008838709510518,0.6423769052325046,1.3811002101829055,tum_fr1_desk,1
2850,165,0.0050623439700680116,0.0015133159066865862,0.008005253990543368,0.0014295941137887703,0.49653953070934037,0.4337379759953935,0.006804351984764374,medium,near,1.2172218330520905,1.3492710368376062,0.969166983815531,2.3885595888647893,tum_fr1_desk,1
4478,18,-0.0031586728989825563,0.0075668025297196935,0.0014177562454907068,-0.0029903733852464304,0.5056122051673211,0.44130150392281187,0.8361949643750051,high,far,0.32155013896783075,1.1222226790834209,1.1035024328559992,2.292432441527724,tum_fr1_desk,1
3262,1338,0.0011542441212833972,0.010843858916297102,0.01240538626916685,0.0004072832315863502,0.14113119110016428,1.198229891490776,0.07797161736125233,medium,near,1.0338594668546386,1.893709280023194,1.0128579171582355,3.0145251444480348,tum_fr1_desk,1
1098,2324,-0.010585715710481225,-0.004788954476289384,-0.014250044687654747,0.001124625499115862,0.09813520829804318,1.507735628381754,0.8436823685776454,low,far,0.9269123452327754,1.256005645394489,1.923801039771337,3.257926272327978,tum_fr1_desk,1
1678,615,0.0072937191495740464,-0.0005969649320718804,0.0067919107401846306,9.515652268246423e-05,0.061291895660256925,1.9505573347698941,1.0977688664541996,low,far,1.0140579244362864,1.6216915246390586,1.715387880049297,3.399652097957319,tum_fr1_desk,1
1141,4627,1.1479430465410716e-05,0.011099744252748352,0.011453561517703385,0.00034233783448962146,0.031566450331776325,2.019893745229301,0.00579915123619231,low,near,1.0307173293321346,1.66865387959368,1.414546137728924,3.2255259219089707,tum_fr1_desk,1
1610,2923,0.004498832192480113,0.0022175733432173305,0.0061990494055310045,-0.000517356130166438,0.1347287841558103,1.491062116346721,0.15419277416233215,medium,near,0.9228338787331202,0.9155187864889682,1.881961268319463,2.839929350627456,tum_fr1_desk,1
954,1262,-0.00032902784559081435,0.0012458114421665233,-0.0023812268021520216,-0.0032980103987277306,0.7657937789339537,0.14364410785031645,0.2800668950439077,high,medium,-2.5945405987168257,1.821459508459486,1.8243722247780831,3.689300966490693,tum_fr1_desk,1
3294,1230,0.005113556119501343,-0.0030651475480507487,0.0005402961750928898,-0.0015081123963577043,0.10150907380280744,2.4102166246267607,0.6477618480022278,medium,far,0.2636351690041299,0.8243405136916695,1.5368177140798105,2.445259749449737,tum_fr1_desk,1
2775,4659,-0.0005821482194378587,0.0010176670828595143,0.0007439689717531704,0.00030845010833151476,0.029543006228334272,2.9272622437632583,0.8340180803378902,low,far,1.7043226171752703,0.627655229179678,1.07839638877,1.797212909793889,tum_fr1_desk,1
1083,649,-0.005743091494318733,0.008159922356348178,0.0020054410320019546,-0.00041138983002749076,0.0,2.9566463052474923,0.05446441332097398,low,near,0.8294380982128151,1.4458714123746383,0.8295601855871007,2.351229116142388,tum_fr1_desk,1
4106,2011,-0.0018499803309872864,-0.004480583321249472,-0.005998498403072352,0.0003320652491644065,0.028038391233063113,2.038282914029905,0.12585938834026772,low,near,0.9476954072422649,1.7969883827872102,0.732387966715164,2.6278043909836355,tum_fr1_desk,1
3216,3136,-0.002242143170954073,-0.0033461083264487964,-0.008747929804979907,-0.003159678307577038,0.1298705522414795,1.4615635429550877,0.4549974980477726,medium,medium,1.565694654884646,0.5047113590721832,0.7613651024680693,1.3097718660988917,tum_fr1_desk,1
2153,1294,-0.00742883459377121,3.099065778246679e-05,-0.008033401777393145,-0.0006355578414044034,0.01854061433727551,2.476024572996795,0.18398567399685103,low,near,1.086058033252166,1.5875091144486781,1.3614313626353165,3.105414156551192,tum_fr1_desk,1
3109,1234,0.005408453449519024,0.00958406433564937,0.012449019602212919,-0.0025434981829554736,0.03235212088639748,2.824236661537203,0.0047849084457948195,low,near,0.8302934495150635,1.4840825329635559,1.3393682816980128,3.022807363195074,tum_fr1_desk,1
1881,269,-0.002007294853648641,0.003654054626298784,0.0009379746924036036,-0.0007087850802465393,0.04562460415575674,2.4091678451752228,0.1614309732995268,low,near,0.5692423786357097,1.2707761018648969,1.8549470215635657,3.3121788618319394,tum_fr1_desk,1
1757,1666,0.0023713962204142433,-0.004166344131484384,-0.004579598691447034,-0.0027846507803768934,0.11345310116369617,1.6803536899414073,0.13964731041842451,medium,near,2.5528047181231552,1.3563161252592144,0.7779055330749856,2.2543260712443467,tum_fr1_desk,1
348,3908,0.004209930031975154,-0.00015192738198508077,0.0034990855040178074,-0.0005589171459722663,0.20679741802597978,0.8928373245996266,0.14078432392644946,medium,near,0.8620554864694076,1.696598395022321,1.0510860930456056,2.853493142271754,tum_fr1_desk,1
2686,2985,-0.0022244922670523687,0.004599995378989053,0.0006542072878043003,-0.0017212958241323837,0.3007900501921002,0.7004875771351591,0.0738497889335233,medium,near,0.2752814774440447,0.8948710197770168,0.5009800861419493,1.5227970651761527,tum_fr1_desk,1
3545,1134,0.004674086681729551,0.00814490251244531,0.01163510401812236,-0.0011838851760524996,0.026452954833071522,2.2632840036195847,0.1297981975453028,low,near,0.9075751813744987,0.6406647893855247,1.2291957278223862,1.923035198468431,tum_fr1_desk,1
870,4108,-0.001338897782344431,0.0016521089553938693,-0.0007762751884757579,-0.0010894863615251963,0.16234557719632214,1.4255832681724656,0.4288553240711595,medium,medium,-2.470552466170952,1.1449778211815895,1.3953660358199842,2.5796467716937044,tum_fr1_desk,1
2431,4512,-0.0006312392825871056,0.00894168889104224,0.007200446036569208,-0.0011100035718859267,0.0,2.4912815042084384,0.21436074303316813,low,medium,0.8663285438492323,1.4226937108117998,1.8659085758216327,3.4140157186171622,tum_fr1_desk,1
1344,3303,0.021631188532181635,-0.0018869503792945234,0.019006618333574875,-0.0007376198193122331,0.24441784909519726,1.041220824020821,0.18802953767396643,medium,near,0.9625925089587114,0.783708650034477,1.8835512270051544,2.771581302893553,tum_fr1_desk,1
3276,1299,0.00221176065383716,0.004746075912500232,0.008434562231357613,0.001476725665020222,0.11728910163681702,1.8739578563266248,0.21459988833699636,medium,medium,1.212064998358904,1.1431464366720252,0.5806729462660669,1.8222973663629538,tum_fr1_desk,2
1996,3427,0.0014878911699151014,0.005357655858645267,0.0059657190177906955,-0.0008798280107696728,0.11288912944868326,2.2071892385747565,0.4405724810000797,medium,medium,0.8713471174454365,1.0124616690359027,1.4726968353503556,2.6045741046574307,tum_fr1_desk,2
142,4287,0.00025280336391522045,-0.0018628437437812036,-0.00010449518796015484,0.0015055451919058283,0.0,2.456448872847057,0.19241452513756335,low,near,0.06494255163991486,1.7818210898032705,1.0100065790898383,2.9187091640406027,tum_fr1_desk,2
888,3338,0.00414093123905288,0.004694156113960292,0.008403043588039038,-0.00043204376497413445,0.06506060109507412,2.377617391416996,0.038045575931512095,low,near,0.9509914572283554,1.2771157477963415,1.6220241150491037,2.96277445970693,tum_fr1_desk,2
1936,962,0.004052148765972512,0.0029783703161548915,0.006134404053690819,-0.0008961150284365853,0.0,2.229293353366994,0.3574082514732263,low,medium,0.8724151896683525,0.7893058530344215,0.6390722162154048,1.5940928197757138,tum_fr1_desk,2
2244,18,0.0026583471731769373,0.003555549955715976,0.005816701812746926,-0.0003971953161459876,0.0,1.7150289339502558,0.2753249364741749,low,medium,0.935928896667527,1.42579134067545,1.9547282969506772,3.425406150603335,tum_fr1_desk,2
3380,739,0.0023849157070357702,0.0026203636285974676,0.003955623836723297,-0.0010496554989099412,0.09605924217874061,1.7955650582325815,0.29295522148910763,low,medium,0.7901324659549694,1.4037037556858998,1.2346788019823611,2.635484219998423,tum_fr1_desk,2
3732,2283,0.0037810835490723112,0.004765745781896046,0.011393720920618263,0.0028468915896499064,0.38035548516223283,0.5980420163611881,0.026638311820318894,medium,near,1.332937343442198,1.156575237400312,0.915131197926963,2.1329756868263456,tum_fr1_desk,2
377,1680,0.004753938675583819,0.001026616688210014,0.005809012944976992,2.845758118315888e-05,0.0,2.7718031618305377,0.4008314546132487,low,medium,1.0047491685983165,0.5550694152246,1.212153509065477,1.8970660333437899,tum_fr1_desk,2
800,2779,0.0008384775313191525,-0.0009888016638821434,-0.0031999364392372464,-0.0030496123066742556,0.22905188051578088,1.0075970471049767,0.33511475008194075,medium,medium,21.429466117188973,0.9220259327807625,1.1863629983756476,2.1823636857578808,tum_fr1_desk,2
4625,2276,-0.0015753161031871318,-0.001049503814359612,-0.002426139907999337,0.00019868000954740688,0.050087740788993584,1.539488781187911,0.011142710180925408,low,near,0.9246594599631531,0.579115928243326,1.751246162312662,2.4892393267944675,tum_fr1_desk,2
342,435,0.0009371068600571599,0.0016944904312431695,0.001396316796534055,-0.0012352804947662747,0.04440799276160136,1.7539585878795445,0.2538245176801948,low,medium,0.5303951353092695,0.6599354284048968,1.0501974809694026,1.7540252474802496,tum_fr1_desk,2
2187,4887,0.005535229470670354,0.015743224672419436,0.020397042597233985,-0.0008814115458558071,0.3233096233992813,0.889571127798809,0.3467210412247876,medium,medium,0.9585322283211687,0.9350660422669799,0.8021958815802994,1.7998930124099646,tum_fr1_desk,2
3326,3659,-0.0006568193343184443,-0.0027506787644175357,-0.006534789852195869,-0.003127291753459888,0.423630954080765,0.5571420452949579,0.23777404588591824,medium,medium,1.9183306911636548,1.2729577819915652,0.6535506268748139,1.9917842650732682,tum_fr1_desk,2
253,328,0.0031974473405638982,0.003998245527094838,0.007763621363437231,0.0005679284957784941,0.10897839747412695,1.6218397603341133,0.00318215406185124,medium,near,1.0787762526765896,1.0911352291617546,1.7764278491102001,2.9538542026037335,tum_fr1_desk,2
1798,2971,0.0015453591358816242,0.0068099359453592054,0.007404384351553597,-0.000950910729687232,0.04072926432222183,1.9636147124042254,0.688530702488815,low,far,0.8860845960521201,0.9645375666577837,0.8026924223786853,1.8831560392764128,tum_fr1_desk,2
1008,4314,-0.003946162325385646,0.007269928855914381,0.005563415740494033,0.002239649209965297,0.402741672733394,0.5929320775481299,0.07677346377100026,medium,near,1.6733252363465312,1.4249329672479125,0.560500778207678,2.0672779123978122,tum_fr1_desk,2
255,1007,-0.008037284303725049,1.5808896276774988e-05,-0.008608258436957759,-0.0005867830295094854,0.037169532400534805,2.858682172376125,0.12550391090242152,low,near,1.0732853103649735,0.5131658179218942,1.0731993632389818,1.7360819851547724,tum_fr1_desk,2
569,2637,0.002032320935987986,-0.0007867749182769415,0.00324094304979397,0.0019953970320829256,0.22336381019414162,1.2389423682840732,0.038604654458939285,medium,near,2.5999385532072967,1.965448319189934,0.7803971441621704,2.81445079646294,tum_fr1_desk,2
654,2446,-0.012459162994751034,0.0012051523036505966,-0.010584139236341777,0.0006698714547586605,0.012848541721638455,1.9040814021968018,0.07268094748792985,low,near,0.940560666552317,1.9962771967590125,0.5486766151860136,2.6550310120349976,tum_fr1_desk,2
4753,4002,0.0011922200818705576,-0.0011243820888277509,0.0008402203702123979,0.0007723823771695912,0.33302796957202807,0.884158098327291,1.1267319816682393,medium,far,12.205765058982902,1.065802673686458,1.702760252679209,2.9213058798262113,tum_fr1_desk,2
3407,3140,0.0010655708480967457,0.01230411400567673,0.010144423731297198,-0.0032252611224762775,0.3045497024333797,0.8582669055519034,0.26972404858752125,medium,medium,0.758706367118827,0.863816414874456,0.937540176082379,1.8997220751067752,tum_fr1_desk,2
2262,897,-0.002412295241161243,-0.005117853210905638,-0.0064739643124407855,0.0010561841396260951,0.060344540826268334,2.008041078944892,0.3362922186322586,low,medium,0.8598534553616844,0.524990706866324,1.008417163022673,1.665215644140969,tum_fr1_desk,2
3438,4573,-0.00611766692199203,0.002192518228174044,-0.002606680393249577,0.0013184683005684093,0.10556264192157802,2.2634757886688703,0.11163027805251034,medium,near,0.66426646812749,1.2003171486846567,1.0395797928654045,2.342250525890455,tum_fr1_desk,2
4020,3155,0.003941878646150842,0.001525878843595639,0.00543323568991517,-3.452179983131104e-05,0.004136910492687024,2.1066404501565335,0.23936387150099891,low,medium,0.9935045940695099,1.125746418463553,1.8166241072939373,3.0686973599411056,tum_fr1_desk,2
18,364,-0.0003870535309640024,-0.007309750674370237,-0.010599342991610843,-0.002902538786276604,0.121852917966497,1.4347501838683114,0.5852781594141686,medium,medium,1.3772885469544636,0.6936068703963222,0.9467890975853168,1.71020146219885,tum_fr1_desk,2
2738,1216,0.0010190592707376698,-0.0013557180338156071,-0.0005412800510042828,-0.0002046212879263455,0.023679625300686194,2.470606710850662,0.11979896703553256,low,near,1.6125902569646362,0.5787225651495913,1.1753544300089258,1.8154997408109428,tum_fr1_desk,2
2194,3555,-0.004387679110664774,-0.002860761991013307,-0.008444102725877967,-0.001195661624199887,0.459552625980537,0.5936891210027923,0.012047252046000035,medium,near,1.1651150533562544,1.4088452227692245,1.1425277008532695,2.595975840076744,tum_fr1_desk,2
2266,91,-0.002846388436660752,0.0027734837467266174,-0.00042036512407737404,-0.00034746043414323954,0.13214103103985153,1.8480423784647007,1.2957180659775123,medium,far,5.846143338667244,0.8763102075741658,1.264484676205641,2.2439286862879055,tum_fr1_desk,2
1407,1216,0.002449280814566911,-0.013038161698468786,-0.011101566436496445,-0.0005126855525945712,0.29885909943762834,0.8721482319891511,0.9573189122828225,medium,far,1.0485163705775717,0.9238254012779583,0.9185124355216949,1.8878274164596818,tum_fr1_desk,2
372,2248,0.008164605475236234,0.003684964554472021,0.0100788052275829,-0.001770764802125356,0.2480274573694831,1.207187772494464,0.1328355178776563,medium,near,0.8504911748815704,0.5958514130725607,0.6115019133291072,1.39852789986664,tum_fr1_desk,2
2810,1104,0.0008104962411541227,0.0003976872512017808,0.002392075834935054,0.0011838923425791501,0.29794178395512183,0.8100143963524111,0.17932037867368628,medium,near,1.9782571049448179,1.993132269388184,0.9312667990756385,3.0695710115882124,tum_fr1_desk,2
2842,1099,0.0016180518186658332,0.0012624021769097194,-0.0006510656418502311,-0.0035315196374257835,0.5595893711414794,0.35608121343077637,0.33078903045246155,high,medium,-0.22595038576008386,0.6999902245138627,1.7777688887583318,2.586628071817918,tum_fr1_desk,2
1903,678,-0.008499366161095234,-0.002502146127322448,-0.011298621235616223,-0.0002971089471985412,0.06309878955967294,2.264265447395173,0.08075491418949256,low,near,1.0270995513102072,0.7730946933227831,1.2692943190654868,2.125556682170006,tum_fr1_desk,2
1278,2594,0.00019984251502521235,0.004621020854507734,0.004972222414603863,0.00015135904507091662,0.13741313213658005,1.3778240831208375,0.14768380858131805,medium,near,1.0311827676455878,0.6971185742829027,0.8937275118508865,1.7727856827004855,tum_fr1_desk,2
3230,3350,0.005050293837781017,0.006014020291066104,0.011506499721819313,0.00044218559297219207,0.1885964481672865,2.0858631971619235,0.5450301423623143,medium,medium,1.0398710409695489,0.740950418927826,0.7595358046267465,1.5840804568961455,tum_fr1_desk,2
4681,2064,0.0004736697381744978,-0.00015336650088553427,-0.002193673048691635,-0.0025139762859805984,0.5657024506565043,0.3639147005633916,0.41266277977805105,high,medium,-6.827422802213346,0.5718708018700006,1.9227804912708728,2.5989073960057643,tum_fr1_desk,2
4409,3250,0.009974767257026602,0.005895149338150647,0.016132131327414104,0.0002622147322368549,0.0,2.162154845948086,0.28043144881164084,low,medium,1.0164587048687679,0.5961420665542632,1.3942139743248454,2.0598592261567754,tum_fr1_desk,2
3905,3075,0.00454304186616721,-0.0001515465997732118,0.0038016865732940566,-0.0005898086930999418,0.8041866922525874,0.1395437263223626,0.07361212385475933,high,near,0.8654958839409372,0.7006672174909521,1.9299607513735588,2.7909583766077066,tum_fr1_desk,2
4354,2371,-0.005635839282948238,0.003279148242171968,-0.00564084751896503,-0.00328415647818876,0.255108016260421,0.8498696474727349,0.42854546424828505,medium,medium,2.3945616896799016,1.7993405458680152,1.8073788242936097,3.7081657133647026,tum_fr1_desk,2
2024,2817,-0.003685893879012801,-0.002464147986590398,-0.0063831718027959105,-0.00023312993719271167,0.12362780362994971,1.542481110431862,0.5590361033904065,medium,medium,1.0380758404821406,1.0395133418346016,1.5308515151910242,2.650545081016803,tum_fr1_desk,2
4537,2443,0.0011551739666874452,0.0019006318231584423,0.0005307673115526909,-0.0025250384782931966,0.21063106038613544,1.0216688444411235,0.3546414166024415,medium,medium,0.17363461994078797,1.7174405216672803,0.9408751407574006,2.8101308070283046,tum_fr1_desk,2
172,4354,0.006659672711581548,0.00748326134383048,0.01298924177407217,-0.0011536922813398585,0.04581572601575319,2.96273699332099,0.28223797574694914,low,medium,0.9183613076237422,1.8726476817350448,0.7345432124673126,2.7282963238768527,tum_fr1_desk,2
4934,4076,0.009784409182733461,0.0026525780650204786,0.014209674516227984,0.001772687268474046,0.0,2.1805374910872564,0.057405067107924604,low,near,1.1424416373150712,1.166941486870857,0.5406217005050766,1.8269387777895525,tum_fr1_desk,2
4845,1093,-0.0027019945824217663,-0.0008038045348993015,-0.004350927728147668,-0.0008451286108266001,0.04199359954195758,1.5371918836593932,0.18707817360404178,low,near,1.2414200022606,0.6999263871232597,1.891618599613111,2.7117556300002374,tum_fr1_desk,2
2180,3046,0.005579363723454798,0.00502342048474801,0.010602227912447972,-5.56295754835241e-07,0.0425248279985537,1.90380052504092,0.173222680050394,low,near,0.9998532320420448,1.6471643631876338,0.8983363970186204,2.617096115727417,tum_fr1_desk,2
2397,1932,0.0019876008443841966,0.007580940322169242,0.005318978447758915,-0.004249562718794524,0.22626382239008602,0.924785889379773,2.0875561202773927,medium,far,0.5558237699367771,0.8304910901563738,0.6548249733184994,1.5675882120400226,tum_fr1_desk,2
922,2175,0.01515720202713259,-0.002847517529229947,0.012735278751365438,0.00042559425346279633,0.048341842330008274,1.9661902199330374,0.6074850794090043,low,far,1.034489898066605,0.6129180749775105,0.6685955407640194,1.4369157586606915,tum_fr1_desk,2
4277,4732,0.006594993786284243,0.0013654109798501963,0.004135635976533774,-0.0038247687896006653,0.5722587289551964,0.4439259878242108,1.0469190779249884,high,far,0.5194605849115471,1.180889204632694,1.2604994302150212,2.5771749518005556,tum_fr1_desk,2
3040,2068,0.00259738170487857,0.000808644810968741,0.005063168980775011,0.0016571424649276995,0.05699906197844134,1.4188012631794578,0.4669058264173603,low,medium,1.486096147835769,1.9972998614984263,0.6124400652050196,2.765020582350882,tum_fr1_desk,2
595,1986,-0.006697009859683686,-0.003262400384982065,-0.014189217302208955,-0.004229807057543203,0.8566341141119277,0.1138544059736016,0.6343949551442946,high,far,1.4248476366807086,1.2713405168989664,1.3087866192704496,2.7218983597640687,tum_fr1_desk,2
3185,501,-0.0018189434999744125,0.0011780461746354726,-0.0031029702970923117,-0.002462072971753372,0.6923350724511044,0.2395037987785214,0.2694586821673736,high,medium,4.849169037311939,1.1954331115151748,1.6764069489600755,2.9840386673890342,tum_fr1_desk,2
1280,3727,0.0009970109253453422,0.004675225958519992,0.006400472712953783,0.0007282358290884481,0.04493600055370231,2.7459350564492992,0.3607264600661803,low,medium,1.1281871079906258,0.9603966094718488,0.5856415068619156,1.7103965059912583,tum_fr1_desk,2
3901,4453,-0.004050785121153437,0.007006832281454312,0.00215338577006716,-0.0008026613902337146,0.031237351402769592,2.677954837454419,0.17882670083836286,low,near,0.7282216526597622,1.5061475381645537,1.7318891305592683,3.334175796550425,tum_fr1_desk,2
3342,1417,0.0035542909539740567,-0.005893376009514947,-0.001978624638705632,0.0003604604168352583,0.4234196520753024,0.6178547943756899,0.014998657523670385,medium,near,0.8462586226350517,1.7655931890653862,1.1570661138580756,3.052497235238554,tum_fr1_desk,2
4507,4773,-0.008118269890060837,-0.004368587003627247,-0.013238766656834643,-0.0007519097631465594,0.42011039181052345,0.6052849893186846,0.0610937071557523,medium,near,1.0603010085376818,1.7605222663827622,0.526247320981083,2.355475360818771,tum_fr1_desk,2
1065,4771,-0.006902285760032566,0.0037051925525377373,-0.0027061778585681694,0.0004909153489266592,0.008251105915448005,2.984586115993023,0.09049499484444491,low,near,0.8467143111540649,1.757599457138285,1.5734310754576786,3.4646484930401384,tum_fr1_desk,2
66,636,0.0035986695723694033,0.006921157212309743,0.00813442351142239,-0.002385403273256757,0.1848518912714756,0.9521498582868088,0.4271851362908164,medium,medium,0.7731734090773233,1.269253043652713,1.0149514537936115,2.3940189558370624,tum_fr1_desk,2
4844,3549,0.007445046622732256,-0.0014939380926372748,0.004058508380608677,-0.001892600149486304,0.7316121817702492,0.2588347362329646,0.33518415923371264,high,medium,0.6818606146188523,1.2458437925299937,1.9254605206042719,3.2475115463045943,tum_fr1_desk,2
3618,1559,0.0016534898531444346,0.005154872449155489,0.006310753935737584,-0.0004976083665623393,0.0,2.3349876453643765,0.07366617687529634,low,near,0.926776055608918,1.2253618785558011,0.52197069090873,1.85400667086829,tum_fr1_desk,2
1322,2441,0.006405733604066845,0.002006628443672036,0.008763382043098452,0.00035101999535957096,0.4230949213444546,0.48251294362153474,0.051151251698698406,medium,near,1.0416028685528445,1.5251441227359057,1.3905269298630998,2.975412465011862,tum_fr1_desk,2
675,1823,0.007384240723288402,0.00120663247260374,0.008568459826945438,-2.2413368946703474e-05,0.3575814291642636,0.813936734823677,0.6329616236609424,medium,far,0.99727494011924,0.8346295017934623,1.318502997452952,2.189846866637935,tum_fr1_desk,2
3605,3799,-0.003934966941528723,0.007289070904103981,0.0018011244514017522,-0.0015529795111735058,0.3745668336909974,0.605492448505464,0.04659920094267115,medium,near,0.536831189582356,0.6569906605197218,1.1344153156123367,1.8705344570325868,tum_fr1_desk,2
2431,1582,0.0037202696078173325,-0.003717797298827502,-0.00030424082814120654,-0.0003067131371310371,0.6294275792363958,0.3379496124215252,0.05476196234106525,high,near,-87.61916898301482,1.3059135105020572,1.515686395223846,2.8585393131332877,tum_fr1_desk,2
2003,1537,0.006863088213538711,0.0014473220149615901,0.007431936427158241,-0.00087847380134206,0.09968556196156428,1.730016912629799,0.3365276508482607,low,medium,0.8941847680281388,1.9699331710374177,1.9784011009292004,3.9937894424679796,tum_fr1_desk,2
3408,505,0.005971505659885032,0.003083415594821431,0.008014727534890565,-0.0010401937198158979,0.0013618439984084442,2.7350785662268544,0.14478488005210882,low,near,0.8850261955099513,1.1566475824821927,0.9655563336621801,2.3194636698582194,tum_fr1_desk,2
4727,681,0.0026609323475744314,0.0014264143793771048,0.004029956023949993,-5.739070300154241e-05,0.03047935423389155,2.2254227522100103,0.09359130937898551,low,near,0.9857177712896475,1.8683123551722884,1.4497680123436585,3.370131555339224,tum_fr1_desk,2
4157,4969,0.006364591736666434,0.0016030578779714856,0.007430003856858103,-0.0005376457577798166,0.04291460050072149,1.8989223781998772,0.047381149797394745,low,near,0.9324043867118519,1.4784216692276693,1.1077957138629946,2.7189875745831755,tum_fr1_desk,2
926,4652,0.0007785953011173296,0.0041714803799768,0.003720892083293714,-0.0012291835978004162,0.06729581568354076,2.468047158202354,1.0095924630091235,low,far,0.751532055448492,1.8737215222861159,1.2543132800983774,3.2083111677130924,tum_fr1_desk,2
4525,4675,0.003597963248975023,-0.000982057039844398,0.00011719083028506995,-0.002498715378845555,0.2638158832241015,0.8515669167496303,0.5077737825951573,medium,medium,0.04478220498548264,1.0133382871683567,1.9720750013619202,3.07433645865109,tum_fr1_desk,2
1645,57,-0.003934406147970357,0.0005079686403807822,-0.002594820721409171,0.0008316167861804036,0.0,2.9592215519868996,0.021793368578988073,low,near,0.7575151249030098,0.584938336066337,0.6805672242583007,1.4017819789765371,tum_fr1_desk,2
3906,4492,0.0026833593558144133,0.002794159698644459,0.005477740570855872,2.215163969999024e-07,0.0,2.9520183493434855,0.13426432753478587,low,near,0.9998579025471552,0.691717766540574,1.3733561732038795,2.247646431258216,tum_fr1_desk,2
2705,596,0.002489816322380633,0.0003098097954502693,0.0011933883503562465,-0.001606237767474656,0.0,2.5838504305079466,0.6649819028538444,low,far,0.42611484009173317,1.7204132200510338,1.5724292353276657,3.409618766659935,tum_fr1_desk,2
1633,4920,0.0009726749018563741,0.0004919893317847698,-0.0005505194307165932,-0.002015183664357737,0.05780451746909035,1.9489734286585905,0.09736372007012187,low,near,-0.3756108787269373,0.7591351343693149,1.4329711851408111,2.2593374437067415,tum_fr1_desk,2
4324,366,0.00669837124013951,0.008214566912000652,0.014951010308239416,3.807215609925277e-05,0.21071733468085058,1.062964479244989,0.1714343334003216,medium,near,1.0024857388921071,1.2877308411674426,0.7994432114898763,2.228814002834588,tum_fr1_desk,2
3022,3483,0.00623368788765669,0.001795785162419591,0.005548837908581272,-0.0024806351414950103,0.43066921816836795,0.574757973266774,0.13002982468431837,medium,near,0.6909727327369044,1.3673275718349343,1.3964486598033505,2.858635025114287,tum_fr1_desk,2
1392,2605,-0.000987628508172278,0.011741221625673882,0.007312951737613652,-0.0034406413798879518,0.13326479404594518,1.4893055760739407,0.1332972609300244,medium,near,0.6799840456737355,1.9934677650115238,1.2202752728928319,3.452187653385736,tum_fr1_desk,2
1561,4006,-0.0009673633786819666,0.009902709203041848,0.00823073709017208,-0.0007046087341878012,0.09395028303411596,1.8753035982499386,0.025562732753193984,low,near,0.9210405742955518,1.7475869469576346,1.1947991544633807,3.0025531857033108,tum_fr1_desk,2
3123,897,0.0029125799829067787,0.004895080538972182,0.007662522902690651,-0.00014513761918831034,0.0,2.7010697195803584,0.7975021125885872,low,far,0.9812851872893117,1.1880576735013073,0.7724471328182327,2.0479897583401456,tum_fr1_desk,2
4228,4930,0.001449456578719669,0.00038245390208181836,0.003246205586805909,0.0014142951060044213,0.01704285035367244,2.5727377676658447,0.13330346044372585,low,near,1.7710660835909575,1.1447670046147331,0.9596635048253646,2.2475760465880086,tum_fr1_desk,2
1526,3897,0.006113913904170013,-0.0028132550595948817,0.004864558989474663,0.0015639001448995327,0.08145205804857625,2.3416230333588293,0.668993092383979,low,far,1.4733681517299986,0.6179400664846371,0.9963721486702928,1.787863949695785,tum_fr1_desk,2
1906,1564,-0.001497476100838216,-0.0013717147678596279,-0.006412013233045995,-0.0035428223643481508,0.2300253750275461,0.8797894624814507,0.1588635632409012,medium,near,2.235560158504041,0.5106377191615565,1.520376032495561,2.06864911940561,tum_fr1_desk,2
4474,4293,0.004167364158211862,-0.0005428112663784053,0.0031554220376230476,-0.00046913085421040895,0.06699902094943415,1.868057707644727,0.11084891778361729,low,near,0.870328507613452,1.053087733206269,1.6545971274453204,2.7877630526841504,tum_fr1_desk,2
3319,2349,0.008216561124225849,-0.00075728654177539,0.0023006827090911505,-0.005158591873359309,0.6504380912941309,0.28797581380397325,0.33474120788763834,high,medium,0.30839115687554897,0.8234146478645672,1.7205654061359619,2.708378578979689,tum_fr1_desk,2
870,4196,0.004048180593419969,0.0037848637963346305,0.004477822374131054,-0.003355222015623546,0.264399463247712,0.9029934866397454,0.2572597465781834,medium,medium,0.5715850142471968,1.4677251249513552,0.5254536939731997,2.1293201636738304,tum_fr1_desk,2
2784,818,0.0025589957910169413,-0.008165003678350238,-0.006536274121775005,-0.0009302662344417079,0.20760211650939941,1.5219554354513396,0.02248598944908294,medium,near,1.1661489605654736,1.647723274791896,1.2279359510925731,3.0755017368189117,tum_fr1_desk,2
4164,3543,0.0002077369700642488,0.004248041238549799,0.0037801938211993796,-0.000675584387414668,0.07462338716055053,1.8429463938903174,0.43131929481837494,low,medium,0.848189800850541,1.3773963409680825,0.8993472522482153,2.4075548821559756,tum_fr1_desk,2
941,727,0.002867434866135444,0.005132330458887932,0.005828815342575238,-0.002170949982448137,0.11264893343729453,1.5866024264201577,0.3319320704340862,medium,medium,0.7285322223293944,0.9453435114020645,0.5009412749426843,1.5848168476270676,tum_fr1_desk,2
4264,3401,0.001498141138613717,-0.0020239248909832636,-0.0037824811038433023,-0.0032566973514737557,0.5925805721499041,0.3505806742160808,0.9719487748867939,high,far,7.207694763346491,1.8543020351482251,1.5451322224031065,3.485751768167431,tum_fr1_desk,2
432,1176,-0.0004437918868971831,0.003305884034872546,0.0008557171622472059,-0.002006374985728157,0.5797914245063713,0.4249759480577207,0.16734469680750524,high,near,0.29887866614852987,1.6383022016269244,0.6586947804091985,2.354947912086795,tum_fr1_desk,2
1096,928,0.0014299194237520976,-0.004905036537264989,-0.008841814950372447,-0.005366697836859556,0.21000290754291198,1.1163870919743457,0.26340666194935375,medium,medium,2.545053796828383,1.6952923554142867,1.011449845193727,2.778339386224941,tum_fr1_desk,2
4439,858,0.007375901984868647,0.002661738497543735,0.010672544293997315,0.0006349038115849331,0.028704457334284797,2.7574293248585966,0.7169243597737968,low,far,1.0631463804979897,1.3361614507453998,1.9674962115158716,3.5232354033108444,tum_fr1_desk,2
2275,1808,-0.0009351090917560458,0.004480461690384364,0.0005155072153116332,-0.003029845383316685,0.16138072011689703,1.3696841195665959,0.6294276839970324,medium,far,0.14536265105478358,0.9355428280500214,0.6230161118122814,1.7103256741969133,tum_fr1_desk,2
4198,4864,-0.004052008480117106,0.0019466106786667822,-0.002656686685964065,-0.0005512888845137414,0.20576707170147424,0.8640490430637034,0.3939247118273618,medium,medium,1.262445096708004,0.8563400218516548,1.2339188915774046,2.161305258383089,tum_fr1_desk,2
3491,2815,-0.0033310836052185128,0.013895045067010463,0.011124678744084706,0.0005607172822927565,0.0,2.4639865028461765,0.5159754763074378,low,medium,1.0529786392801306,1.1433265840920652,0.7834784899567626,1.9778971068225497,tum_fr1_desk,2
3538,2100,-0.002590575862172595,0.00986706073762923,0.00018093025066944195,-0.007095554624787194,0.25153209847335034,0.9985223760731055,0.010579585317738721,medium,near,0.024861645714940664,0.5570737674651364,1.5929555334753487,2.2288375298455163,tum_fr1_desk,2
4636,1649,0.0007001200566588289,-0.0023465227060377016,-0.000635443442959841,0.0010109592064190317,0.03706689666758196,2.519627794375326,0.390075105516992,low,medium,0.3861932781010874,0.6727336811043055,1.3821890982017822,2.1012508233507132,tum_fr1_desk,2
2971,1527,0.0049942400371830375,-0.00102159140637419,0.00331553415326827,-0.0006571144775405775,0.01013921124224109,1.880642698719203,0.3051235697340398,low,medium,0.8343803041773684,1.774196644892833,1.2992706984248898,3.1903516932216296,tum_fr1_desk,2
74,294,0.0036068815954072822,-0.00039269150211476873,-0.0005307936664477805,-0.003744983759740294,0.6048729660174316,0.330984355219965,1.5144157782524967,high,far,-0.16508935740848268,0.762325904292294,1.508966515290185,2.3985988372421563,tum_fr1_desk,2
1092,1283,-0.0019674822916765566,0.0052491152603641195,0.0040981289925809215,0.0008164960238933582,0.0,2.9870762258869847,0.3286705283383053,low,medium,1.248427415331603,0.5237777633478145,1.5948852789287318,2.218034039101441,tum_fr1_desk,2
4695,3338,0.0025353014347927545,0.00280066518272592,0.005246762959475104,-8.92036580435701e-05,0.15491622667771557,1.3795828718386378,0.42889409322681327,medium,medium,0.9830983282249741,0.7523166386503124,1.7503611644686052,2.6087080034842924,tum_fr1_desk,3
4239,3936,0.0015317111928357453,-0.0053938856192314285,-0.00939427861469425,-0.0055321041882985655,0.4260935002438623,0.7143609456377948,0.08915657065983322,medium,near,2.4330106794640693,1.8707217839374164,1.0524432014835643,3.005626075140903,tum_fr1_desk,3
471,1502,0.007503319724608055,9.593483927140389e-05,0.0086807686501792,0.0010815140862997412,0.0,1.9698255464983607,0.5109666688612976,low,medium,1.1421681441349256,0.5575457920335517,1.8061957585071697,2.3388491945623575,tum_fr1_desk,3
3398,2750,0.0035649815226741423,0.00213280052431701,0.0037434171229782385,-0.001954364924012914,0.645488492663676,0.28912571343892934,0.378113195905527,high,medium,0.6568802056493266,1.7197249825457213,1.9367453262129148,3.7391422568732926,tum_fr1_desk,3
2944,2819,-0.0062614964418107166,-0.003200831526106446,-0.012660417471026909,-0.0031980895031097456,0.1069434152683006,1.729973045002946,0.23484157645289952,medium,medium,1.3381226730494578,1.7493403923308442,0.6876333647546053,2.5451270742797285,tum_fr1_desk,3
3133,798,-0.0033125378775515045,0.004553244955325669,0.0012062805846234353,-3.4426493150729094e-05,0.06094665163465146,1.7063599340231967,0.061714018210504616,low,near,0.971469524669028,1.9424030383623183,1.6544632458254818,3.6197300087136934,tum_fr1_desk,3
2528,4503,-0.0028335094535132986,-0.00198032068860317,-0.005349911937237322,-0.0005360817951208534,0.020621675740951105,2.3715786081745427,0.21145009417850183,low,medium,1.111593756534418,1.3405230115254851,1.5929227351891653,3.094797476567094,tum_fr1_desk,3
4180,4262,-0.005903019704045845,0.0007922700034530875,-0.006595882064655046,-0.0014851323640622891,0.3357672448290103,0.8531096003928319,0.145430796063321,medium,near,1.2908424974103703,1.1842381116797336,1.2385363917942345,2.53437016260209,tum_fr1_desk,3
4184,707,0.0044628108892937664,-0.00029330483587833257,0.003789013617864656,-0.0003804924355507773,0.05784918105922099,2.5007637963545437,0.443237424384846,low,medium,0.9085261043468923,1.126861225693114,1.6226095166075567,2.847019783776589,tum_fr1_desk,3
4268,4099,0.004755798872115732,0.004654471571079746,0.008964620140165485,-0.00044565030302999456,0.05703482969654362,2.8397369342998737,0.1577448445822995,low,near,0.9525409129696268,1.4458830459628151,1.174398359011606,2.8229723394787514,tum_fr1_desk,3
3853,544,0.008840396752443006,0.0026295069419747952,0.01179594807078366,0.0003260443763658592,0.0,2.2197860820910646,0.3825507419226441,low,medium,1.0283364227461904,1.2504577345317722,1.8411493041592388,3.225899929621432,tum_fr1_desk,3
456,4368,-0.008768652868957307,0.003464759167594175,-0.004290447941479368,0.0010134457598837642,0.0,2.1574433080100124,0.7453871766258713,low,far,0.8090767386825969,1.0915117195259965,0.5019266382902021,1.7540567637112938,tum_fr1_desk,3
1159,386,-0.009981375285128317,0.0008976787805286181,-0.007747473816125473,0.0013362226884742262,0.3667427621808125,0.7051424552165201,0.17628618949856736,medium,near,0.8529927001526433,1.915993860065917,0.5717582187605582,2.5933040863750203,tum_fr1_desk,3
4879,4590,0.0026920271707703046,0.005821980066385152,0.006166483505916706,-0.00234752373123875,0.19732499206862375,0.9484973305512769,0.05808987245620752,medium,near,0.7241900487188191,1.8716625942310077,1.7609489672286878,3.784103607087019,tum_fr1_desk,3
3911,1796,-0.0035704067911654378,-0.0011546541686889501,-0.006883768625529706,-0.0021587076656753175,0.16027566951648187,0.9738870495757238,0.17848390446113616,medium,near,1.4571718451621944,0.9808042502097434,1.616628880719989,2.694497109574501,tum_fr1_desk,3
3244,1040,0.004232682534703557,0.0032637461212200116,0.00449139611679546,-0.003005032539128108,0.1770884022081169,1.0744986151503901,0.34281638358039623,medium,medium,0.5990582002066666,1.1091649707538367,0.669010289952185,1.8601967498041811,tum_fr1_desk,3
3798,3683,0.007040360139120771,0.0023563980284213725,0.009533507777479775,0.00013674960993763217,0.07001733827948776,2.52172614685212,1.098957155832862,low,far,1.0144448928688634,0.56939287601,1.0336611263009903,1.7371360504930144,tum_fr1_desk,3
3851,2142,-0.0018228349160134875,0.011900515271864694,0.010245888762081705,0.00016820840623049872,0.020739943809324334,2.348065912075911,0.006076948277369173,low,near,1.0165903074933242,1.717863672439857,1.711907045021425,3.577171809879021,tum_fr1_desk,3
2340,3148,0.01301006962329808,0.00021953975690472416,0.011362459436178337,-0.0018671499440244686,0.8476916864241416,0.1631665866245252,0.2081592474887537,high,medium,0.8588009145807136,1.0362699926408554,0.9161401022014687,2.121269141667552,tum_fr1_desk,3
768,982,0.007100182534510449,-0.0006214303471360344,0.007228159302149494,0.0007494071147750801,0.0,2.9241996411759086,1.287725408345064,low,far,1.115499342125047,1.284096017085282,0.937382192241736,2.322565818527816,tum_fr1_desk,3
4354,4238,0.009322567751334283,0.01250181639992659,0.021818487051930766,-5.897099330109013e-06,0.0,2.231883969726335,0.05568082005884078,low,near,0.9996839872653646,1.4312282052588376,1.5784861352798496,3.1900356954353,tum_fr1_desk,3
3670,781,0.004342778845295025,0.0014557904768792884,0.006702751569149019,0.0009041822469747064,0.0,2.5421356267044386,0.6835498289870935,low,far,1.1557326409603281,0.649977871225665,0.5503188071182368,1.2499336488078945,tum_fr1_desk,3
623,1886,0.006903686159337069,0.00522993969475387,0.010690814732102892,-0.0014428111219880462,0.20542156720783492,1.0536379034432373,0.004794167100716991,medium,near,0.8810172526661549,0.6379767660061999,0.9900335337976225,1.6430968161834707,tum_fr1_desk,3
2634,2768,-0.0004191387217803615,0.0013223686551056455,0.0013016779788372849,0.0003984480455120008,0.050459605797402024,2.957296193102893,0.2422701720450411,low,medium,1.4395431193594699,0.7095808504684311,0.6441887775982272,1.4660398311269491,tum_fr1_desk,3
4318,178,0.0023607661841088066,0.00569118615408081,0.007507934665607738,-0.000544017672581878,0.12521716636353902,1.60599656797911,0.07020520463819356,medium,near,0.9323207626602689,1.4979092543553663,0.6180478650612642,2.159286068501999,tum_fr1_desk,3
3816,1278,0.003749618576246963,0.0136891387269415,0.018520665650784043,0.001081908347595579,0.3917553255808974,0.5552565614654068,0.4060178623992724,medium,medium,1.0619795521694537,0.7374245760490605,1.5321764888095255,2.306338144404325,tum_fr1_desk,3
187,2758,-0.005673936645475697,-0.00026591487814779094,-0.0062839495518858205,-0.00034409802826233294,0.061423031198483434,2.2577069858131384,0.667188218025715,low,far,1.0581085462213706,0.7946619728341788,1.4207689175115865,2.3052718535147214,tum_fr1_desk,3
559,3588,-0.0018615892136141727,-0.005208225732554066,-0.008005306488046326,-0.000935491541878086,0.2154987122099584,1.1651736008314861,0.03259181381176487,medium,near,1.1324821131985816,1.563148448518482,0.8734152871953091,2.6273940438915644,tum_fr1_desk,3
1234,301,0.007449524795454151,-0.0008559198704209325,0.007753201214408716,0.0011595962893754977,0.0,2.6970305624617286,0.009392907424242949,low,near,1.1756885063694185,1.818806506378074,0.5195153201388091,2.437493406025757,tum_fr1_desk,3
3435,480,0.0054166225575804595,0.008638077258026528,0.015635796267142905,0.001581096451535916,0.4619777553426885,0.6969951835735773,0.1680506837285628,medium,near,1.1124167755618564,0.5010752880598697,1.9052801451365229,2.549613260702406,tum_fr1_desk,3
2015,4833,0.005622958893615613,0.0042424272709822,0.008113514724770655,-0.0017518714398271585,0.22347662964676424,0.8080092835499862,0.21766756718657063,medium,medium,0.8223390600586117,0.8802406298857856,1.9108059516544214,2.8982179098830816,tum_fr1_desk,3
4255,1137,0.0063576219304396706,0.009897189458474297,0.016092856571972642,-0.00016195481694132745,0.09515660018153829,1.382335036780572,0.5829071831091824,low,medium,0.9899755962318524,1.3410417220635202,0.6425848052488466,2.105547162287199,tum_fr1_desk,3
4021,3215,0.012392071195071954,0.0038120573143772575,0.013600937373941737,-0.002603191135507473,0.2472910751940265,0.6620348422736878,0.08097933715470954,medium,near,0.8392983348457268,1.5949898369674456,0.6976156994479462,2.43739735103309,tum_fr1_desk,3
1255,2538,0.004357427760136149,0.003603799290580699,0.004718207930116101,-0.003243019120600748,0.26479101343551575,0.7877432832961284,0.543378832585003,medium,medium,0.5925738992448495,1.3564873569889677,1.1118239152954748,2.5702022440760466,tum_fr1_desk,3
2415,2040,-0.005377057005470115,0.0071125639684800806,0.0006383633133811514,-0.0010971436496288141,0.0,2.9207768987093803,0.13287587683451016,low,near,0.3676134487100746,0.5126772440936909,1.7588119295591884,2.375900961347177,tum_fr1_desk,3
4975,4925,0.006869525599966142,0.012798696303304997,0.019164382649383457,-0.0005038392538876806,0.0,2.669062038990666,0.033165735776000946,low,near,0.9743335422026164,1.091125472765048,0.9749036522411194,2.194061750985106,tum_fr1_desk,3
306,1362,0.0020611177420758473,-0.003983327961421979,-0.004806534586524334,-0.0028843243671782016,0.0035687927090735268,2.4148456400025333,0.5666812365460133,low,medium,2.5018264727741233,1.5590871719570463,1.235681612779677,2.9208065907546588,tum_fr1_desk,3
4330,3109,0.0003609677006173855,0.0061466188629143124,0.004089992073807763,-0.002417594489723935,0.7315342750776348,0.1802294081579936,1.451971207361302,high,far,0.6283994280301076,1.0921629751575244,1.2383242749312002,2.412308585342973,tum_fr1_desk,3
1374,4511,-0.0003840941221507129,0.010175075604154017,0.009899165696011156,0.00010818421400785277,0.11418009500079601,2.0551910982051864,0.17759434545522199,medium,near,1.0109461209873454,1.2092384373444536,1.4653643341097302,2.7668943195357794,tum_fr1_desk,3
1494,1019,-0.0027385925120319956,0.0017493531703848362,-0.001452659626578603,-0.00046342028493144354,0.22479311761404397,0.9766239663136438,0.3010976583951627,medium,medium,1.469947173077896,0.6425603609774291,0.6424304711274965,1.3438532683117734,tum_fr1_desk,3
3504,912,-0.004127442396094133,-0.0022003001777090303,-0.008723995812361138,-0.0023962532385579764,0.6728812318096752,0.409573175637059,0.13357644249255202,high,near,1.3789079784096427,1.2130386015213028,1.0452716860539,2.396257503563136,tum_fr1_desk,3
4462,549,0.0033334989475103617,-0.003017194517497518,0.00015846692017258384,-0.00015783750984025996,0.04183607633970926,1.8935841227031045,0.3915476242377024,low,medium,0.4994160345198125,1.9253168087981454,0.5948940077310122,2.635625419711099,tum_fr1_desk,3
1835,4228,0.0023666837238906836,0.006843849478406766,0.009474803775359255,0.0002642705730618044,0.03404957129333333,2.0245776347502487,0.011806784013775828,low,near,1.028580537819279,1.8183217188692782,0.9723998411883987,2.886123136747525,tum_fr1_desk,3
1461,4292,-0.0034095718435656645,0.005220385372292248,-0.001317606778953563,-0.003128420307680147,0.3370975417810817,0.7403155971230911,0.026448758376723027,medium,near,-0.7272308976959845,0.5275574818071567,0.9057826702577698,1.4450546427174253,tum_fr1_desk,3
660,715,0.0053263575314504725,-0.0031053149910342803,0.0005908786845983454,-0.0016301638558178467,0.42333427772988086,0.6981821128256709,0.4596771215503611,medium,medium,0.26591690926298506,1.1798926587887895,1.6882849074128676,2.990751045529847,tum_fr1_desk,3
3537,1897,0.006938675505126542,0.007700617908862643,0.011878739506324964,-0.0027605539076642205,0.11660903314759019,2.885298890663839,0.29617217275950686,medium,medium,0.8113730490520441,1.5579599638038908,1.6031548908382796,3.2101386839410084,tum_fr1_desk,3
2949,1673,0.0009577921871536687,-0.0023505666870279078,-0.004071744763209734,-0.0026789702633354946,0.6832949280148539,0.234220217032647,0.3352055690601005,high,medium,2.925577932041187,1.764555420391555,1.0982322903860862,2.8393614767713906,tum_fr1_desk,3
2899,60,0.004773753772176222,-0.0023945071573406584,-0.00092965270325202,-0.0033088993180875833,0.3404398738110898,0.7870686984310723,0.12305036782543091,medium,near,-0.3905699087891546,1.6177172147417305,0.8203509505042885,2.65098148991048,tum_fr1_desk,3
2970,11,0.005074560770786778,0.004643539606818655,0.009555958385962904,-0.00016214199164253,0.6351429400197814,0.2254664811697492,0.47381181307580833,high,medium,0.9832142909009935,1.8116218312947177,1.7765056501958736,3.6515650486045463,tum_fr1_desk,3
3659,1525,0.006388551417617665,0.001686664542722501,0.008349959433364066,0.0002747434730238986,0.0,2.82936585523848,0.6564004168857638,low,far,1.0338950164740728,1.708689298937352,0.9070822823551472,2.693390723488129,tum_fr1_desk,3
3395,1203,0.0012817023505144092,0.0011745971749847696,0.0030801954685757554,0.0006238959430765766,0.06191272174328273,2.8827857575515963,0.15206750442858233,low,near,1.2534880003893871,1.0044690912574334,0.8517260101747549,2.095193282643366,tum_fr1_desk,3
793,1601,-0.0031899567749461497,-0.007959436326357004,-0.011661195567308326,-0.000511802466005173,0.0,2.8172588679840924,0.04986412429513259,low,near,1.0459978816090751,0.8613170955582241,0.6948482068052162,1.6843611725186811,tum_fr1_desk,3
4387,1487,0.006539995780912287,0.0045321038749851555,0.013646792484757093,0.002574692828859651,0.37646335545123477,0.787378994656512,0.1384858118863975,medium,near,1.2324274962601753,1.2290863128540215,0.970673214958593,2.281374411501725,tum_fr1_desk,3
1244,1285,-0.00030075480838204303,0.009346960315810688,0.008302976567978229,-0.0007432289394504177,0.0218653606600758,1.2765342250656435,0.5698907827758426,low,medium,0.9177393573253828,1.0589076553656196,0.8455142481535267,1.965831802079415,tum_fr1_desk,3
4931,1691,1.6128588864643481e-06,-0.0020621484555207632,-0.0026089568820912372,-0.0005484212854569385,0.09127959893453003,2.7446618605029904,0.03612945162844799,low,near,1.2667695019958893,0.8713467622126769,1.7110184318005528,2.6527275175772744,tum_fr1_desk,3
464,277,0.008846644511001053,-0.00433448356463297,0.003507735607426959,-0.0010044253389411243,0.12580331931062164,1.5097439470331897,0.4067996759144895,medium,medium,0.7772236906928327,0.9578217951932887,1.9606138730577403,3.096835919803195,tum_fr1_desk,3
2682,2777,0.007965258440417733,-0.0021948349919670767,0.0071529160432320105,0.0013824925947813539,0.24978225301126544,0.9726441458943571,0.4738084748351416,medium,medium,1.2393677412722535,1.9840109567594357,1.5187375186153353,3.5652791053775275,tum_fr1_desk,3
4188,1685,0.0004534379324899634,0.015423281695279926,0.014066759757765343,-0.0018099598700045461,0.11781071320500215,1.7053958826822706,0.19347690943447712,medium,near,0.8859433273505343,0.965865523326181,1.423589080167759,2.5055122035027826,tum_fr1_desk,3
1390,1112,0.006893804407536701,0.0007503603155955408,0.006454045512158558,-0.0011901192109736835,0.12488098936751808,1.2757055202529475,0.2403141662211649,medium,medium,0.8441996668339045,1.5630212577678577,0.6716572452752722,2.3853614945361046,tum_fr1_desk,3
4677,2218,-0.0015061353429837465,0.005827491543194601,0.003953541739347443,-0.00036781446086341216,0.3309902310529589,0.6304383941313841,0.6780097873818681,medium,far,0.9146728210772124,1.2493230519295628,1.8048943435954903,3.1240388395679846,tum_fr1_desk,3
2396,442,0.00567342559819131,0.011069280684990827,0.015603343957416313,-0.0011393623257658237,0.20087378206650106,1.4662659196081371,0.8329388086050776,medium,far,0.9318930763309413,0.6368774886785722,0.5292539714157803,1.2599921893669557,tum_fr1_desk,3
2538,340,0.002478983628148225,0.009665019753634697,0.012481356632485556,0.0003373532507026343,0.445412162607391,0.6367305236671513,0.08245435942782273,medium,near,1.0276947844417361,1.97358583177635,0.7970464199466405,2.8836352836286316,tum_fr1_desk,3
1233,1753,-0.0013540545108013955,-0.003805561950666108,-0.005044614933615047,0.0001150015278524572,0.0,2.9734092000152215,0.12230853293545337,low,near,0.9779007552307879,0.9954615313353177,0.5295886196947632,1.6455780132821496,tum_fr1_desk,3
2065,1188,-0.0018366023761782766,-0.0055326262901955765,-0.008067490515125245,-0.0006982618487513923,0.0,2.048046679929516,0.10257082250935222,low,near,1.0949023001881837,0.7869337350447716,1.1111079074170231,2.0042504266990253,tum_fr1_desk,3
723,2329,0.009562653511512753,-0.00365781303273165,0.003938872626635422,-0.0019659678521456816,0.2575775141917179,0.8025073061431246,0.05735194634132694,medium,near,0.6669453129977462,1.6411389625804251,0.5237571064173113,2.161337074868713,tum_fr1_desk,3
738,1257,0.00696667250803884,-0.007148409076040415,-0.0016697932723438434,-0.0014880567043422687,0.28216146672299836,0.9205711375436417,0.39660384240050084,medium,medium,9.238823613875946,0.6464281408027235,1.846693709588039,2.607857813035878,tum_fr1_desk,3
1345,2956,0.0034006200120981767,-0.007773404977993767,-0.007313147425488551,-0.002940362459592961,0.213813966295913,1.0065400778633133,0.08760857825818759,medium,near,1.6728058407580901,1.8638485646922522,0.6526317927515236,2.6757313393413966,tum_fr1_desk,3
1757,1809,-0.004351543634417778,0.011530653681869929,0.005957837048900992,-0.0012212729985511582,0.16452980424939886,1.1117464068353222,0.3306110416795173,medium,medium,0.829769600956899,1.6862745164497688,1.704509045688502,3.4675212095065575,tum_fr1_desk,3
2507,2963,-0.0012540700362103363,-0.0018071508354939778,-0.003878018231656008,-0.0008167973599516941,0.0,2.9884617454303113,0.07078348036209332,low,near,1.2672347501166614,1.2465319393216583,1.2140310603201798,2.605282708656904,tum_fr1_desk,3
329,1746,-0.006333445673872748,0.008753805466995935,-0.0028108900318566873,-0.005231249824979875,0.6986444288048701,0.23503040567265343,0.5070118519443814,high,medium,-1.160872514625786,1.8285528703107166,1.4738431693114453,3.401597067477966,tum_fr1_desk,3
1555,3633,-0.003911091150208442,0.004005323074721421,0.00022142683099291298,0.00012719490647993448,0.3685913275002003,0.716001070881333,0.040941221520751685,medium,near,2.3251323768295395,1.854951691083139,1.50841824421112,3.45718158788393,tum_fr1_desk,3
3076,3883,0.0066556940011761705,0.0012990618433017906,0.006978806513618313,-0.000975949330859647,0.09746672692047827,1.586578408072913,0.5430703500700215,low,medium,0.8772021980114257,0.5304204723418713,1.219123697940653,1.8826524106713927,tum_fr1_desk,3
2980,1117,0.005721788941031376,0.005273983993254916,0.011648099470114524,0.0006523265358282318,0.05163980918168083,1.8685595907749526,0.024578514283655848,low,near,1.0592288792103268,0.7578105538088702,0.5888349580949113,1.4744879820005854,tum_fr1_desk,3
4796,4606,-0.0081616046216603,0.00522331297437301,-0.003215741715671686,-0.00027745006838439515,0.0,2.127564269782138,0.24535631730909802,low,medium,1.0947982365460902,0.6900691028513584,1.3494442155861313,2.0767233463785595,tum_fr1_desk,3
3912,255,-0.0020855640123715454,-0.0006667288001160148,2.6927196791389114e-05,0.0027792200092789494,0.27669663965833047,1.0392478031272205,0.05360310194859143,medium,near,-0.009787106871784796,0.6873797161109501,0.5400151439133087,1.3534138807776328,tum_fr1_desk,3
591,4516,0.0016414960241292029,0.005181592225303255,0.010169419577718499,0.003346331328286041,0.22394532620576352,1.076679541406722,0.6681122856393791,medium,far,1.4902239253081557,1.9995614567327467,1.7649544492282419,3.7491393300443643,tum_fr1_desk,3
4194,1265,0.009970889781020061,0.002517690769745877,0.014022275031900188,0.0015336944811342496,0.15402532272104955,1.369630658665254,0.036006824638255136,medium,near,1.1227178506839652,0.7344971575892578,1.1555505881746562,2.063536958703289,tum_fr1_desk,3
2736,4829,-0.0011113511144699804,-0.0037061810842236396,-0.004774149679531654,4.3382519161966034e-05,0.32063077580576493,0.7191694518602108,0.25705370173620334,medium,medium,0.9912006154192302,0.7560161529533505,1.4943593785168487,2.2165912990183876,tum_fr1_desk,3
3183,3834,0.011446613109902732,0.005449487066289725,0.015054918398195869,-0.0018411817779965878,0.028248154759421516,2.124127016090327,0.9387513699557474,low,far,0.8909764540194789,1.6500578569952222,1.954335312834778,3.668320325701207,tum_fr1_desk,3
668,499,0.004738316410037419,-0.007316571991519971,-0.006459728084077436,-0.003881472502594883,0.32508546816025774,0.8626008349076023,0.4938476801501445,medium,medium,2.506436742436508,1.7749813897535156,1.7694310047296902,3.592054843324751,tum_fr1_desk,3
874,3279,0.0007798198574917878,0.007626606529832196,0.005224042893376562,-0.003182383493947422,0.6915392114381969,0.2460957341170561,0.1265128734052995,high,near,0.6213605273134403,1.995697841237549,1.6586164994409263,3.7376029017468784,tum_fr1_desk,3
1914,588,0.005563798894768715,-0.0014368676661014814,0.0027927407375534672,-0.0013341904911137658,0.18374225995615662,1.4458593223113216,0.2985983402723288,medium,medium,0.6765473024741129,1.674975335329042,0.9025096869119862,2.7196007638008943,tum_fr1_desk,3
3795,3822,-0.0018018182060806527,3.1942089834950324e-05,-0.0024997697846212497,-0.0007298936683755472,0.35088467396830364,0.6372928228424755,0.5950957269198467,medium,medium,1.4131966403203013,1.942249518855721,0.8701211310010712,2.892514883278399,tum_fr1_desk,3
1677,448,0.0017926411100042618,0.0025271063968293045,0.002444939403690371,-0.001874808103143195,0.7245205096243053,0.20648534953123365,0.23487324806372473,high,medium,0.5658602822367027,0.8919925939113528,1.9774369544387467,2.8924609490420274,tum_fr1_desk,3
4310,3756,0.005294676774268419,0.007424138700780541,0.01335232673419917,0.0006335112591502093,0.5304516059903513,0.3892822636428886,0.8700436517238769,high,far,1.0497264492862288,0.712417025926849,1.464250086223607,2.2999894021924465,tum_fr1_desk,3
1413,4406,0.0013974590161705178,0.000613984423291586,0.00160535231057054,-0.00040609112889156373,0.050732900895176264,2.4204482416379616,1.6281318448981594,low,far,0.7977130085204416,1.2802711048501396,0.9423967037057965,2.243233402037057,tum_fr1_desk,3
2860,76,-0.0015999476661096956,-0.0026203140367053266,-0.005408010812761741,-0.0011877491099467187,0.1356250696458451,1.3586191188886523,0.3661436169086861,medium,medium,1.2817433934362508,0.627800716339493,1.475138676709897,2.2213902149406484,tum_fr1_desk,3
3235,2419,0.0026214284742542534,0.0010326358856577746,0.003424780135790703,-0.00022928422412132475,0.1818348548924541,0.9836802488247302,0.010869185870162995,medium,near,0.9369958497456204,0.5270568642569666,1.9013799486445417,2.5019278441357,tum_fr1_desk,3
3017,4341,0.0024476102538032564,0.0023360172635510565,0.0054843211701642615,0.0007006936528099488,0.0,2.826349975308819,0.12152876198743363,low,near,1.1462378524288654,1.139818547915114,0.7089450341106512,2.0552534391799284,tum_fr1_desk,3
2999,1193,0.00730169543033636,0.004365727266338935,0.008191808621823414,-0.0034756140748518796,0.8909150956488795,0.051210353845565874,0.27203779657758026,high,medium,0.7020493544648089,0.7782889628865788,1.4775196923176406,2.379130219574835,tum_fr1_desk,3
968,2196,-0.0005013944550249791,-0.010957706286875772,-0.013332132514653287,-0.001873031772752535,0.23780732887058556,0.8273461028865278,0.20149440485081216,medium,medium,1.1635551837923233,1.6907649393017918,1.4920405904919587,3.2812476918643445,tum_fr1_desk,3
1588,595,-0.002920088581318709,0.005651419096534821,0.00015127575826537473,-0.002580054756950738,0.8686436484332344,0.10319442898442854,0.2442878798243679,high,medium,0.055365102216929134,0.9858433288705688,0.7043758476379668,1.8632019179878112,tum_fr1_desk,3
3632,2318,0.006267209011985967,0.008178303226918721,0.015427236913114324,0.0009817246742096356,0.0,2.4600251778130735,0.5076099531200575,low,medium,1.067886605292074,1.703846801522936,1.7685628725750906,3.5666141767555333,tum_fr1_desk,3
4276,3891,0.0038689086701607974,0.010407462287090077,0.01250626023531363,-0.0017701107219372438,0.6452367916195946,0.24792651125814225,0.2702033127886042,high,medium,0.8759498000549064,0.7557955840906629,1.8461285751172605,2.72740831307004,tum_fr1_desk,3
4337,1733,0.01667703103194234,-0.003139618825053695,0.01445716068587907,0.0009197484789904266,0.00993388246488053,2.76116291723458,0.09623213666143259,low,near,1.0678623508392622,1.0897556518463962,1.0816464927946245,2.221336411931122,tum_fr1_desk,3
4656,2110,-0.002610944527158137,-0.0027730905097503008,-0.004595569487906568,0.0007884655490018697,0.2279208464338732,1.0662923855124866,0.019055483451887043,medium,near,0.8537134639468884,1.827522986820888,0.8322907278535505,2.7214975884353674,tum_fr1_desk,3
3337,2375,0.003855370871617171,-0.00043440410584810957,0.003801162659280499,0.0003801958935114373,0.0,2.4027503130106465,0.047007628759757496,low,near,1.1108122665902678,1.6052076600814986,1.402080478972679,3.045172625160368,tum_fr1_desk,3
1793,3218,-0.006504020124239162,-0.009087955396793855,-0.01471982241534896,0.000872153105684055,0.0,2.078021171946698,0.08625161252227637,low,near,0.9441245286730887,1.127197399690434,1.86652354996883,3.1099227717945905,tum_fr1_desk,3
2725,4077,0.008009658347697717,0.002043942213160359,0.008482073526245932,-0.0015715270346121435,0.771451416802603,0.11018475153020871,0.5948794422952648,high,medium,0.8436012425263424,0.9251917238961187,1.5301335804228633,2.500379491582572,tum_fr1_desk,3
2179,2504,0.005437133775632521,0.0032021815760180476,0.008337071665616492,-0.00030224368603407606,0.08094846160676654,2.8437688205258596,0.21088339487687927,low,medium,0.9649036321369745,1.0679635751061411,1.1271960244563968,2.3363990055631505,tum_fr1_desk,3
2745,4173,0.0009810873929504698,0.004799757136596736,0.00651796382373646,0.0007371192941892554,0.024782281538552463,2.892278622035709,0.26012289238616787,low,medium,1.1273156499500174,1.0551339201049563,0.5275075835159748,1.70077200665169,tum_fr1_desk,4
3257,2906,-0.0006556046916446098,0.0006202427415193093,-0.001719075878120174,-0.0016837139279948735,0.7959721756130559,0.13714880740390517,0.17071404221326783,high,near,50.02847253580139,1.4074112197966326,1.4211361069635524,2.908783149359376,tum_fr1_desk,4
4430,311,0.0014120077367093422,-0.0023649163067526345,-0.0012795561332319036,-0.0003266475631886115,0.0,2.998540309640124,0.19204880194580523,low,near,1.3442006653787246,1.515691232860853,1.8117579425571155,3.3642551339642632,tum_fr1_desk,4
375,723,0.0068401253793529205,-0.004030111857040594,0.0048642073635683965,0.0020541938412560697,0.052211709519668865,1.5587373985896826,0.17402508441684336,low,near,1.7304105174019664,1.0806957634567225,0.8769615307132352,2.065048331121784,tum_fr1_desk,4
3908,2673,0.007767467721701844,-0.00269011453452829,0.005789017273247928,0.0007116640860743736,0.06023247301799007,2.4147367460084768,0.5844929406223623,low,medium,1.1399398702455956,0.5002777929431642,1.043647116781656,1.6754326390482326,tum_fr1_desk,4
4443,4789,0.00950742907786998,-0.004600385938686508,0.005048638925923356,0.00014159578673988282,0.09638391888372715,1.4817674465465336,0.5318999975110162,low,medium,1.02864599653117,1.0308585008177256,1.4049883484668975,2.559609779520488,tum_fr1_desk,4
871,4390,-0.007471910979629541,0.005148188015127948,-0.0044220408480291455,-0.002098317883527553,0.1565111281349477,0.9154995429697862,0.1910926438403451,medium,near,1.9038175949571423,1.728106985681978,0.6869213115612818,2.5084294151416704,tum_fr1_desk,4
4560,3373,0.004875539104948853,-0.0054393085174531145,0.0006614991979023424,0.0012252686104066036,0.3692446385267984,0.5696540418834373,0.2803873341925792,medium,medium,-1.1754355926324151,0.5481643707230874,1.4658018913326896,2.11041024751426,tum_fr1_desk,4
2453,2015,0.0022005954121828934,-0.008459320472754337,-0.010173162139209834,-0.003914437078638392,0.8579742988213109,0.09153500668452749,0.05845550563023504,high,near,1.6256965655632114,0.5427800372579723,1.863956219609074,2.5217737077260862,tum_fr1_desk,4
345,1886,0.005837950384749798,-0.004282826679727177,0.0006489083729754094,-0.000906215332047211,0.08224523440565447,2.6862635148169183,0.10338873392440884,low,near,0.4170030768639802,1.8829334451991253,0.71115568665682,2.701188127549645,tum_fr1_desk,4
4050,3460,0.0050413358317209465,0.008729675039191576,0.012591683027833256,-0.0011793278430792678,0.3776312092789267,0.7347950427604608,0.15821237827501558,medium,near,0.9142951705351755,1.2874011263652014,1.215694651093525,2.6778686897208743,tum_fr1_desk,4
2194,3500,0.0005768724787316055,-0.005219627735368784,-0.005400821209408423,-0.0007580659527712448,0.5039143346876878,0.48699506994833014,0.3182475571843538,high,medium,1.1635299387415714,1.2553653445078872,1.8410819078058298,3.2367259874540255,tum_fr1_desk,4
4366,4237,0.004545141770339876,0.007769470672692454,0.008535052156646992,-0.003779560286385338,0.22844569731217929,0.9459768130940067,0.017555983375837105,medium,near,0.6930270172212001,1.9677416970076862,1.3826503346246373,3.549047275036419,tum_fr1_desk,4
875,1992,0.005606390646245241,0.0006222962694728781,0.006527596055763366,0.0002989091400452484,0.05782224998330583,1.8732288534150254,0.01955191470097039,low,near,1.047820884753228,0.9687324892142822,1.0220452290623794,2.051771085563127,tum_fr1_desk,4
494,947,-0.005863187573831271,-0.0008079030759134882,-0.011128448568905873,-0.004457357919161114,0.255229984678802,0.9426468503591416,0.28007670227117965,medium,medium,1.6684103939924295,1.233169082344499,1.1119915433722285,2.440685955349034,tum_fr1_desk,4
806,3312,-0.005384669669683172,0.01183268214132655,0.004705659862124968,-0.00174235260951841,0.07962641634293413,1.9182709145880015,0.18624249178418442,low,near,0.7296713850090976,0.5363603885335846,1.4375291812521562,2.096586727773592,tum_fr1_desk,4
2536,1855,0.0031908565306981414,-0.0022038594494931257,-0.0026021581997949755,-0.003589155280999991,0.6344342216368889,0.3279205726568567,0.38032022760670176,high,medium,-2.6337711409240603,0.6094524993885315,1.7316891567277697,2.5016031884774983,tum_fr1_desk,4
985,4231,0.001878567521649871,-0.0015371977240609394,-0.002004641175870873,-0.002346010973459805,0.8896247114303433,0.16638326112193974,0.0043729087122905035,high,near,-5.855192806106566,1.3507446318700884,1.3301443417455912,2.739132748417068,tum_fr1_desk,4
805,4147,0.0011381252127316902,0.005573658637588499,0.007379997104756327,0.0006682132544361378,0.09231019218087305,1.8935212858759463,0.21974114110685847,low,medium,1.0993944195602712,1.7869279181035045,1.0870671400456204,2.959591918231561,tum_fr1_desk,4
1675,559,0.004155114790054466,0.01737792765761475,0.018418056538274868,-0.003114985909394348,0.2567382179263465,0.8100882178239077,0.13682604264076212,medium,near,0.8552995371414058,1.1830462018422507,1.7157044256043894,2.9893170117009342,tum_fr1_desk,4
1550,4785,-0.0006219826526754168,0.0021057469778783294,-0.0006536664373335385,-0.002137430762536451,0.0,2.039576041582361,0.6206638008353178,low,far,-0.44024928821225984,1.1927516518409125,0.5317883693417791,1.8176208922521515,tum_fr1_desk,4
2094,3903,-0.0057340983266133665,0.0004381424290934117,-0.004260525798072577,0.0010354300994473778,0.22914240087308752,1.3469844154745367,0.1773324534837512,medium,near,0.8046385806665769,0.8756651026304055,1.8365827907627312,2.6947666807917985,tum_fr1_desk,4
3506,1834,0.0009883054656495624,0.0010837737839535905,0.0024426776635833643,0.0003705984139802113,0.043989279330922955,1.9096827318061986,0.7947108227128429,low,far,1.1782847491483806,1.5761516763173804,1.6439802348672266,3.288670877542239,tum_fr1_desk,4
2004,1459,-0.0015335338418650288,-0.0006568575848348917,-0.001963447553316363,0.0002269438733835576,0.1789198404623149,0.9983143099460233,0.052173878552836346,medium,near,0.8968006037531061,0.7507937818209025,0.5426860877658837,1.3621402571087833,tum_fr1_desk,4
4087,1708,0.0029150646415574103,-0.002957635205523161,0.001229925979942029,0.0012724965439077798,0.04425414925284056,2.7237449227321564,0.11352567627621754,low,near,-29.586463656238582,1.31282025991433,0.6368672619563831,2.1079081088974765,tum_fr1_desk,4
4679,2222,0.006628383788569347,0.003666468583063888,0.006477751156966774,-0.0038171012146664606,0.16123278307778638,1.445293895043671,0.3345272085647551,medium,medium,0.629161231450253,1.0694463012284516,1.0741914622180253,2.333257866713013,tum_fr1_desk,4
3619,4754,0.00910309146387004,0.0013778460792809493,0.011619087874118608,0.0011381503309676184,0.0361909535300872,1.7628282934229438,0.5340974478708024,low,medium,1.1084866539498364,0.9118584733265324,1.3191482120049363,2.3246548401877165,tum_fr1_desk,4
3899,3592,-0.005422657709655286,0.004201769969389568,-0.0022713253690216854,-0.0010504376287559674,0.0,2.953286630475484,0.006030655672248072,low,near,1.8619134319088586,0.5607317364924567,1.1043343684349463,1.8073720283921997,tum_fr1_desk,4
104,1497,0.0021571350467692297,0.0011270613788612093,0.00460934376200612,0.0013251473363756804,0.15856968736082822,1.529119611856207,0.3317636026847777,medium,medium,1.403064890137147,1.9135017424025555,1.7346312935103207,3.7462885882594312,tum_fr1_desk,4
3584,347,-0.000921475148402406,-0.0004028720660123725,-0.001362671050112151,-3.8323835697372495e-05,0.07572880159926457,1.1833728455316337,0.16986656550381496,low,near,1.029715433159968,1.4356133682493117,1.7452744499265407,3.3218261167182934,tum_fr1_desk,4
1059,1424,0.010133571829980259,0.0005573819477492914,0.01086328978393318,0.00017233600620362988,0.025808747509697597,2.018279210638627,0.32150492223510757,low,medium,1.0160247612144104,1.8246791100121627,1.3655627929850376,3.344047288392298,tum_fr1_desk,4
1330,4446,-0.00044758299592685897,-0.00012467894868761894,-0.0007747849420835605,-0.0002025229974690826,0.015408052808521606,2.5445975853393055,0.7265265243193411,low,far,1.3562691325543,1.9968727016184316,0.8878763323291607,2.993475604364817,tum_fr1_desk,4
2613,3892,0.0006349662598870774,0.0049251066614389915,0.005346117492138519,-0.00021395542918754967,0.017345613789401998,2.930419006032966,0.22785734301826827,low,medium,0.961346410624608,1.216815615684096,0.8352414713837599,2.106631961492246,tum_fr1_desk,4
4946,110,0.00502053727719522,-0.0004710077458135258,0.004326375320007424,-0.00022315421137427012,0.2571673284584407,0.7365542135166581,0.202797999966889,medium,medium,0.9507410709394496,1.3699429708026667,0.6335047669740195,2.137558791822328,tum_fr1_desk,4
1216,3027,-0.0016212460467883993,-0.005913536316361061,-0.0070448650540769495,0.0004899173090725113,0.032850956711184036,2.231535191972944,0.5307454376604729,low,medium,0.9351033404596358,1.9626033838980754,1.8102097565840065,4.033251570817484,tum_fr1_desk,4
3814,3362,-0.002050909015297841,-0.001766018907954854,-0.0035544250324008615,0.00026250289085183383,0.02293441650108841,2.369238874134729,0.1419385383448537,low,near,0.9314706943864578,1.8201970301504624,1.8316302641209794,3.71261910135345,tum_fr1_desk,4
2606,98,0.007806038358790142,-0.00018283025714832968,0.009679871228614304,0.002056663126972491,0.26348123336612383,1.130446367695499,0.13625103892904084,medium,near,1.2696231660478707,1.8567108909219314,1.2548425180791765,3.2165269569065655,tum_fr1_desk,4
14,2415,0.0019647954573465,0.002269486735166032,0.004916620974572192,0.0006823387820596591,0.0,2.4513493697837934,0.44998721004300796,low,medium,1.1608721098358414,0.8813267436000323,1.7931261287603473,2.8217817225390487,tum_fr1_desk,4
2091,4599,0.0025384972455330924,0.006991088279858649,0.009594123588401463,6.453806300972237e-05,0.0211882108184738,1.9568851231641093,0.41053996987759556,low,medium,1.0066667533532376,1.2579980500038204,1.4715636121853446,2.637728884766197,tum_fr1_desk,4
3603,1216,0.008184162330636333,0.010384614967287747,0.016472055547430604,-0.002096721750493477,0.10310432714415366,1.2164447810626378,0.5107879768812563,medium,medium,0.8870357077072765,0.7651353011351911,1.797490959544302,2.666687279542073,tum_fr1_desk,4
3892,4595,0.0035007547561808757,0.0012758702320020744,0.005016497740467676,0.00023987275228472507,0.0,2.48573076563946,0.16252160444412617,low,near,1.049998221475222,1.3389528081152404,0.7811169319756655,2.3284320387475557,tum_fr1_desk,4
4899,4006,-0.0035533163497562187,0.005268344508070394,0.0032043685119491658,0.0014893403536349902,0.1986733152352976,1.1603460645027521,0.10555776538382393,medium,near,1.8673169763700932,1.0829840023152704,1.1494513204985801,2.3750775363185674,tum_fr1_desk,4
3337,1757,-0.005529382436711506,0.007944335889685177,-0.0003115166129873102,-0.002726470065960981,0.4243427639711112,0.5043481598543805,0.2852086676611541,medium,medium,-0.12894147964807876,1.9175561980454066,0.5724078304369722,2.621733097543321,tum_fr1_desk,4
3238,2215,0.0001972860396624687,-0.0030736902297311885,-0.004426166531552252,-0.0015497623414835327,0.44243158667995286,0.47731584044132014,0.26134536287112287,medium,medium,1.539319775230094,1.1914580783834734,0.5307380703169617,1.7616924755824714,tum_fr1_desk,4
3445,2203,-4.670287609312169e-05,-0.0032805578459354327,-0.005420829033859974,-0.0020935683118314197,0.20064404402993552,1.3006707294166229,0.22272496987788215,medium,medium,1.629706594543204,1.3581497254574375,1.7795203384818883,3.2215116806542015,tum_fr1_desk,4
3959,2951,0.003344061782060771,0.004941102249503492,0.0077614964315047595,-0.0005236676000595035,0.035852153688095426,2.217388616442408,0.4131889518213463,low,medium,0.9366814851768683,0.6235132446450826,1.4097888005758006,2.0572810624779727,tum_fr1_desk,4
1082,445,0.0028570489795175266,0.004935489631501479,0.006015402170036601,-0.0017771364409824059,0.19670793667134046,0.9994475738438949,0.28415353052270254,medium,medium,0.7718447896737995,0.7498183828907019,1.292944756304929,2.06028249272395,tum_fr1_desk,4
1561,4272,0.0056803937802243866,-0.002321426309702679,0.00416564387268607,0.0008066764021643629,0.08414225676256737,2.3990855486046074,0.16954907708906303,low,near,1.2397869649729865,1.5695471845626559,0.9102542987445605,2.43264440503363,tum_fr1_desk,4
3267,84,-0.0011679475774690634,-0.007531183100446903,-0.009931940476838166,-0.0012328097989222015,0.17215823544315884,1.958492789595051,0.23571035004232074,medium,medium,1.1418476963164934,1.6096945579041488,1.55890492656743,3.36730341885883,tum_fr1_desk,4
3813,2024,0.003886316296711132,0.009269201185609425,0.013987016349252219,0.000831498866931662,0.04645538286827544,1.7685338192738826,0.02209615158138227,low,near,1.0631245212152585,1.9296666279228956,0.5812016126034811,2.650772792959455,tum_fr1_desk,4
2070,3976,0.0026549056459851793,-0.0022822832612288063,-0.002329327776606757,-0.00270195016136313,0.12348935769461919,1.4631701407401103,0.40176955826846,medium,medium,-6.234443843951255,1.6509174515804723,1.8580597823936411,3.636536069091971,tum_fr1_desk,4
2074,800,0.0014493421210865498,-0.002126459804154322,0.0019381439282735993,0.0026152616113413714,0.11047326588963965,1.3343987185776398,0.1541985464059359,medium,near,-2.86657778196185,1.624980476569963,1.2648349223084152,3.0718868302644937,tum_fr1_desk,4
609,2183,0.0011996275669584762,0.0007829484871604603,-9.469690372087723e-05,-0.0020772729578398138,0.7943371358938163,0.18741082915529772,0.1707860384738647,high,near,-0.04774049551779835,1.8927831125636445,1.3854486076333994,3.4298007464609106,tum_fr1_desk,4
2567,1992,0.003940928978273667,-0.001698437820058206,0.0017993234304022596,-0.00044316772781320115,0.08253567170634821,1.3753166811959756,0.3173678387477976,low,medium,0.8020193990126953,0.775592510512156,1.0682711972758325,1.9809365321376193,tum_fr1_desk,4
2490,725,-0.004202679146018684,0.0015820406495756232,-0.004232467471763002,-0.0016118289753199416,0.24514348543493575,0.9970135025096768,0.19726069021583728,medium,near,1.6156685273597242,1.3446414168087393,1.3905314290055308,2.8315800338741504,tum_fr1_desk,4
4127,3681,0.013286749005960885,0.012967247751441929,0.022125417051964778,-0.004128579705438038,0.667827326029054,0.31864523714243387,0.19269045962464226,high,near,0.8427126179600967,1.4919559434303,1.8668842277514321,3.4292050300338768,tum_fr1_desk,4
184,4823,0.0044409888844564325,0.0015641191928703435,0.0005156722439440134,-0.005489435833382762,0.8870500096489692,0.1213025387938353,0.664528801488958,high,far,0.0858579694712272,0.8846083895124259,1.8957163879455023,2.9451155731054293,tum_fr1_desk,4
1877,1749,0.004025926146475114,0.0019787898909548055,0.002243168608215714,-0.0037615474292142055,0.9393454513809948,0.0691602971978067,0.03488699211225538,high,near,0.3735056060318918,1.0953678859800429,0.9550549183580188,2.153342351514987,tum_fr1_desk,4
3240,3491,0.001913106999959169,-0.0014269255617023009,0.0021886661577117912,0.0017024847194549231,0.00270211527514147,1.758387096133036,0.10888025483426281,low,near,4.492507279306092,1.5237395506057232,1.7713535721537426,3.4163897118917816,tum_fr1_desk,4
774,2811,0.0029542635287979494,0.004473750562676003,0.007871305018081379,0.00044329092660742555,0.0,2.688193535290012,0.19342010874441848,low,near,1.0595356155152578,1.7404235376261663,1.7666394996801302,3.6161683389091626,tum_fr1_desk,4
716,4040,0.005126591670107515,0.0011536278083368766,0.007941211382585014,0.0016609919041406227,0.021807605805217192,1.3247456680668888,0.24959749981076276,low,medium,1.2642786022423365,1.2057576184884908,0.5719513378692138,1.8703849228212965,tum_fr1_desk,4
2246,3626,0.007032055200132774,-0.004354730092999511,-0.0036452323903307703,-0.006322557497464033,0.7213044057150165,0.25578318632042996,0.16006110793734102,high,near,-1.3610119177176492,1.5915642776108565,0.6103257184644189,2.2888565388794344,tum_fr1_desk,4
775,1452,-4.145036414729408e-06,0.009922926323853474,0.010008948670702027,9.016738326328343e-05,0.0710401881539048,2.1305866909159716,0.2732386321472938,low,medium,1.0089888456891882,0.5223034615182796,1.029316025756501,1.6395859093997682,tum_fr1_desk,4
1240,4611,-0.0022434814938826087,-0.0011842260713519478,-0.0032700730067936126,0.00015763455844094396,0.07449335546602368,2.189965763419263,0.021238896984183794,low,near,0.9542900713121628,1.951789886122124,1.2168359914186244,3.2783736321613572,tum_fr1_desk,4
229,2417,0.000817313083157324,-0.004557745689493409,-0.004243496527490567,-0.0005030639211544823,0.5340423934416458,0.538959595395942,0.2317087720339619,high,medium,1.1347968994815947,1.4932788285677503,0.6742711625178364,2.179774711650355,tum_fr1_desk,4
4288,4384,0.004269526147206736,0.005893136823210788,0.009837888155527894,-0.0003247748148896295,0.2775687021203683,0.7317123202969773,0.21339545054653375,medium,medium,0.9679471057001956,1.0919436048590478,1.0587034083681623,2.2844346073026705,tum_fr1_desk,4
2060,3034,-0.004987423064152216,0.008892451110763647,0.00530652839316359,0.001401500346552158,0.05153538167842067,2.564477780323029,0.135862417902842,low,near,1.3585484614651255,0.8148977475102266,1.6642277961584342,2.502037147433421,tum_fr1_desk,4
2808,4863,0.0016193638846554574,-0.0015271599803911686,0.00108843688169653,0.0009962329774322412,0.1263019123844673,1.6035946773993328,0.1801957578105692,medium,near,11.678018107590866,1.801621085122596,1.1766141077372896,3.0887694522746596,tum_fr1_desk,4
2919,4308,0.011563440671783979,-0.004624228904663701,0.007364011080597063,0.0004247993134767853,0.030071239105737967,1.6954060393392825,0.3119913263736941,low,medium,1.0610643201817793,0.7739774281156584,1.6257859710451235,2.5630964618207024,tum_fr1_desk,4
570,1784,-0.002855310145538665,0.010155575487277916,0.008692860429425528,0.0013925950876862775,0.30331844854064377,0.7192680231779077,0.4758439498766337,medium,medium,1.190596427133106,1.0303232813065057,1.2236772055716765,2.4433382593196984,tum_fr1_desk,4
4001,3080,0.009814278628212927,0.0018771789649505801,0.009788857392884844,-0.0019026002002786617,0.902588745661883,0.05644307879139384,0.3307289399232628,high,medium,0.8371941753809155,1.7095329211903845,0.7462216108385031,2.5400963593791057,tum_fr1_desk,4
4298,3712,-0.01260395522235377,0.007171800490072796,-0.006134098606284388,-0.0007019438740034126,0.6848633005486702,0.3008786828529098,0.07453499507701124,high,near,1.1294280698403507,1.0084043299055394,1.7290006284482917,2.806227005588874,tum_fr1_desk,4
834,2241,-0.0004748227544535033,-0.003079977155840145,-0.0059592989950199345,-0.002404499084726287,0.21338667969161015,1.2550377972027065,0.03059366947516182,medium,near,1.6768808445739203,1.026825529457732,1.7558599992731891,2.8385874905175625,tum_fr1_desk,4
2665,2563,-0.005213573930013563,-0.001507470205346933,-0.009765239710373718,-0.003044195575013222,0.24593815657651724,1.1013281699123831,0.08877512021075167,medium,near,1.4531511272358426,1.5833728671263898,1.5830317150400435,3.2865224234824955,tum_fr1_desk,4
1774,1421,0.003951392385297731,-0.0016705502561937067,0.0036385290171553116,0.0013576868880512873,0.10282289841756455,1.5433815564680966,0.07799763516482773,medium,near,1.5945577350629407,0.6824343360201414,1.04508871914819,1.8298351464192413,tum_fr1_desk,4
2639,3889,-0.006450981088164009,0.008903764838931402,-0.0003308252322026797,-0.0027836089829700724,0.756839127443589,0.16335565463522284,0.15409416449475763,high,near,-0.1348224887784907,1.3250581114979059,0.6457470229489483,2.1420877343992637,tum_fr1_desk,4
1301,673,0.0017049207194464009,0.011256700597455392,0.01201805124918163,-0.0009435700677201616,0.014838012394601936,2.579117079423981,0.10152807030965892,low,near,0.9271312457081078,0.6569567103914384,1.6452531270805495,2.5465222110001937,tum_fr1_desk,4
3639,3151,0.004743453682406464,-0.0030593798926309293,0.0011841160188096299,-0.0004999577709659045,0.04200706005202922,2.0351075816465807,0.1699265326570393,low,near,0.7027087039122268,0.8075826401282536,1.4686393572960317,2.402294393755746,tum_fr1_desk,4
4066,947,0.01077978361895439,0.0009244644189840576,0.012533213647419716,0.0008289656094812681,0.0,2.9980232684046024,0.5378994075553687,low,medium,1.0707345634024763,1.1076531905706808,1.942990864800234,3.144468241816338,tum_fr1_desk,4
4076,157,-0.0020290514584263286,-0.004690675450544904,-0.00796447850794238,-0.0012447515989711464,0.045349016065198075,1.7993160419084042,0.42307520843795515,low,medium,1.1854148287092525,1.5974119165527858,0.8853467090668449,2.6167046418917557,tum_fr1_desk,4
3030,2307,0.006305424031019057,0.004394799295840049,0.011001332133977821,0.00030110880711871536,0.01555916668111594,1.4705413707048947,0.20473221897441005,low,medium,1.028044345767971,0.6979744970186108,1.933746244524485,2.7615531367798214,tum_fr1_desk,4
4039,1304,0.007334473093236284,-0.005106749726592736,0.00030966002028574727,-0.0019180633463578007,0.20160940924542267,1.4477348831324093,0.1605974015898151,medium,near,0.13894053650637428,0.5085813973129469,1.476979845839359,2.1146474114008313,tum_fr1_desk,4
1129,2274,0.014317784660661298,0.0014554675243083398,0.017942240935283755,0.0021689887503141174,0.309551904681378,0.8609795955726103,0.11783461317117222,medium,near,1.1374384487386264,0.5380572320634733,1.6252254219477766,2.2905863126016635,tum_fr1_desk,4
4784,2058,-0.00032851417329537265,-0.004150150379610098,-0.004429466615094707,4.919793781076271e-05,0.00290275079428497,2.3366809292993542,0.17026123134624596,low,near,0.989235920368468,1.4925125910762955,0.9665625575854759,2.549427449181783,tum_fr1_desk,4
1473,4734,0.004546476618210039,-0.0010803560766816187,0.004571658420751591,0.0011055378792231702,0.33106182139493057,0.7090670075423939,0.3635976042640433,medium,medium,1.3185749863592149,1.3355988990258756,1.7794341705106231,3.227642812248213,tum_fr1_desk,4
4562,4055,-0.007851542906757006,0.001049046789134991,-0.007278784989064674,-0.00047628887144265963,0.46386545469910995,0.5620040062148158,0.7319990006629521,medium,far,1.0701741004021235,0.7107459722912024,1.0840802820015383,1.8707628328737715,tum_fr1_desk,4
1796,4722,0.00777107446145737,-0.0031708160608067085,0.006693849574129409,0.002093591173478748,0.3213708459477176,0.7957862883300308,0.10709912199404507,medium,near,1.4547867107795631,1.1003521304564818,1.5348330983576053,2.656691683369079,tum_fr1_desk,4
4090,4306,0.004274573755400111,0.007270635041548095,0.011787989470024808,0.00024278067307660135,0.12808570412779213,1.466787430713601,0.6130158156736066,medium,far,1.0209402650972765,1.5479854701218603,0.8857657040366409,2.523517055752495,tum_fr1_desk,4
486,3732,0.0024620839889952376,0.00614699432002361,0.004613558443412115,-0.0039955198656067325,0.11095514844134235,1.5425984109090087,0.04545094722003012,medium,near,0.5358323441239234,1.8045353018893182,1.51383783306244,3.4428686312720376,tum_fr1_desk,4
2299,3907,0.00031573517611429756,0.0031176286223819428,0.003503488730961085,7.012493246484428e-05,0.042869974476993304,2.7972365508339467,0.15218885162313028,low,near,1.02012743451789,0.5630086511282179,1.8603092477285792,2.531150840472552,tum_fr1_desk,4
4200,2721,0.0014809375779851657,-0.0039023024261604106,-0.0017731121918493757,0.0006482526563258692,0.06586835285327405,2.50182528931735,0.8711634785198012,low,far,0.7325805418080484,1.4127569194561798,0.8819402999793432,2.4819127751726784,tum_fr1_desk,4
3281,1519,0.0053179893428038135,-0.007561859954736058,-0.001741530596922953,0.0005023400150092918,0.08626861692813984,1.496556203737303,0.44450363390521724,low,medium,0.7764739471184275,1.624170181900798,1.3090223072613196,3.0020549323556587,tum_fr1_desk,4
869,3521,0.005221552500541002,0.002732378058266591,0.008595894428283393,0.000641963869475801,0.49110167631743984,0.5427732549475502,0.02795565837981966,medium,near,1.0805744141620615,1.7918740777745976,1.7196575706662658,3.6046148843400445,tum_fr1_desk,4
2824,1693,0.00011288299434835162,-0.006616515601596347,-0.006571848898979232,-6.821629173123701e-05,0.02842397305903899,2.7392108153528087,0.1377845334198713,low,near,1.0106443491293182,1.2966641338162332,1.112332733882348,2.501237836085965,tum_fr1_desk,4
1896,3324,0.0010006274609760872,-0.003913221937879673,-0.004965655726467611,-0.002053061249564026,0.04696717239133507,1.543795691230973,0.1905965072246557,low,near,1.7054764205173492,1.6541549924016443,0.6578628471164786,2.44923303034492,tum_fr1_desk,4
4051,517,0.007306253568022611,-0.005340350062943265,0.0018107542284968455,-0.0001551492765825006,0.07884980505879927,1.6330552676903218,0.9508975370825554,low,far,0.9206116232040567,0.589566357314586,1.9892951504053284,2.6802660087155297,tum_fr1_desk,4
964,1976,0.0032276699910457514,0.0016155314728216966,0.0014714765464367914,-0.0033717249174306566,0.31468925204058684,0.990091703511954,0.007322186582606449,medium,near,0.3037603942388502,1.846645366278782,1.2791645263316482,3.2823402076615764,tum_fr1_desk,4
2922,1925,0.001479885981153786,0.004132741897589876,0.004362406401343207,-0.0012502214774004552,0.13363388957272299,1.2396182426063374,0.8225389030456184,medium,far,0.7771100072132888,1.4693787764857857,0.552125122601069,2.1431845888412866,tum_fr1_desk,4
3550,4919,0.005740702901376378,0.00333522238384165,0.007571069582766229,-0.0015048557024517988,0.14948008280783248,1.5496241659766625,0.40692807442568546,medium,medium,0.8341006833113281,1.9234634974473517,1.910182839965799,3.885845089276548,tum_fr1_desk,4
3358,2438,-0.008610380262099461,0.008110847721589078,-0.005553878457214189,-0.005054345916703806,0.512865364805283,0.4085747441561861,0.03712621026062135,high,near,11.140453242085837,0.7399443762014813,0.521342335593749,1.3787678104220298,tum_fr1_desk,4
