candidate_idx,context_size,context_type,overlap_bin,depth_bin,delta_q_single,delta_q_conditional,utility_single,utility_conditional,deviation_dq,ratio_rq,sign_flip,iou_with_context,depth_conflict_with_context,scene,frame
38,2,high_utility,medium,near,0.009827620146171702,0.008696119624025726,0.006444577458487486,0.006300884526200599,-0.0011315005221459757,0.8847752273153937,False,0.12715062662140522,0.1896378735963098,tum_fr1_desk,0
3530,1,overlap_top,high,near,-0.00899402978310041,-0.010286607393680529,-0.006969214193253505,-0.007543427265535312,-0.0012925776105801188,-1.1435879192981324,False,0.554945780625191,0.07483455883595279,tum_fr1_desk,0
3598,8,random,high,far,0.0008879361077221719,-0.011993815664678465,0.0004635713553045374,-0.005981315338385893,-0.012881751772400637,-13.49232589439039,True,0.685888073673999,1.0016398297543785,tum_fr1_desk,0
3610,4,high_utility,low,medium,0.0009671641578433549,-0.00019605638224704913,0.0005974735218428968,-0.0001045543529167057,-0.001163220540090404,-0.20250324354474838,True,0.02490726630760909,0.3163787576627969,tum_fr1_desk,0
526,2,spatial_knn,medium,near,0.0037136267318885205,0.0036271331701960884,0.0022420086491734942,0.002164114268053526,-8.649356169243214e-05,0.9764462036141245,False,0.4242835149826049,0.005407002447689062,tum_fr1_desk,0
1016,2,high_utility,medium,medium,0.0055450187879425615,0.001828476394495856,0.004536602292048004,0.0015356640503206898,-0.0037165423934467055,0.3296917057820095,False,0.47866181209794156,0.28041772135819376,tum_fr1_desk,0
2013,2,spatial_knn,high,near,0.004223275928334796,0.0012302428824487702,0.004270727140841175,0.0012592182520303242,-0.0029930330458860254,0.29123165799771283,False,0.6380472805097506,0.11147651915405814,tum_fr1_desk,0
4197,2,random,high,medium,-0.003889483214902863,-0.004210782976926615,-0.0035724584814225174,-0.003722117056945852,-0.00032129976202375176,-1.0823290435483215,False,0.779759881496552,0.38391900926239614,tum_fr1_desk,0
2720,1,high_utility,medium,far,0.003289984960600331,0.0032282183801624568,0.0020261728803709946,0.0019898534722483817,-6.176658043787451e-05,0.9809277218859047,False,0.19363601269002198,1.29515479656883,tum_fr1_desk,0
917,8,spatial_knn,high,near,8.408741006963433e-05,-0.0073989768850539475,6.277643947233128e-05,-0.005820120265462387,-0.007483064295123582,-86.95736395077402,True,0.7529900033859093,0.022551664786912423,tum_fr1_desk,0
2270,2,random,medium,near,0.00516058050634189,0.002203047210619383,0.002979271126029121,0.001158077319384982,-0.002957533295722507,0.4268164001147634,False,0.1339860658072558,0.0331346451855227,tum_fr1_desk,0
250,2,high_utility,high,far,0.008915725004361372,0.0065465300932562665,0.006795804386922199,0.004607485810782111,-0.0023691949111051052,0.7341854873907417,False,0.7481614522395678,0.883229348206522,tum_fr1_desk,0
2134,2,random,high,near,0.012578778609583275,0.010770896665162146,0.009461262529740463,0.007189858270945496,-0.0018078819444211297,0.856207171798467,False,0.653838215969995,0.1806182915805139,tum_fr1_desk,0
3804,1,random,high,near,-0.0003014772209692339,0.0002021629555848236,-0.00020433006787114015,0.0001389398668483232,0.0005036401765540575,0.6683576202433649,True,0.6974268532737614,0.07423624745416618,tum_fr1_desk,0
4130,2,spatial_knn,low,medium,0.005093432739239528,0.006222757176779029,0.004083584457622985,0.00548496444735759,0.0011293244375395006,1.2214818597659867,False,0.01668891143323048,0.31775663008763627,tum_fr1_desk,0
4611,2,high_utility,low,near,0.004821386940133681,0.005952639730531419,0.005803008214849119,0.007409605798238846,0.0011312527903977378,1.2343762133625897,False,0.024522001764644853,0.08939362594166896,tum_fr1_desk,0
3811,2,high_utility,high,medium,0.0063689152048005794,0.006021100957502654,0.00506567698326834,0.004820802078304515,-0.0003478142472979251,0.94524036253496,False,0.6936251968979589,0.25930552240579874,tum_fr1_desk,0
3714,2,random,high,medium,0.0001341740889340148,-0.00016507854841702634,7.412376723330957e-05,-9.030242378961926e-05,-0.00029925263735104115,-1.221229229054463,True,0.6343648756845053,0.319271379418718,tum_fr1_desk,0
1,4,overlap_top,high,near,0.009382701748629478,0.010522975811071832,0.005865396374701988,0.006812574895653037,0.0011402740624423544,1.1214098756504862,False,0.6208001656283436,0.15591459764384655,tum_fr1_desk,0
4599,1,overlap_top,low,near,-0.0013581168396902578,-0.0015148472379127836,-0.001760435436364499,-0.0017259153256245078,-0.00015673039822252586,-1.114582053341357,False,0.05530622894929556,0.17243083723187022,tum_fr1_desk,0
4396,1,overlap_top,medium,far,0.011058460280595133,0.011827913124103407,0.01720108287861609,0.014520441316914472,0.0007694528435082744,1.0694837563508048,False,0.3128652293214086,1.046147412546343,tum_fr1_desk,0
2891,4,overlap_top,medium,near,0.009688057800370208,0.007505451370186145,0.011323872940928481,0.011366311651418317,-0.002182606430184062,0.7746317056648554,False,0.1888403706771712,0.02290131676678112,tum_fr1_desk,0
2212,4,overlap_top,high,near,0.0007037477870988722,0.00140480855122698,0.0008060589018045977,0.0014667335888363209,0.0007010607641281079,1.9933493612089812,False,0.7588666838811471,0.08731744231922163,tum_fr1_desk,0
1939,8,random,high,medium,0.008112504574434402,0.011616526207816578,0.004849985098709014,0.006102829394765591,0.003504021633382176,1.431751976133738,False,0.6445361223600425,0.2640993040907765,tum_fr1_desk,0
1008,8,random,low,medium,0.0016419937029296802,0.0016047714664198386,0.0012662325058995943,0.0011713495326264225,-3.7222236509841595e-05,0.9767362245870534,False,0.04135746979322157,0.30649784663387686,tum_fr1_desk,0
3249,8,high_utility,medium,far,0.0015964170994570885,-0.0024925118877558465,0.001159338362637594,-0.0017462514166005157,-0.004088928987212935,-1.5603388048137037,True,0.11867456076967109,1.2944253253600135,tum_fr1_desk,0
1364,2,overlap_top,medium,medium,0.00413935338595193,-0.0010364246832492872,0.006011143816205589,-0.0016842989514479537,-0.0051757780692012175,-0.25032275910694934,True,0.24634395327295275,0.36590950426225183,tum_fr1_desk,0
2474,8,random,medium,near,0.004527135733124089,0.0046215676092380975,0.007064244494206769,0.008416069653344481,9.443187611400802e-05,1.0206336297365244,False,0.12493107583373915,0.08019184102900147,tum_fr1_desk,0
3072,8,random,high,medium,0.0018455618221420997,0.007866005425234728,0.001293522723213568,0.005437850444323497,0.006020443603092628,4.259811575715232,False,0.6916870687640294,0.43897771710164263,tum_fr1_desk,0
703,8,spatial_knn,high,medium,0.0042461421745987275,6.195496603292674e-05,0.005156127975953676,8.281795694707832e-05,-0.004184187208565801,0.014587448097091378,False,0.661471106969502,0.3298581774293176,tum_fr1_desk,0
1637,1,overlap_top,medium,near,0.00702571286639009,0.005520952779461191,0.004198016297570332,0.0036681617572796844,-0.0015047600869288994,0.7857091764584271,False,0.2309484764245105,0.034660170776981344,tum_fr1_desk,0
821,2,random,high,medium,-0.0026686112637011134,-0.004647946407179734,-0.0023059747778804525,-0.0037121883532284555,-0.001979335143478621,-1.741057385537055,False,0.6098281078212926,0.47956964293433263,tum_fr1_desk,0
735,2,high_utility,medium,medium,-0.004702643016912585,-0.003373773724926771,-0.0032537169212729605,-0.0020244262861113427,0.0013288692919858143,-0.7172682350246204,False,0.3169381532874043,0.35669295060934325,tum_fr1_desk,0
2989,8,high_utility,low,medium,0.007559938569053224,0.008649603434069685,0.007132833840903695,0.007129127974890919,0.0010896648650164614,1.1439854133284915,False,0.011733645637011049,0.26533713315130936,tum_fr1_desk,0
2830,2,overlap_top,medium,near,0.017709834886438992,0.016775888972370586,0.009189322210571045,0.009509324423752156,-0.0009339459140684054,0.9472105115279299,False,0.3833455021037848,0.0077929661826043415,tum_fr1_desk,0
1014,4,random,high,medium,0.002854854857841096,0.003811148705022678,0.002615416161042296,0.0034639409256545153,0.0009562938471815823,1.334503640673022,False,0.6503885909728748,0.37988542314941726,tum_fr1_desk,0
372,8,overlap_top,high,near,0.002646534875831702,-0.0010731803434141404,0.0024731364453673783,-0.0009675674551168964,-0.0037197152192458426,-0.4053507862014506,True,0.7475488214444115,0.1299847437919615,tum_fr1_desk,0
1681,4,high_utility,high,medium,-0.00355019052545726,-0.003795240707450321,-0.0038284814940224513,-0.004927218427338772,-0.00024505018199306094,-1.0687234830808285,False,0.7436847019375914,0.22795294473130784,tum_fr1_desk,0
2359,2,overlap_top,medium,medium,0.0035810003810228044,0.0024482195728365314,0.002064260303564726,0.001456640779164606,-0.001132780808186273,0.6834783116738438,False,0.14491947962774426,0.34288010778785105,tum_fr1_desk,0
2938,1,high_utility,medium,far,0.004567703540817569,0.004521710979607715,0.002702604233099658,0.003091936017429978,-4.599256120985356e-05,0.989714245892732,False,0.20525022696109102,0.9884588915423778,tum_fr1_desk,0
1072,4,spatial_knn,medium,near,0.014730241667022375,0.01455635473459474,0.008712939490411273,0.008521119379131057,-0.00017388693242763494,0.988128160790469,False,0.4887847910807934,0.15881322970007317,tum_fr1_desk,0
145,1,high_utility,medium,medium,0.0033270191417426867,0.005966165235139998,0.0038898544851182996,0.007723316812182153,0.002639146093397311,1.7927076080505564,False,0.24164840146783606,0.3949835539433474,tum_fr1_desk,0
661,1,overlap_top,medium,medium,-0.0008387753158709691,-0.0009743900129401594,-0.0007384117109559201,-0.0007046890118796215,-0.00013561469706919029,-1.160298468560695,False,0.13441136619589075,0.40053639142455977,tum_fr1_desk,0
440,4,random,medium,near,-0.007460921244118334,-0.009575904814134001,-0.013933696004973479,-0.024031165708884614,-0.0021149835700156674,-1.2833028520211145,False,0.18419693474229595,0.06927189280650388,tum_fr1_desk,0
3351,1,spatial_knn,high,near,0.003571917470274236,0.0028203546222090982,0.005068989701012675,0.0035153409604194302,-0.0007515628480651379,0.789370212347117,False,0.5406729960699008,0.17540460884315262,tum_fr1_desk,0
4839,4,high_utility,medium,near,0.007520245682416769,0.005761990200441795,0.010858111222811035,0.008571400416460836,-0.001758255481974974,0.7660951980218149,False,0.4825755281706978,0.12339687924985861,tum_fr1_desk,0
2564,1,high_utility,medium,near,0.007653516543072507,0.010084920211861283,0.0069464835078801275,0.00822830338968856,0.002431403668788776,1.3175123673863296,False,0.18132512178159044,0.1315497704431262,tum_fr1_desk,0
4153,8,overlap_top,medium,far,0.0009253374700730396,-0.00226522943411995,0.0015297402951836413,-0.00334008115596128,-0.0031905669041929897,-2.4453609049640863,True,0.4320095316836085,0.6362768449469225,tum_fr1_desk,0
3883,2,random,medium,far,0.008138344962366461,0.004719062924984051,0.0040871353555850115,0.0024569381817622516,-0.003419282037382411,0.5797841161424389,False,0.2903554174767936,1.6198055561760298,tum_fr1_desk,0
632,1,spatial_knn,medium,medium,0.00172115461171147,6.748202558720033e-05,0.002718390471637935,0.0001312430643535097,-0.0016536725861242697,0.03918464993113306,False,0.1402423538861277,0.3513596275404774,tum_fr1_desk,0
285,4,high_utility,medium,far,-0.00967786362083314,-0.011676458099977135,-0.014237501852157353,-0.01931862093178917,-0.0019985944791439947,-1.2063872947692227,False,0.12193281066433395,1.4671964886144164,tum_fr1_desk,0
1523,2,high_utility,medium,medium,0.005946578059273,0.005213659868837564,0.00464055086354421,0.004117593587256948,-0.0007329181904354354,0.8766021760250514,False,0.2056378131456639,0.46521203753120743,tum_fr1_desk,0
1689,1,spatial_knn,medium,near,-0.0033529716911780104,-0.006132463894751148,-0.003223373970542708,-0.006418768296557166,-0.0027794922035731377,-1.8284185018261891,False,0.27705741487120283,0.08195839008474025,tum_fr1_desk,0
1826,4,random,medium,medium,-0.006005096488508761,-0.006841437771413631,-0.004286621913054233,-0.004918346791104207,-0.00083634128290487,-1.1390822282830615,False,0.12941136908168768,0.4629208840980056,tum_fr1_desk,0
4361,4,spatial_knn,high,near,0.003865294676603183,0.006871132577012103,0.0024430891630342565,0.00446547702619852,0.00300583790040892,1.7771880189558873,False,0.6320243490456492,0.10901456087753603,tum_fr1_desk,0
4917,1,random,medium,near,-0.0007188971661166981,0.003210858105598669,-0.0004146554235344852,0.0018846295553361912,0.003929755271715367,4.460162168603643,True,0.38348355211028146,0.1129442335225785,tum_fr1_desk,0
4223,2,high_utility,medium,near,-0.0005812800796856348,0.00028227211513177637,-0.00030130670526870817,0.00013944342898085182,0.0008635521948174112,0.4847703450273815,True,0.1170991937297993,0.13743884473701945,tum_fr1_desk,0
1884,1,spatial_knn,high,far,-0.014942140413281966,-0.015479665849451847,-0.013007328663189759,-0.01447482862904132,-0.0005375254361698822,-1.0359044632741992,False,0.7491593391069284,0.6264967202441979,tum_fr1_desk,0
689,4,overlap_top,low,medium,0.0022452670463717853,0.002014566633176307,0.0021440705020252175,0.0019384057897459423,-0.00023070041319547824,0.8968509048958692,False,0.04907970168853453,0.45527864796717904,tum_fr1_desk,0
399,8,spatial_knn,medium,near,-0.005401420491037316,-0.007628225818119196,-0.00920688553464091,-0.013709354470633163,-0.0022268053270818795,-1.4120014965096699,False,0.23788403858947113,0.16881318980141638,tum_fr1_desk,0
3302,1,spatial_knn,medium,near,0.0020784335689780107,-0.00037902979377079597,0.001041797169821026,-0.00018534473494093135,-0.0024574633627488067,-0.18227550012914312,True,0.18611643085014482,0.07484727049232301,tum_fr1_desk,0
3029,1,spatial_knn,high,near,0.013443410343988361,0.012978679241776299,0.008473749453020474,0.009479750122456356,-0.00046473110221206284,0.965358755773152,False,0.7092833721923735,0.17923365893783466,tum_fr1_desk,0
900,2,spatial_knn,medium,near,0.00470731364102394,0.005225623961629233,0.0028460896056843963,0.00326737523408062,0.0005183103206052937,1.1098716780670523,False,0.19886420617195366,0.0430931290875717,tum_fr1_desk,0
4795,1,spatial_knn,high,medium,0.003959020027012733,0.0024634403522310884,0.004811620933684743,0.0030052587229415007,-0.0014955796747816445,0.6220777509777901,False,0.6674426927638141,0.29770768437786904,tum_fr1_desk,0
3804,1,high_utility,medium,near,0.001949420442655443,0.005386263290884898,0.002168359924153605,0.0055399160624542846,0.0034368428482294553,2.7615908719412574,False,0.39059290961742255,0.04877285511537734,tum_fr1_desk,0
571,2,spatial_knn,medium,far,-0.0041914784418802305,-0.002906825532803527,-0.0038393507807331652,-0.0029672591621867548,0.0012846529090767035,-0.6933429886642142,False,0.3139149772227796,0.9385884677411297,tum_fr1_desk,0
2247,8,random,high,near,0.0010109765705174684,-0.007267567469363984,0.0005333619607345554,-0.004398433948599727,-0.008278544039881453,-7.1815570449894475,True,0.7214095937083389,0.18567778045178387,tum_fr1_desk,0
3271,1,random,low,medium,0.0015134590561398664,0.0009091199845765546,0.001800776468408661,0.0010915557304099234,-0.0006043390715633118,0.6002935377426234,False,0.053321632448551974,0.21919741259676542,tum_fr1_desk,0
365,8,high_utility,low,near,0.0031848070785602135,0.00272998676267176,0.005237071268150757,0.005171622173491359,-0.0004548203158884532,0.8569215571915749,False,0.08429402716224477,0.010865677424550845,tum_fr1_desk,0
772,8,high_utility,high,medium,0.00849405662423526,-0.003965908982910719,0.004273989464020974,-0.0021916905153570388,-0.01245996560714598,-0.4668490344839505,True,0.6197228249449456,0.324854705288551,tum_fr1_desk,0
2376,2,spatial_knn,low,medium,0.007928520773314985,0.00864747408398005,0.0088333111601579,0.008671968831158429,0.0007189533106650667,1.0905418285908497,False,0.06609413076741495,0.21687018902564312,tum_fr1_desk,0
377,2,high_utility,low,near,-0.0017839754428473037,-0.001142288005692654,-0.0016627440128722595,-0.000955591137628452,0.0006416874371546497,-0.6399460621545209,False,0.008342159517922455,0.08847786830387994,tum_fr1_desk,0
3983,8,overlap_top,medium,far,0.006810996772975587,0.0057052768643929865,0.0069265013419396015,0.005349597702254153,-0.0011057199085826007,0.837533700401451,False,0.2342576293607718,1.1731621718151655,tum_fr1_desk,0
3697,8,spatial_knn,medium,near,0.0018616466620286932,-0.0012279717260133742,0.0010838299441448549,-0.0008073343593674966,-0.0030896183880420674,-0.6592617650177057,True,0.12531074957904664,0.013416258658457457,tum_fr1_desk,0
3468,8,overlap_top,high,medium,0.0008937318820711401,-0.006767147917262384,0.00048827445930688356,-0.003731177591600231,-0.0076608797993335245,-7.563324894154524,True,0.7939323203915762,0.33392437979256334,tum_fr1_desk,0
1368,2,random,high,medium,0.0034128997524414985,0.003600097719331286,0.004104035514565144,0.004789550816077233,0.00018719796688978748,1.0545411348873455,False,0.6735988423120493,0.39112764058042704,tum_fr1_desk,0
3754,4,random,high,medium,0.0015281412498230943,-0.0017295384993302808,0.0009617176019425044,-0.0010556167280362087,-0.003257679749153375,-1.131052150695935,True,0.7721037937015973,0.2010602206987631,tum_fr1_desk,0
3300,1,random,medium,near,0.005618068095888898,0.006621972631472432,0.003431345393515984,0.003994479301675889,0.0010039045355835336,1.178482360147458,False,0.40668843753302397,0.10595365500048616,tum_fr1_desk,0
4969,1,high_utility,high,far,0.001307720080081131,-0.00036050359713589333,0.002544210262939903,-0.0007311020999814931,-0.0016682236772170244,-0.2754627231772472,True,0.5933696492103441,0.6397281129760172,tum_fr1_desk,0
2159,1,random,medium,medium,-0.0022526022710465006,-0.00016355026369031323,-0.0015155348335324915,-0.00010345645825284395,0.0020890520073561874,-0.07257281632679831,False,0.44406795944182903,0.39623210477044063,tum_fr1_desk,0
1778,2,overlap_top,high,medium,0.0033899153237135424,0.004072131291201157,0.006675092829654936,0.011222328011611826,0.0006822159674876138,1.2008944200769909,False,0.6719711842257461,0.5363549812495183,tum_fr1_desk,0
1929,2,high_utility,high,far,-0.00353154090614171,-0.002685937482067011,-0.0020031922463593648,-0.0016398346414024107,0.0008456034240746989,-0.7603415086849282,False,0.7013206094625605,1.682623869212717,tum_fr1_desk,0
1080,1,overlap_top,low,near,0.0031234236287594297,0.004056014460632519,0.0028726695999342325,0.004339264666314724,0.0009325908318730899,1.2981640592197745,False,0.0015039068199285133,0.05894047567876359,tum_fr1_desk,0
2947,1,overlap_top,medium,near,0.00831292051713591,0.006237541122280184,0.007686392004431671,0.005610026718559576,-0.002075379394855726,0.7502526767514703,False,0.4705618135587124,0.19673974856808343,tum_fr1_desk,0
663,4,spatial_knn,medium,medium,0.0019001228564004846,-0.00043291810614654556,0.0013581478965635047,-0.0003330600016585927,-0.00233304096254703,-0.2277170592573994,True,0.21585657610257147,0.5229755066433693,tum_fr1_desk,0
4835,2,high_utility,high,near,0.003929421915421629,-0.0017309223789485429,0.003924091123786951,-0.0016005538402616426,-0.005660344294370172,-0.44039098503827195,True,0.7855753523569162,0.07065670410264942,tum_fr1_desk,0
1836,4,random,medium,medium,0.003805723851734343,0.0016475632347754832,0.004457460788786312,0.0017694853915314812,-0.00215816061695886,0.43280345487231847,False,0.17648956216896902,0.2735591341376283,tum_fr1_desk,0
4697,2,random,high,medium,0.00641107891233404,0.006186219896309253,0.008433176632699092,0.007296854423890273,-0.00022485901602478675,0.9647760080447025,False,0.5089418917665862,0.4620457904229278,tum_fr1_desk,0
3920,2,overlap_top,medium,medium,-0.00426674096560943,-0.004569452276940988,-0.004089446440194394,-0.004612922260322921,-0.00030271131133155873,-1.070695788184622,False,0.13223528877613963,0.3614439066075171,tum_fr1_desk,0
2003,4,overlap_top,high,near,0.005857194959579121,0.0011069578919747323,0.0030918039402737536,0.0006274075692263508,-0.004750237067604388,0.18895886866391712,False,0.7525433960922725,0.0900465654601783,tum_fr1_desk,0
3384,2,random,high,near,0.0010394447363927999,0.00162519440825392,0.0008489044707449486,0.0017338624296375964,0.0005857496718611201,1.562018963052699,False,0.5049365167653651,0.01533810650020602,tum_fr1_desk,0
4643,1,high_utility,medium,medium,0.0011954754597540357,0.0016524152846999036,0.002341568156916419,0.003351025782230547,0.00045693982494586787,1.3810690986003151,False,0.12712653413548286,0.28265580387505407,tum_fr1_desk,0
840,2,overlap_top,medium,medium,-0.0027703087387316114,-0.005677517964771008,-0.001648315423317408,-0.003477442255384433,-0.002907209226039396,-2.04867753831337,False,0.21755978090290481,0.4273836760791483,tum_fr1_desk,0
4000,8,random,low,medium,0.0055704305647626545,0.0056720748524521645,0.004523811525531637,0.0050722546151917335,0.00010164428768951008,1.01806435286586,False,0.0372004691520524,0.2900380176155032,tum_fr1_desk,0
3737,8,random,high,far,0.0011560160664892737,-0.004178247357102466,0.0013517849980828973,-0.005038054955289778,-0.0053342634235917395,-3.6112267392971433,True,0.5310317489404713,0.99226649384051,tum_fr1_desk,0
1753,8,spatial_knn,medium,medium,0.006633604988857625,0.0072221343481012786,0.005879859983478441,0.007202241495689747,0.0005885293592436543,1.0885552885560437,False,0.49954035717738243,0.20465097432101653,tum_fr1_desk,0
597,1,spatial_knn,medium,near,-0.000786405620520405,-0.0039144740909226,-0.0008165789347842133,-0.004444542148101515,-0.003128068470402195,-4.971356552338909,False,0.4868218181571733,0.12900713302587316,tum_fr1_desk,0
3669,1,high_utility,high,near,0.0011791029418974747,0.00020744701178756293,0.0008787241215181393,0.00015286426719009934,-0.0009716559301099118,0.175787216879581,False,0.7844134576008849,0.07740183588349131,tum_fr1_desk,0
97,2,overlap_top,medium,near,0.012868691867341193,0.013749335108422953,0.015334081265452182,0.0189178321902651,0.0008806432410817598,1.0683499846110527,False,0.3877570297040376,0.054375473286544934,tum_fr1_desk,0
4666,4,high_utility,high,medium,0.005250951903653772,0.001344202875889211,0.0029286148831020784,0.0007404720048281744,-0.003906749027764561,0.2559434854980397,False,0.5207787737207633,0.23652224229113772,tum_fr1_desk,0
2791,8,overlap_top,medium,far,-0.0012362031899402328,-0.002353966809745682,-0.000736090103710519,-0.0013109553894152133,-0.0011177636198054493,-1.9026517462013643,False,0.2718219772495081,0.6170357201554315,tum_fr1_desk,0
4976,2,spatial_knn,medium,near,-0.0018418247365703608,-0.0022068808671081804,-0.0010138041408782883,-0.0012168816265032214,-0.0003650561305378197,-1.1975533122131605,False,0.12929584902869715,0.08851004626508557,tum_fr1_desk,0
4402,8,random,high,near,0.006415548885735795,-5.1474296341017835e-05,0.004904652538957409,-4.067770404021709e-05,-0.0064670231820768125,-0.008022115510636401,True,0.6386753505794627,0.13953237047050404,tum_fr1_desk,0
4654,8,high_utility,medium,near,0.007742228545983774,0.005119802118272678,0.009758108213785968,0.005773046038465198,-0.0026224264277110963,0.6611973400847371,False,0.4186637049557931,0.10154021006671617,tum_fr1_desk,0
612,2,random,medium,medium,-0.01179798699636442,-0.010671237297222557,-0.008825997493448154,-0.006706838157016491,0.0011267496991418618,-0.9044197862503492,False,0.25340934165402135,0.5838494941540087,tum_fr1_desk,0
3958,8,overlap_top,medium,near,0.0029140345460266833,0.002594269958835973,0.0018224631950999443,0.001679457581678034,-0.00031976458719071006,0.8899619945746694,False,0.1216834265778183,0.17411885846696157,tum_fr1_desk,0
246,1,high_utility,high,near,0.0016017930437714242,0.0011910718909587247,0.0008105557204587757,0.0006084807490986702,-0.0004107211528126996,0.743122697959865,False,0.5801484384219127,0.11703016421925944,tum_fr1_desk,0
3069,1,spatial_knn,medium,medium,0.006928649978399315,0.004924443970201555,0.009973001788158003,0.0065605913576089045,-0.00200420600819776,0.7106338683125025,False,0.4478045469107061,0.22485153439755093,tum_fr1_desk,0
2990,8,high_utility,high,near,-0.0020268591352517193,-0.004448205097887693,-0.0011340552988751114,-0.002531848150666841,-0.0024213459626359736,-2.193547382341,False,0.7345663996982202,0.03521253595475337,tum_fr1_desk,0
4079,1,random,medium,medium,-0.007776382131550505,-0.00863682370455291,-0.005263192544005734,-0.005460452266774678,-0.0008604415730024043,-1.1105052520842338,False,0.28623861226035346,0.20449156622545928,tum_fr1_desk,0
2326,1,random,medium,far,0.006203100132522765,0.006296567268925524,0.009529197868989116,0.0077496709785050515,9.346713640275852e-05,1.0149041979380753,False,0.33609498227818,0.7073021192664056,tum_fr1_desk,0
723,2,overlap_top,high,medium,0.0003883976539433005,-0.0010546766916210305,0.00027134226796692013,-0.0007299061731174377,-0.001443074345564331,-2.7084823982391018,True,0.5904552986708137,0.4922721977702767,tum_fr1_desk,0
4628,8,spatial_knn,low,near,-0.0004454739295945355,-0.00014816428391369323,-0.00045812722821192187,-0.0001398878107860394,0.0002973096456808423,-0.3318542788114154,False,0.0557129185299246,0.057668457137736454,tum_fr1_desk,0
3938,1,high_utility,medium,medium,0.00010956949508332753,-0.00018917030636955408,0.00019929515853841842,-0.00031596646587586175,-0.0002987398014528816,-1.710872480940528,True,0.3266450742075609,0.4271972897549419,tum_fr1_desk,0
3618,4,overlap_top,low,near,0.006296286124999203,0.006642463870831944,0.012585433808683946,0.01499245116664154,0.00034617774583274146,1.0548137307057468,False,0.08879157537078486,0.17774931701518112,tum_fr1_desk,0
1750,4,spatial_knn,low,near,-0.004605032479325851,-0.005010657470537917,-0.004114785812774366,-0.004504352201120682,-0.0004056249912120662,-1.0878467516302202,False,0.08857647466105255,0.1647392095954005,tum_fr1_desk,0
2810,4,high_utility,high,medium,0.003941213238926721,-0.0011480461398410899,0.002011679600540837,-0.000584827154925316,-0.005089259378767811,-0.2912186810456881,True,0.6031695228774272,0.4902833301529316,tum_fr1_desk,0
2723,1,overlap_top,medium,far,0.002771579158167932,0.0010108270497287517,0.0019215609715306718,0.0007147916176597548,-0.0017607521084391804,0.36458005058246457,False,0.22521695873194397,0.6184895392243249,tum_fr1_desk,0
2269,8,spatial_knn,medium,medium,0.0008826700881407394,-0.0008159635040956557,0.0017020016997932195,-0.0019745567923705526,-0.001698633592236395,-0.923380246820915,True,0.22706275761881622,0.5220943777277347,tum_fr1_desk,0
3198,4,spatial_knn,high,medium,-0.0033390146078959657,-0.00993332679768862,-0.002388057861158905,-0.00781599385515223,-0.0065943121897926536,-2.9740369321157236,False,0.7223159961535899,0.5736982594842228,tum_fr1_desk,0
660,8,high_utility,low,medium,0.004795796444515924,0.007048683326735673,0.0027291808256615017,0.003932169450926593,0.00225288688221975,1.4694564191470505,False,0.02773621338118666,0.2622617817658701,tum_fr1_desk,0
727,8,spatial_knn,medium,medium,0.008965799845448905,0.009916195105013764,0.015056870742049845,0.015360329243049654,0.0009503952595648596,1.1058789396360535,False,0.1761802411018521,0.20104878569880058,tum_fr1_desk,0
1573,2,overlap_top,high,medium,-0.0005895632502689509,-0.0017279905346067035,-0.00031594760795718765,-0.0009436809104034781,-0.0011384272843377526,-2.926004172829501,False,0.6191037245841251,0.27633327234513305,tum_fr1_desk,0
578,1,high_utility,high,medium,0.00022458050887976975,-0.0007099663572176917,0.0001618543735109323,-0.000544777721290508,-0.0009345468660974614,-3.1472859102205972,True,0.5116844489421455,0.33849856888000635,tum_fr1_desk,0
1936,4,overlap_top,high,near,0.004121171298559494,0.0015511888013781863,0.0029416396800930546,0.0011156223842541805,-0.0025699824971813076,0.37630381879575314,False,0.7870722502843503,0.09398569774478137,tum_fr1_desk,0
1644,2,high_utility,low,near,0.001078216746414521,-0.0014235861149733424,0.001926591347437862,-0.0035035868309723764,-0.0025018028613878634,-1.3190919430252717,True,0.03651899640190699,0.045255273161399164,tum_fr1_desk,0
340,1,spatial_knn,medium,medium,-0.0050315873183591694,-0.006197798463616559,-0.0035529515429747038,-0.004474136490649369,-0.0011662111452573896,-1.2315332197032394,False,0.37943073634500846,0.26811482129341885,tum_fr1_desk,0
4912,8,overlap_top,medium,near,-0.0017607820279529158,-0.0011021323800965977,-0.0015207883461764457,-0.0010022802597222133,0.0006586496478563182,-0.6255781717657825,False,0.41013418076513314,0.10422487711099422,tum_fr1_desk,0
4096,4,high_utility,medium,near,-0.0024311017180470296,-0.0028937788646794843,-0.002388501095141634,-0.0029591024449413003,-0.00046267714663245486,-1.18982641359391,False,0.45982364341153215,0.009035168366642718,tum_fr1_desk,0
3372,4,spatial_knn,medium,far,-0.0012644838620578104,-0.0005814984531160971,-0.001165627539004779,-0.0006005569710107922,0.0006829854089417133,-0.45950681043890934,False,0.3288168602124366,0.7145242148135743,tum_fr1_desk,0
989,2,random,medium,near,0.005439316635935089,0.005278647681131228,0.010810381608380498,0.011340778759393624,-0.00016066895480386096,0.9702831718036439,False,0.2060857762669775,0.018410968074589893,tum_fr1_desk,0
331,8,high_utility,medium,near,0.0048788989133322636,0.005718394141988244,0.002869040471100615,0.0033403292797305247,0.0008394952286559804,1.1718263520510939,False,0.2952424174087333,0.038699647099235186,tum_fr1_desk,0
4305,4,random,high,medium,0.0008757200909596072,-0.004074287651510773,0.0004578714146899144,-0.0021412843843079013,-0.00495000774247038,-4.6471932074138875,True,0.5168769400040504,0.31191918475357416,tum_fr1_desk,0
1628,1,high_utility,medium,far,0.0020942481147242383,0.0037572057295198287,0.0029566913623582896,0.0047893708634019014,0.0016629576147955904,1.7932032503054298,False,0.49005877467585535,0.620725233971263,tum_fr1_desk,0
1236,1,random,high,medium,0.0022917550214273876,0.0009831668663824924,0.003213311186517557,0.0010021907794196775,-0.0013085881550448952,0.42881461699750534,False,0.5559058989407674,0.22810209425943,tum_fr1_desk,0
1130,4,spatial_knn,medium,medium,-0.0004282558804533606,-0.0017654351220748586,-0.000250144357005764,-0.0010717364223968018,-0.001337179241621498,-4.112780284361593,False,0.2745338825381266,0.39188305156843745,tum_fr1_desk,0
3243,1,high_utility,high,medium,0.011201085674209955,0.009891980555163368,0.012267462296479511,0.010241421988859288,-0.0013091051190465865,0.8830481075445816,False,0.6893939959346363,0.26768844244270074,tum_fr1_desk,0
1635,4,high_utility,low,far,0.004443459763546091,0.005747800006424244,0.0023699035336954893,0.0033638346976731953,0.0013043402428781525,1.2932505438722341,False,0.07909889411250833,0.6612349709421612,tum_fr1_desk,0
913,8,high_utility,medium,near,0.004884190839372968,-0.0008992524760526189,0.003853334836210765,-0.000696939126464085,-0.005783443315425587,-0.1840772460320181,True,0.34442347076976604,0.046153168495830156,tum_fr1_desk,0
929,4,random,medium,medium,-0.008579599977354961,-0.007358995253389433,-0.005895196062379348,-0.005504053090328557,0.0012206047239655283,-0.8576317824873014,False,0.3086996023160928,0.4706619586384015,tum_fr1_desk,0
1178,4,spatial_knn,high,near,0.003359365813850085,0.003833698357922986,0.002507862173206424,0.003121754476737957,0.00047433254407290093,1.140857445377528,False,0.5506193886241897,0.04543982462840476,tum_fr1_desk,0
4340,4,overlap_top,medium,near,0.0024883792778013975,-0.00018801335021763994,0.0030596189993353715,-0.000244511282265266,-0.0026763926280190375,-0.07552619719068764,True,0.3103894079574956,0.052314922155339255,tum_fr1_desk,0
2416,2,overlap_top,medium,near,0.004804597239706193,0.0032136366036478723,0.007126268118646773,0.004060072863639274,-0.0015909606360583208,0.6687278278535779,False,0.2998428542254371,0.1927398863309929,tum_fr1_desk,0
1932,4,spatial_knn,high,near,0.00384821096099047,0.0007933005089260014,0.006086018220825482,0.0011804574948065263,-0.0030549104520644684,0.2060943182812384,False,0.7689083883260744,0.14803419890748656,tum_fr1_desk,0
299,4,spatial_knn,medium,medium,0.009864073204585906,0.009364978020041461,0.005635080701656619,0.005765438901323418,-0.0004990951845444451,0.9493064902638564,False,0.2849485176940753,0.5260184221143284,tum_fr1_desk,0
3170,8,high_utility,medium,medium,-0.0023251961317449646,-0.004368999760111274,-0.0013317016986244157,-0.002423835209142181,-0.00204380362836631,-1.8781734267754662,False,0.27782163122440606,0.2605843570867718,tum_fr1_desk,0
2211,2,high_utility,medium,medium,0.003459308810000075,0.004258238752296567,0.002554754456965005,0.00315179342801514,0.0007989299422964918,1.230595009321285,False,0.3691564095098501,0.39371029646845457,tum_fr1_desk,0
2293,4,random,high,far,-0.0008385289210934271,-0.005622346422611942,-0.0004507213847319427,-0.0034061910751725303,-0.004783817501518515,-6.697025297579068,False,0.771223077732411,0.7205712052195928,tum_fr1_desk,0
4959,1,overlap_top,high,near,0.0035402526975205116,0.0024965162719541682,0.005151464948231351,0.003443744982919886,-0.0010437364255663434,0.7049811140849002,False,0.5446047143683884,0.1886475232942759,tum_fr1_desk,0
1946,4,spatial_knn,medium,near,0.0018536859315751082,-0.002776060157173341,0.0014974468457369015,-0.0019392170588945945,-0.004629746088748449,-1.49678180543255,True,0.3002639263356815,0.10097076571802277,tum_fr1_desk,0
4709,2,random,high,medium,0.011562047049583992,0.011358278369790321,0.01416616891788484,0.014263654257106176,-0.000203768679793671,0.9822911141919951,False,0.5419145039110983,0.25026226249507855,tum_fr1_desk,1
816,8,spatial_knn,medium,near,0.005164838253004043,0.002759382221178765,0.009768306979761079,0.006758803465301371,-0.002405456031825278,0.5341596244470346,False,0.344889924077604,0.02748615761670373,tum_fr1_desk,1
1573,4,random,medium,medium,-0.004164681769954152,-0.007171041431799752,-0.007407174061378261,-0.014303139505607132,-0.0030063596618456,-1.7214568533588868,False,0.21239712594325788,0.28361053462856833,tum_fr1_desk,1
1517,4,spatial_knn,medium,near,-0.0025840892087025747,-0.001831995623642986,-0.0013453590340985475,-0.0008858735652197699,0.0007520935850595886,-0.7086779123427012,False,0.4050642474834143,0.12942566625776394,tum_fr1_desk,1
4567,8,overlap_top,medium,near,-0.0013211209067661217,-0.0005579214148097047,-0.0018519074813188195,-0.0007799831132187348,0.000763199491956417,-0.4219897075634089,False,0.35423850923499,0.09075690747573492,tum_fr1_desk,1
1398,8,random,medium,near,0.0031485037358392753,0.0027966177922823967,0.002973752936704903,0.002962533728373413,-0.0003518859435568787,0.8879550643038554,False,0.15879285968427928,0.054055671454128616,tum_fr1_desk,1
3081,2,spatial_knn,low,near,0.0017240088285631174,0.002208887510095249,0.0013766982334928036,0.001654903770902154,0.00048487868153213184,1.280507944956542,False,0.0040212420878424915,0.018593391963076168,tum_fr1_desk,1
4200,8,high_utility,high,medium,0.006080034243872117,-0.0010940371093895954,0.00793956073691179,-0.001197419805927665,-0.007174071353261712,-0.1799097103411416,True,0.6539262778448875,0.42446755743652426,tum_fr1_desk,1
128,4,high_utility,medium,medium,-0.002744582604124186,-0.00024985620829307,-0.002486912620257238,-0.00020527593916874008,0.002494726395831116,-0.09100298345340502,False,0.2854149692986181,0.42498208879611155,tum_fr1_desk,1
2044,2,spatial_knn,medium,near,-0.0035314675620581708,-0.004078450262714148,-0.003044137470335583,-0.0034400075495592346,-0.0005469827006559776,-1.154561277935094,False,0.1477059658778954,0.12561417557318083,tum_fr1_desk,1
1326,2,spatial_knn,medium,medium,-0.007103016502742586,-0.007562901785959741,-0.0057317966342051024,-0.005684825150682768,-0.00045988528321715583,-1.0645951882347118,False,0.1096715664630052,0.39714591264140076,tum_fr1_desk,1
3623,4,overlap_top,high,medium,0.002528768956357402,0.005218006173675749,0.004837283587367213,0.009578809375180368,0.002689237217318347,2.062641396781595,False,0.7452439314475848,0.5160790290467959,tum_fr1_desk,1
4538,4,overlap_top,medium,medium,-0.006274437181141481,-0.009194529771700408,-0.012154635703571589,-0.022804048647705695,-0.0029200925905589273,-1.4651616303850807,False,0.20315021753895693,0.4542224023619565,tum_fr1_desk,1
4939,1,overlap_top,medium,far,0.014058383377892105,0.013905067275109257,0.007133145368227048,0.006381603684134778,-0.0001533161027828492,0.9890239778918395,False,0.18102020065327987,0.678139316662881,tum_fr1_desk,1
4769,8,overlap_top,high,medium,0.003464941041674897,-0.00026937192035146563,0.002135896204113579,-0.00017351352803876007,-0.0037343129620263627,-0.07771970645562197,True,0.7506525829210529,0.5123472241216058,tum_fr1_desk,1
3904,8,overlap_top,low,medium,0.005786334667677025,0.006342887792210783,0.010054005903219658,0.014351167313452762,0.0005565531245337582,1.0959946428597935,False,0.02180000956065209,0.2224407220051758,tum_fr1_desk,1
4624,4,spatial_knn,high,near,0.00407988310608901,-0.0013140971004554193,0.002209383181627914,-0.0007309566043552109,-0.00539398020654443,-0.32201292374551954,True,0.6565569286134235,0.19465320502253375,tum_fr1_desk,1
1262,1,overlap_top,low,near,0.004100589991259864,0.004233508633010138,0.0030693800160127593,0.002982363183030597,0.00013291864175027398,1.032162805651316,False,0.06775067350024547,0.18859747869325283,tum_fr1_desk,1
3076,1,random,medium,near,0.003147016239157173,-1.5257986438149771e-05,0.0019156109282584164,-9.368627085874952e-06,-0.003162274225595323,-0.004846857601419119,True,0.3672992186293447,0.10841403772519106,tum_fr1_desk,1
1485,2,overlap_top,medium,medium,-0.001794260655188189,-0.0017168027030831719,-0.0018541416324465957,-0.0018136963856227343,7.745795210501718e-05,-0.956297180647123,False,0.12897504958009806,0.3204915116745912,tum_fr1_desk,1
1635,4,random,high,near,0.001325995642463951,-0.003793686094036468,0.0019657813375569405,-0.005810574101679611,-0.005119681736500419,-2.8588534676665507,True,0.6188576813845763,0.013511881403046386,tum_fr1_desk,1
1073,2,spatial_knn,high,medium,-0.0011514322203257082,-0.001282707136004586,-0.0007565105990319361,-0.0008506572741539593,-0.0001312749156788778,-1.11304345139019,False,0.666915208380138,0.5056868041146542,tum_fr1_desk,1
186,2,random,medium,near,0.000557256520621476,-0.0020102505216273805,0.0004976572052854709,-0.0020111659577042923,-0.0025675070422488564,-3.6009440953586718,True,0.4302263477931012,0.09776039462728851,tum_fr1_desk,1
4866,8,high_utility,low,near,2.1596441218680977e-05,0.0018727623831653894,3.97187779230559e-05,0.00334520079038351,0.0018511659419467085,82.87864292617616,False,0.03353217337300603,0.16299579967997593,tum_fr1_desk,1
4066,1,random,medium,medium,0.0020712208200685603,-0.0020814825977303114,0.0012967575868202724,-0.0012002057272951765,-0.004152703417798872,-1.00446949358488,True,0.2504401160505175,0.5432799170980368,tum_fr1_desk,1
2710,2,spatial_knn,medium,medium,0.00914728901022004,0.005814813222501427,0.014358550269447644,0.013666542599183066,-0.0033324757877186122,0.6356175691438466,False,0.42503521468074557,0.33943804019462565,tum_fr1_desk,1
1447,2,overlap_top,low,medium,0.002759388048069699,0.004014199991538869,0.0015616232377022787,0.002190598161186309,0.0012548119434691695,1.4542158282223918,False,0.08609134780788708,0.43847116590521384,tum_fr1_desk,1
3177,1,high_utility,medium,medium,-0.00036632523416524386,-0.001060080108983091,-0.00027726532768886753,-0.0007463886068001385,-0.0006937548748178471,-2.885944145362489,False,0.24677462519158722,0.25532103033811954,tum_fr1_desk,1
2806,1,random,high,medium,0.0015277064277899864,0.001092413906808075,0.0009592787936280602,0.0006915738565804483,-0.0004352925209819114,0.7146001919985063,False,0.685753325647671,0.5151517402668364,tum_fr1_desk,1
840,4,high_utility,high,far,0.004899286426475661,0.005746376848822473,0.0054503514237184475,0.005702650859385427,0.0008470904223468116,1.1726614219478042,False,0.624151414786396,1.8125523944548032,tum_fr1_desk,1
2415,4,spatial_knn,medium,far,0.004217508602922625,0.0009137718337490766,0.005056873081119077,0.0011404573957371654,-0.0033037367691735485,0.21661016244366701,False,0.39751641480003913,0.7464650101131144,tum_fr1_desk,1
1048,2,overlap_top,high,near,0.00030753017853851327,0.0004324400437378383,0.0002643421179984033,0.000390733628380153,0.00012490986519932503,1.4016134362812667,False,0.7183717174782309,0.02636348798988282,tum_fr1_desk,1
4905,4,overlap_top,medium,medium,0.007243535632082817,0.009554349858259408,0.00972900868417409,0.012038486227264457,0.0023108142261765905,1.3188353737881353,False,0.1879954220277533,0.5318536115518672,tum_fr1_desk,1
4586,4,overlap_top,low,medium,0.0002098531012650689,0.000643738581266712,0.0001110113303418916,0.00032884673148031495,0.0004338854800016431,3.053019269834934,False,0.03151346695425552,0.255959476305937,tum_fr1_desk,1
1902,1,overlap_top,medium,near,0.0015538292288927555,0.0004786879389337929,0.0011239032644864769,0.00032394465865939943,-0.0010751412899589626,0.30787171352231535,False,0.4529720126020933,0.0018831393167741692,tum_fr1_desk,1
464,4,overlap_top,low,near,-0.003105812287801501,-0.00357436977412736,-0.0024459536197569626,-0.0029465319459889856,-0.000468557486325859,-1.1504942825679116,False,0.04045848305938309,0.16660113627493578,tum_fr1_desk,1
3195,8,random,medium,near,0.005178307983754803,0.003080809716925166,0.002731753389725213,0.0015691720323713963,-0.0020974982668296375,0.5948303762951155,False,0.15459953218733455,0.01556462597893379,tum_fr1_desk,1
3092,1,overlap_top,medium,near,-0.0018751709471186203,-0.005790386305109635,-0.0011443518954009763,-0.0034761745915096853,-0.003915215357991015,-3.08627863255338,False,0.26752094319099895,0.1505460461613233,tum_fr1_desk,1
949,8,overlap_top,high,near,0.00504221034737096,0.003328123962612879,0.00689909616824933,0.0036952050906302455,-0.0017140863847580814,0.6599217033150003,False,0.5871243016014955,0.127650799655274,tum_fr1_desk,1
2581,1,random,medium,medium,-0.0023253571358556394,-0.0059596209757488096,-0.004212526763148629,-0.009465532663918143,-0.00363426383989317,-2.5617824898397843,False,0.27002597270705514,0.48713896531236583,tum_fr1_desk,1
1311,4,random,medium,near,-0.004320720675138311,-0.007507593839331134,-0.006324533559731107,-0.011743281552335257,-0.0031868731641928236,-1.7371770189869717,False,0.329043177652985,0.08254096338551115,tum_fr1_desk,1
3036,2,random,low,medium,0.003775157990854188,0.005176586993120263,0.002173970635852132,0.003190776784785227,0.0014014290022660747,1.3708608076404372,False,0.036235714890461956,0.32047078062761747,tum_fr1_desk,1
1630,2,spatial_knn,high,medium,0.003229484134564523,-0.002700128516412382,0.004777900191443764,-0.0029918570448910667,-0.005929612650976905,-0.8358278214470679,True,0.6350544831264318,0.3231341788773079,tum_fr1_desk,1
143,2,overlap_top,medium,near,0.0025818172568298024,0.003007241314552465,0.0021487875357744193,0.002968040041462041,0.0004254240577226628,1.1643260112965206,False,0.3474891985129742,0.17741658100037488,tum_fr1_desk,1
907,8,high_utility,high,medium,0.00139460019295478,-0.00438452693245282,0.0012185924342055048,-0.0036537902123599444,-0.0057791271254076,-3.141678365040816,True,0.6586185701440241,0.24370808901350718,tum_fr1_desk,1
1131,1,random,medium,near,0.014146413214756251,0.014473308673059274,0.025252014741491986,0.029671514069998323,0.0003268954583030225,1.0230356923457289,False,0.39378585214592665,0.06507724723505035,tum_fr1_desk,1
844,4,overlap_top,high,near,0.0013097407501381129,-0.0025471779523576527,0.0020467636001518493,-0.0035963100060948956,-0.0038569187024957655,-1.9433117892224352,True,0.6775097795431623,0.11761486988527028,tum_fr1_desk,1
2410,2,high_utility,medium,near,0.0017227631894310364,1.9432182913289332e-06,0.0011548899312033836,1.3270778998677784e-06,-0.0017208199711397074,0.0011273116303001764,False,0.17497111112523137,0.018544526191352446,tum_fr1_desk,1
4155,1,high_utility,medium,near,0.00383585080116717,0.00036666590959869103,0.003433871940797095,0.00031598929853270287,-0.003469184891568479,0.09556428659856965,False,0.3722695471515889,0.004133064503284753,tum_fr1_desk,1
526,4,random,medium,near,0.003942332075241455,0.005276107826621168,0.002366084178094537,0.00307261754616787,0.0013337757513797125,1.3379821242414907,False,0.4385161621824176,0.05758329918184188,tum_fr1_desk,1
2361,8,spatial_knn,medium,medium,0.0029235523739054164,0.0037993834489267264,0.0021722230907194424,0.0032224916301663922,0.00087583107502131,1.2991333247532406,False,0.2902028803193217,0.2373579063378734,tum_fr1_desk,1
4535,8,overlap_top,high,far,0.0072936426494193945,0.012702998180101416,0.006571519374527762,0.011198297073759486,0.005409355530682022,1.7414147327850928,False,0.6812754554433753,1.4286724124035326,tum_fr1_desk,1
2708,2,spatial_knn,medium,near,0.005193300843215512,0.006309537493389812,0.0034178802850822476,0.004408121149214094,0.0011162366501743003,1.2147039002623339,False,0.46495633897676525,0.08776237997655238,tum_fr1_desk,1
3213,2,high_utility,medium,near,-0.0015611038182452549,-0.00023103960856634027,-0.0010762014522195313,-0.00017423683179195655,0.0013300642096789146,-0.14790285118557106,False,0.35389322648193505,0.013019439617159935,tum_fr1_desk,1
1268,4,random,medium,medium,0.0015830318943555826,-0.005792591057724705,0.0016196454999828885,-0.005564284915148292,-0.007375622952080287,-3.6568651668982035,True,0.3216217735105926,0.3916236388231471,tum_fr1_desk,1
2338,1,overlap_top,medium,near,0.00036339901862571873,0.001703796437018926,0.00023172905014608422,0.0010772366091777827,0.0013403974183932073,4.675633988929395,False,0.4434853449730953,0.048127206581148184,tum_fr1_desk,1
640,4,high_utility,medium,medium,0.002615530422938046,0.0034641989889216095,0.0015220835729194621,0.0020813964479452786,0.0008486685659835635,1.3239666386266338,False,0.3039832631723157,0.2802869857617494,tum_fr1_desk,1
2575,4,overlap_top,low,medium,-0.00472915892271211,-0.003310627577564073,-0.004863495142144523,-0.004575231671430303,0.0014185313451480367,-0.6998977479737347,False,0.06483088837204543,0.5310983913463122,tum_fr1_desk,1
2756,1,high_utility,medium,medium,-0.0008097312384755073,0.00021955953440331655,-0.0008446869734117855,0.0002496733636014094,0.0010292907728788239,0.2708166701657809,True,0.391228620246096,0.5888847817027968,tum_fr1_desk,1
170,8,random,medium,near,4.505730895372571e-06,-0.0009957325662228143,3.294289615190226e-06,-0.0006745818278762006,-0.001000238297118187,-180.85383850847174,True,0.4581142824924677,0.08901422004064927,tum_fr1_desk,1
923,2,high_utility,medium,near,-0.0002977447058087816,-0.004773967984899555,-0.00020884693630854407,-0.002839739999107789,-0.004476223279090773,-15.98009233996348,False,0.186033065296684,0.07686788886600827,tum_fr1_desk,1
1802,8,high_utility,low,near,-0.0012109732626713558,-0.001961675289707654,-0.0007307040647701341,-0.0011868849976010723,-0.0007507020270362984,-1.6185796750861088,False,0.0456215312028955,0.03344155471539345,tum_fr1_desk,1
4423,4,high_utility,medium,near,0.0075193867165812885,0.007469722209572052,0.013370902088239463,0.011426020705524237,-4.966450700923672e-05,0.9932630449844382,False,0.21742921286410333,0.15283137338086836,tum_fr1_desk,1
1893,2,random,high,near,-0.005728648933453666,-0.009277385166576824,-0.004167210469734799,-0.006822613087235856,-0.0035487362331231586,-1.6191891116415549,False,0.714908202676907,0.02327121975778194,tum_fr1_desk,1
2163,2,spatial_knn,high,far,-0.008127090416602398,-0.008413703333183881,-0.004352998297804304,-0.004328861970103403,-0.0002866129165814829,-1.0351389935326127,False,0.5859107572780439,0.7735320775974924,tum_fr1_desk,1
2476,4,overlap_top,high,medium,0.007052069131253278,0.006088863001431114,0.004659458726336775,0.0040597946625164395,-0.000963206129822165,0.8632926869311952,False,0.744513981081568,0.33820079084609683,tum_fr1_desk,1
797,2,spatial_knn,high,near,0.003090125460662825,0.0001219040915411162,0.0015814489299591512,6.665380879986423e-05,-0.002968221369121709,0.039436798374070686,False,0.6526155237080857,0.18861715256115738,tum_fr1_desk,1
946,4,spatial_knn,medium,near,0.002109719041076661,0.000837042347047688,0.0016891868268040751,0.0006177457047084172,-0.0012726766940289731,0.3965673927974418,False,0.3613915807851551,0.13142526253106976,tum_fr1_desk,1
4425,8,overlap_top,high,far,-0.002054255670703403,0.005255805227364915,-0.0018753082113833813,0.0049315756622588264,0.007310060898068318,2.5572512959256968,True,0.650978674977782,0.8465536210756184,tum_fr1_desk,1
1211,4,random,medium,near,0.00021046967685482915,-0.0024562774407360407,0.00017306578490367355,-0.002081650279426503,-0.00266674711759087,-11.61527022345733,True,0.4202067350252667,0.03536786473344512,tum_fr1_desk,1
3836,2,overlap_top,medium,near,0.004529827767279326,0.0020732833624661,0.005570048855024767,0.00248444747927321,-0.002456544404813226,0.45759483011888274,False,0.17193322510937536,0.012861000026953794,tum_fr1_desk,1
507,8,random,medium,near,0.007134931316598661,0.003952673242193028,0.008095063784020456,0.004342740652571851,-0.0031822580744056334,0.5539113350206779,False,0.4322231145499369,0.02477988463852316,tum_fr1_desk,1
3715,4,high_utility,medium,near,0.0027852212360433572,0.0038239931899637777,0.001543137723826465,0.0021579591035243463,0.0010387719539204205,1.3724657397967917,False,0.47654385932922366,0.025215225428271013,tum_fr1_desk,1
4350,2,overlap_top,medium,medium,-0.007880002238604168,-0.011663894720010481,-0.00983577213099235,-0.01666143843433298,-0.003783892481406313,-1.4800014473890462,False,0.38147110218649954,0.2983511997734655,tum_fr1_desk,1
2080,2,overlap_top,medium,near,0.004797885307552335,0.0021708246088198635,0.008561089676193992,0.0037485823742001347,-0.0026270606987324717,0.4523601773527464,False,0.375614932276507,0.16479511844183797,tum_fr1_desk,1
3188,8,spatial_knn,high,near,0.004363315280383567,0.0005264065700505511,0.006029074880587391,0.0009132445347002047,-0.0038369087103330155,0.12061607290761239,False,0.7604262567635272,0.006693974377272804,tum_fr1_desk,1
4675,2,overlap_top,medium,near,0.011957766511023671,0.009293643901323957,0.011160580034202488,0.00986412331240875,-0.002664122609699713,0.7771406769048476,False,0.1016769921747514,0.06295111031942204,tum_fr1_desk,1
3156,8,overlap_top,medium,medium,-0.0006608428156359477,-0.0065291955873211325,-0.0008269648382722345,-0.010074436369147304,-0.005868352771685185,-9.865175587117912,False,0.2824823111507116,0.4825065962630344,tum_fr1_desk,1
2774,8,spatial_knn,medium,near,0.004611253180088893,0.003415422687203085,0.003515554272379666,0.0028874741049207393,-0.001195830492885808,0.7405106688304692,False,0.3320999516277769,0.00433037551044731,tum_fr1_desk,1
2170,1,random,medium,near,0.0034635774107092667,0.0053293222732434305,0.002059674116026027,0.003466582988114914,0.0018657448625341634,1.5382315478852049,False,0.4187210967376066,0.07715463836307421,tum_fr1_desk,1
903,4,overlap_top,medium,near,6.150041795719417e-05,-0.0017657309133020914,7.654618976206478e-05,-0.003458846426080745,-0.0018272313312592855,-28.2515056861127,True,0.47840729386299974,0.14588995768575608,tum_fr1_desk,1
3087,2,spatial_knn,medium,medium,0.012264860122508315,0.011361420683307128,0.013538404393125598,0.013165483647109896,-0.0009034394392011862,0.9262636757497743,False,0.1162613539364033,0.2113818213467305,tum_fr1_desk,1
2313,1,random,low,far,0.007067279108705505,0.007244265420160566,0.005286668342834999,0.004682241838332208,0.00017698631145506068,1.024898042189408,False,0.09083251386102936,0.7486435352151251,tum_fr1_desk,1
1689,2,overlap_top,medium,near,0.0049819853455882685,0.0037991862305700396,0.0025961939097460707,0.0019881976557944354,-0.0011827991150182289,0.7624317486571948,False,0.36342271743185806,0.18020627427073752,tum_fr1_desk,1
3515,4,random,high,medium,0.005924952894230781,0.006273779885496126,0.00790928830696016,0.00867911688024913,0.000348826991265345,1.0586955376584197,False,0.791604266707458,0.34590240564653363,tum_fr1_desk,1
2779,8,random,high,near,-0.0005068270974197603,0.004182392994382508,-0.0006714632426728146,0.006392366475671291,0.004689220091802268,8.235860228083538,True,0.5134556134411483,0.15869118081599562,tum_fr1_desk,1
3340,4,high_utility,high,medium,-0.0030529910996445675,-0.007598646281069296,-0.004714044692468331,-0.013686794090659872,-0.0045456551814247285,-2.4881036103718994,False,0.774242190118788,0.23946177477034178,tum_fr1_desk,1
4270,8,overlap_top,medium,medium,-0.00598799584797716,-0.00885735326894367,-0.00793893162940433,-0.011422904297009213,-0.0028693574209665094,-1.4789379545045642,False,0.14322530995326704,0.47912542629895283,tum_fr1_desk,1
2280,4,overlap_top,medium,medium,-0.0024874578158360482,-0.006111822770891614,-0.001486256443731017,-0.0037633577486007016,-0.003624364955055565,-2.4560684661790106,False,0.25993823552531303,0.34874904718953076,tum_fr1_desk,1
3803,4,overlap_top,high,near,0.004978220287848598,0.0035699201014618006,0.0034425689045893887,0.0025610721132062466,-0.0014083001863867972,0.7169636800713386,False,0.7825765348212467,0.0598617645871308,tum_fr1_desk,1
1191,4,spatial_knn,low,near,0.010560201420089463,0.008812564910261202,0.006038131824927007,0.0052789987302606835,-0.0017476365098282615,0.8344282586541704,False,0.054378639855522964,0.05998399301356785,tum_fr1_desk,1
4539,1,overlap_top,medium,medium,0.004121969689305063,0.003918867935020822,0.00311589743719082,0.003160265541713864,-0.0002031017542842412,0.9504964213504459,False,0.49488823127515125,0.25218266340132905,tum_fr1_desk,1
1375,1,random,high,near,0.004542829386791597,0.0050157658645391436,0.003946582592866814,0.003985518171927019,0.000472936477747547,1.1038631598095239,False,0.7932262206619093,0.07007765585578792,tum_fr1_desk,1
4908,4,spatial_knn,medium,near,-0.0025867463309606174,0.0015530677399900527,-0.002495130445635743,0.0017239132163129754,0.00413981407095067,0.600162280749337,True,0.2798835073446836,0.08383558498781969,tum_fr1_desk,1
2580,8,spatial_knn,medium,near,-0.0006836155504151434,-0.00025139415425294467,-0.000565185339810167,-0.00021765138644407644,0.00043222139616219874,-0.3672048554849535,False,0.4511143368443219,0.09080315478427135,tum_fr1_desk,1
3472,8,high_utility,medium,near,0.009614902759549772,0.007551993656831342,0.005999794129063893,0.005223571737073267,-0.00206290910271843,0.785365019351021,False,0.10440364770995184,0.17423452335482453,tum_fr1_desk,1
2881,1,overlap_top,medium,near,-0.002641858349111099,-0.0025063441949389614,-0.002699717033704925,-0.0026342416528647742,0.00013551415417213772,-0.948346019294582,False,0.39699137752065117,0.10090458847445488,tum_fr1_desk,1
1058,4,random,medium,near,-0.001056613896095539,-0.00035142228950533344,-0.000552560960416873,-0.0001654320905981103,0.0007051916065902056,-0.3322784343158705,False,0.45908047838002136,0.018850610290012833,tum_fr1_desk,1
4818,8,high_utility,low,medium,0.0018092995727917555,0.001859102363694588,0.003389167629318808,0.0028204256719519248,4.98027909028325e-05,1.026958406020928,False,0.09735624538133783,0.26608776936150963,tum_fr1_desk,1
1462,2,random,high,medium,0.003958353078076358,0.0018831615094398783,0.002792546806159624,0.0013674498621698086,-0.00207519156863648,0.4756235355384894,False,0.7304331735118849,0.25467582692844193,tum_fr1_desk,1
1033,1,high_utility,medium,medium,-0.0036047911260317853,-0.008642298539198366,-0.002591370423616915,-0.0059721547196725875,-0.005037507413166581,-2.3967829075860294,False,0.3411997977934889,0.28668164309474226,tum_fr1_desk,1
1411,8,spatial_knn,medium,near,-0.002051918472124924,-0.0003780775969954974,-0.001606679791419098,-0.00027095076003270306,0.0016738408751294266,-0.1841659092307542,False,0.46318211724331615,0.004415027798060454,tum_fr1_desk,1
3260,1,overlap_top,medium,medium,-0.0023236106725954414,-0.005743752112797848,-0.0017390883791897254,-0.0042792568683256435,-0.0034201414402024065,-2.4708447657537915,False,0.3668148497496123,0.24944058914690007,tum_fr1_desk,1
2532,8,high_utility,high,near,0.0023737766168281603,-0.00528603859814052,0.002550164306217174,-0.005416456296471424,-0.0076598152149686795,-2.225909822710293,True,0.5107910278393084,0.115585469487907,tum_fr1_desk,1
1831,8,overlap_top,low,medium,0.012249060478929631,0.012249743297887113,0.014266308245900871,0.01692788303122275,6.82818957482628e-07,0.9999741077978298,False,0.032231156587633696,0.2153639834083005,tum_fr1_desk,1
4304,1,random,high,near,-7.60688395263576e-05,-0.0011597395994379926,-4.459857509698017e-05,-0.0007179726421989225,-0.001083670759911635,-15.048099939812392,False,0.7476351045724124,0.10845695055242482,tum_fr1_desk,1
1850,4,overlap_top,medium,near,0.011631037813662889,0.008535393705407505,0.007318948422030942,0.00504260901532833,-0.0030956441082553845,0.7337831807408594,False,0.24975178925530353,0.16730522375352938,tum_fr1_desk,1
1515,2,high_utility,medium,medium,-0.005100978086408756,-0.005132462953220153,-0.00999754542233853,-0.009106608033995236,-3.1484866811396775e-05,-1.0059751073593606,False,0.1589052910894953,0.45889318300996396,tum_fr1_desk,1
1577,4,overlap_top,medium,medium,-0.005540939271769643,-0.008854896222054227,-0.009333711823421999,-0.012783681619737312,-0.003313956950284584,-1.5977974113070161,False,0.21393222277768614,0.5020181396986908,tum_fr1_desk,1
913,1,overlap_top,high,medium,-0.0009348284354616107,-0.0013572707798739992,-0.0007088013845374556,-0.0010481774292383761,-0.00042244234441238845,-1.450341460509806,False,0.6869584969956591,0.5839580702388334,tum_fr1_desk,1
4994,1,random,high,near,0.0027468174113559445,0.0022699226333969405,0.002753905209727261,0.002361004652102258,-0.00047689477795900397,0.8260820475247004,False,0.5354855873925987,0.07890851752858569,tum_fr1_desk,1
4922,1,spatial_knn,medium,far,-0.0016403854892766056,-0.004828616074612621,-0.0021423576282226737,-0.005739593863500629,-0.003188230585336015,-2.941792836697184,False,0.1098400261724562,0.9133932736544723,tum_fr1_desk,1
3829,1,overlap_top,medium,near,0.006084339847661311,0.004231802734308461,0.008722675766045398,0.005620911438596788,-0.0018525371133528506,0.6954094332027828,False,0.478271989476548,0.025656168888605828,tum_fr1_desk,1
689,4,overlap_top,high,near,0.00016294706602592267,-0.0012196205801236265,0.0001696094133079149,-0.0011521544852577392,-0.0013825676461495491,-7.439111962703772,True,0.5739719924895298,0.19357906542662498,tum_fr1_desk,1
1391,1,high_utility,medium,medium,0.009306421387676185,0.004618591811145625,0.009675923745449573,0.005217072558765004,-0.00468782957653056,0.4962267870734887,False,0.3687186705652655,0.5293173959898264,tum_fr1_desk,1
4813,4,high_utility,medium,near,-0.00998749435564829,-0.01142937887865781,-0.006462150531841769,-0.00786755561470868,-0.0014418845230095212,-1.1442544263134844,False,0.11359540748166773,0.10882595536217689,tum_fr1_desk,1
983,2,random,high,near,-0.0005704152635692978,-0.002382923994667631,-0.0005566682885734859,-0.002126534084157891,-0.0018125087310983333,-4.170214109757753,False,0.5051007821147013,0.09464314296780064,tum_fr1_desk,1
1105,1,spatial_knn,medium,near,0.0037095251063273523,0.00308721782058918,0.001886468485098598,0.001716105511962364,-0.0006223072857381722,0.8320164214290637,False,0.11140325662776318,0.0032319359770774116,tum_fr1_desk,1
3639,1,random,medium,near,0.007063187048220359,0.005746879359475719,0.00561335693845853,0.004634067090068442,-0.0013163076887446406,0.8135231018441814,False,0.33268907152635807,0.01956319503624673,tum_fr1_desk,1
4943,8,random,medium,medium,0.0014683149873434252,-0.0012166799953899768,0.00113375107403041,-0.0009110883772963691,-0.002684994982733402,-0.8280593377664911,True,0.33775378710454246,0.46122438067551674,tum_fr1_desk,1
1551,2,spatial_knn,high,near,0.006290070976510727,0.0035477765670628757,0.004955491997853173,0.002630650936300514,-0.0027422944094478516,0.5639384105360404,False,0.5970903074505932,0.11200324894991517,tum_fr1_desk,1
2721,1,spatial_knn,medium,near,0.0013897143393936137,0.0006475827218892433,0.0013053576337357395,0.0006675434884767623,-0.0007421316175043704,0.46564754784336637,False,0.1633936850947431,0.1627439848389467,tum_fr1_desk,1
1567,1,spatial_knn,high,near,0.0027470973675459845,0.0017808032173207602,0.0014510239751735362,0.0010061812883564935,-0.0009662941502252243,0.6480131447856938,False,0.5644501693197529,0.11032198654106952,tum_fr1_desk,1
2921,2,overlap_top,low,near,-0.005448187107180546,-0.005706176412354482,-0.0034779308080800583,-0.0037327483733921793,-0.0002579893051739355,-1.047161035236851,False,0.08848287909852869,0.010871700873447595,tum_fr1_desk,1
918,2,random,medium,near,0.005939507008638296,0.0020891806165137666,0.009552927142728521,0.0032559657496129854,-0.0038503263921245293,0.35168389052917826,False,0.2729955598061765,0.17619507229092066,tum_fr1_desk,1
4565,2,random,high,near,0.002830545719689423,0.00045270672601417736,0.0018777884875634868,0.0002815431165577341,-0.0023778389936752456,0.15987971617983704,False,0.6224370451865594,0.18526367460401152,tum_fr1_desk,1
2738,2,overlap_top,low,medium,0.0036829335071113987,0.003928949471287432,0.003354327665098828,0.0037190709432421906,0.0002460159641760336,1.0665093340319685,False,0.07789351503297688,0.36763248242324675,tum_fr1_desk,1
3768,8,spatial_knn,high,near,0.006278682155876121,-0.0077562882573427696,0.01190466476649473,-0.014273942551843563,-0.01403497041321889,-1.2351402610536484,True,0.6620189551630538,0.0001794353014538657,tum_fr1_desk,1
2159,2,random,high,medium,-0.0012950337911616684,-0.0052917488941615015,-0.0012156502261055856,-0.005328652840931727,-0.003996715102999833,-4.083033120161452,False,0.7819970065671146,0.49486811688332183,tum_fr1_desk,1
1505,2,spatial_knn,medium,near,0.0004400649567599794,-0.002527522878621665,0.00028148850218290386,-0.0015203790067953612,-0.0029675878353816443,-5.730500326275304,True,0.23845296093600332,0.11587583450461582,tum_fr1_desk,1
2895,4,high_utility,medium,medium,0.002905313713855412,0.004511869788487539,0.004710409693005073,0.007022303387925712,0.0016065560746321276,1.5524372909152515,False,0.38122117666578986,0.4016863346100512,tum_fr1_desk,1
1004,8,spatial_knn,high,far,0.0007966741273489348,-0.004680402230358016,0.0011831702040178704,-0.005074791294522505,-0.005477076357706951,-5.867561789816732,True,0.7478364139942267,0.719735856046441,tum_fr1_desk,1
2920,4,spatial_knn,high,near,0.0066637180417278945,-0.003036118416339398,0.00900720747159006,-0.0034329421128905862,-0.009699836458067292,-0.4555509171326104,True,0.5607482920143995,0.06480330366217622,tum_fr1_desk,1
4486,2,random,low,near,0.002081578008428884,0.0008170796014739185,0.0014176765069560946,0.0006338904132888951,-0.0012644984069549656,0.39234045407515405,False,0.09457792965796791,0.15399742848578216,tum_fr1_desk,1
805,4,random,high,near,0.006507756282873822,0.006688199398481802,0.0036572950151847836,0.0037519619121641145,0.00018044311560797954,1.0275694937418596,False,0.7582237583753839,0.04566543676389684,tum_fr1_desk,1
2728,2,random,medium,medium,0.008461666070840826,0.006700851556019133,0.007890211589365974,0.0064472928651331,-0.0017608145148216923,0.7918133009061714,False,0.3825271388446753,0.43826655323460634,tum_fr1_desk,1
4321,1,overlap_top,medium,medium,0.007909455464799809,0.0078712716502976,0.013104749439266653,0.01553916732111367,-3.818381450220918e-05,0.995046579217016,False,0.4494910318476148,0.33387976617058357,tum_fr1_desk,1
4151,1,overlap_top,medium,near,1.2211172541392885e-05,-0.0008430618054770128,7.964413706349525e-06,-0.0005422766339224324,-0.0008552729780184056,-63.81430587145498,True,0.3056987955679786,0.04256195755739739,tum_fr1_desk,1
2060,8,overlap_top,medium,near,0.005775596219862794,0.009784829580405933,0.0035239240470127113,0.006943751237829694,0.004009233360543139,1.6938745946550413,False,0.16327012892460824,0.18992099940209428,tum_fr1_desk,1
4196,4,overlap_top,medium,near,-0.0005934029106785905,-0.002324414784649122,-0.0005849818084832687,-0.0023261231543563656,-0.0017310118739705318,-3.910503705298972,False,0.32989318981974486,0.02250660768641315,tum_fr1_desk,1
888,8,spatial_knn,medium,near,-0.0015091708149422086,-0.0029837331771228608,-0.0018788890152034018,-0.003470277149497846,-0.0014745623621806522,-1.9757587337807498,False,0.11773060087595627,0.10613683422405172,tum_fr1_desk,1
3001,8,spatial_knn,medium,far,-0.0001758183131409961,0.0025753246069276834,-0.0002024793948697879,0.002499747765366997,0.0027511429200686795,14.564807011104683,True,0.24614327158235882,0.7813486116787834,tum_fr1_desk,1
3504,8,overlap_top,low,far,0.003597623353914777,0.005251240622407062,0.0019694453136563698,0.003058412859747478,0.001653617268492285,1.4592359649682367,False,0.0647629888925505,0.6277308672482564,tum_fr1_desk,1
3276,8,high_utility,high,medium,-0.005384624637659507,-0.015120543828427736,-0.008008537856087843,-0.022125550686347025,-0.009735919190768228,-2.807574765366278,False,0.7616499573112022,0.4017405367117512,tum_fr1_desk,1
1716,4,overlap_top,low,medium,0.0007983588128349255,-0.0008715088538388052,0.0009498970147243495,-0.0010014945379014917,-0.0016698676666737308,-1.0902598931110794,True,0.06968743156914724,0.20046873411659583,tum_fr1_desk,1
642,1,spatial_knn,high,medium,0.001491399872234775,-0.0006055525412677393,0.0018986474881663785,-0.000841759640682574,-0.0020969524135025144,-0.4057575670795002,True,0.7276387784097107,0.2524631721489177,tum_fr1_desk,1
1212,8,overlap_top,high,medium,0.007755647029790951,0.00044145614367608384,0.00742249553593559,0.0003929775714467873,-0.007314190886114867,0.05691326960999816,False,0.6330274339973468,0.2759270726556998,tum_fr1_desk,1
4582,1,high_utility,low,near,0.00510760924307945,0.006451099451263513,0.003158228600956725,0.004492392961940864,0.0013434902081840628,1.2627897622044029,False,0.04101076734079854,0.1541872926440569,tum_fr1_desk,1
300,1,overlap_top,medium,near,0.008627160545475392,0.004813530526480316,0.011065701318465836,0.005466331374249358,-0.0038136300189950765,0.5578860640237544,False,0.1753008517366407,0.03592005666021071,tum_fr1_desk,1
1163,4,random,high,medium,-0.0022247071929674817,-0.0015432521705991032,-0.00207776004819587,-0.001382643971713358,0.0006814550223683785,-0.6933760988306472,False,0.7738169522962381,0.37671145829392244,tum_fr1_desk,1
2896,4,spatial_knn,low,near,0.001599487825130901,0.0008963667704652815,0.0019818202242281808,0.0014208473111545475,-0.0007031210546656195,0.560058474916527,False,0.04474108010258054,0.04600877886959134,tum_fr1_desk,2
769,2,high_utility,high,near,0.00040213220854581357,-0.0017775291755168182,0.00022917948186448525,-0.0010423425395780545,-0.002179661384062632,-4.409295853409373,True,0.7084475548685052,0.0030182554875274187,tum_fr1_desk,2
2903,2,spatial_knn,high,near,0.002311936981900828,0.0035045996544167393,0.0018515285182177463,0.0028575083433489278,0.0011926626725159112,1.5152162302046697,False,0.7760935091347458,0.006668104456800496,tum_fr1_desk,2
320,8,random,medium,far,0.00012673016094176168,-0.0025780433712064453,8.1965068050706e-05,-0.0016176618292557125,-0.002704773532148207,-20.183513057514265,True,0.15920903553215063,2.6399553445698793,tum_fr1_desk,2
3803,1,random,high,medium,0.00260523474940342,0.0022276710023158646,0.005190712449485519,0.007343724594094809,-0.0003775637470875554,0.8547468729844038,False,0.7360320420367229,0.31516534942117863,tum_fr1_desk,2
1377,2,high_utility,high,medium,0.0011221455276170982,0.0014355437371709532,0.0019453409935664776,0.0028109986110905335,0.00031339820955385506,1.278145798449333,False,0.711001987000218,0.35379772881870164,tum_fr1_desk,2
2523,1,high_utility,high,near,4.061617306566796e-05,-0.001472707058742047,3.831603318066457e-05,-0.0014575809136953266,-0.001513323231807715,-35.387854054196644,True,0.624458180656752,0.13464050898334953,tum_fr1_desk,2
1765,1,overlap_top,low,far,-0.003767462129923919,-0.003718722975895151,-0.006599876064075717,-0.010672603942159438,4.873915402876782e-05,-0.986801206350514,False,0.09709753963889574,1.2792020187869169,tum_fr1_desk,2
2822,2,high_utility,high,near,0.0025632884437532285,0.0023481711065827544,0.0033650052099326133,0.0027599535635978636,-0.00021511733717047418,0.915720348193687,False,0.7776634683796457,0.052005839225443745,tum_fr1_desk,2
1064,4,overlap_top,low,medium,0.003829546689574137,0.0011658925491367421,0.0025551651296439617,0.0007774382746116505,-0.002663654140437395,0.3043671422436991,False,0.07587935460252489,0.23566164832371053,tum_fr1_desk,2
283,8,random,medium,far,0.004236969685344878,0.002234501469764453,0.002681341278025141,0.001322328936503396,-0.0020024682155804253,0.5272575397345282,False,0.44547095575219287,0.6673350057479209,tum_fr1_desk,2
104,4,random,high,far,-0.008956269255826405,-0.012507877155276266,-0.00598986792380154,-0.008261151101052055,-0.003551607899449862,-1.3963940122867593,False,0.7925990475145751,0.643221316544069,tum_fr1_desk,2
3438,2,spatial_knn,low,near,0.006575249913346949,0.00648906257752884,0.011409795512688375,0.010936058130510835,-8.618733581810894e-05,0.9867420890375294,False,0.07790138328640338,0.10831926646829615,tum_fr1_desk,2
4718,1,high_utility,high,far,0.004203924661710883,0.0028990962887311574,0.007024804044788196,0.006234896290938024,-0.0013048283729797255,0.6894526113938947,False,0.668432179634966,0.9780090376388262,tum_fr1_desk,2
4880,8,spatial_knn,high,medium,0.002694002272707551,0.0037574218821129317,0.0015793274452632741,0.002357536379630138,0.0010634196094053807,1.3942184465536698,False,0.6097500089552658,0.3751174693260306,tum_fr1_desk,2
3667,1,random,low,near,0.001131854833811747,0.001654894466775305,0.000985785689165691,0.0014575782144736393,0.000523039632963558,1.460817765332772,False,0.06811490924486573,0.10826736077355308,tum_fr1_desk,2
1159,2,random,high,near,-0.0033848777316525447,-0.0033310507393221694,-0.002244495090714809,-0.0023763303685844987,5.38269923303753e-05,-0.9838071552856648,False,0.5796463273270546,0.11197734733938294,tum_fr1_desk,2
3758,4,random,low,near,0.004073164476206691,0.0035624658626969264,0.003497203048798903,0.0027858353183892984,-0.0005106986135097647,0.8744040363372396,False,0.010810913844946058,0.13523249917016666,tum_fr1_desk,2
3845,1,spatial_knn,high,medium,0.010814951576878853,0.00997146577313507,0.01109586714556222,0.010854235181640724,-0.0008434858037437823,0.921922190780788,False,0.7467305016187639,0.3857008515029721,tum_fr1_desk,2
3083,1,random,medium,near,0.0007504846956110085,-0.0004791198019071189,0.0005258605125899905,-0.00032289342823372505,-0.0012296044975181274,-0.6375642840172037,True,0.2879939350232463,0.02394792414322957,tum_fr1_desk,2
797,2,overlap_top,medium,medium,0.00022526884896513608,0.00022985129972990918,0.00011444376122513802,0.000108679924757116,4.582450764773101e-06,1.015832717500256,False,0.43047573129688904,0.2132137560758113,tum_fr1_desk,2
3718,4,random,high,medium,-0.0003891418868703458,-0.0019171554170407687,-0.00025990823741589276,-0.0012422000705015026,-0.001528013530170423,-4.913995347743548,False,0.5161901156426654,0.3157807202392647,tum_fr1_desk,2
1004,8,random,low,near,0.009991609038205165,0.010725156851711031,0.019551606798027775,0.03568358117034528,0.0007335478135058658,1.0733089637255981,False,0.008091545328668648,0.04833551951038634,tum_fr1_desk,2
625,4,spatial_knn,low,near,0.012210889552673654,0.014383839302034518,0.012630302665559643,0.013875550816409628,0.002172949749360864,1.1778553384382142,False,0.051919423630727574,0.18805370175719996,tum_fr1_desk,2
3951,4,spatial_knn,low,far,-0.007130929247083554,-0.006083577504630503,-0.009553678301283126,-0.007630652364823109,0.0010473517424530513,-0.8530058689404761,False,0.048086844862716666,0.742849357170191,tum_fr1_desk,2
4070,1,random,low,medium,0.001056449357537069,0.0020995107348318813,0.0006967762318896728,0.0012705547743327326,0.0010430613772948122,1.9854480215694705,False,0.031534068096290384,0.4056359556970024,tum_fr1_desk,2
2384,4,overlap_top,medium,medium,0.0023132968312727367,0.004806080106904445,0.001163777314722289,0.0022686491906280413,0.0024927832756317086,2.0766913050913023,False,0.2238135447096327,0.24969009177074947,tum_fr1_desk,2
4976,8,high_utility,medium,medium,0.006277721922927316,0.00752144493251582,0.003161043416485607,0.0038232377375884666,0.0012437230095885044,1.1979261105752412,False,0.4491507023464995,0.5672295840152703,tum_fr1_desk,2
2908,8,high_utility,low,far,0.009045955142995615,0.009277961426144418,0.006580778783487093,0.00678110609933984,0.0002320062831488026,1.0255341470691004,False,0.04780981934270754,0.6583864476714876,tum_fr1_desk,2
4009,2,random,medium,near,0.00023422981027209624,-0.0033065291321447126,0.0001225669091315453,-0.0017709031054123142,-0.003540758942416809,-14.056590566986246,True,0.16662214012283663,0.06890701260555238,tum_fr1_desk,2
4277,4,random,medium,far,0.0033451113463084867,0.0031003742851743055,0.002086940935398516,0.0019828848997283004,-0.00024473706113418135,0.9265604052879817,False,0.4040924445952051,1.3362648128768149,tum_fr1_desk,2
2026,1,high_utility,high,medium,-0.0023560550117422818,-0.0041106673782252846,-0.0036005561700837973,-0.006310735086474363,-0.0017546123664830024,-1.743984488162952,False,0.7580521010592345,0.4368205585159552,tum_fr1_desk,2
1543,2,spatial_knn,medium,medium,0.0016897690570909112,-0.0026571356251445214,0.0027552039248584645,-0.0037092199733791127,-0.004346904682235433,-1.5715544438199696,True,0.44971580306206804,0.2413603395921456,tum_fr1_desk,2
3870,4,overlap_top,medium,near,0.007015194893812313,0.005981182744844651,0.004428058370165526,0.003658748525484143,-0.001034012148967662,0.8524824118154907,False,0.15856501218841573,0.04664660073268853,tum_fr1_desk,2
2748,2,overlap_top,medium,near,0.005816708124685194,0.0017046575671132852,0.010126735043093436,0.00333972482481868,-0.004112050557571909,0.29301187522286143,False,0.34427453895125804,0.11583057136366359,tum_fr1_desk,2
4607,2,high_utility,high,far,0.0027355176323420913,0.0017051852852029287,0.0024676034233920337,0.0015203748603360872,-0.0010303323471391626,0.6231223453669177,False,0.5481611630158929,1.2035056032270088,tum_fr1_desk,2
4584,4,high_utility,high,medium,0.0022880111300262076,-0.0027275911026252773,0.0037766797217491607,-0.0041696175715601165,-0.005015602232651485,-1.191602376609697,True,0.757278858222671,0.38872063562657877,tum_fr1_desk,2
1810,2,high_utility,high,medium,0.007305971381382914,0.004195438393006285,0.0046507066129162266,0.00265694471544985,-0.003110532988376629,0.5741692657638763,False,0.603014561636042,0.2918656178029457,tum_fr1_desk,2
1535,4,overlap_top,medium,medium,-0.0051945734716807735,-0.0035289358829682376,-0.004685202313404375,-0.00285883421623284,0.001665637588712536,-0.6792197054287105,False,0.1558723933242913,0.2027869955545745,tum_fr1_desk,2
536,8,random,low,medium,0.00185820535371313,0.001533042621291505,0.0011820305372303667,0.0010370073430206936,-0.00032516273242162486,0.8245687428931797,False,0.052638574236191185,0.3672376192277362,tum_fr1_desk,2
3523,4,random,low,near,0.002399153959414883,0.0012343569443346478,0.0012338547021396944,0.0006318792499822529,-0.001164797015080235,0.5142824023820386,False,0.06405072202317248,0.19299479887174847,tum_fr1_desk,2
3742,1,spatial_knn,medium,near,0.0006770787655570687,0.0004623469968590047,0.00040856520895240107,0.0002715583580861696,-0.00021473176869806398,0.6818485113291644,False,0.22347615274498125,0.12871398112448976,tum_fr1_desk,2
1020,4,random,high,near,0.003827476015455574,0.003806243646012288,0.0023613929231838435,0.0024235180577420142,-2.1232369443286228e-05,0.9941928931111141,False,0.7846089395110813,0.05077158900903018,tum_fr1_desk,2
3368,1,high_utility,high,medium,0.013316164195427678,0.012247489878525572,0.017064087102518152,0.013820790894905967,-0.001068674316902105,0.9196770197314705,False,0.7262006401929904,0.3925451171574799,tum_fr1_desk,2
3808,4,overlap_top,high,medium,0.0059902993667617106,-0.0005397161204484793,0.003269083705189653,-0.00029517110031281686,-0.00653001548721019,-0.09008331705851566,True,0.5716498768745251,0.2929808441694577,tum_fr1_desk,2
4435,4,random,medium,medium,-0.006773943710611935,-0.0072279222756231635,-0.005060068295846176,-0.006389368850701895,-0.0004539785650112286,-1.0668608603052605,False,0.19254527178070832,0.4083079118588975,tum_fr1_desk,2
597,4,spatial_knn,medium,near,-0.003142624928395861,-0.005893640619690185,-0.005832148973893545,-0.009794624393518072,-0.0027510156912943238,-1.8747912851987754,False,0.2930291089652178,0.01631656146290293,tum_fr1_desk,2
4086,2,high_utility,medium,near,0.00021314451791702043,-0.0009540483388002453,0.00015097410195445758,-0.0006724584963396134,-0.0011671928567172658,-4.455161159763766,True,0.4615488986758718,0.05046929117882527,tum_fr1_desk,2
1363,2,overlap_top,medium,medium,0.009769002505438402,0.004778841572608936,0.019200155547533345,0.008613574623930828,-0.004990160932829466,0.48913411945890783,False,0.1355379216745976,0.3038582195101638,tum_fr1_desk,2
2188,8,spatial_knn,medium,far,0.003132526760576443,-0.003635782110948226,0.002943149600731775,-0.003389168681206505,-0.006768308871524669,-1.1602843660666196,True,0.45513712467577305,0.6403821995979336,tum_fr1_desk,2
4572,4,random,medium,near,0.0008598598510756042,0.0027375126099840495,0.0009027453442000812,0.0030624242932483607,0.0018776527589084453,3.1799747735518795,False,0.49299251946448985,0.1978432465156695,tum_fr1_desk,2
4833,8,high_utility,medium,medium,0.00025617767650179145,-0.0005367024390193598,0.00013826027641338715,-0.00031480355133611294,-0.0007928801155211513,-2.0868935683677865,True,0.42678416699582633,0.2721945397745977,tum_fr1_desk,2
4039,4,spatial_knn,low,medium,0.005621772556328397,0.005682929016264109,0.005840625571105619,0.006471874181331675,6.115645993571169e-05,1.0106987183516796,False,0.06939890840110526,0.27899862808113307,tum_fr1_desk,2
1977,8,random,medium,medium,0.00521186295820784,0.00685336321386016,0.0032816095480403614,0.0042696337879072266,0.0016415002556523207,1.314702356230043,False,0.4196004593751812,0.31655214893494055,tum_fr1_desk,2
4409,4,random,medium,medium,0.005001064828721389,0.0059169289391527565,0.0037494660014308037,0.004336047421466492,0.000915864110431368,1.1828972917700513,False,0.3504893208266362,0.5107760393282066,tum_fr1_desk,2
270,1,spatial_knn,high,medium,0.01234113020752912,0.0128617037663381,0.020433763823794932,0.024956714395926904,0.0005205735588089803,1.0420975593412571,False,0.7254932618718688,0.26556109585134696,tum_fr1_desk,2
1585,4,high_utility,medium,near,0.0018662437721293091,0.0037789007160884793,0.0010130943614036047,0.0020174514858944327,0.00191265694395917,2.023785417037013,False,0.3980234528219622,0.09158279443798162,tum_fr1_desk,2
1066,4,high_utility,high,near,0.005305513888405866,0.007963484896054328,0.004627925421550521,0.008046100954518479,0.002657971007648461,1.5006999064778939,False,0.6919959809662211,0.11597235716297746,tum_fr1_desk,2
4566,4,random,medium,near,-0.0020884119830256688,-0.005356072696638377,-0.002972960783149943,-0.006470853143510475,-0.0032676607136127083,-2.5634354259241254,False,0.4477739487426508,0.1334181060941299,tum_fr1_desk,2
3863,8,overlap_top,medium,medium,-0.0018950971075999282,-0.0042368705793815395,-0.001976869955182999,-0.004044569619410426,-0.002341773471781611,-2.2345219358224497,False,0.26560056169414337,0.40929196379371474,tum_fr1_desk,2
421,4,spatial_knn,medium,medium,-0.001025333940573699,-0.000557333170946583,-0.0017235947108878117,-0.0008832822226549618,0.00046800076962711604,-0.5430329729084528,False,0.45706640397754295,0.2805440339354532,tum_fr1_desk,2
2986,1,spatial_knn,high,near,-0.006055847315871096,-0.007908714479294534,-0.004083084672818421,-0.005828611368928861,-0.001852867163423438,-1.3057477045146715,False,0.6018765620255648,0.005340807564917106,tum_fr1_desk,2
4480,8,high_utility,high,medium,0.005025843248602458,-0.004523316821302687,0.00294847518259096,-0.002399586425146802,-0.009549160069905145,-0.8998324788743393,True,0.5416302519056082,0.4876886694334569,tum_fr1_desk,2
3464,2,high_utility,medium,near,0.0012722165073180824,-0.0011016563285704197,0.0012312221105515578,-0.0009395299307875177,-0.002373872835888502,-0.8652545126759007,True,0.3059875684660755,0.10894728296192889,tum_fr1_desk,2
2047,8,high_utility,medium,medium,0.0074557454626775115,0.005874271023068549,0.004391603515993058,0.0034649505157969673,-0.001581474439608962,0.7877794746341336,False,0.43606673028791215,0.3249394065152451,tum_fr1_desk,2
3078,8,overlap_top,medium,near,-0.008651167978934591,-0.009909236209194159,-0.005533733580649965,-0.0067036518459662265,-0.0012580682302595677,-1.145289392591562,False,0.10436112795489444,0.0037972748297753077,tum_fr1_desk,2
956,4,spatial_knn,high,near,0.014126957947085406,0.00862470337902194,0.007718542598169922,0.004377506566977373,-0.005502254568063467,0.6104706293241208,False,0.6620649739845618,0.1674113800784543,tum_fr1_desk,2
1527,2,overlap_top,high,near,0.003833249060736469,0.002288301461003359,0.0028940492695187876,0.0017508696428011603,-0.0015449475997331103,0.5968056390587809,False,0.6458093194610004,0.1846518858154283,tum_fr1_desk,2
832,2,high_utility,high,near,0.003116404566276853,-0.00018118362115121522,0.0016268027828557075,-8.951397261112206e-05,-0.003297588187428068,-0.058120021735775095,True,0.710826630819588,0.1749693533608382,tum_fr1_desk,2
2367,1,spatial_knn,low,far,0.003051515201109977,0.0024708247861803334,0.0016736132971247792,0.0013304290348231454,-0.0005806904149296438,0.8094389784797384,False,0.059259925768358195,1.4814440922868648,tum_fr1_desk,2
4677,1,overlap_top,medium,near,-0.0006938041867304784,-0.002203698127537657,-0.0013816850492577308,-0.005185545019452506,-0.0015098939408071787,-3.171682280596985,False,0.14046382210769304,0.05864316537791214,tum_fr1_desk,2
1543,2,overlap_top,high,far,-0.0004898092340892102,0.001614718053589025,-0.0008207917540208553,0.0025214009717572762,0.002104527287678235,3.289909686775639,True,0.6342720362188218,0.7085629513328296,tum_fr1_desk,2
4945,2,random,low,medium,-0.0017237847761991864,-0.002054160839540164,-0.0009549851057968488,-0.0010782940673385864,-0.0003303760633409775,-1.1909664718091992,False,0.03989166119534309,0.27745130513414784,tum_fr1_desk,2
3209,4,spatial_knn,medium,near,-0.002490846915760572,-0.0065734706719147995,-0.0018020670477211342,-0.004534123627173385,-0.004082623756154227,-2.6379913751276396,False,0.28401221290899736,0.19727619831159396,tum_fr1_desk,2
539,2,spatial_knn,medium,near,0.0029702753319187747,0.004155119336507494,0.0026628727565670865,0.004134933692122327,0.0011848440045887196,1.3984295874136385,False,0.2428031273183618,0.1524880307929849,tum_fr1_desk,2
2170,8,overlap_top,medium,near,0.006334730829552936,0.004954249140726504,0.0032612600875418247,0.0027636092965845913,-0.0013804816888264315,0.7819538541027456,False,0.15034076629903634,0.04807166845736057,tum_fr1_desk,2
3364,8,spatial_knn,medium,near,0.004890959475277934,0.004939359892096872,0.0025251884296168276,0.002418861642535921,4.840041681893818e-05,1.0096894541049413,False,0.2669633660605039,0.11414488594169621,tum_fr1_desk,2
801,8,spatial_knn,high,medium,0.004846829592968867,0.002064350562403059,0.00832685202045124,0.003238935402046382,-0.002782479030565808,0.4258298528886257,False,0.7460031624779061,0.5887706907772523,tum_fr1_desk,2
3185,2,high_utility,low,far,0.005043677945622085,0.004486547373049854,0.006337353634563364,0.005097800509610343,-0.0005571305725722312,0.8893624967562909,False,0.09954736635740416,0.9826011267395968,tum_fr1_desk,2
2889,2,high_utility,medium,near,0.002115979892786874,0.004550642120697977,0.0019494341519648618,0.003651142565594693,0.0024346622279111034,2.149591564947429,False,0.49529712003735704,0.05208998136550815,tum_fr1_desk,2
1903,4,spatial_knn,medium,near,0.0024959254498886376,0.004862043322694101,0.0025047197176755807,0.0044083854068234065,0.002366117872805464,1.947212049487079,False,0.3330279428354838,0.17872522571958666,tum_fr1_desk,2
3175,4,random,high,near,0.0005202416100413905,0.002721529684606015,0.0004820847097532777,0.0025079426290876014,0.0022012880745646245,5.221244106720308,False,0.6250325179245538,0.005877576008128592,tum_fr1_desk,2
4824,1,spatial_knn,high,near,-0.005103748448395509,-0.004792787484789678,-0.006081477283419659,-0.00530374937871656,0.0003109609636058311,-0.9388880829761778,False,0.7662133265409781,0.02426945802645354,tum_fr1_desk,2
2529,8,spatial_knn,medium,near,-0.002482922067279728,-0.0030668120036316197,-0.003226762332029978,-0.004398977768454175,-0.0005838899363518916,-1.2346651467170404,False,0.12183219765412422,0.0919475698627759,tum_fr1_desk,2
2486,8,spatial_knn,medium,medium,0.0009735799025187438,0.0022106797910293957,0.001233534440563459,0.0030775811722309645,0.001237099888510652,2.2683412466397317,False,0.38850458722570047,0.36539672875829105,tum_fr1_desk,2
1293,2,overlap_top,high,far,0.005222977162075882,0.006904512564374548,0.004006914348520239,0.005391324061846161,0.0016815354022986654,1.3216965446362827,False,0.7545566797547606,0.805291715150417,tum_fr1_desk,2
222,2,spatial_knn,high,medium,0.006819534670379312,0.005289386542724835,0.003987885721412251,0.003222371448863012,-0.0015301481276544775,0.7755090763919061,False,0.6412315685752604,0.22611806212475838,tum_fr1_desk,2
1885,8,spatial_knn,low,near,-0.0010860612332398078,-0.0015813282541809954,-0.0006605115634640522,-0.0008955739252418179,-0.0004952670209411876,-1.4546818576798162,False,0.041877742745050475,0.07879122163607305,tum_fr1_desk,2
4007,4,high_utility,high,near,0.0037091260697748327,0.0005290134447091389,0.004631498260533329,0.0006036109631808813,-0.0031801126250656938,0.1425863797510376,False,0.5187639313451479,0.14321694310889024,tum_fr1_desk,2
3587,2,spatial_knn,high,near,0.0008905586435386565,0.0024119043552556386,0.001373659592873938,0.0033872265699372997,0.0015213457117169821,2.7052672000157245,False,0.7475286356569719,0.014903400684205958,tum_fr1_desk,2
244,2,overlap_top,high,medium,0.008690135813909603,0.008701506838053702,0.005963540411053619,0.006909849984712062,1.1371024144099734e-05,1.0011932875479292,False,0.5232620423645981,0.21498039366298943,tum_fr1_desk,2
2399,2,spatial_knn,medium,medium,0.0006554190265109928,-0.0006682005811889298,0.0006102059468660627,-0.0006213935510191275,-0.0013236196076999226,-1.0179482224038483,True,0.24802721920996007,0.5013425243529664,tum_fr1_desk,2
1660,2,overlap_top,high,near,0.005246377882656059,0.003212247946175896,0.007281342489511164,0.00426911154877193,-0.0020341299364801634,0.6121624967763816,False,0.7059960840545092,0.006098076301273366,tum_fr1_desk,2
1330,8,spatial_knn,high,near,0.0009954874722881385,-0.004507875104999308,0.0005757263456599315,-0.002601532723583098,-0.005503362577287446,-4.523764954764868,True,0.5130125674054958,0.1601487385337446,tum_fr1_desk,2
941,1,high_utility,high,near,0.010701322168564594,0.009417989057649803,0.005771255899958129,0.005041797953761935,-0.0012833331109147915,0.8799949122549124,False,0.5283757770915449,0.19092596219735747,tum_fr1_desk,2
1336,2,overlap_top,medium,near,-0.0017823644897616876,-0.0017588065324606994,-0.001591375993531978,-0.0014881339123635452,2.3557957300988268e-05,-0.9862294234061654,False,0.23401201627282486,0.05498598329070747,tum_fr1_desk,2
4076,1,random,high,medium,0.0025197983948177195,0.0033152342592493137,0.0015931099941307702,0.002165245327102167,0.0007954358644315942,1.3151524794941167,False,0.6679654200416936,0.5545646836106586,tum_fr1_desk,2
3432,4,overlap_top,medium,medium,0.007883484965838454,0.007154611798667872,0.00410522196798655,0.0035894972434667503,-0.0007288731671705817,0.9074291890550945,False,0.2790089979168707,0.35513003371935997,tum_fr1_desk,2
4471,1,spatial_knn,low,near,0.011092419937679,0.010700242254477991,0.006407131947626718,0.005704168574451457,-0.0003921776832010092,0.9645575768870361,False,0.031039563783109972,0.06202332464864017,tum_fr1_desk,2
4136,4,overlap_top,high,near,-0.0029955981958021526,-0.008000005985896983,-0.0028121954116972644,-0.008104639379006087,-0.0050044077900948305,-2.669695922898158,False,0.668710726500994,0.03203383116565499,tum_fr1_desk,2
3621,1,random,low,far,-0.0022817425914060194,-0.0028933763281005784,-0.0018161011688882004,-0.002088172403800442,-0.0006116337366945591,-1.2675000409566322,False,0.029140354641376123,0.6985004824204714,tum_fr1_desk,2
1645,2,high_utility,high,medium,-0.0017458586330162092,-0.004337162185805873,-0.0010843655874733513,-0.0027223508355879657,-0.0025913035527896635,-2.4828352471299424,False,0.7676737180873872,0.4720221799565314,tum_fr1_desk,2
4221,4,high_utility,high,near,0.0057908915417563215,-0.0012290816669683338,0.004902040641922242,-0.000990075946237594,-0.007019973208724655,-0.2122073001725494,True,0.6688948924360342,0.09235198996894364,tum_fr1_desk,2
4538,4,spatial_knn,medium,medium,-0.005739367305115431,-0.007524321380350264,-0.0030220590110490186,-0.0038966886125842916,-0.0017849540752348336,-1.3107735063651924,False,0.3064470451368029,0.39226871334886054,tum_fr1_desk,2
256,4,high_utility,medium,near,0.002377881863350189,0.0034756101471009136,0.001254946920935632,0.001896798852405974,0.0010977282837507244,1.4610267960957914,False,0.21823511415987662,0.18683536829769112,tum_fr1_desk,2
3470,1,high_utility,high,medium,0.005734904200523549,0.006480172125582524,0.005185428107536758,0.006406708260675009,0.0007452679250589745,1.1297559894725997,False,0.7546480894993198,0.22033484281130347,tum_fr1_desk,2
4457,4,random,medium,near,0.0019860694466654937,-8.011135736617258e-05,0.0027122276577868695,-0.0001203866120325088,-0.0020661808040316663,-0.04031633494270049,True,0.4173945806327317,0.004050051750903676,tum_fr1_desk,2
1215,8,spatial_knn,medium,medium,0.0029668972596207954,0.0016175593793989198,0.001736638920021989,0.0009454200690065134,-0.0013493378802218756,0.5450186572851896,False,0.45918014002539354,0.3043403102137366,tum_fr1_desk,2
3003,8,random,low,medium,9.060327802155009e-05,0.001596394399097636,7.388479339811228e-05,0.0014860532519402729,0.0015057911210760858,17.427262796447927,False,0.026358294596423984,0.26757267412130237,tum_fr1_desk,2
3036,8,high_utility,high,near,0.006740421937180449,-0.005885857130198264,0.005511472299340633,-0.005321316688176788,-0.012626279067378713,-0.8730883758716312,True,0.5514234569806697,0.040781181479497115,tum_fr1_desk,2
3138,2,spatial_knn,high,medium,-0.005217785170918627,-0.005687472336114286,-0.008689246554799952,-0.007459283717836295,-0.00046968716519565955,-1.089807713834896,False,0.5312805369183128,0.225263047800071,tum_fr1_desk,2
446,4,high_utility,medium,medium,-0.0010908658117363221,-0.0007718028725580454,-0.0009809400136587044,-0.0005988943612385488,0.00031906293917827676,-0.706866049162853,False,0.1267619521446104,0.46489374806854544,tum_fr1_desk,2
2922,4,high_utility,medium,near,0.0017682787697021994,0.0038785020083208005,0.0010547941492497746,0.0023188438315876613,0.002110223238618601,2.1921373130892317,False,0.32801902939339445,0.19733106763328198,tum_fr1_desk,2
2836,2,random,medium,medium,-0.001857046006885963,-0.0015142512642033932,-0.0011403387849355775,-0.0008670783657381129,0.00034279474268256974,-0.814969736266778,False,0.3686949882157216,0.3337869768474488,tum_fr1_desk,2
4507,4,overlap_top,high,far,-0.0017024505316607925,-0.0021079772161877587,-0.0008958423747962784,-0.0009995804412597884,-0.00040552668452696616,-1.237474864698636,False,0.5008784815896374,0.6654753820943703,tum_fr1_desk,2
243,2,random,high,medium,-0.003039558477141031,-0.00878910391235514,-0.0015639217311921264,-0.004226611918607362,-0.0057495454352141095,-2.8906215678572766,False,0.6563752130886829,0.26335167006076426,tum_fr1_desk,2
3770,2,spatial_knn,high,medium,0.00700781139881694,0.0041625187269409185,0.01158022656505303,0.005466400941685058,-0.002845292671876021,0.5938979507486156,False,0.5033753544066337,0.36050554804939655,tum_fr1_desk,2
1754,8,random,medium,far,0.008987239802184707,0.007438035149143829,0.007568960605735343,0.005835129296391872,-0.0015492046530408777,0.8275296735336234,False,0.22074263836005034,0.7060431619488251,tum_fr1_desk,2
4803,2,overlap_top,high,near,-0.001817686333207375,-0.003729854865686454,-0.0009355853015596194,-0.0019605808150793516,-0.0019121685324790787,-2.0508510992704307,False,0.6163502422338696,0.07091745902783811,tum_fr1_desk,2
2586,4,spatial_knn,medium,near,-0.0019849466587344355,0.0020098835941052724,-0.0023569945563962267,0.002373638451704843,0.003994830252839708,1.0120531612798154,True,0.3770931875262748,0.0579967272161201,tum_fr1_desk,2
4454,4,spatial_knn,high,near,0.008420205034181434,-0.005196368141027844,0.011012290452856436,-0.006931040219272487,-0.013616573175209278,-0.6170575493573582,True,0.7092923911914845,0.09156494267022536,tum_fr1_desk,2
4382,2,spatial_knn,high,near,0.004543289021399206,0.0021969947516084763,0.0035561110338835217,0.001947350872674899,-0.0023462942697907298,0.4834628126122163,False,0.7320666666864599,0.10416535251979415,tum_fr1_desk,2
324,4,overlap_top,medium,medium,0.005172817935777915,0.003944869689036352,0.0027903834535743196,0.002159610097720576,-0.0012279482467415623,0.7624678212499214,False,0.21376791638885928,0.21346263147526173,tum_fr1_desk,2
364,8,random,low,medium,0.002964039191984947,0.002420566084731404,0.0018854557777263463,0.0015775348903209196,-0.0005434731072535431,0.8163690015547331,False,0.009066074563590033,0.23864322444487493,tum_fr1_desk,2
3258,8,spatial_knn,medium,near,0.0027310520435770897,0.003990657746856217,0.0020167037632080904,0.0031270340126444943,0.0012596057032791272,1.4606814523310576,False,0.3386864218806288,0.0028061707265844876,tum_fr1_desk,2
1559,8,overlap_top,medium,medium,0.0067957583827451115,0.004248846694678251,0.006742947341655378,0.003547488556488653,-0.0025469116880668602,0.6251284002480906,False,0.11425928838950608,0.35710142863065825,tum_fr1_desk,2
1901,2,overlap_top,high,medium,0.010079970312816138,0.009819013500376311,0.005799123845531455,0.005818381529940889,-0.0002609568124398271,0.9740147223619143,False,0.5348373560911883,0.5958307782270872,tum_fr1_desk,2
4165,2,high_utility,medium,near,-0.002715125961711552,-0.006962603125946011,-0.0014629458477338649,-0.0038278364570906165,-0.004247477164234459,-2.563431602251084,False,0.3159561488171697,0.08792137753854459,tum_fr1_desk,2
3961,4,overlap_top,low,near,0.0002167513640085959,0.0014563289991694095,0.0002189052499858496,0.0018402791777371395,0.0012395776351608137,6.688036172815523,False,0.06339968490394306,0.06376852654786613,tum_fr1_desk,2
3988,8,overlap_top,low,near,-0.007516602385151602,-0.0064937609136008385,-0.007661643053725526,-0.006750098405627301,0.0010228414715507642,-0.8638074456327984,False,0.09862714196193023,0.04785794122625112,tum_fr1_desk,2
4664,2,high_utility,low,near,0.003064099234415265,0.0027301536381099025,0.0021746287727446518,0.0021255470791812997,-0.0003339455963053625,0.8907227562016403,False,0.04036445649609899,0.03313297820287705,tum_fr1_desk,2
2840,8,high_utility,high,medium,0.004612550351052557,-0.0036906980969321403,0.0035014559820393046,-0.002759294056577466,-0.008303248447984697,-0.7999691812380735,True,0.7598633643890926,0.24278688146634453,tum_fr1_desk,2
1389,4,overlap_top,medium,near,0.007471998985415703,0.010036008159413145,0.004052740825047872,0.0052957223031778,0.0025640091739974422,1.3429692923817342,False,0.3899742683711792,0.13582412241147448,tum_fr1_desk,2
976,1,overlap_top,high,near,0.007946664171562421,0.0068076641318465135,0.008712888200477227,0.006825555936259346,-0.0011390000397159077,0.8565616242574834,False,0.5359759392773253,0.022410862995060423,tum_fr1_desk,2
3159,2,high_utility,high,far,-0.00752467888708943,-0.008638379157395952,-0.007208404247811995,-0.008897392390730861,-0.0011137002703065233,-1.1478538065469945,False,0.5348039209207863,1.079455110591415,tum_fr1_desk,2
4309,8,spatial_knn,medium,near,0.011871983722400146,0.012021700713764951,0.006590188608265133,0.00687789337479594,0.00014971699136480583,1.0125256628697494,False,0.4256694591504091,0.19754038038805197,tum_fr1_desk,2
2605,2,random,medium,medium,0.005487934851695995,0.002815751511256742,0.007002515653327067,0.003579520652225317,-0.002672183340439253,0.5129868703737154,False,0.460927463860773,0.24201427242134105,tum_fr1_desk,2
382,8,random,low,near,0.005489870150650488,0.006779433374815934,0.002759897195916206,0.0034021178785289697,0.001289563224165446,1.234673774613445,False,0.03982480121843501,0.09379744880641627,tum_fr1_desk,2
4739,2,random,medium,medium,-0.0031510764800689725,-0.00456764287958701,-0.004604253326848181,-0.005159205590866283,-0.0014165663995180378,-1.4490901183612976,False,0.37662799761016585,0.3679090054037748,tum_fr1_desk,2
2422,1,overlap_top,medium,medium,0.00590730447928886,0.00601756896938928,0.00794786158538952,0.00911359990891272,0.00011026449010041977,1.0184933749578138,False,0.1347524409055322,0.4287162273964465,tum_fr1_desk,2
458,8,high_utility,medium,near,0.003894168163447392,0.004284922636250851,0.003297988070754414,0.00366759771202026,0.0003907544728034584,1.1000610131446826,False,0.31206883102417093,0.06490548925155495,tum_fr1_desk,2
1848,8,high_utility,high,medium,-0.009690862268466351,-0.014377078773330502,-0.012366827575376708,-0.020555265675052295,-0.00468621650486415,-1.4834175698212377,False,0.5552578668247875,0.21966810778517998,tum_fr1_desk,2
2620,1,spatial_knn,medium,near,-0.0016086338904833775,-0.0036254881202502404,-0.001540613199151032,-0.0030277960930939806,-0.002016854229766863,-2.2523681575575525,False,0.4710482161249786,0.028036885258259262,tum_fr1_desk,2
4092,2,overlap_top,medium,near,0.0020507326287188717,0.00477324737667993,0.0015284284136112267,0.003827481469054681,0.0027225147479610578,2.32644707690807,False,0.495148130210747,0.09975609882124586,tum_fr1_desk,2
4118,1,random,low,near,0.0037537384852382805,0.002509110018080055,0.0028013151315376813,0.0017509143744386599,-0.0012446284671582257,0.6682516047241632,False,0.0492863882339754,0.053199636994166744,tum_fr1_desk,2
656,2,high_utility,medium,near,-0.005333432062929463,-0.010517144907470407,-0.00443137635129237,-0.008777659670999126,-0.005183712844540943,-1.9715585058355396,False,0.29088915935205106,0.07331562468746997,tum_fr1_desk,2
1648,1,overlap_top,high,near,0.001316008800073187,-6.995599235358973e-05,0.0012731166204745436,-7.050888499010638e-05,-0.0013859647924267767,-0.05311733099255087,True,0.6601079005291353,0.1992254460773455,tum_fr1_desk,2
1074,2,high_utility,medium,near,0.005757598368430814,0.0019944149315036515,0.009155516496574506,0.004441457872178804,-0.0037631834369271622,0.3463368694780356,False,0.49300323245665,0.17601840285856332,tum_fr1_desk,2
2233,2,overlap_top,high,medium,0.008493487001584588,0.010889862105643232,0.005303978337771264,0.007064866110081385,0.002396375104058644,1.2819917322390164,False,0.5309874885551508,0.328790696900907,tum_fr1_desk,2
4284,8,random,high,medium,-0.0006868838711077243,-0.011185973133403325,-0.0008422244964595902,-0.015474611998378863,-0.010499089262295602,-16.2614266785906,False,0.6743599945112857,0.22047594562673847,tum_fr1_desk,2
3691,4,spatial_knn,medium,near,-0.009752279263121806,-0.007406542859324747,-0.008405817318146061,-0.006597558247397868,0.0023457364037970598,-0.75939001227307,False,0.47086887787940346,0.15714246837171253,tum_fr1_desk,3
3849,2,high_utility,medium,near,-0.004524084452164747,-0.0059785645817145286,-0.0036212237659262324,-0.004478060085680587,-0.0014544801295497815,-1.3212050835547287,False,0.2971706714675772,0.17875808087451953,tum_fr1_desk,3
4878,4,overlap_top,high,far,0.0011275774669148747,0.0011321687400380758,0.0010084390510396374,0.0008744199834344105,4.591273123201109e-06,1.0031821237163439,False,0.7190522998450773,0.8026187940596408,tum_fr1_desk,3
4150,2,overlap_top,high,far,0.004509938286944165,0.0074512428226387335,0.0030459224841367766,0.004773718972154097,0.0029413045356945686,1.6518166174439979,False,0.6485843721843302,0.8822063231640064,tum_fr1_desk,3
910,8,spatial_knn,medium,far,-0.002319329831978501,-0.004165451034030061,-0.0014820940173025795,-0.0027469248479122118,-0.0018461212020515591,-1.7951978105105255,False,0.31907312955757655,0.7042792456096895,tum_fr1_desk,3
2400,2,overlap_top,medium,near,0.004307590231890566,0.00508090996915542,0.003944711734331869,0.005446416919499769,0.0007733197372648537,1.1792511461285953,False,0.4683887506520285,0.11378732886981273,tum_fr1_desk,3
979,4,overlap_top,medium,near,0.01135537241154057,0.008653604233462772,0.012677508330085588,0.009562885183310235,-0.0027017681780777975,0.7620042668439447,False,0.23452475380264143,0.0017825047019802375,tum_fr1_desk,3
107,1,high_utility,high,medium,0.00438120176693833,0.004093034136041896,0.0038995318198240736,0.0032962217933541877,-0.00028816763089643387,0.9340131636388656,False,0.7423205038896217,0.5287385230211038,tum_fr1_desk,3
116,2,high_utility,medium,medium,0.010466628178701911,0.009527978530843329,0.008341073896102471,0.007045987053898351,-0.0009386496478585818,0.9102328023295237,False,0.1717103703235429,0.30458716511909845,tum_fr1_desk,3
4944,4,spatial_knn,high,medium,-0.004247779513697402,-0.0059223761304591825,-0.0026316979157079727,-0.003730738950894697,-0.0016745966167617812,-1.3939005569402616,False,0.6761804465285919,0.22360510766758082,tum_fr1_desk,3
3065,2,spatial_knn,high,medium,0.0077796390094064275,0.007857799243118382,0.004892834093332073,0.005313831466482095,7.816023371195351e-05,1.0099169533014796,False,0.6925817896854349,0.38666574108358165,tum_fr1_desk,3
3142,1,high_utility,medium,medium,0.0052204771112097995,-0.0001753497799382225,0.005636707220787378,-0.00020927262493400313,-0.005395826891148022,-0.03358240900104119,True,0.122369496484595,0.4925926999409195,tum_fr1_desk,3
1138,1,random,medium,medium,-0.011898534428977686,-0.014964946954463876,-0.017467782600908616,-0.025511866383901093,-0.003066412525486191,-1.2576077697646149,False,0.47260297708245186,0.27441026271334784,tum_fr1_desk,3
3243,1,random,medium,near,-0.0018621216370773822,-0.002502748933411033,-0.0034094565554583733,-0.004289443431899369,-0.0006406272963336507,-1.3433094670818235,False,0.11963945484555563,0.03289068764973623,tum_fr1_desk,3
4654,4,overlap_top,medium,near,-0.0011204237251874701,-0.0036445067799627698,-0.0014735452681785344,-0.0055848635864357435,-0.0025240830547752996,-3.249892701666814,False,0.2890131107247917,0.07199654060758914,tum_fr1_desk,3
4772,2,overlap_top,medium,far,-0.0012034249674880049,-0.0036119109804674753,-0.0017952247279746543,-0.005271675736133174,-0.0024084860129794704,-2.998867574125947,False,0.4185265198541133,0.6867198509494841,tum_fr1_desk,3
2868,1,overlap_top,high,medium,0.0006669349336023149,-0.0008179644131707593,0.0008830885523744983,-0.0010042739726539899,-0.0014848993467730743,-1.2246169080561538,True,0.6771481410458455,0.20226610448101026,tum_fr1_desk,3
2163,1,high_utility,medium,medium,0.001413802052819874,0.0026077590488228553,0.0014015416484865417,0.0027265189309707417,0.0011939569960029814,1.8431971056482934,False,0.18451091217141116,0.4446750207938982,tum_fr1_desk,3
4356,8,random,low,near,0.007343961606971461,0.006057961900454968,0.005441315655851455,0.004404496869855599,-0.0012859997065164937,0.8247778851158406,False,0.012886574839469579,0.03734433739456275,tum_fr1_desk,3
3164,8,high_utility,medium,medium,-0.0011542320147359436,-0.009547475826114619,-0.0005928455992153653,-0.0048849682970293715,-0.008393243811378676,-8.264552665030607,False,0.11252267138693339,0.3783025947995938,tum_fr1_desk,3
1960,4,high_utility,high,medium,0.0017788788530882908,0.0035659600535784355,0.0017638998941352905,0.0038917098578032695,0.0017870812004901447,2.0034847020015394,False,0.7936127755174686,0.348130756011122,tum_fr1_desk,3
288,8,random,high,medium,-0.001573660922554546,-0.010147545226789064,-0.0028062764218719535,-0.01543959318571074,-0.008573884304234518,-6.4442732282495925,False,0.533290709275428,0.2789219510593947,tum_fr1_desk,3
3175,4,spatial_knn,medium,near,-0.0005210468729092655,-0.0020226449503591556,-0.0003178774132425597,-0.0013545674668587093,-0.0015015980774498903,-3.874450849762492,False,0.4616426733708354,0.12568621967955695,tum_fr1_desk,3
1332,2,spatial_knn,medium,medium,0.006680008736392609,0.008117334054679688,0.004297422031241229,0.005181404240197112,0.0014373253182870796,1.2149862954770838,False,0.2414677287143161,0.3152012946087569,tum_fr1_desk,3
1949,2,high_utility,high,medium,-0.0029904731388451762,-0.007121900418078925,-0.0018919559938414664,-0.003855269948643916,-0.004131427279233749,-2.3807335341236766,False,0.6239683684323145,0.32955615303408486,tum_fr1_desk,3
4349,1,overlap_top,medium,medium,0.0024857789354312387,0.0010943741260252542,0.0014840417760924145,0.0006625541792457366,-0.0013914048094059845,0.44007696479682296,False,0.45879966794817284,0.5764851384567976,tum_fr1_desk,3
1142,2,high_utility,medium,near,-0.0008922986443816567,-0.0020472872441676324,-0.0004745835898378883,-0.0011543322070227673,-0.001154988599785976,-2.2918284462244642,False,0.39731616991160357,0.04670429057293146,tum_fr1_desk,3
3957,4,random,medium,medium,0.0017422889569617423,0.00201230906998192,0.0015416993176557768,0.0018620862062764078,0.0002700201130201776,1.154317568493656,False,0.45943483176685884,0.29188172215287167,tum_fr1_desk,3
4782,8,random,medium,medium,0.004774168979843212,0.005382920574343877,0.0027296160429038305,0.0028525651254756425,0.0006087515945006647,1.1272733168325741,False,0.4524459865811096,0.3141596151803849,tum_fr1_desk,3
4457,4,random,high,near,0.00638236477770851,0.004610626236333502,0.009854604473809418,0.007620478255737658,-0.001771738541375008,0.7222877583988889,False,0.7397208843241447,0.03580542444392742,tum_fr1_desk,3
606,2,high_utility,high,near,-0.00841026500881064,-0.008902004070432411,-0.01646133668662345,-0.0189137741383744,-0.0004917390616217714,-1.0583430745681812,False,0.5584935392668189,0.11174245576262314,tum_fr1_desk,3
3709,8,spatial_knn,low,near,-0.004070392998345199,-0.006083982234852833,-0.002295522683284303,-0.0033715144758581362,-0.0020135892365076347,-1.4943244823886181,False,0.007760283938433777,0.045262499467509563,tum_fr1_desk,3
1281,4,high_utility,high,medium,0.005537288554321906,0.0048680836313863916,0.003926931168898299,0.00338244986122029,-0.0006692049229355137,0.8789869981742812,False,0.6974929966807558,0.3488247081492269,tum_fr1_desk,3
1596,8,high_utility,high,near,0.0021609254351841987,-0.0053303467818924585,0.0027230685523910616,-0.006527033819039246,-0.007491272217076657,-2.46555533097667,True,0.6979702520669394,0.0728660633532517,tum_fr1_desk,3
761,8,spatial_knn,high,medium,0.0009305175567784077,0.0024454919316784056,0.0006860804461099512,0.0018483437137458017,0.0015149743748999979,2.625277337912963,False,0.6896832587611841,0.548263891323877,tum_fr1_desk,3
3297,2,random,high,near,0.003590340814306238,4.418182357870037e-05,0.002582204682266399,3.3039832521504534e-05,-0.0035461589907275375,0.012302319903112636,False,0.6779249079433893,0.13243646112050259,tum_fr1_desk,3
482,8,high_utility,low,far,0.0011713518343226732,0.0009499485087082647,0.0016238806528235234,0.001113943439950085,-0.00022140332561440855,0.8102930203176574,False,0.0704048220091618,0.6719805222758887,tum_fr1_desk,3
2877,4,overlap_top,medium,medium,-0.0014313881221699677,-0.005854259576239477,-0.0014732602990035117,-0.005765253254423407,-0.004422871454069509,-4.087062358050473,False,0.24276257315968497,0.5983885501901997,tum_fr1_desk,3
4830,2,overlap_top,medium,near,-0.0075452817517556725,-0.007006151464193658,-0.007667762287866225,-0.007460287525564106,0.0005391302875620149,-0.9284243147380031,False,0.4495850733011034,0.07233705583523625,tum_fr1_desk,3
3749,4,spatial_knn,low,medium,0.005368181828543116,0.005513604844717995,0.0036831091890017777,0.0034519511022827296,0.00014542301617487987,1.0268985146688667,False,0.009315919602476975,0.24412846281230244,tum_fr1_desk,3
1100,4,high_utility,medium,near,0.009264568221369358,0.003893950577804498,0.006104629566334143,0.002481164860890764,-0.00537061764356486,0.4202603105143412,False,0.21998335357891216,0.024898786201031777,tum_fr1_desk,3
3839,8,high_utility,medium,medium,-0.0024306255790682045,-0.001829221683977051,-0.0016583864606482684,-0.001094266791005265,0.0006014038950911535,-0.7522628893704951,False,0.20992625805659604,0.4277867696203946,tum_fr1_desk,3
1155,8,spatial_knn,high,medium,0.009296089197359955,-0.0021873944712214634,0.005301195953392004,-0.001156103491633933,-0.011483483668581419,-0.2352773459291545,True,0.6543878168617643,0.2657971876976443,tum_fr1_desk,3
4641,8,spatial_knn,low,far,0.007479408767368711,0.009248746090769335,0.006156637295545021,0.0074900540710623985,0.0017693373234006244,1.23639581450609,False,0.07727094599562578,0.9095043242981313,tum_fr1_desk,3
3666,1,overlap_top,medium,medium,0.008755659959250818,0.012733009350928356,0.007934694415672251,0.011618825836922968,0.003977349391677537,1.4540943019577681,False,0.3985037393471843,0.2599191880677868,tum_fr1_desk,3
1499,1,overlap_top,low,medium,0.0058790980313753426,0.004621078120109005,0.01016414227783485,0.006935125755860569,-0.0012580199112663373,0.7858845372052656,False,0.07209090634731563,0.441531431535201,tum_fr1_desk,3
757,1,overlap_top,medium,medium,-0.007674820586202355,-0.008973543577501637,-0.006012584939993366,-0.006373857902868099,-0.0012987229912992824,-1.169066352805588,False,0.40610937812507786,0.4950243663458177,tum_fr1_desk,3
4617,1,high_utility,medium,medium,-0.0027437434763400003,-0.0003250584128484976,-0.002046761805304044,-0.0002312503427943076,0.0024186850634915027,-0.1184294327140361,False,0.3634165794883402,0.381416946792416,tum_fr1_desk,3
2311,1,overlap_top,low,near,-0.0071854431857393125,-0.008902625671546389,-0.0063837648530265,-0.00779164912622893,-0.0017171824858070754,-1.238808328605818,False,0.02401618057386905,0.1518646448276395,tum_fr1_desk,3
869,4,high_utility,low,medium,0.0018830313137364126,0.002475360860749756,0.0010892998894106417,0.0014237721725956635,0.0005923295470133433,1.3138639696176908,False,0.08927513981333375,0.549333620723666,tum_fr1_desk,3
3909,4,high_utility,high,medium,-0.0030708697191363524,-0.002927588626412214,-0.0022389437427187686,-0.0022599924369058663,0.00014328109272413857,-0.9530315065690016,False,0.6821329224813766,0.44734107961753816,tum_fr1_desk,3
3442,1,random,high,near,0.0048034018674090306,0.004285696951761032,0.005457802411609077,0.004619834021479822,-0.0005177049156479983,0.8920354853812986,False,0.7442933263212237,0.13606904923670737,tum_fr1_desk,3
704,4,spatial_knn,low,far,0.008831947059272191,0.00809421035458735,0.005268772364768477,0.004942327655839358,-0.0007377367046848409,0.9163657724055566,False,0.036092702881167595,0.8128999843072154,tum_fr1_desk,3
3465,1,spatial_knn,medium,near,-0.008356885896690786,-0.010123120970958773,-0.007193822821313431,-0.008789699508307396,-0.0017662350742679868,-1.2112059312710783,False,0.11058566942826974,0.15276829638386405,tum_fr1_desk,3
3881,8,overlap_top,high,medium,0.0026202090388601075,0.008001543975850532,0.0014491023473017471,0.004152749756845167,0.005381334936990424,3.0526157422874545,False,0.728703123845155,0.5050884323214422,tum_fr1_desk,3
246,8,spatial_knn,medium,near,-0.007457119459249534,-0.009037105753139301,-0.009529215455213732,-0.01803518775510048,-0.0015799862938897665,-1.2117137305881462,False,0.23303499776440423,0.046894629010536704,tum_fr1_desk,3
3691,8,overlap_top,medium,near,0.006644259303294067,0.006898124201079001,0.007740661782804745,0.006708585084936892,0.00025386489778493376,1.0380519233703323,False,0.26071211471491423,0.19368164200226975,tum_fr1_desk,3
4953,1,spatial_knn,medium,medium,-0.003777673569414373,-0.0035213338512764605,-0.004313036245694315,-0.0033928634381117863,0.00025633971813791216,-0.9318968115634833,False,0.3742793466336344,0.3213963258307352,tum_fr1_desk,3
1718,1,overlap_top,high,medium,0.002698258371079483,0.001997026844471068,0.0031124458189811556,0.0022311941007095086,-0.0007012315266084149,0.7398427901040167,False,0.5516864152003264,0.3411251779740157,tum_fr1_desk,3
898,1,overlap_top,medium,far,0.009447997047238244,0.011927327551179145,0.009598183638384942,0.01201284689119029,0.0024793305039409017,1.2622850331681783,False,0.28790607820364383,0.837887035403049,tum_fr1_desk,3
1091,2,high_utility,medium,medium,0.0033695656448950568,-0.0030074849546986655,0.0056682978508278935,-0.004256972882559596,-0.006377050599593722,-0.8922790034526398,True,0.4353440927535629,0.23523017366812776,tum_fr1_desk,3
2449,4,spatial_knn,high,near,0.004363760708996142,-0.0017535727961070762,0.005790116158756748,-0.001901073977552884,-0.006117333505103218,-0.40175691475888103,True,0.5248889203825338,0.0708920985421841,tum_fr1_desk,3
3718,4,random,high,medium,0.0010223274318771722,-0.0004509442552307532,0.0012340150793783361,-0.0006093258381483301,-0.0014732716871079254,-0.4406646799290328,True,0.6563690321266521,0.5771387179530357,tum_fr1_desk,3
910,8,spatial_knn,low,near,0.00018043333960499216,0.0011943391548199466,0.00015586028712334955,0.0008649431870972164,0.0010139058152149544,6.582798715055368,False,0.025507836166873687,0.023745427913573383,tum_fr1_desk,3
4722,1,overlap_top,medium,near,0.0034594001305815825,0.005214615024930194,0.006801047042312891,0.008307619723680505,0.001755214894348611,1.5069398994774006,False,0.15319472794464187,0.05492505089790833,tum_fr1_desk,3
521,1,random,high,medium,0.007187305517544863,0.008330843643843743,0.008552957303172593,0.011889778184563346,0.001143538126298881,1.158944013093243,False,0.7631366430773778,0.5049394917465564,tum_fr1_desk,3
2851,8,overlap_top,medium,near,0.004183662777824176,0.003986077104790167,0.00653766693005117,0.0056680883435738716,-0.00019758567303400907,0.9525444023622701,False,0.4302179930205148,0.04983146322169356,tum_fr1_desk,3
786,8,overlap_top,medium,near,0.0025012824352257973,0.005468549740097837,0.0017879823454936723,0.003905745974450857,0.002967267304872039,2.1854246599482576,False,0.4097688134482278,0.15543787759032646,tum_fr1_desk,3
2215,1,high_utility,low,near,-0.004713232484552098,-0.00536073421493598,-0.003537662402238187,-0.004597976923403755,-0.0006475017303838826,-1.137138279137141,False,0.051455378554866815,0.15443530452672988,tum_fr1_desk,3
658,8,spatial_knn,low,medium,0.006416160733386684,0.0072778853734371506,0.003808195622278005,0.004467350082311532,0.0008617246400504669,1.1341285773897416,False,0.07442429979271657,0.2669438206164817,tum_fr1_desk,3
4802,4,random,high,near,0.019778085647766383,0.017519341209065266,0.01686756383957071,0.01599844788827406,-0.0022587444387011176,0.8857508138170024,False,0.5894534654637601,0.19384599866553023,tum_fr1_desk,3
881,4,high_utility,medium,medium,0.005607927388428947,0.008541761313445456,0.0035011655678032372,0.005345894097968721,0.0029338339250165072,1.5228867699494306,False,0.1232493222885184,0.294365672061763,tum_fr1_desk,3
3815,1,spatial_knn,medium,near,0.007448935071020835,0.008593976499375378,0.004787526061376802,0.006064726733192196,0.001145041428354543,1.1535639461885643,False,0.18958425471118778,0.17824868758105852,tum_fr1_desk,3
3610,4,random,medium,near,0.0008513233425107476,0.0010595885636588156,0.0007719929399738391,0.0009018852392142869,0.00020826522114806797,1.2431767509000897,False,0.1988285951416743,0.10878861309608265,tum_fr1_desk,3
1529,4,high_utility,medium,near,-0.00028348807511623195,-0.0006055010474973927,-0.00024011560034598202,-0.0005629357910499161,-0.0003220129723811607,-2.1283881486069527,False,0.3477258544408674,0.1204994491472247,tum_fr1_desk,3
3688,2,high_utility,high,medium,-0.0028614912236741737,-0.002162915361118084,-0.0030644550431977616,-0.00253161419692433,0.0006985758625560898,-0.7556059362661928,False,0.5419734151475696,0.42615227353814894,tum_fr1_desk,3
3081,8,overlap_top,low,near,0.0021848376027455408,0.00230659621305497,0.0023831090587193913,0.002401772165099001,0.00012175861030942945,1.0552459204461253,False,0.0638312989072003,0.16236975060376677,tum_fr1_desk,3
1197,1,overlap_top,medium,medium,0.004244100455354059,0.005690256412647124,0.0024095221663388146,0.0031372197051949646,0.0014461559572930649,1.3404291541488464,False,0.48875722056212256,0.5149281938834145,tum_fr1_desk,3
1440,2,overlap_top,high,far,0.01434703707004312,0.011201877654860345,0.012291743884952423,0.010367192513607622,-0.003145159415182775,0.7807254469845526,False,0.7217964984769851,0.6255583049599831,tum_fr1_desk,3
3467,4,overlap_top,medium,near,0.002433593333779804,0.0006088999469329895,0.0019584925726871334,0.0005149456113173159,-0.0018246933868468146,0.2501033492881736,False,0.2725240618298394,0.019869053388044726,tum_fr1_desk,3
4330,1,spatial_knn,medium,medium,0.000729901304915122,0.001611943135663553,0.0008082604558253096,0.0017446262373649766,0.0008820418307484311,2.2054183305237696,False,0.2798893553779828,0.36963355501997336,tum_fr1_desk,3
1028,1,high_utility,high,near,0.006133237232685363,0.0056128381475124296,0.0035918818815754918,0.0033322050688521115,-0.0005203990851729335,0.9150018061912023,False,0.7580270805867562,0.13194519397341464,tum_fr1_desk,3
4207,2,overlap_top,high,near,-0.004391313146287876,-0.006321521260288184,-0.002294968576465862,-0.0032039463787558744,-0.0019302081140003086,-1.4392237187439063,False,0.6748695564748322,0.05889577248673376,tum_fr1_desk,3
1093,4,spatial_knn,high,near,0.006715257233033977,0.0012993608762699787,0.0036111528068503256,0.0006787007754211547,-0.0054158963567639985,0.19346502541312138,False,0.5731810101137336,0.1465694349608556,tum_fr1_desk,3
1204,1,random,high,near,3.281051862724779e-05,-0.0021490875756056843,2.1714395933104816e-05,-0.001370375183815796,-0.002181898094232932,-63.56269181489992,True,0.7073658814634549,0.19166403786776165,tum_fr1_desk,3
1588,4,random,low,near,0.003985233349412,0.0034282348205490975,0.0036416299524384636,0.0028999774033280643,-0.0005569985288629022,0.8600185990252649,False,0.08990637994296753,0.1281926115517963,tum_fr1_desk,3
1559,8,random,high,near,0.004658327979692975,0.001397927071883986,0.0062613674988705945,0.001956575047234444,-0.0032604009078089887,0.30002761728228927,False,0.5880185585425365,0.06270582509175741,tum_fr1_desk,3
3759,4,spatial_knn,high,medium,0.008032937099021045,0.0061769956027619,0.008662903297607915,0.00580636018072325,-0.0018559414962591454,0.7688628286017551,False,0.6421433301647352,0.4966959201603731,tum_fr1_desk,3
4844,8,random,low,near,0.006768451503134274,0.0071171926221878104,0.01092063303899537,0.010452268883190619,0.0003487411190535363,1.0513691720654963,False,0.06044359501021566,0.08498290945257478,tum_fr1_desk,3
66,1,random,medium,far,0.0031134023179960387,0.0033737615027262654,0.0032877493932174655,0.004667750312921971,0.00026035918473022693,1.0832773541271672,False,0.1426094251910188,1.2903602774495169,tum_fr1_desk,3
637,2,random,high,near,-0.004150265137062321,-0.00376010083846909,-0.006851353458001302,-0.008078112156770761,0.000390164298593231,-0.9057722680488575,False,0.7988938553315078,0.08052358149952904,tum_fr1_desk,3
1947,1,random,medium,medium,0.0063921753808297834,0.0031238330902742025,0.012439048166828675,0.005064598077651344,-0.003268342290555581,0.4886199586579703,False,0.10322943024834937,0.22429333184933248,tum_fr1_desk,3
1500,8,spatial_knn,medium,medium,0.0006894092071998133,-0.0005492326021329839,0.0004942189966839542,-0.00039817527807730875,-0.0012386418093327971,-0.7955174936912869,True,0.12590281189509406,0.33348619809219093,tum_fr1_desk,3
413,2,spatial_knn,medium,medium,0.000237356637543763,-0.0038006628131134835,0.0001623405507230522,-0.002370309480364213,-0.004038019450657246,-15.945277850362654,True,0.2115234383437163,0.22499429023837295,tum_fr1_desk,3
303,1,spatial_knn,high,near,0.006882722375769042,0.007675060873761033,0.011680089436214765,0.01198577440509192,0.0007923384979919917,1.1149579333381503,False,0.6583104546348016,0.06279815160960991,tum_fr1_desk,3
2429,2,overlap_top,high,near,-0.00595330601160427,-0.007984161644123834,-0.007970240057388625,-0.010442923184896563,-0.0020308556325195647,-1.3409054940346707,False,0.5721894827861065,0.05632740003344874,tum_fr1_desk,3
2063,2,spatial_knn,medium,near,-0.00102839999967899,-0.0020924847410399637,-0.000525804236720194,-0.0009656178064645332,-0.0010640847413609738,-2.0327226944749257,False,0.10777258469578062,0.049079141183018926,tum_fr1_desk,3
3614,8,random,low,medium,-0.0023028270190694347,-0.0019346419826574265,-0.0029395450579769436,-0.0022309506905689044,0.0003681850364120082,-0.8397514078287309,False,0.058037610389321516,0.33552597263553907,tum_fr1_desk,3
3396,8,spatial_knn,medium,medium,0.0031077261195053014,0.0009461259325267957,0.0026508675888756057,0.0007439573957471864,-0.0021616001869785057,0.3043452192814447,False,0.3896128324129916,0.5032863559415134,tum_fr1_desk,3
1743,4,high_utility,medium,medium,0.006835327849804417,0.005384341003135146,0.0053895492755793376,0.004148799147762701,-0.001450986846669272,0.7876071951828917,False,0.25347595492026403,0.3873968614028681,tum_fr1_desk,3
3536,2,high_utility,low,near,-0.0038855612194360917,-0.0022329461584655284,-0.006299959339987584,-0.0038940057859046663,0.0016526150609705635,-0.5745300362950441,False,0.08476472907523816,0.0357165150943952,tum_fr1_desk,3
3291,8,random,low,near,0.0033923172647106845,0.004442128504197385,0.006730082830147383,0.011041587845673611,0.0010498112394867008,1.3090813966598325,False,0.07978096308269436,0.13544854019625593,tum_fr1_desk,3
3949,2,high_utility,low,near,-0.0005805832093571735,0.00154397302047184,-0.0004670906940653832,0.0010907254823945387,0.0021245562298290136,2.654775783809853,True,0.0592869994403106,0.18749228327176562,tum_fr1_desk,3
868,1,overlap_top,high,near,0.0026092223206622698,0.0007107168601936443,0.0013779655521517253,0.0003603411356051246,-0.0018985054604686255,0.27228211733831165,False,0.760055324218725,0.05933238838139954,tum_fr1_desk,3
2675,1,high_utility,medium,near,-0.00016092908524862,-0.002745869801964415,-9.281990705636035e-05,-0.001670100942336208,-0.002584940716715795,-16.95723654430893,False,0.15121382619719778,0.19014376281153997,tum_fr1_desk,3
3275,8,overlap_top,high,medium,-0.0015519901183459568,-0.007990633930399588,-0.0015780136349261972,-0.008834978756484946,-0.006438643812053631,-5.145321812420914,False,0.7728798981851858,0.5355625866969725,tum_fr1_desk,3
4685,8,high_utility,medium,medium,0.008666214943529066,0.006009823992150409,0.004453538726828736,0.003078997762114792,-0.002656390951378657,0.6933973636637842,False,0.2905060722075698,0.5587366736239687,tum_fr1_desk,3
3325,4,high_utility,low,near,0.000628787713968547,-0.0006567168090593552,0.0003783963606245637,-0.0004288176475320896,-0.0012855045230279023,-1.0427590035396483,True,0.057058391530251475,0.021522964053423566,tum_fr1_desk,3
3137,2,random,medium,medium,-0.001680318267342571,-0.0033021933000447587,-0.002338829491574017,-0.0041384165714054245,-0.0016218750327021878,-1.9640500934210885,False,0.3607258705511634,0.5261718872639938,tum_fr1_desk,3
1543,1,spatial_knn,low,medium,0.008745675525567147,0.009091694551720628,0.010021356226020389,0.010116998707879655,0.0003460190261534824,1.0394457328552966,False,0.0855358915038571,0.21081039705249038,tum_fr1_desk,3
3342,4,overlap_top,medium,medium,-0.005588995466001994,-0.005595827084330778,-0.0037463494581076793,-0.0037602967336122484,-6.831618328783252e-06,-1.0010432241607798,False,0.27221998578722467,0.2909332707595037,tum_fr1_desk,3
942,4,high_utility,medium,near,0.00812624502488358,0.004060877083036112,0.007365829407141085,0.004100336650418966,-0.004065367941847468,0.4996621943355624,False,0.12470455802384457,0.06936981633840714,tum_fr1_desk,3
1091,1,overlap_top,low,near,-0.0016245201591239661,-0.0025200660438412723,-0.0012293755336994772,-0.001984107879121706,-0.0008955458847173062,-1.5503136209638886,False,0.011361724936611762,0.0499643147488938,tum_fr1_desk,3
236,8,overlap_top,high,near,0.0044430654820822885,-0.005397861258925383,0.004299321956574137,-0.00456745890875884,-0.009840926741007672,-1.2146223498930508,True,0.5278421611202533,0.17714864400248928,tum_fr1_desk,3
3446,4,overlap_top,high,medium,0.009394654691262778,0.006702799614979409,0.011160651681113456,0.007930806673055771,-0.0026918550762833693,0.7133935670509993,False,0.5229589543240634,0.4460813111441164,tum_fr1_desk,3
2598,1,overlap_top,high,medium,0.0018358528637801123,0.0011727268255372857,0.0027961769417897847,0.0017260740619021637,-0.0006631260382428267,0.6384435295072559,False,0.6802139154687393,0.36762918749707135,tum_fr1_desk,3
1360,1,random,high,near,-0.006224956677457875,-0.007403917407896532,-0.005160020160264779,-0.00630538486504049,-0.0011789607304386576,-1.189201562340397,False,0.5932824157897669,0.1465448044718812,tum_fr1_desk,3
1622,1,overlap_top,high,medium,0.008685885831774997,0.008165135008256944,0.01520170438044924,0.016387615792446793,-0.0005207508235180531,0.9399381051366433,False,0.7652566859617278,0.5563698519690783,tum_fr1_desk,3
961,2,high_utility,medium,near,0.0062925771488780025,0.004011446963687871,0.0033517718790823108,0.0020733352005810946,-0.0022811301851901316,0.6373874298820692,False,0.35022181751165515,0.006559285008101778,tum_fr1_desk,3
3424,2,random,medium,near,-0.003243469386463152,0.0006342440266953507,-0.004645182682011607,0.0008113374861718444,0.0038777134131585027,0.19548466980197038,True,0.129788438512462,0.16153587964316682,tum_fr1_desk,3
1857,1,spatial_knn,high,near,-0.0004715280064317745,-0.0017214994681907583,-0.0005631320356093614,-0.0019330145582274446,-0.0012499714617589838,-3.6431691767656424,False,0.7374313864868209,0.14022380517128238,tum_fr1_desk,3
2473,1,spatial_knn,medium,near,-0.0037207323851376145,-0.006600326607523878,-0.004108263762948209,-0.007094546418704826,-0.002879594222386263,-1.773455456894659,False,0.20400292200086056,0.091367190476804,tum_fr1_desk,3
2461,1,overlap_top,high,medium,0.006826633335805633,0.006604885493196192,0.005770715758263793,0.0049790483749904465,-0.00022174784260944088,0.9673755411789174,False,0.5485657834288608,0.3145461314377312,tum_fr1_desk,3
4270,8,spatial_knn,medium,medium,-0.007142029404209814,-0.012874270431349566,-0.005172498675584326,-0.010067651293293683,-0.005732241027139751,-1.8023543937481188,False,0.26313582256857954,0.21297308646125673,tum_fr1_desk,3
3747,2,overlap_top,high,near,0.007518600068612982,0.005441866387050705,0.0038540700556676795,0.0025878946893553804,-0.002076733681562277,0.7236909326820724,False,0.5278566741547158,0.11529092112200648,tum_fr1_desk,3
3994,1,spatial_knn,high,medium,-0.008678999243674029,-0.007880586329991853,-0.012919785989294151,-0.011599147490909274,0.0007984129136821756,-0.9079017300301281,False,0.6472276401922734,0.4552391647300795,tum_fr1_desk,3
639,1,overlap_top,high,medium,-0.0031484811981653026,-0.004261494040881867,-0.006247615810653577,-0.00793010284305769,-0.0011130128427165637,-1.3530781016773035,False,0.6920500239874884,0.2079305134555545,tum_fr1_desk,3
394,1,random,medium,near,0.0005500932278168003,-0.0019921767066504556,0.0006551494509670912,-0.002533344672208579,-0.002542269934467256,-3.6149540696455698,True,0.38319514691144835,0.005275273840884946,tum_fr1_desk,3
1561,8,overlap_top,high,near,5.199384273034467e-05,-0.004083485566903346,4.068506209175909e-05,-0.0030392037478678374,-0.004135479409633691,-77.05584944428104,True,0.5887483135499564,0.04464590912721801,tum_fr1_desk,3
3973,8,random,medium,near,-0.007791704578934704,-0.005805698370048297,-0.009998997807242987,-0.007606692912439335,0.001986006208886407,-0.7450171261133527,False,0.36605507813917737,0.09370810571464966,tum_fr1_desk,3
216,1,high_utility,medium,medium,0.01022697783947628,0.008189494576684584,0.008083983735680336,0.007222054720684757,-0.002037483262791695,0.8006953774455895,False,0.24942211744401757,0.304685991074626,tum_fr1_desk,3
4427,4,random,high,medium,-0.009531114021784474,-0.010760085330741784,-0.005453402344503134,-0.00608862274237718,-0.0012289713089573102,-1.1288246559106336,False,0.5503702720949672,0.47172454130601693,tum_fr1_desk,3
1224,8,random,medium,far,-0.0018088018534132286,-0.003408193966741857,-0.001461319973450084,-0.0026813830077624984,-0.0015993921133286284,-1.8831862506462307,False,0.4601666344502408,1.2653604722082143,tum_fr1_desk,3
2527,1,overlap_top,high,far,-0.004665740042386045,-0.00460441584330627,-0.009277690421240381,-0.010139782756920184,6.132419907977477e-05,-0.9866450244681061,False,0.7766833582941602,0.8839525718446763,tum_fr1_desk,3
1126,1,random,medium,medium,0.004747147537178817,0.002427091239357331,0.00470852466346772,0.001975908649976463,-0.0023200562978214863,0.5111659274175426,False,0.14816600931511478,0.3430639292105272,tum_fr1_desk,3
2395,8,high_utility,medium,near,-0.008310890523740734,-0.009472454407197965,-0.015047198316085803,-0.01901710624864566,-0.0011615638834572297,-1.1396269452951029,False,0.4923206037673919,0.1363544770584827,tum_fr1_desk,3
3628,8,spatial_knn,medium,near,0.003369530002409115,0.0009748641252340625,0.002291156298422624,0.0006422757181143346,-0.0023946658771750525,0.28923170081182187,False,0.401705312735626,0.00606440108267407,tum_fr1_desk,3
3392,8,spatial_knn,medium,far,0.009332464524926698,0.0066535997288741785,0.007574151567684442,0.005580145308370327,-0.0026788647960525195,0.7128756648835535,False,0.45851939838499656,0.7801020910952868,tum_fr1_desk,3
2755,2,random,medium,near,-0.0011562056812035029,-0.000957304308560095,-0.0016605838893414854,-0.0012444701869002075,0.0001989013726434079,-0.8272551060797516,False,0.24428257083823182,0.168209968138783,tum_fr1_desk,3
4260,1,high_utility,low,medium,0.008959604438399594,0.00872101023406836,0.017111381560820177,0.018341815349970085,-0.00023859420433123383,0.9732613791872698,False,0.09048460520137587,0.5285557684385441,tum_fr1_desk,3
271,8,spatial_knn,medium,medium,0.005984828977549625,0.008251288010589507,0.005026816890020186,0.006491222975818184,0.0022664590330398818,1.3784703909077063,False,0.21974999518993343,0.31378801391865846,tum_fr1_desk,3
1614,1,high_utility,high,near,0.007670002504073748,0.005673800752847146,0.003851028978903361,0.003039467428956096,-0.0019962017512266013,0.7396426672829306,False,0.6333120577464504,0.19370970533525697,tum_fr1_desk,3
1856,4,overlap_top,high,near,0.006104614395548547,0.0003700844895179311,0.003556381485861593,0.00022390761975509015,-0.0057345299060306155,0.060613799945792614,False,0.6298002421354904,0.1576503538421323,tum_fr1_desk,3
45,1,overlap_top,medium,medium,0.0037405340735735537,0.006168385674427541,0.002171181293310545,0.0035392790874030754,0.002427851600853987,1.648624749402881,False,0.2941264368472867,0.26828200631376853,tum_fr1_desk,3
4869,8,spatial_knn,medium,near,0.0017108169381120312,0.002966392992335323,0.002769245231984108,0.004744876518020986,0.0012555760542232917,1.7328914828982638,False,0.2687762459044092,0.050345733275756366,tum_fr1_desk,3
2577,2,spatial_knn,high,medium,0.007967932677381311,0.005644090468138213,0.004662265998736539,0.00347225068842831,-0.0023238422092430977,0.7082617831818515,False,0.582708948880586,0.3096355283847902,tum_fr1_desk,3
4253,8,overlap_top,low,near,0.005130068021978356,0.0067950587220610556,0.006769808309629341,0.008183669609636233,0.001664990700082699,1.3242971430032073,False,0.07114361820401909,0.017978432423831056,tum_fr1_desk,3
883,2,high_utility,medium,far,0.006309869176347367,0.00562017986207808,0.005562709888725965,0.005134988182994895,-0.0006896893142692875,0.8905555962310333,False,0.45013563254744693,1.0005323722079755,tum_fr1_desk,3
1977,8,high_utility,low,medium,0.0030681185879332844,0.001767693922128037,0.0037270400837492983,0.001961081524588081,-0.0013004246658052474,0.5759614271921586,False,0.06741644734461243,0.5011733842241055,tum_fr1_desk,3
2292,2,high_utility,high,near,0.005300477302651896,0.0026413841227991446,0.0038976504236463852,0.0023809430912340133,-0.0026590931798527516,0.4982354864516492,False,0.6647379926574805,0.01274574970947021,tum_fr1_desk,3
753,4,random,medium,medium,-0.00011607649934145588,-0.0003339626838509606,-7.212911827193527e-05,-0.00020065345514004202,-0.00021788618450950471,-2.852516822158749,False,0.3325288012003593,0.535210147300646,tum_fr1_desk,4
167,1,overlap_top,low,medium,-0.0014473984875394866,-0.0009507638725595912,-0.0009687526754392018,-0.0006104052045734891,0.0004966346149798954,-0.6564242373483363,False,0.057500202966899575,0.2598564425428079,tum_fr1_desk,4
3081,4,random,medium,near,0.006901746347693977,0.00224080887040531,0.008234135924425297,0.003144151421456883,-0.004660937477288667,0.324625700776895,False,0.3886564470883193,0.026968791576747135,tum_fr1_desk,4
914,2,overlap_top,medium,medium,0.00465518416235039,0.002071866845440194,0.003467489101429642,0.0016092789857937025,-0.002583317316910196,0.44497098336298163,False,0.44361004455277203,0.27505122267892623,tum_fr1_desk,4
2493,2,random,high,far,0.004631338393389146,0.0013582820548038864,0.0034214932551501786,0.0009454921837875206,-0.00327305633858526,0.29321736441843355,False,0.5370428104748131,1.387360623788521,tum_fr1_desk,4
1226,8,high_utility,low,medium,0.002351219442108065,0.0030840870245637643,0.0032200270109519207,0.004543083005662396,0.0007328675824556993,1.311139160468718,False,0.050300625691590106,0.2923021478444959,tum_fr1_desk,4
1918,8,overlap_top,medium,medium,-0.001475003679135268,-0.0004854199737368164,-0.0011626553361531288,-0.00043802357883261623,0.0009895837053984515,-0.3288745011944718,False,0.31170081388640836,0.2797700736109701,tum_fr1_desk,4
364,2,overlap_top,medium,medium,-5.561086342642475e-05,0.00048282252236385415,-2.9781844366285243e-05,0.00026592980461743993,0.0005384333857902789,8.528796297045751,True,0.11323908079025867,0.37176358965208384,tum_fr1_desk,4
2203,8,spatial_knn,high,near,-0.00010450469287470125,-0.015467021875736182,-6.958158420843308e-05,-0.00941106739565618,-0.015362517182861482,-146.6003213156122,False,0.7454605784492958,0.10102826897249208,tum_fr1_desk,4
1801,2,overlap_top,medium,medium,-0.0006344800266855463,-0.002486116023418649,-0.0005663752667306622,-0.002604538265276333,-0.0018516359967331027,-3.912185936646047,False,0.23736904682294782,0.55350065741926,tum_fr1_desk,4
2530,1,random,medium,medium,0.007040111948581728,0.0034608618137332995,0.004018320061954613,0.0017513651961375723,-0.0035792501348484284,0.49152205489793577,False,0.14939702767786153,0.21413720003966513,tum_fr1_desk,4
4133,2,random,high,near,-0.007526724118294267,-0.010732057262989862,-0.014228787408148832,-0.017904760273350563,-0.003205333144695596,-1.4256709058861838,False,0.6994015013474689,0.056264465196015065,tum_fr1_desk,4
1024,2,spatial_knn,medium,far,-0.008782226885025163,-0.010524741626365951,-0.008431068975961943,-0.009785666654357842,-0.0017425147413407877,-1.1982773261055069,False,0.47654450865849224,1.061882734845135,tum_fr1_desk,4
4922,4,random,high,near,0.0013580086704119557,-0.0010838332163572737,0.0012945799337137154,-0.0009190826874668517,-0.0024418418867692294,-0.7975175140190472,True,0.7166390860070733,0.09632486822664728,tum_fr1_desk,4
4239,4,high_utility,medium,medium,0.010385295876485562,0.008473044489496356,0.005636931230464693,0.004776241357412064,-0.001912251386989207,0.8157907872313958,False,0.2590807092456026,0.3036178102925436,tum_fr1_desk,4
4029,8,spatial_knn,medium,far,-0.0002994892132762261,0.00016872345833827138,-0.0002226558776111181,0.00014162900413033184,0.0004682126716144975,0.5614958903139446,True,0.19667067014441414,0.6047453775199846,tum_fr1_desk,4
2612,8,overlap_top,medium,far,0.005260767630898491,0.004906032267519102,0.003626617420379664,0.003352622094219637,-0.0003547353633793894,0.9323924224075543,False,0.15978281529792399,0.8828527179282448,tum_fr1_desk,4
2928,8,spatial_knn,medium,medium,-0.0005582551164203561,-0.0016053659168618645,-0.000571449897666018,-0.0016908338576895547,-0.0010471108004415084,-2.8705431022918244,False,0.17915074664775654,0.5754935187470619,tum_fr1_desk,4
600,2,overlap_top,medium,medium,-0.001946977382928759,-0.006307285478446681,-0.0019059993384521123,-0.007106214646527186,-0.004360308095517922,-3.237863813882561,False,0.15813674949941517,0.23854306555678934,tum_fr1_desk,4
2063,8,random,high,near,0.0064656829616510985,0.0005997862914492924,0.003347686091333852,0.00032726515144753467,-0.005865896670201806,0.09275022372461454,False,0.7901369017867937,0.19241409434075848,tum_fr1_desk,4
58,4,overlap_top,medium,far,0.004517403983019997,0.0049907120362906055,0.003018639573705295,0.0031417958086271485,0.0004733080532706084,1.1045298417418021,False,0.28494282746273686,0.8817349682797276,tum_fr1_desk,4
4785,2,spatial_knn,low,medium,0.009015712749814511,0.008265031762762855,0.013417019566882637,0.01142527982632721,-0.0007506809870516555,0.9166346973771435,False,0.054678094551752925,0.5252983239293544,tum_fr1_desk,4
1098,4,high_utility,medium,near,-0.004071375523286682,-0.005332977962866424,-0.0029386261814909184,-0.003403578819190921,-0.001261602439579742,-1.3095496553231296,False,0.3228182132057835,0.15252042653852182,tum_fr1_desk,4
1840,1,spatial_knn,low,near,0.002414935968271215,0.0026717192255959377,0.0023116202603998106,0.0026145985835754376,0.00025678325732472285,1.1058733595111607,False,0.0923420485634142,0.17283907220259917,tum_fr1_desk,4
2691,8,random,medium,near,0.001533817456678352,0.0014365170258124646,0.001036045133696947,0.0009773318359739907,-9.730043086588749e-05,0.9359530148434532,False,0.10671089367460765,0.03514268278666838,tum_fr1_desk,4
240,2,overlap_top,high,far,0.00023386086633097702,-0.0008055802777912902,0.0001427996961914208,-0.0004934457330116627,-0.0010394411441222672,-3.4300319605226544,True,0.6019776120429907,0.8298074047401859,tum_fr1_desk,4
3841,8,random,medium,near,0.005682068722680067,0.0034071556740448406,0.004942593655593003,0.0034217878135652403,-0.0022749130486352264,0.5995274455238448,False,0.2181416419155852,0.06349582095184406,tum_fr1_desk,4
1496,2,spatial_knn,medium,medium,0.001066244667496584,-0.002606405705535031,0.0010990841508753343,-0.003021638101235075,-0.003672650373031615,-2.442181989673304,True,0.48405718814461346,0.3500313248323939,tum_fr1_desk,4
4950,4,random,high,near,0.001351138878007706,-0.0017229937171990665,0.0017903231138965067,-0.002055469539007782,-0.0030741325952067726,-1.2742727431503136,True,0.7924759841685254,0.17669617434290258,tum_fr1_desk,4
253,1,high_utility,high,far,-0.001900329764625576,-0.0028022840943141315,-0.0019307923650888142,-0.0025893772851280634,-0.0009019543296885554,-1.4738548496167776,False,0.7065064498619664,1.057544030283226,tum_fr1_desk,4
3938,2,high_utility,low,near,0.006797213544982937,0.0061288522688106185,0.010469534780059813,0.00843833757251142,-0.0006683612761723191,0.9015386510377708,False,0.079015241119001,0.16131341499180593,tum_fr1_desk,4
1921,1,spatial_knn,medium,medium,0.01076221024904071,0.009856807735298165,0.006575200358915104,0.005776866402437992,-0.0009054025137425442,0.9157869731455512,False,0.21319776001027624,0.43132065199930125,tum_fr1_desk,4
1648,4,high_utility,low,near,0.0028463417895778654,0.0020937359293119458,0.0020565079241561318,0.0014072467958210805,-0.0007526058602659196,0.7353300320234312,False,0.006207718669939588,0.19347456682790154,tum_fr1_desk,4
2778,2,high_utility,high,near,-0.0008624240310721363,-0.0020373903848256267,-0.0004995944029096372,-0.0011603673818261723,-0.0011749663537534904,-2.3596637474819246,False,0.7095253795137407,0.16665876041390726,tum_fr1_desk,4
1102,1,spatial_knn,medium,medium,0.00022927656356960813,-0.002122303414933048,0.00011820430028330042,-0.0010160524032116873,-0.002351579978502656,-9.216323980323411,True,0.38737045260783254,0.5344952921015063,tum_fr1_desk,4
3651,1,spatial_knn,medium,near,-0.0003840839277064736,-0.0010438599243978812,-0.0002142534282508324,-0.0005834409936254997,-0.0006597759966914076,-2.710733555188917,False,0.21383606566120364,0.09753073242727082,tum_fr1_desk,4
1179,1,high_utility,high,near,-0.004347996556783957,-0.005577575642287589,-0.003609152976259251,-0.0050269124668412025,-0.0012295790855036313,-1.282497139158959,False,0.6954720863258842,0.08142404212043285,tum_fr1_desk,4
4089,1,overlap_top,high,near,-0.005997112845647754,-0.006404845865798232,-0.003976528843899313,-0.004352832867412386,-0.0004077330201504778,-1.0678101647329967,False,0.5466690250241711,0.09133061314986575,tum_fr1_desk,4
4899,8,spatial_knn,high,near,0.0004589401699193474,-0.003775413122853878,0.00026464496760233167,-0.002305756522660287,-0.0042343532927732255,-8.208487472437804,True,0.5623725308357148,0.06051115327388716,tum_fr1_desk,4
3977,2,high_utility,low,medium,0.0029442198999176097,0.0012471299189770492,0.002716858221996695,0.001274851553042747,-0.0016970899809405605,0.4234420387462195,False,0.056800863604312204,0.2343997374157404,tum_fr1_desk,4
4988,1,high_utility,medium,near,0.005225639193969208,0.0044398440974984365,0.003298236768123584,0.002870657782201394,-0.0007857950964707709,0.849464432636058,False,0.23494113068674896,0.1612040560484401,tum_fr1_desk,4
2773,2,spatial_knn,medium,far,-0.0025008061675490115,-0.0014061952511969984,-0.0020256674509777635,-0.0011354525116852115,0.0010946109163520131,-0.5620720219802761,False,0.216586985937386,2.1947724728439844,tum_fr1_desk,4
2882,4,random,low,far,-0.00028467419567371503,-0.0012519553059683387,-0.0002838692077993742,-0.0010937747332489885,-0.0009672811102946235,-4.382458496175373,False,0.0028292989625796853,0.8026655036881893,tum_fr1_desk,4
2791,8,overlap_top,high,far,-0.0014975515721358992,0.0016967307233898329,-0.0014081692892888816,0.0015347698751265247,0.003194282295525732,1.1322471344589544,True,0.6399933380444279,0.823710858678276,tum_fr1_desk,4
757,1,high_utility,high,near,0.004394192130522366,0.002482274499367619,0.0022583361834963163,0.001318032803736578,-0.0019119176311547476,0.5647704185966045,False,0.777121478886917,0.026217212650030863,tum_fr1_desk,4
2542,8,high_utility,medium,medium,0.00789706306544194,0.005703453253735745,0.007672510342903333,0.00687940598576444,-0.002193609811706194,0.722133161824355,False,0.4050973388361163,0.27049796470225457,tum_fr1_desk,4
3628,1,spatial_knn,high,medium,-0.007353427920590468,-0.008370340845485394,-0.0051813826751151626,-0.00526067195055119,-0.0010169129248949254,-1.1381362270273445,False,0.7560404427156828,0.23835720766900156,tum_fr1_desk,4
2399,8,overlap_top,medium,medium,0.004687970081351203,0.003436445460241822,0.003920518689944127,0.0034917177554748104,-0.0012515246211093811,0.7328785214282182,False,0.4855378241812323,0.2495936856528924,tum_fr1_desk,4
2132,2,random,low,near,0.0006225092416264053,0.0017400899738720303,0.0007069580333408244,0.0022139420204883744,0.001117580732245625,2.790800613208326,False,0.06771408576980109,0.014283510151936463,tum_fr1_desk,4
4251,4,random,medium,near,0.0019462872667460245,-0.0025741228455480776,0.0011364685739774756,-0.0014480491968555328,-0.004520410112294102,-1.3219019553542886,True,0.354916517282783,0.027316848774164192,tum_fr1_desk,4
3162,1,high_utility,high,medium,-0.0001837406162461335,-0.0009326207347235435,-0.00017783803358438447,-0.0008328350452040799,-0.00074888011847741,-5.048271212222194,False,0.511643061101849,0.32698503664723116,tum_fr1_desk,4
515,1,random,high,near,3.2885292988020856e-05,-0.00019060674836492337,2.1662554744643814e-05,-0.0001288458278381976,-0.00022349204135294423,-5.625058293942058,True,0.7691739672408081,0.1160878489882055,tum_fr1_desk,4
4378,2,high_utility,high,near,-0.0014616678407663331,-0.003658747640955702,-0.0009423683502896564,-0.002415858124917515,-0.002197079800189369,-2.5014207183490003,False,0.5249823923270454,0.14586002004685267,tum_fr1_desk,4
2437,4,random,high,far,0.0012534766633899538,-0.0020319677058420063,0.0011755173689024596,-0.00197763968172864,-0.0032854443692319603,-1.6197732210904985,True,0.5086996218648057,0.8329935560286639,tum_fr1_desk,4
3039,8,high_utility,low,medium,0.0031578318471544866,0.0034065164465308124,0.0018592451398879485,0.0021111341794314816,0.00024868459937632596,1.0784101881204733,False,0.020003290280473696,0.4622285378835861,tum_fr1_desk,4
2575,8,high_utility,high,near,-0.006059960009040643,-0.02489389337072307,-0.008541597287902863,-0.0360878760090406,-0.018833933361682428,-4.107252536494362,False,0.6553041772488011,0.021782376971841325,tum_fr1_desk,4
4127,1,high_utility,high,medium,0.00509034246965021,0.00460023773338496,0.005197021515233182,0.006295422821846975,-0.0004901047362652497,0.9035412095743404,False,0.685154435716344,0.3556408429711976,tum_fr1_desk,4
4681,8,high_utility,medium,medium,-0.00029111514628250455,-0.001426828587958648,-0.00016791769136375093,-0.0008363036593824644,-0.0011357134416761434,-4.884473147375802,False,0.34798415831043616,0.38980662098926494,tum_fr1_desk,4
1256,2,high_utility,medium,medium,0.0008444867466542326,-0.00024827422514991297,0.0004903566016569459,-0.00013979937777990582,-0.0010927609718041455,-0.2936465014175395,True,0.3050125752712378,0.2085078985658709,tum_fr1_desk,4
2841,8,overlap_top,medium,far,0.002648615243416866,0.0028938693230415083,0.0027932921449115244,0.002855524156381556,0.00024525407962464225,1.092184735210709,False,0.4307973205960478,0.6671457214477144,tum_fr1_desk,4
245,4,spatial_knn,low,near,0.007466795164486392,0.0063802086557503525,0.0038754939204206557,0.0035814591270784575,-0.00108658650873604,0.8543631038638912,False,0.016931051185630607,0.12316093469799141,tum_fr1_desk,4
2056,1,spatial_knn,medium,near,-0.006926325239207762,-0.00890941406682157,-0.007182339528011641,-0.009881231539695912,-0.001983088827613809,-1.286126139479556,False,0.4629744084721904,0.1359014793957309,tum_fr1_desk,4
2596,2,random,low,medium,-0.0022401538147897738,-0.0012721333598950397,-0.0013029011375802835,-0.0006743422224109197,0.0009680204548947341,-0.5676242975827918,False,0.04703681323570966,0.39198599669341516,tum_fr1_desk,4
2538,8,random,high,far,0.0001044057869353666,-0.008538975416703998,7.698879725040555e-05,-0.007409026344419505,-0.008643381203639364,-81.01049918577984,True,0.6918135936737582,0.6491583787141372,tum_fr1_desk,4
4561,4,random,low,near,0.002257215072990909,0.0027254709527272246,0.0018776178501551766,0.0024930134273562802,0.00046825587973631575,1.2069138078674921,False,0.0852954182443388,0.12720217990585195,tum_fr1_desk,4
4812,1,spatial_knn,medium,medium,-0.005726009928811302,-0.0019491162957176204,-0.009469492949858464,-0.002602148811801608,0.0037768936330936816,-0.34033750944136726,False,0.47921010969168987,0.5819407241910399,tum_fr1_desk,4
3251,1,overlap_top,high,near,-0.0016359244132643442,-0.0025110001364202087,-0.0010601464488954344,-0.0016293636598141185,-0.0008750757231558643,-1.5339743949525368,False,0.614459188648496,0.05384495087155669,tum_fr1_desk,4
2228,4,random,medium,medium,0.007615884733008415,0.0047496465556361315,0.005624107074118512,0.0033412983207273994,-0.0028662381773722836,0.6235681281946064,False,0.15470612759905997,0.51802623247957,tum_fr1_desk,4
1840,1,high_utility,medium,medium,0.004898467320182846,0.004468986544200648,0.002868168151873236,0.0026280580298107667,-0.0004294807759821971,0.9121372288352906,False,0.4987454347546888,0.31018139495021985,tum_fr1_desk,4
4908,4,spatial_knn,high,near,0.005832133560043506,0.0014439236160544919,0.006067590918377069,0.0015517893879816154,-0.004388209943989014,0.24753824015710046,False,0.7955448020342107,0.01171814745081099,tum_fr1_desk,4
1772,1,random,medium,medium,0.00969771993844867,0.007842497143256683,0.007054675642386116,0.006057629707150175,-0.0018552227951919868,0.808611568642852,False,0.40631536762502213,0.4985445637746792,tum_fr1_desk,4
2410,8,spatial_knn,medium,medium,0.0021624760239355853,0.0023819339802263646,0.0011995358101076197,0.001298180693336062,0.00021945795629077914,1.1009754459369425,False,0.3453735080212889,0.30157798678253805,tum_fr1_desk,4
2365,2,spatial_knn,medium,near,-0.0017990106599388763,-0.004219041545721981,-0.0009085013598251739,-0.002086237703819671,-0.0024200308857831045,-2.34389808883979,False,0.15621866659772865,0.013022214699526554,tum_fr1_desk,4
2963,1,spatial_knn,high,medium,0.006234199727345826,0.005678774699884465,0.006508320803862876,0.006222793264670464,-0.0005554250274613611,0.9107606729867789,False,0.5718847793603273,0.390701234883718,tum_fr1_desk,4
105,1,random,high,medium,-0.006283024592421962,-0.005634821816507709,-0.00429650692962296,-0.0038865922451511827,0.0006482027759142539,-0.8966899689257835,False,0.6770211637357003,0.3327821427776566,tum_fr1_desk,4
4355,1,overlap_top,medium,near,-0.004686212079594226,-0.0038437680787970574,-0.0031039818537015704,-0.0027706009776224494,0.000842444000797168,-0.8200542270171428,False,0.3160610603105541,0.05848910354300842,tum_fr1_desk,4
1707,8,random,low,near,0.0064498042025041965,0.008981425612470655,0.008709158472387854,0.010640366381748903,0.0025316214099664596,1.3922954922401882,False,0.024153612269750904,0.03339140895278342,tum_fr1_desk,4
99,8,spatial_knn,high,near,-0.002032561461705544,-0.0037441002266993028,-0.0027374214775546676,-0.005630497271919574,-0.0017115387649937587,-1.841154200256693,False,0.6531630844804466,0.07530671578614459,tum_fr1_desk,4
2285,8,spatial_knn,high,medium,0.0012642366711140486,-0.009890254391333283,0.0009161460798923915,-0.007364486895729007,-0.011154491062447331,-7.8169204364151526,True,0.6319296013622764,0.510983884271062,tum_fr1_desk,4
3933,4,overlap_top,medium,medium,-0.0006499783183656527,-0.0015844310432540898,-0.0008699871415647881,-0.002114732251359951,-0.0009344527248884371,-2.433922910415765,False,0.15921415361198968,0.46388362497554625,tum_fr1_desk,4
4728,2,overlap_top,medium,near,0.002966521990529964,0.00022314275939234627,0.0017789229516662313,0.00012675059149533586,-0.002743379231137618,0.07519498089801707,False,0.2089014778891647,0.030843533635019554,tum_fr1_desk,4
1836,8,overlap_top,high,near,0.0031247542221957665,0.0007801872075342844,0.0015837087723683438,0.00040218434189191033,-0.002344567014661482,0.24959966525654143,False,0.5008476251542633,0.00931359748115853,tum_fr1_desk,4
2264,8,overlap_top,medium,medium,0.0039037792287396635,0.005995126679912986,0.005740808544698427,0.0084492248457391,0.0020913474511733226,1.5353305087745048,False,0.45147137854573877,0.472384123563858,tum_fr1_desk,4
1308,8,high_utility,high,medium,0.0029285834468448227,0.004919295325102563,0.0018758743177013945,0.003057859268860195,0.00199071187825774,1.6791791100542537,False,0.7507696424997351,0.46719662690384595,tum_fr1_desk,4
3792,4,high_utility,medium,near,0.009119769227705835,0.010947308524288352,0.004605079854581748,0.005619583617792888,0.0018275392965825176,1.2002615405545076,False,0.3793281396145003,0.18925614313207673,tum_fr1_desk,4
3924,1,random,medium,near,0.008677852277683782,0.011686782405563267,0.012768093032585104,0.019505478864579665,0.0030089301278794856,1.346581556136619,False,0.17334931496431416,0.05579892857068424,tum_fr1_desk,4
2788,1,random,medium,near,-0.0017299539021072177,-0.006729903123236203,-0.002900239601619549,-0.007736016676402176,-0.004999949221128986,-3.8879736283233175,False,0.26957183027746384,0.10521355446938603,tum_fr1_desk,4
3044,8,random,medium,far,-0.0023644025942151535,-0.003603720399161454,-0.0015537291459188352,-0.0021538049616645397,-0.0012393178049463003,-1.5235124912667042,False,0.32160677732068915,0.946185324134028,tum_fr1_desk,4
2774,4,overlap_top,medium,far,0.0010510087686747137,-0.001721969210131721,0.0005888469929097094,-0.0009600263392566626,-0.0027729779788064346,-1.636839217890742,True,0.1625231497519745,0.7562350901457057,tum_fr1_desk,4
2007,1,overlap_top,high,near,-0.0009681266859063006,-0.0017395622496146055,-0.0005490190563479305,-0.0010094577490522632,-0.0007714355637083048,-1.7949792064469,False,0.5489999486860059,0.11486640396641427,tum_fr1_desk,4
1388,8,high_utility,medium,near,0.010446042476131064,0.009695938144711218,0.006061384301390557,0.005592847001115898,-0.0007501043314198466,0.9281036395577088,False,0.13010263705257366,0.1473310519026119,tum_fr1_desk,4
2099,2,random,high,near,0.009779724341098906,0.009117767265481636,0.015277267312021118,0.015204262324646148,-0.0006619570756172714,0.9322179981260178,False,0.7327125077893626,0.09760090984832713,tum_fr1_desk,4
307,2,overlap_top,medium,medium,-0.0035155819552645778,-0.005393330920101531,-0.005428805843117875,-0.008956272847782977,-0.0018777489648369534,-1.5336855471340074,False,0.4393245526321914,0.38388183156557587,tum_fr1_desk,4
2234,4,spatial_knn,high,far,0.006584656170306963,0.0043574377521785265,0.004227826695192955,0.002999766743678031,-0.0022272184181284372,0.6616558228206776,False,0.73105183866897,1.0308497468065536,tum_fr1_desk,4
3608,8,spatial_knn,medium,near,-0.007895093467448561,-0.004841459235363776,-0.004345990360599681,-0.0027070638431965087,0.003053634232084785,-0.6131461405975709,False,0.49494136725509197,0.1759950733909348,tum_fr1_desk,4
2504,4,spatial_knn,medium,near,-0.0011843823710321667,-0.0023142078365222087,-0.0008259915133694895,-0.0015243674857260616,-0.001129825465490042,-1.9522880490513135,False,0.3448656371867924,0.15391640342852572,tum_fr1_desk,4
2954,4,high_utility,low,near,-0.0026261371873952666,-0.002192085550984169,-0.004009729701027325,-0.003504540018391664,0.0004340516364110974,-0.8344008685582046,False,0.08572535754153875,0.14913982201312304,tum_fr1_desk,4
3227,8,random,high,near,0.0017299669862623486,-0.001996730286920635,0.0023588749151018176,-0.0027858428912161466,-0.0037266972731829838,-1.153534586602455,True,0.5661621036397471,0.15620610263787316,tum_fr1_desk,4
2654,4,spatial_knn,low,near,-0.0011288652186588815,-0.000898940873240944,-0.0013073199973066786,-0.0009286178838732997,0.00022992434541793753,-0.7956177944020276,False,0.06797586994579943,0.033786590569720644,tum_fr1_desk,4
1928,4,overlap_top,high,medium,0.0009929004996151324,-0.0032230026827948966,0.0005042987987501062,-0.0015974679987756542,-0.004215903182410029,-3.242782033053549,True,0.742114164406876,0.5163490786860516,tum_fr1_desk,4
458,1,overlap_top,medium,medium,0.00916816804408939,0.004448841962989792,0.005143788848107608,0.00243957699237489,-0.004719326081099597,0.4851958151053406,False,0.23720760011370487,0.21408979993446395,tum_fr1_desk,4
3083,2,spatial_knn,medium,near,0.009880862638706892,0.008743140150294364,0.006400212461372857,0.00571872214779248,-0.0011377224884125282,0.8847664119563661,False,0.40191882227482856,0.1240550529563596,tum_fr1_desk,4
3999,2,random,high,near,0.0029385472406396242,0.003166204444719934,0.003626660536726063,0.003223291883290179,0.00022765720408030998,1.0771061614342319,False,0.5140639326436326,0.18379255594767624,tum_fr1_desk,4
4930,1,spatial_knn,high,medium,0.00022610056324821426,-0.0003067364154806317,0.0001416662190797476,-0.00020239941103035504,-0.000532836978728846,-1.3506633849488863,True,0.786593149177919,0.4957980378612432,tum_fr1_desk,4
1561,4,high_utility,medium,near,0.008214134466634139,0.00866847044441834,0.005057058683158888,0.0052797023512009735,0.0004543359777842012,1.0551830258683448,False,0.3228715766121181,0.1554430500541894,tum_fr1_desk,4
209,4,random,medium,medium,-0.003123753750381951,-0.004083208614408518,-0.0038158631915211055,-0.005021314321905247,-0.000959454864026567,-1.3067297267534796,False,0.4629605181537939,0.31222105088525814,tum_fr1_desk,4
2163,1,random,medium,near,0.01200508985036443,0.012802898975927504,0.006129023943131619,0.006271399609485117,0.0007978091255630738,1.0663670799980636,False,0.33206250320623926,0.04843667628025118,tum_fr1_desk,4
3453,2,overlap_top,medium,medium,0.0017708532611930947,0.004466587252597301,0.002258639588564604,0.004945903101006019,0.002695733991404206,2.5208561851164135,False,0.35299670114494197,0.3336118581118577,tum_fr1_desk,4
1570,2,overlap_top,medium,medium,0.00634563768609097,0.0024664504704305355,0.004702980698389951,0.0019077849612801178,-0.0038791872156604345,0.38862317220910636,False,0.20204363792688407,0.41048024404324573,tum_fr1_desk,4
4625,4,spatial_knn,medium,near,1.3259840409444133e-05,0.0006317770966560415,9.306979657427327e-06,0.0004081371580080184,0.0006185172562465974,44.30464006018065,False,0.27621959553485737,0.1246072829080963,tum_fr1_desk,4
3758,8,overlap_top,high,near,-0.0012165716357991083,-0.0014285261976805875,-0.0006868054737250608,-0.0008074382218750908,-0.00021195456188147915,-1.1732584397328105,False,0.6797402459208999,0.17267091847076343,tum_fr1_desk,4
2953,2,spatial_knn,high,far,0.0019135993196935195,0.0022644730625735305,0.0010078952925775685,0.0012420337406303596,0.000350873742880011,1.18273992854861,False,0.6560474925970029,1.6284397770817776,tum_fr1_desk,4
4925,2,random,high,near,0.0053563506835267675,0.004975386613000992,0.005233400301431583,0.004610784214153281,-0.00038096407052577545,0.9287028060902807,False,0.6587606465516589,0.050264503596415405,tum_fr1_desk,4
2311,4,overlap_top,high,near,0.0008673626380858099,-0.006481077989105813,0.0006336188905001813,-0.004398098920511633,-0.007348440627191623,-7.463561540824106,True,0.5362109494620734,0.18681303472749786,tum_fr1_desk,4
319,2,spatial_knn,high,medium,0.004321828969221782,0.004658245158255379,0.006635451311483582,0.00741517932051949,0.0003364161890335982,1.0775918250344243,False,0.7686844614278239,0.3327674414920913,tum_fr1_desk,4
998,1,high_utility,high,medium,-0.005179236946042017,-0.006780479796862857,-0.009914950470396734,-0.013078916092651589,-0.00160124285082084,-1.3089130608289092,False,0.5893779412011172,0.35155495955335986,tum_fr1_desk,4
130,2,overlap_top,low,near,-0.0009356419361117268,-0.0003103874573156649,-0.0009488855955159468,-0.00038347623870826724,0.0006252544787960619,-0.3313832590116278,False,0.062118332282632596,0.14912355270611632,tum_fr1_desk,4
3631,2,high_utility,medium,medium,0.009626666368497714,0.007548259409030156,0.011067895085287502,0.00899293966702195,-0.002078406959467558,0.7840175510992469,False,0.27505799300700196,0.2855996213340979,tum_fr1_desk,4
3797,2,high_utility,medium,near,9.444922573002899e-05,-9.254762914878375e-05,8.307121429656017e-05,-7.376446863313404e-05,-0.00018699685487881274,-0.9696006273591764,True,0.48442341991301774,0.19894725596116458,tum_fr1_desk,4
4787,2,spatial_knn,medium,medium,0.002910477979474241,0.0036247947563208182,0.0021966143031484863,0.002453416989051541,0.0007143167768465769,1.2450016046404682,False,0.34990659399439183,0.5196437081795899,tum_fr1_desk,4
556,1,high_utility,medium,near,-0.00099197227445132,-0.003521016481440419,-0.0017103085184543537,-0.00614589551875404,-0.002529044206989099,-3.545936348913673,False,0.24895395548350124,0.17917652424125063,tum_fr1_desk,4
4723,8,spatial_knn,medium,near,0.008013891146627821,0.003362279662841843,0.00527485429891322,0.0020761346948825923,-0.004651611483785978,0.4195040957301692,False,0.40205358143151804,0.05793884707610618,tum_fr1_desk,4
2749,4,spatial_knn,high,medium,-0.002881590786515775,-0.0031638102877896905,-0.002012268566258278,-0.0021291877392491925,-0.0002822195012739154,-1.0975578991612018,False,0.7865727893229967,0.3023775696486767,tum_fr1_desk,4
2768,2,random,medium,near,0.011607197632766433,0.009320029994868015,0.015405210058833467,0.017673130050667403,-0.002287167637898417,0.8028834699161554,False,0.156671393515387,0.1992240767285944,tum_fr1_desk,4
3373,4,spatial_knn,low,near,-8.752975056802118e-06,0.0009652251867569251,-1.036613219708287e-05,0.0011308647968085303,0.0009739781618137273,98.96725677399719,True,0.08905145718204013,0.07152490116647355,tum_fr1_desk,4
4327,1,random,high,near,-3.163805415629757e-05,-0.0009028979995671692,-1.71262312979905e-05,-0.000494646628606412,-0.0008712599454108716,-27.66396535906702,False,0.6098281561853796,0.011981260817281004,tum_fr1_desk,4
1238,1,high_utility,medium,medium,0.005261780125733426,0.006653316429452221,0.006425125380342677,0.007456061154709505,0.0013915363037187945,1.26422086245243,False,0.4280589998233717,0.47908828886100907,tum_fr1_desk,4
92,1,overlap_top,high,near,-0.007090717757646053,-0.006628143201535773,-0.007470195710976682,-0.007310251120410146,0.00046257455611028054,-0.9346315558581741,False,0.7853817739053273,0.15882040956302654,tum_fr1_desk,4
3597,2,overlap_top,high,medium,-3.263462551580335e-05,-0.0017028627117707485,-3.123318417621838e-05,-0.0018027042144975283,-0.0016702280862549452,-50.62826434534413,False,0.5186984605744491,0.25306928579000104,tum_fr1_desk,4
1571,8,high_utility,medium,far,0.008097465112833147,0.007665287230305909,0.005025688611468771,0.004759543963162784,-0.0004321778825272382,0.9465111133416124,False,0.49434756440903493,0.869936918953641,tum_fr1_desk,4
4841,2,random,low,near,0.004295606707048044,0.0029536579028722446,0.0025718310640258997,0.0016045236620557425,-0.0013419488041757992,0.6874396714102642,False,0.06511225330638633,0.0034495596412362542,tum_fr1_desk,4
452,8,overlap_top,high,medium,-0.004550950402000463,-0.007106759146713654,-0.0055857641904054015,-0.00881717062609301,-0.0025558087447131914,-1.5612558396045835,False,0.712983552825174,0.2026322303146503,tum_fr1_desk,4
1859,4,random,medium,far,0.0026195340826053555,0.002849456546698905,0.0025763701371377045,0.0026495246458441844,0.00022992246409354942,1.087357178680902,False,0.3748304361725514,1.3578864436746354,tum_fr1_desk,4
388,2,overlap_top,medium,medium,0.0020327432890226965,0.00033564734610392797,0.0013513584613366527,0.00020927385019266285,-0.0016970959429187685,0.16503919049941712,False,0.4915848065623859,0.3415258748955808,tum_fr1_desk,4
2271,4,spatial_knn,high,far,-0.004423638832087336,-0.008416711834711578,-0.008632193415210317,-0.015634361531611275,-0.003993073002624242,-1.9022370308902634,False,0.715190139005798,1.015276098980796,tum_fr1_desk,4
2144,8,overlap_top,high,near,-0.0033290135567437913,-0.011807740273601597,-0.005526640608752928,-0.01915212316869752,-0.008478726716857806,-3.5458535145267205,False,0.6269623910087803,0.035840248869923486,tum_fr1_desk,4
1234,4,random,medium,medium,0.0013926299072497756,0.0010973341278778834,0.0021152871772689126,0.0015655657293409406,-0.0002952957793718922,0.7873927806582383,False,0.3270511120587283,0.35405882372760716,tum_fr1_desk,4
542,4,high_utility,medium,medium,-0.002660134068226006,-0.00394415041425346,-0.0013868946550034923,-0.0020338988526117574,-0.0012840163460274539,-1.482131419587872,False,0.3735995356265762,0.5014471267195112,tum_fr1_desk,4
1150,1,random,medium,medium,0.004972051769786259,0.0028700709880986903,0.0029943894129552603,0.0016138854854275669,-0.0021019807816875687,0.5771246954507464,False,0.3818221060265883,0.45874151463674645,tum_fr1_desk,4
1242,8,spatial_knn,medium,medium,-0.005204613839409234,-0.0032567797488976154,-0.008438962825758494,-0.005688008240470593,0.0019478340905116189,-0.6256283791629106,False,0.12212238400048561,0.5326182199886884,tum_fr1_desk,4
4960,1,overlap_top,medium,far,0.001366679863261683,-0.0007355526168195746,0.0012954234009693454,-0.0006875216006821383,-0.0021022324800812576,-0.5378105188047495,True,0.1322595471844335,0.8218434724258179,tum_fr1_desk,4
560,4,high_utility,medium,medium,0.0004913347302068212,0.00019789098109938548,0.00034182770381641737,0.00015550877343802703,-0.0002934437491074357,0.4019439803002623,False,0.2503564938786868,0.2561088857434516,tum_fr1_desk,4
4107,4,high_utility,high,medium,0.0038048204861665935,0.003060244683483222,0.0029008938689519086,0.002388217250748071,-0.0007445758026833715,0.8040959090442147,False,0.7525736637112868,0.3267099849693404,tum_fr1_desk,4
4672,1,high_utility,low,near,-0.002751029001814412,-0.002558039360041482,-0.001964758406427842,-0.0016315770423469382,0.0001929896417729295,-0.9295103206961001,False,0.002972880217587193,0.09057401217347205,tum_fr1_desk,4
1149,4,random,low,near,0.0039354532890218,0.002062079259951297,0.005015353316457891,0.003329217884901613,-0.0018733740290705024,0.5238419228045049,False,0.03484854445793602,0.07348541198995852,tum_fr1_desk,4
1660,2,overlap_top,medium,near,0.0043475112617598335,0.006201529067157957,0.0022203109541402886,0.003108217651199786,0.001854017805398123,1.4261269418095541,False,0.14284228742793312,0.0003946494957736965,tum_fr1_desk,4
4733,8,spatial_knn,medium,medium,0.01116718347690031,0.011015711847212402,0.005866554535458385,0.005264577418666069,-0.00015147162968790872,0.9863476786530888,False,0.3727733985489094,0.3409289828062108,tum_fr1_desk,4
1775,8,spatial_knn,medium,near,-0.007654694909809679,-0.011832454749419779,-0.005211260859470685,-0.007842322784501941,-0.0041777598396101,-1.545575534137101,False,0.15100678234728315,0.019526971176455684,tum_fr1_desk,4
4111,2,overlap_top,medium,medium,-0.004907388318905112,-0.008838402576952972,-0.0024922922439682047,-0.004782758404264581,-0.00393101425804786,-1.8006730524785592,False,0.19556176820532967,0.5366573796927632,tum_fr1_desk,4
4942,8,random,medium,far,0.0021924007382348077,-0.001100630415415672,0.002992055488061804,-0.0022166999133132123,-0.0032930311536504796,-0.5017917593578595,True,0.40628963009279506,1.914363616674827,tum_fr1_desk,4
